date,tmax,tmin,prcp,heat_index
1991-01-01,20.6,6.1,0.0,19.41944444444444
1991-01-02,19.4,8.3,0.0,19.41944444444444
1991-01-03,18.9,11.1,0.3,18.394999999999996
1991-01-04,15.0,11.1,8.1,17.804166666666667
1991-01-05,15.6,11.1,7.6,14.796111111111108
1991-01-06,17.8,11.7,0.0,16.9625
1991-01-07,19.4,8.3,0.0,18.577777777777776
1991-01-08,17.2,8.3,0.0,17.501111111111115
1991-01-09,12.8,6.7,0.0,15.308611111111109
1991-01-10,17.2,5.6,0.0,16.215555555555554
1991-01-11,17.2,7.2,0.0,16.61
1991-01-12,21.1,6.7,0.0,19.971111111111107
1991-01-13,21.1,6.7,0.0,19.99722222222222
1991-01-14,22.8,7.8,0.0,21.546666666666663
1991-01-15,20.6,7.8,0.0,21.047777777777775
1991-01-16,20.6,7.2,0.0,18.658888888888896
1991-01-17,22.2,9.4,0.0,20.365555555555563
1991-01-18,19.4,6.7,0.0,18.632777777777775
1991-01-19,20.0,6.1,0.0,18.658888888888896
1991-01-20,18.9,7.8,0.0,18.146944444444447
1991-01-21,18.3,9.4,0.0,17.55611111111111
1991-01-22,18.3,6.7,0.0,17.057222222222222
1991-01-23,18.3,5.6,0.0,17.477777777777774
1991-01-24,19.4,5.6,0.0,18.12083333333333
1991-01-25,20.0,5.6,0.0,19.223611111111108
1991-01-26,21.1,7.2,0.0,20.391666666666673
1991-01-27,20.6,9.4,0.0,19.262777777777778
1991-01-28,20.6,6.7,0.0,19.262777777777778
1991-01-29,16.1,6.1,0.0,18.12083333333333
1991-01-30,17.2,2.2,0.0,15.693333333333332
1991-01-31,24.4,3.9,0.0,23.25333333333333
1991-02-01,23.9,11.7,0.0,22.64944444444444
1991-02-02,26.1,8.9,0.0,25.05138888888889
1991-02-03,23.9,8.9,0.0,24.434444444444445
1991-02-04,26.1,8.9,0.0,24.434444444444445
1991-02-05,27.2,10.0,0.0,26.21944444444445
1991-02-06,27.8,12.2,0.0,26.326606101278596
1991-02-07,27.2,14.4,0.0,26.24555555555556
1991-02-08,25.0,10.0,0.0,24.486666666666665
1991-02-09,25.6,11.7,0.0,24.499722222222225
1991-02-10,28.3,10.0,0.0,26.49263152332448
1991-02-11,27.2,16.1,0.0,26.350000000000005
1991-02-12,26.7,16.7,0.0,25.74611111111112
1991-02-13,26.7,12.2,0.0,26.28472222222222
1991-02-14,28.3,12.8,0.0,26.860912138817824
1991-02-15,27.2,13.3,0.0,26.860912138817824
1991-02-16,26.7,16.1,0.0,26.297777777777785
1991-02-17,22.8,11.7,2.0,24.53888888888889
1991-02-18,21.1,10.0,0.0,21.191388888888884
1991-02-19,22.2,7.8,0.0,20.287222222222226
1991-02-20,25.0,8.3,0.0,23.27944444444444
1991-02-21,27.8,10.0,0.0,26.180277777777786
1991-02-22,29.4,11.1,0.0,27.492323146882175
1991-02-23,27.2,14.4,0.0,26.402567621954876
1991-02-24,27.8,11.7,0.0,26.2325
1991-02-25,27.8,12.2,0.0,26.180277777777786
1991-02-26,27.8,12.8,0.0,26.19333333333333
1991-02-27,25.6,12.2,0.8,25.16888888888889
1991-02-28,18.3,13.9,11.4,23.42305555555555
1991-03-01,17.2,12.8,3.8,16.845
1991-03-02,20.6,10.0,0.0,19.458611111111107
1991-03-03,24.4,9.4,0.0,22.845277777777778
1991-03-04,27.2,11.1,0.0,26.323888888888895
1991-03-05,28.3,15.0,0.0,26.790513540817827
1991-03-06,20.0,13.3,0.0,26.46930769731553
1991-03-07,21.7,8.3,0.0,20.352500000000003
1991-03-08,23.3,7.8,0.0,22.05916666666667
1991-03-09,29.4,10.0,0.0,26.60759671219786
1991-03-10,25.6,15.0,0.0,26.25259387528676
1991-03-11,20.6,11.7,0.0,23.33166666666666
1991-03-12,21.7,7.8,0.0,20.96944444444445
1991-03-13,20.0,10.0,0.0,20.339444444444453
1991-03-14,18.9,10.6,0.0,18.593611111111116
1991-03-15,16.7,6.7,11.9,17.031111111111116
1991-03-16,16.1,5.0,0.0,13.565555555555555
1991-03-17,21.1,6.1,0.0,19.288888888888888
1991-03-18,26.7,8.9,0.0,25.62861111111112
1991-03-19,18.9,11.7,3.3,25.62861111111112
1991-03-20,20.0,8.3,7.1,18.776388888888896
1991-03-21,16.1,7.2,1.5,17.712777777777774
1991-03-22,19.4,8.3,0.0,18.264444444444436
1991-03-23,23.3,10.6,0.0,22.22888888888889
1991-03-24,26.7,11.7,0.0,25.16888888888889
1991-03-25,22.8,13.3,0.0,25.16888888888889
1991-03-26,16.7,10.0,13.2,20.522222222222222
1991-03-27,17.2,5.0,11.2,16.518611111111106
1991-03-28,16.1,6.7,0.0,14.98222222222222
1991-03-29,21.1,7.2,0.0,20.049444444444443
1991-03-30,24.4,10.0,0.0,22.64944444444444
1991-03-31,28.9,12.8,0.0,26.60759671219786
1991-04-01,27.2,15.0,0.0,26.402567621954876
1991-04-02,26.1,12.2,0.0,24.53888888888889
1991-04-03,30.0,14.4,0.0,27.7000363004978
1991-04-04,33.9,15.0,0.0,30.47971237560652
1991-04-05,34.4,17.2,0.0,31.71921145788158
1991-04-06,36.1,17.8,0.0,32.64028509457208
1991-04-07,32.2,17.8,0.0,31.75670158888891
1991-04-08,31.1,16.1,0.0,28.90615223644336
1991-04-09,32.2,16.7,0.0,29.28729902973239
1991-04-10,32.2,15.0,0.0,28.90624533892365
1991-04-11,23.3,13.9,0.0,28.992080294311172
1991-04-12,22.8,9.4,0.0,21.48138888888888
1991-04-13,25.6,10.0,0.0,24.447500000000005
1991-04-14,28.3,12.8,0.0,26.25259387528676
1991-04-15,31.1,13.9,0.0,28.15352873281462
1991-04-16,30.6,16.1,0.0,27.70383911904858
1991-04-17,30.6,15.6,0.0,28.130447855555552
1991-04-18,28.9,15.0,0.0,27.668524419964463
1991-04-19,31.1,15.0,0.0,28.32041565651366
1991-04-20,32.8,16.1,0.0,29.519918574424455
1991-04-21,28.3,15.6,0.0,29.55671771569561
1991-04-22,29.4,15.6,0.0,26.874074773695597
1991-04-23,28.3,16.7,0.0,27.299166898337837
1991-04-24,29.4,15.0,0.0,27.717770495484462
1991-04-25,28.3,16.7,0.0,27.324429869697802
1991-04-26,28.3,16.1,0.0,26.31083333333333
1991-04-27,30.0,15.0,0.0,27.947113327619444
1991-04-28,26.1,12.2,0.0,27.310249140015593
1991-04-29,29.4,12.8,0.0,26.895100364066156
1991-04-30,32.8,15.6,0.0,29.28729902973239
1991-05-01,34.4,17.2,0.0,30.87263397109104
1991-05-02,25.6,15.6,0.0,30.490748793241274
1991-05-03,26.7,13.3,0.0,26.21944444444445
1991-05-04,30.0,15.0,0.0,28.036665419365292
1991-05-05,33.9,16.7,0.0,29.84764431919676
1991-05-06,36.1,19.4,0.0,32.435787065478564
1991-05-07,37.2,20.6,0.0,34.16256487321474
1991-05-08,38.9,21.7,0.0,34.53389801944396
1991-05-09,35.6,23.9,0.0,34.53389801944396
1991-05-10,27.2,17.8,0.0,32.450584655555595
1991-05-11,28.3,14.4,0.0,26.850223308424454
1991-05-12,31.7,16.1,0.0,28.80472096989557
1991-05-13,35.6,17.8,0.0,31.91643738888892
1991-05-14,30.0,20.0,0.0,31.71921145788158
1991-05-15,32.8,17.8,0.0,29.93373941331559
1991-05-16,35.0,18.9,0.0,31.71921145788158
1991-05-17,36.1,20.6,0.0,33.0933687999645
1991-05-18,33.3,19.4,0.0,33.0933687999645
1991-05-19,34.4,18.3,0.0,32.123144788497775
1991-05-20,35.6,20.6,0.0,31.103087018904528
1991-05-21,34.4,19.4,0.0,30.71921831372028
1991-05-22,32.2,18.9,0.0,30.600931757478577
1991-05-23,35.6,20.0,0.0,31.890353110595566
1991-05-24,37.8,22.2,0.0,34.16256487321474
1991-05-25,39.4,23.3,0.0,35.606575721352186
1991-05-26,38.3,23.3,0.0,35.606575721352186
1991-05-27,37.2,21.7,0.0,34.13810030495181
1991-05-28,35.6,20.6,0.0,32.925675348217084
1991-05-29,36.1,20.6,0.0,32.75218689396645
1991-05-30,36.1,20.0,0.0,32.46390307266697
1991-05-31,28.3,19.4,0.0,31.71921145788158
1991-06-01,26.1,20.6,0.0,26.540786549457824
1991-06-02,31.1,18.9,0.0,28.814790013475562
1991-06-03,36.1,21.7,0.0,32.82951854444448
1991-06-04,39.4,23.9,0.0,35.88723762042444
1991-06-05,36.7,23.9,0.0,35.484361514705796
1991-06-06,37.8,22.8,0.0,34.376844877922906
1991-06-07,40.6,23.3,0.0,35.55085281047777
1991-06-08,41.1,23.3,0.0,36.078783897448574
1991-06-09,38.3,25.6,0.0,35.754293935556916
1991-06-10,36.1,25.6,0.0,34.60109775231118
1991-06-11,36.7,27.8,0.0,33.59100242466448
1991-06-12,33.3,26.1,0.0,33.36515659649784
1991-06-13,37.8,23.3,0.0,35.46085647363555
1991-06-14,37.8,25.0,0.0,35.46085647363555
1991-06-15,39.4,23.9,0.0,35.654018935395584
1991-06-16,40.6,24.4,0.0,37.316018065132084
1991-06-17,42.2,25.0,0.0,38.14720303506085
1991-06-18,43.3,25.0,0.0,40.559791022363484
1991-06-19,41.1,27.2,0.0,38.45818517800082
1991-06-20,39.4,24.4,0.0,37.26316031936528
1991-06-21,38.9,22.8,0.0,36.10281825844337
1991-06-22,38.9,22.2,0.0,34.767096599223294
1991-06-23,40.0,22.8,0.0,35.02545047179938
1991-06-24,38.9,23.3,0.0,35.16133516827887
1991-06-25,37.8,23.3,0.0,34.41081126292361
1991-06-26,36.7,22.2,0.0,32.75218689396645
1991-06-27,38.9,23.3,0.0,35.484361514705796
1991-06-28,39.4,22.8,0.0,35.63221867681462
1991-06-29,37.8,26.7,0.0,35.49618252001778
1991-06-30,41.1,25.6,0.0,38.22934471059556
1991-07-01,43.9,26.1,0.0,40.179258727014066
1991-07-02,44.4,27.8,0.0,40.85240671068243
1991-07-03,42.2,30.0,0.0,41.25119152944905
1991-07-04,42.8,30.0,0.0,43.52395995603558
1991-07-05,43.9,29.4,0.0,43.07691115255113
1991-07-06,37.8,28.9,0.0,41.82949212620453
1991-07-07,37.2,28.9,0.0,38.99620826783118
1991-07-08,41.1,27.2,0.0,40.01842425555557
1991-07-09,40.6,30.0,0.0,39.005072790915584
1991-07-10,41.1,27.8,0.0,38.516871477777805
1991-07-11,41.7,28.3,0.0,38.45818517800082
1991-07-12,42.8,28.3,0.0,39.12490045392521
1991-07-13,43.3,28.9,0.0,39.330176757278565
1991-07-14,42.8,30.6,0.0,39.68872027795486
1991-07-15,41.7,30.0,0.0,40.375514202452045
1991-07-16,40.0,30.0,0.0,39.005072790915584
1991-07-17,42.8,31.7,0.0,41.495552028017855
1991-07-18,42.2,30.6,0.0,40.72266417601779
1991-07-19,41.1,28.3,0.0,37.83137135202459
1991-07-20,37.8,22.2,3.3,38.388657956195566
1991-07-21,40.6,28.9,0.0,37.841399013624454
1991-07-22,40.6,27.2,0.0,38.22934471059556
1991-07-23,41.1,27.8,0.0,37.91065365003668
1991-07-24,41.1,27.8,0.0,38.22934471059556
1991-07-25,42.2,28.9,0.0,39.777810462424476
1991-07-26,41.1,30.6,0.0,40.61860752507562
1991-07-27,42.2,30.0,0.0,41.44492824545783
1991-07-28,43.9,29.4,0.0,41.370486018515564
1991-07-29,43.3,31.7,0.0,42.28423951745782
1991-07-30,33.3,25.0,0.3,36.484585831057785
1991-07-31,41.1,27.8,0.0,41.08405285555559
1991-08-01,42.2,30.0,0.0,42.27963475135108
1991-08-02,42.8,30.6,0.0,42.2296772376356
1991-08-03,42.2,30.0,0.0,42.2296772376356
1991-08-04,42.8,30.0,0.0,41.11624653890447
1991-08-05,42.2,28.9,0.0,41.87664238005113
1991-08-06,41.7,28.3,0.0,40.941247777475624
1991-08-07,42.2,26.1,0.0,38.01232357777779
1991-08-08,45.0,27.8,0.0,43.40066278201559
1991-08-09,39.4,29.4,0.5,42.95002891033779
1991-08-10,37.8,27.8,0.0,37.28988247135115
1991-08-11,36.1,23.3,0.5,36.731202326015556
1991-08-12,38.9,27.8,0.0,38.07419268615775
1991-08-13,41.1,28.3,0.0,40.58292983287112
1991-08-14,42.2,30.6,0.0,40.974158812771144
1991-08-15,40.6,30.0,0.0,40.758843069057804
1991-08-16,40.6,28.9,0.0,39.1205244854756
1991-08-17,42.2,28.9,0.0,39.48119219451558
1991-08-18,42.2,30.0,0.0,40.758843069057804
1991-08-19,42.2,28.3,0.0,41.11624653890447
1991-08-20,42.2,28.3,0.0,40.61860752507562
1991-08-21,40.6,31.1,0.0,40.41663589969555
1991-08-22,38.9,30.0,1.5,38.96840892532447
1991-08-23,41.1,27.8,0.0,40.2777378933845
1991-08-24,42.2,31.1,0.0,42.69782342313561
1991-08-25,41.1,30.6,0.0,41.313814567484464
1991-08-26,41.1,27.2,0.3,41.46671187777782
1991-08-27,35.0,25.0,0.3,38.96840892532447
1991-08-28,38.3,26.7,0.0,38.465250953315596
1991-08-29,41.1,26.7,0.0,39.29214650849783
1991-08-30,41.7,29.4,0.0,39.640043598015566
1991-08-31,35.0,29.4,0.0,38.0049626274845
1991-09-01,35.6,28.9,0.0,35.790623446115625
1991-09-02,40.0,26.7,0.0,39.29090456601554
1991-09-03,39.4,26.1,0.5,41.055012611971144
1991-09-04,42.2,26.1,0.0,40.67742350623117
1991-09-05,33.9,23.3,18.5,40.2777378933845
1991-09-06,35.0,22.8,0.0,34.5413827922756
1991-09-07,38.3,25.0,0.0,36.61958467255111
1991-09-08,39.4,25.6,0.0,38.0049626274845
1991-09-09,38.3,25.0,0.0,36.402953703751095
1991-09-10,36.7,25.6,0.0,36.731202326015556
1991-09-11,36.7,26.7,0.0,35.11043901459563
1991-09-12,35.6,22.2,0.0,34.33965865089788
1991-09-13,36.7,21.7,0.0,33.59100242466448
1991-09-14,36.7,21.1,0.0,34.43261115769557
1991-09-15,36.7,23.9,0.0,34.46234138047114
1991-09-16,39.4,24.4,0.0,37.14089292569781
1991-09-17,40.0,26.1,0.0,38.264059863875616
1991-09-18,35.0,26.7,0.0,37.365476079384464
1991-09-19,35.6,26.7,0.0,34.31864240850442
1991-09-20,34.4,23.9,0.0,33.14911354593783
1991-09-21,35.6,25.0,0.0,34.274134655555564
1991-09-22,35.6,25.0,1.5,35.5804232555556
1991-09-23,37.8,25.6,0.0,37.87912317681782
1991-09-24,40.6,26.7,0.0,40.01842425555557
1991-09-25,40.6,26.1,0.0,38.22934471059556
1991-09-26,41.7,26.1,0.0,38.78380501381933
1991-09-27,37.2,27.2,0.0,38.13743743701045
1991-09-28,36.7,26.1,0.0,33.59496710787562
1991-09-29,38.3,24.4,0.0,36.050980114817776
1991-09-30,38.9,24.4,0.0,36.37006527099558
1991-10-01,39.4,25.0,0.0,36.54364644066448
1991-10-02,40.0,23.9,0.0,36.6259797458305
1991-10-03,39.4,23.9,0.0,36.357746250469845
1991-10-04,38.3,23.3,0.0,35.35010501532445
1991-10-05,38.3,23.3,0.0,35.654018935395584
1991-10-06,39.4,23.3,0.0,35.606575721352186
1991-10-07,40.0,23.3,0.0,36.6259797458305
1991-10-08,39.4,23.9,0.0,36.10281825844337
1991-10-09,38.9,23.9,0.0,35.484361514705796
1991-10-10,40.6,23.9,0.0,36.907408726595605
1991-10-11,38.9,24.4,0.0,36.37006527099558
1991-10-12,32.8,25.0,0.0,34.60233562131555
1991-10-13,36.1,21.7,0.0,34.01261084547563
1991-10-14,37.2,22.8,0.0,34.43261115769557
1991-10-15,39.4,21.1,0.0,36.37006527099558
1991-10-16,38.3,21.1,0.0,35.88723762042444
1991-10-17,37.8,21.7,0.0,34.843666284017786
1991-10-18,37.8,20.6,0.0,34.98114772339558
1991-10-19,36.7,21.1,0.0,34.20001246842446
1991-10-20,36.1,21.1,0.0,33.684902338337814
1991-10-21,33.9,23.3,0.0,32.65047505555558
1991-10-22,30.6,20.0,0.0,30.36155017420448
1991-10-23,28.9,20.6,0.0,28.75228311111112
1991-10-24,27.8,19.4,0.0,26.717046959235613
1991-10-25,27.8,17.2,0.0,26.519722222222224
1991-10-26,27.8,15.0,0.0,26.40222222222222
1991-10-27,19.4,12.2,28.4,26.376111111111115
1991-10-28,18.9,10.6,0.0,18.12083333333333
1991-10-29,20.0,7.8,0.0,19.32805555555556
1991-10-30,18.3,10.6,1.0,17.686666666666667
1991-10-31,18.9,7.8,0.0,18.186111111111114
1991-11-01,22.8,8.3,0.0,21.638055555555553
1991-11-02,24.4,10.0,0.0,23.96111111111111
1991-11-03,26.7,12.2,0.0,25.22111111111111
1991-11-04,27.2,13.3,0.0,25.693888888888896
1991-11-05,28.3,12.8,0.0,26.540786549457824
1991-11-06,31.1,14.4,0.0,28.619330886737796
1991-11-07,31.7,15.6,0.0,28.67405660348446
1991-11-08,32.2,16.7,0.0,29.994441151395577
1991-11-09,27.2,19.4,0.0,29.06781617369778
1991-11-10,24.4,15.6,13.2,26.330451283057805
1991-11-11,25.6,14.4,0.5,24.799999999999997
1991-11-12,26.7,18.3,0.0,26.415277777777785
1991-11-13,26.7,16.7,0.0,26.493611111111115
1991-11-14,25.6,13.3,7.4,25.36472222222222
1991-11-15,16.7,11.7,0.3,24.000277777777782
1991-11-16,17.8,10.6,0.0,17.174722222222226
1991-11-17,19.4,7.8,0.0,18.776388888888896
1991-11-18,20.0,10.0,0.0,18.841666666666672
1991-11-19,21.7,7.8,0.0,21.06083333333334
1991-11-20,22.2,8.9,0.0,21.50749999999999
1991-11-21,23.3,9.4,0.0,22.215833333333343
1991-11-22,24.4,9.4,0.0,23.33166666666666
1991-11-23,20.6,8.9,0.0,22.17666666666667
1991-11-24,22.8,7.8,0.0,22.098333333333343
1991-11-25,23.9,8.9,0.0,22.701666666666668
1991-11-26,25.0,9.4,0.0,22.71472222222222
1991-11-27,24.4,10.0,0.0,23.34472222222222
1991-11-28,17.8,9.4,0.0,21.585833333333326
1991-11-29,18.3,4.4,0.5,17.4125
1991-11-30,10.0,6.1,9.9,16.283611111111107
1991-12-01,12.2,4.4,0.0,10.848055555555554
1991-12-02,12.8,2.2,0.0,11.333888888888891
1991-12-03,18.3,2.8,0.0,17.031111111111116
1991-12-04,20.6,6.7,0.0,19.879722222222224
1991-12-05,20.0,9.4,0.0,19.380277777777778
1991-12-06,23.3,10.0,0.0,22.753888888888884
1991-12-07,22.2,8.9,0.0,21.62499999999999
1991-12-08,23.3,9.4,0.0,22.29416666666667
1991-12-09,23.9,12.8,0.0,23.527499999999993
1991-12-10,18.9,14.4,15.0,22.923611111111104
1991-12-11,17.8,11.7,0.3,16.845
1991-12-12,17.8,9.4,0.0,17.422777777777778
1991-12-13,18.9,8.3,0.0,17.86944444444444
1991-12-14,22.2,6.7,0.0,21.59888888888888
1991-12-15,22.8,10.0,0.0,21.62499999999999
1991-12-16,22.8,12.8,0.0,22.359444444444453
1991-12-17,21.7,12.8,0.0,21.321944444444448
1991-12-18,17.2,13.3,13.0,20.23222222222222
1991-12-19,15.6,8.9,11.7,15.426111111111108
1991-12-20,17.2,7.8,0.8,16.293888888888887
1991-12-21,16.7,10.0,0.0,16.267777777777773
1991-12-22,16.7,9.4,0.0,15.637777777777778
1991-12-23,17.8,7.2,0.0,17.213888888888892
1991-12-24,20.6,10.6,0.0,19.41944444444444
1991-12-25,18.3,7.8,0.0,19.41944444444444
1991-12-26,17.8,7.8,0.0,17.13555555555556
1991-12-27,20.0,8.9,0.0,18.763333333333335
1991-12-28,20.6,10.0,0.0,19.432499999999997
1991-12-29,17.8,10.0,0.0,18.303611111111113
1991-12-30,17.8,8.9,0.8,16.818888888888885
1991-12-31,17.2,6.1,0.0,16.098055555555554
1992-01-01,18.9,5.6,0.0,17.58222222222222
1992-01-02,18.3,7.8,0.0,17.503888888888888
1992-01-03,17.8,10.0,8.9,17.161666666666672
1992-01-04,16.7,10.0,0.8,16.098055555555554
1992-01-05,18.3,10.0,1.0,18.065277777777776
1992-01-06,14.4,7.2,16.0,17.605555555555558
1992-01-07,13.9,6.7,0.0,13.262500000000001
1992-01-08,16.7,5.6,0.0,15.95444444444444
1992-01-09,19.4,5.0,0.0,18.763333333333335
1992-01-10,21.1,10.6,0.0,20.522222222222222
1992-01-11,16.7,9.4,5.8,19.99722222222222
1992-01-12,14.4,7.2,7.4,13.578611111111114
1992-01-13,14.4,4.4,0.0,13.513333333333332
1992-01-14,15.0,3.9,0.0,13.617777777777778
1992-01-15,17.2,3.9,0.0,16.440277777777776
1992-01-16,17.2,6.7,0.0,15.745555555555553
1992-01-17,19.4,4.4,0.0,18.094722222222217
1992-01-18,17.2,10.0,0.0,17.477777777777774
1992-01-19,17.8,10.6,0.0,17.057222222222222
1992-01-20,15.6,10.0,1.3,16.440277777777776
1992-01-21,17.2,7.8,0.0,16.623055555555553
1992-01-22,17.8,6.1,0.0,16.58388888888889
1992-01-23,21.1,5.0,0.0,20.443888888888893
1992-01-24,24.4,8.9,0.0,22.727777777777774
1992-01-25,25.0,8.3,0.0,23.90888888888889
1992-01-26,24.4,10.6,0.0,23.921944444444446
1992-01-27,23.3,9.4,0.0,22.753888888888884
1992-01-28,23.9,8.9,0.0,22.76694444444444
1992-01-29,23.9,8.9,0.0,23.357777777777773
1992-01-30,23.3,13.3,0.0,23.357777777777773
1992-01-31,25.0,11.1,0.0,23.90888888888889
1992-02-01,25.0,10.0,0.0,24.551944444444445
1992-02-02,21.7,11.7,0.0,22.806111111111104
1992-02-03,23.9,10.0,0.0,22.85833333333333
1992-02-04,23.9,14.4,0.0,22.333333333333343
1992-02-05,22.2,11.7,0.0,22.359444444444453
1992-02-06,22.8,13.9,0.5,22.333333333333343
1992-02-07,17.2,13.3,8.4,21.230555555555558
1992-02-08,19.4,12.8,0.5,18.64305555555556
1992-02-09,22.2,10.6,0.0,21.321944444444448
1992-02-10,19.4,12.8,3.0,20.691944444444445
1992-02-11,19.4,11.1,1.3,18.64305555555556
1992-02-12,19.4,10.6,0.0,18.486388888888886
1992-02-13,18.3,12.2,7.6,18.486388888888886
1992-02-14,20.0,10.0,0.0,19.484722222222217
1992-02-15,20.0,9.4,0.8,18.946111111111115
1992-02-16,16.7,7.8,0.8,17.830277777777773
1992-02-17,18.3,8.3,0.0,17.240000000000006
1992-02-18,21.7,8.3,0.0,20.443888888888893
1992-02-19,23.9,8.9,0.0,23.39694444444444
1992-02-20,21.1,10.0,0.0,22.268055555555563
1992-02-21,25.0,10.0,0.0,24.039444444444445
1992-02-22,24.4,12.2,0.0,23.605833333333333
1992-02-23,24.4,11.7,0.0,23.830555555555563
1992-02-24,24.4,13.9,0.0,23.869722222222226
1992-02-25,25.0,9.4,0.0,24.56500000000001
1992-02-26,24.4,12.2,0.0,23.85666666666667
1992-02-27,26.1,11.7,0.0,25.090555555555554
1992-02-28,27.8,12.2,0.0,26.48047843731561
1992-02-29,28.3,13.3,0.0,26.860912138817824
1992-03-01,25.6,14.4,0.3,26.49263152332448
1992-03-02,20.0,10.6,7.6,23.948055555555563
1992-03-03,19.4,10.0,6.9,17.86944444444444
1992-03-04,20.0,10.6,1.3,18.551666666666666
1992-03-05,21.7,10.6,0.0,20.23222222222222
1992-03-06,24.4,10.6,0.0,23.475277777777777
1992-03-07,23.9,10.6,2.5,23.436111111111114
1992-03-08,16.1,9.4,9.1,15.09972222222222
1992-03-09,16.1,9.4,16.8,15.151944444444446
1992-03-10,21.7,7.8,0.0,20.574444444444445
1992-03-11,25.0,10.0,0.0,24.56500000000001
1992-03-12,26.7,11.1,0.0,26.297777777777785
1992-03-13,28.3,11.7,0.0,26.632283376551136
1992-03-14,28.9,12.8,0.0,27.324429869697802
1992-03-15,28.3,14.4,0.0,26.582636373635598
1992-03-16,27.8,14.4,0.0,26.33694444444444
1992-03-17,23.3,14.4,0.0,25.693888888888896
1992-03-18,23.9,11.1,0.0,22.76694444444444
1992-03-19,26.7,12.8,0.0,25.155833333333327
1992-03-20,28.3,13.3,0.0,26.540786549457824
1992-03-21,22.8,14.4,1.5,26.115865879395557
1992-03-22,23.9,11.7,0.0,22.923611111111104
1992-03-23,23.9,12.8,0.0,22.910555555555558
1992-03-24,25.0,11.7,0.0,23.935
1992-03-25,29.4,12.8,0.0,27.717770495484462
1992-03-26,25.6,15.0,0.0,26.540786549457824
1992-03-27,19.4,13.3,16.5,23.96111111111111
1992-03-28,22.8,12.8,0.3,21.452499999999997
1992-03-29,26.1,14.4,0.0,24.747777777777774
1992-03-30,27.8,15.6,0.5,26.45444444444444
1992-03-31,23.3,15.6,0.0,22.003611111111102
1992-04-01,21.1,11.1,11.7,21.348055555555558
1992-04-02,22.2,11.1,0.8,21.269722222222224
1992-04-03,27.2,12.8,0.0,26.389166666666668
1992-04-04,27.2,14.4,0.0,26.546626832551105
1992-04-05,28.3,15.6,0.0,26.629206586524436
1992-04-06,28.9,15.6,0.0,26.976995015351136
1992-04-07,30.6,15.6,0.0,28.270783811111137
1992-04-08,31.1,15.6,0.0,28.67405660348446
1992-04-09,31.7,16.7,0.0,29.70166171605114
1992-04-10,32.8,17.2,0.0,29.752761407351166
1992-04-11,33.9,17.2,0.0,30.62428980620445
1992-04-12,36.7,18.9,0.0,33.9032792456978
1992-04-13,35.0,18.9,0.0,33.47519998748452
1992-04-14,31.1,18.3,0.0,31.695029733384484
1992-04-15,31.1,20.0,0.0,28.75228311111112
1992-04-16,30.6,18.9,0.0,28.61567085555551
1992-04-17,31.7,17.2,0.0,29.369647099597817
1992-04-18,32.8,18.3,0.0,30.61551331281785
1992-04-19,28.3,15.0,0.0,29.208221804471123
1992-04-20,30.0,15.6,0.0,27.362086793075598
1992-04-21,32.8,16.7,0.0,29.954480215851657
1992-04-22,32.8,17.8,0.0,30.068349315190954
1992-04-23,33.9,18.3,0.0,30.47971237560652
1992-04-24,36.1,19.4,0.0,32.75218689396645
1992-04-25,37.8,19.4,0.0,33.259325929940374
1992-04-26,38.3,21.1,0.0,34.80359602218316
1992-04-27,40.0,21.7,0.0,36.10270824051368
1992-04-28,40.0,22.8,0.0,35.86086571596193
1992-04-29,40.6,22.8,0.0,36.44696577746111
1992-04-30,38.3,22.2,0.0,35.606575721352186
1992-05-01,38.9,22.2,0.0,35.88723762042444
1992-05-02,38.3,22.8,0.0,35.215786421315585
1992-05-03,37.8,24.4,0.0,35.46085647363555
1992-05-04,36.1,23.3,0.0,34.862134105235555
1992-05-05,33.3,20.0,3.6,33.29748525555557
1992-05-06,33.9,19.4,0.0,31.23982267605115
1992-05-07,34.4,21.1,0.0,31.468562742664492
1992-05-08,35.0,22.8,0.0,32.291047035875515
1992-05-09,30.6,21.1,0.0,28.61567085555551
1992-05-10,32.8,19.4,0.0,30.713051785724474
1992-05-11,34.4,23.3,0.0,32.277837979597805
1992-05-12,36.7,22.2,0.0,33.684902338337814
1992-05-13,38.3,22.2,0.0,35.215786421315585
1992-05-14,38.3,22.8,0.0,35.215786421315585
1992-05-15,37.8,23.3,0.0,35.35010501532445
1992-05-16,38.3,22.8,0.0,35.49618252001778
1992-05-17,37.8,23.9,0.0,35.654018935395584
1992-05-18,38.9,24.4,0.0,36.402953703751095
1992-05-19,33.9,23.3,5.6,35.88723762042444
1992-05-20,33.3,20.0,11.7,31.265430708817778
1992-05-21,24.4,17.8,1.8,25.586666666666662
1992-05-22,30.0,16.1,0.0,27.792663784871127
1992-05-23,31.7,18.3,2.5,29.752761407351166
1992-05-24,32.2,17.8,0.0,30.067119210204446
1992-05-25,33.9,21.1,1.3,31.85688478077116
1992-05-26,33.3,22.2,0.0,31.23982267605115
1992-05-27,35.6,24.4,0.0,32.82951854444448
1992-05-28,35.6,23.9,0.3,33.47519998748452
1992-05-29,35.0,22.8,0.0,33.4373685444445
1992-05-30,35.6,22.8,0.0,32.60728341747558
1992-05-31,37.8,25.0,0.0,34.565035485057805
1992-06-01,38.9,25.0,0.0,36.22693438969557
1992-06-02,40.6,25.6,0.0,37.30684383073781
1992-06-03,40.6,26.7,0.5,38.22934471059556
1992-06-04,41.7,26.7,0.0,38.45818517800082
1992-06-05,41.1,26.7,0.0,38.13743743701045
1992-06-06,39.4,24.4,0.0,36.44696577746111
1992-06-07,34.4,22.8,0.5,34.60109775231118
1992-06-08,35.6,20.0,0.0,32.82951854444448
1992-06-09,37.8,22.8,0.0,35.654018935395584
1992-06-10,39.4,25.0,0.0,36.54364644066448
1992-06-11,38.9,25.6,0.0,35.88723762042444
1992-06-12,38.3,24.4,0.0,35.215786421315585
1992-06-13,37.8,23.9,0.0,34.53389801944396
1992-06-14,36.7,22.2,0.0,33.30356359160573
1992-06-15,35.6,21.7,0.0,32.75218689396645
1992-06-16,34.4,20.6,0.0,32.65047505555558
1992-06-17,36.7,21.1,0.0,32.925675348217084
1992-06-18,40.6,22.2,0.0,37.56267465555558
1992-06-19,41.1,25.6,0.0,37.91065365003668
1992-06-20,41.1,25.0,0.0,38.22934471059556
1992-06-21,41.7,25.6,0.0,38.79361457499559
1992-06-22,41.1,28.3,0.0,39.343218934337784
1992-06-23,42.2,28.9,0.0,39.640043598015566
1992-06-24,43.9,28.9,0.0,41.495552028017855
1992-06-25,41.1,29.4,0.0,42.150659302817814
1992-06-26,40.6,26.1,0.0,38.79361457499559
1992-06-27,41.1,25.6,0.0,38.47367189196448
1992-06-28,42.2,26.7,0.0,40.08962503081779
1992-06-29,41.7,27.2,0.0,39.777810462424476
1992-06-30,38.9,27.8,0.0,39.640043598015566
1992-07-01,36.7,26.1,0.0,35.88723762042444
1992-07-02,38.3,22.8,0.0,34.843666284017786
1992-07-03,41.7,25.0,0.0,38.47367189196448
1992-07-04,43.3,26.7,0.0,40.38496398732446
1992-07-05,44.4,27.8,0.0,42.95002891033779
1992-07-06,42.2,28.9,0.0,43.41578131503781
1992-07-07,38.3,26.1,7.9,42.9721400913156
1992-07-08,38.3,30.0,0.0,39.09841437255115
1992-07-09,41.1,28.9,0.0,42.27320415555557
1992-07-10,40.0,22.8,8.9,42.10169468371558
1992-07-11,31.1,22.8,12.2,40.67742350623117
1992-07-12,37.2,25.0,0.0,35.79300545415786
1992-07-13,38.9,25.6,0.0,37.05286929405112
1992-07-14,41.1,26.7,0.0,38.516871477777805
1992-07-15,41.1,28.3,0.0,39.005072790915584
1992-07-16,42.8,27.2,0.0,41.495552028017855
1992-07-17,44.4,28.3,0.0,42.997006461057836
1992-07-18,44.4,30.0,0.0,43.44499524290447
1992-07-19,43.3,30.6,0.0,43.40066278201559
1992-07-20,43.9,29.4,0.0,44.055131520551164
1992-07-21,42.8,30.0,0.0,43.1374326816356
1992-07-22,41.1,30.6,0.0,44.34710873049559
1992-07-23,39.4,26.1,3.8,42.27320415555557
1992-07-24,31.7,22.8,42.2,40.7030049336245
1992-07-25,37.8,26.1,0.0,39.70381845540449
1992-07-26,41.1,27.2,0.0,41.729306356175584
1992-07-27,43.9,28.9,0.0,44.055131520551164
1992-07-28,42.2,29.4,0.0,43.58821889175118
1992-07-29,41.1,27.8,0.0,43.134595411111164
1992-07-30,35.0,27.8,0.0,42.94657018156446
1992-07-31,41.1,27.8,0.0,41.08405285555559
1992-08-01,41.1,28.9,1.5,42.54318052359783
1992-08-02,41.7,27.2,0.0,42.27320415555557
1992-08-03,41.7,27.8,0.0,44.34710873049559
1992-08-04,37.2,26.7,0.0,44.34710873049559
1992-08-05,35.0,23.3,7.4,38.78692140841783
1992-08-06,38.9,25.0,0.0,41.28011848668453
1992-08-07,38.3,25.0,0.0,40.7030049336245
1992-08-08,40.0,28.3,0.0,40.81187522956455
1992-08-09,42.2,30.0,0.0,42.54318052359783
1992-08-10,42.8,30.0,0.0,45.46836747681784
1992-08-11,43.9,27.2,1.3,48.221350361324454
1992-08-12,41.1,28.3,0.0,48.221350361324454
1992-08-13,41.1,31.7,0.0,43.84844106103113
1992-08-14,42.8,30.6,0.0,47.09069603959117
1992-08-15,44.4,32.2,0.0,48.25035456819563
1992-08-16,45.0,31.1,0.0,44.320749768871096
1992-08-17,45.0,32.8,0.0,44.88822239935119
1992-08-18,42.8,31.1,0.0,44.10877025491557
1992-08-19,42.8,26.1,3.0,43.1374326816356
1992-08-20,41.7,26.1,0.0,41.87664238005113
1992-08-21,38.3,28.9,0.0,40.974158812771144
1992-08-22,33.3,22.2,12.7,38.08301543655112
1992-08-23,25.6,20.6,7.1,35.09003579559113
1992-08-24,33.9,21.7,0.0,32.88196913043552
1992-08-25,36.7,24.4,0.0,35.60670538276444
1992-08-26,38.3,25.0,0.0,36.82806789723558
1992-08-27,40.0,26.7,0.0,37.526354610915575
1992-08-28,41.7,26.1,0.0,39.06107592666449
1992-08-29,37.2,28.3,0.0,38.732247918737784
1992-08-30,38.3,25.0,0.0,37.34003104305782
1992-08-31,38.3,26.1,0.0,37.233352309724495
1992-09-01,37.8,23.3,0.0,36.402953703751095
1992-09-02,38.3,24.4,0.0,34.717395583324446
1992-09-03,38.9,25.0,0.0,35.88723762042444
1992-09-04,37.2,21.7,0.0,35.35010501532445
1992-09-05,36.7,20.6,0.0,33.78899461201558
1992-09-06,39.4,22.2,0.0,36.050980114817776
1992-09-07,40.6,24.4,0.0,36.977370727619444
1992-09-08,41.1,24.4,0.0,37.60621143488218
1992-09-09,40.6,25.0,0.0,37.60621143488218
1992-09-10,41.1,24.4,0.0,38.79361457499559
1992-09-11,41.7,25.6,0.0,40.2777378933845
1992-09-12,40.6,26.7,0.0,39.07631835555556
1992-09-13,38.9,28.3,0.0,38.65812506511781
1992-09-14,38.9,26.7,0.0,39.294572043315554
1992-09-15,38.9,27.8,0.0,39.621159165037845
1992-09-16,40.0,28.9,0.0,42.27320415555557
1992-09-17,41.1,29.4,0.0,40.941247777475624
1992-09-18,38.9,28.3,0.0,39.37662891111112
1992-09-19,37.8,26.7,0.8,39.70381845540449
1992-09-20,36.1,23.9,0.0,38.03229269063124
1992-09-21,37.8,26.7,0.0,39.12359551698453
1992-09-22,40.0,27.2,0.0,40.01842425555557
1992-09-23,40.0,27.8,0.0,38.11572851647114
1992-09-24,40.6,26.7,0.0,37.78063674444445
1992-09-25,39.4,25.0,0.0,38.11572851647114
1992-09-26,39.4,24.4,0.0,37.14089292569781
1992-09-27,40.6,23.9,0.0,37.365476079384464
1992-09-28,42.2,24.4,0.0,39.12490045392521
1992-09-29,38.9,27.8,0.0,38.45790587419786
1992-09-30,38.9,25.6,0.0,35.215786421315585
1992-10-01,37.8,25.6,0.0,34.13810030495181
1992-10-02,38.9,22.8,0.0,34.60109775231118
1992-10-03,37.2,22.2,0.0,34.70820980090449
1992-10-04,34.4,20.0,0.0,32.735418477777785
1992-10-05,35.6,20.0,0.0,32.26337892222221
1992-10-06,35.6,19.4,0.0,32.64028509457208
1992-10-07,33.9,18.3,0.0,31.71921145788158
1992-10-08,34.4,16.7,0.0,30.38866942100843
1992-10-09,34.4,17.2,0.0,30.600931757478577
1992-10-10,35.6,18.3,0.0,31.46469992222223
1992-10-11,36.7,18.9,0.0,33.30356359160573
1992-10-12,38.9,20.0,0.0,35.01830607253958
1992-10-13,36.1,21.7,0.0,34.16256487321474
1992-10-14,33.9,19.4,0.0,31.98958014673779
1992-10-15,34.4,20.0,0.0,31.273400458731633
1992-10-16,34.4,18.3,0.0,31.122699534472115
1992-10-17,34.4,18.3,0.0,31.402681356666946
1992-10-18,35.0,19.4,0.0,32.08532983333335
1992-10-19,34.4,21.1,0.0,31.273400458731633
1992-10-20,34.4,18.9,0.0,32.123144788497775
1992-10-21,33.3,21.1,0.0,31.167693901235605
1992-10-22,33.3,20.0,0.0,31.37722273372446
1992-10-23,33.9,21.7,0.5,32.087641004015545
1992-10-24,33.3,21.7,1.5,32.041680898524405
1992-10-25,29.4,18.3,0.0,28.572364773137767
1992-10-26,30.6,17.2,0.0,28.442480055555563
1992-10-27,28.3,18.9,0.0,27.224983142015567
1992-10-28,28.9,17.2,4.6,27.12101463745771
1992-10-29,27.2,17.8,0.0,26.672469195537772
1992-10-30,26.7,15.6,0.0,26.493611111111115
1992-10-31,26.7,17.8,0.0,25.85055555555556
1992-11-01,27.2,13.3,0.0,26.25861111111111
1992-11-02,27.8,13.3,0.0,26.660030820035605
1992-11-03,23.3,15.0,0.0,26.26891400403554
1992-11-04,21.1,12.2,0.0,20.94333333333334
1992-11-05,22.8,10.6,0.0,20.995555555555555
1992-11-06,24.4,10.6,0.0,23.27944444444444
1992-11-07,26.7,11.1,0.0,25.58944444444445
1992-11-08,26.7,11.1,0.0,26.24555555555556
1992-11-09,24.4,12.8,0.0,24.486666666666665
1992-11-10,21.1,11.1,0.8,22.359444444444453
1992-11-11,21.1,7.2,0.0,20.34972222222222
1992-11-12,25.0,7.2,0.0,24.42138888888889
1992-11-13,27.8,10.0,0.0,26.402567621954876
1992-11-14,29.4,11.1,0.0,27.668524419964463
1992-11-15,30.0,11.7,0.0,27.665250694595574
1992-11-16,27.8,13.9,0.0,26.49263152332448
1992-11-17,26.7,11.7,0.0,26.297777777777785
1992-11-18,24.4,10.6,0.0,25.103611111111107
1992-11-19,22.8,10.0,0.0,22.22888888888889
1992-11-20,20.6,10.6,0.0,21.139166666666668
1992-11-21,18.3,6.7,0.0,16.952777777777776
1992-11-22,18.9,8.3,0.0,18.12083333333333
1992-11-23,18.3,8.9,0.0,17.43861111111111
1992-11-24,16.1,4.4,0.0,16.283611111111107
1992-11-25,17.8,4.4,0.0,16.283611111111107
1992-11-26,18.9,5.6,0.0,17.451666666666668
1992-11-27,21.1,5.0,0.0,20.31333333333334
1992-11-28,19.4,6.1,0.0,18.554444444444442
1992-11-29,20.6,6.7,0.0,19.24972222222222
1992-11-30,21.7,8.9,0.0,20.391666666666673
1992-12-01,21.1,5.6,0.0,19.86666666666666
1992-12-02,18.3,6.1,0.0,18.60666666666667
1992-12-03,20.6,10.6,4.3,19.64138888888889
1992-12-04,16.7,11.1,23.1,17.396666666666672
1992-12-05,15.6,8.3,1.0,15.047499999999998
1992-12-06,17.8,6.7,0.0,16.61
1992-12-07,18.9,6.7,0.0,18.368888888888886
1992-12-08,13.3,9.4,26.9,18.368888888888886
1992-12-09,17.2,8.3,0.0,16.215555555555554
1992-12-10,21.1,7.2,0.0,20.166944444444443
1992-12-11,20.0,8.9,0.0,19.602222222222217
1992-12-12,14.4,8.9,0.0,17.86944444444444
1992-12-13,14.4,5.0,0.0,13.145000000000001
1992-12-14,14.4,3.9,0.0,13.118888888888891
1992-12-15,13.9,4.4,0.0,12.475833333333329
1992-12-16,13.3,2.8,0.0,11.859444444444442
1992-12-17,12.8,3.3,0.0,11.255555555555558
1992-12-18,13.3,5.6,0.3,12.029166666666669
1992-12-19,12.2,4.4,0.0,11.017777777777777
1992-12-20,13.9,2.2,0.0,12.988333333333337
1992-12-21,17.2,3.9,0.0,16.518611111111106
1992-12-22,17.2,5.6,0.0,16.58388888888889
1992-12-23,21.7,5.0,0.0,20.417777777777783
1992-12-24,21.7,8.9,0.0,21.06083333333334
1992-12-25,20.0,6.1,0.0,19.91888888888888
1992-12-26,20.6,6.7,0.0,18.802500000000006
1992-12-27,19.4,8.3,4.8,18.86777777777778
1992-12-28,15.0,12.2,17.5,17.279166666666672
1992-12-29,17.2,13.3,0.3,17.06694444444444
1992-12-30,17.8,10.6,0.0,17.475000000000005
1992-12-31,20.6,7.8,0.0,19.536944444444444
1993-01-01,21.1,8.9,0.0,20.822500000000005
1993-01-02,17.8,8.9,0.0,18.000000000000004
1993-01-03,14.4,6.7,2.5,15.690000000000005
1993-01-04,15.6,3.9,0.0,14.156388888888888
1993-01-05,16.7,8.9,0.5,16.16333333333333
1993-01-06,15.0,10.6,6.6,15.559444444444447
1993-01-07,18.3,13.3,13.0,18.195833333333333
1993-01-08,18.9,10.0,31.0,18.15666666666667
1993-01-09,17.2,8.3,0.0,16.740555555555552
1993-01-10,13.3,11.1,22.6,15.663888888888891
1993-01-11,16.7,8.9,24.1,16.07194444444444
1993-01-12,17.2,5.6,4.8,16.07194444444444
1993-01-13,16.7,10.0,2.3,15.87277777777778
1993-01-14,17.8,11.7,1.3,16.54194444444444
1993-01-15,18.3,11.7,4.1,17.540277777777778
1993-01-16,20.0,12.8,6.6,19.141944444444444
1993-01-17,20.6,14.4,9.9,20.571666666666665
1993-01-18,19.4,12.2,3.3,19.259444444444444
1993-01-19,17.2,10.0,0.0,16.16333333333333
1993-01-20,18.3,7.8,0.0,17.318333333333335
1993-01-21,19.4,8.3,0.0,19.03750000000001
1993-01-22,22.8,9.4,0.0,22.450833333333343
1993-01-23,21.7,8.3,0.0,20.796388888888895
1993-01-24,21.7,6.7,0.0,20.483055555555566
1993-01-25,23.3,8.9,0.0,22.71472222222222
1993-01-26,24.4,11.1,0.0,23.88277777777778
1993-01-27,25.0,12.2,0.0,23.39694444444444
1993-01-28,21.7,11.1,0.0,22.76694444444444
1993-01-29,21.7,10.0,0.0,20.691944444444445
1993-01-30,21.7,13.3,0.0,21.269722222222224
1993-01-31,22.2,11.1,0.0,21.859999999999992
1993-02-01,18.3,7.8,0.0,18.342777777777776
1993-02-02,20.0,7.2,0.0,19.432499999999997
1993-02-03,22.2,7.2,0.0,21.204444444444448
1993-02-04,24.4,12.2,0.0,23.410000000000004
1993-02-05,22.8,11.1,0.0,22.25500000000001
1993-02-06,24.4,12.8,0.0,23.30555555555555
1993-02-07,23.9,12.8,0.0,23.410000000000004
1993-02-08,17.8,11.1,21.1,22.307222222222226
1993-02-09,18.9,11.1,0.5,17.921666666666667
1993-02-10,16.7,9.4,0.5,17.422777777777778
1993-02-11,18.3,7.8,0.0,17.25305555555556
1993-02-12,19.4,7.8,0.0,18.316666666666666
1993-02-13,18.3,8.9,0.0,18.368888888888886
1993-02-14,13.9,10.6,6.6,16.68833333333333
1993-02-15,16.7,8.9,2.8,15.533333333333339
1993-02-16,17.8,10.0,0.0,16.16333333333333
1993-02-17,20.6,8.9,0.0,19.484722222222217
1993-02-18,18.3,11.1,0.0,18.316666666666666
1993-02-19,21.7,13.9,1.8,21.53083333333333
1993-02-20,18.9,13.3,0.0,18.355833333333333
1993-02-21,17.2,8.9,0.0,17.240000000000006
1993-02-22,17.8,7.2,0.0,17.057222222222222
1993-02-23,19.4,7.8,0.0,18.303611111111113
1993-02-24,17.8,10.0,0.0,18.303611111111113
1993-02-25,18.3,8.3,0.0,17.765
1993-02-26,21.7,8.3,0.0,20.626666666666676
1993-02-27,20.6,10.0,0.0,20.626666666666676
1993-02-28,15.0,8.9,10.4,17.79111111111111
1993-03-01,15.6,7.2,0.0,15.021388888888888
1993-03-02,18.3,7.2,0.0,17.73888888888889
1993-03-03,21.7,8.9,0.0,20.626666666666676
1993-03-04,23.3,10.6,0.0,22.411666666666672
1993-03-05,23.9,9.4,0.0,23.27944444444444
1993-03-06,25.6,8.9,0.0,25.14277777777778
1993-03-07,28.3,11.1,0.0,26.299025066204464
1993-03-08,27.8,11.7,0.0,26.582636373635598
1993-03-09,27.8,12.8,0.0,26.42833333333333
1993-03-10,26.7,12.8,0.0,25.785277777777782
1993-03-11,26.1,12.8,0.0,25.811388888888896
1993-03-12,26.7,13.3,0.0,25.82444444444445
1993-03-13,26.1,11.7,0.0,25.60250000000001
1993-03-14,22.8,14.4,0.0,23.8175
1993-03-15,26.1,11.7,0.0,25.87666666666667
1993-03-16,27.8,13.3,0.0,26.546626832551105
1993-03-17,28.3,14.4,0.0,27.421114341624484
1993-03-18,26.1,15.0,0.0,26.506666666666668
1993-03-19,28.3,13.3,0.0,26.907821456904497
1993-03-20,26.7,13.9,0.0,26.186471745635558
1993-03-21,29.4,14.4,0.0,27.141760369117826
1993-03-22,31.1,15.0,0.0,28.270783811111137
1993-03-23,30.6,15.6,0.3,28.971164411715588
1993-03-24,29.4,16.1,0.0,28.442480055555563
1993-03-25,29.4,16.1,0.0,27.98978828193782
1993-03-26,21.1,10.0,20.3,28.093943902595598
1993-03-27,18.3,9.4,9.7,17.422777777777778
1993-03-28,21.1,9.4,7.1,20.153888888888883
1993-03-29,19.4,10.0,3.8,19.576111111111107
1993-03-30,23.3,10.0,0.0,22.46388888888889
1993-03-31,27.8,12.8,0.0,26.363192654595576
1993-04-01,28.9,15.0,0.0,26.908843175591166
1993-04-02,27.8,15.0,0.0,26.660030820035605
1993-04-03,27.8,13.9,0.0,26.721373591057827
1993-04-04,29.4,14.4,0.0,27.412137668471157
1993-04-05,26.1,15.6,0.0,27.005000477135567
1993-04-06,23.9,13.9,0.0,23.84361111111111
1993-04-07,26.1,11.1,0.0,24.460555555555555
1993-04-08,27.2,11.7,0.0,26.19333333333333
1993-04-09,29.4,13.9,0.0,27.20186140000081
1993-04-10,30.6,15.0,0.0,28.15134625555558
1993-04-11,31.1,15.6,0.0,28.607049142595585
1993-04-12,27.8,16.1,0.0,28.036665419365292
1993-04-13,25.6,13.9,0.0,25.56333333333334
1993-04-14,27.2,11.7,0.0,25.56333333333334
1993-04-15,28.3,12.8,0.0,26.326606101278596
1993-04-16,30.0,18.3,0.0,27.675413262737784
1993-04-17,31.1,15.0,0.0,28.632732378915577
1993-04-18,30.6,16.7,0.0,28.16677307777778
1993-04-19,30.6,17.2,0.0,28.15352873281462
1993-04-20,33.3,16.1,0.0,30.068349315190954
1993-04-21,36.7,17.8,0.0,32.75218689396645
1993-04-22,35.0,18.3,0.0,32.82639084588163
1993-04-23,30.0,18.3,0.0,31.556654206572073
1993-04-24,28.9,17.2,0.0,27.57697936203664
1993-04-25,32.8,17.2,0.0,29.535345406817815
1993-04-26,34.4,18.3,0.0,31.468562742664492
1993-04-27,35.0,19.4,0.0,31.93567442796443
1993-04-28,35.0,19.4,0.0,32.26337892222221
1993-04-29,36.1,20.0,0.0,33.022220326595615
1993-04-30,36.7,20.0,0.0,33.684902338337814
1993-05-01,32.8,22.8,0.0,33.59100242466448
1993-05-02,33.9,18.3,0.0,30.996438931695575
1993-05-03,35.0,19.4,0.0,31.890353110595566
1993-05-04,32.2,19.4,0.0,31.890353110595566
1993-05-05,28.9,15.0,0.0,29.127329261075577
1993-05-06,31.7,16.1,0.0,28.619330886737796
1993-05-07,31.7,17.2,0.0,29.16510310077114
1993-05-08,33.9,18.3,0.0,30.600931757478577
1993-05-09,32.8,18.9,0.0,30.134240789057458
1993-05-10,38.9,19.4,0.0,33.95783981373238
1993-05-11,40.6,22.8,0.0,36.530931028308665
1993-05-12,36.1,26.1,0.0,35.63221867681462
1993-05-13,37.8,23.3,0.0,34.02775623938448
1993-05-14,38.3,25.0,0.0,35.49618252001778
1993-05-15,36.7,20.6,0.3,34.843666284017786
1993-05-16,33.9,20.0,1.8,33.4373685444445
1993-05-17,33.9,22.2,0.0,31.85688478077116
1993-05-18,36.1,23.9,0.0,33.86367253687114
1993-05-19,37.2,23.9,0.0,34.862134105235555
1993-05-20,37.8,23.9,0.0,34.98114772339558
1993-05-21,36.1,22.8,0.0,34.843666284017786
1993-05-22,34.4,23.3,0.0,32.82951854444448
1993-05-23,35.0,23.3,0.0,32.86102967889778
1993-05-24,35.6,23.9,0.0,33.72445795767115
1993-05-25,38.9,24.4,0.0,36.61547828090448
1993-05-26,39.4,25.0,0.0,36.92906026801558
1993-05-27,37.8,24.4,0.0,36.61547828090448
1993-05-28,36.7,22.8,0.0,35.215786421315585
1993-05-29,36.1,20.6,0.0,33.26483693491558
1993-05-30,37.8,22.8,0.0,33.95783981373238
1993-05-31,38.9,23.3,0.0,35.01830607253958
1993-06-01,36.1,23.3,0.0,34.74943524271672
1993-06-02,34.4,24.4,0.0,33.0933687999645
1993-06-03,34.4,21.7,0.0,31.93567442796443
1993-06-04,34.4,21.7,0.0,31.122699534472115
1993-06-05,35.6,21.7,0.0,31.91643738888892
1993-06-06,26.1,18.9,0.3,30.609913356091752
1993-06-07,29.4,15.6,0.0,26.874074773695597
1993-06-08,32.8,18.3,0.0,29.94753127932447
1993-06-09,35.6,20.0,0.0,32.450584655555595
1993-06-10,39.4,22.2,0.0,35.606575721352186
1993-06-11,40.0,23.9,0.0,35.848321741895575
1993-06-12,41.1,25.0,0.0,37.0400735407865
1993-06-13,42.8,24.4,0.0,38.14720303506085
1993-06-14,43.3,25.6,0.0,38.65995340797939
1993-06-15,44.4,27.8,0.0,39.75828745440933
1993-06-16,42.8,29.4,0.0,39.13692265187258
1993-06-17,38.3,26.1,0.0,37.85169649640826
1993-06-18,38.9,23.3,0.0,34.95784063574885
1993-06-19,42.8,23.9,0.0,38.34827357935641
1993-06-20,42.8,26.1,0.0,38.98725446728676
1993-06-21,41.7,26.7,0.0,38.78380501381933
1993-06-22,40.0,25.0,0.0,37.56267465555558
1993-06-23,40.6,24.4,0.0,37.60621143488218
1993-06-24,42.2,25.6,0.0,38.78380501381933
1993-06-25,43.9,27.2,0.0,42.56556114769562
1993-06-26,45.6,28.3,0.0,40.93813585555559
1993-06-27,45.0,28.3,0.0,40.93813585555559
1993-06-28,43.9,30.0,0.0,40.93813585555559
1993-06-29,42.2,28.3,0.0,40.559791022363484
1993-06-30,42.2,29.4,0.0,41.87664238005113
1993-07-01,41.1,29.4,0.0,40.974158812771144
1993-07-02,39.4,27.8,0.0,40.941247777475624
1993-07-03,39.4,27.8,0.0,39.75747832689779
1993-07-04,40.0,26.7,0.0,37.53910742913562
1993-07-05,38.9,25.0,0.0,38.07419268615775
1993-07-06,40.6,28.3,0.0,38.516871477777805
1993-07-07,42.8,27.2,0.0,40.771370213315635
1993-07-08,42.8,28.9,0.0,42.69782342313561
1993-07-09,40.6,28.9,0.0,43.52395995603558
1993-07-10,40.0,28.3,0.0,41.08405285555559
1993-07-11,40.0,26.7,0.0,40.44721410993783
1993-07-12,37.8,25.0,0.0,40.81187522956455
1993-07-13,39.4,27.2,0.0,40.44721410993783
1993-07-14,40.0,28.9,0.0,39.294572043315554
1993-07-15,40.6,28.3,0.0,38.53635258567115
1993-07-16,39.4,28.3,0.0,39.07631835555556
1993-07-17,38.9,26.7,0.0,36.61547828090448
1993-07-18,40.0,27.2,0.0,37.526354610915575
1993-07-19,39.4,26.1,0.0,37.526354610915575
1993-07-20,38.9,25.0,0.0,35.73570690651556
1993-07-21,39.4,25.0,0.0,36.050980114817776
1993-07-22,39.4,26.1,0.0,35.88723762042444
1993-07-23,40.0,25.6,0.0,38.53635258567115
1993-07-24,38.9,26.1,0.0,37.759060876497806
1993-07-25,40.6,25.6,0.0,36.977370727619444
1993-07-26,40.6,26.1,0.0,37.60621143488218
1993-07-27,41.7,25.6,0.0,37.26316031936528
1993-07-28,42.2,26.7,0.0,40.062885029315616
1993-07-29,41.1,31.1,0.0,40.08962503081779
1993-07-30,42.2,29.4,0.0,40.58292983287112
1993-07-31,45.0,30.0,0.0,41.85636884972194
1993-08-01,45.6,30.6,0.0,43.16308674396446
1993-08-02,42.8,32.2,0.0,43.72358126663115
1993-08-03,42.2,30.6,0.0,41.87664238005113
1993-08-04,40.6,26.7,0.0,41.87664238005113
1993-08-05,42.2,30.6,0.0,42.69782342313561
1993-08-06,42.8,26.1,0.3,43.57978966815777
1993-08-07,38.9,26.1,0.8,42.69782342313561
1993-08-08,38.9,27.8,0.0,38.77595320759115
1993-08-09,41.7,27.2,4.1,42.128902611884484
1993-08-10,42.2,27.2,0.0,42.54318052359783
1993-08-11,43.9,28.9,0.0,41.1253979113245
1993-08-12,42.8,27.2,0.0,40.062885029315616
1993-08-13,40.0,25.6,0.0,38.14720303506085
1993-08-14,41.1,26.7,0.0,40.09574847571557
1993-08-15,41.1,23.9,0.0,39.005072790915584
1993-08-16,41.1,26.7,0.0,38.22934471059556
1993-08-17,41.7,27.2,0.0,40.2777378933845
1993-08-18,42.2,28.9,0.0,40.758843069057804
1993-08-19,41.1,29.4,0.0,41.86309564444445
1993-08-20,39.4,27.2,0.0,40.67742350623117
1993-08-21,40.6,28.9,0.0,41.46671187777782
1993-08-22,40.0,27.2,0.0,40.44721410993783
1993-08-23,41.7,28.3,0.0,40.758843069057804
1993-08-24,38.9,23.9,0.5,39.690664211111134
1993-08-25,29.4,22.2,0.0,38.16630760972448
1993-08-26,31.1,25.6,0.0,31.617318406151192
1993-08-27,27.2,22.2,6.4,30.915363245315625
1993-08-28,36.1,23.3,0.3,36.8336682331378
1993-08-29,33.9,22.2,1.5,34.97482682251561
1993-08-30,35.0,22.8,0.3,35.34735951507558
1993-08-31,35.6,26.1,0.0,36.40425372780442
1993-09-01,37.2,26.1,0.0,37.505362613315555
1993-09-02,39.4,27.2,0.0,39.1205244854756
1993-09-03,41.1,27.8,0.0,40.941247777475624
1993-09-04,40.0,27.8,0.0,39.90904047987556
1993-09-05,39.4,27.2,0.0,39.43240366348451
1993-09-06,40.0,27.2,0.0,38.82184079287112
1993-09-07,40.6,27.8,0.0,39.005072790915584
1993-09-08,41.7,25.6,0.0,38.516871477777805
1993-09-09,42.8,26.1,0.0,38.78380501381933
1993-09-10,41.7,27.2,0.0,39.29214650849783
1993-09-11,39.4,27.2,0.0,38.01232357777779
1993-09-12,35.0,26.1,1.5,36.82806789723558
1993-09-13,35.0,25.0,0.0,33.30603208156442
1993-09-14,33.9,21.1,0.0,32.72986434748444
1993-09-15,36.7,22.8,0.0,33.78899461201558
1993-09-16,36.7,23.9,0.0,33.88464449506145
1993-09-17,33.3,21.7,0.0,32.64028509457208
1993-09-18,31.7,18.9,0.0,30.165565455751107
1993-09-19,35.0,19.4,0.0,31.273400458731633
1993-09-20,37.2,20.0,0.0,33.95949560719096
1993-09-21,38.9,21.7,0.0,35.848321741895575
1993-09-22,40.0,23.3,0.0,36.357746250469845
1993-09-23,36.7,22.2,0.0,35.484361514705796
1993-09-24,35.6,24.4,0.0,34.87041881713777
1993-09-25,36.1,22.2,0.0,34.427815724817805
1993-09-26,38.9,20.6,0.0,34.23273655402051
1993-09-27,38.9,23.3,0.0,34.74943524271672
1993-09-28,38.9,22.8,0.0,35.377580196813305
1993-09-29,39.4,23.3,0.0,35.63221867681462
1993-09-30,37.8,25.6,0.0,35.28974281820443
1993-10-01,38.3,22.8,0.0,34.97673137667397
1993-10-02,38.9,22.2,0.0,35.01830607253958
1993-10-03,40.0,22.8,0.0,36.10270824051368
1993-10-04,39.4,23.9,0.0,35.88723762042444
1993-10-05,38.3,26.7,0.0,36.41510044505781
1993-10-06,29.4,20.0,29.7,33.72445795767115
1993-10-07,30.0,20.0,0.0,29.36368185555555
1993-10-08,31.7,18.9,0.0,28.91419919889784
1993-10-09,32.2,20.6,0.0,30.829704868737778
1993-10-10,33.3,20.0,0.0,31.265430708817778
1993-10-11,31.7,21.1,0.0,29.65970892249557
1993-10-12,32.2,21.1,0.0,29.933376361715634
1993-10-13,32.8,19.4,0.0,30.28977988803559
1993-10-14,32.8,20.6,0.0,30.224451648551117
1993-10-15,30.6,20.0,0.0,29.80980657513561
1993-10-16,23.9,16.7,2.5,27.005000477135567
1993-10-17,25.6,16.7,0.0,25.33861111111111
1993-10-18,25.6,15.0,0.0,24.617222222222225
1993-10-19,27.2,12.8,0.0,26.33694444444444
1993-10-20,28.9,13.9,0.0,26.951463358051168
1993-10-21,31.1,15.6,0.0,28.15134625555558
1993-10-22,29.4,19.4,0.0,27.685917222915585
1993-10-23,32.2,15.6,0.0,28.90615223644336
1993-10-24,31.7,16.1,0.0,29.018633022664442
1993-10-25,32.8,18.9,0.0,29.519918574424455
1993-10-26,31.1,16.7,0.0,29.029682542337824
1993-10-27,26.7,20.0,0.0,28.610769807964466
1993-10-28,27.8,16.1,0.0,26.389166666666668
1993-10-29,27.2,16.1,0.0,26.36305555555556
1993-10-30,25.6,15.0,0.0,25.70694444444445
1993-10-31,23.3,12.8,0.0,24.382222222222225
1993-11-01,25.6,12.2,0.0,23.84361111111111
1993-11-02,26.7,11.1,0.0,26.154166666666665
1993-11-03,28.9,11.7,0.0,27.120523409010477
1993-11-04,27.2,12.2,0.0,26.21944444444445
1993-11-05,26.1,12.2,0.0,25.576388888888896
1993-11-06,26.7,11.7,0.0,25.064444444444437
1993-11-07,25.6,11.1,0.0,25.103611111111107
1993-11-08,26.1,11.1,0.0,25.090555555555554
1993-11-09,27.2,11.1,0.0,26.2325
1993-11-10,27.8,12.2,0.0,26.48047843731561
1993-11-11,21.7,12.8,2.3,25.103611111111107
1993-11-12,17.2,10.0,2.5,19.44555555555556
1993-11-13,15.0,8.9,11.2,15.807500000000005
1993-11-14,11.7,8.9,40.1,11.200555555555557
1993-11-15,13.9,7.8,14.7,12.68472222222222
1993-11-16,18.9,6.1,0.0,17.79111111111111
1993-11-17,22.2,10.0,0.0,21.716388888888883
1993-11-18,23.3,10.0,0.0,22.385555555555563
1993-11-19,22.8,9.4,0.0,22.333333333333343
1993-11-20,22.8,8.3,0.0,22.241944444444453
1993-11-21,23.3,7.8,0.0,22.268055555555563
1993-11-22,23.3,15.0,0.0,22.398611111111116
1993-11-23,24.4,15.6,0.0,24.196111111111108
1993-11-24,22.2,11.1,0.0,23.054166666666667
1993-11-25,19.4,6.7,0.0,20.179999999999993
1993-11-26,18.3,3.9,0.0,16.965833333333336
1993-11-27,18.9,5.0,0.0,18.081666666666663
1993-11-28,24.4,10.6,0.0,23.30555555555555
1993-11-29,23.9,9.4,0.0,22.701666666666668
1993-11-30,21.1,8.3,0.0,21.546666666666663
1993-12-01,21.7,7.8,0.0,21.139166666666668
1993-12-02,22.8,7.8,0.0,21.59888888888888
1993-12-03,21.1,8.3,0.0,20.483055555555566
1993-12-04,21.7,6.7,0.0,20.365555555555563
1993-12-05,22.2,6.1,0.0,21.520555555555553
1993-12-06,23.3,7.2,0.0,22.15055555555556
1993-12-07,23.3,7.2,0.0,22.189722222222233
1993-12-08,18.9,9.4,0.0,21.572777777777773
1993-12-09,22.8,6.7,0.0,22.29416666666667
1993-12-10,24.4,7.8,0.0,23.410000000000004
1993-12-11,23.3,11.1,0.0,21.67722222222221
1993-12-12,17.2,9.4,0.0,20.574444444444445
1993-12-13,18.3,5.0,0.0,17.005000000000006
1993-12-14,20.6,5.6,0.0,19.35416666666667
1993-12-15,15.0,7.2,0.5,18.251388888888883
1993-12-16,16.7,4.4,0.0,15.350555555555555
1993-12-17,18.3,4.4,0.0,17.53
1993-12-18,21.1,8.9,0.0,19.380277777777778
1993-12-19,16.7,6.1,0.0,18.264444444444436
1993-12-20,17.8,4.4,0.0,16.414166666666663
1993-12-21,13.3,6.1,0.0,16.38805555555555
1993-12-22,16.7,2.2,0.0,15.089444444444446
1993-12-23,15.6,1.7,0.0,14.577499999999995
1993-12-24,16.1,2.8,0.0,14.551388888888887
1993-12-25,21.7,2.8,0.0,21.008611111111108
1993-12-26,20.0,8.3,0.0,19.879722222222224
1993-12-27,19.4,10.0,0.0,18.251388888888883
1993-12-28,21.7,10.6,0.0,21.230555555555558
1993-12-29,21.7,7.8,0.0,21.100000000000005
1993-12-30,20.6,12.8,0.0,20.075555555555553
1993-12-31,22.8,10.6,0.0,22.359444444444453
1994-01-01,21.1,8.3,0.0,20.626666666666676
1994-01-02,21.1,7.2,0.0,20.600555555555566
1994-01-03,22.8,7.2,0.0,21.59888888888888
1994-01-04,25.6,7.2,0.0,23.88277777777778
1994-01-05,20.0,10.0,0.0,22.740833333333327
1994-01-06,18.3,6.7,0.0,18.21222222222222
1994-01-07,18.3,3.3,0.0,16.913611111111113
1994-01-08,20.0,3.9,0.0,19.197499999999998
1994-01-09,18.3,3.9,0.0,17.425555555555555
1994-01-10,18.3,3.3,0.0,16.952777777777776
1994-01-11,20.6,4.4,0.0,19.236666666666668
1994-01-12,20.0,4.4,0.0,18.619722222222222
1994-01-13,21.1,5.0,0.0,20.391666666666673
1994-01-14,24.4,8.3,0.0,23.39694444444444
1994-01-15,22.8,10.6,0.0,22.22888888888889
1994-01-16,21.1,6.7,0.0,20.456944444444446
1994-01-17,22.8,6.1,0.0,22.098333333333343
1994-01-18,25.0,6.7,0.0,23.84361111111111
1994-01-19,26.7,8.3,0.0,25.0775
1994-01-20,24.4,8.3,0.0,24.447500000000005
1994-01-21,26.1,7.8,0.0,25.064444444444437
1994-01-22,25.6,8.9,0.0,25.090555555555554
1994-01-23,22.2,11.7,0.0,23.830555555555563
1994-01-24,23.9,9.4,0.0,22.753888888888884
1994-01-25,16.1,8.9,3.3,22.22888888888889
1994-01-26,16.1,5.6,0.0,15.376666666666669
1994-01-27,16.7,5.0,0.0,14.22166666666667
1994-01-28,15.0,5.6,0.0,13.656944444444441
1994-01-29,16.7,5.6,0.0,15.350555555555555
1994-01-30,17.8,4.4,0.0,16.401111111111106
1994-01-31,16.1,5.0,0.0,16.38805555555555
1994-02-01,16.1,1.7,0.0,14.564444444444442
1994-02-02,16.7,5.6,0.0,15.102500000000001
1994-02-03,20.0,5.0,0.0,18.567500000000006
1994-02-04,20.6,6.7,0.3,18.632777777777775
1994-02-05,21.1,9.4,0.0,19.99722222222222
1994-02-06,22.8,7.8,0.0,21.664166666666663
1994-02-07,15.6,10.0,9.7,21.139166666666668
1994-02-08,17.2,10.0,3.3,16.346111111111114
1994-02-09,17.8,8.3,0.3,16.714444444444446
1994-02-10,18.3,7.2,0.0,17.279166666666672
1994-02-11,18.3,8.3,0.0,17.005000000000006
1994-02-12,17.8,5.0,0.0,16.348888888888887
1994-02-13,21.1,8.9,0.0,20.339444444444453
1994-02-14,23.3,9.4,0.0,22.163611111111113
1994-02-15,25.0,8.3,0.0,23.921944444444446
1994-02-16,26.7,9.4,0.0,25.16888888888889
1994-02-17,25.0,14.4,0.3,24.525833333333335
1994-02-18,17.8,11.1,0.0,23.96111111111111
1994-02-19,17.2,10.0,0.0,16.348888888888887
1994-02-20,20.6,6.1,0.0,19.32805555555556
1994-02-21,18.9,10.0,0.0,18.724166666666672
1994-02-22,18.9,6.7,0.0,17.503888888888888
1994-02-23,18.9,6.1,0.0,18.133888888888883
1994-02-24,23.3,5.6,0.0,22.636388888888884
1994-02-25,25.0,8.9,0.0,23.804444444444453
1994-02-26,26.1,9.4,0.0,25.103611111111107
1994-02-27,24.4,10.0,0.0,23.357777777777773
1994-02-28,23.9,11.7,0.0,23.31861111111111
1994-03-01,25.6,9.4,0.0,23.88277777777778
1994-03-02,27.2,9.4,0.0,26.297777777777785
1994-03-03,27.8,13.9,0.0,26.56073681420451
1994-03-04,28.3,15.6,0.0,26.56073681420451
1994-03-05,27.2,11.7,0.0,26.56073681420451
1994-03-06,26.1,12.8,0.0,25.74611111111112
1994-03-07,17.2,9.4,12.7,25.22111111111111
1994-03-08,18.3,7.8,0.0,17.34444444444445
1994-03-09,22.8,8.9,0.0,21.72944444444444
1994-03-10,26.1,10.0,0.0,25.195
1994-03-11,23.3,12.2,0.0,25.181944444444436
1994-03-12,22.2,8.9,0.8,21.742499999999993
1994-03-13,25.6,12.8,0.0,23.90888888888889
1994-03-14,26.7,13.3,0.0,25.73305555555556
1994-03-15,28.3,12.8,0.0,26.68972755820452
1994-03-16,30.6,13.9,0.0,28.18643024444445
1994-03-17,30.0,14.4,0.0,28.18643024444445
1994-03-18,23.9,15.6,0.0,27.4745824958845
1994-03-19,19.4,13.9,4.6,22.936666666666667
1994-03-20,22.2,14.4,0.3,21.859999999999992
1994-03-21,25.0,11.7,0.0,24.039444444444445
1994-03-22,26.7,13.3,0.0,26.376111111111115
1994-03-23,23.3,13.9,0.0,26.323888888888895
1994-03-24,25.0,10.6,0.0,24.617222222222225
1994-03-25,19.4,10.0,16.3,23.96111111111111
1994-03-26,16.7,9.4,0.0,16.845
1994-03-27,23.3,8.3,0.0,22.307222222222226
1994-03-28,23.3,10.6,0.0,22.281111111111116
1994-03-29,27.2,10.0,0.0,26.271666666666665
1994-03-30,28.9,12.8,0.0,26.540786549457824
1994-03-31,30.0,14.4,0.0,27.668524419964463
1994-04-01,30.6,14.4,0.0,28.619330886737796
1994-04-02,30.0,13.9,0.0,28.607049142595585
1994-04-03,31.1,15.6,0.0,28.619330886737796
1994-04-04,27.8,16.7,0.0,28.133183644444404
1994-04-05,24.4,14.4,0.0,26.09496090001778
1994-04-06,26.7,11.7,0.0,25.064444444444437
1994-04-07,25.6,13.3,0.0,25.60250000000001
1994-04-08,26.7,15.6,0.0,26.24555555555556
1994-04-09,23.3,13.3,0.0,25.61555555555556
1994-04-10,22.2,12.8,0.0,21.703333333333326
1994-04-11,26.1,10.0,0.0,24.56500000000001
1994-04-12,29.4,13.3,0.0,27.57697936203664
1994-04-13,31.1,15.0,0.0,28.411119738469868
1994-04-14,31.1,15.0,0.0,28.506664233830488
1994-04-15,33.3,15.6,0.0,30.31718712192291
1994-04-16,37.8,18.9,0.0,34.13810030495181
1994-04-17,36.1,21.7,0.0,33.58698929119677
1994-04-18,34.4,18.9,0.0,32.26337892222221
1994-04-19,36.7,18.9,0.0,33.303229336731626
1994-04-20,37.2,19.4,0.0,34.09983810651561
1994-04-21,36.7,20.0,0.0,34.60233562131555
1994-04-22,35.0,21.7,0.0,33.78899461201558
1994-04-23,33.3,21.1,0.0,31.98958014673779
1994-04-24,24.4,12.2,0.0,29.58403550105782
1994-04-25,22.2,9.4,0.0,21.06083333333334
1994-04-26,21.7,11.1,2.3,21.047777777777775
1994-04-27,20.0,10.6,0.0,19.984166666666663
1994-04-28,24.4,11.7,0.0,23.33166666666666
1994-04-29,25.6,11.7,0.0,24.551944444444445
1994-04-30,28.3,14.4,0.0,26.49263152332448
1994-05-01,30.0,15.0,0.0,27.299166898337837
1994-05-02,31.1,16.1,0.0,28.506664233830488
1994-05-03,32.8,17.8,0.0,29.519918574424455
1994-05-04,36.1,18.9,0.0,32.26337892222221
1994-05-05,36.1,19.4,0.0,32.64028509457208
1994-05-06,33.3,18.9,0.0,32.08532983333335
1994-05-07,28.3,16.1,0.0,29.692491098716737
1994-05-08,28.9,15.0,0.0,26.860912138817824
1994-05-09,26.7,18.3,0.0,26.33694444444444
1994-05-10,27.8,14.4,0.0,26.632283376551136
1994-05-11,28.3,17.8,1.3,26.790513540817827
1994-05-12,31.1,16.7,0.0,28.701979335875574
1994-05-13,35.0,19.4,0.0,32.123144788497775
1994-05-14,36.7,21.1,0.0,33.36515659649784
1994-05-15,38.3,21.7,0.0,34.97673137667397
1994-05-16,35.0,18.9,0.0,34.3109368188178
1994-05-17,31.7,17.8,0.0,30.892880994515604
1994-05-18,30.0,17.2,0.0,29.09490028538446
1994-05-19,28.9,15.6,0.0,26.928405505235606
1994-05-20,30.6,15.6,0.0,28.32041565651366
1994-05-21,35.0,16.1,0.0,30.38866942100843
1994-05-22,35.6,18.9,0.0,31.91643738888892
1994-05-23,36.1,21.1,0.0,32.574688277777824
1994-05-24,31.7,17.2,8.6,33.0933687999645
1994-05-25,23.9,16.7,0.0,26.65027777777778
1994-05-26,31.1,17.2,0.0,29.0329700379378
1994-05-27,36.1,22.2,0.0,33.04518861111118
1994-05-28,37.8,23.3,0.0,35.129839901457785
1994-05-29,37.8,21.7,0.0,34.97673137667397
1994-05-30,40.6,21.7,0.0,37.91065365003668
1994-05-31,38.9,26.1,0.0,36.10281825844337
1994-06-01,38.3,20.6,0.0,35.654018935395584
1994-06-02,40.0,22.8,0.0,36.22693438969557
1994-06-03,41.7,23.3,0.0,36.7539235721255
1994-06-04,39.4,23.3,0.0,36.2977330401764
1994-06-05,40.6,22.2,0.0,35.754293935556916
1994-06-06,40.0,22.2,0.0,35.21451105473334
1994-06-07,37.2,22.2,0.0,34.41081126292361
1994-06-08,38.9,22.8,0.0,34.60109775231118
1994-06-09,41.7,23.3,0.0,37.00126303309361
1994-06-10,43.3,24.4,0.0,39.81526990014913
1994-06-11,42.8,26.7,0.0,39.330176757278565
1994-06-12,42.2,26.7,0.0,38.78380501381933
1994-06-13,41.1,25.0,0.0,37.83137135202459
1994-06-14,39.4,23.9,0.0,36.70530588031804
1994-06-15,39.4,22.2,0.0,35.86086571596193
1994-06-16,38.9,22.8,0.0,35.606575721352186
1994-06-17,34.4,25.6,0.0,35.606575721352186
1994-06-18,40.0,23.3,0.0,36.82806789723558
1994-06-19,40.0,26.7,0.0,37.759060876497806
1994-06-20,33.9,27.8,0.0,37.526354610915575
1994-06-21,35.0,27.8,0.0,33.89747241697559
1994-06-22,40.6,27.2,0.0,39.1205244854756
1994-06-23,43.3,28.9,0.0,42.28423951745782
1994-06-24,46.7,28.9,0.0,43.31386584201555
1994-06-25,46.7,28.9,0.0,42.83215080036446
1994-06-26,46.7,28.9,0.0,43.31386584201555
1994-06-27,42.8,31.7,0.0,43.31386584201555
1994-06-28,46.7,29.4,0.0,43.72358126663115
1994-06-29,47.2,31.7,0.0,45.700212305991165
1994-06-30,42.2,31.7,0.0,45.42885352866446
1994-07-01,43.3,30.0,0.0,41.44492824545783
1994-07-02,43.9,30.6,0.0,42.997006461057836
1994-07-03,42.8,30.0,0.0,42.56556114769562
1994-07-04,42.2,26.1,0.0,40.38496398732446
1994-07-05,40.6,27.2,0.0,39.640043598015566
1994-07-06,40.0,25.6,0.0,38.01232357777779
1994-07-07,42.8,23.9,0.0,41.075985595395565
1994-07-08,44.4,25.6,0.0,41.82949212620453
1994-07-09,42.8,27.8,0.0,39.75828745440933
1994-07-10,42.2,28.3,0.0,40.2777378933845
1994-07-11,42.8,28.9,0.0,41.11624653890447
1994-07-12,42.2,27.2,0.0,41.11624653890447
1994-07-13,42.8,25.6,0.0,39.48119219451558
1994-07-14,42.8,27.8,0.0,40.062885029315616
1994-07-15,41.7,26.7,0.0,39.63218143677827
1994-07-16,40.0,27.2,0.0,39.343218934337784
1994-07-17,35.6,25.0,0.5,38.391313654175605
1994-07-18,32.2,22.8,4.6,32.53139821281776
1994-07-19,34.4,23.9,0.0,34.77222676805112
1994-07-20,38.9,25.0,0.0,38.07419268615775
1994-07-21,41.1,28.3,0.0,40.238860733671075
1994-07-22,42.2,29.4,0.0,41.87664238005113
1994-07-23,42.2,31.7,0.0,42.27963475135108
1994-07-24,42.2,30.0,0.0,43.07691115255113
1994-07-25,42.2,30.0,0.0,42.27963475135108
1994-07-26,39.4,31.7,0.0,42.69782342313561
1994-07-27,41.1,31.1,0.0,40.941247777475624
1994-07-28,42.8,25.6,1.3,46.53429862131556
1994-07-29,40.0,26.1,0.0,43.41578131503781
1994-07-30,39.4,29.4,0.0,41.98503150087119
1994-07-31,40.6,30.6,0.0,41.46671187777782
1994-08-01,42.2,30.6,0.0,41.98503150087119
1994-08-02,43.9,29.4,0.0,41.752300926424454
1994-08-03,45.0,28.3,0.0,41.370486018515564
1994-08-04,42.8,29.4,0.0,41.066113634466106
1994-08-05,45.0,32.2,0.0,43.16308674396446
1994-08-06,42.2,31.7,0.0,43.62720431473778
1994-08-07,41.7,30.6,0.0,42.69782342313561
1994-08-08,36.7,27.2,0.3,41.87664238005113
1994-08-09,37.8,26.7,0.0,38.70551121452447
1994-08-10,42.2,28.9,0.0,42.69782342313561
1994-08-11,44.4,31.7,0.0,42.28423951745782
1994-08-12,39.4,28.3,0.0,42.8331131087645
1994-08-13,41.7,30.6,0.0,42.128902611884484
1994-08-14,38.3,28.3,0.0,42.128902611884484
1994-08-15,42.2,30.0,0.0,40.974158812771144
1994-08-16,41.1,28.3,0.0,43.84844106103113
1994-08-17,38.9,26.7,0.3,42.94657018156446
1994-08-18,41.1,30.0,0.0,41.86309564444445
1994-08-19,41.7,30.0,0.0,43.87410419476453
1994-08-20,40.6,27.2,0.0,42.10169468371558
1994-08-21,41.1,30.0,0.0,42.10169468371558
1994-08-22,38.9,27.2,0.0,40.941247777475624
1994-08-23,41.1,28.9,0.0,41.313814567484464
1994-08-24,41.7,28.3,0.0,42.128902611884484
1994-08-25,40.6,31.1,0.0,42.69782342313561
1994-08-26,38.9,29.4,0.0,41.28011848668453
1994-08-27,39.4,28.3,0.0,41.44535221371561
1994-08-28,41.1,28.3,0.0,42.51700800993783
1994-08-29,41.1,29.4,0.0,42.51700800993783
1994-08-30,40.0,30.0,0.0,41.86309564444445
1994-08-31,39.4,28.3,0.0,41.86309564444445
1994-09-01,38.9,29.4,0.0,41.848442311464524
1994-09-02,38.9,22.2,34.5,41.44535221371561
1994-09-03,32.8,22.8,0.0,39.09841437255115
1994-09-04,36.7,26.1,0.0,36.84063195146445
1994-09-05,37.8,23.9,0.0,37.505362613315555
1994-09-06,40.0,27.2,0.0,39.37662891111112
1994-09-07,41.7,28.3,0.0,39.777810462424476
1994-09-08,41.7,27.8,0.0,40.2777378933845
1994-09-09,41.1,27.8,0.0,41.313814567484464
1994-09-10,37.8,25.6,0.0,40.01842425555557
1994-09-11,37.2,25.0,0.0,37.547724858995565
1994-09-12,37.8,25.0,0.0,37.26480069285115
1994-09-13,33.9,22.8,3.6,35.585331207404494
1994-09-14,33.3,18.3,0.0,30.027559157457826
1994-09-15,35.6,17.8,0.0,32.82951854444448
1994-09-16,37.8,21.1,0.0,35.64318086775112
1994-09-17,38.3,23.3,0.0,37.34003104305782
1994-09-18,39.4,25.6,0.0,38.391313654175605
1994-09-19,37.8,25.6,0.0,38.391313654175605
1994-09-20,37.8,26.1,0.0,35.46085647363555
1994-09-21,27.8,20.0,5.3,34.80302660788449
1994-09-22,33.3,19.4,0.0,32.21115006887111
1994-09-23,36.1,22.2,0.0,34.70560137393786
1994-09-24,36.7,23.3,0.0,34.988657761597864
1994-09-25,35.6,24.4,0.8,34.51776814771558
1994-09-26,37.2,23.9,0.0,34.98114772339558
1994-09-27,38.3,22.2,0.0,36.22693438969557
1994-09-28,39.4,23.3,0.0,37.10052853596449
1994-09-29,37.2,23.3,0.0,36.37006527099558
1994-09-30,32.8,24.4,0.0,34.627587814175556
1994-10-01,33.9,20.0,0.0,30.892880994515604
1994-10-02,33.9,20.6,0.0,31.046002029057814
1994-10-03,33.9,22.2,0.0,31.85688478077116
1994-10-04,33.9,20.6,0.0,31.160671886595537
1994-10-05,27.2,19.4,0.0,30.742375815751075
1994-10-06,26.7,15.0,0.0,25.785277777777782
1994-10-07,29.4,15.6,0.0,27.44181083817559
1994-10-08,33.9,15.6,0.0,30.892880994515604
1994-10-09,32.2,21.7,0.0,30.472516219324454
1994-10-10,32.8,20.6,0.0,29.94753127932447
1994-10-11,33.3,16.1,0.0,30.954397726817806
1994-10-12,32.8,17.8,0.0,30.62428980620445
1994-10-13,33.9,18.3,0.0,31.771905461075605
1994-10-14,24.4,14.4,0.0,28.681861811111155
1994-10-15,20.6,13.9,14.0,22.845277777777778
1994-10-16,17.2,11.7,0.0,16.267777777777773
1994-10-17,21.7,8.9,0.0,20.600555555555566
1994-10-18,24.4,11.1,0.0,23.48833333333333
1994-10-19,27.2,12.2,0.0,26.46930769731553
1994-10-20,28.9,13.9,0.0,27.141760369117826
1994-10-21,28.9,13.9,0.0,27.4745824958845
1994-10-22,28.3,14.4,0.0,27.141760369117826
1994-10-23,29.4,16.1,0.0,27.943133147715557
1994-10-24,30.6,18.9,0.0,28.814790013475562
1994-10-25,30.0,17.2,0.0,28.553710244444435
1994-10-26,30.0,16.7,0.0,28.212559992871135
1994-10-27,30.6,16.1,0.0,29.0329700379378
1994-10-28,31.1,15.6,0.0,28.971164411715588
1994-10-29,31.1,16.7,0.0,29.0329700379378
1994-10-30,28.9,15.6,0.0,28.553710244444435
1994-10-31,28.9,14.4,0.0,27.636654006764484
1994-11-01,28.3,14.4,0.0,27.224983142015567
1994-11-02,23.9,13.3,0.0,26.46930769731553
1994-11-03,21.1,10.0,0.0,23.014999999999997
1994-11-04,16.1,7.2,0.0,17.161666666666672
1994-11-05,21.1,7.2,0.0,20.587500000000002
1994-11-06,26.7,9.4,0.0,26.467500000000005
1994-11-07,23.9,12.2,0.0,25.85055555555556
1994-11-08,21.1,12.2,0.0,22.411666666666672
1994-11-09,25.0,8.9,0.0,24.130833333333335
1994-11-10,27.8,11.7,0.0,26.53277777777778
1994-11-11,21.7,14.4,0.0,24.747777777777774
1994-11-12,17.2,11.1,17.3,20.428055555555556
1994-11-13,17.8,8.3,0.0,16.662222222222216
1994-11-14,20.0,6.7,0.0,18.86777777777778
1994-11-15,24.4,6.7,0.0,24.130833333333335
1994-11-16,20.0,12.2,0.0,22.988888888888887
1994-11-17,16.1,7.2,0.0,16.54472222222222
1994-11-18,19.4,5.6,0.0,17.765
1994-11-19,11.1,5.0,0.0,16.623055555555553
1994-11-20,12.8,2.2,0.0,11.99
1994-11-21,17.8,2.2,0.0,17.005000000000006
1994-11-22,20.6,6.7,0.0,19.341111111111108
1994-11-23,25.0,10.6,0.0,23.88277777777778
1994-11-24,23.3,9.4,0.0,22.97583333333333
1994-11-25,20.0,11.1,0.0,21.62499999999999
1994-11-26,18.9,7.2,0.0,18.394999999999996
1994-11-27,14.4,5.6,0.0,16.492499999999996
1994-11-28,16.1,1.7,0.0,15.141666666666671
1994-11-29,19.4,2.2,0.0,18.042499999999993
1994-11-30,23.9,8.9,0.0,23.27944444444444
1994-12-01,23.9,7.2,0.0,22.688611111111104
1994-12-02,21.7,6.7,0.0,22.163611111111113
1994-12-03,20.6,6.7,0.0,19.958055555555553
1994-12-04,19.4,7.8,3.3,18.802500000000006
1994-12-05,15.0,11.7,17.0,17.686666666666667
1994-12-06,17.8,12.2,12.7,17.501111111111115
1994-12-07,18.3,10.0,0.0,17.540277777777778
1994-12-08,17.2,7.2,0.0,16.845
1994-12-09,15.6,3.9,0.0,16.032777777777774
1994-12-10,17.8,2.2,0.0,16.978888888888893
1994-12-11,16.1,3.9,0.0,16.33583333333333
1994-12-12,15.0,8.3,0.0,14.24777777777778
1994-12-13,16.1,5.6,0.0,15.468055555555557
1994-12-14,16.1,6.1,0.0,15.021388888888888
1994-12-15,16.7,5.0,0.0,16.006666666666668
1994-12-16,19.4,3.3,0.0,18.75027777777778
1994-12-17,25.0,5.0,0.0,23.830555555555563
1994-12-18,23.3,7.2,0.0,22.753888888888884
1994-12-19,20.6,6.1,0.0,21.585833333333326
1994-12-20,21.1,6.1,0.0,20.496111111111112
1994-12-21,23.9,6.1,0.0,23.34472222222222
1994-12-22,22.2,10.0,0.0,22.22888888888889
1994-12-23,16.7,12.2,21.1,20.496111111111112
1994-12-24,18.9,12.8,1.3,18.000000000000004
1994-12-25,18.9,12.2,16.0,18.525555555555556
1994-12-26,15.0,9.4,5.3,14.717777777777782
1994-12-27,16.1,10.0,0.0,15.742222222222226
1994-12-28,16.1,7.8,0.0,15.690000000000005
1994-12-29,16.1,9.4,0.3,15.21722222222222
1994-12-30,13.3,7.8,0.0,14.613333333333335
1994-12-31,15.0,4.4,0.0,14.32611111111111
1995-01-01,16.7,5.0,0.0,16.006666666666668
1995-01-02,16.7,7.2,0.0,16.16333333333333
1995-01-03,15.0,7.2,0.0,15.533333333333339
1995-01-04,12.8,10.0,16.5,13.891944444444443
1995-01-05,16.7,10.6,6.9,16.215555555555554
1995-01-06,15.0,6.1,0.0,14.469722222222224
1995-01-07,17.8,5.6,0.0,17.174722222222226
1995-01-08,21.1,7.8,0.0,20.101666666666663
1995-01-09,21.1,9.4,0.0,20.166944444444443
1995-01-10,21.1,9.4,0.0,20.652777777777786
1995-01-11,17.2,11.7,3.6,20.166944444444443
1995-01-12,16.1,10.6,3.0,15.308611111111109
1995-01-13,18.9,10.0,0.0,17.947777777777773
1995-01-14,18.9,8.3,0.0,18.551666666666666
1995-01-15,15.0,9.4,0.0,17.947777777777773
1995-01-16,13.9,6.1,0.0,14.587222222222225
1995-01-17,11.7,5.6,2.3,12.488888888888887
1995-01-18,13.3,3.3,0.0,12.3975
1995-01-19,17.8,3.3,0.0,17.005000000000006
1995-01-20,18.3,8.3,0.0,17.096388888888892
1995-01-21,14.4,7.2,0.0,16.479444444444443
1995-01-22,16.1,4.4,0.0,14.890833333333331
1995-01-23,18.3,6.1,0.0,17.712777777777774
1995-01-24,21.1,10.0,0.0,20.626666666666676
1995-01-25,19.4,12.2,3.0,20.075555555555553
1995-01-26,16.7,10.0,0.5,16.13722222222222
1995-01-27,15.6,6.7,0.0,15.021388888888888
1995-01-28,17.8,5.6,0.0,16.58388888888889
1995-01-29,20.0,5.0,0.0,18.685000000000006
1995-01-30,20.0,10.0,0.0,19.314999999999998
1995-01-31,21.7,5.6,0.0,20.483055555555566
1995-02-01,23.9,7.2,0.0,22.85833333333333
1995-02-02,25.6,9.4,0.0,25.3125
1995-02-03,27.8,8.3,0.0,26.867450669315588
1995-02-04,27.8,11.7,0.0,26.546626832551105
1995-02-05,25.6,9.4,0.0,26.115865879395557
1995-02-06,24.4,9.4,0.0,24.59111111111112
1995-02-07,24.4,8.3,0.0,23.948055555555563
1995-02-08,23.9,11.7,0.0,23.42305555555555
1995-02-09,22.2,8.3,0.0,22.34638888888889
1995-02-10,20.0,8.3,0.0,20.522222222222222
1995-02-11,20.0,8.3,0.0,18.880833333333335
1995-02-12,20.6,7.8,2.3,19.432499999999997
1995-02-13,17.8,12.8,2.0,19.393333333333334
1995-02-14,19.4,13.9,0.0,18.695277777777775
1995-02-15,19.4,12.8,1.3,18.695277777777775
1995-02-16,21.7,10.0,0.0,20.718055555555566
1995-02-17,22.8,10.0,0.0,22.411666666666672
1995-02-18,27.2,10.0,0.0,26.297777777777785
1995-02-19,28.3,11.1,0.0,26.860912138817824
1995-02-20,29.4,13.9,0.0,27.324429869697802
1995-02-21,25.6,16.1,1.5,26.56073681420451
1995-02-22,20.6,13.9,1.5,24.15694444444445
1995-02-23,23.3,11.7,0.0,22.54222222222223
1995-02-24,24.4,12.2,0.0,24.104722222222218
1995-02-25,24.4,11.7,0.0,24.065555555555562
1995-02-26,24.4,12.2,0.0,23.56666666666666
1995-02-27,24.4,12.8,0.0,24.130833333333335
1995-02-28,22.2,13.9,0.0,24.07861111111111
1995-03-01,21.1,13.3,0.0,21.36111111111111
1995-03-02,22.2,12.2,0.0,21.348055555555558
1995-03-03,23.3,12.2,0.0,22.97583333333333
1995-03-04,22.8,15.6,0.0,21.859999999999992
1995-03-05,22.8,14.4,1.5,22.516111111111115
1995-03-06,22.2,12.2,11.9,21.820833333333326
1995-03-07,23.3,10.0,0.0,22.76694444444444
1995-03-08,22.8,9.4,0.0,22.241944444444453
1995-03-09,25.6,8.9,0.0,24.59111111111112
1995-03-10,27.8,11.7,0.0,26.33694444444444
1995-03-11,21.1,11.7,13.0,26.330451283057805
1995-03-12,20.6,11.7,0.0,19.61527777777778
1995-03-13,23.3,10.0,0.0,22.398611111111116
1995-03-14,27.2,11.1,0.0,26.42833333333333
1995-03-15,30.6,12.2,0.0,28.16677307777778
1995-03-16,30.6,12.8,0.0,28.701979335875574
1995-03-17,30.6,15.6,0.0,28.238435611111115
1995-03-18,30.0,16.1,0.0,27.860668231484485
1995-03-19,28.3,13.9,0.0,27.7640842376711
1995-03-20,30.0,13.9,0.0,27.900093130897783
1995-03-21,27.8,16.1,0.0,27.900093130897783
1995-03-22,23.9,11.7,0.0,26.40222222222222
1995-03-23,23.3,11.1,0.0,22.793055555555558
1995-03-24,18.9,11.7,0.0,22.910555555555558
1995-03-25,18.3,8.3,0.0,17.057222222222222
1995-03-26,20.6,6.1,0.0,19.21055555555556
1995-03-27,22.2,6.7,0.0,21.520555555555553
1995-03-28,22.2,7.8,0.0,21.50749999999999
1995-03-29,22.8,7.8,0.0,21.50749999999999
1995-03-30,23.9,8.3,0.0,22.662499999999994
1995-03-31,26.1,11.7,0.0,24.42138888888889
1995-04-01,27.8,11.1,0.0,26.21944444444445
1995-04-02,26.1,12.8,0.0,26.21944444444445
1995-04-03,29.4,12.8,0.0,27.341709087384487
1995-04-04,30.6,14.4,0.0,28.18643024444445
1995-04-05,31.7,15.0,0.0,29.310493803884487
1995-04-06,31.7,15.0,0.0,29.369647099597817
1995-04-07,31.1,14.4,0.0,28.617893028813327
1995-04-08,28.3,15.6,0.0,27.492323146882175
1995-04-09,23.9,13.3,0.0,26.297777777777785
1995-04-10,23.3,11.1,0.0,22.098333333333343
1995-04-11,25.6,10.0,0.0,25.038333333333327
1995-04-12,30.6,12.2,0.0,27.57697936203664
1995-04-13,31.1,14.4,0.0,28.67405660348446
1995-04-14,25.6,16.1,0.0,28.18643024444445
1995-04-15,21.7,14.4,0.0,23.895833333333332
1995-04-16,23.9,7.8,2.3,22.753888888888884
1995-04-17,17.2,7.8,0.0,16.098055555555554
1995-04-18,18.3,8.9,2.3,17.279166666666672
1995-04-19,13.9,8.3,2.8,17.25305555555556
1995-04-20,21.7,7.8,0.0,20.600555555555566
1995-04-21,21.1,12.2,0.0,20.600555555555566
1995-04-22,25.6,9.4,0.0,24.59111111111112
1995-04-23,28.9,11.7,0.0,27.412137668471157
1995-04-24,31.1,13.9,0.0,28.971164411715588
1995-04-25,31.7,13.9,0.0,29.43414525931556
1995-04-26,33.3,16.1,0.0,30.189251617214715
1995-04-27,33.9,18.9,0.0,30.068349315190954
1995-04-28,31.1,18.3,0.0,30.357033287605734
1995-04-29,32.2,17.8,0.0,30.165565455751107
1995-04-30,33.9,21.1,0.0,31.94996769247113
1995-05-01,33.9,21.7,0.0,32.051154196175595
1995-05-02,31.1,21.1,0.0,30.165565455751107
1995-05-03,31.7,16.7,0.0,28.67405660348446
1995-05-04,33.9,17.8,0.0,30.357033287605734
1995-05-05,23.9,16.7,0.0,30.068349315190954
1995-05-06,20.6,13.3,0.0,22.25500000000001
1995-05-07,22.2,10.0,2.3,20.522222222222222
1995-05-08,25.0,12.2,0.0,24.59111111111112
1995-05-09,29.4,14.4,0.0,27.324429869697802
1995-05-10,32.2,16.1,0.0,29.018633022664442
1995-05-11,32.8,17.8,0.0,29.93373941331559
1995-05-12,31.1,18.9,0.0,29.519918574424455
1995-05-13,30.6,20.0,0.0,28.650974284497806
1995-05-14,31.7,18.3,0.0,29.208221804471123
1995-05-15,30.6,17.8,0.0,28.393210477777806
1995-05-16,26.7,18.3,0.0,28.307362355555572
1995-05-17,27.8,15.0,0.0,26.376111111111115
1995-05-18,32.2,16.7,0.0,29.55671771569561
1995-05-19,35.0,18.9,0.0,32.65047505555558
1995-05-20,35.6,20.6,0.0,32.26337892222221
1995-05-21,36.1,20.0,0.0,32.46390307266697
1995-05-22,33.3,20.6,0.0,31.91643738888892
1995-05-23,29.4,17.8,0.0,29.58153001144398
1995-05-24,30.6,17.8,0.0,28.18643024444445
1995-05-25,31.1,17.8,0.0,28.619330886737796
1995-05-26,31.7,16.7,0.0,29.09490028538446
1995-05-27,33.3,19.4,0.0,30.534336607395534
1995-05-28,34.4,22.2,0.0,31.468562742664492
1995-05-29,33.9,21.7,0.0,31.56558905401558
1995-05-30,36.1,20.6,0.0,33.78899461201558
1995-05-31,38.3,21.7,0.0,34.330119706855676
1995-06-01,40.6,22.2,0.0,36.44696577746111
1995-06-02,32.2,20.6,0.0,36.10270824051368
1995-06-03,34.4,21.1,0.0,31.51302410233781
1995-06-04,36.7,21.1,0.0,33.0933687999645
1995-06-05,37.8,22.2,0.0,34.717395583324446
1995-06-06,34.4,22.2,0.0,35.215786421315585
1995-06-07,32.2,20.6,0.0,31.468562742664492
1995-06-08,27.2,18.3,0.0,29.535345406817815
1995-06-09,32.8,16.1,0.0,29.58153001144398
1995-06-10,37.2,18.3,0.0,33.48650723760654
1995-06-11,41.7,21.7,0.0,37.26316031936528
1995-06-12,43.3,24.4,0.0,40.062885029315616
1995-06-13,41.7,25.6,0.0,39.68872027795486
1995-06-14,41.1,25.6,0.0,37.316018065132084
1995-06-15,38.9,23.3,0.0,37.53998692304316
1995-06-16,28.3,22.2,0.0,33.48650723760654
1995-06-17,28.3,17.2,0.0,27.318101132851165
1995-06-18,34.4,17.2,0.0,31.71921145788158
1995-06-19,37.2,20.0,0.0,33.303229336731626
1995-06-20,38.3,22.2,0.0,35.88723762042444
1995-06-21,38.3,22.2,0.0,35.35010501532445
1995-06-22,39.4,21.7,0.0,35.654018935395584
1995-06-23,40.6,22.8,0.0,36.20235041904861
1995-06-24,42.8,24.4,0.0,38.65995340797939
1995-06-25,43.3,25.0,0.0,39.99578461027292
1995-06-26,42.2,26.1,0.0,40.375514202452045
1995-06-27,42.2,26.1,0.0,40.38496398732446
1995-06-28,42.2,27.2,0.0,40.41663589969555
1995-06-29,41.7,28.3,0.0,40.758843069057804
1995-06-30,41.1,26.7,0.0,40.2777378933845
1995-07-01,41.1,27.2,0.0,38.25773515555556
1995-07-02,40.0,27.2,0.0,37.78063674444445
1995-07-03,37.2,22.8,0.0,35.86086571596193
1995-07-04,39.4,24.4,0.0,36.907408726595605
1995-07-05,41.1,25.6,0.0,37.78063674444445
1995-07-06,43.3,26.1,0.0,40.2777378933845
1995-07-07,45.0,27.8,0.0,41.25119152944905
1995-07-08,43.9,31.1,0.0,41.85636884972194
1995-07-09,43.9,29.4,0.0,41.6670155482201
1995-07-10,42.8,29.4,0.0,40.9568667861973
1995-07-11,41.1,29.4,0.0,40.72266417601779
1995-07-12,39.4,28.9,0.0,39.690664211111134
1995-07-13,38.3,26.7,0.0,38.07419268615775
1995-07-14,40.6,27.2,0.0,38.0049626274845
1995-07-15,37.8,28.3,0.0,39.07631835555556
1995-07-16,34.4,27.2,0.0,37.60369765459558
1995-07-17,38.9,26.1,0.0,38.391313654175605
1995-07-18,37.8,30.6,0.0,38.07419268615775
1995-07-19,40.6,27.2,0.0,40.359909044444436
1995-07-20,41.1,29.4,0.0,40.359909044444436
1995-07-21,41.1,28.9,0.0,39.06107592666449
1995-07-22,40.0,24.4,0.0,39.005072790915584
1995-07-23,40.6,23.3,0.0,36.70530588031804
1995-07-24,42.8,25.0,0.0,39.48119219451558
1995-07-25,45.0,25.6,0.0,40.559791022363484
1995-07-26,46.7,25.6,0.0,43.31386584201555
1995-07-27,47.8,28.3,0.0,46.95023649132447
1995-07-28,49.4,29.4,0.0,47.09988528509111
1995-07-29,46.1,31.7,0.0,45.109787654717806
1995-07-30,45.0,31.1,0.0,43.868335853697786
1995-07-31,43.9,30.6,0.0,43.16308674396446
1995-08-01,45.0,31.1,0.0,42.56556114769562
1995-08-02,43.9,30.6,0.0,44.39060321205115
1995-08-03,45.0,30.6,0.0,45.12424724348445
1995-08-04,45.0,31.1,0.0,44.973126555555616
1995-08-05,45.0,30.6,0.0,45.12424724348445
1995-08-06,45.6,30.6,0.0,45.12424724348445
1995-08-07,43.9,31.7,0.0,43.90952749323557
1995-08-08,44.4,31.7,0.0,43.40066278201559
1995-08-09,44.4,32.2,0.0,43.58821889175118
1995-08-10,43.9,33.3,0.0,45.40238505513562
1995-08-11,41.1,26.1,0.0,45.40238505513562
1995-08-12,38.9,25.6,0.0,42.51700800993783
1995-08-13,42.8,30.0,0.0,43.57978966815777
1995-08-14,41.1,22.8,26.7,44.46492125505784
1995-08-15,33.9,24.4,2.0,40.81187522956455
1995-08-16,35.6,26.7,0.0,38.15792965555557
1995-08-17,38.3,27.8,0.0,39.77861343452447
1995-08-18,39.4,28.3,0.0,38.679649287884494
1995-08-19,37.8,23.9,19.8,38.78692140841783
1995-08-20,37.8,22.8,40.4,39.43263444819561
1995-08-21,37.8,23.3,0.0,39.77861343452447
1995-08-22,41.1,28.3,0.0,41.08405285555559
1995-08-23,40.6,28.3,0.0,42.10169468371558
1995-08-24,34.4,26.7,0.0,42.10169468371558
1995-08-25,38.3,26.7,0.0,39.43263444819561
1995-08-26,39.4,28.3,0.0,41.055012611971144
1995-08-27,41.1,28.3,0.0,40.31258489649559
1995-08-28,41.7,28.9,0.0,40.2777378933845
1995-08-29,42.8,31.1,0.0,43.57978966815777
1995-08-30,41.7,29.4,0.0,43.13120839540448
1995-08-31,43.9,30.0,0.0,44.53817056803559
1995-09-01,42.8,31.1,0.0,43.13120839540448
1995-09-02,43.3,30.6,0.0,43.07691115255113
1995-09-03,42.2,28.9,0.0,40.062885029315616
1995-09-04,42.8,28.3,0.0,41.44492824545783
1995-09-05,38.9,30.6,0.0,41.28011848668453
1995-09-06,40.6,28.9,0.0,42.692873994975585
1995-09-07,36.7,23.9,3.0,41.313814567484464
1995-09-08,38.9,27.2,0.0,38.96840892532447
1995-09-09,37.2,27.2,0.0,38.65812506511781
1995-09-10,37.8,26.1,0.0,36.731202326015556
1995-09-11,38.9,26.1,0.0,36.972552744817804
1995-09-12,40.6,25.0,0.0,38.732247918737784
1995-09-13,41.7,24.4,0.0,39.343218934337784
1995-09-14,39.4,26.7,0.0,39.343218934337784
1995-09-15,36.1,27.2,0.0,36.61547828090448
1995-09-16,36.1,24.4,0.0,35.55417157287113
1995-09-17,37.2,25.0,0.0,35.60670538276444
1995-09-18,37.8,26.7,0.0,36.316484243971146
1995-09-19,37.8,24.4,0.0,36.011429689395634
1995-09-20,38.3,24.4,0.0,36.22693438969557
1995-09-21,38.3,25.0,0.0,37.28988247135115
1995-09-22,37.2,26.1,0.0,36.402953703751095
1995-09-23,36.7,24.4,0.0,35.129839901457785
1995-09-24,37.2,24.4,0.0,34.627587814175556
1995-09-25,36.7,23.9,0.0,34.80302660788449
1995-09-26,37.2,23.9,0.0,35.46085647363555
1995-09-27,36.1,21.7,9.7,35.55417157287113
1995-09-28,31.7,20.6,14.7,35.108367144444465
1995-09-29,30.6,22.2,0.0,31.5090838789956
1995-09-30,31.7,18.3,0.0,29.06781617369778
1995-10-01,32.8,17.2,0.0,30.027559157457826
1995-10-02,34.4,17.8,0.0,31.890353110595566
1995-10-03,35.0,18.9,0.0,31.93567442796443
1995-10-04,33.9,18.3,0.0,31.93567442796443
1995-10-05,31.1,16.1,0.0,30.919878414424474
1995-10-06,32.8,15.6,0.0,29.94753127932447
1995-10-07,32.8,16.1,0.0,30.472516219324454
1995-10-08,33.3,16.7,0.0,30.472516219324454
1995-10-09,34.4,16.7,0.0,31.98958014673779
1995-10-10,35.6,17.2,0.0,32.574688277777824
1995-10-11,37.8,18.3,0.0,34.330119706855676
1995-10-12,36.1,21.7,0.0,34.330119706855676
1995-10-13,36.7,18.9,0.0,33.78899461201558
1995-10-14,36.7,18.3,0.0,34.43261115769557
1995-10-15,37.2,21.1,0.0,34.98114772339558
1995-10-16,34.4,20.0,0.0,34.43261115769557
1995-10-17,32.8,18.3,0.0,31.046002029057814
1995-10-18,34.4,16.7,0.0,30.98010220221708
1995-10-19,33.9,16.1,0.0,30.954397726817806
1995-10-20,35.0,16.7,0.0,32.65047505555558
1995-10-21,33.9,17.8,0.0,31.98958014673779
1995-10-22,29.4,17.2,0.0,30.954397726817806
1995-10-23,27.2,11.1,0.0,26.49263152332448
1995-10-24,26.7,12.2,0.0,26.180277777777786
1995-10-25,27.8,11.1,0.0,25.982182158452005
1995-10-26,28.3,11.7,0.0,26.48047843731561
1995-10-27,30.0,12.8,0.0,28.140149777777783
1995-10-28,30.6,14.4,0.0,28.133183644444404
1995-10-29,30.6,15.6,0.0,28.130447855555552
1995-10-30,27.8,16.1,0.0,27.665250694595574
1995-10-31,25.6,16.7,0.0,24.760833333333338
1995-11-01,23.3,14.4,31.8,23.65805555555555
1995-11-02,22.8,14.4,0.3,22.633611111111115
1995-11-03,26.1,13.3,0.0,25.33861111111111
1995-11-04,25.6,14.4,0.0,25.33861111111111
1995-11-05,22.8,13.9,10.7,24.130833333333335
1995-11-06,21.7,15.0,1.8,21.912222222222212
1995-11-07,24.4,13.9,0.0,23.775555555555552
1995-11-08,27.2,13.3,0.0,26.717046959235613
1995-11-09,26.1,14.4,0.0,26.53277777777778
1995-11-10,24.4,15.0,0.0,25.495277777777776
1995-11-11,26.7,13.3,0.0,26.389166666666668
1995-11-12,26.1,12.2,0.0,25.811388888888896
1995-11-13,27.2,12.8,0.0,26.467500000000005
1995-11-14,27.2,12.8,0.0,26.546626832551105
1995-11-15,29.4,12.8,0.0,28.040058533564512
1995-11-16,28.3,15.0,0.0,27.736280690231215
1995-11-17,28.3,12.8,0.0,27.141760369117826
1995-11-18,28.9,12.8,0.0,27.0354797434045
1995-11-19,27.2,12.8,0.0,26.660030820035605
1995-11-20,27.8,11.7,0.0,26.389166666666668
1995-11-21,28.3,11.7,0.0,26.68972755820452
1995-11-22,27.2,11.7,0.0,26.45444444444444
1995-11-23,26.1,11.1,0.0,25.77222222222223
1995-11-24,30.6,11.1,0.0,28.632732378915577
1995-11-25,28.9,13.9,0.0,27.341709087384487
1995-11-26,26.1,14.4,0.0,26.240118096551093
1995-11-27,22.2,10.0,0.0,25.195
1995-11-28,18.9,7.2,0.0,20.378611111111113
1995-11-29,22.8,6.7,0.0,22.241944444444453
1995-11-30,24.4,8.3,0.0,23.96111111111111
1995-12-01,25.6,8.9,0.0,25.181944444444436
1995-12-02,25.0,10.0,0.0,24.56500000000001
1995-12-03,24.4,9.4,0.0,23.436111111111114
1995-12-04,24.4,9.4,0.0,23.42305555555555
1995-12-05,24.4,10.0,0.0,23.39694444444444
1995-12-06,22.2,12.8,0.0,22.268055555555563
1995-12-07,22.8,12.8,0.0,22.32027777777778
1995-12-08,22.2,8.9,0.0,21.585833333333326
1995-12-09,23.3,7.8,0.0,22.22888888888889
1995-12-10,25.0,8.9,0.0,23.921944444444446
1995-12-11,23.9,8.3,0.0,22.793055555555558
1995-12-12,23.3,10.0,0.0,22.76694444444444
1995-12-13,23.3,10.0,0.0,22.753888888888884
1995-12-14,19.4,11.7,0.0,22.25500000000001
1995-12-15,18.9,6.7,0.0,17.73888888888889
1995-12-16,17.2,6.1,0.0,17.109444444444446
1995-12-17,15.6,4.4,0.0,14.890833333333331
1995-12-18,16.7,5.6,0.0,15.389722222222227
1995-12-19,17.8,3.9,0.0,16.466388888888886
1995-12-20,16.1,3.9,0.0,15.928333333333333
1995-12-21,16.1,4.4,0.0,14.786388888888887
1995-12-22,15.0,3.3,0.0,14.182500000000001
1995-12-23,15.6,2.8,0.0,14.799444444444443
1995-12-24,17.2,7.8,0.3,16.01972222222222
1995-12-25,18.9,10.0,0.0,18.21222222222222
1995-12-26,20.6,7.8,0.0,19.341111111111108
1995-12-27,20.0,5.6,0.0,18.724166666666672
1995-12-28,18.9,6.1,0.0,18.199166666666667
1995-12-29,17.2,4.4,0.0,17.503888888888888
1995-12-30,17.2,6.1,0.0,16.374999999999996
1995-12-31,17.2,6.1,0.0,16.479444444444443
1996-01-01,19.4,5.6,0.0,18.60666666666667
1996-01-02,17.2,6.7,0.0,18.081666666666663
1996-01-03,16.7,3.3,0.0,15.115555555555558
1996-01-04,18.3,3.3,0.0,17.425555555555555
1996-01-05,18.9,5.0,0.0,18.107777777777773
1996-01-06,20.0,4.4,0.0,19.288888888888888
1996-01-07,25.6,6.7,0.0,24.460555555555555
1996-01-08,25.6,8.3,0.0,25.064444444444437
1996-01-09,25.0,8.9,0.0,24.473611111111115
1996-01-10,23.9,8.3,0.0,23.33166666666666
1996-01-11,26.1,7.2,0.0,25.62861111111112
1996-01-12,26.7,8.9,0.0,26.19333333333333
1996-01-13,24.4,7.8,0.0,26.19333333333333
1996-01-14,23.3,7.2,0.0,22.688611111111104
1996-01-15,21.7,7.2,0.0,22.163611111111113
1996-01-16,23.3,8.3,0.0,22.71472222222222
1996-01-17,21.1,12.2,0.0,22.215833333333343
1996-01-18,17.2,5.0,0.0,19.314999999999998
1996-01-19,18.9,4.4,0.0,18.107777777777773
1996-01-20,18.9,4.4,0.0,18.133888888888883
1996-01-21,17.8,3.3,0.0,17.451666666666668
1996-01-22,15.0,5.0,2.8,16.322777777777773
1996-01-23,13.3,2.8,0.0,12.449722222222219
1996-01-24,16.1,1.7,0.0,14.642777777777777
1996-01-25,15.6,2.2,0.0,14.708055555555555
1996-01-26,17.8,5.6,0.0,17.096388888888892
1996-01-27,19.4,6.1,0.0,18.698055555555552
1996-01-28,19.4,5.6,0.0,18.75027777777778
1996-01-29,20.6,6.7,0.0,19.367222222222217
1996-01-30,21.1,8.9,0.0,19.91888888888888
1996-01-31,21.7,10.0,3.3,21.100000000000005
1996-02-01,17.8,11.7,11.2,19.984166666666663
1996-02-02,18.9,11.7,0.0,18.49944444444445
1996-02-03,20.0,8.3,0.0,19.536944444444444
1996-02-04,24.4,7.2,0.0,23.37083333333333
1996-02-05,25.0,9.4,0.0,23.90888888888889
1996-02-06,26.1,11.7,0.0,25.234166666666663
1996-02-07,27.2,12.2,0.0,26.36305555555556
1996-02-08,28.9,11.7,0.0,26.889711213057822
1996-02-09,27.8,12.2,0.0,26.889711213057822
1996-02-10,27.2,11.7,0.0,26.323888888888895
1996-02-11,26.7,13.3,0.0,26.212637343751133
1996-02-12,22.8,16.7,0.0,24.512777777777778
1996-02-13,23.9,15.0,0.8,23.54055555555555
1996-02-14,24.4,11.1,0.0,23.56666666666666
1996-02-15,26.1,11.7,0.0,24.65638888888889
1996-02-16,26.7,12.8,0.0,26.323888888888895
1996-02-17,27.2,11.7,0.0,26.33694444444444
1996-02-18,26.7,11.7,0.0,26.240118096551093
1996-02-19,25.0,12.2,0.0,25.60250000000001
1996-02-20,25.6,15.6,0.0,25.325555555555557
1996-02-21,25.6,18.3,0.0,25.325555555555557
1996-02-22,21.1,13.3,0.3,24.669444444444444
1996-02-23,20.0,8.3,0.0,20.088611111111106
1996-02-24,18.9,9.4,0.0,18.60666666666667
1996-02-25,17.2,7.2,11.9,17.477777777777774
1996-02-26,12.8,6.7,2.0,16.479444444444443
1996-02-27,13.9,2.8,0.0,12.423611111111109
1996-02-28,15.6,5.6,0.0,14.799444444444443
1996-02-29,17.8,5.0,0.0,16.991944444444453
1996-03-01,20.0,6.7,0.0,18.567500000000006
1996-03-02,21.7,5.6,0.0,20.9825
1996-03-03,22.8,8.3,0.0,21.546666666666663
1996-03-04,23.9,13.9,0.0,22.675555555555558
1996-03-05,23.3,13.9,0.0,22.675555555555558
1996-03-06,22.2,11.1,0.0,22.32027777777778
1996-03-07,23.3,8.3,0.0,22.137500000000006
1996-03-08,28.9,10.0,0.0,26.850223308424454
1996-03-09,30.0,13.3,0.0,27.668524419964463
1996-03-10,30.0,15.6,0.0,28.133183644444404
1996-03-11,27.8,12.2,0.0,28.133183644444404
1996-03-12,25.0,13.3,0.0,26.25861111111111
1996-03-13,20.0,11.1,5.8,24.525833333333335
1996-03-14,17.2,9.4,8.1,16.267777777777773
1996-03-15,20.0,8.9,0.0,18.946111111111115
1996-03-16,23.3,10.0,0.0,22.42472222222223
1996-03-17,27.2,11.7,0.0,25.68083333333334
1996-03-18,28.3,12.2,0.0,26.402567621954876
1996-03-19,30.0,12.8,0.0,27.411282049132108
1996-03-20,31.7,14.4,0.0,28.708634567352206
1996-03-21,29.4,16.1,0.0,28.32041565651366
1996-03-22,29.4,14.4,0.0,27.324429869697802
1996-03-23,22.8,13.9,0.0,27.685917222915585
1996-03-24,21.7,8.3,0.0,20.378611111111113
1996-03-25,24.4,10.0,0.0,23.33166666666666
1996-03-26,25.6,11.7,0.0,24.512777777777778
1996-03-27,27.2,11.7,0.0,25.641666666666666
1996-03-28,27.8,12.8,0.0,26.28472222222222
1996-03-29,21.1,14.4,0.0,26.297777777777785
1996-03-30,25.6,10.0,0.0,24.473611111111115
1996-03-31,30.0,11.1,0.0,27.717770495484462
1996-04-01,31.7,12.8,0.0,28.708634567352206
1996-04-02,28.9,14.4,0.0,28.80472096989557
1996-04-03,26.7,13.3,0.0,26.350000000000005
1996-04-04,27.8,16.1,0.0,26.16162130220444
1996-04-05,27.8,15.0,0.0,26.33694444444444
1996-04-06,26.7,12.8,0.0,25.129722222222217
1996-04-07,28.9,13.3,0.0,26.874074773695597
1996-04-08,33.3,15.6,0.0,30.62428980620445
1996-04-09,34.4,17.8,0.0,30.742375815751075
1996-04-10,28.3,19.4,0.0,30.47971237560652
1996-04-11,26.1,15.0,0.0,26.206388888888895
1996-04-12,29.4,14.4,0.0,26.850223308424454
1996-04-13,26.1,16.7,0.0,27.20186140000081
1996-04-14,26.1,12.2,0.0,25.064444444444437
1996-04-15,30.6,11.7,0.0,27.291183144664483
1996-04-16,32.2,15.6,0.0,29.519918574424455
1996-04-17,28.3,15.6,0.0,28.15352873281462
1996-04-18,28.9,20.6,0.0,27.0354797434045
1996-04-19,27.2,15.6,0.0,26.540786549457824
1996-04-20,27.8,12.8,0.0,26.21944444444445
1996-04-21,28.3,12.8,0.0,26.850223308424454
1996-04-22,30.6,13.3,0.0,28.006003462733354
1996-04-23,35.6,15.0,0.0,31.46469992222223
1996-04-24,36.7,16.7,0.0,32.5888907997203
1996-04-25,36.1,20.6,0.0,32.5888907997203
1996-04-26,37.8,21.7,0.0,34.16256487321474
1996-04-27,37.8,22.2,0.0,34.376844877922906
1996-04-28,35.0,22.8,0.0,34.376844877922906
1996-04-29,31.1,18.9,0.0,32.08532983333335
1996-04-30,35.0,15.6,0.0,30.992269215378357
1996-05-01,37.2,18.3,0.0,33.41755224122638
1996-05-02,37.2,21.1,0.0,33.30356359160573
1996-05-03,36.1,20.0,0.0,32.75218689396645
1996-05-04,36.1,20.6,0.0,32.82639084588163
1996-05-05,36.7,20.0,0.0,33.303229336731626
1996-05-06,37.2,19.4,0.0,33.684902338337814
1996-05-07,37.8,18.9,0.0,33.58698929119677
1996-05-08,37.2,20.6,0.0,33.76763707985165
1996-05-09,33.9,21.7,0.0,33.109356162472125
1996-05-10,36.7,19.4,0.0,33.303229336731626
1996-05-11,41.7,20.6,0.0,38.732247918737784
1996-05-12,42.8,22.2,0.0,40.41663589969555
1996-05-13,41.1,24.4,0.0,39.29214650849783
1996-05-14,38.9,22.8,0.0,38.45818517800082
1996-05-15,36.7,22.8,0.0,34.41081126292361
1996-05-16,37.2,23.9,0.0,33.684902338337814
1996-05-17,35.6,23.3,0.0,33.109356162472125
1996-05-18,39.4,23.3,0.0,36.10281825844337
1996-05-19,37.8,24.4,0.0,36.10281825844337
1996-05-20,35.6,23.3,0.0,34.717395583324446
1996-05-21,36.1,20.6,0.0,33.50729487099558
1996-05-22,34.4,21.7,0.0,33.684902338337814
1996-05-23,31.7,21.1,0.0,31.771905461075605
1996-05-24,27.8,20.6,0.0,29.046076926015594
1996-05-25,25.6,17.2,0.0,24.512777777777778
1996-05-26,27.2,15.6,0.0,26.389166666666668
1996-05-27,33.9,18.3,0.0,30.027559157457826
1996-05-28,33.9,20.6,0.0,30.996438931695575
1996-05-29,35.0,20.6,0.0,32.05207026691558
1996-05-30,33.9,21.1,0.0,32.123144788497775
1996-05-31,35.0,20.6,0.0,32.65047505555558
1996-06-01,38.3,20.6,0.0,35.35010501532445
1996-06-02,42.2,22.8,0.0,38.47367189196448
1996-06-03,43.9,24.4,0.0,39.46782454176862
1996-06-04,43.3,26.1,0.0,39.81526990014913
1996-06-05,43.3,25.6,0.0,40.179258727014066
1996-06-06,42.2,25.6,0.0,38.953354345842264
1996-06-07,42.8,26.7,0.0,39.63218143677827
1996-06-08,43.3,26.1,0.0,39.99578461027292
1996-06-09,42.8,26.7,0.0,40.375514202452045
1996-06-10,42.2,26.1,0.0,39.68872027795486
1996-06-11,40.0,27.2,0.0,39.48119219451558
1996-06-12,41.1,29.4,0.0,37.0400735407865
1996-06-13,38.9,27.8,0.0,37.0400735407865
1996-06-14,40.0,28.9,0.0,36.6259797458305
1996-06-15,40.6,26.7,0.0,37.60621143488218
1996-06-16,41.1,23.9,0.0,38.22934471059556
1996-06-17,41.7,26.7,0.0,38.22934471059556
1996-06-18,42.8,26.7,0.0,39.343218934337784
1996-06-19,42.8,26.7,0.0,39.68872027795486
1996-06-20,42.8,29.4,0.0,41.82949212620453
1996-06-21,41.7,29.4,0.0,42.70277289020449
1996-06-22,38.3,23.9,0.0,38.732247918737784
1996-06-23,39.4,23.3,0.0,34.376844877922906
1996-06-24,39.4,23.9,0.0,35.606575721352186
1996-06-25,39.4,23.3,0.0,35.86086571596193
1996-06-26,36.7,26.7,0.0,35.848321741895575
1996-06-27,35.0,23.3,0.0,34.307287306771144
1996-06-28,35.6,21.7,0.0,32.60728341747558
1996-06-29,41.7,22.8,0.0,39.343218934337784
1996-06-30,41.7,30.0,0.0,40.58292983287112
1996-07-01,43.9,32.2,0.0,42.28423951745782
1996-07-02,43.3,31.1,0.0,42.70277289020449
1996-07-03,41.1,30.0,0.0,43.1374326816356
1996-07-04,42.2,30.0,0.0,42.54318052359783
1996-07-05,43.9,32.8,0.0,44.055131520551164
1996-07-06,43.9,32.8,0.0,45.373590268771125
1996-07-07,42.2,27.2,0.8,44.88822239935119
1996-07-08,41.7,32.2,0.0,42.27963475135108
1996-07-09,35.6,23.9,11.2,42.54318052359783
1996-07-10,38.3,28.3,0.0,39.77861343452447
1996-07-11,40.0,28.9,0.0,40.44721410993783
1996-07-12,40.6,28.9,0.0,41.46671187777782
1996-07-13,40.6,31.1,0.0,40.715118577777744
1996-07-14,38.9,26.7,0.0,40.359909044444436
1996-07-15,33.9,23.9,1.0,40.33166217099559
1996-07-16,36.7,29.4,0.0,38.99620826783118
1996-07-17,40.0,28.3,0.0,38.53635258567115
1996-07-18,41.1,28.9,0.0,39.29214650849783
1996-07-19,43.3,27.8,0.0,42.56556114769562
1996-07-20,42.2,29.4,0.0,41.495552028017855
1996-07-21,42.2,29.4,0.0,41.11624653890447
1996-07-22,42.8,30.6,0.0,43.07691115255113
1996-07-23,42.8,29.4,0.0,41.495552028017855
1996-07-24,42.2,30.0,0.0,42.64548357975115
1996-07-25,42.2,22.8,12.7,44.34710873049559
1996-07-26,37.2,23.9,0.0,44.52254111511776
1996-07-27,40.6,27.2,0.8,40.715118577777744
1996-07-28,41.1,27.2,0.0,40.715118577777744
1996-07-29,42.8,30.6,0.0,43.13120839540448
1996-07-30,44.4,32.2,0.0,45.373590268771125
1996-07-31,46.1,32.2,0.0,45.51113207777779
1996-08-01,40.6,31.1,0.0,45.51113207777779
1996-08-02,38.3,27.2,0.0,41.08405285555559
1996-08-03,40.0,29.4,0.0,40.08503163468442
1996-08-04,38.9,27.8,0.0,38.82184079287112
1996-08-05,38.3,26.1,0.0,36.92906026801558
1996-08-06,39.4,26.7,0.0,37.08812334220451
1996-08-07,41.7,26.7,0.0,39.95154991769784
1996-08-08,42.2,28.9,0.3,40.61860752507562
1996-08-09,38.3,29.4,0.0,40.61860752507562
1996-08-10,41.1,30.0,0.0,40.941247777475624
1996-08-11,43.3,30.0,0.0,43.1374326816356
1996-08-12,44.4,30.6,0.0,43.868335853697786
1996-08-13,42.8,30.6,0.0,43.40066278201559
1996-08-14,41.1,27.8,0.0,42.27320415555557
1996-08-15,41.1,27.2,0.0,43.41578131503781
1996-08-16,42.8,29.4,0.0,43.13120839540448
1996-08-17,39.4,28.9,0.0,42.2296772376356
1996-08-18,38.9,26.1,4.8,38.980735417597806
1996-08-19,37.8,25.0,0.0,38.65812506511781
1996-08-20,40.0,28.9,0.0,39.43240366348451
1996-08-21,41.1,30.0,0.0,40.58292983287112
1996-08-22,41.1,30.0,0.0,42.27320415555557
1996-08-23,41.7,30.6,0.0,48.30085464473773
1996-08-24,41.1,31.1,0.0,40.941247777475624
1996-08-25,41.7,31.1,0.0,42.128902611884484
1996-08-26,39.4,27.8,0.0,41.34439175647111
1996-08-27,38.9,28.3,0.0,40.457938586435525
1996-08-28,39.4,27.8,0.0,44.687622149404554
1996-08-29,40.0,25.6,3.6,44.055150240275616
1996-08-30,38.3,26.7,0.0,44.204201661137795
1996-08-31,38.9,28.9,0.0,41.89030390441778
1996-09-01,38.9,29.4,0.0,41.89030390441778
1996-09-02,36.7,21.1,1.5,40.7030049336245
1996-09-03,37.8,29.4,0.0,39.77861343452447
1996-09-04,31.7,22.8,3.8,38.388657956195566
1996-09-05,34.4,26.7,0.0,34.97482682251561
1996-09-06,37.2,24.4,5.6,37.547724858995565
1996-09-07,36.7,22.8,0.0,36.99262651519117
1996-09-08,39.4,26.1,0.0,37.53910742913562
1996-09-09,38.9,25.6,0.0,38.96840892532447
1996-09-10,33.9,26.1,0.5,36.972552744817804
1996-09-11,32.2,22.2,2.3,33.89747241697559
1996-09-12,35.0,23.3,0.0,33.3264943697156
1996-09-13,35.6,23.9,0.0,33.586408477777795
1996-09-14,31.7,23.3,0.0,30.824248934595516
1996-09-15,31.7,18.9,0.0,29.099616077564477
1996-09-16,31.7,21.7,0.0,29.43414525931556
1996-09-17,31.1,23.3,0.0,29.807039277137847
1996-09-18,31.7,23.9,0.0,30.255147576975546
1996-09-19,33.9,23.3,0.0,31.160671886595537
1996-09-20,34.4,21.1,0.0,31.771905461075605
1996-09-21,36.1,21.7,0.0,33.166758611111135
1996-09-22,35.6,23.3,0.0,33.29748525555557
1996-09-23,36.1,22.2,0.0,33.72445795767115
1996-09-24,28.9,23.3,0.0,34.01261084547563
1996-09-25,33.3,21.7,0.0,32.041680898524405
1996-09-26,34.4,23.3,0.0,33.50871679346449
1996-09-27,33.9,22.2,0.0,33.3264943697156
1996-09-28,33.9,19.4,0.0,30.71921831372028
1996-09-29,37.8,20.0,0.0,35.27707215313778
1996-09-30,36.7,22.8,0.0,34.20001246842446
1996-10-01,37.2,22.2,0.0,33.78899461201558
1996-10-02,36.7,22.2,0.0,34.33965865089788
1996-10-03,36.1,21.7,0.0,33.586408477777795
1996-10-04,36.7,21.1,0.0,34.627587814175556
1996-10-05,37.8,25.6,0.0,36.041461872035576
1996-10-06,38.3,25.0,0.0,35.836716000551114
1996-10-07,38.3,23.9,0.0,35.82361426145781
1996-10-08,38.9,22.8,0.0,36.54364644066448
1996-10-09,39.4,22.2,0.0,37.14089292569781
1996-10-10,38.9,21.7,0.0,37.14089292569781
1996-10-11,37.8,22.2,0.0,36.22693438969557
1996-10-12,37.8,21.1,0.0,35.215786421315585
1996-10-13,35.6,21.1,0.0,33.88464449506145
1996-10-14,30.0,20.6,6.4,31.85688478077116
1996-10-15,31.7,18.9,0.0,29.57917617076451
1996-10-16,32.8,19.4,0.0,30.43976250705777
1996-10-17,31.1,19.4,0.0,30.016614937395584
1996-10-18,32.8,18.3,0.0,29.994441151395577
1996-10-19,30.6,18.3,0.0,29.58403550105782
1996-10-20,24.4,16.7,0.0,27.684918104495598
1996-10-21,21.7,13.3,0.0,23.34472222222222
1996-10-22,23.9,9.4,0.0,22.64944444444444
1996-10-23,24.4,9.4,0.0,23.76527777777778
1996-10-24,25.0,10.0,0.0,23.778333333333332
1996-10-25,22.8,13.3,0.0,22.623333333333328
1996-10-26,17.2,9.4,3.0,20.365555555555563
1996-10-27,18.3,6.7,0.0,17.122500000000006
1996-10-28,18.3,9.4,0.0,17.569166666666668
1996-10-29,20.0,7.2,0.0,18.711111111111116
1996-10-30,25.6,8.9,0.0,24.486666666666665
1996-10-31,21.1,13.3,0.0,24.460555555555555
1996-11-01,24.4,7.8,0.0,23.830555555555563
1996-11-02,27.8,15.0,0.0,26.25861111111111
1996-11-03,23.3,13.3,0.0,24.512777777777778
1996-11-04,23.9,10.6,0.0,23.410000000000004
1996-11-05,24.4,10.0,0.0,23.39694444444444
1996-11-06,23.9,11.1,0.0,23.34472222222222
1996-11-07,24.4,8.9,0.0,23.383888888888887
1996-11-08,29.4,10.6,0.0,26.967142891043157
1996-11-09,31.1,14.4,0.0,28.617893028813327
1996-11-10,31.7,12.2,0.0,29.029682542337824
1996-11-11,28.9,13.9,0.0,28.130447855555552
1996-11-12,30.0,12.8,0.0,28.133183644444404
1996-11-13,30.6,12.8,0.0,28.270783811111137
1996-11-14,27.2,13.3,0.0,27.668524419964463
1996-11-15,23.9,16.1,0.0,25.181944444444436
1996-11-16,18.3,11.1,0.0,20.179999999999993
1996-11-17,21.7,8.3,0.0,21.15222222222222
1996-11-18,25.6,10.0,0.0,24.512777777777778
1996-11-19,27.2,12.2,0.0,26.36305555555556
1996-11-20,26.7,11.1,0.0,26.36305555555556
1996-11-21,27.8,12.8,0.0,26.506733904017803
1996-11-22,23.9,15.6,2.0,26.115865879395557
1996-11-23,21.7,11.1,0.0,20.652777777777786
1996-11-24,23.3,9.4,0.0,22.727777777777774
1996-11-25,22.8,8.9,0.0,22.25500000000001
1996-11-26,23.3,11.1,0.0,22.307222222222226
1996-11-27,22.2,14.4,0.3,21.690277777777773
1996-11-28,21.7,11.1,0.0,21.15222222222222
1996-11-29,15.0,8.9,3.6,20.496111111111112
1996-11-30,15.0,3.3,0.0,13.500277777777777
1996-12-01,16.1,3.3,0.0,15.259166666666667
1996-12-02,18.3,3.3,0.0,16.965833333333336
1996-12-03,20.6,2.8,0.0,19.236666666666668
1996-12-04,19.4,4.4,0.0,18.619722222222222
1996-12-05,18.9,5.0,0.0,18.081666666666663
1996-12-06,21.1,9.4,0.0,20.101666666666663
1996-12-07,23.9,11.1,0.0,22.936666666666667
1996-12-08,28.3,9.4,0.0,26.68972755820452
1996-12-09,24.4,12.2,0.0,26.299025066204464
1996-12-10,23.9,15.6,0.0,22.936666666666667
1996-12-11,21.7,13.3,0.0,22.450833333333343
1996-12-12,23.9,10.0,0.0,22.97583333333333
1996-12-13,24.4,10.0,0.0,24.02638888888889
1996-12-14,23.3,8.9,0.0,22.871388888888887
1996-12-15,18.9,8.9,0.0,22.189722222222233
1996-12-16,16.1,4.4,0.0,16.900555555555556
1996-12-17,18.3,3.3,0.0,16.87444444444445
1996-12-18,13.3,1.7,0.0,15.667222222222218
1996-12-19,16.1,1.1,0.0,15.07638888888889
1996-12-20,17.2,1.7,0.0,16.257499999999997
1996-12-21,20.6,6.1,0.0,19.171388888888888
1996-12-22,16.1,6.7,0.0,18.029444444444447
1996-12-23,17.8,7.8,0.0,16.58388888888889
1996-12-24,20.0,3.9,0.0,19.21055555555556
1996-12-25,21.1,5.6,0.0,19.814444444444444
1996-12-26,18.3,3.9,0.0,19.18444444444444
1996-12-27,19.4,7.8,0.0,18.133888888888883
1996-12-28,20.6,10.6,0.0,20.023333333333333
1996-12-29,21.1,6.7,0.0,20.600555555555566
1996-12-30,21.1,7.8,0.0,20.561388888888892
1996-12-31,18.3,13.3,0.5,20.023333333333333
1997-01-01,21.7,10.0,0.0,21.308888888888887
1997-01-02,23.9,11.1,0.0,23.59277777777777
1997-01-03,21.7,13.9,0.0,22.97583333333333
1997-01-04,18.9,8.3,0.0,20.87472222222222
1997-01-05,17.2,11.1,0.0,17.712777777777774
1997-01-06,11.1,6.7,0.5,16.006666666666668
1997-01-07,12.2,4.4,0.0,10.652222222222226
1997-01-08,12.8,0.6,0.0,11.255555555555558
1997-01-09,14.4,2.2,0.0,13.500277777777777
1997-01-10,15.0,2.2,0.0,14.130277777777778
1997-01-11,17.2,3.3,0.0,16.414166666666663
1997-01-12,16.7,7.2,0.0,16.414166666666663
1997-01-13,17.2,9.4,17.8,16.714444444444446
1997-01-14,12.8,8.9,2.0,15.09972222222222
1997-01-15,13.9,3.9,0.0,12.515
1997-01-16,13.3,5.6,0.0,13.105833333333337
1997-01-17,19.4,6.1,0.0,18.21222222222222
1997-01-18,22.2,7.8,0.0,21.021666666666665
1997-01-19,22.2,8.3,0.0,21.03472222222223
1997-01-20,19.4,10.0,0.0,21.03472222222223
1997-01-21,18.3,8.3,0.0,18.81555555555555
1997-01-22,16.1,7.2,0.0,17.53
1997-01-23,18.9,10.6,0.0,18.290555555555557
1997-01-24,20.0,8.9,0.0,18.920000000000005
1997-01-25,20.0,8.9,0.0,18.880833333333335
1997-01-26,16.7,12.2,2.5,18.880833333333335
1997-01-27,20.6,9.4,0.0,19.64138888888889
1997-01-28,20.6,9.4,0.0,19.64138888888889
1997-01-29,23.3,9.4,0.0,22.806111111111104
1997-01-30,24.4,14.4,0.0,23.410000000000004
1997-01-31,24.4,10.0,0.0,23.948055555555563
1997-02-01,22.2,10.6,0.0,23.921944444444446
1997-02-02,22.2,9.4,0.0,21.7686111111111
1997-02-03,22.2,8.3,0.0,21.256666666666668
1997-02-04,21.1,8.9,0.0,21.15222222222222
1997-02-05,22.2,8.3,0.0,21.06083333333334
1997-02-06,15.6,7.2,0.0,20.443888888888893
1997-02-07,18.3,3.9,0.0,16.939722222222223
1997-02-08,20.6,6.1,0.0,19.197499999999998
1997-02-09,20.0,7.2,0.0,19.18444444444444
1997-02-10,23.3,6.1,0.0,22.12444444444445
1997-02-11,18.3,8.9,0.0,22.12444444444445
1997-02-12,19.4,6.7,0.0,17.72583333333333
1997-02-13,18.9,8.3,0.3,18.316666666666666
1997-02-14,21.1,6.1,0.0,19.8275
1997-02-15,26.1,6.7,0.0,25.090555555555554
1997-02-16,28.3,11.7,0.0,26.49263152332448
1997-02-17,26.7,15.6,0.0,26.297777777777785
1997-02-18,19.4,10.6,0.0,25.65472222222223
1997-02-19,24.4,8.3,0.0,23.85666666666667
1997-02-20,23.9,8.9,0.0,23.34472222222222
1997-02-21,19.4,10.0,0.0,23.410000000000004
1997-02-22,20.6,5.6,0.0,19.8275
1997-02-23,21.7,6.1,0.0,19.879722222222224
1997-02-24,19.4,7.2,0.0,19.89277777777777
1997-02-25,15.6,9.4,1.5,17.58222222222222
1997-02-26,16.7,5.6,0.0,14.799444444444443
1997-02-27,14.4,6.7,9.7,15.337500000000002
1997-02-28,13.3,7.8,2.5,13.08944444444444
1997-03-01,16.1,3.9,0.0,14.799444444444443
1997-03-02,18.9,5.6,0.0,17.67361111111111
1997-03-03,22.2,6.7,0.0,21.15222222222222
1997-03-04,22.8,10.6,0.0,21.67722222222221
1997-03-05,25.0,7.8,0.0,23.84361111111111
1997-03-06,26.7,10.0,0.0,26.28472222222222
1997-03-07,27.2,9.4,0.0,26.271666666666665
1997-03-08,27.8,11.7,0.0,26.56073681420451
1997-03-09,31.7,10.0,0.0,29.39487488070584
1997-03-10,32.8,12.8,0.0,30.534336607395534
1997-03-11,32.2,14.4,0.0,30.027559157457826
1997-03-12,31.1,17.2,0.0,30.027559157457826
1997-03-13,30.6,13.3,0.0,28.650974284497806
1997-03-14,30.6,13.9,0.0,28.130447855555552
1997-03-15,30.6,13.9,0.0,28.962521511555572
1997-03-16,31.1,15.6,0.0,28.67405660348446
1997-03-17,27.8,18.3,0.0,27.717770495484462
1997-03-18,32.2,12.2,0.0,29.65650750123555
1997-03-19,32.8,15.0,0.0,29.93373941331559
1997-03-20,34.4,17.2,0.0,30.845608461966467
1997-03-21,33.3,16.7,0.0,30.845608461966467
1997-03-22,32.8,16.7,0.0,30.357033287605734
1997-03-23,28.3,15.6,0.0,29.692491098716737
1997-03-24,28.3,14.4,0.0,26.56073681420451
1997-03-25,25.6,16.1,0.0,26.606485227751147
1997-03-26,25.0,14.4,0.0,24.434444444444445
1997-03-27,28.3,13.3,0.0,26.271666666666665
1997-03-28,28.9,13.9,0.0,27.299166898337837
1997-03-29,28.9,13.9,0.0,27.291183144664483
1997-03-30,29.4,15.6,0.0,26.928405505235606
1997-03-31,27.2,18.9,0.3,27.385562986771195
1997-04-01,24.4,14.4,0.0,26.493611111111115
1997-04-02,19.4,9.4,2.0,22.42472222222223
1997-04-03,14.4,8.9,4.1,14.956111111111106
1997-04-04,15.6,8.3,0.0,13.839722222222225
1997-04-05,20.0,11.1,0.0,18.906944444444445
1997-04-06,23.3,12.2,0.0,22.32027777777778
1997-04-07,25.6,12.2,0.0,24.578055555555554
1997-04-08,28.9,15.0,0.0,26.928405505235606
1997-04-09,28.3,15.0,0.0,26.582636373635598
1997-04-10,23.3,13.3,0.0,25.90858306627289
1997-04-11,24.4,14.4,0.0,23.31861111111111
1997-04-12,25.0,11.7,0.0,24.434444444444445
1997-04-13,25.0,11.1,0.0,24.447500000000005
1997-04-14,27.8,12.2,0.0,25.90858306627289
1997-04-15,30.6,12.2,0.0,28.130447855555552
1997-04-16,33.3,14.4,0.0,30.472516219324454
1997-04-17,32.2,17.2,0.0,30.45215582931558
1997-04-18,32.2,18.9,0.0,29.617298762904486
1997-04-19,32.8,18.3,0.0,29.94753127932447
1997-04-20,33.3,18.9,0.0,30.067119210204446
1997-04-21,35.0,20.6,0.0,32.123144788497775
1997-04-22,35.6,21.1,0.0,32.65047505555558
1997-04-23,33.9,21.7,0.0,31.93567442796443
1997-04-24,25.6,18.3,0.0,30.892880994515604
1997-04-25,27.2,16.1,0.0,26.24555555555556
1997-04-26,29.4,17.2,0.0,27.324429869697802
1997-04-27,33.3,17.8,0.0,30.472516219324454
1997-04-28,32.2,19.4,0.0,30.892880994515604
1997-04-29,31.1,18.3,0.0,29.93373941331559
1997-04-30,32.8,20.0,0.0,30.113121309635556
1997-05-01,32.2,19.4,0.0,29.752761407351166
1997-05-02,32.8,15.6,0.0,30.45215582931558
1997-05-03,35.6,19.4,0.0,33.0933687999645
1997-05-04,37.2,21.1,0.0,34.3109368188178
1997-05-05,38.3,21.7,0.0,35.654018935395584
1997-05-06,38.9,22.8,0.0,35.654018935395584
1997-05-07,38.3,23.9,0.0,35.49618252001778
1997-05-08,37.8,22.2,0.0,35.35010501532445
1997-05-09,38.3,23.9,0.0,36.050980114817776
1997-05-10,37.2,25.0,0.0,34.717395583324446
1997-05-11,35.6,24.4,0.0,34.70820980090449
1997-05-12,37.2,24.4,0.0,33.88464449506145
1997-05-13,37.8,23.3,0.0,35.215786421315585
1997-05-14,38.3,25.0,0.0,35.215786421315585
1997-05-15,39.4,26.7,0.0,36.10281825844337
1997-05-16,41.1,26.7,0.0,37.26316031936528
1997-05-17,40.0,27.8,0.0,38.01232357777779
1997-05-18,38.3,27.2,0.0,36.54364644066448
1997-05-19,36.1,23.9,0.0,35.28974281820443
1997-05-20,33.9,24.4,0.0,33.59496710787562
1997-05-21,34.4,21.7,0.0,31.98958014673779
1997-05-22,36.1,21.7,0.0,33.109356162472125
1997-05-23,35.0,22.8,0.0,32.46390307266697
1997-05-24,33.3,22.2,0.0,31.56558905401558
1997-05-25,33.3,21.1,0.0,30.36155017420448
1997-05-26,34.4,21.7,0.0,30.609913356091752
1997-05-27,37.2,20.6,0.0,33.30356359160573
1997-05-28,38.9,22.8,0.0,34.53389801944396
1997-05-29,40.6,23.3,0.0,37.60621143488218
1997-05-30,41.7,26.1,0.0,38.79361457499559
1997-05-31,41.7,25.0,0.0,38.79361457499559
1997-06-01,41.1,24.4,0.0,38.13743743701045
1997-06-02,40.6,25.0,0.0,37.60621143488218
1997-06-03,40.0,24.4,0.0,36.907408726595605
1997-06-04,40.0,23.9,0.0,36.6259797458305
1997-06-05,36.7,25.0,0.0,36.54364644066448
1997-06-06,32.2,24.4,0.0,31.51302410233781
1997-06-07,30.0,20.6,0.0,27.510452641597837
1997-06-08,32.8,20.6,0.0,29.80980657513561
1997-06-09,36.7,23.3,0.0,33.47519998748452
1997-06-10,37.2,24.4,0.0,34.20001246842446
1997-06-11,37.8,23.9,0.0,35.35010501532445
1997-06-12,36.7,25.0,0.0,35.654018935395584
1997-06-13,35.6,22.8,0.0,33.4373685444445
1997-06-14,33.3,21.7,0.0,31.51302410233781
1997-06-15,31.7,19.4,0.0,30.45215582931558
1997-06-16,35.0,20.6,0.0,32.65047505555558
1997-06-17,40.0,23.9,0.0,36.92906026801558
1997-06-18,42.2,25.0,0.0,39.343218934337784
1997-06-19,41.1,26.1,0.0,39.777810462424476
1997-06-20,40.6,23.9,0.0,38.22934471059556
1997-06-21,40.0,25.6,0.0,37.26316031936528
1997-06-22,39.4,25.6,0.0,36.357746250469845
1997-06-23,38.3,25.0,0.0,36.357746250469845
1997-06-24,40.0,22.8,0.0,35.377580196813305
1997-06-25,41.1,24.4,0.0,37.26328415006614
1997-06-26,41.1,25.0,0.0,37.316018065132084
1997-06-27,41.1,25.6,0.0,37.60621143488218
1997-06-28,39.4,26.1,0.0,37.60621143488218
1997-06-29,39.4,25.0,0.0,37.30684383073781
1997-06-30,39.4,23.9,0.0,36.72997810633781
1997-07-01,40.6,22.2,0.0,38.01232357777779
1997-07-02,42.2,23.9,0.0,37.30684383073781
1997-07-03,43.9,26.7,0.0,38.822564230460955
1997-07-04,43.9,24.4,0.0,39.427659435660495
1997-07-05,42.2,27.8,0.0,40.2777378933845
1997-07-06,42.8,28.3,0.0,40.2777378933845
1997-07-07,41.7,27.8,0.0,40.41663589969555
1997-07-08,42.2,26.1,0.0,39.06107592666449
1997-07-09,41.1,26.7,0.0,38.34827357935641
1997-07-10,40.0,25.6,0.0,37.526354610915575
1997-07-11,39.4,26.1,0.0,36.72997810633781
1997-07-12,40.0,25.0,0.0,36.72997810633781
1997-07-13,41.1,24.4,0.0,36.44696577746111
1997-07-14,43.3,25.6,0.0,38.953354345842264
1997-07-15,45.6,28.9,0.0,41.85636884972194
1997-07-16,43.9,31.1,0.0,42.55211861111117
1997-07-17,43.3,31.1,0.0,40.375514202452045
1997-07-18,41.7,30.6,0.0,39.640043598015566
1997-07-19,40.0,28.9,0.0,39.593469071484456
1997-07-20,38.3,30.6,0.0,38.391313654175605
1997-07-21,33.9,26.7,0.0,35.64318086775112
1997-07-22,36.1,26.1,0.0,36.558321442275684
1997-07-23,40.6,27.2,0.0,38.78973254444448
1997-07-24,42.8,28.9,0.0,40.72266417601779
1997-07-25,43.9,29.4,0.0,41.6670155482201
1997-07-26,40.6,30.6,0.0,40.9568667861973
1997-07-27,38.9,30.6,0.0,38.96840892532447
1997-07-28,40.6,28.3,0.0,37.85289387477112
1997-07-29,38.3,29.4,0.0,38.53635258567115
1997-07-30,39.4,27.8,3.6,37.365476079384464
1997-07-31,42.2,27.8,0.8,39.777810462424476
1997-08-01,43.9,30.0,0.0,41.881832563395605
1997-08-02,38.9,30.6,0.0,41.370486018515564
1997-08-03,35.0,24.4,8.4,38.96840892532447
1997-08-04,41.1,28.3,0.0,42.27320415555557
1997-08-05,43.9,31.7,0.0,43.44499524290447
1997-08-06,38.9,30.0,0.0,42.56556114769562
1997-08-07,41.1,31.7,0.0,43.134595411111164
1997-08-08,41.1,23.3,11.4,43.84844106103113
1997-08-09,35.0,23.3,0.3,42.10169468371558
1997-08-10,37.8,27.8,0.0,37.841399013624454
1997-08-11,39.4,30.6,0.0,40.31258489649559
1997-08-12,40.6,29.4,0.0,40.31258489649559
1997-08-13,41.1,30.0,0.0,41.313814567484464
1997-08-14,40.6,28.9,0.0,41.313814567484464
1997-08-15,38.3,27.2,0.0,40.01842425555557
1997-08-16,38.3,28.3,0.0,37.78858365559109
1997-08-17,36.7,26.1,0.8,38.465250953315596
1997-08-18,37.8,24.4,0.0,37.34003104305782
1997-08-19,40.6,27.8,0.0,40.01842425555557
1997-08-20,42.8,28.9,0.0,40.61860752507562
1997-08-21,42.2,32.2,0.0,42.27963475135108
1997-08-22,42.8,30.0,0.0,42.64548357975115
1997-08-23,43.3,31.7,0.0,44.055131520551164
1997-08-24,39.4,30.0,0.0,42.64548357975115
1997-08-25,41.7,29.4,0.0,40.941247777475624
1997-08-26,33.3,25.6,5.6,41.729306356175584
1997-08-27,40.6,26.7,0.0,39.97253118885107
1997-08-28,39.4,28.3,0.0,40.81187522956455
1997-08-29,35.6,27.8,0.0,39.29090456601554
1997-08-30,37.2,24.4,8.6,37.547724858995565
1997-08-31,36.7,23.9,0.3,36.972552744817804
1997-09-01,35.0,27.2,0.0,37.26480069285115
1997-09-02,36.1,26.1,0.8,38.03229269063124
1997-09-03,41.1,26.1,0.0,40.941247777475624
1997-09-04,41.7,29.4,0.0,41.729306356175584
1997-09-05,41.1,26.7,2.3,41.34439175647111
1997-09-06,34.4,24.4,1.8,40.01842425555557
1997-09-07,38.3,27.2,0.0,39.77861343452447
1997-09-08,41.1,28.9,0.0,41.313814567484464
1997-09-09,40.6,31.1,0.0,41.700630202897834
1997-09-10,40.0,27.8,0.0,40.81187522956455
1997-09-11,35.6,23.3,5.6,40.09574847571557
1997-09-12,37.8,25.6,0.0,40.13635133153782
1997-09-13,39.4,28.9,0.0,40.81187522956455
1997-09-14,38.3,27.8,0.0,40.13635133153782
1997-09-15,37.2,29.4,0.3,39.43263444819561
1997-09-16,38.3,27.8,0.0,39.829193699571064
1997-09-17,39.4,27.2,0.0,40.81187522956455
1997-09-18,40.6,28.9,0.0,40.941247777475624
1997-09-19,40.0,27.2,0.0,38.980735417597806
1997-09-20,38.9,26.7,0.0,38.391313654175605
1997-09-21,36.7,23.9,0.0,35.388406949135565
1997-09-22,36.1,23.9,0.0,33.26483693491558
1997-09-23,37.2,21.7,0.0,34.60233562131555
1997-09-24,35.0,25.0,0.0,34.468957811111146
1997-09-25,34.4,25.0,0.8,33.89747241697559
1997-09-26,32.8,25.0,0.0,32.56900581695783
1997-09-27,35.6,23.9,0.0,34.644825070275566
1997-09-28,38.9,24.4,0.0,36.61958467255111
1997-09-29,38.9,25.6,0.0,37.80054416740447
1997-09-30,39.4,27.8,0.0,39.1205244854756
1997-10-01,40.0,27.2,0.0,38.53635258567115
1997-10-02,37.8,28.3,0.0,38.391313654175605
1997-10-03,36.1,26.1,0.0,37.841399013624454
1997-10-04,36.7,24.4,0.0,35.60670538276444
1997-10-05,36.1,22.2,0.0,34.903158329564505
1997-10-06,38.3,23.9,0.0,35.73570690651556
1997-10-07,28.9,18.9,0.0,34.97673137667397
1997-10-08,27.2,15.0,0.0,25.693888888888896
1997-10-09,33.3,15.6,0.0,31.160671886595537
1997-10-10,33.9,20.0,0.0,31.40664590313559
1997-10-11,26.1,16.1,0.0,30.67981620963555
1997-10-12,22.8,12.8,0.0,21.62499999999999
1997-10-13,28.9,11.1,0.0,26.60759671219786
1997-10-14,34.4,16.7,0.0,30.98010220221708
1997-10-15,33.3,19.4,0.0,30.845608461966467
1997-10-16,34.4,18.3,0.0,31.402681356666946
1997-10-17,33.9,18.3,0.0,30.98010220221708
1997-10-18,33.3,16.7,0.0,30.189251617214715
1997-10-19,32.2,16.7,0.0,29.692491098716737
1997-10-20,30.6,17.8,0.0,28.650974284497806
1997-10-21,30.6,17.2,1.8,28.270783811111137
1997-10-22,24.4,16.7,0.0,24.27444444444445
1997-10-23,26.1,14.4,0.0,25.41694444444444
1997-10-24,23.9,15.6,0.0,25.41694444444444
1997-10-25,20.6,10.6,0.0,22.11138888888889
1997-10-26,23.3,9.4,0.0,22.163611111111113
1997-10-27,25.6,11.1,0.0,24.434444444444445
1997-10-28,25.6,12.8,0.0,24.53888888888889
1997-10-29,26.1,12.2,0.0,25.74611111111112
1997-10-30,26.7,11.7,0.0,26.297777777777785
1997-10-31,28.3,12.8,0.0,26.907821456904497
1997-11-01,30.6,13.3,0.0,28.67405660348446
1997-11-02,32.2,13.9,0.0,29.535345406817815
1997-11-03,31.7,15.0,0.0,29.029682542337824
1997-11-04,26.7,16.1,0.0,28.133183644444404
1997-11-05,28.9,12.2,0.0,26.889711213057822
1997-11-06,31.1,12.2,0.0,28.619330886737796
1997-11-07,28.3,13.3,0.0,28.15134625555558
1997-11-08,27.8,13.3,0.0,26.522785579395578
1997-11-09,25.0,15.6,0.0,25.74611111111112
1997-11-10,24.4,13.3,0.0,24.039444444444445
1997-11-11,22.8,16.7,0.0,22.936666666666667
1997-11-12,18.9,13.9,0.0,20.84861111111111
1997-11-13,20.0,10.6,0.8,18.880833333333335
1997-11-14,20.0,11.1,0.8,18.880833333333335
1997-11-15,20.6,8.3,0.0,19.367222222222217
1997-11-16,21.7,7.8,0.0,20.522222222222222
1997-11-17,22.2,8.9,0.0,21.12611111111111
1997-11-18,22.2,7.2,0.0,21.611944444444436
1997-11-19,23.3,10.0,0.0,22.22888888888889
1997-11-20,23.9,11.7,0.0,22.753888888888884
1997-11-21,22.8,9.4,0.0,22.25500000000001
1997-11-22,25.0,9.4,0.0,23.830555555555563
1997-11-23,25.6,10.6,0.0,25.129722222222217
1997-11-24,26.1,9.4,0.0,25.720000000000013
1997-11-25,26.1,12.2,0.0,25.720000000000013
1997-11-26,22.8,16.1,0.0,24.617222222222225
1997-11-27,17.8,10.6,0.0,21.321944444444448
1997-11-28,19.4,6.7,0.0,18.342777777777776
1997-11-29,20.6,7.2,0.0,19.484722222222217
1997-11-30,17.8,6.7,0.0,18.841666666666672
1997-12-01,13.9,9.4,2.3,16.11111111111111
1997-12-02,16.1,10.0,0.3,15.742222222222226
1997-12-03,17.8,7.8,0.0,16.766666666666666
1997-12-04,19.4,8.9,0.0,18.645833333333332
1997-12-05,21.7,7.2,0.0,20.496111111111112
1997-12-06,20.0,10.0,1.0,19.984166666666663
1997-12-07,18.3,12.2,5.8,18.03916666666667
1997-12-08,17.8,11.1,0.8,17.540277777777778
1997-12-09,14.4,5.6,0.0,15.441944444444447
1997-12-10,13.3,4.4,0.0,13.014444444444445
1997-12-11,15.6,3.3,0.0,14.025833333333331
1997-12-12,15.6,3.3,0.0,14.551388888888887
1997-12-13,17.2,1.7,0.0,16.296666666666667
1997-12-14,21.7,5.6,0.0,20.378611111111113
1997-12-15,20.0,6.1,0.0,20.378611111111113
1997-12-16,21.1,4.4,0.0,20.43083333333334
1997-12-17,21.1,6.1,0.0,20.43083333333334
1997-12-18,20.6,6.7,0.0,19.971111111111107
1997-12-19,13.9,8.9,1.5,18.737222222222226
1997-12-20,18.3,10.6,0.0,17.318333333333335
1997-12-21,16.7,8.3,4.3,16.740555555555552
1997-12-22,11.7,6.1,5.1,15.151944444444446
1997-12-23,12.2,4.4,0.0,11.109166666666665
1997-12-24,12.2,4.4,0.0,11.109166666666665
1997-12-25,10.0,0.6,0.0,9.232777777777777
1997-12-26,14.4,0.6,0.0,13.474166666666669
1997-12-27,13.9,2.8,0.0,12.975277777777782
1997-12-28,15.0,1.7,0.0,13.973611111111113
1997-12-29,18.9,4.4,0.0,17.58222222222222
1997-12-30,22.2,6.1,0.0,21.178333333333338
1997-12-31,23.3,8.3,0.0,22.29416666666667
1998-01-01,23.9,11.7,0.0,22.845277777777778
1998-01-02,23.9,12.8,0.0,22.845277777777778
1998-01-03,19.4,13.3,0.0,22.32027777777778
1998-01-04,18.9,10.0,0.0,17.973888888888887
1998-01-05,16.1,8.9,0.0,17.856388888888894
1998-01-06,16.1,4.4,0.0,14.681944444444444
1998-01-07,16.7,3.9,0.0,15.220000000000002
1998-01-08,13.9,4.4,0.0,15.193888888888889
1998-01-09,17.2,3.3,0.0,15.90222222222222
1998-01-10,11.7,7.8,8.9,15.285277777777784
1998-01-11,15.6,6.1,0.0,15.21722222222222
1998-01-12,16.1,6.1,0.0,15.637777777777778
1998-01-13,17.8,7.8,0.0,16.68833333333333
1998-01-14,18.3,6.7,0.0,17.279166666666672
1998-01-15,18.9,6.1,0.0,17.55611111111111
1998-01-16,20.6,12.2,0.0,20.075555555555553
1998-01-17,21.1,9.4,0.0,20.153888888888883
1998-01-18,22.8,8.9,0.0,21.781666666666663
1998-01-19,21.1,10.0,0.0,21.781666666666663
1998-01-20,17.8,9.4,0.0,19.549999999999997
1998-01-21,17.2,10.0,0.0,16.492499999999996
1998-01-22,18.9,6.1,0.0,17.660555555555554
1998-01-23,20.0,5.6,0.0,18.724166666666672
1998-01-24,21.1,6.1,0.0,20.470000000000002
1998-01-25,21.1,6.7,0.0,20.496111111111112
1998-01-26,23.9,7.2,0.0,22.688611111111104
1998-01-27,23.9,10.6,0.0,23.33166666666666
1998-01-28,22.8,7.8,0.0,22.727777777777774
1998-01-29,21.7,8.9,0.0,22.17666666666667
1998-01-30,19.4,10.0,0.0,19.984166666666663
1998-01-31,19.4,7.8,0.0,18.316666666666666
1998-02-01,20.0,7.8,0.0,18.763333333333335
1998-02-02,21.1,8.9,0.0,19.99722222222222
1998-02-03,23.9,10.0,0.0,23.410000000000004
1998-02-04,16.1,8.3,19.6,22.307222222222226
1998-02-05,15.6,6.7,0.0,15.09972222222222
1998-02-06,19.4,7.8,0.0,18.368888888888886
1998-02-07,18.9,11.1,0.3,17.856388888888894
1998-02-08,13.9,11.1,10.7,17.318333333333335
1998-02-09,16.1,10.0,8.1,15.21722222222222
1998-02-10,16.7,6.7,0.0,16.13722222222222
1998-02-11,17.8,7.8,0.0,16.649166666666662
1998-02-12,19.4,6.7,0.0,18.159999999999993
1998-02-13,16.1,8.9,0.0,18.251388888888883
1998-02-14,16.7,6.7,1.8,15.507222222222225
1998-02-15,15.6,9.4,9.4,15.48111111111111
1998-02-16,16.1,5.6,0.0,14.83861111111111
1998-02-17,11.1,7.2,14.5,14.799444444444443
1998-02-18,13.9,7.2,1.0,12.80222222222222
1998-02-19,15.6,5.6,0.0,15.047499999999998
1998-02-20,11.7,8.3,3.6,14.469722222222224
1998-02-21,13.9,5.6,0.0,12.80222222222222
1998-02-22,18.3,6.7,0.0,17.318333333333335
1998-02-23,23.3,8.3,0.0,22.398611111111116
1998-02-24,17.2,8.3,5.6,22.385555555555563
1998-02-25,16.1,6.1,0.0,14.877777777777778
1998-02-26,16.1,4.4,0.0,14.83861111111111
1998-02-27,16.7,6.7,0.0,15.220000000000002
1998-02-28,16.7,5.0,0.0,15.193888888888889
1998-03-01,18.9,5.0,0.0,18.055555555555557
1998-03-02,22.8,7.2,0.0,21.59888888888888
1998-03-03,23.3,8.3,0.0,22.241944444444453
1998-03-04,23.3,10.0,0.0,22.34638888888889
1998-03-05,23.9,11.1,0.0,22.910555555555558
1998-03-06,21.1,11.1,0.3,22.923611111111104
1998-03-07,16.1,7.2,0.0,20.023333333333333
1998-03-08,18.3,5.6,0.0,16.991944444444453
1998-03-09,22.8,6.7,0.0,21.021666666666665
1998-03-10,26.1,8.3,0.0,25.103611111111107
1998-03-11,28.3,10.6,0.0,26.506733904017803
1998-03-12,27.8,13.3,0.0,26.506733904017803
1998-03-13,25.0,15.6,0.0,26.31083333333333
1998-03-14,19.4,11.1,2.0,23.921944444444446
1998-03-15,14.4,10.6,1.8,13.56277777777778
1998-03-16,19.4,12.8,0.0,18.577777777777776
1998-03-17,23.3,11.7,0.0,21.96444444444444
1998-03-18,24.4,13.9,0.0,22.88444444444444
1998-03-19,23.9,9.4,0.0,23.34472222222222
1998-03-20,25.6,11.1,0.0,25.208055555555557
1998-03-21,27.2,11.1,0.0,26.297777777777785
1998-03-22,28.9,13.3,0.0,27.068432814157852
1998-03-23,30.6,14.4,0.0,28.270783811111137
1998-03-24,33.3,16.7,0.0,30.575796605457768
1998-03-25,31.1,17.2,0.0,30.499909812017766
1998-03-26,20.0,11.1,9.7,27.717770495484462
1998-03-27,19.4,12.2,0.0,18.49944444444445
1998-03-28,20.0,9.4,9.7,19.549999999999997
1998-03-29,11.7,6.1,9.9,13.115555555555554
1998-03-30,16.1,6.1,0.0,14.890833333333331
1998-03-31,17.8,7.2,0.0,16.492499999999996
1998-04-01,16.7,8.3,6.6,17.122500000000006
1998-04-02,17.2,5.6,0.0,15.402777777777784
1998-04-03,22.8,8.9,0.0,21.59888888888888
1998-04-04,21.1,10.0,0.0,22.17666666666667
1998-04-05,22.2,8.9,0.0,21.100000000000005
1998-04-06,20.6,12.2,0.0,21.62499999999999
1998-04-07,19.4,11.1,0.0,19.35416666666667
1998-04-08,22.2,8.9,0.0,21.08694444444445
1998-04-09,25.6,10.0,0.0,25.16888888888889
1998-04-10,30.0,11.7,0.0,27.668524419964463
1998-04-11,29.4,14.4,0.3,27.492323146882175
1998-04-12,22.2,12.8,4.1,26.19333333333333
1998-04-13,22.2,9.4,0.0,21.204444444444448
1998-04-14,20.6,10.6,0.0,21.62499999999999
1998-04-15,17.8,11.7,0.0,19.945
1998-04-16,21.1,7.8,0.0,20.404722222222226
1998-04-17,23.9,8.3,0.0,22.22888888888889
1998-04-18,26.7,11.1,0.0,26.25861111111111
1998-04-19,30.0,12.2,0.0,27.20186140000081
1998-04-20,32.8,15.0,0.0,30.45215582931558
1998-04-21,34.4,16.7,0.0,31.468562742664492
1998-04-22,36.1,18.9,0.0,33.0933687999645
1998-04-23,36.7,18.3,0.0,33.68020087209176
1998-04-24,28.9,18.3,0.0,33.303229336731626
1998-04-25,25.6,14.4,0.0,26.389166666666668
1998-04-26,25.0,13.3,0.0,24.551944444444445
1998-04-27,28.9,15.0,0.0,26.976995015351136
1998-04-28,30.6,18.9,0.0,28.610769807964466
1998-04-29,32.2,17.2,0.0,29.018633022664442
1998-04-30,33.3,19.4,0.0,30.747636229061445
1998-05-01,33.3,18.3,0.0,30.747636229061445
1998-05-02,32.8,16.7,0.0,30.45215582931558
1998-05-03,31.1,14.4,0.0,29.47701097085567
1998-05-04,30.0,18.3,0.0,28.632732378915577
1998-05-05,28.9,17.8,0.0,27.792663784871127
1998-05-06,27.8,18.3,0.0,27.736280690231215
1998-05-07,28.9,16.1,0.0,26.928405505235606
1998-05-08,26.1,16.7,0.0,27.005000477135567
1998-05-09,30.0,16.1,0.0,27.510452641597837
1998-05-10,31.1,17.8,0.0,28.307362355555572
1998-05-11,30.0,16.1,0.0,28.270783811111137
1998-05-12,27.8,15.6,0.0,27.341709087384487
1998-05-13,20.6,13.9,1.0,26.42833333333333
1998-05-14,24.4,12.2,0.0,23.37083333333333
1998-05-15,28.9,13.9,0.0,26.48047843731561
1998-05-16,33.3,16.1,0.0,30.747636229061445
1998-05-17,34.4,16.1,0.0,31.468562742664492
1998-05-18,37.2,18.9,0.0,33.26483693491558
1998-05-19,37.2,22.8,0.0,34.43261115769557
1998-05-20,30.6,22.2,0.0,34.565035485057805
1998-05-21,31.1,17.2,0.0,28.393210477777806
1998-05-22,31.7,15.6,0.0,28.619330886737796
1998-05-23,31.7,16.7,0.0,29.127329261075577
1998-05-24,33.3,18.9,0.0,31.31947334335113
1998-05-25,35.0,21.1,0.0,31.556654206572073
1998-05-26,31.1,18.9,0.0,31.468562742664492
1998-05-27,32.8,19.4,0.0,30.165565455751107
1998-05-28,36.1,21.1,0.0,33.26483693491558
1998-05-29,35.6,20.6,0.0,33.47519998748452
1998-05-30,35.0,21.1,0.0,32.574688277777824
1998-05-31,36.1,21.1,0.0,33.022220326595615
1998-06-01,37.2,21.7,0.0,34.20001246842446
1998-06-02,38.3,22.2,0.0,33.76763707985165
1998-06-03,31.7,21.7,0.0,34.330119706855676
1998-06-04,30.0,17.8,0.0,29.505452476764454
1998-06-05,33.9,18.9,0.0,30.472516219324454
1998-06-06,38.3,20.6,0.0,33.95949560719096
1998-06-07,29.4,20.0,0.0,33.30356359160573
1998-06-08,31.7,17.8,0.0,28.16677307777778
1998-06-09,33.9,20.0,0.0,31.468562742664492
1998-06-10,33.3,19.4,0.0,30.919878414424474
1998-06-11,33.9,20.6,0.0,31.167693901235605
1998-06-12,36.7,21.7,0.0,33.303229336731626
1998-06-13,32.2,20.6,0.0,32.26337892222221
1998-06-14,34.4,19.4,0.0,32.202803711484435
1998-06-15,37.8,22.2,0.0,35.129839901457785
1998-06-16,38.9,23.9,0.0,36.61547828090448
1998-06-17,34.4,23.9,0.0,36.19808164563557
1998-06-18,37.2,20.6,0.0,34.20001246842446
1998-06-19,39.4,23.3,0.0,36.10281825844337
1998-06-20,40.0,24.4,0.0,37.10052853596449
1998-06-21,40.0,25.0,0.0,37.30684383073781
1998-06-22,38.3,23.3,0.0,36.357746250469845
1998-06-23,39.4,24.4,0.0,36.54364644066448
1998-06-24,38.9,23.9,0.0,35.88723762042444
1998-06-25,40.6,21.7,0.0,37.26316031936528
1998-06-26,40.6,23.3,0.0,37.78063674444445
1998-06-27,41.1,25.6,0.0,39.640043598015566
1998-06-28,43.3,25.6,0.0,41.495552028017855
1998-06-29,43.9,26.1,0.0,42.95002891033779
1998-06-30,42.8,26.7,0.0,39.28470468196802
1998-07-01,43.3,25.6,0.0,38.98725446728676
1998-07-02,42.8,27.2,0.0,40.062885029315616
1998-07-03,42.8,27.2,0.0,41.11624653890447
1998-07-04,40.6,29.4,0.0,40.44721410993783
1998-07-05,35.0,25.6,1.3,40.81187522956455
1998-07-06,38.3,22.8,15.2,39.77861343452447
1998-07-07,38.9,24.4,0.3,40.33166217099559
1998-07-08,37.8,26.1,0.0,38.78692140841783
1998-07-09,41.7,27.8,0.0,41.08405285555559
1998-07-10,44.4,31.1,0.0,43.16308674396446
1998-07-11,45.6,31.7,0.0,46.067072244444475
1998-07-12,43.3,30.6,0.0,44.973126555555616
1998-07-13,41.7,31.7,0.0,41.881832563395605
1998-07-14,44.4,30.6,0.0,43.40066278201559
1998-07-15,47.2,28.9,0.0,43.97376673569558
1998-07-16,46.7,31.1,0.0,46.00463233033776
1998-07-17,43.9,32.2,0.0,45.29335163473783
1998-07-18,43.3,30.6,0.0,42.70277289020449
1998-07-19,39.4,25.6,6.1,42.28423951745782
1998-07-20,37.2,26.1,0.0,40.81187522956455
1998-07-21,35.6,27.8,0.0,37.70329621273782
1998-07-22,31.7,23.3,25.9,37.21635105555562
1998-07-23,34.4,26.1,0.0,35.22748101695786
1998-07-24,38.3,27.8,0.0,39.43263444819561
1998-07-25,41.1,28.3,0.0,40.58292983287112
1998-07-26,43.9,28.9,0.0,42.51643423866445
1998-07-27,44.4,30.0,0.5,43.868335853697786
1998-07-28,42.8,32.8,0.0,44.60778456449781
1998-07-29,39.4,30.0,0.0,43.52395995603558
1998-07-30,41.1,30.6,0.0,42.128902611884484
1998-07-31,40.6,30.6,0.0,42.54318052359783
1998-08-01,40.6,27.8,0.0,41.86309564444445
1998-08-02,42.2,30.0,0.0,42.94657018156446
1998-08-03,45.0,29.4,0.0,42.716417542595565
1998-08-04,44.4,30.6,0.0,42.716417542595565
1998-08-05,41.7,32.2,0.0,43.57978966815777
1998-08-06,41.1,28.9,0.0,42.9721400913156
1998-08-07,41.7,28.3,0.0,42.128902611884484
1998-08-08,40.0,28.3,0.0,42.128902611884484
1998-08-09,37.8,30.6,0.0,39.294572043315554
1998-08-10,38.9,29.4,0.0,39.621159165037845
1998-08-11,41.1,29.4,0.0,41.700630202897834
1998-08-12,40.0,27.8,0.0,42.10169468371558
1998-08-13,40.6,28.3,0.0,41.08405285555559
1998-08-14,38.3,25.6,0.0,40.359909044444436
1998-08-15,40.6,23.3,11.4,41.08405285555559
1998-08-16,38.9,26.1,0.0,41.86309564444445
1998-08-17,39.4,25.0,15.2,39.97253118885107
1998-08-18,37.2,24.4,0.0,40.44721410993783
1998-08-19,38.9,27.8,0.0,38.36005298539553
1998-08-20,41.1,28.3,0.0,40.58292983287112
1998-08-21,41.1,29.4,0.0,42.51700800993783
1998-08-22,42.8,30.6,0.0,41.82949212620453
1998-08-23,43.3,32.2,0.0,42.64548357975115
1998-08-24,38.3,30.0,0.0,42.64548357975115
1998-08-25,37.8,27.8,0.0,38.388657956195566
1998-08-26,39.4,30.6,0.0,40.67742350623117
1998-08-27,42.8,30.6,0.0,43.52395995603558
1998-08-28,45.0,28.9,0.0,45.65815829187557
1998-08-29,42.8,27.8,0.0,46.067072244444475
1998-08-30,42.2,29.4,0.0,41.44492824545783
1998-08-31,42.8,31.7,0.0,41.82949212620453
1998-09-01,41.1,30.0,0.0,41.44492824545783
1998-09-02,42.2,28.9,0.0,40.2777378933845
1998-09-03,38.3,28.9,0.0,37.08812334220451
1998-09-04,29.4,22.8,0.8,35.60670538276444
1998-09-05,36.1,25.0,0.0,37.11799434521783
1998-09-06,37.8,23.9,10.2,37.233352309724495
1998-09-07,40.6,26.7,0.0,39.690664211111134
1998-09-08,39.4,27.8,0.0,38.264059863875616
1998-09-09,39.4,25.0,1.0,38.07419268615775
1998-09-10,37.8,24.4,0.0,37.547724858995565
1998-09-11,35.0,23.9,1.5,37.78858365559109
1998-09-12,39.4,26.1,0.0,40.31258489649559
1998-09-13,39.4,27.2,0.0,39.77861343452447
1998-09-14,40.0,27.2,0.0,38.82184079287112
1998-09-15,41.7,25.0,0.0,39.29214650849783
1998-09-16,40.6,30.0,0.0,39.593469071484456
1998-09-17,40.6,27.8,0.0,39.005072790915584
1998-09-18,40.6,27.2,0.0,39.37662891111112
1998-09-19,40.0,25.0,0.0,39.07631835555556
1998-09-20,37.2,23.9,0.0,37.759060876497806
1998-09-21,35.6,21.1,0.0,34.3109368188178
1998-09-22,34.4,20.6,1.3,33.47153501859556
1998-09-23,33.9,23.9,0.0,32.37481451085111
1998-09-24,33.3,21.7,0.0,31.830555067117814
1998-09-25,31.7,21.1,0.0,31.062946267057768
1998-09-26,33.9,20.6,0.0,31.51302410233781
1998-09-27,35.0,20.6,0.0,31.695029733384484
1998-09-28,35.6,22.8,0.0,33.47519998748452
1998-09-29,36.1,22.8,0.0,33.47519998748452
1998-09-30,33.3,19.4,0.0,32.38787476167109
1998-10-01,31.1,18.3,0.0,29.617298762904486
1998-10-02,32.2,18.9,0.0,30.113121309635556
1998-10-03,35.0,19.4,0.0,33.586408477777795
1998-10-04,30.0,19.4,0.0,32.536936131037805
1998-10-05,28.9,18.3,0.0,27.7640842376711
1998-10-06,32.8,15.0,0.0,29.47701097085567
1998-10-07,35.6,16.7,0.0,32.46390307266697
1998-10-08,35.6,21.1,0.0,33.022220326595615
1998-10-09,34.4,18.9,0.0,32.50805814444446
1998-10-10,32.8,16.7,0.0,30.919878414424474
1998-10-11,34.4,16.1,0.0,31.93567442796443
1998-10-12,36.7,17.2,0.0,34.3109368188178
1998-10-13,35.0,20.6,0.0,33.78899461201558
1998-10-14,33.3,17.8,0.0,31.273400458731633
1998-10-15,27.8,17.2,0.0,29.94753127932447
1998-10-16,25.0,14.4,0.0,25.693888888888896
1998-10-17,26.7,10.6,0.0,25.62861111111112
1998-10-18,31.1,13.3,0.0,29.018633022664442
1998-10-19,31.7,14.4,0.0,29.510437218515595
1998-10-20,31.1,15.0,0.0,29.018633022664442
1998-10-21,29.4,21.1,0.0,29.09490028538446
1998-10-22,28.9,20.6,0.0,27.932119356095637
1998-10-23,30.0,21.1,0.0,28.572364773137767
1998-10-24,30.6,18.9,0.0,28.75228311111112
1998-10-25,27.8,17.8,9.1,28.681861811111155
1998-10-26,22.8,15.6,7.9,22.359444444444453
1998-10-27,23.9,13.3,0.0,23.501388888888886
1998-10-28,26.1,13.3,0.0,25.195
1998-10-29,26.7,12.8,0.0,26.323888888888895
1998-10-30,22.2,13.3,9.1,25.70694444444445
1998-10-31,21.7,11.1,0.0,21.308888888888887
1998-11-01,23.9,12.2,0.0,22.97583333333333
1998-11-02,25.0,13.3,0.0,24.02638888888889
1998-11-03,25.0,11.7,0.0,23.96111111111111
1998-11-04,25.0,10.6,0.0,23.921944444444446
1998-11-05,25.0,11.1,0.0,23.935
1998-11-06,24.4,11.1,0.0,23.935
1998-11-07,22.8,11.1,0.0,22.779999999999994
1998-11-08,24.4,13.3,0.0,23.553611111111113
1998-11-09,20.6,11.7,0.3,22.962777777777777
1998-11-10,18.9,7.2,0.0,17.477777777777774
1998-11-11,16.7,8.3,0.0,17.451666666666668
1998-11-12,18.9,8.9,0.0,18.355833333333333
1998-11-13,24.4,8.9,0.0,23.501388888888886
1998-11-14,25.0,10.0,0.0,23.98722222222222
1998-11-15,27.8,10.6,0.0,26.36305555555556
1998-11-16,27.2,11.1,0.0,26.376111111111115
1998-11-17,26.1,11.7,0.0,25.74611111111112
1998-11-18,23.9,10.0,0.0,24.551944444444445
1998-11-19,22.2,8.3,0.0,21.6511111111111
1998-11-20,23.9,9.4,0.0,23.30555555555555
1998-11-21,25.0,7.8,0.0,24.512777777777778
1998-11-22,25.6,9.4,0.0,24.551944444444445
1998-11-23,27.8,9.4,0.0,26.522785579395578
1998-11-24,26.1,11.1,0.0,26.297777777777785
1998-11-25,26.7,9.4,0.0,26.323888888888895
1998-11-26,27.2,11.1,0.0,26.33694444444444
1998-11-27,26.7,10.6,0.0,26.31083333333333
1998-11-28,18.3,11.7,4.6,23.921944444444446
1998-11-29,17.2,10.6,0.0,16.267777777777773
1998-11-30,21.7,7.8,0.0,20.639722222222222
1998-12-01,23.9,10.0,0.0,23.501388888888886
1998-12-02,16.1,11.1,1.0,22.871388888888887
1998-12-03,17.2,8.3,0.0,16.818888888888885
1998-12-04,20.0,8.3,0.0,18.946111111111115
1998-12-05,15.0,7.2,0.0,18.460277777777776
1998-12-06,8.9,2.2,5.6,12.436666666666664
1998-12-07,11.1,1.1,0.0,10.178888888888887
1998-12-08,15.6,1.7,0.0,14.038888888888886
1998-12-09,14.4,2.2,0.0,14.091111111111113
1998-12-10,18.3,6.7,0.0,17.53
1998-12-11,17.2,3.9,0.0,16.401111111111106
1998-12-12,21.1,3.9,0.0,19.91888888888888
1998-12-13,23.9,8.3,0.0,23.357777777777773
1998-12-14,24.4,7.8,0.0,23.90888888888889
1998-12-15,21.7,12.8,10.7,23.410000000000004
1998-12-16,26.1,9.4,0.0,25.720000000000013
1998-12-17,25.6,13.3,0.0,25.208055555555557
1998-12-18,19.4,10.0,0.0,21.321944444444448
1998-12-19,20.6,8.9,0.0,19.49777777777778
1998-12-20,18.3,8.9,0.0,20.101666666666663
1998-12-21,14.4,6.1,0.0,17.396666666666672
1998-12-22,13.3,2.8,0.0,12.332222222222219
1998-12-23,12.2,0.6,0.0,11.164166666666667
1998-12-24,16.1,0.0,0.0,14.734166666666665
1998-12-25,17.2,1.7,0.0,16.191111111111113
1998-12-26,18.9,3.9,0.0,17.477777777777774
1998-12-27,19.4,4.4,0.0,18.658888888888896
1998-12-28,20.0,5.0,0.0,19.32805555555556
1998-12-29,20.6,6.1,0.0,19.958055555555553
1998-12-30,23.3,8.3,0.0,22.793055555555558
1998-12-31,23.3,8.3,0.0,22.25500000000001
1999-01-01,21.1,8.3,0.0,21.6511111111111
1999-01-02,19.4,5.6,0.0,19.314999999999998
1999-01-03,20.0,3.3,0.0,18.58055555555556
1999-01-04,19.4,3.9,0.0,18.567500000000006
1999-01-05,20.0,4.4,0.0,19.223611111111108
1999-01-06,21.7,5.6,0.0,21.047777777777775
1999-01-07,21.1,6.1,0.0,20.470000000000002
1999-01-08,19.4,5.0,0.0,19.945
1999-01-09,21.1,5.0,0.0,20.391666666666673
1999-01-10,21.7,5.0,0.0,21.073888888888884
1999-01-11,22.8,8.3,0.0,21.428055555555552
1999-01-12,20.6,8.9,0.0,21.12611111111111
1999-01-13,20.6,6.1,0.0,19.905833333333334
1999-01-14,25.6,7.2,0.0,24.408333333333335
1999-01-15,22.2,6.1,0.0,23.79138888888889
1999-01-16,21.7,7.8,0.0,21.021666666666665
1999-01-17,21.7,7.2,0.0,21.073888888888884
1999-01-18,23.3,8.3,0.0,22.29416666666667
1999-01-19,23.9,10.0,0.0,22.832222222222214
1999-01-20,21.7,10.0,0.0,22.32027777777778
1999-01-21,21.7,14.4,0.0,21.321944444444448
1999-01-22,18.9,8.3,0.0,19.905833333333334
1999-01-23,21.1,5.0,0.0,20.391666666666673
1999-01-24,22.8,10.6,0.0,22.215833333333343
1999-01-25,23.9,10.0,0.3,22.64944444444444
1999-01-26,15.0,6.1,0.0,19.984166666666663
1999-01-27,15.0,4.4,0.0,14.22166666666667
1999-01-28,18.9,5.0,0.0,17.425555555555555
1999-01-29,17.8,3.9,0.0,17.39944444444445
1999-01-30,18.9,3.3,0.0,17.425555555555555
1999-01-31,21.1,6.1,0.0,20.352500000000003
1999-02-01,20.0,5.0,0.0,19.814444444444444
1999-02-02,21.7,5.0,0.0,20.378611111111113
1999-02-03,21.1,4.4,0.0,20.391666666666673
1999-02-04,16.7,8.3,4.1,19.853611111111107
1999-02-05,17.8,8.3,0.3,16.792777777777772
1999-02-06,16.7,6.1,0.0,16.215555555555554
1999-02-07,20.0,6.7,0.0,19.458611111111107
1999-02-08,23.3,8.3,0.0,22.34638888888889
1999-02-09,25.6,9.4,0.0,24.551944444444445
1999-02-10,15.6,8.3,0.0,24.551944444444445
1999-02-11,15.0,3.9,0.0,13.934444444444445
1999-02-12,23.9,10.0,0.0,22.571111111111104
1999-02-13,26.7,7.2,0.0,25.53722222222223
1999-02-14,25.0,8.9,0.0,25.53722222222223
1999-02-15,21.7,7.8,0.0,24.408333333333335
1999-02-16,21.7,8.9,0.0,21.021666666666665
1999-02-17,23.3,9.4,0.0,22.163611111111113
1999-02-18,24.4,9.4,0.0,23.948055555555563
1999-02-19,24.4,11.7,0.0,23.96111111111111
1999-02-20,25.6,11.1,0.0,24.56500000000001
1999-02-21,26.1,10.0,0.0,25.16888888888889
1999-02-22,23.9,13.3,0.0,24.56500000000001
1999-02-23,25.0,7.8,0.0,23.804444444444453
1999-02-24,26.7,9.4,0.0,25.61555555555556
1999-02-25,26.1,13.3,0.0,26.24555555555556
1999-02-26,24.4,11.7,0.0,25.064444444444437
1999-02-27,25.0,10.0,0.0,23.90888888888889
1999-02-28,29.4,10.6,0.0,27.291183144664483
1999-03-01,28.9,13.3,0.0,27.120523409010477
1999-03-02,29.4,12.8,0.0,27.333856068786513
1999-03-03,29.4,12.2,0.0,27.260045205845373
1999-03-04,24.4,13.3,0.0,26.967142891043157
1999-03-05,25.0,10.6,0.0,23.948055555555563
1999-03-06,27.2,11.7,0.0,25.62861111111112
1999-03-07,17.2,10.6,0.8,26.24555555555556
1999-03-08,18.9,8.9,0.0,18.290555555555557
1999-03-09,23.3,9.4,0.0,22.268055555555563
1999-03-10,23.3,8.9,0.0,22.727777777777774
1999-03-11,21.1,11.1,0.0,22.215833333333343
1999-03-12,21.7,8.3,0.0,20.470000000000002
1999-03-13,25.0,9.4,0.0,23.830555555555563
1999-03-14,27.8,10.0,0.0,26.09496090001778
1999-03-15,29.4,12.2,0.0,27.324429869697802
1999-03-16,16.7,10.0,1.8,26.889711213057822
1999-03-17,15.6,10.0,0.3,13.891944444444443
1999-03-18,21.7,7.8,0.0,20.639722222222222
1999-03-19,27.8,10.6,0.0,26.26891400403554
1999-03-20,31.7,15.6,0.0,29.65650750123555
1999-03-21,27.2,11.1,0.0,29.127329261075577
1999-03-22,27.8,11.7,0.0,26.297777777777785
1999-03-23,26.7,12.2,0.0,26.138086013457787
1999-03-24,27.2,12.2,0.0,26.25861111111111
1999-03-25,28.3,13.9,0.0,26.326606101278596
1999-03-26,22.2,12.2,0.0,26.761397287925245
1999-03-27,23.9,10.0,0.0,22.819166666666668
1999-03-28,26.1,11.7,0.0,25.16888888888889
1999-03-29,30.0,13.3,0.0,27.668524419964463
1999-03-30,30.0,14.4,0.0,27.685917222915585
1999-03-31,25.6,14.4,0.0,27.04228390602461
1999-04-01,16.7,7.2,6.1,23.292500000000004
1999-04-02,15.0,4.4,13.5,14.286944444444442
1999-04-03,18.3,5.6,0.0,17.122500000000006
1999-04-04,14.4,6.1,7.1,17.083333333333336
1999-04-05,19.4,5.0,0.0,18.303611111111113
1999-04-06,25.0,9.4,0.0,23.410000000000004
1999-04-07,21.1,11.7,0.5,23.921944444444446
1999-04-08,20.6,8.3,0.0,18.711111111111116
1999-04-09,18.3,10.0,0.0,19.30194444444444
1999-04-10,21.7,6.7,0.0,19.80138888888888
1999-04-11,26.7,9.4,0.0,25.038333333333327
1999-04-12,27.2,11.1,0.0,26.206388888888895
1999-04-13,19.4,9.4,1.5,25.234166666666663
1999-04-14,28.9,12.2,0.0,26.39724918081779
1999-04-15,31.7,14.4,0.0,28.617893028813327
1999-04-16,28.9,14.4,0.0,28.23455198796191
1999-04-17,31.7,13.9,0.0,28.708634567352206
1999-04-18,34.4,16.1,0.0,31.122699534472115
1999-04-19,35.6,16.7,0.0,32.08532983333335
1999-04-20,35.6,18.9,0.0,32.08532983333335
1999-04-21,32.2,20.0,0.0,31.402681356666946
1999-04-22,30.0,18.3,0.0,29.58403550105782
1999-04-23,24.4,16.7,0.0,27.510452641597837
1999-04-24,23.9,13.9,0.0,22.97583333333333
1999-04-25,26.7,14.4,0.0,25.77222222222223
1999-04-26,31.1,16.1,0.0,29.09490028538446
1999-04-27,33.9,18.3,0.0,31.046002029057814
1999-04-28,29.4,16.1,0.0,30.534336607395534
1999-04-29,20.0,11.1,0.0,27.299166898337837
1999-04-30,20.6,11.1,0.0,19.35416666666667
1999-05-01,22.8,11.1,0.0,21.256666666666668
1999-05-02,28.3,13.9,0.0,26.606485227751147
1999-05-03,24.4,17.2,0.0,26.606485227751147
1999-05-04,26.1,12.8,0.0,24.617222222222225
1999-05-05,31.1,15.0,0.0,28.133183644444404
1999-05-06,32.8,16.1,0.0,29.47701097085567
1999-05-07,35.0,18.3,0.0,31.402681356666946
1999-05-08,37.2,20.0,0.0,33.48650723760654
1999-05-09,31.7,19.4,0.0,32.75218689396645
1999-05-10,30.6,17.8,0.0,28.80472096989557
1999-05-11,32.2,18.9,0.0,29.58403550105782
1999-05-12,35.0,20.6,0.0,32.26337892222221
1999-05-13,36.1,21.1,0.0,33.303229336731626
1999-05-14,32.8,20.6,0.0,32.82639084588163
1999-05-15,32.8,21.1,0.0,30.472516219324454
1999-05-16,32.2,19.4,0.0,29.28525801938051
1999-05-17,34.4,18.3,0.0,31.122699534472115
1999-05-18,37.2,22.8,0.0,33.30356359160573
1999-05-19,35.0,19.4,0.0,32.925675348217084
1999-05-20,35.0,20.0,0.0,31.556654206572073
1999-05-21,37.8,20.6,0.0,32.75218689396645
1999-05-22,34.4,18.9,0.0,33.30356359160573
1999-05-23,32.2,18.3,0.0,29.954480215851657
1999-05-24,33.9,19.4,0.0,30.996438931695575
1999-05-25,33.9,25.0,0.0,31.626257597697798
1999-05-26,36.1,22.2,0.0,34.02775623938448
1999-05-27,38.9,23.9,0.0,36.19808164563557
1999-05-28,40.0,25.0,0.0,37.26316031936528
1999-05-29,38.3,25.0,0.0,37.26316031936528
1999-05-30,35.6,24.4,0.0,33.303229336731626
1999-05-31,34.4,21.1,0.0,31.71921145788158
1999-06-01,35.0,22.2,0.0,32.123144788497775
1999-06-02,29.4,18.9,0.0,32.123144788497775
1999-06-03,30.6,18.9,0.0,28.655171081404482
1999-06-04,23.9,16.1,0.0,27.591488397037843
1999-06-05,28.9,16.1,0.0,26.976995015351136
1999-06-06,33.9,17.8,0.0,30.919878414424474
1999-06-07,36.7,20.6,0.0,33.50729487099558
1999-06-08,36.1,22.2,0.0,33.50729487099558
1999-06-09,35.6,21.7,0.0,33.26483693491558
1999-06-10,35.0,21.7,0.0,32.50805814444446
1999-06-11,35.6,21.1,0.0,32.65047505555558
1999-06-12,38.3,22.2,0.0,34.376844877922906
1999-06-13,40.6,22.8,0.0,37.78063674444445
1999-06-14,40.0,28.3,0.0,38.22934471059556
1999-06-15,41.1,28.3,0.0,39.005072790915584
1999-06-16,40.6,28.3,0.0,39.005072790915584
1999-06-17,40.6,28.9,0.0,40.01842425555557
1999-06-18,40.6,27.8,0.0,39.690664211111134
1999-06-19,41.7,28.9,0.0,40.08962503081779
1999-06-20,42.8,28.9,0.0,41.44492824545783
1999-06-21,42.8,28.9,0.0,41.075985595395565
1999-06-22,39.4,25.6,0.0,39.95154991769784
1999-06-23,40.0,27.8,0.0,38.264059863875616
1999-06-24,41.1,28.9,0.0,39.90904047987556
1999-06-25,42.2,30.0,0.0,40.61860752507562
1999-06-26,41.7,29.4,0.0,41.34439175647111
1999-06-27,42.8,30.6,0.0,41.44492824545783
1999-06-28,40.6,30.0,0.0,41.87664238005113
1999-06-29,41.1,29.4,0.0,42.128902611884484
1999-06-30,43.3,30.0,0.0,43.90952749323557
1999-07-01,43.9,29.4,0.0,44.055131520551164
1999-07-02,41.1,30.6,0.0,44.88822239935119
1999-07-03,41.7,29.4,0.0,40.58292983287112
1999-07-04,41.7,29.4,0.0,41.34439175647111
1999-07-05,43.3,31.1,0.0,43.58821889175118
1999-07-06,41.7,27.2,5.8,45.82316896481779
1999-07-07,38.3,23.3,2.5,38.70551121452447
1999-07-08,35.0,25.0,0.0,40.08503163468442
1999-07-09,38.3,28.9,0.0,39.43263444819561
1999-07-10,40.6,27.2,0.3,42.27320415555557
1999-07-11,38.3,27.8,0.0,42.8331131087645
1999-07-12,40.0,29.4,0.0,40.44721410993783
1999-07-13,40.0,28.3,0.0,42.8331131087645
1999-07-14,35.6,22.8,31.5,43.134215580737774
1999-07-15,35.0,20.6,18.3,36.03057495519112
1999-07-16,37.8,26.7,0.0,39.37284994723556
1999-07-17,38.3,27.2,0.0,39.03357521153779
1999-07-18,35.6,23.9,12.4,38.77595320759115
1999-07-19,38.3,25.0,0.0,38.77595320759115
1999-07-20,40.6,28.3,0.0,41.189731834595584
1999-07-21,40.6,29.4,0.0,42.27320415555557
1999-07-22,40.0,28.3,0.0,41.28011848668453
1999-07-23,38.9,26.1,1.3,43.276947140817825
1999-07-24,37.8,27.8,0.0,41.23738470599116
1999-07-25,38.3,28.3,0.0,41.89030390441778
1999-07-26,40.0,28.9,0.0,41.98503150087119
1999-07-27,36.1,28.3,0.0,41.189731834595584
1999-07-28,32.8,24.4,0.0,38.011235686504506
1999-07-29,31.7,26.1,3.0,34.48873600083557
1999-07-30,36.1,25.6,0.0,37.71805098215121
1999-07-31,41.1,27.2,0.0,40.58292983287112
1999-08-01,41.7,26.7,0.0,40.2777378933845
1999-08-02,40.6,29.4,0.0,40.715118577777744
1999-08-03,40.6,30.0,0.0,40.359909044444436
1999-08-04,41.1,30.0,0.0,41.08405285555559
1999-08-05,37.2,28.3,0.0,40.67742350623117
1999-08-06,38.3,26.1,0.0,38.77595320759115
1999-08-07,39.4,27.8,0.0,38.65812506511781
1999-08-08,40.0,26.1,0.0,37.526354610915575
1999-08-09,40.0,27.2,0.0,39.1205244854756
1999-08-10,37.8,27.2,1.5,38.82184079287112
1999-08-11,37.8,24.4,0.0,35.616047560835526
1999-08-12,38.9,25.0,0.0,37.14089292569781
1999-08-13,41.7,23.9,0.0,39.005072790915584
1999-08-14,38.3,30.0,0.0,39.29214650849783
1999-08-15,39.4,27.8,0.0,39.29090456601554
1999-08-16,39.4,28.3,0.0,39.96049678276451
1999-08-17,42.2,28.9,0.0,42.64548357975115
1999-08-18,42.8,31.1,0.5,43.58821889175118
1999-08-19,41.1,27.2,0.3,41.08405285555559
1999-08-20,40.0,27.8,0.0,40.44721410993783
1999-08-21,41.7,28.9,0.0,42.9721400913156
1999-08-22,43.9,29.4,5.1,44.353048125384426
1999-08-23,41.1,28.9,0.0,43.44499524290447
1999-08-24,42.8,32.2,0.0,43.57978966815777
1999-08-25,41.7,30.6,0.3,43.57978966815777
1999-08-26,41.1,28.9,0.0,42.128902611884484
1999-08-27,40.6,26.1,14.2,44.320749768871096
1999-08-28,36.7,24.4,0.0,41.68489202643561
1999-08-29,37.8,26.7,0.0,39.37284994723556
1999-08-30,37.8,28.3,0.0,40.08503163468442
1999-08-31,35.6,24.4,1.5,38.388657956195566
1999-09-01,35.6,23.9,0.0,35.5804232555556
1999-09-02,36.7,27.2,0.0,35.60670538276444
1999-09-03,36.1,22.2,0.0,35.60670538276444
1999-09-04,37.8,23.3,0.0,36.19808164563557
1999-09-05,40.0,23.9,0.0,39.07631835555556
1999-09-06,40.6,25.0,0.0,40.01842425555557
1999-09-07,40.6,26.1,0.0,40.58292983287112
1999-09-08,40.0,23.9,0.0,37.78063674444445
1999-09-09,34.4,27.2,0.0,37.78063674444445
1999-09-10,38.3,26.1,0.0,38.16630760972448
1999-09-11,37.8,23.9,1.8,41.36938992655783
1999-09-12,38.9,23.9,0.5,40.57779183609559
1999-09-13,41.1,25.6,0.0,39.07631835555556
1999-09-14,40.0,25.6,1.5,40.44721410993783
1999-09-15,34.4,24.4,0.0,39.6256119871911
1999-09-16,36.7,24.4,0.0,35.60670538276444
1999-09-17,36.7,25.6,0.0,35.60670538276444
1999-09-18,37.8,26.1,0.0,36.99262651519117
1999-09-19,34.4,22.2,26.9,36.25741848220446
1999-09-20,35.0,21.7,0.0,35.85863781863108
1999-09-21,35.0,25.6,0.0,35.34735951507558
1999-09-22,37.8,25.0,2.5,37.233352309724495
1999-09-23,32.8,25.0,0.0,36.99262651519117
1999-09-24,35.0,24.4,0.0,33.89808742945776
1999-09-25,35.6,23.9,0.0,33.586408477777795
1999-09-26,37.2,23.3,0.0,35.20223267935115
1999-09-27,37.2,23.9,0.0,36.041461872035576
1999-09-28,37.8,23.9,0.0,35.20223267935115
1999-09-29,35.6,20.6,0.0,33.48650723760654
1999-09-30,36.7,23.9,0.0,33.47519998748452
1999-10-01,37.2,21.7,0.0,34.20001246842446
1999-10-02,36.7,20.6,0.0,33.684902338337814
1999-10-03,36.1,21.1,0.0,33.59100242466448
1999-10-04,37.8,20.0,0.0,34.376844877922906
1999-10-05,38.3,23.9,0.0,35.49618252001778
1999-10-06,33.9,21.1,0.0,34.98114772339558
1999-10-07,30.0,18.3,0.0,29.94753127932447
1999-10-08,35.0,17.8,0.0,32.123144788497775
1999-10-09,37.2,20.6,0.0,34.3109368188178
1999-10-10,37.2,21.1,0.0,34.43261115769557
1999-10-11,38.3,21.1,0.0,35.82361426145781
1999-10-12,38.3,22.2,0.0,36.00496849820448
1999-10-13,37.8,20.6,0.0,33.95949560719096
1999-10-14,36.7,20.6,0.0,33.13136993408938
1999-10-15,35.6,20.0,0.0,32.46390307266697
1999-10-16,32.2,19.4,0.0,32.26337892222221
1999-10-17,26.7,16.7,0.0,30.28977988803559
1999-10-18,27.2,14.4,0.0,26.057096405315576
1999-10-19,31.1,16.1,0.0,28.619330886737796
1999-10-20,32.2,18.9,0.0,29.96776519201776
1999-10-21,34.4,16.1,0.0,31.468562742664492
1999-10-22,34.4,16.1,0.0,30.992269215378357
1999-10-23,35.0,16.7,0.0,31.120488861070108
1999-10-24,34.4,16.1,0.0,31.122699534472115
1999-10-25,33.3,16.1,0.0,30.892880994515604
1999-10-26,30.6,18.9,0.0,29.94753127932447
1999-10-27,31.1,17.2,0.0,29.208221804471123
1999-10-28,30.6,17.8,0.0,28.772346040871142
1999-10-29,30.6,16.1,0.0,28.133183644444404
1999-10-30,29.4,15.0,0.0,28.130447855555552
1999-10-31,31.7,15.0,0.0,29.083860726183204
1999-11-01,30.6,15.0,0.0,28.617893028813327
1999-11-02,32.2,13.9,0.0,29.692491098716737
1999-11-03,30.6,16.7,0.0,28.607049142595585
1999-11-04,31.1,13.9,0.0,29.018633022664442
1999-11-05,30.6,15.0,0.0,28.619330886737796
1999-11-06,33.3,12.8,0.0,30.472516219324454
1999-11-07,30.0,17.8,0.0,29.046076926015594
1999-11-08,27.2,14.4,0.0,26.376111111111115
1999-11-09,26.7,12.2,0.0,26.323888888888895
1999-11-10,29.4,11.7,0.0,27.299166898337837
1999-11-11,32.2,13.9,0.0,29.535345406817815
1999-11-12,33.9,15.0,0.0,30.919878414424474
1999-11-13,32.8,15.0,0.0,30.499909812017766
1999-11-14,32.8,16.7,0.0,30.534336607395534
1999-11-15,32.2,15.0,0.0,29.994441151395577
1999-11-16,31.7,15.6,0.0,29.58403550105782
1999-11-17,28.9,15.0,0.0,28.650974284497806
1999-11-18,25.0,13.3,0.0,26.299025066204464
1999-11-19,25.6,12.2,0.0,25.273333333333326
1999-11-20,24.4,12.2,0.0,24.643333333333334
1999-11-21,21.7,10.6,0.0,22.29416666666667
1999-11-22,19.4,9.4,0.0,20.010277777777773
1999-11-23,18.9,5.0,0.0,17.49083333333333
1999-11-24,19.4,4.4,0.0,18.541388888888896
1999-11-25,20.0,5.0,0.0,19.13222222222222
1999-11-26,22.8,7.2,0.0,21.520555555555553
1999-11-27,25.6,8.9,0.0,24.42138888888889
1999-11-28,25.6,8.9,0.0,24.460555555555555
1999-11-29,29.4,10.0,0.0,27.04228390602461
1999-11-30,28.3,11.7,0.0,26.49263152332448
1999-12-01,25.0,12.8,0.0,26.09496090001778
1999-12-02,19.4,7.8,0.0,22.17666666666667
1999-12-03,16.1,5.6,0.0,17.49083333333333
1999-12-04,18.9,3.3,0.0,17.503888888888888
1999-12-05,21.1,4.4,0.0,19.879722222222224
1999-12-06,20.0,5.0,0.0,18.645833333333332
1999-12-07,18.3,5.0,0.0,18.146944444444447
1999-12-08,16.7,6.1,0.0,16.374999999999996
1999-12-09,17.8,3.9,0.0,17.005000000000006
1999-12-10,16.7,7.2,0.0,16.374999999999996
1999-12-11,18.9,3.3,0.0,17.516944444444448
1999-12-12,17.2,3.3,0.0,16.401111111111106
1999-12-13,17.8,4.4,0.0,16.33583333333333
1999-12-14,15.6,3.9,0.0,15.823888888888888
1999-12-15,19.4,1.7,0.0,18.476111111111113
1999-12-16,19.4,3.3,0.0,18.528333333333332
1999-12-17,21.7,5.0,0.0,20.391666666666673
1999-12-18,22.2,6.1,0.0,21.008611111111108
1999-12-19,21.1,5.6,0.0,20.365555555555563
1999-12-20,20.0,5.6,0.0,19.853611111111107
1999-12-21,18.3,4.4,0.0,18.107777777777773
1999-12-22,18.9,10.0,0.0,17.477777777777774
1999-12-23,20.6,7.8,0.0,19.21055555555556
1999-12-24,20.6,8.3,0.0,19.853611111111107
1999-12-25,18.9,5.6,0.0,19.236666666666668
1999-12-26,21.1,11.7,0.0,20.023333333333333
1999-12-27,21.1,8.9,0.0,20.483055555555566
1999-12-28,22.8,11.7,0.0,22.215833333333343
1999-12-29,20.0,10.0,0.0,21.073888888888884
1999-12-30,20.6,6.1,0.0,19.380277777777778
1999-12-31,20.6,6.1,0.0,19.35416666666667
2000-01-01,15.6,8.3,0.0,18.75027777777778
2000-01-02,13.9,6.1,0.3,13.656944444444441
2000-01-03,15.0,0.0,0.0,13.421944444444446
2000-01-04,18.3,4.4,0.0,17.425555555555555
2000-01-05,17.8,3.3,0.0,17.425555555555555
2000-01-06,17.8,2.8,0.0,16.33583333333333
2000-01-07,18.3,3.3,0.0,17.477777777777774
2000-01-08,17.2,3.3,0.0,16.952777777777776
2000-01-09,17.2,2.2,0.0,15.836944444444448
2000-01-10,20.0,3.9,0.0,18.593611111111116
2000-01-11,21.7,5.6,0.0,20.391666666666673
2000-01-12,22.8,6.7,0.0,21.546666666666663
2000-01-13,25.0,6.7,0.0,23.90888888888889
2000-01-14,27.2,9.4,0.0,26.297777777777785
2000-01-15,27.2,8.9,0.0,26.271666666666665
2000-01-16,25.0,9.4,0.0,25.65472222222223
2000-01-17,25.6,11.7,0.0,25.14277777777778
2000-01-18,26.1,13.9,0.0,25.693888888888896
2000-01-19,26.1,11.7,0.0,25.693888888888896
2000-01-20,25.0,11.7,0.0,25.16888888888889
2000-01-21,22.8,12.8,0.0,23.96111111111111
2000-01-22,21.1,11.7,0.0,21.79472222222221
2000-01-23,22.2,7.2,0.0,21.12611111111111
2000-01-24,23.3,11.1,0.0,22.241944444444453
2000-01-25,25.6,11.7,0.0,24.525833333333335
2000-01-26,20.6,12.8,0.0,23.90888888888889
2000-01-27,19.4,8.3,0.0,18.737222222222226
2000-01-28,19.4,6.1,0.0,18.60666666666667
2000-01-29,19.4,5.0,0.0,18.593611111111116
2000-01-30,20.0,10.0,0.0,19.236666666666668
2000-01-31,19.4,10.6,0.0,18.60666666666667
2000-02-01,21.1,6.7,0.0,19.840555555555554
2000-02-02,22.8,7.2,0.0,22.12444444444445
2000-02-03,24.4,8.3,0.0,23.27944444444444
2000-02-04,23.9,7.8,0.0,23.27944444444444
2000-02-05,24.4,8.9,0.0,23.292500000000004
2000-02-06,24.4,8.3,0.0,23.34472222222222
2000-02-07,28.3,8.3,0.0,26.326606101278596
2000-02-08,27.2,11.7,0.0,26.60759671219786
2000-02-09,25.6,12.2,0.0,25.195
2000-02-10,23.9,12.2,0.0,25.181944444444436
2000-02-11,20.6,10.0,0.0,22.832222222222214
2000-02-12,21.7,10.6,0.0,20.574444444444445
2000-02-13,19.4,10.0,0.0,19.458611111111107
2000-02-14,22.2,10.0,0.0,21.820833333333326
2000-02-15,25.0,10.0,0.0,24.643333333333334
2000-02-16,20.6,11.1,0.0,24.617222222222225
2000-02-17,18.3,10.6,0.0,19.44555555555556
2000-02-18,20.0,7.2,0.0,18.658888888888896
2000-02-19,23.3,8.3,0.0,22.675555555555558
2000-02-20,28.3,12.2,0.0,26.16162130220444
2000-02-21,24.4,12.2,0.0,23.48833333333333
2000-02-22,18.9,11.1,0.0,22.871388888888887
2000-02-23,20.6,9.4,0.0,19.432499999999997
2000-02-24,17.2,9.4,0.0,19.432499999999997
2000-02-25,17.2,7.2,0.0,16.374999999999996
2000-02-26,20.6,6.1,0.0,18.645833333333332
2000-02-27,26.7,7.2,0.0,25.61555555555556
2000-02-28,19.4,13.9,0.0,25.103611111111107
2000-02-29,21.7,8.9,0.0,21.03472222222223
2000-03-01,20.6,12.2,0.0,20.417777777777783
2000-03-02,21.7,8.3,0.0,20.483055555555566
2000-03-03,26.1,10.0,0.0,25.65472222222223
2000-03-04,22.8,11.1,0.3,25.65472222222223
2000-03-05,15.0,10.0,24.6,18.906944444444445
2000-03-06,11.1,6.7,38.9,13.432222222222224
2000-03-07,12.8,6.1,6.6,12.277222222222225
2000-03-08,17.8,6.1,0.0,16.61
2000-03-09,19.4,9.4,0.0,18.368888888888886
2000-03-10,21.7,7.8,0.0,20.522222222222222
2000-03-11,25.6,9.4,0.0,25.11666666666666
2000-03-12,26.7,10.6,0.0,25.693888888888896
2000-03-13,27.2,15.6,0.0,26.186471745635558
2000-03-14,28.9,13.3,0.0,27.362086793075598
2000-03-15,28.9,13.9,0.0,26.951463358051168
2000-03-16,27.2,15.0,0.0,26.928405505235606
2000-03-17,27.8,13.9,0.0,26.323888888888895
2000-03-18,28.3,12.8,0.0,26.889711213057822
2000-03-19,27.8,13.9,0.0,26.889711213057822
2000-03-20,20.6,11.7,0.0,26.186471745635558
2000-03-21,15.6,8.3,0.0,15.75861111111111
2000-03-22,20.0,8.9,0.0,18.711111111111116
2000-03-23,22.8,11.7,0.0,22.241944444444453
2000-03-24,27.2,10.6,0.0,25.693888888888896
2000-03-25,27.8,13.3,0.0,26.33694444444444
2000-03-26,28.3,13.3,0.0,26.907821456904497
2000-03-27,27.8,14.4,0.0,26.928405505235606
2000-03-28,22.2,15.0,0.8,26.31083333333333
2000-03-29,25.6,13.3,0.0,24.617222222222225
2000-03-30,26.1,15.6,0.0,25.208055555555557
2000-03-31,17.8,11.1,4.6,22.832222222222214
2000-04-01,20.6,9.4,0.0,18.776388888888896
2000-04-02,23.9,10.0,0.0,23.357777777777773
2000-04-03,28.9,12.8,0.0,26.874074773695597
2000-04-04,33.9,16.7,0.0,30.919878414424474
2000-04-05,33.3,16.7,0.0,30.892880994515604
2000-04-06,31.7,17.2,0.0,30.472516219324454
2000-04-07,33.3,15.0,0.0,29.94753127932447
2000-04-08,34.4,17.8,0.0,31.93567442796443
2000-04-09,34.4,18.9,0.0,31.56558905401558
2000-04-10,30.0,17.8,0.0,30.996438931695575
2000-04-11,30.6,16.1,0.0,28.15134625555558
2000-04-12,33.3,17.8,0.0,30.068349315190954
2000-04-13,33.9,17.2,0.0,30.357033287605734
2000-04-14,28.9,18.9,0.0,30.47971237560652
2000-04-15,25.6,13.9,0.0,25.68083333333334
2000-04-16,31.7,15.6,0.0,28.036665419365292
2000-04-17,33.3,16.7,0.0,29.809894232673937
2000-04-18,23.9,17.2,0.0,30.31718712192291
2000-04-19,26.7,14.4,0.0,24.525833333333335
2000-04-20,32.2,14.4,0.0,29.181586634539613
2000-04-21,33.9,19.4,0.0,30.357033287605734
2000-04-22,25.6,15.0,0.0,29.28729902973239
2000-04-23,30.0,16.1,0.0,27.4745824958845
2000-04-24,33.3,17.2,0.0,29.94753127932447
2000-04-25,36.1,18.9,0.0,32.26337892222221
2000-04-26,37.8,18.9,0.0,33.58698929119677
2000-04-27,38.3,20.6,0.0,34.330119706855676
2000-04-28,36.1,21.1,0.0,33.95949560719096
2000-04-29,30.6,21.1,0.0,32.46390307266697
2000-04-30,32.2,19.4,0.0,28.80472096989557
2000-05-01,36.1,17.2,0.0,32.75218689396645
2000-05-02,37.2,20.0,0.0,33.48650723760654
2000-05-03,37.2,20.0,0.0,33.88464449506145
2000-05-04,37.2,21.1,0.0,34.60233562131555
2000-05-05,36.7,20.0,0.0,34.20001246842446
2000-05-06,37.2,21.7,0.0,34.60233562131555
2000-05-07,36.1,21.1,0.0,34.09983810651561
2000-05-08,33.3,23.3,0.0,32.50805814444446
2000-05-09,35.6,22.2,0.0,33.29748525555557
2000-05-10,37.8,23.3,0.0,35.28974281820443
2000-05-11,28.9,21.7,0.0,34.98114772339558
2000-05-12,30.6,18.3,0.0,28.133183644444404
2000-05-13,33.3,17.2,0.0,30.472516219324454
2000-05-14,37.2,18.9,0.0,33.26483693491558
2000-05-15,37.8,21.1,0.0,33.58698929119677
2000-05-16,30.6,20.0,0.0,32.14031021707014
2000-05-17,28.3,15.6,0.0,26.683260097819318
2000-05-18,32.2,18.3,0.0,29.94753127932447
2000-05-19,35.0,20.6,0.0,31.890353110595566
2000-05-20,38.3,22.2,0.0,34.53389801944396
2000-05-21,41.7,24.4,0.0,37.83137135202459
2000-05-22,42.8,24.4,0.0,38.65995340797939
2000-05-23,41.1,26.1,0.0,38.14720303506085
2000-05-24,38.9,25.0,0.0,37.316018065132084
2000-05-25,35.0,22.8,0.0,35.88723762042444
2000-05-26,35.0,23.3,0.0,32.735418477777785
2000-05-27,40.0,25.6,0.0,36.92906026801558
2000-05-28,43.3,26.1,0.0,39.777810462424476
2000-05-29,43.3,26.7,0.0,40.375514202452045
2000-05-30,41.7,25.6,0.0,39.99578461027292
2000-05-31,39.4,27.2,0.0,37.83137135202459
2000-06-01,39.4,25.6,0.0,36.37006527099558
2000-06-02,39.4,26.1,0.0,35.848321741895575
2000-06-03,40.6,24.4,0.0,36.20235041904861
2000-06-04,41.1,23.9,0.0,37.26328415006614
2000-06-05,42.2,25.6,0.0,38.14720303506085
2000-06-06,42.8,27.8,0.0,39.330176757278565
2000-06-07,42.8,27.2,0.0,39.28470468196802
2000-06-08,37.8,29.4,0.0,38.78380501381933
2000-06-09,33.9,22.8,0.0,35.28974281820443
2000-06-10,35.0,22.2,0.0,31.98958014673779
2000-06-11,37.8,22.8,0.0,33.95949560719096
2000-06-12,40.0,23.9,0.0,36.357746250469845
2000-06-13,41.7,25.0,0.0,37.83137135202459
2000-06-14,42.8,26.7,0.0,40.062885029315616
2000-06-15,42.8,27.8,0.0,40.72266417601779
2000-06-16,41.7,28.3,0.0,40.72266417601779
2000-06-17,40.0,28.3,0.0,40.44721410993783
2000-06-18,38.3,28.9,0.0,39.96049678276451
2000-06-19,38.3,27.8,0.0,38.388657956195566
2000-06-20,36.7,25.0,3.8,36.99262651519117
2000-06-21,38.9,23.9,0.0,36.402953703751095
2000-06-22,32.8,25.0,3.8,36.61958467255111
2000-06-23,37.8,23.3,0.0,36.99262651519117
2000-06-24,38.9,25.0,0.0,37.08812334220451
2000-06-25,41.1,27.2,0.0,39.005072790915584
2000-06-26,41.7,27.8,0.0,39.90904047987556
2000-06-27,41.1,32.2,0.0,40.58292983287112
2000-06-28,39.4,26.1,0.3,39.690664211111134
2000-06-29,38.3,25.0,0.8,38.65812506511781
2000-06-30,38.9,27.8,0.0,39.294572043315554
2000-07-01,39.4,28.9,0.0,38.980735417597806
2000-07-02,40.6,28.3,0.0,40.44721410993783
2000-07-03,40.6,27.8,0.0,37.56267465555558
2000-07-04,40.0,25.6,0.0,36.907408726595605
2000-07-05,40.6,25.0,0.0,36.6259797458305
2000-07-06,38.9,25.6,0.0,37.26316031936528
2000-07-07,37.8,24.4,5.8,36.25741848220446
2000-07-08,37.2,25.0,0.0,36.972552744817804
2000-07-09,39.4,27.2,0.0,37.05286929405112
2000-07-10,38.3,26.7,0.0,37.85289387477112
2000-07-11,41.1,28.9,0.0,38.732247918737784
2000-07-12,41.1,26.7,0.0,38.732247918737784
2000-07-13,40.0,29.4,0.0,37.60621143488218
2000-07-14,40.6,29.4,0.0,38.25773515555556
2000-07-15,41.7,28.9,0.0,40.974158812771144
2000-07-16,41.7,30.0,0.0,40.974158812771144
2000-07-17,42.2,28.3,0.0,40.38496398732446
2000-07-18,45.0,27.2,0.0,41.066113634466106
2000-07-19,45.0,28.9,0.0,42.27766901145656
2000-07-20,43.9,30.0,0.0,42.099878766995566
2000-07-21,41.1,31.1,0.0,40.974158812771144
2000-07-22,40.6,31.1,0.0,40.974158812771144
2000-07-23,42.8,31.1,0.0,41.82949212620453
2000-07-24,43.9,32.2,0.0,42.51643423866445
2000-07-25,43.9,31.7,0.0,41.752300926424454
2000-07-26,43.9,31.7,0.0,41.25119152944905
2000-07-27,43.3,32.8,0.0,41.495552028017855
2000-07-28,44.4,31.7,0.0,42.51643423866445
2000-07-29,41.1,30.6,0.0,42.099878766995566
2000-07-30,42.2,25.6,1.0,40.2777378933845
2000-07-31,41.1,26.1,0.3,40.41663589969555
2000-08-01,42.2,29.4,0.0,41.87664238005113
2000-08-02,42.2,30.0,0.0,42.64548357975115
2000-08-03,42.8,31.1,0.0,41.44492824545783
2000-08-04,43.3,31.1,0.0,42.28423951745782
2000-08-05,44.4,30.6,0.0,42.997006461057836
2000-08-06,39.4,29.4,0.0,42.56556114769562
2000-08-07,38.3,26.7,0.0,39.294572043315554
2000-08-08,36.1,25.6,0.0,38.96840892532447
2000-08-09,40.6,28.3,0.0,40.715118577777744
2000-08-10,41.1,30.6,0.0,41.313814567484464
2000-08-11,41.7,30.0,0.0,42.51700800993783
2000-08-12,38.9,28.9,0.0,41.313814567484464
2000-08-13,41.7,30.6,0.0,41.700630202897834
2000-08-14,41.7,29.4,0.0,42.128902611884484
2000-08-15,41.1,30.6,0.0,41.87664238005113
2000-08-16,43.3,31.7,0.0,42.70277289020449
2000-08-17,39.4,24.4,5.1,41.82949212620453
2000-08-18,36.1,25.0,0.0,39.621159165037845
2000-08-19,40.6,28.9,0.0,40.01842425555557
2000-08-20,41.1,29.4,0.0,40.01842425555557
2000-08-21,40.6,29.4,0.0,40.238860733671075
2000-08-22,38.3,26.1,0.0,38.264059863875616
2000-08-23,37.2,26.1,0.0,37.60369765459558
2000-08-24,40.0,25.6,0.5,37.87912317681782
2000-08-25,38.3,26.7,0.0,38.980735417597806
2000-08-26,40.6,28.9,5.3,40.941247777475624
2000-08-27,33.3,28.3,0.0,38.980735417597806
2000-08-28,33.9,25.6,0.3,34.77222676805112
2000-08-29,29.4,22.2,3.6,33.61686139803551
2000-08-30,33.9,23.3,0.0,33.22438139641778
2000-08-31,34.4,21.7,0.0,32.82844865049561
2000-09-01,33.3,24.4,0.0,32.536936131037805
2000-09-02,36.7,22.8,0.0,33.022220326595615
2000-09-03,38.3,23.3,0.0,34.97673137667397
2000-09-04,40.0,23.3,0.0,36.6259797458305
2000-09-05,40.0,25.6,0.0,36.54364644066448
2000-09-06,38.9,29.4,0.0,37.14089292569781
2000-09-07,41.7,27.8,0.0,39.343218934337784
2000-09-08,40.6,28.3,0.3,39.06107592666449
2000-09-09,39.4,25.6,0.0,38.516871477777805
2000-09-10,37.8,27.2,0.0,36.99262651519117
2000-09-11,38.9,27.8,0.0,38.16630760972448
2000-09-12,40.6,26.1,0.0,37.78063674444445
2000-09-13,42.8,26.1,0.0,40.375514202452045
2000-09-14,44.4,26.7,0.0,42.51643423866445
2000-09-15,43.3,28.3,0.0,41.752300926424454
2000-09-16,41.7,27.8,0.0,40.72266417601779
2000-09-17,41.1,27.2,0.0,39.95154991769784
2000-09-18,38.3,28.9,0.0,38.78973254444448
2000-09-19,38.9,27.8,0.0,37.80054416740447
2000-09-20,37.8,26.7,0.0,37.05286929405112
2000-09-21,37.8,27.8,0.0,37.08812334220451
2000-09-22,36.1,24.4,0.0,36.24060391311785
2000-09-23,30.6,23.3,0.0,33.4373685444445
2000-09-24,32.8,19.4,0.0,29.510437218515595
2000-09-25,37.2,19.4,0.0,34.16256487321474
2000-09-26,38.3,27.2,0.0,36.402953703751095
2000-09-27,37.8,27.2,0.0,37.233352309724495
2000-09-28,39.4,26.1,0.0,39.75747832689779
2000-09-29,38.3,27.2,0.0,38.980735417597806
2000-09-30,38.9,26.1,0.0,37.08812334220451
2000-10-01,38.9,24.4,0.0,36.61547828090448
2000-10-02,37.8,25.0,0.0,35.654018935395584
2000-10-03,36.7,25.6,0.0,35.585331207404494
2000-10-04,31.7,22.2,6.4,33.74460505555558
2000-10-05,36.7,21.7,0.0,34.46234138047114
2000-10-06,36.7,22.8,0.0,34.307287306771144
2000-10-07,36.1,22.2,0.0,34.02775623938448
2000-10-08,30.6,20.6,0.0,33.59496710787562
2000-10-09,28.3,17.2,1.3,27.318101132851165
2000-10-10,26.1,15.0,13.7,26.908843175591166
2000-10-11,23.9,16.7,3.0,25.035
2000-10-12,23.9,13.9,0.0,23.44916666666666
2000-10-13,26.1,13.3,0.0,25.22111111111111
2000-10-14,27.8,14.4,0.0,26.389166666666668
2000-10-15,28.9,14.4,0.0,27.385562986771195
2000-10-16,30.0,16.1,0.0,28.270783811111137
2000-10-17,32.2,16.7,0.0,29.87279721940449
2000-10-18,33.3,20.6,0.0,31.713294937395606
2000-10-19,26.7,20.0,0.5,30.61551331281785
2000-10-20,30.0,17.2,0.0,27.848301325715614
2000-10-21,27.2,17.2,10.2,28.151444389031152
2000-10-22,18.9,13.9,6.4,21.109722222222224
2000-10-23,20.6,13.9,4.3,19.6675
2000-10-24,21.7,13.9,1.0,21.452499999999997
2000-10-25,24.4,12.8,0.0,23.65805555555555
2000-10-26,26.1,15.0,0.0,25.94194444444445
2000-10-27,21.1,13.3,23.9,24.248333333333335
2000-10-28,20.0,12.8,3.0,19.168055555555554
2000-10-29,22.2,12.8,0.0,21.912222222222212
2000-10-30,23.3,13.3,6.9,21.426388888888887
2000-10-31,18.9,9.4,0.0,17.804166666666667
2000-11-01,20.6,9.4,0.0,18.880833333333335
2000-11-02,20.0,10.6,0.0,18.920000000000005
2000-11-03,20.6,11.7,0.0,20.23222222222222
2000-11-04,19.4,13.9,0.0,20.166944444444443
2000-11-05,19.4,11.1,0.0,18.551666666666666
2000-11-06,15.0,8.9,12.7,18.49944444444445
2000-11-07,17.2,7.2,0.0,15.810833333333331
2000-11-08,17.2,6.1,0.0,15.324444444444445
2000-11-09,19.4,7.2,0.0,18.199166666666667
2000-11-10,16.7,10.0,0.0,17.608333333333334
2000-11-11,16.1,7.8,0.0,14.851666666666667
2000-11-12,16.7,6.1,0.0,15.259166666666667
2000-11-13,18.3,5.0,0.0,16.965833333333336
2000-11-14,18.9,7.8,0.0,18.316666666666666
2000-11-15,17.2,6.1,0.0,17.13555555555556
2000-11-16,17.2,4.4,0.0,16.30972222222222
2000-11-17,17.2,5.0,0.0,16.296666666666667
2000-11-18,17.2,4.4,0.0,15.771666666666667
2000-11-19,19.4,3.9,0.0,18.029444444444447
2000-11-20,23.3,6.1,0.0,22.701666666666668
2000-11-21,22.2,11.7,0.0,21.546666666666663
2000-11-22,22.8,11.1,0.0,21.67722222222221
2000-11-23,18.9,7.2,0.0,19.32805555555556
2000-11-24,19.4,7.2,0.0,18.251388888888883
2000-11-25,21.7,7.2,0.0,20.483055555555566
2000-11-26,23.3,6.7,0.0,21.520555555555553
2000-11-27,22.2,7.8,0.0,20.483055555555566
2000-11-28,23.3,8.3,0.0,22.22888888888889
2000-11-29,24.4,8.9,0.0,23.96111111111111
2000-11-30,24.4,10.0,0.0,23.462222222222223
2000-12-01,22.8,8.9,0.0,22.34638888888889
2000-12-02,23.3,12.2,0.0,22.32027777777778
2000-12-03,23.3,11.1,0.0,22.307222222222226
2000-12-04,24.4,9.4,0.0,23.42305555555555
2000-12-05,25.0,10.6,0.0,23.96111111111111
2000-12-06,23.9,9.4,0.0,22.819166666666668
2000-12-07,22.8,11.7,0.0,22.333333333333343
2000-12-08,22.8,10.6,0.0,21.716388888888883
2000-12-09,20.0,8.9,0.0,20.574444444444445
2000-12-10,17.8,10.0,0.0,18.86777777777778
2000-12-11,20.6,6.7,0.0,19.41944444444444
2000-12-12,18.3,7.2,0.0,18.776388888888896
2000-12-13,16.7,6.1,0.0,16.58388888888889
2000-12-14,18.3,6.1,0.0,17.161666666666672
2000-12-15,18.3,6.7,0.0,17.122500000000006
2000-12-16,19.4,5.0,0.0,18.21222222222222
2000-12-17,22.2,5.6,0.0,21.520555555555553
2000-12-18,18.3,5.0,0.0,19.275833333333335
2000-12-19,20.0,5.0,0.0,19.13222222222222
2000-12-20,18.9,4.4,0.0,18.00333333333333
2000-12-21,21.1,5.0,0.0,19.879722222222224
2000-12-22,22.2,5.6,0.0,21.047777777777775
2000-12-23,22.8,6.1,0.0,22.189722222222233
2000-12-24,22.8,7.8,0.0,21.047777777777775
2000-12-25,18.9,5.6,0.0,19.945
2000-12-26,18.9,6.1,0.0,18.159999999999993
2000-12-27,17.8,5.6,0.0,17.543055555555554
2000-12-28,19.4,5.0,0.0,18.133888888888883
2000-12-29,22.8,5.0,0.0,21.585833333333326
2000-12-30,21.1,7.2,0.0,21.073888888888884
2000-12-31,20.6,5.6,0.0,19.341111111111108
2001-01-01,20.6,7.8,0.0,18.737222222222226
2001-01-02,23.3,6.7,0.0,22.727777777777774
2001-01-03,23.3,7.8,0.0,22.701666666666668
2001-01-04,24.4,7.2,0.0,23.84361111111111
2001-01-05,23.3,10.0,0.0,23.33166666666666
2001-01-06,21.1,11.7,0.0,21.638055555555553
2001-01-07,21.1,9.4,0.0,20.23222222222222
2001-01-08,23.9,10.6,5.1,22.845277777777778
2001-01-09,13.3,10.0,3.8,21.165277777777774
2001-01-10,16.7,9.4,0.0,16.293888888888887
2001-01-11,21.1,7.8,0.0,20.023333333333333
2001-01-12,12.8,7.2,12.2,19.380277777777778
2001-01-13,13.9,5.6,0.0,12.736944444444443
2001-01-14,15.0,4.4,0.0,13.656944444444441
2001-01-15,14.4,4.4,0.3,13.262500000000001
2001-01-16,8.9,5.6,6.1,12.606388888888887
2001-01-17,12.8,2.8,0.0,11.294722222222223
2001-01-18,13.9,2.2,0.0,12.384444444444442
2001-01-19,16.1,3.3,0.0,14.708055555555555
2001-01-20,18.9,7.8,0.0,17.083333333333336
2001-01-21,21.7,6.7,0.0,20.43083333333334
2001-01-22,22.2,10.6,0.0,21.72944444444444
2001-01-23,20.6,7.2,0.0,20.54833333333334
2001-01-24,22.2,8.3,0.0,21.204444444444448
2001-01-25,16.7,8.3,0.0,20.561388888888892
2001-01-26,15.6,5.0,0.0,14.83861111111111
2001-01-27,12.8,6.7,17.5,14.208611111111114
2001-01-28,11.7,5.0,0.0,11.109166666666665
2001-01-29,13.9,5.6,0.0,12.185833333333333
2001-01-30,15.0,5.6,0.0,14.273888888888886
2001-01-31,15.0,3.3,0.0,14.273888888888886
2001-02-01,19.4,3.3,0.0,17.425555555555555
2001-02-02,20.0,6.1,0.0,18.619722222222222
2001-02-03,21.1,6.7,0.0,20.483055555555566
2001-02-04,26.1,7.8,0.0,25.234166666666663
2001-02-05,26.1,10.6,0.0,25.14277777777778
2001-02-06,25.6,11.1,0.0,25.65472222222223
2001-02-07,22.8,12.2,0.0,24.65638888888889
2001-02-08,13.3,5.6,0.0,18.342777777777776
2001-02-09,15.0,3.9,0.0,13.513333333333332
2001-02-10,19.4,5.0,0.0,18.199166666666667
2001-02-11,18.3,5.6,0.0,17.55611111111111
2001-02-12,21.1,5.6,0.0,19.945
2001-02-13,18.3,7.8,2.0,19.32805555555556
2001-02-14,12.8,6.1,5.8,11.200555555555557
2001-02-15,15.0,5.6,0.0,13.236388888888891
2001-02-16,17.8,6.1,0.0,16.466388888888886
2001-02-17,20.0,6.1,0.0,19.341111111111108
2001-02-18,23.3,9.4,0.0,22.359444444444453
2001-02-19,23.9,8.3,0.0,22.793055555555558
2001-02-20,23.9,10.6,0.0,22.845277777777778
2001-02-21,23.9,9.4,0.0,22.845277777777778
2001-02-22,23.3,10.0,0.0,22.832222222222214
2001-02-23,17.8,10.6,0.0,21.703333333333326
2001-02-24,17.2,6.1,0.0,15.95444444444444
2001-02-25,18.9,10.0,3.0,18.225277777777777
2001-02-26,18.9,10.6,0.3,18.225277777777777
2001-02-27,19.4,9.4,3.6,18.342777777777776
2001-02-28,12.8,8.3,7.1,16.16333333333333
2001-03-01,17.2,6.1,0.0,16.649166666666662
2001-03-02,18.9,7.2,0.0,18.316666666666666
2001-03-03,18.9,7.8,0.0,17.712777777777774
2001-03-04,23.3,8.3,0.0,22.29416666666667
2001-03-05,24.4,13.3,0.0,23.948055555555563
2001-03-06,23.3,15.0,0.0,23.42305555555555
2001-03-07,16.7,11.1,18.0,22.359444444444453
2001-03-08,18.3,11.1,0.0,16.91027777777777
2001-03-09,20.6,10.6,0.0,20.34972222222222
2001-03-10,16.1,10.0,1.5,19.70666666666667
2001-03-11,16.1,7.8,0.0,14.469722222222224
2001-03-12,21.7,8.3,0.0,19.484722222222217
2001-03-13,23.3,8.9,0.0,22.845277777777778
2001-03-14,24.4,10.0,0.0,23.501388888888886
2001-03-15,24.4,11.1,0.0,23.462222222222223
2001-03-16,25.6,11.1,0.0,24.53888888888889
2001-03-17,23.9,11.7,0.0,23.921944444444446
2001-03-18,26.7,10.0,0.0,25.16888888888889
2001-03-19,29.4,12.2,0.0,27.685917222915585
2001-03-20,32.2,15.6,0.0,29.09490028538446
2001-03-21,31.7,14.4,0.0,29.09490028538446
2001-03-22,32.2,16.7,0.0,29.58403550105782
2001-03-23,31.1,14.4,0.0,28.701979335875574
2001-03-24,31.7,15.6,0.0,28.632732378915577
2001-03-25,31.7,15.6,0.0,29.06781617369778
2001-03-26,29.4,14.4,0.0,28.18643024444445
2001-03-27,28.3,13.9,0.0,27.385562986771195
2001-03-28,31.1,15.6,0.0,28.15134625555558
2001-03-29,30.6,15.6,0.0,28.650974284497806
2001-03-30,28.9,16.1,0.0,28.270783811111137
2001-03-31,31.1,14.4,0.0,29.06781617369778
2001-04-01,31.1,17.2,0.0,28.307362355555572
2001-04-02,29.4,19.4,0.0,28.814790013475562
2001-04-03,26.7,16.7,0.0,26.952184976551163
2001-04-04,27.2,16.7,0.0,26.330451283057805
2001-04-05,21.7,12.2,18.8,24.104722222222218
2001-04-06,20.6,11.1,3.6,19.01138888888889
2001-04-07,23.3,11.1,0.0,22.88444444444444
2001-04-08,21.1,12.8,0.0,22.832222222222214
2001-04-09,22.8,10.6,0.0,22.22888888888889
2001-04-10,16.1,8.3,1.0,21.100000000000005
2001-04-11,20.0,7.8,0.0,18.802500000000006
2001-04-12,22.2,12.8,0.0,21.204444444444448
2001-04-13,27.8,12.8,0.0,25.70694444444445
2001-04-14,29.4,12.8,0.0,26.928405505235606
2001-04-15,32.2,14.4,0.0,29.06781617369778
2001-04-16,33.9,16.1,0.0,30.67981620963555
2001-04-17,36.1,17.2,0.0,31.75670158888891
2001-04-18,35.6,18.9,0.0,32.46390307266697
2001-04-19,31.1,23.9,0.0,31.556654206572073
2001-04-20,27.2,17.2,0.0,27.717770495484462
2001-04-21,22.2,8.9,3.6,25.62861111111112
2001-04-22,21.1,7.8,0.0,19.49777777777778
2001-04-23,28.9,12.2,0.0,26.48047843731561
2001-04-24,35.0,16.1,0.0,30.98010220221708
2001-04-25,37.8,20.0,0.0,34.16256487321474
2001-04-26,37.2,22.2,0.0,33.88464449506145
2001-04-27,37.2,22.8,0.0,34.376844877922906
2001-04-28,35.6,22.2,0.0,32.26337892222221
2001-04-29,35.0,18.9,0.0,31.122699534472115
2001-04-30,35.6,20.0,0.0,32.450584655555595
2001-05-01,37.2,20.6,0.0,33.68020087209176
2001-05-02,36.1,19.4,0.0,33.303229336731626
2001-05-03,26.7,18.9,0.0,30.954397726817806
2001-05-04,27.8,15.0,0.0,26.25861111111111
2001-05-05,31.7,16.7,0.0,28.632732378915577
2001-05-06,34.4,17.8,0.0,31.56558905401558
2001-05-07,38.3,20.6,0.0,36.41510044505781
2001-05-08,41.1,22.8,0.0,37.0400735407865
2001-05-09,41.7,24.4,0.0,36.977370727619444
2001-05-10,39.4,23.3,0.0,36.530931028308665
2001-05-11,40.6,23.3,0.0,36.44696577746111
2001-05-12,40.0,26.1,0.0,37.78063674444445
2001-05-13,38.3,26.1,0.0,36.977370727619444
2001-05-14,37.2,23.9,0.0,33.9032792456978
2001-05-15,37.2,22.8,0.0,33.88464449506145
2001-05-16,37.8,21.7,0.0,33.95949560719096
2001-05-17,38.3,22.8,0.0,35.01830607253958
2001-05-18,38.9,23.9,0.0,34.376844877922906
2001-05-19,31.7,22.2,0.5,33.59100242466448
2001-05-20,36.7,22.2,0.0,33.72445795767115
2001-05-21,38.9,23.3,0.0,35.215786421315585
2001-05-22,40.6,26.7,0.0,36.44696577746111
2001-05-23,42.8,26.1,0.0,38.33903292964404
2001-05-24,42.8,25.0,0.0,38.14720303506085
2001-05-25,42.2,26.7,0.0,38.14720303506085
2001-05-26,41.7,26.7,0.0,37.85169649640826
2001-05-27,41.7,26.1,0.0,37.56267465555558
2001-05-28,35.0,22.8,0.0,36.050980114817776
2001-05-29,37.2,23.9,0.0,34.20001246842446
2001-05-30,41.1,25.0,0.0,37.26316031936528
2001-05-31,42.8,26.1,0.0,39.005072790915584
2001-06-01,42.2,26.7,0.0,38.63813042840092
2001-06-02,41.1,26.7,0.0,38.14720303506085
2001-06-03,38.3,23.9,0.0,35.86086571596193
2001-06-04,35.6,22.8,0.0,33.95949560719096
2001-06-05,37.2,22.2,0.0,33.303229336731626
2001-06-06,40.0,23.9,0.0,35.97145980508053
2001-06-07,42.2,24.4,0.0,37.30627232055643
2001-06-08,43.3,25.6,0.0,39.46782454176862
2001-06-09,42.2,26.1,0.0,38.953354345842264
2001-06-10,41.7,26.1,0.0,37.26328415006614
2001-06-11,41.7,26.1,0.0,37.83137135202459
2001-06-12,38.9,26.1,0.0,36.70530588031804
2001-06-13,35.6,25.0,0.0,34.60109775231118
2001-06-14,36.1,20.0,0.0,32.123144788497775
2001-06-15,39.4,21.7,0.0,34.60109775231118
2001-06-16,42.2,24.4,0.0,37.30627232055643
2001-06-17,43.9,26.1,0.0,38.52474927753378
2001-06-18,42.2,27.8,0.0,39.12490045392521
2001-06-19,41.7,28.9,0.0,38.79361457499559
2001-06-20,40.6,30.6,0.0,39.06107592666449
2001-06-21,40.6,27.8,0.0,39.690664211111134
2001-06-22,40.6,30.6,0.0,39.90904047987556
2001-06-23,40.6,30.6,0.0,39.690664211111134
2001-06-24,41.1,30.0,0.0,39.06107592666449
2001-06-25,37.8,24.4,0.3,37.78063674444445
2001-06-26,38.3,22.8,0.0,36.82806789723558
2001-06-27,40.6,26.7,0.0,37.78063674444445
2001-06-28,42.8,26.7,0.0,38.45790587419786
2001-06-29,45.0,27.8,0.0,40.9568667861973
2001-06-30,44.4,29.4,0.0,40.85240671068243
2001-07-01,44.4,31.1,0.0,43.62720431473778
2001-07-02,46.7,31.7,0.0,44.973126555555616
2001-07-03,45.6,33.3,0.0,43.46671785555561
2001-07-04,42.2,30.6,0.0,43.57978966815777
2001-07-05,36.7,30.6,0.0,42.128902611884484
2001-07-06,31.7,24.4,2.0,35.55417157287113
2001-07-07,37.2,27.8,0.0,37.841399013624454
2001-07-08,35.6,27.8,0.0,37.233352309724495
2001-07-09,37.2,27.8,4.1,35.39049714903779
2001-07-10,37.8,26.7,0.0,36.011429689395634
2001-07-11,40.0,28.9,0.0,37.80054416740447
2001-07-12,40.6,28.3,0.0,38.53635258567115
2001-07-13,42.2,31.1,0.0,40.2777378933845
2001-07-14,43.3,30.6,0.0,41.82949212620453
2001-07-15,41.7,28.9,0.0,42.28423951745782
2001-07-16,40.6,25.6,0.0,37.78063674444445
2001-07-17,38.9,28.3,3.0,38.16630760972448
2001-07-18,40.0,27.8,0.0,38.11572851647114
2001-07-19,41.1,28.3,0.0,39.90904047987556
2001-07-20,41.1,30.0,0.0,39.005072790915584
2001-07-21,41.7,30.6,0.0,39.005072790915584
2001-07-22,41.7,30.6,0.0,40.758843069057804
2001-07-23,42.8,31.7,0.0,39.68872027795486
2001-07-24,45.6,29.4,0.0,39.12490045392521
2001-07-25,37.8,28.3,1.3,41.25119152944905
2001-07-26,40.0,29.4,0.0,41.08405285555559
2001-07-27,42.8,30.0,0.0,40.062885029315616
2001-07-28,42.8,29.4,0.0,40.38496398732446
2001-07-29,38.9,22.2,5.1,40.72266417601779
2001-07-30,37.2,23.3,1.5,40.13635133153782
2001-07-31,40.6,29.4,0.0,40.67742350623117
2001-08-01,38.9,30.6,0.0,40.7030049336245
2001-08-02,42.2,30.6,0.0,45.82316896481779
2001-08-03,42.8,30.6,0.0,44.46492125505784
2001-08-04,42.2,28.3,0.0,44.043567241395586
2001-08-05,40.6,28.3,0.0,41.848442311464524
2001-08-06,45.0,31.7,0.0,44.34710873049559
2001-08-07,42.8,31.7,0.0,42.64548357975115
2001-08-08,35.6,29.4,0.0,35.85863781863108
2001-08-09,35.0,22.8,10.2,36.91070788641558
2001-08-10,37.2,27.2,0.0,41.78131395451558
2001-08-11,41.1,29.4,0.0,43.134595411111164
2001-08-12,40.0,29.4,0.0,45.528256577777796
2001-08-13,37.8,29.4,0.0,43.42157529228447
2001-08-14,39.4,28.9,0.0,40.57779183609559
2001-08-15,40.6,27.8,0.0,42.94657018156446
2001-08-16,41.7,29.4,0.0,44.83479492223117
2001-08-17,41.1,26.1,1.5,44.52254111511776
2001-08-18,39.4,28.9,0.0,40.941247777475624
2001-08-19,41.1,30.0,0.0,43.134595411111164
2001-08-20,41.1,30.0,0.0,40.44721410993783
2001-08-21,41.7,28.9,0.0,40.01842425555557
2001-08-22,40.6,28.3,0.0,40.2777378933845
2001-08-23,41.7,27.2,0.0,38.47367189196448
2001-08-24,42.2,27.8,0.0,40.72266417601779
2001-08-25,44.4,27.8,0.0,39.75828745440933
2001-08-26,45.6,28.3,0.0,40.69715858094488
2001-08-27,43.3,28.9,0.0,41.066113634466106
2001-08-28,43.3,29.4,0.0,42.70277289020449
2001-08-29,39.4,31.1,0.0,40.72266417601779
2001-08-30,38.3,27.8,0.0,38.980735417597806
2001-08-31,38.9,27.2,0.0,39.03357521153779
2001-09-01,40.0,26.7,0.0,38.0049626274845
2001-09-02,39.4,28.9,0.0,37.365476079384464
2001-09-03,42.2,27.8,0.0,39.593469071484456
2001-09-04,43.3,28.9,0.0,41.82949212620453
2001-09-05,41.1,27.8,0.0,41.34439175647111
2001-09-06,40.0,27.2,0.0,38.22934471059556
2001-09-07,38.9,26.1,0.0,36.19808164563557
2001-09-08,38.3,23.3,0.0,35.215786421315585
2001-09-09,40.0,24.4,0.0,37.56267465555558
2001-09-10,42.2,26.7,0.0,39.48119219451558
2001-09-11,42.8,28.9,0.0,40.41663589969555
2001-09-12,43.3,29.4,0.0,42.64548357975115
2001-09-13,36.7,29.4,0.0,42.64548357975115
2001-09-14,36.7,26.7,0.0,38.356258128515606
2001-09-15,38.3,28.3,0.0,39.37284994723556
2001-09-16,39.4,29.4,0.0,39.97253118885107
2001-09-17,38.9,27.8,0.0,38.465250953315596
2001-09-18,38.9,25.6,0.0,35.88723762042444
2001-09-19,39.4,24.4,0.0,36.92906026801558
2001-09-20,40.0,26.1,0.0,37.85289387477112
2001-09-21,41.7,26.1,0.0,38.22934471059556
2001-09-22,41.7,25.0,0.0,37.91065365003668
2001-09-23,42.2,23.9,0.0,38.45818517800082
2001-09-24,40.6,27.8,0.0,37.85169649640826
2001-09-25,39.4,26.7,0.0,37.10052853596449
2001-09-26,40.6,24.4,0.0,36.70530588031804
2001-09-27,41.1,23.9,0.0,37.60621143488218
2001-09-28,41.7,23.9,0.0,38.45818517800082
2001-09-29,41.7,25.0,0.0,37.53998692304316
2001-09-30,40.0,25.0,0.0,37.56267465555558
2001-10-01,31.7,26.1,0.0,33.684902338337814
2001-10-02,33.3,25.6,0.0,31.713294937395606
2001-10-03,33.9,25.0,0.0,31.830555067117814
2001-10-04,33.3,22.2,0.0,30.61551331281785
2001-10-05,33.9,22.8,0.0,32.536936131037805
2001-10-06,32.2,21.7,0.5,31.53111406157112
2001-10-07,30.6,21.1,0.0,28.50576934161565
2001-10-08,30.6,19.4,0.0,28.33797592205119
2001-10-09,29.4,20.0,0.0,28.50576934161565
2001-10-10,32.2,20.0,0.0,29.256685372175596
2001-10-11,32.2,17.2,0.0,28.73474248167113
2001-10-12,30.0,16.7,0.0,28.130447855555552
2001-10-13,30.6,15.0,0.0,28.036665419365292
2001-10-14,33.9,16.7,0.0,30.45215582931558
2001-10-15,34.4,17.8,0.0,31.51302410233781
2001-10-16,35.6,18.9,0.0,32.123144788497775
2001-10-17,35.0,20.0,0.0,32.291047035875515
2001-10-18,33.9,17.8,0.0,31.51302410233781
2001-10-19,33.9,18.3,0.0,31.51302410233781
2001-10-20,34.4,19.4,0.0,32.05207026691558
2001-10-21,33.9,17.8,0.0,31.51302410233781
2001-10-22,32.2,21.1,0.0,30.575796605457768
2001-10-23,32.2,17.8,0.0,29.50398828303779
2001-10-24,32.2,18.3,0.0,30.28977988803559
2001-10-25,33.3,17.2,0.0,30.534336607395534
2001-10-26,36.7,17.8,0.0,33.9032792456978
2001-10-27,36.7,21.7,0.0,34.862134105235555
2001-10-28,32.8,20.0,0.0,33.166758611111135
2001-10-29,33.3,17.8,0.0,30.113121309635556
2001-10-30,32.2,17.8,0.0,29.70166171605114
2001-10-31,31.7,20.0,0.0,29.127329261075577
2001-11-01,29.4,18.9,0.0,28.151444389031152
2001-11-02,31.7,17.2,0.0,29.171102530595565
2001-11-03,33.9,17.8,0.0,31.40664590313559
2001-11-04,35.0,22.8,0.0,32.60728341747558
2001-11-05,28.9,18.3,5.1,31.103087018904528
2001-11-06,31.1,19.4,0.0,28.27729071411561
2001-11-07,30.0,18.9,0.0,28.442480055555563
2001-11-08,30.6,16.7,0.0,28.34817124444444
2001-11-09,30.0,18.9,0.0,28.238435611111115
2001-11-10,31.1,20.0,0.0,28.862074399484484
2001-11-11,28.9,17.2,0.0,28.393210477777806
2001-11-12,28.9,16.7,0.0,27.318101132851165
2001-11-13,23.9,16.1,0.0,26.629206586524436
2001-11-14,23.9,11.1,0.0,23.42305555555555
2001-11-15,26.1,11.7,0.0,25.22111111111111
2001-11-16,27.8,13.9,0.0,26.660030820035605
2001-11-17,28.9,14.4,0.0,26.976995015351136
2001-11-18,27.2,15.6,0.0,26.660030820035605
2001-11-19,29.4,13.3,0.0,27.385562986771195
2001-11-20,27.8,15.6,0.0,26.660030820035605
2001-11-21,26.1,13.3,0.0,25.73305555555556
2001-11-22,24.4,12.8,0.0,24.617222222222225
2001-11-23,22.2,14.4,0.0,22.871388888888887
2001-11-24,21.1,8.3,0.0,20.365555555555563
2001-11-25,17.2,11.7,0.0,19.223611111111108
2001-11-26,18.3,8.3,0.0,16.401111111111106
2001-11-27,16.7,5.0,0.0,15.823888888888888
2001-11-28,16.7,5.6,0.0,15.797777777777773
2001-11-29,15.0,7.8,0.0,14.642777777777777
2001-11-30,18.3,10.0,0.0,17.396666666666672
2001-12-01,21.1,8.3,0.0,20.652777777777786
2001-12-02,23.3,8.3,0.0,21.690277777777773
2001-12-03,22.2,8.9,0.0,21.191388888888884
2001-12-04,16.1,7.8,13.7,19.971111111111107
2001-12-05,16.1,5.6,0.0,15.441944444444447
2001-12-06,19.4,5.6,0.0,18.199166666666667
2001-12-07,20.6,6.7,0.0,20.088611111111106
2001-12-08,20.0,9.4,0.0,19.510833333333338
2001-12-09,22.2,7.2,0.0,21.50749999999999
2001-12-10,16.1,8.3,0.0,19.853611111111107
2001-12-11,9.4,6.7,8.1,14.22166666666667
2001-12-12,11.7,5.6,0.5,10.544444444444439
2001-12-13,12.8,2.8,0.0,11.294722222222223
2001-12-14,13.3,2.2,0.0,12.54111111111111
2001-12-15,12.8,5.0,0.0,12.029166666666669
2001-12-16,15.0,2.8,0.0,13.421944444444446
2001-12-17,17.2,3.3,0.0,16.440277777777776
2001-12-18,18.3,3.9,0.0,17.031111111111116
2001-12-19,23.3,3.9,0.0,22.71472222222222
2001-12-20,25.0,10.6,0.0,23.37083333333333
2001-12-21,17.2,9.4,0.0,22.25500000000001
2001-12-22,17.2,5.0,0.0,15.928333333333333
2001-12-23,15.6,6.1,0.0,15.272222222222227
2001-12-24,18.9,4.4,0.0,18.146944444444447
2001-12-25,17.2,3.9,0.0,16.414166666666663
2001-12-26,20.0,3.3,0.0,18.081666666666663
2001-12-27,17.8,4.4,0.0,16.952777777777776
2001-12-28,16.1,6.1,0.0,15.87611111111111
2001-12-29,18.3,10.0,0.0,17.569166666666668
2001-12-30,20.6,10.0,0.0,19.30194444444444
2001-12-31,18.3,10.6,0.0,19.32805555555556
2002-01-01,19.4,6.7,0.0,17.686666666666667
2002-01-02,18.3,10.0,0.0,18.303611111111113
2002-01-03,18.9,8.3,0.0,17.608333333333334
2002-01-04,19.4,6.7,0.0,18.290555555555557
2002-01-05,18.3,5.0,0.0,18.264444444444436
2002-01-06,19.4,5.0,0.0,17.477777777777774
2002-01-07,22.2,6.7,0.0,21.638055555555553
2002-01-08,27.2,8.3,0.0,26.31083333333333
2002-01-09,22.2,11.7,0.0,26.31083333333333
2002-01-10,23.3,12.8,0.0,22.85833333333333
2002-01-11,24.4,10.0,0.0,23.37083333333333
2002-01-12,23.3,8.3,0.0,23.37083333333333
2002-01-13,21.7,6.7,0.0,22.727777777777774
2002-01-14,22.8,7.2,0.0,22.20277777777778
2002-01-15,20.6,9.4,0.0,21.585833333333326
2002-01-16,17.8,11.7,0.0,19.958055555555553
2002-01-17,16.7,7.2,0.0,16.346111111111114
2002-01-18,17.2,3.9,0.0,15.745555555555553
2002-01-19,16.7,3.9,0.0,15.75861111111111
2002-01-20,16.1,2.2,0.0,15.115555555555558
2002-01-21,19.4,3.3,0.0,18.042499999999993
2002-01-22,19.4,4.4,0.0,18.081666666666663
2002-01-23,16.1,9.4,0.0,17.451666666666668
2002-01-24,17.8,3.3,0.0,15.771666666666667
2002-01-25,22.2,5.0,0.0,21.047777777777775
2002-01-26,23.9,6.1,0.0,22.76694444444444
2002-01-27,20.0,8.3,0.0,22.76694444444444
2002-01-28,18.3,11.1,0.0,18.763333333333335
2002-01-29,15.6,10.0,0.0,16.479444444444443
2002-01-30,12.2,5.6,1.3,14.104166666666668
2002-01-31,12.8,2.2,0.0,11.190277777777776
2002-02-01,17.8,3.3,0.0,16.913611111111113
2002-02-02,16.7,7.2,0.0,16.913611111111113
2002-02-03,20.6,3.9,0.0,19.41944444444444
2002-02-04,23.3,7.2,0.0,21.282777777777778
2002-02-05,22.2,6.1,0.0,21.781666666666663
2002-02-06,20.6,5.6,0.0,21.03472222222223
2002-02-07,23.3,5.6,0.0,22.753888888888884
2002-02-08,23.3,6.7,0.0,22.25500000000001
2002-02-09,20.6,8.3,0.0,22.12444444444445
2002-02-10,21.7,11.7,0.0,20.326388888888893
2002-02-11,22.8,5.6,0.0,20.96944444444445
2002-02-12,23.9,6.7,0.0,23.27944444444444
2002-02-13,26.1,7.8,0.0,25.090555555555554
2002-02-14,24.4,10.6,0.0,24.460555555555555
2002-02-15,25.6,10.0,0.0,25.05138888888889
2002-02-16,28.3,10.6,0.0,26.850223308424454
2002-02-17,21.7,11.1,0.0,26.48047843731561
2002-02-18,18.3,12.2,0.0,19.24972222222222
2002-02-19,21.1,7.2,0.0,19.32805555555556
2002-02-20,23.3,8.3,0.0,22.20277777777778
2002-02-21,28.3,8.9,0.0,26.271666666666665
2002-02-22,28.9,13.3,0.0,26.56073681420451
2002-02-23,27.2,12.2,0.0,26.506733904017803
2002-02-24,27.2,10.6,0.0,26.186471745635558
2002-02-25,27.8,10.0,0.0,26.540786549457824
2002-02-26,27.8,9.4,0.0,26.25861111111111
2002-02-27,26.1,12.8,0.0,26.25861111111111
2002-02-28,27.2,12.8,0.0,26.25861111111111
2002-03-01,21.7,11.1,0.0,25.11666666666666
2002-03-02,16.7,6.7,0.0,19.788333333333334
2002-03-03,19.4,3.3,0.0,17.37333333333333
2002-03-04,24.4,6.1,0.0,22.688611111111104
2002-03-05,25.0,7.8,0.0,23.830555555555563
2002-03-06,26.7,9.4,0.0,25.58944444444445
2002-03-07,24.4,11.7,2.0,24.434444444444445
2002-03-08,21.7,11.7,0.0,22.76694444444444
2002-03-09,26.7,12.2,0.0,25.103611111111107
2002-03-10,29.4,11.7,0.0,27.299166898337837
2002-03-11,29.4,11.7,0.0,27.299166898337837
2002-03-12,30.0,13.3,0.0,27.685917222915585
2002-03-13,31.1,13.9,0.0,28.140149777777783
2002-03-14,21.1,11.1,0.0,27.668524419964463
2002-03-15,19.4,7.2,0.0,18.554444444444442
2002-03-16,18.9,7.2,0.0,17.39944444444445
2002-03-17,20.6,8.3,0.0,19.24972222222222
2002-03-18,19.4,13.3,0.0,18.21222222222222
2002-03-19,24.4,8.3,0.0,23.292500000000004
2002-03-20,29.4,10.6,0.0,27.299166898337837
2002-03-21,33.9,13.3,0.0,30.600931757478577
2002-03-22,32.8,16.7,0.0,29.84764431919676
2002-03-23,26.7,12.8,0.0,28.452444543748868
2002-03-24,22.2,13.3,0.0,24.460555555555555
2002-03-25,25.0,11.7,0.0,22.701666666666668
2002-03-26,28.9,12.8,0.0,26.463691354408276
2002-03-27,28.3,13.9,0.0,26.326606101278596
2002-03-28,30.0,13.9,0.0,27.291183144664483
2002-03-29,23.9,14.4,0.0,25.129722222222217
2002-03-30,28.9,13.3,0.0,26.606485227751147
2002-03-31,33.9,16.7,0.0,30.472516219324454
2002-04-01,34.4,16.7,0.0,31.120488861070108
2002-04-02,34.4,16.7,0.0,30.600931757478577
2002-04-03,34.4,17.8,0.0,30.98010220221708
2002-04-04,34.4,17.2,0.0,30.357033287605734
2002-04-05,33.3,18.3,0.0,30.357033287605734
2002-04-06,25.0,19.4,0.0,28.992080294311172
2002-04-07,26.1,13.9,1.5,25.24722222222222
2002-04-08,28.9,15.6,0.0,26.68972755820452
2002-04-09,31.7,16.7,0.0,28.632732378915577
2002-04-10,32.8,17.8,0.0,29.519918574424455
2002-04-11,35.6,17.8,0.0,31.556654206572073
2002-04-12,35.6,19.4,0.0,31.556654206572073
2002-04-13,37.2,22.2,0.0,32.64028509457208
2002-04-14,37.8,21.7,0.0,34.53389801944396
2002-04-15,33.3,21.7,0.0,33.48650723760654
2002-04-16,27.2,17.8,0.0,28.34817124444444
2002-04-17,29.4,17.8,0.0,26.907821456904497
2002-04-18,30.0,15.6,0.0,28.130447855555552
2002-04-19,28.3,16.7,0.0,27.20186140000081
2002-04-20,25.6,14.4,0.0,25.576388888888896
2002-04-21,30.0,12.8,0.0,27.12326883217639
2002-04-22,33.3,16.1,0.0,29.0510464681808
2002-04-23,34.4,17.2,0.0,29.856466234868396
2002-04-24,35.6,18.9,0.0,31.46469992222223
2002-04-25,34.4,23.9,0.0,31.122699534472115
2002-04-26,27.2,18.9,0.0,30.996438931695575
2002-04-27,25.6,16.1,0.0,24.59111111111112
2002-04-28,31.7,16.1,0.0,29.018633022664442
2002-04-29,33.3,21.7,0.0,29.58153001144398
2002-04-30,31.7,17.8,0.0,30.068349315190954
2002-05-01,26.1,20.0,0.0,28.23455198796191
2002-05-02,27.2,14.4,0.0,26.21944444444445
2002-05-03,30.6,16.7,0.0,27.411282049132108
2002-05-04,33.3,16.7,0.0,28.992080294311172
2002-05-05,33.3,17.8,0.0,30.24187609208936
2002-05-06,35.0,18.9,0.0,30.600931757478577
2002-05-07,34.4,19.4,0.0,30.600931757478577
2002-05-08,32.8,19.4,0.0,30.189251617214715
2002-05-09,35.0,19.4,0.0,30.845608461966467
2002-05-10,35.6,20.0,0.0,31.46469992222223
2002-05-11,31.7,19.4,0.0,30.490748793241274
2002-05-12,34.4,18.9,0.0,30.357033287605734
2002-05-13,40.0,21.1,0.0,34.58910305870217
2002-05-14,38.9,23.3,0.0,35.36113642984302
2002-05-15,38.9,22.2,0.0,34.767096599223294
2002-05-16,37.2,21.7,0.0,32.96992626505744
2002-05-17,38.3,21.1,0.0,33.259325929940374
2002-05-18,38.9,22.2,0.0,34.767096599223294
2002-05-19,37.2,23.3,0.0,33.95783981373238
2002-05-20,36.7,21.7,0.0,33.30356359160573
2002-05-21,26.7,16.7,0.0,32.29724478016635
2002-05-22,28.9,16.1,0.0,26.25259387528676
2002-05-23,31.7,16.7,0.0,29.029682542337824
2002-05-24,33.9,18.9,0.0,30.71921831372028
2002-05-25,37.2,20.0,0.0,32.29724478016635
2002-05-26,36.1,21.7,0.0,32.64028509457208
2002-05-27,35.0,20.0,0.0,32.64028509457208
2002-05-28,37.2,21.7,0.0,33.30356359160573
2002-05-29,41.1,22.8,0.0,37.316018065132084
2002-05-30,42.8,24.4,0.0,38.45790587419786
2002-05-31,41.7,26.7,0.0,38.98725446728676
2002-06-01,41.1,28.3,0.0,37.26328415006614
2002-06-02,39.4,24.4,0.0,36.44696577746111
2002-06-03,35.6,25.6,0.0,34.53389801944396
2002-06-04,37.2,22.2,0.0,32.75218689396645
2002-06-05,41.1,24.4,0.0,36.7539235721255
2002-06-06,43.3,25.6,0.0,38.33903292964404
2002-06-07,42.8,26.7,0.0,38.34827357935641
2002-06-08,43.3,26.7,0.0,38.63813042840092
2002-06-09,40.0,26.7,0.0,37.26328415006614
2002-06-10,37.8,23.9,0.0,36.10281825844337
2002-06-11,37.8,23.3,0.0,33.259325929940374
2002-06-12,39.4,25.0,0.0,34.95784063574885
2002-06-13,41.7,25.0,0.0,36.77837786184537
2002-06-14,42.8,27.2,0.0,38.65995340797939
2002-06-15,41.7,27.2,0.0,38.65995340797939
2002-06-16,42.2,27.2,0.0,38.65995340797939
2002-06-17,43.3,27.2,0.0,37.85169649640826
2002-06-18,43.3,26.1,0.0,37.77177761416387
2002-06-19,44.4,26.1,0.0,38.52474927753378
2002-06-20,44.4,27.2,0.0,39.427659435660495
2002-06-21,42.8,26.7,0.0,38.822564230460955
2002-06-22,41.7,25.6,0.0,37.57138625824015
2002-06-23,41.7,26.1,0.0,36.7539235721255
2002-06-24,43.3,26.7,0.0,37.50696147759426
2002-06-25,45.0,28.3,0.0,40.011593582115694
2002-06-26,44.4,30.0,0.0,39.694983636807784
2002-06-27,43.3,30.0,0.0,39.427659435660495
2002-06-28,43.9,26.1,0.0,39.46782454176862
2002-06-29,42.2,27.2,0.0,38.33903292964404
2002-06-30,43.3,28.3,0.0,38.63813042840092
2002-07-01,44.4,29.4,0.0,40.011593582115694
2002-07-02,45.0,31.7,0.0,40.34565189682806
2002-07-03,41.7,30.6,0.0,40.10595467316257
2002-07-04,41.7,27.8,0.0,38.13743743701045
2002-07-05,42.2,27.8,0.0,36.77837786184537
2002-07-06,42.8,27.8,0.0,38.45818517800082
2002-07-07,43.3,28.9,0.0,39.28470468196802
2002-07-08,44.4,28.9,0.0,40.10595467316257
2002-07-09,44.4,30.6,0.0,42.28423951745782
2002-07-10,42.8,30.0,0.0,43.40066278201559
2002-07-11,43.9,31.1,0.0,41.752300926424454
2002-07-12,43.9,31.1,0.0,42.51643423866445
2002-07-13,44.4,33.3,0.0,43.40066278201559
2002-07-14,42.8,23.3,19.6,42.997006461057836
2002-07-15,37.8,26.1,0.0,41.82949212620453
2002-07-16,39.4,28.9,0.0,38.980735417597806
2002-07-17,40.0,30.6,0.0,38.980735417597806
2002-07-18,39.4,30.6,0.0,39.75747832689779
2002-07-19,41.7,32.2,0.0,40.2777378933845
2002-07-20,41.1,30.0,0.0,39.29214650849783
2002-07-21,41.1,29.4,0.0,38.732247918737784
2002-07-22,41.1,30.6,0.0,39.593469071484456
2002-07-23,41.7,24.4,10.4,40.359909044444436
2002-07-24,40.6,25.6,0.0,40.941247777475624
2002-07-25,41.1,31.1,0.0,41.86309564444445
2002-07-26,41.7,31.1,0.0,40.941247777475624
2002-07-27,38.9,29.4,0.0,40.941247777475624
2002-07-28,40.0,27.8,0.0,38.01232357777779
2002-07-29,43.3,28.3,0.0,38.98725446728676
2002-07-30,38.9,30.6,0.0,39.28470468196802
2002-07-31,39.4,30.6,0.0,37.80054416740447
2002-08-01,41.1,30.6,0.0,39.90904047987556
2002-08-02,40.0,30.6,0.0,39.90904047987556
2002-08-03,40.6,31.1,0.0,39.90904047987556
2002-08-04,33.3,27.8,0.0,38.82184079287112
2002-08-05,37.8,26.1,0.0,37.547724858995565
2002-08-06,37.2,25.6,0.0,36.011429689395634
2002-08-07,40.0,28.9,0.0,36.907408726595605
2002-08-08,42.8,28.3,0.0,40.72266417601779
2002-08-09,43.9,30.0,0.0,40.9568667861973
2002-08-10,44.4,30.6,0.0,40.559791022363484
2002-08-11,42.8,31.1,0.0,40.38496398732446
2002-08-12,42.2,31.1,0.0,40.974158812771144
2002-08-13,42.2,31.1,0.0,41.87664238005113
2002-08-14,42.8,31.7,0.0,42.28423951745782
2002-08-15,43.3,31.1,0.0,41.495552028017855
2002-08-16,42.2,30.6,0.0,41.11624653890447
2002-08-17,41.7,31.1,0.0,40.941247777475624
2002-08-18,41.7,31.1,0.0,40.974158812771144
2002-08-19,35.0,29.4,0.0,39.95154991769784
2002-08-20,40.0,28.9,0.0,37.759060876497806
2002-08-21,40.6,27.2,0.0,37.56267465555558
2002-08-22,40.6,27.8,0.0,36.977370727619444
2002-08-23,40.6,26.1,0.0,36.10281825844337
2002-08-24,42.2,25.0,0.0,37.05635468335721
2002-08-25,42.8,25.0,0.0,37.05635468335721
2002-08-26,43.3,25.6,0.0,37.257766571709084
2002-08-27,44.4,26.1,0.0,39.75828745440933
2002-08-28,42.2,28.9,0.0,42.2296772376356
2002-08-29,40.6,28.3,0.0,41.11624653890447
2002-08-30,42.2,29.4,0.0,39.29214650849783
2002-08-31,43.3,28.3,0.0,40.179258727014066
2002-09-01,42.8,31.7,0.0,40.771370213315635
2002-09-02,42.2,30.0,0.0,39.68872027795486
2002-09-03,42.8,30.0,0.0,39.99578461027292
2002-09-04,43.9,30.0,0.0,40.771370213315635
2002-09-05,42.8,30.6,0.0,40.375514202452045
2002-09-06,41.1,22.8,4.3,39.777810462424476
2002-09-07,34.4,23.3,3.3,34.492084111084516
2002-09-08,29.4,24.4,0.0,31.34656448977779
2002-09-09,28.9,23.3,5.1,30.294298970771212
2002-09-10,36.1,23.3,0.0,36.3571822555555
2002-09-11,37.2,23.9,0.0,34.87041881713777
2002-09-12,37.8,25.6,0.0,35.129839901457785
2002-09-13,38.9,25.6,0.0,35.88723762042444
2002-09-14,40.0,26.1,0.0,37.26316031936528
2002-09-15,40.6,28.3,0.0,36.907408726595605
2002-09-16,41.1,27.8,0.0,39.06107592666449
2002-09-17,40.6,26.7,0.0,37.526354610915575
2002-09-18,35.6,27.2,0.0,36.82806789723558
2002-09-19,35.6,24.4,0.0,34.274134655555564
2002-09-20,37.2,23.3,0.0,34.3109368188178
2002-09-21,38.9,23.3,0.0,35.01830607253958
2002-09-22,41.7,23.9,0.0,36.2977330401764
2002-09-23,42.2,25.6,0.0,37.53998692304316
2002-09-24,42.2,26.7,0.0,37.85169649640826
2002-09-25,41.7,26.1,0.0,37.0400735407865
2002-09-26,40.6,25.0,0.0,37.60621143488218
2002-09-27,37.8,23.9,0.0,36.6259797458305
2002-09-28,34.4,24.4,0.0,32.925675348217084
2002-09-29,35.0,23.3,0.0,32.38787476167109
2002-09-30,32.8,19.4,0.0,31.160671886595537
2002-10-01,32.8,21.7,0.0,29.80980657513561
2002-10-02,25.6,17.2,1.0,29.127329261075577
2002-10-03,25.6,14.4,0.0,23.88277777777778
2002-10-04,30.0,14.4,0.0,27.20186140000081
2002-10-05,32.2,15.6,0.0,28.411119738469868
2002-10-06,33.9,16.7,0.0,30.004944727871717
2002-10-07,33.9,21.1,0.0,30.62428980620445
2002-10-08,33.9,20.0,0.0,31.103087018904528
2002-10-09,35.6,20.6,0.0,31.93567442796443
2002-10-10,35.6,19.4,0.0,32.08532983333335
2002-10-11,35.6,20.6,0.0,31.556654206572073
2002-10-12,31.7,21.7,0.0,30.892880994515604
2002-10-13,35.6,20.6,0.0,32.735418477777785
2002-10-14,33.3,22.8,0.0,31.103087018904528
2002-10-15,34.4,22.2,0.0,31.103087018904528
2002-10-16,34.4,20.6,0.0,31.51302410233781
2002-10-17,30.6,20.0,1.0,30.499909812017766
2002-10-18,27.2,16.7,0.0,26.45444444444444
2002-10-19,29.4,16.1,0.0,27.4745824958845
2002-10-20,30.0,17.8,0.0,27.44181083817559
2002-10-21,31.1,17.8,0.0,28.67405660348446
2002-10-22,28.9,18.3,0.0,27.736280690231215
2002-10-23,26.7,19.4,0.0,26.952184976551163
2002-10-24,27.8,17.2,0.0,26.53277777777778
2002-10-25,28.9,16.1,0.0,26.606485227751147
2002-10-26,22.2,15.0,7.1,26.323888888888895
2002-10-27,21.1,13.9,0.3,20.271388888888882
2002-10-28,23.9,12.2,0.0,22.871388888888887
2002-10-29,26.7,12.8,0.0,24.643333333333334
2002-10-30,28.3,14.4,0.0,26.115865879395557
2002-10-31,27.2,13.9,0.0,26.297777777777785
2002-11-01,27.2,14.4,0.0,26.33694444444444
2002-11-02,26.7,14.4,0.0,25.720000000000013
2002-11-03,27.2,16.1,0.0,26.25861111111111
2002-11-04,25.0,12.8,0.0,25.641666666666666
2002-11-05,25.0,10.6,0.0,23.76527777777778
2002-11-06,30.0,10.6,0.0,27.260045205845373
2002-11-07,27.8,13.9,0.0,27.260045205845373
2002-11-08,24.4,17.2,0.0,25.56333333333334
2002-11-09,28.3,18.9,0.0,26.762939877617825
2002-11-10,26.1,17.2,0.0,26.672469195537772
2002-11-11,25.6,12.2,0.0,24.53888888888889
2002-11-12,27.2,12.2,0.0,26.206388888888895
2002-11-13,27.2,13.9,0.0,26.24555555555556
2002-11-14,26.1,12.2,0.0,25.62861111111112
2002-11-15,26.1,12.2,0.0,25.498055555555556
2002-11-16,25.0,13.9,0.0,24.973055555555554
2002-11-17,25.6,10.0,0.0,24.408333333333335
2002-11-18,26.1,9.4,0.0,24.408333333333335
2002-11-19,26.7,9.4,0.0,26.180277777777786
2002-11-20,30.6,12.2,0.0,27.86179158031804
2002-11-21,30.6,13.9,0.0,28.15352873281462
2002-11-22,30.0,13.3,0.0,27.70383911904858
2002-11-23,26.7,11.1,0.0,26.60759671219786
2002-11-24,25.0,10.6,0.0,25.064444444444437
2002-11-25,17.8,10.0,0.0,22.701666666666668
2002-11-26,23.3,8.9,0.0,22.740833333333327
2002-11-27,23.9,15.0,0.0,22.753888888888884
2002-11-28,21.7,12.8,0.0,22.241944444444453
2002-11-29,21.1,14.4,9.9,19.945
2002-11-30,20.6,13.9,0.8,20.297499999999992
2002-12-01,20.6,10.6,0.0,20.179999999999993
2002-12-02,16.7,10.6,0.0,18.985277777777778
2002-12-03,18.3,9.4,0.0,17.895555555555557
2002-12-04,19.4,8.9,0.0,18.486388888888886
2002-12-05,22.8,8.9,0.0,21.6511111111111
2002-12-06,22.8,11.1,0.0,21.638055555555553
2002-12-07,20.6,11.7,0.0,21.611944444444436
2002-12-08,21.1,8.3,0.0,20.049444444444443
2002-12-09,19.4,9.4,0.0,19.458611111111107
2002-12-10,21.1,8.3,0.0,19.945
2002-12-11,19.4,8.9,0.0,18.724166666666672
2002-12-12,20.0,7.2,0.0,18.75027777777778
2002-12-13,19.4,6.7,0.0,18.23833333333333
2002-12-14,21.7,7.2,0.0,21.100000000000005
2002-12-15,21.7,11.1,0.0,21.073888888888884
2002-12-16,20.6,8.9,0.0,19.341111111111108
2002-12-17,20.0,12.2,0.8,18.763333333333335
2002-12-18,16.1,7.8,0.0,16.479444444444443
2002-12-19,15.6,5.0,0.0,14.760277777777778
2002-12-20,18.3,5.6,0.3,17.451666666666668
2002-12-21,10.0,3.9,0.0,13.539444444444442
2002-12-22,12.2,3.3,0.3,11.49055555555556
2002-12-23,9.4,6.7,2.8,11.49055555555556
2002-12-24,13.3,3.9,0.0,12.13361111111111
2002-12-25,15.0,4.4,0.0,13.539444444444442
2002-12-26,15.6,2.8,0.0,14.104166666666668
2002-12-27,19.4,3.3,0.0,18.619722222222222
2002-12-28,23.3,6.1,0.0,21.585833333333326
2002-12-29,19.4,7.2,0.0,20.483055555555566
2002-12-30,17.2,5.6,0.0,15.48111111111111
2002-12-31,17.8,5.6,0.0,16.453333333333333
2003-01-01,19.4,3.9,0.0,18.107777777777773
2003-01-02,22.8,6.7,0.0,21.50749999999999
2003-01-03,25.0,7.2,0.0,24.42138888888889
2003-01-04,26.7,9.4,0.0,26.297777777777785
2003-01-05,25.0,9.4,0.0,24.525833333333335
2003-01-06,18.3,8.3,0.0,22.25500000000001
2003-01-07,25.0,11.1,0.0,24.59111111111112
2003-01-08,18.3,12.8,10.4,24.59111111111112
2003-01-09,18.9,11.1,0.5,18.695277777777775
2003-01-10,20.6,10.0,0.0,19.549999999999997
2003-01-11,20.0,10.0,0.0,19.576111111111107
2003-01-12,21.1,8.3,0.0,20.088611111111106
2003-01-13,23.3,8.9,0.0,22.268055555555563
2003-01-14,25.0,8.9,0.0,24.551944444444445
2003-01-15,22.8,8.9,0.0,23.42305555555555
2003-01-16,26.1,8.9,0.0,25.576388888888896
2003-01-17,25.0,9.4,0.0,23.88277777777778
2003-01-18,25.6,10.0,0.0,25.064444444444437
2003-01-19,25.0,10.0,0.0,24.434444444444445
2003-01-20,21.1,11.1,3.6,23.33166666666666
2003-01-21,20.6,9.4,0.0,19.61527777777778
2003-01-22,21.7,8.9,0.0,21.256666666666668
2003-01-23,24.4,10.0,0.0,23.410000000000004
2003-01-24,26.1,10.6,0.0,25.16888888888889
2003-01-25,24.4,10.6,0.0,23.948055555555563
2003-01-26,26.7,9.4,0.0,25.61555555555556
2003-01-27,27.8,12.2,0.0,26.24555555555556
2003-01-28,25.0,10.6,0.0,26.2325
2003-01-29,26.1,11.1,0.0,25.62861111111112
2003-01-30,26.1,10.0,0.0,24.499722222222225
2003-01-31,30.0,10.6,0.0,27.668524419964463
2003-02-01,28.3,13.3,0.0,27.299166898337837
2003-02-02,22.2,12.8,0.0,26.057096405315576
2003-02-03,19.4,9.4,0.0,18.567500000000006
2003-02-04,18.9,6.7,0.0,17.451666666666668
2003-02-05,19.4,7.2,0.0,18.042499999999993
2003-02-06,17.2,4.4,0.0,17.43861111111111
2003-02-07,18.9,6.1,0.0,16.913611111111113
2003-02-08,18.3,9.4,0.0,16.92666666666667
2003-02-09,17.8,5.0,0.0,16.861388888888897
2003-02-10,19.4,5.6,0.0,18.094722222222217
2003-02-11,22.2,12.2,0.0,21.03472222222223
2003-02-12,20.0,13.9,2.3,21.55972222222222
2003-02-13,18.3,12.8,36.1,18.235000000000003
2003-02-14,18.9,12.2,6.6,18.065277777777776
2003-02-15,21.1,12.2,0.0,20.34972222222222
2003-02-16,21.7,11.7,0.0,21.348055555555558
2003-02-17,22.8,12.8,0.0,21.873055555555553
2003-02-18,23.3,13.9,0.0,22.411666666666672
2003-02-19,23.9,10.6,0.0,22.281111111111116
2003-02-20,19.4,11.7,0.0,22.22888888888889
2003-02-21,22.2,8.9,0.0,21.204444444444448
2003-02-22,23.3,8.9,0.0,22.22888888888889
2003-02-23,22.8,10.0,0.0,22.22888888888889
2003-02-24,21.7,13.9,0.0,21.08694444444445
2003-02-25,18.9,10.0,19.6,20.639722222222222
2003-02-26,16.1,10.0,4.1,14.587222222222225
2003-02-27,15.0,9.4,7.4,13.432222222222224
2003-02-28,15.6,9.4,4.1,14.469722222222224
2003-03-01,16.7,7.2,0.0,15.507222222222225
2003-03-02,17.2,8.3,0.0,16.531666666666663
2003-03-03,18.3,7.8,0.0,16.557777777777776
2003-03-04,18.9,10.0,0.0,17.109444444444446
2003-03-05,20.0,11.7,0.0,17.72583333333333
2003-03-06,21.1,8.9,0.0,19.380277777777778
2003-03-07,23.9,10.0,0.0,22.76694444444444
2003-03-08,25.6,10.0,0.0,24.53888888888889
2003-03-09,28.3,11.1,0.0,26.540786549457824
2003-03-10,28.9,12.8,0.0,27.299166898337837
2003-03-11,28.3,13.3,0.0,26.522785579395578
2003-03-12,28.9,13.3,0.0,26.860912138817824
2003-03-13,30.6,13.9,0.0,28.133183644444404
2003-03-14,27.8,15.6,0.0,28.506664233830488
2003-03-15,26.1,14.4,0.0,26.31083333333333
2003-03-16,19.4,13.3,7.9,23.96111111111111
2003-03-17,15.0,9.4,5.1,15.426111111111108
2003-03-18,20.0,7.2,0.0,18.776388888888896
2003-03-19,21.1,8.9,0.0,19.41944444444444
2003-03-20,23.9,10.6,0.0,22.76694444444444
2003-03-21,24.4,12.2,0.0,23.44916666666666
2003-03-22,26.7,12.2,0.0,25.68083333333334
2003-03-23,28.3,13.3,0.0,26.49263152332448
2003-03-24,28.3,13.9,0.0,26.582636373635598
2003-03-25,28.9,14.4,0.0,26.850223308424454
2003-03-26,30.6,15.6,0.0,28.15134625555558
2003-03-27,28.3,16.1,0.0,27.685917222915585
2003-03-28,22.8,12.8,0.0,25.56333333333334
2003-03-29,23.3,13.3,0.0,22.12444444444445
2003-03-30,27.2,10.6,0.0,25.56333333333334
2003-03-31,32.2,13.9,0.0,28.90624533892365
2003-04-01,33.9,14.4,0.0,29.84764431919676
2003-04-02,26.7,17.2,0.0,28.90624533892365
2003-04-03,21.7,12.8,0.0,24.486666666666665
2003-04-04,23.9,10.0,0.0,22.662499999999994
2003-04-05,20.6,12.8,0.0,22.662499999999994
2003-04-06,23.3,8.9,0.0,22.08527777777778
2003-04-07,26.7,10.0,0.0,25.56333333333334
2003-04-08,31.7,12.2,0.0,28.452444543748868
2003-04-09,33.3,17.2,0.0,30.24187609208936
2003-04-10,32.8,16.1,0.0,30.03412737851
2003-04-11,30.6,16.1,0.0,28.752411857601878
2003-04-12,30.0,17.2,0.0,28.036665419365292
2003-04-13,30.6,16.1,0.0,28.16677307777778
2003-04-14,28.9,17.8,0.0,27.73911980787555
2003-04-15,20.6,12.2,4.3,27.291183144664483
2003-04-16,27.2,11.7,0.0,25.58944444444445
2003-04-17,26.1,13.3,0.0,25.60250000000001
2003-04-18,24.4,12.2,0.0,22.753888888888884
2003-04-19,24.4,13.9,0.0,23.357777777777773
2003-04-20,31.1,15.0,0.0,28.15352873281462
2003-04-21,28.3,16.7,0.0,28.32041565651366
2003-04-22,22.2,14.4,0.0,26.212637343751133
2003-04-23,23.3,11.7,0.0,22.22888888888889
2003-04-24,28.3,13.9,0.0,26.25861111111111
2003-04-25,31.1,15.6,0.0,28.610769807964466
2003-04-26,32.2,16.7,0.0,29.96776519201776
2003-04-27,33.9,17.8,0.0,30.845608461966467
2003-04-28,32.8,18.3,0.0,30.189251617214715
2003-04-29,30.6,17.2,0.0,28.708634567352206
2003-04-30,28.3,15.6,0.0,27.04228390602461
2003-05-01,30.6,15.0,0.0,27.260045205845373
2003-05-02,33.3,16.7,0.0,29.28729902973239
2003-05-03,30.6,20.6,0.0,28.992080294311172
2003-05-04,27.2,16.1,0.0,27.291183144664483
2003-05-05,28.9,16.7,0.0,26.56073681420451
2003-05-06,31.1,17.2,0.0,28.140149777777783
2003-05-07,28.9,17.8,0.0,27.668524419964463
2003-05-08,28.3,16.7,0.0,26.28472222222222
2003-05-09,25.6,16.7,0.0,26.09496090001778
2003-05-10,27.8,12.8,0.0,26.19333333333333
2003-05-11,32.2,16.1,0.0,29.123355275346892
2003-05-12,35.6,17.2,0.0,31.20932483333335
2003-05-13,37.2,22.2,0.0,32.16015667700843
2003-05-14,33.9,24.4,0.0,31.33243405555556
2003-05-15,31.1,18.3,0.0,30.600931757478577
2003-05-16,37.8,20.0,0.0,33.95949560719096
2003-05-17,40.0,22.8,0.0,35.16133516827887
2003-05-18,37.2,26.1,0.0,35.63221867681462
2003-05-19,37.8,21.7,0.0,33.95783981373238
2003-05-20,39.4,22.8,0.0,34.58910305870217
2003-05-21,41.7,24.4,0.0,37.0400735407865
2003-05-22,39.4,26.1,0.0,36.77837786184537
2003-05-23,40.6,26.1,0.0,35.86086571596193
2003-05-24,39.4,25.0,0.0,35.606575721352186
2003-05-25,37.8,22.8,0.0,34.41081126292361
2003-05-26,39.4,24.4,0.0,34.60109775231118
2003-05-27,42.8,25.0,0.0,37.57138625824015
2003-05-28,43.9,28.9,0.0,40.375514202452045
2003-05-29,42.8,29.4,0.0,38.953354345842264
2003-05-30,39.4,27.8,0.0,37.83137135202459
2003-05-31,39.4,28.9,0.0,36.72997810633781
2003-06-01,41.7,27.2,0.0,37.316018065132084
2003-06-02,42.8,27.2,0.0,38.63813042840092
2003-06-03,41.1,26.1,0.0,38.05221498141791
2003-06-04,40.6,26.1,0.0,36.77837786184537
2003-06-05,40.6,25.6,0.0,35.55085281047777
2003-06-06,40.6,26.1,0.0,35.754293935556916
2003-06-07,41.1,26.7,0.0,37.0400735407865
2003-06-08,42.2,28.3,0.0,37.77177761416387
2003-06-09,40.0,28.3,0.0,37.26328415006614
2003-06-10,38.3,24.4,0.0,34.42386001418549
2003-06-11,36.7,22.8,0.0,32.96992626505744
2003-06-12,37.8,24.4,0.0,33.76763707985165
2003-06-13,37.8,24.4,0.0,33.76763707985165
2003-06-14,40.6,23.9,0.0,35.21451105473334
2003-06-15,42.8,24.4,0.0,37.257766571709084
2003-06-16,41.7,27.8,0.0,37.50696147759426
2003-06-17,42.2,26.1,0.0,37.57138625824015
2003-06-18,42.8,28.9,0.0,37.30627232055643
2003-06-19,40.6,25.6,0.0,37.00126303309361
2003-06-20,37.8,24.4,0.0,35.02545047179938
2003-06-21,37.8,22.2,0.0,33.13136993408938
2003-06-22,37.8,22.8,0.0,33.48650723760654
2003-06-23,38.3,23.9,0.0,33.88464449506145
2003-06-24,36.7,22.8,0.0,33.88464449506145
2003-06-25,39.4,24.4,0.0,35.377580196813305
2003-06-26,42.8,26.1,0.0,37.50696147759426
2003-06-27,44.4,27.8,0.0,39.427659435660495
2003-06-28,44.4,28.3,0.0,39.28470468196802
2003-06-29,42.8,27.8,0.0,39.11407061691611
2003-06-30,42.8,29.4,0.0,39.63218143677827
2003-07-01,42.8,28.9,0.0,38.65995340797939
2003-07-02,42.8,30.0,0.0,38.78380501381933
2003-07-03,43.3,28.9,0.0,38.953354345842264
2003-07-04,45.0,27.8,0.0,40.5794767777778
2003-07-05,43.9,30.0,0.0,39.75828745440933
2003-07-06,43.3,30.0,0.0,39.68872027795486
2003-07-07,43.3,28.9,0.0,39.99578461027292
2003-07-08,42.8,28.9,0.0,39.99578461027292
2003-07-09,45.0,28.9,0.0,40.69715858094488
2003-07-10,43.3,28.3,0.0,41.1253979113245
2003-07-11,42.2,30.6,0.0,42.128902611884484
2003-07-12,44.4,32.8,0.0,43.40066278201559
2003-07-13,45.6,32.8,0.0,43.95091944444445
2003-07-14,46.7,33.9,0.0,43.97376673569558
2003-07-15,46.1,35.6,0.0,43.31386584201555
2003-07-16,47.2,32.8,0.0,42.76914649491562
2003-07-17,40.0,33.9,0.0,42.36924851071781
2003-07-18,40.0,30.6,0.0,40.44721410993783
2003-07-19,41.7,32.2,0.0,42.69782342313561
2003-07-20,44.4,32.2,0.0,43.40066278201559
2003-07-21,43.3,30.6,0.0,42.56556114769562
2003-07-22,42.2,29.4,0.0,41.87664238005113
2003-07-23,43.3,32.8,0.0,43.1374326816356
2003-07-24,41.1,31.7,0.0,42.997006461057836
2003-07-25,42.2,32.2,0.0,40.2777378933845
2003-07-26,42.2,30.6,0.0,42.128902611884484
2003-07-27,42.2,30.6,0.0,41.87664238005113
2003-07-28,36.7,28.9,0.0,42.27963475135108
2003-07-29,38.3,22.8,15.5,38.16630760972448
2003-07-30,36.1,24.4,0.0,38.16630760972448
2003-07-31,38.9,28.3,0.0,38.980735417597806
2003-08-01,35.0,25.6,0.8,36.484585831057785
2003-08-02,38.9,27.2,0.0,37.34003104305782
2003-08-03,40.6,30.0,0.0,39.29214650849783
2003-08-04,41.7,28.3,0.0,39.12490045392521
2003-08-05,43.3,30.0,0.0,40.9568667861973
2003-08-06,42.2,31.1,0.0,40.41663589969555
2003-08-07,42.8,31.7,0.0,41.488846309235605
2003-08-08,42.2,33.9,0.0,41.075985595395565
2003-08-09,44.4,32.8,0.0,42.70277289020449
2003-08-10,46.7,32.8,0.0,44.871887478995575
2003-08-11,43.9,34.4,0.0,43.72358126663115
2003-08-12,43.3,35.0,0.0,42.70277289020449
2003-08-13,45.0,30.6,0.0,43.1374326816356
2003-08-14,40.6,23.9,4.8,42.28423951745782
2003-08-15,35.0,25.0,0.0,39.75747832689779
2003-08-16,37.8,27.2,0.0,36.24060391311785
2003-08-17,41.1,28.9,0.0,39.90904047987556
2003-08-18,42.8,31.1,0.0,42.28423951745782
2003-08-19,31.7,23.9,2.3,41.82949212620453
2003-08-20,37.8,27.2,0.0,38.08301543655112
2003-08-21,40.0,30.0,0.0,39.96049678276451
2003-08-22,40.6,31.7,0.0,41.08405285555559
2003-08-23,42.8,30.0,0.0,41.87664238005113
2003-08-24,38.9,30.0,0.0,42.128902611884484
2003-08-25,40.6,29.4,0.0,40.44721410993783
2003-08-26,36.7,24.4,0.0,40.01842425555557
2003-08-27,33.3,23.9,5.1,37.11873875340457
2003-08-28,37.2,27.2,0.0,37.405549098975634
2003-08-29,39.4,28.3,0.0,39.621159165037845
2003-08-30,40.6,30.6,0.0,41.08405285555559
2003-08-31,42.2,31.1,0.0,41.488846309235605
2003-09-01,42.2,31.7,0.0,41.313814567484464
2003-09-02,43.3,31.1,0.0,40.01842425555557
2003-09-03,43.3,31.1,0.0,40.559791022363484
2003-09-04,40.6,26.7,3.6,40.559791022363484
2003-09-05,37.8,27.8,0.0,40.44721410993783
2003-09-06,37.8,30.0,0.0,39.43263444819561
2003-09-07,38.9,27.8,0.0,39.6256119871911
2003-09-08,38.9,29.4,0.0,38.980735417597806
2003-09-09,35.6,28.3,0.5,38.07419268615775
2003-09-10,36.1,27.2,0.0,35.108367144444465
2003-09-11,37.2,25.6,0.0,33.72445795767115
2003-09-12,38.9,25.6,0.0,35.24522790338049
2003-09-13,40.6,24.4,0.0,36.44696577746111
2003-09-14,40.0,25.6,0.0,36.44696577746111
2003-09-15,41.1,26.1,0.0,37.316018065132084
2003-09-16,40.6,26.1,0.0,38.47367189196448
2003-09-17,39.4,26.1,0.0,36.357746250469845
2003-09-18,39.4,23.9,0.0,34.60109775231118
2003-09-19,39.4,24.4,0.0,35.21451105473334
2003-09-20,39.4,23.3,0.0,34.95784063574885
2003-09-21,41.7,23.3,0.0,37.00126303309361
2003-09-22,41.7,24.4,0.0,37.57138625824015
2003-09-23,36.1,23.9,0.8,36.77837786184537
2003-09-24,26.1,22.8,1.5,30.496386040504504
2003-09-25,35.0,22.8,0.0,34.31864240850442
2003-09-26,37.2,24.4,0.0,36.011429689395634
2003-09-27,38.9,25.0,0.0,37.05286929405112
2003-09-28,40.0,26.1,0.0,38.01232357777779
2003-09-29,41.7,26.1,0.0,38.22934471059556
2003-09-30,41.7,26.1,0.0,37.91065365003668
2003-10-01,41.1,26.7,0.0,38.47367189196448
2003-10-02,37.8,26.7,0.0,37.10052853596449
2003-10-03,35.6,25.6,0.0,34.627587814175556
2003-10-04,34.4,21.1,0.0,32.123144788497775
2003-10-05,36.1,21.7,0.0,32.82639084588163
2003-10-06,35.6,22.2,0.0,31.98958014673779
2003-10-07,29.4,25.0,0.0,31.56558905401558
2003-10-08,35.0,22.2,0.0,33.14911354593783
2003-10-09,36.1,24.4,0.0,34.51776814771558
2003-10-10,26.7,21.7,5.3,33.47153501859556
2003-10-11,33.3,22.2,0.0,32.35669658323555
2003-10-12,36.7,23.9,0.0,34.627587814175556
2003-10-13,36.7,23.9,0.0,34.565035485057805
2003-10-14,36.7,23.9,0.0,33.47519998748452
2003-10-15,36.1,21.7,0.0,32.65047505555558
2003-10-16,36.1,22.8,0.0,32.82951854444448
2003-10-17,37.8,22.2,0.0,34.60233562131555
2003-10-18,39.4,22.8,0.0,35.86086571596193
2003-10-19,38.3,22.2,0.0,35.16133516827887
2003-10-20,39.4,21.1,0.0,35.377580196813305
2003-10-21,39.4,22.2,0.0,35.01830607253958
2003-10-22,38.9,21.7,0.0,34.41081126292361
2003-10-23,37.8,21.1,0.0,33.259325929940374
2003-10-24,35.0,19.4,0.0,32.435787065478564
2003-10-25,33.9,18.3,0.0,30.845608461966467
2003-10-26,28.3,18.9,0.0,29.202106129197418
2003-10-27,28.9,14.4,0.0,26.534407131060846
2003-10-28,30.0,16.1,0.0,27.492323146882175
2003-10-29,31.1,15.6,0.0,28.506664233830488
2003-10-30,30.6,18.9,0.0,28.16677307777778
2003-10-31,26.7,17.8,0.0,26.951463358051168
2003-11-01,21.7,16.1,0.0,25.377777777777776
2003-11-02,26.1,15.0,0.0,24.15694444444445
2003-11-03,20.6,13.3,0.0,22.936666666666667
2003-11-04,20.6,10.0,0.0,19.91888888888888
2003-11-05,22.2,10.0,0.0,20.470000000000002
2003-11-06,24.4,10.0,0.0,22.701666666666668
2003-11-07,21.7,11.1,0.0,22.701666666666668
2003-11-08,25.6,11.1,0.0,23.948055555555563
2003-11-09,27.2,12.2,0.0,26.25861111111111
2003-11-10,23.3,13.3,0.0,26.271666666666665
2003-11-11,26.7,17.2,0.3,25.325555555555557
2003-11-12,20.0,16.7,16.3,24.130833333333335
2003-11-13,21.7,15.0,0.0,20.90083333333333
2003-11-14,22.2,11.7,0.0,21.873055555555553
2003-11-15,22.2,10.6,0.0,20.179999999999993
2003-11-16,18.9,11.7,0.0,20.166944444444443
2003-11-17,18.9,9.4,0.0,17.79111111111111
2003-11-18,22.2,9.4,0.0,21.716388888888883
2003-11-19,28.3,10.6,0.0,26.860912138817824
2003-11-20,26.7,12.8,0.0,26.138086013457787
2003-11-21,25.6,11.1,0.0,24.53888888888889
2003-11-22,17.8,8.9,0.0,23.948055555555563
2003-11-23,16.1,4.4,0.0,15.050277777777783
2003-11-24,20.6,5.6,0.0,19.171388888888888
2003-11-25,18.9,10.0,0.0,18.042499999999993
2003-11-26,20.0,6.7,0.0,18.645833333333332
2003-11-27,19.4,6.1,0.0,18.12083333333333
2003-11-28,21.1,8.9,0.0,20.287222222222226
2003-11-29,23.3,10.6,0.0,22.098333333333343
2003-11-30,25.0,7.8,0.0,24.434444444444445
2003-12-01,25.6,8.9,0.0,24.42138888888889
2003-12-02,24.4,10.0,0.0,23.30555555555555
2003-12-03,24.4,7.8,0.0,23.30555555555555
2003-12-04,24.4,6.7,0.0,23.84361111111111
2003-12-05,26.7,9.4,0.0,26.2325
2003-12-06,26.7,13.9,0.0,25.65472222222223
2003-12-07,22.2,10.0,0.0,24.512777777777778
2003-12-08,20.6,12.2,0.0,20.417222222222225
2003-12-09,17.2,6.7,0.0,17.49083333333333
2003-12-10,17.8,5.6,0.0,16.939722222222223
2003-12-11,15.6,5.6,2.5,16.322777777777773
2003-12-12,13.9,5.0,0.0,14.22166666666667
2003-12-13,15.6,5.0,0.0,14.352222222222224
2003-12-14,18.9,5.0,0.0,18.251388888888883
2003-12-15,16.1,6.1,0.0,17.161666666666672
2003-12-16,17.2,3.3,0.0,16.192222222222217
2003-12-17,21.7,7.2,0.0,20.91722222222223
2003-12-18,24.4,5.0,0.0,23.214166666666657
2003-12-19,25.6,8.3,0.0,24.39527777777778
2003-12-20,25.0,10.6,0.0,24.408333333333335
2003-12-21,22.2,11.1,0.0,22.17666666666667
2003-12-22,21.1,7.8,0.0,20.54833333333334
2003-12-23,21.7,12.8,0.0,21.021666666666665
2003-12-24,20.0,11.1,1.3,20.391666666666673
2003-12-25,19.4,10.0,0.0,18.906944444444445
2003-12-26,17.2,7.8,1.0,18.394999999999996
2003-12-27,13.3,5.0,0.0,13.00138888888889
2003-12-28,11.1,0.0,0.0,10.508611111111113
2003-12-29,15.0,0.0,0.0,13.317499999999999
2003-12-30,18.3,6.7,0.0,16.861388888888897
2003-12-31,18.3,7.8,0.0,16.87444444444445
2004-01-01,18.3,11.7,0.0,17.856388888888894
2004-01-02,20.0,8.3,0.0,18.972222222222225
2004-01-03,16.7,7.8,0.0,18.460277777777776
2004-01-04,13.3,3.3,0.0,13.500277777777777
2004-01-05,14.4,2.2,0.0,13.382777777777777
2004-01-06,22.2,2.8,0.0,21.494444444444444
2004-01-07,20.0,7.2,0.0,20.9825
2004-01-08,23.3,7.8,0.0,21.6511111111111
2004-01-09,25.0,8.3,0.0,24.486666666666665
2004-01-10,26.1,12.8,0.0,25.58944444444445
2004-01-11,26.1,10.6,0.0,25.103611111111107
2004-01-12,25.6,13.3,0.0,25.24722222222222
2004-01-13,25.6,12.8,0.0,25.14277777777778
2004-01-14,22.8,13.3,0.0,24.525833333333335
2004-01-15,21.1,11.1,0.0,21.62499999999999
2004-01-16,21.7,9.4,0.0,20.574444444444445
2004-01-17,20.6,8.3,0.0,20.049444444444443
2004-01-18,21.1,8.3,0.0,19.984166666666663
2004-01-19,20.0,8.3,0.0,19.971111111111107
2004-01-20,18.9,11.7,0.0,18.225277777777777
2004-01-21,17.2,10.6,4.1,17.621388888888887
2004-01-22,18.3,10.0,8.9,17.279166666666672
2004-01-23,20.6,11.1,0.8,20.075555555555553
2004-01-24,15.0,10.6,1.8,18.880833333333335
2004-01-25,16.1,9.4,5.3,15.021388888888888
2004-01-26,15.0,4.4,0.0,15.008333333333333
2004-01-27,16.7,3.3,0.0,15.193888888888889
2004-01-28,16.7,6.7,0.0,15.285277777777784
2004-01-29,18.9,5.0,0.0,17.083333333333336
2004-01-30,20.0,6.7,0.0,18.763333333333335
2004-01-31,16.7,8.3,0.0,18.251388888888883
2004-02-01,16.1,6.7,0.0,15.441944444444447
2004-02-02,19.4,5.6,0.0,18.029444444444447
2004-02-03,15.0,8.9,0.8,18.055555555555557
2004-02-04,16.1,5.6,0.0,14.82555555555555
2004-02-05,16.7,4.4,0.0,14.760277777777778
2004-02-06,17.8,3.9,0.0,15.823888888888888
2004-02-07,20.6,3.9,0.0,18.60666666666667
2004-02-08,17.8,5.0,0.0,18.593611111111116
2004-02-09,18.9,4.4,0.0,17.39944444444445
2004-02-10,20.0,6.1,0.0,18.593611111111116
2004-02-11,18.9,5.6,0.0,18.593611111111116
2004-02-12,17.8,5.0,0.0,18.042499999999993
2004-02-13,16.1,2.8,0.0,16.21833333333333
2004-02-14,18.3,5.0,0.0,16.835277777777783
2004-02-15,21.7,5.6,0.0,20.287222222222226
2004-02-16,23.3,8.3,0.0,21.468333333333323
2004-02-17,27.2,9.4,0.0,26.21944444444445
2004-02-18,26.7,11.1,0.0,26.2325
2004-02-19,19.4,12.8,0.0,25.58944444444445
2004-02-20,18.9,12.2,0.0,17.712777777777774
2004-02-21,21.7,11.7,0.0,20.574444444444445
2004-02-22,17.2,11.1,0.5,18.802500000000006
2004-02-23,13.9,9.4,23.9,16.13722222222222
2004-02-24,17.2,9.4,0.8,15.585555555555556
2004-02-25,19.4,8.3,0.0,18.421666666666667
2004-02-26,22.8,10.0,0.0,21.72944444444444
2004-02-27,17.2,11.1,0.0,21.230555555555558
2004-02-28,16.7,6.7,0.0,15.285277777777784
2004-02-29,18.9,6.7,0.0,17.031111111111116
2004-03-01,19.4,7.2,0.0,18.685000000000006
2004-03-02,17.8,10.6,0.5,17.174722222222226
2004-03-03,18.3,10.0,0.3,17.37055555555556
2004-03-04,14.4,8.9,28.2,15.690000000000005
2004-03-05,18.9,9.4,1.3,17.856388888888894
2004-03-06,22.2,10.0,0.0,21.282777777777778
2004-03-07,30.0,11.7,0.0,28.15134625555558
2004-03-08,32.2,13.9,0.0,29.519918574424455
2004-03-09,33.3,15.0,0.0,30.747636229061445
2004-03-10,32.8,15.6,0.0,30.609913356091752
2004-03-11,30.6,17.2,0.0,29.018633022664442
2004-03-12,27.8,17.2,0.0,28.73474248167113
2004-03-13,26.7,16.7,2.3,26.43262086172445
2004-03-14,30.0,15.6,0.0,27.636654006764484
2004-03-15,31.7,15.6,0.0,28.90615223644336
2004-03-16,32.8,15.6,0.0,29.93373941331559
2004-03-17,31.7,15.0,0.0,28.90615223644336
2004-03-18,32.8,16.7,0.0,29.37893397695182
2004-03-19,33.3,16.1,0.0,29.74784162522636
2004-03-20,35.0,16.7,0.0,31.120488861070108
2004-03-21,36.1,19.4,0.0,33.26483693491558
2004-03-22,33.9,22.2,0.0,32.50805814444446
2004-03-23,31.7,21.7,0.0,30.888594636035553
2004-03-24,33.3,17.8,0.0,30.31718712192291
2004-03-25,31.7,18.9,0.0,29.94753127932447
2004-03-26,29.4,16.7,0.0,28.619330886737796
2004-03-27,28.3,15.0,0.0,26.860912138817824
2004-03-28,31.1,15.0,0.0,28.532496354278855
2004-03-29,34.4,15.0,0.0,30.38866942100843
2004-03-30,36.1,18.9,0.0,32.29724478016635
2004-03-31,34.4,19.4,0.0,31.993099383378382
2004-04-01,30.6,17.2,4.1,27.860668231484485
2004-04-02,18.3,12.2,17.3,27.385562986771195
2004-04-03,20.6,12.2,0.0,20.127777777777773
2004-04-04,22.2,12.8,0.0,21.230555555555558
2004-04-05,22.8,14.4,0.0,22.450833333333343
2004-04-06,27.2,16.7,0.0,26.45444444444444
2004-04-07,28.3,16.1,0.3,26.721373591057827
2004-04-08,27.2,14.4,0.0,26.36305555555556
2004-04-09,28.9,17.8,0.0,27.005000477135567
2004-04-10,30.0,17.2,1.3,27.7640842376711
2004-04-11,27.2,14.4,0.0,26.39724918081779
2004-04-12,28.3,14.4,0.0,26.25861111111111
2004-04-13,32.8,16.7,0.0,29.181586634539613
2004-04-14,32.8,16.1,0.0,29.84764431919676
2004-04-15,33.3,15.6,0.0,29.202106129197418
2004-04-16,32.8,16.7,0.0,29.692491098716737
2004-04-17,31.1,16.7,0.0,29.58153001144398
2004-04-18,24.4,12.8,0.0,26.60759671219786
2004-04-19,26.7,13.9,0.0,25.58944444444445
2004-04-20,28.3,15.0,0.0,26.326606101278596
2004-04-21,30.0,14.4,0.0,27.668524419964463
2004-04-22,28.9,17.2,0.0,28.036665419365292
2004-04-23,28.3,15.6,0.0,26.49263152332448
2004-04-24,30.6,17.2,0.0,28.036665419365292
2004-04-25,35.0,17.8,0.0,30.71921831372028
2004-04-26,36.7,19.4,0.0,32.16015667700843
2004-04-27,36.1,20.6,0.0,32.16015667700843
2004-04-28,36.7,21.7,0.0,33.13136993408938
2004-04-29,28.9,20.0,0.0,31.606122433333358
2004-04-30,28.9,15.6,0.0,26.463691354408276
2004-05-01,33.3,19.4,0.0,29.28729902973239
2004-05-02,35.6,19.4,0.0,31.993099383378382
2004-05-03,37.8,20.6,0.0,32.819232584510004
2004-05-04,38.3,21.1,0.0,33.63259556334688
2004-05-05,37.8,21.7,0.0,33.63259556334688
2004-05-06,37.2,22.8,0.0,32.96992626505744
2004-05-07,38.9,22.2,0.0,33.58698929119677
2004-05-08,38.3,23.3,0.0,34.13810030495181
2004-05-09,38.3,23.9,0.0,33.95949560719096
2004-05-10,38.3,23.3,0.0,34.53389801944396
2004-05-11,33.3,22.8,0.0,33.76763707985165
2004-05-12,31.1,21.7,0.0,30.575796605457768
2004-05-13,32.8,17.2,0.0,29.74784162522636
2004-05-14,36.1,20.0,0.0,31.855612279091083
2004-05-15,37.8,21.1,0.0,33.63259556334688
2004-05-16,37.2,22.2,0.0,32.819232584510004
2004-05-17,37.2,21.7,0.0,33.58698929119677
2004-05-18,36.1,21.1,0.0,32.96992626505744
2004-05-19,37.2,22.2,0.0,33.68020087209176
2004-05-20,34.4,22.8,0.0,33.68020087209176
2004-05-21,33.9,21.1,0.0,31.71921145788158
2004-05-22,32.2,18.9,0.0,29.58153001144398
2004-05-23,33.9,18.9,0.0,30.600931757478577
2004-05-24,35.0,20.0,0.0,31.120488861070108
2004-05-25,33.3,21.7,0.0,30.845608461966467
2004-05-26,34.4,20.0,0.0,30.03412737851
2004-05-27,33.9,20.0,0.0,30.47971237560652
2004-05-28,37.2,21.1,0.0,33.30356359160573
2004-05-29,33.3,21.1,0.0,32.435787065478564
2004-05-30,36.7,22.8,0.0,32.75218689396645
2004-05-31,40.0,22.2,0.0,35.21451105473334
2004-06-01,40.6,24.4,0.0,35.416767123071764
2004-06-02,42.2,25.0,0.0,36.7539235721255
2004-06-03,43.3,25.6,0.0,38.056061849571584
2004-06-04,43.3,26.1,0.0,37.789217188183585
2004-06-05,42.8,26.1,0.0,38.05221498141791
2004-06-06,41.7,26.1,0.0,37.30627232055643
2004-06-07,41.1,26.7,0.0,37.00126303309361
2004-06-08,39.4,26.1,0.0,35.754293935556916
2004-06-09,35.0,23.9,0.0,35.01830607253958
2004-06-10,33.3,21.7,0.0,31.51302410233781
2004-06-11,35.6,21.1,0.0,31.606122433333358
2004-06-12,38.3,22.2,0.0,33.41755224122638
2004-06-13,40.0,23.3,0.0,35.416767123071764
2004-06-14,41.1,25.6,0.0,35.8740836001252
2004-06-15,40.6,23.9,0.0,35.8740836001252
2004-06-16,39.4,25.6,0.0,35.416767123071764
2004-06-17,40.0,25.6,0.0,35.606575721352186
2004-06-18,41.1,26.7,0.0,36.530931028308665
2004-06-19,41.7,25.6,0.0,37.85169649640826
2004-06-20,40.6,23.9,0.0,36.078783897448574
2004-06-21,39.4,24.4,0.0,35.36113642984302
2004-06-22,40.0,25.0,0.0,35.16133516827887
2004-06-23,40.0,26.7,0.0,36.37006527099558
2004-06-24,41.7,28.3,0.0,37.60621143488218
2004-06-25,42.2,27.8,0.0,37.85169649640826
2004-06-26,42.8,28.9,0.0,37.57138625824015
2004-06-27,41.7,28.9,0.0,37.57138625824015
2004-06-28,40.6,27.2,0.0,36.77837786184537
2004-06-29,40.0,26.7,0.0,35.754293935556916
2004-06-30,39.4,25.0,0.0,34.42386001418549
2004-07-01,39.4,23.3,0.0,34.27136746567328
2004-07-02,40.6,23.9,0.0,35.36113642984302
2004-07-03,40.6,23.9,0.0,35.02545047179938
2004-07-04,39.4,23.3,0.0,34.42386001418549
2004-07-05,41.7,24.4,0.0,36.821633346642415
2004-07-06,42.2,25.0,0.0,37.30627232055643
2004-07-07,41.1,26.7,0.0,37.00126303309361
2004-07-08,41.7,28.3,0.0,37.83137135202459
2004-07-09,37.8,28.9,0.0,37.60621143488218
2004-07-10,42.8,28.3,0.0,40.38496398732446
2004-07-11,43.3,30.6,0.0,40.72266417601779
2004-07-12,44.4,32.8,0.0,41.495552028017855
2004-07-13,41.1,25.6,6.6,42.099878766995566
2004-07-14,35.6,25.0,2.8,40.238860733671075
2004-07-15,38.9,29.4,0.0,39.29090456601554
2004-07-16,40.6,31.1,0.0,40.941247777475624
2004-07-17,41.7,28.3,0.0,40.238860733671075
2004-07-18,42.8,31.7,0.0,42.28423951745782
2004-07-19,43.3,31.1,0.0,42.28423951745782
2004-07-20,43.3,32.2,0.0,41.495552028017855
2004-07-21,43.9,31.7,0.0,41.752300926424454
2004-07-22,43.3,32.2,0.0,41.1253979113245
2004-07-23,37.8,31.1,0.0,41.1253979113245
2004-07-24,40.6,30.0,0.0,38.82184079287112
2004-07-25,41.7,29.4,0.0,40.2777378933845
2004-07-26,38.9,26.1,2.0,40.2777378933845
2004-07-27,40.0,26.7,3.6,39.75747832689779
2004-07-28,40.6,28.3,0.0,39.43240366348451
2004-07-29,40.6,28.9,0.0,38.516871477777805
2004-07-30,42.2,29.4,0.0,39.12490045392521
2004-07-31,42.2,30.0,0.0,38.78380501381933
2004-08-01,42.8,30.6,0.0,40.08962503081779
2004-08-02,40.0,31.1,0.0,40.38496398732446
2004-08-03,41.7,30.6,0.0,40.61860752507562
2004-08-04,41.7,31.1,0.0,40.238860733671075
2004-08-05,37.2,30.6,0.3,37.10052853596449
2004-08-06,36.1,28.9,0.0,35.79300545415786
2004-08-07,41.7,28.3,0.0,41.11624653890447
2004-08-08,44.4,30.6,0.0,41.82949212620453
2004-08-09,42.8,31.7,0.0,41.6670155482201
2004-08-10,43.3,30.6,0.0,41.752300926424454
2004-08-11,43.9,31.1,0.0,42.997006461057836
2004-08-12,40.6,30.6,0.0,41.495552028017855
2004-08-13,41.1,24.4,0.0,40.01842425555557
2004-08-14,31.7,24.4,0.0,36.82806789723558
2004-08-15,38.3,25.6,2.0,36.484585831057785
2004-08-16,38.3,23.9,6.9,37.87912317681782
2004-08-17,38.3,25.6,0.0,38.188157401777794
2004-08-18,39.4,26.1,0.0,37.85289387477112
2004-08-19,36.7,25.6,0.0,38.0049626274845
2004-08-20,38.3,26.7,0.0,35.82361426145781
2004-08-21,38.9,27.2,0.0,36.22693438969557
2004-08-22,40.6,24.4,0.0,35.484361514705796
2004-08-23,38.9,26.1,0.0,35.848321741895575
2004-08-24,36.1,27.8,0.0,34.43261115769557
2004-08-25,38.9,24.4,0.0,36.00496849820448
2004-08-26,38.9,25.0,0.0,36.00496849820448
2004-08-27,40.0,25.0,0.0,35.86086571596193
2004-08-28,39.4,25.6,0.0,36.6259797458305
2004-08-29,40.6,26.1,0.0,37.56267465555558
2004-08-30,41.7,27.2,0.0,38.13743743701045
2004-08-31,43.9,27.8,0.0,39.81526990014913
2004-09-01,41.7,28.9,0.0,38.65995340797939
2004-09-02,42.2,28.9,0.0,40.08962503081779
2004-09-03,40.6,29.4,0.0,38.78380501381933
2004-09-04,33.9,27.2,0.0,37.05286929405112
2004-09-05,36.1,23.3,0.0,31.93567442796443
2004-09-06,38.9,23.3,0.0,34.74943524271672
2004-09-07,41.7,26.1,0.0,38.732247918737784
2004-09-08,41.1,28.9,0.0,38.47367189196448
2004-09-09,41.7,28.9,0.0,37.60621143488218
2004-09-10,41.1,27.8,0.0,38.22934471059556
2004-09-11,42.2,28.3,0.0,38.78380501381933
2004-09-12,42.2,27.8,0.0,39.777810462424476
2004-09-13,41.7,28.3,0.0,40.08962503081779
2004-09-14,38.3,26.1,0.0,38.01232357777779
2004-09-15,38.9,26.1,0.0,35.82361426145781
2004-09-16,39.4,25.6,0.0,36.92906026801558
2004-09-17,39.4,25.6,0.0,36.050980114817776
2004-09-18,38.3,22.8,1.8,36.041461872035576
2004-09-19,33.3,22.8,2.0,33.680797364284345
2004-09-20,31.1,21.7,0.0,30.967434366904588
2004-09-21,30.0,17.8,0.0,27.900093130897783
2004-09-22,31.7,17.8,0.0,28.80472096989557
2004-09-23,35.0,19.4,0.0,30.845608461966467
2004-09-24,37.2,20.6,0.0,33.48650723760654
2004-09-25,37.2,21.1,0.0,34.09983810651561
2004-09-26,35.0,23.3,0.0,33.59100242466448
2004-09-27,37.2,23.9,0.0,34.02775623938448
2004-09-28,37.8,23.3,0.0,35.35010501532445
2004-09-29,35.0,23.9,0.0,33.26483693491558
2004-09-30,31.1,20.0,0.0,30.98010220221708
2004-10-01,32.8,20.0,0.0,29.96776519201776
2004-10-02,36.1,20.0,0.0,32.50805814444446
2004-10-03,36.1,21.1,0.0,32.50805814444446
2004-10-04,35.6,20.6,0.0,32.450584655555595
2004-10-05,34.4,20.6,0.0,31.71921145788158
2004-10-06,35.6,21.1,0.0,32.08532983333335
2004-10-07,36.1,20.6,0.0,32.46390307266697
2004-10-08,36.7,20.6,0.0,32.5888907997203
2004-10-09,37.2,21.1,0.0,33.48650723760654
2004-10-10,34.4,23.3,0.0,32.29724478016635
2004-10-11,32.2,18.9,0.0,30.067119210204446
2004-10-12,33.9,20.6,0.0,31.56558905401558
2004-10-13,33.3,21.7,0.0,31.046002029057814
2004-10-14,32.2,21.7,0.0,30.027559157457826
2004-10-15,32.8,18.9,0.0,29.809894232673937
2004-10-16,31.7,18.9,0.0,29.809894232673937
2004-10-17,28.9,21.7,0.0,28.650974284497806
2004-10-18,26.7,18.3,0.0,26.363192654595576
2004-10-19,27.2,16.7,0.0,26.507309687591107
2004-10-20,30.0,17.2,0.0,27.900093130897783
2004-10-21,26.7,13.9,8.4,27.54942127531563
2004-10-22,21.7,12.2,0.0,20.691944444444445
2004-10-23,25.6,12.2,0.0,24.59111111111112
2004-10-24,26.7,12.8,0.0,25.79833333333334
2004-10-25,27.2,16.7,0.0,26.717046959235613
2004-10-26,28.9,18.3,0.0,27.005000477135567
2004-10-27,26.7,18.9,0.0,26.68972755820452
2004-10-28,20.0,12.2,11.4,24.117777777777782
2004-10-29,20.6,10.6,0.0,18.972222222222225
2004-10-30,22.2,11.1,0.0,21.79472222222221
2004-10-31,22.2,11.1,0.0,21.282777777777778
2004-11-01,21.1,12.2,0.0,20.652777777777786
2004-11-02,21.1,8.9,0.0,19.840555555555554
2004-11-03,23.9,9.4,0.0,23.30555555555555
2004-11-04,28.3,10.6,0.0,26.534407131060846
2004-11-05,29.4,13.9,0.0,26.850223308424454
2004-11-06,30.6,16.1,0.0,28.34817124444444
2004-11-07,23.9,16.1,4.1,27.792663784871127
2004-11-08,21.1,15.0,0.5,22.620555555555562
2004-11-09,21.1,12.2,0.0,20.271388888888882
2004-11-10,22.2,11.7,0.0,21.781666666666663
2004-11-11,24.4,11.7,0.0,23.974166666666672
2004-11-12,22.2,13.9,0.0,22.806111111111104
2004-11-13,20.0,10.6,0.0,18.394999999999996
2004-11-14,22.8,11.7,0.0,22.307222222222226
2004-11-15,21.1,11.7,1.0,21.178333333333338
2004-11-16,22.8,11.1,0.0,21.833888888888882
2004-11-17,22.2,11.7,0.0,21.859999999999992
2004-11-18,23.3,12.2,0.0,22.97583333333333
2004-11-19,23.3,11.7,0.0,22.398611111111116
2004-11-20,22.2,11.1,0.3,21.269722222222224
2004-11-21,20.6,15.0,0.3,20.600555555555566
2004-11-22,16.7,8.9,7.1,16.32
2004-11-23,14.4,8.3,0.0,13.878888888888888
2004-11-24,17.8,10.6,0.0,16.662222222222216
2004-11-25,19.4,7.8,0.0,18.394999999999996
2004-11-26,18.9,8.3,0.0,17.830277777777773
2004-11-27,21.1,8.3,0.0,20.06249999999999
2004-11-28,17.2,6.7,0.0,20.06249999999999
2004-11-29,13.9,3.9,0.0,13.382777777777777
2004-11-30,14.4,2.2,0.0,12.792499999999999
2004-12-01,16.7,2.8,0.0,15.141666666666671
2004-12-02,18.3,2.2,0.0,16.952777777777776
2004-12-03,21.1,3.9,0.0,19.879722222222224
2004-12-04,12.2,7.2,7.1,18.645833333333332
2004-12-05,13.9,6.7,7.6,12.893611111111111
2004-12-06,12.8,8.3,3.6,12.368611111111111
2004-12-07,15.0,7.8,0.0,13.891944444444443
2004-12-08,17.2,8.3,0.0,16.215555555555554
2004-12-09,18.3,7.8,0.0,17.895555555555557
2004-12-10,23.9,7.8,0.0,22.97583333333333
2004-12-11,26.7,8.9,0.0,25.73305555555556
2004-12-12,25.0,10.0,0.0,24.02638888888889
2004-12-13,23.9,9.4,0.0,23.553611111111113
2004-12-14,22.2,12.2,0.0,22.85833333333333
2004-12-15,21.1,8.9,0.0,20.483055555555566
2004-12-16,20.6,6.7,0.0,19.91888888888888
2004-12-17,20.6,10.0,0.0,19.879722222222224
2004-12-18,22.8,5.6,0.0,22.17666666666667
2004-12-19,25.0,8.9,0.0,23.8175
2004-12-20,21.7,9.4,0.0,22.662499999999994
2004-12-21,18.9,8.9,0.0,19.89277777777777
2004-12-22,16.7,5.6,0.0,16.466388888888886
2004-12-23,15.6,3.3,0.0,14.642777777777777
2004-12-24,13.9,2.8,0.0,12.779444444444444
2004-12-25,16.1,1.7,0.0,14.603611111111109
2004-12-26,18.9,4.4,0.0,17.53
2004-12-27,18.3,9.4,0.0,17.543055555555554
2004-12-28,20.6,10.0,2.3,20.127777777777773
2004-12-29,20.0,12.8,11.4,19.285555555555554
2004-12-30,18.3,12.2,7.6,17.540277777777778
2004-12-31,16.1,10.0,0.0,17.422777777777778
2005-01-01,17.2,8.3,0.0,16.766666666666666
2005-01-02,17.8,9.4,0.0,17.34444444444445
2005-01-03,14.4,11.1,20.8,16.766666666666666
2005-01-04,12.8,8.3,11.4,13.628055555555557
2005-01-05,13.9,6.1,0.0,12.146666666666668
2005-01-06,13.3,5.0,0.0,12.632499999999997
2005-01-07,13.9,5.0,0.0,13.210277777777783
2005-01-08,16.7,10.0,0.0,15.637777777777778
2005-01-09,20.6,10.6,0.0,19.510833333333338
2005-01-10,20.0,11.1,0.0,19.076666666666664
2005-01-11,20.6,10.6,0.0,20.166944444444443
2005-01-12,15.6,7.2,0.0,19.01138888888889
2005-01-13,15.6,5.6,0.0,14.83861111111111
2005-01-14,18.3,8.3,0.0,17.63444444444444
2005-01-15,20.6,5.6,0.0,18.81555555555555
2005-01-16,25.0,6.7,0.0,23.88277777777778
2005-01-17,25.6,8.3,0.0,25.11666666666666
2005-01-18,26.1,10.0,0.0,25.68083333333334
2005-01-19,27.2,11.1,0.0,26.297777777777785
2005-01-20,25.0,11.7,0.0,26.138086013457787
2005-01-21,21.1,13.9,0.0,22.845277777777778
2005-01-22,23.3,12.8,0.0,22.516111111111115
2005-01-23,23.9,14.4,0.0,22.832222222222214
2005-01-24,22.2,12.8,2.3,22.832222222222214
2005-01-25,22.8,12.8,0.0,22.411666666666672
2005-01-26,16.7,13.3,10.4,20.718055555555566
2005-01-27,17.8,12.2,0.3,17.37055555555556
2005-01-28,18.3,8.9,0.0,17.804166666666667
2005-01-29,14.4,8.3,1.8,16.740555555555552
2005-01-30,15.0,5.6,0.0,13.839722222222225
2005-01-31,19.4,7.8,0.0,18.776388888888896
2005-02-01,19.4,8.9,0.0,18.763333333333335
2005-02-02,18.9,8.3,0.0,18.711111111111116
2005-02-03,20.6,10.6,0.0,19.314999999999998
2005-02-04,18.9,10.0,0.0,19.32805555555556
2005-02-05,20.0,8.9,0.0,18.880833333333335
2005-02-06,19.4,9.4,0.0,18.906944444444445
2005-02-07,17.2,11.7,0.0,17.765
2005-02-08,19.4,7.8,0.0,18.828611111111115
2005-02-09,22.2,8.3,0.0,21.165277777777774
2005-02-10,21.1,12.8,4.6,21.139166666666668
2005-02-11,15.6,13.3,19.6,14.991944444444446
2005-02-12,16.7,13.3,8.4,15.846666666666668
2005-02-13,19.4,10.6,0.0,18.603888888888886
2005-02-14,19.4,11.7,0.0,18.551666666666666
2005-02-15,18.9,12.8,0.0,18.64305555555556
2005-02-16,22.2,11.7,0.0,20.691944444444445
2005-02-17,22.2,11.7,3.8,21.912222222222212
2005-02-18,20.0,13.3,7.4,21.977499999999992
2005-02-19,15.0,11.7,23.6,16.02944444444445
2005-02-20,18.3,11.1,3.8,17.947777777777773
2005-02-21,20.0,12.2,2.0,19.01138888888889
2005-02-22,20.0,12.2,0.5,19.680555555555557
2005-02-23,18.9,10.6,2.3,18.091388888888893
2005-02-24,18.3,10.0,0.5,17.830277777777773
2005-02-25,20.6,9.4,0.0,19.536944444444444
2005-02-26,20.0,10.0,0.0,19.49777777777778
2005-02-27,20.6,9.4,0.0,19.510833333333338
2005-02-28,21.7,10.6,0.0,20.626666666666676
2005-03-01,22.2,10.6,0.0,21.282777777777778
2005-03-02,22.8,11.7,0.0,21.820833333333326
2005-03-03,21.7,10.6,0.0,21.256666666666668
2005-03-04,22.8,11.7,1.3,21.230555555555558
2005-03-05,19.4,11.7,4.6,21.217499999999994
2005-03-06,17.8,10.6,2.0,17.37055555555556
2005-03-07,21.7,9.4,0.0,21.348055555555558
2005-03-08,24.4,11.7,0.0,23.61888888888889
2005-03-09,28.3,12.8,0.0,26.56073681420451
2005-03-10,29.4,13.9,0.0,27.824858449475617
2005-03-11,31.1,14.4,0.0,28.632732378915577
2005-03-12,29.4,15.0,0.0,28.650974284497806
2005-03-13,27.8,15.0,0.0,27.224983142015567
2005-03-14,22.2,14.4,0.0,26.299025066204464
2005-03-15,20.6,11.7,0.0,19.945
2005-03-16,22.2,7.8,0.0,20.94333333333334
2005-03-17,23.3,9.4,0.0,22.189722222222233
2005-03-18,21.7,13.3,0.0,21.546666666666663
2005-03-19,17.8,13.3,0.0,19.984166666666663
2005-03-20,22.2,13.3,0.0,21.178333333333338
2005-03-21,23.3,10.0,0.0,22.25500000000001
2005-03-22,25.6,11.7,0.0,24.525833333333335
2005-03-23,23.3,15.6,0.0,23.88277777777778
2005-03-24,20.6,11.7,0.0,21.15222222222222
2005-03-25,21.7,12.2,1.3,20.561388888888892
2005-03-26,21.7,10.0,0.0,20.470000000000002
2005-03-27,25.6,10.6,0.0,24.434444444444445
2005-03-28,24.4,13.3,0.0,24.42138888888889
2005-03-29,22.8,12.2,0.0,23.85666666666667
2005-03-30,23.9,11.1,0.0,23.383888888888887
2005-03-31,23.9,12.8,0.0,22.636388888888884
2005-04-01,28.3,14.4,0.0,26.180277777777786
2005-04-02,30.0,12.8,0.0,27.260045205845373
2005-04-03,31.7,17.2,0.0,28.708634567352206
2005-04-04,26.1,14.4,0.0,29.083860726183204
2005-04-05,26.7,12.2,0.0,25.038333333333327
2005-04-06,31.7,13.3,0.0,28.992080294311172
2005-04-07,35.6,16.1,0.0,31.33243405555556
2005-04-08,26.7,17.2,0.0,31.33243405555556
2005-04-09,22.2,13.9,0.0,25.090555555555554
2005-04-10,25.6,11.7,0.0,24.486666666666665
2005-04-11,27.2,13.3,0.0,26.206388888888895
2005-04-12,31.7,15.0,0.0,28.15352873281462
2005-04-13,34.4,16.1,0.0,30.24187609208936
2005-04-14,33.3,17.2,0.0,29.954480215851657
2005-04-15,33.3,16.7,0.0,29.84764431919676
2005-04-16,35.0,16.7,0.0,30.600931757478577
2005-04-17,35.0,17.8,0.0,30.992269215378357
2005-04-18,32.2,18.9,0.0,29.84764431919676
2005-04-19,27.2,16.1,0.0,28.617893028813327
2005-04-20,26.1,13.9,0.0,25.155833333333327
2005-04-21,30.0,13.3,0.0,26.895100364066156
2005-04-22,30.0,16.1,0.0,27.260045205845373
2005-04-23,33.3,15.0,3.0,30.67981620963555
2005-04-24,23.9,15.6,0.0,27.198133401617845
2005-04-25,26.1,15.0,0.0,25.195
2005-04-26,29.4,15.6,0.0,26.889711213057822
2005-04-27,30.0,16.7,0.0,27.780700177461124
2005-04-28,26.1,16.7,0.0,27.70383911904858
2005-04-29,25.6,13.9,0.0,23.948055555555563
2005-04-30,28.9,15.0,0.0,27.299166898337837
2005-05-01,31.1,18.3,0.0,28.32041565651366
2005-05-02,31.7,16.7,0.0,28.610769807964466
2005-05-03,32.2,18.3,0.0,29.93373941331559
2005-05-04,33.9,19.4,0.0,30.45215582931558
2005-05-05,35.0,20.6,0.0,31.71921145788158
2005-05-06,27.2,19.4,0.0,30.98010220221708
2005-05-07,27.2,17.2,0.0,26.186471745635558
2005-05-08,30.6,16.7,0.0,27.668524419964463
2005-05-09,32.2,18.9,0.0,29.39487488070584
2005-05-10,28.3,18.9,0.0,29.519918574424455
2005-05-11,28.9,15.6,0.0,26.463691354408276
2005-05-12,31.1,16.1,0.0,27.70383911904858
2005-05-13,33.9,17.8,0.0,30.134240789057458
2005-05-14,35.6,20.6,0.0,31.120488861070108
2005-05-15,37.8,21.1,0.0,33.76763707985165
2005-05-16,38.9,22.2,0.0,34.58910305870217
2005-05-17,32.2,22.2,0.0,33.11231035733885
2005-05-18,33.9,20.0,0.0,30.31718712192291
2005-05-19,37.8,21.7,0.0,33.88464449506145
2005-05-20,41.1,23.9,0.0,36.20235041904861
2005-05-21,42.8,25.0,0.0,37.57138625824015
2005-05-22,42.8,25.6,0.0,38.05221498141791
2005-05-23,41.1,27.2,0.0,37.77177761416387
2005-05-24,38.9,26.1,0.0,37.0400735407865
2005-05-25,39.4,26.1,0.0,35.88723762042444
2005-05-26,40.6,25.0,0.0,36.44696577746111
2005-05-27,36.7,23.9,0.0,36.10270824051368
2005-05-28,36.1,23.9,0.0,35.02680839805114
2005-05-29,36.7,24.4,0.0,33.29748525555557
2005-05-30,35.0,24.4,0.0,33.72445795767115
2005-05-31,36.7,22.2,0.0,32.925675348217084
2005-06-01,38.9,23.3,0.0,35.01830607253958
2005-06-02,37.2,25.0,0.0,34.41081126292361
2005-06-03,32.8,21.7,0.0,33.303229336731626
2005-06-04,36.1,22.8,0.0,31.51302410233781
2005-06-05,37.8,24.4,0.0,34.60233562131555
2005-06-06,35.0,22.8,0.0,33.48650723760654
2005-06-07,35.0,22.8,0.0,31.890353110595566
2005-06-08,35.6,21.7,0.0,31.556654206572073
2005-06-09,35.0,22.2,0.0,32.08532983333335
2005-06-10,36.1,22.8,0.0,33.022220326595615
2005-06-11,36.1,24.4,0.0,33.26483693491558
2005-06-12,36.7,23.9,0.0,32.82639084588163
2005-06-13,38.9,25.0,0.0,35.484361514705796
2005-06-14,42.2,26.1,0.0,38.13743743701045
2005-06-15,39.4,27.2,0.0,37.83137135202459
2005-06-16,40.0,26.1,0.0,36.10281825844337
2005-06-17,38.9,24.4,0.0,35.416767123071764
2005-06-18,38.3,23.9,0.0,34.60233562131555
2005-06-19,42.2,24.4,0.0,36.7539235721255
2005-06-20,44.4,27.2,0.0,39.75828745440933
2005-06-21,45.6,31.7,0.0,41.066113634466106
2005-06-22,45.0,32.2,0.0,40.69715858094488
2005-06-23,42.8,29.4,0.0,40.08962503081779
2005-06-24,42.2,27.2,0.0,39.95154991769784
2005-06-25,42.8,28.3,0.0,38.65995340797939
2005-06-26,40.6,27.2,0.0,37.0400735407865
2005-06-27,42.2,25.0,0.0,37.57138625824015
2005-06-28,41.1,28.3,0.0,37.91065365003668
2005-06-29,42.2,25.0,0.0,36.821633346642415
2005-06-30,44.4,25.0,0.0,38.24347779309106
2005-07-01,43.9,26.7,0.0,38.822564230460955
2005-07-02,42.8,27.8,0.0,38.78380501381933
2005-07-03,42.2,28.3,0.0,37.57138625824015
2005-07-04,42.8,26.1,0.0,37.57138625824015
2005-07-05,44.4,27.8,0.0,39.427659435660495
2005-07-06,44.4,27.8,0.0,39.13692265187258
2005-07-07,42.8,29.4,0.0,40.375514202452045
2005-07-08,43.3,28.3,0.0,41.1253979113245
2005-07-09,42.8,27.8,0.0,39.12490045392521
2005-07-10,42.2,27.8,0.0,38.14720303506085
2005-07-11,43.9,27.8,0.0,38.822564230460955
2005-07-12,46.1,27.8,0.0,40.705335390204475
2005-07-13,45.6,29.4,0.0,41.08126608833781
2005-07-14,43.3,33.3,0.0,41.01006619155562
2005-07-15,45.0,31.7,0.0,41.370486018515564
2005-07-16,45.0,32.8,0.0,42.099878766995566
2005-07-17,46.7,33.9,0.0,43.814393635671145
2005-07-18,45.0,31.7,3.6,43.23715600007117
2005-07-19,43.9,32.8,0.0,43.40066278201559
2005-07-20,42.8,31.7,0.0,42.70277289020449
2005-07-21,43.9,32.8,0.0,44.353048125384426
2005-07-22,43.3,27.8,0.5,43.90952749323557
2005-07-23,38.9,26.7,0.0,40.41663589969555
2005-07-24,38.9,26.7,0.0,40.13635133153782
2005-07-25,40.6,29.4,0.0,40.67742350623117
2005-07-26,42.2,30.6,0.0,40.974158812771144
2005-07-27,42.8,30.0,0.0,41.488846309235605
2005-07-28,42.8,29.4,0.0,41.87664238005113
2005-07-29,42.8,31.1,0.0,40.974158812771144
2005-07-30,40.0,28.9,0.0,41.87664238005113
2005-07-31,39.4,28.3,0.0,39.75747832689779
2005-08-01,39.4,28.3,0.0,38.36005298539553
2005-08-02,40.0,22.2,15.0,40.359909044444436
2005-08-03,33.9,22.8,4.1,39.1205244854756
2005-08-04,38.3,27.2,0.5,40.13635133153782
2005-08-05,41.1,27.8,2.8,38.980735417597806
2005-08-06,39.4,28.3,0.0,39.90904047987556
2005-08-07,40.0,25.6,4.8,39.621159165037845
2005-08-08,32.8,25.6,2.0,39.621159165037845
2005-08-09,35.6,25.6,0.8,38.356258128515606
2005-08-10,34.4,25.6,0.0,35.513380247404434
2005-08-11,36.7,27.2,0.0,37.71805098215121
2005-08-12,38.9,26.7,0.5,38.46099728833563
2005-08-13,37.2,25.6,0.0,38.16630760972448
2005-08-14,32.2,27.8,0.0,36.24060391311785
2005-08-15,37.2,25.6,0.0,36.24060391311785
2005-08-16,38.3,27.8,0.0,38.16630760972448
2005-08-17,40.0,28.3,0.0,37.60369765459558
2005-08-18,40.0,27.8,0.0,37.05286929405112
2005-08-19,38.9,28.3,0.0,38.07419268615775
2005-08-20,41.7,27.2,0.0,39.005072790915584
2005-08-21,42.8,28.9,0.0,39.777810462424476
2005-08-22,43.3,30.6,0.3,41.44492824545783
2005-08-23,36.7,28.9,0.0,39.777810462424476
2005-08-24,38.3,26.7,0.0,37.78858365559109
2005-08-25,41.1,29.4,0.0,41.34439175647111
2005-08-26,42.8,30.6,0.0,40.41663589969555
2005-08-27,43.9,30.6,0.0,40.974158812771144
2005-08-28,45.0,31.1,0.0,41.370486018515564
2005-08-29,43.9,29.4,0.0,40.47066109192029
2005-08-30,43.3,28.9,0.0,40.179258727014066
2005-08-31,41.7,28.9,0.0,39.90904047987556
2005-09-01,42.2,28.9,0.0,40.238860733671075
2005-09-02,40.0,27.8,0.0,38.0049626274845
2005-09-03,39.4,25.6,3.3,38.36005298539553
2005-09-04,38.9,27.8,0.0,38.07419268615775
2005-09-05,40.0,28.9,0.0,38.78973254444448
2005-09-06,41.7,30.6,0.0,37.78063674444445
2005-09-07,41.1,28.9,0.0,38.82184079287112
2005-09-08,41.1,30.6,0.0,39.75747832689779
2005-09-09,39.4,27.8,0.8,39.1205244854756
2005-09-10,37.2,23.3,0.0,37.60369765459558
2005-09-11,37.2,22.8,0.0,34.988657761597864
2005-09-12,36.7,22.8,0.0,33.303229336731626
2005-09-13,35.0,22.2,0.0,32.26337892222221
2005-09-14,33.9,22.2,0.0,31.046002029057814
2005-09-15,37.2,21.7,0.0,33.48650723760654
2005-09-16,37.2,22.2,0.0,32.925675348217084
2005-09-17,36.7,21.1,0.0,32.64028509457208
2005-09-18,37.8,21.1,0.0,32.819232584510004
2005-09-19,39.4,23.3,0.0,36.10281825844337
2005-09-20,40.6,27.2,0.0,37.759060876497806
2005-09-21,39.4,28.9,0.0,38.25773515555556
2005-09-22,40.6,27.8,0.0,37.365476079384464
2005-09-23,39.4,26.1,0.0,37.05286929405112
2005-09-24,37.8,24.4,0.0,36.00496849820448
2005-09-25,39.4,22.8,0.0,35.215786421315585
2005-09-26,39.4,25.6,0.0,36.54364644066448
2005-09-27,38.3,27.8,0.0,35.88723762042444
2005-09-28,37.2,26.7,0.0,34.98114772339558
2005-09-29,36.1,22.2,0.0,32.64028509457208
2005-09-30,37.2,22.8,0.0,33.303229336731626
2005-10-01,37.2,22.2,0.0,33.48650723760654
2005-10-02,38.3,22.2,0.0,35.654018935395584
2005-10-03,38.3,23.3,0.0,35.46085647363555
2005-10-04,35.6,25.6,0.0,35.10459696540446
2005-10-05,35.6,23.3,0.0,34.5413827922756
2005-10-06,37.2,21.7,0.0,33.72445795767115
2005-10-07,37.8,24.4,0.0,34.862134105235555
2005-10-08,37.2,25.0,0.0,34.02775623938448
2005-10-09,31.1,21.7,0.0,32.26337892222221
2005-10-10,28.9,18.3,0.0,28.036665419365292
2005-10-11,29.4,16.1,0.0,27.20186140000081
2005-10-12,31.1,16.1,0.0,28.23455198796191
2005-10-13,35.0,17.8,0.0,31.122699534472115
2005-10-14,33.9,21.7,0.0,31.167693901235605
2005-10-15,32.2,21.1,0.0,30.742375815751075
2005-10-16,31.1,22.2,0.0,28.772346040871142
2005-10-17,32.8,20.6,1.3,30.36155017420448
2005-10-18,25.0,17.2,3.0,25.061111111111114
2005-10-19,25.0,14.4,0.0,24.065555555555562
2005-10-20,28.9,15.6,0.0,27.141760369117826
2005-10-21,32.2,18.3,0.0,29.09490028538446
2005-10-22,31.1,17.2,0.0,28.862074399484484
2005-10-23,30.6,17.2,0.0,28.442480055555563
2005-10-24,32.2,18.3,0.0,30.067119210204446
2005-10-25,32.2,18.9,0.0,29.617298762904486
2005-10-26,28.3,17.2,0.0,27.068432814157852
2005-10-27,29.4,17.2,0.0,27.44181083817559
2005-10-28,27.8,17.2,0.0,27.412137668471157
2005-10-29,28.3,16.7,0.0,26.952184976551163
2005-10-30,28.9,16.1,0.0,26.660030820035605
2005-10-31,29.4,15.6,0.0,27.665250694595574
2005-11-01,32.2,15.6,0.0,28.992080294311172
2005-11-02,31.1,17.2,0.0,28.617893028813327
2005-11-03,26.7,17.8,0.0,28.411119738469868
2005-11-04,28.3,13.9,0.0,26.350000000000005
2005-11-05,27.8,12.8,0.0,26.297777777777785
2005-11-06,28.3,13.3,0.0,26.506733904017803
2005-11-07,30.0,13.9,0.0,27.668524419964463
2005-11-08,32.2,15.6,0.0,29.181586634539613
2005-11-09,31.1,17.2,0.0,28.73474248167113
2005-11-10,25.0,17.2,0.0,28.238435611111115
2005-11-11,24.4,15.0,0.0,23.59277777777777
2005-11-12,24.4,11.7,0.0,23.475277777777777
2005-11-13,26.7,12.2,0.0,25.70694444444445
2005-11-14,27.2,12.2,0.0,26.31083333333333
2005-11-15,26.7,12.8,0.0,26.297777777777785
2005-11-16,26.7,10.6,0.0,25.58944444444445
2005-11-17,26.1,12.2,0.0,25.58944444444445
2005-11-18,26.1,13.3,0.0,25.064444444444437
2005-11-19,25.6,9.4,0.0,25.012222222222217
2005-11-20,25.6,12.2,0.0,24.447500000000005
2005-11-21,26.7,10.6,0.0,26.206388888888895
2005-11-22,26.7,10.6,0.0,25.56333333333334
2005-11-23,22.8,12.2,0.0,24.434444444444445
2005-11-24,26.7,13.3,0.0,25.65472222222223
2005-11-25,24.4,10.6,0.0,24.59111111111112
2005-11-26,23.9,12.2,0.0,23.410000000000004
2005-11-27,15.6,7.8,0.0,21.256666666666668
2005-11-28,15.6,4.4,0.0,14.525277777777777
2005-11-29,18.3,4.4,0.0,16.205277777777777
2005-11-30,21.1,6.1,0.0,19.814444444444444
2005-12-01,22.8,7.8,0.0,21.59888888888888
2005-12-02,21.7,10.0,0.0,21.073888888888884
2005-12-03,22.2,11.1,0.0,21.073888888888884
2005-12-04,18.9,7.2,0.0,19.99722222222222
2005-12-05,17.8,4.4,0.0,16.835277777777783
2005-12-06,17.2,2.8,0.0,16.21833333333333
2005-12-07,17.8,3.3,0.0,16.861388888888897
2005-12-08,18.9,5.0,0.0,17.990277777777774
2005-12-09,22.2,9.4,0.0,20.91722222222223
2005-12-10,21.7,6.1,0.0,20.300277777777783
2005-12-11,19.4,7.8,0.0,19.171388888888888
2005-12-12,17.8,10.0,0.0,18.042499999999993
2005-12-13,18.3,6.1,0.0,16.92666666666667
2005-12-14,19.4,5.0,0.0,18.107777777777773
2005-12-15,16.1,6.7,0.0,16.978888888888893
2005-12-16,16.1,2.8,0.0,13.960555555555558
2005-12-17,15.6,1.7,0.0,13.960555555555558
2005-12-18,17.2,5.0,0.0,16.374999999999996
2005-12-19,21.1,6.1,0.0,19.945
2005-12-20,21.7,6.1,0.0,21.100000000000005
2005-12-21,24.4,7.8,0.0,23.383888888888887
2005-12-22,25.0,9.4,0.0,23.85666666666667
2005-12-23,23.9,9.4,0.0,23.33166666666666
2005-12-24,25.6,8.3,0.0,24.499722222222225
2005-12-25,24.4,8.3,0.0,25.11666666666666
2005-12-26,24.4,8.9,0.0,23.357777777777773
2005-12-27,22.2,8.9,0.0,22.22888888888889
2005-12-28,22.2,8.9,0.0,21.100000000000005
2005-12-29,20.6,8.3,0.0,20.483055555555566
2005-12-30,19.4,7.8,0.0,19.380277777777778
2005-12-31,20.0,8.3,0.0,18.724166666666672
2006-01-01,21.1,8.9,0.0,19.458611111111107
2006-01-02,26.1,10.6,0.0,25.693888888888896
2006-01-03,21.1,11.1,0.0,23.935
2006-01-04,22.2,6.7,0.0,20.417777777777783
2006-01-05,26.7,7.8,0.0,25.53722222222223
2006-01-06,27.2,14.4,0.0,26.16722222222222
2006-01-07,25.0,10.6,0.0,26.16722222222222
2006-01-08,22.8,7.8,0.0,23.25333333333333
2006-01-09,21.7,6.7,0.0,20.96944444444445
2006-01-10,23.3,6.1,0.0,22.05916666666667
2006-01-11,22.2,6.1,0.0,22.05916666666667
2006-01-12,21.7,6.1,0.0,20.91722222222223
2006-01-13,25.6,6.1,0.0,24.39527777777778
2006-01-14,22.8,9.4,0.0,24.39527777777778
2006-01-15,18.3,9.4,0.0,21.50749999999999
2006-01-16,15.6,5.6,0.0,14.760277777777778
2006-01-17,16.7,2.8,0.0,14.564444444444442
2006-01-18,18.3,5.0,0.0,16.848333333333336
2006-01-19,17.8,8.3,0.0,17.37333333333333
2006-01-20,16.7,3.3,0.0,15.141666666666671
2006-01-21,19.4,2.2,0.0,18.00333333333333
2006-01-22,20.0,2.8,0.0,18.016388888888883
2006-01-23,22.8,6.1,0.0,22.098333333333343
2006-01-24,25.6,14.4,0.0,25.038333333333327
2006-01-25,21.1,8.9,0.0,24.408333333333335
2006-01-26,18.3,5.6,0.0,17.425555555555555
2006-01-27,18.9,6.1,0.0,18.107777777777773
2006-01-28,18.9,5.0,0.0,17.477777777777774
2006-01-29,18.9,5.6,0.0,17.49083333333333
2006-01-30,23.9,6.7,0.0,22.701666666666668
2006-01-31,21.1,7.8,0.0,22.701666666666668
2006-02-01,21.7,7.8,0.0,20.470000000000002
2006-02-02,23.9,8.3,0.0,21.546666666666663
2006-02-03,25.0,10.0,0.0,23.869722222222226
2006-02-04,26.7,8.9,0.0,25.05138888888889
2006-02-05,23.3,12.2,0.0,25.038333333333327
2006-02-06,24.4,8.3,0.0,23.18805555555555
2006-02-07,27.2,13.3,0.0,26.115000000000002
2006-02-08,29.4,11.7,0.0,26.6379151362026
2006-02-09,26.1,13.3,0.0,26.64
2006-02-10,23.9,9.4,0.0,23.383888888888887
2006-02-11,23.9,8.9,0.0,22.71472222222222
2006-02-12,25.6,8.3,0.0,24.330000000000005
2006-02-13,25.0,8.9,0.0,24.34305555555555
2006-02-14,24.4,10.6,0.0,24.356111111111115
2006-02-15,25.6,10.0,0.0,25.038333333333327
2006-02-16,20.0,10.0,0.0,24.42138888888889
2006-02-17,17.8,11.1,0.0,17.46472222222222
2006-02-18,18.3,5.6,0.0,17.477777777777774
2006-02-19,18.9,6.7,0.0,17.031111111111116
2006-02-20,18.3,6.7,0.0,17.005000000000006
2006-02-21,17.8,6.1,0.0,17.031111111111116
2006-02-22,21.1,6.1,0.0,19.80138888888888
2006-02-23,23.9,6.1,0.0,21.45527777777777
2006-02-24,25.0,7.8,0.0,23.76527777777778
2006-02-25,25.6,8.3,0.0,24.36916666666666
2006-02-26,28.9,11.7,0.0,26.25259387528676
2006-02-27,26.7,10.6,0.0,26.329681214556462
2006-02-28,27.2,15.0,0.0,26.415277777777785
2006-03-01,23.9,16.1,0.0,25.28638888888889
2006-03-02,26.1,10.6,0.0,25.11666666666666
2006-03-03,26.7,10.6,0.0,26.206388888888895
2006-03-04,22.2,10.6,0.0,24.408333333333335
2006-03-05,26.7,9.4,0.0,25.524166666666666
2006-03-06,25.0,10.6,0.0,24.34305555555555
2006-03-07,25.6,11.7,0.0,24.56500000000001
2006-03-08,20.0,10.6,0.0,23.96111111111111
2006-03-09,20.6,8.3,0.0,19.288888888888888
2006-03-10,18.9,11.7,0.0,18.658888888888896
2006-03-11,11.7,5.6,35.6,15.285277777777784
2006-03-12,13.9,5.6,1.0,12.384444444444442
2006-03-13,16.7,6.1,0.0,15.23305555555556
2006-03-14,22.8,7.2,0.0,21.047777777777775
2006-03-15,22.8,11.1,0.0,21.572777777777773
2006-03-16,23.9,10.0,0.0,23.30555555555555
2006-03-17,26.1,12.2,0.0,25.11666666666666
2006-03-18,20.0,12.8,0.0,24.408333333333335
2006-03-19,13.9,7.8,2.8,17.53
2006-03-20,17.2,8.3,0.0,16.07194444444444
2006-03-21,18.3,8.9,0.3,17.174722222222226
2006-03-22,20.0,6.1,0.0,17.53
2006-03-23,26.1,8.9,0.0,25.064444444444437
2006-03-24,27.2,13.9,0.0,26.206388888888895
2006-03-25,30.6,13.3,0.0,27.411282049132108
2006-03-26,28.3,15.0,0.0,27.411282049132108
2006-03-27,26.1,18.3,0.0,26.28472222222222
2006-03-28,25.6,19.4,0.0,25.74611111111112
2006-03-29,25.6,16.1,0.0,25.28638888888889
2006-03-30,22.8,13.9,0.0,22.398611111111116
2006-03-31,24.4,13.9,0.0,23.948055555555563
2006-04-01,24.4,16.1,0.0,23.921944444444446
2006-04-02,27.8,13.3,0.0,25.982182158452005
2006-04-03,31.1,17.2,0.0,27.947113327619444
2006-04-04,29.4,20.0,0.0,27.947113327619444
2006-04-05,23.9,13.9,0.0,26.889711213057822
2006-04-06,21.7,10.6,0.0,21.55972222222222
2006-04-07,26.7,12.2,0.0,25.60250000000001
2006-04-08,31.7,13.9,0.0,27.780700177461124
2006-04-09,31.1,15.0,0.0,28.617893028813327
2006-04-10,26.1,18.3,0.0,27.86179158031804
2006-04-11,27.8,14.4,0.0,26.115865879395557
2006-04-12,33.9,16.7,0.0,29.84764431919676
2006-04-13,35.6,17.8,0.0,31.46469992222223
2006-04-14,33.9,20.6,0.0,30.992269215378357
2006-04-15,26.1,16.1,0.0,30.068349315190954
2006-04-16,30.0,15.6,0.0,26.889711213057822
2006-04-17,28.9,16.1,0.0,27.668524419964463
2006-04-18,28.3,14.4,0.0,26.25259387528676
2006-04-19,30.6,15.6,0.0,27.04228390602461
2006-04-20,31.7,15.6,0.0,28.90624533892365
2006-04-21,33.9,17.2,0.0,29.655072133940376
2006-04-22,34.4,18.3,0.0,30.03412737851
2006-04-23,25.6,16.1,0.0,29.28729902973239
2006-04-24,26.7,14.4,0.0,25.61555555555556
2006-04-25,30.6,15.6,0.0,27.411282049132108
2006-04-26,33.3,16.7,0.0,29.655072133940376
2006-04-27,25.0,15.6,0.0,29.655072133940376
2006-04-28,24.4,13.3,0.0,22.88444444444444
2006-04-29,31.1,15.6,0.0,28.210317755555543
2006-04-30,35.6,18.9,0.0,31.556654206572073
2006-05-01,37.2,20.6,0.0,32.75218689396645
2006-05-02,35.6,20.6,0.0,32.5888907997203
2006-05-03,35.0,20.6,0.0,31.606122433333358
2006-05-04,33.9,18.3,0.0,30.71921831372028
2006-05-05,30.6,18.3,0.0,29.954480215851657
2006-05-06,32.8,19.4,0.0,29.510437218515595
2006-05-07,34.4,19.4,0.0,30.845608461966467
2006-05-08,35.0,20.6,0.0,31.556654206572073
2006-05-09,34.4,20.6,0.0,31.273400458731633
2006-05-10,37.2,21.1,0.0,33.13136993408938
2006-05-11,37.8,22.8,0.0,33.58698929119677
2006-05-12,37.8,21.7,0.0,33.78933823319743
2006-05-13,38.3,22.8,0.0,34.41081126292361
2006-05-14,40.6,23.3,0.0,35.754293935556916
2006-05-15,38.3,23.3,0.0,34.95784063574885
2006-05-16,40.0,24.4,0.0,35.484361514705796
2006-05-17,40.0,25.6,0.0,36.6259797458305
2006-05-18,40.0,25.0,0.0,36.977370727619444
2006-05-19,40.6,25.6,0.0,35.86086571596193
2006-05-20,40.6,25.6,0.0,35.63221867681462
2006-05-21,40.6,25.6,0.0,37.0400735407865
2006-05-22,28.9,22.8,0.0,36.20235041904861
2006-05-23,33.3,18.9,0.0,29.28525801938051
2006-05-24,38.9,21.7,0.0,34.60109775231118
2006-05-25,39.4,23.3,0.0,34.41081126292361
2006-05-26,39.4,24.4,0.0,34.767096599223294
2006-05-27,35.6,22.2,0.0,33.259325929940374
2006-05-28,31.1,21.1,0.0,31.51302410233781
2006-05-29,33.3,18.3,0.0,30.03412737851
2006-05-30,36.1,20.0,0.0,31.09537225555556
2006-05-31,38.9,21.1,0.0,33.4876118041808
2006-06-01,42.2,22.8,0.0,36.821633346642415
2006-06-02,43.3,26.7,0.0,39.63218143677827
2006-06-03,44.4,28.3,0.0,39.13692265187258
2006-06-04,44.4,28.3,0.0,39.427659435660495
2006-06-05,42.2,28.9,0.0,39.427659435660495
2006-06-06,40.6,30.0,0.0,38.65995340797939
2006-06-07,41.1,27.8,0.0,38.47367189196448
2006-06-08,41.1,27.2,0.0,37.91065365003668
2006-06-09,40.6,27.2,0.0,36.907408726595605
2006-06-10,40.0,25.6,0.0,36.20235041904861
2006-06-11,41.7,24.4,0.0,35.68363214820629
2006-06-12,41.7,23.3,0.0,36.397779574666174
2006-06-13,43.9,26.1,0.0,38.63813042840092
2006-06-14,41.1,28.9,0.0,38.63813042840092
2006-06-15,38.3,24.4,0.0,35.36113642984302
2006-06-16,38.9,25.0,0.0,34.60109775231118
2006-06-17,41.1,25.0,0.0,36.20235041904861
2006-06-18,42.8,26.7,0.0,38.33903292964404
2006-06-19,42.8,28.9,0.0,38.78380501381933
2006-06-20,42.2,28.3,0.0,38.65995340797939
2006-06-21,41.7,27.8,0.0,38.45818517800082
2006-06-22,42.2,28.3,0.0,38.14720303506085
2006-06-23,43.3,30.0,0.0,39.49567518331253
2006-06-24,42.2,30.6,0.0,39.28470468196802
2006-06-25,45.0,31.7,0.0,40.85240671068243
2006-06-26,41.7,30.0,0.0,39.48119219451558
2006-06-27,41.7,28.9,0.0,39.005072790915584
2006-06-28,41.1,28.9,0.0,38.0049626274845
2006-06-29,41.1,30.0,0.0,39.07631835555556
2006-06-30,42.2,30.6,0.0,40.08962503081779
2006-07-01,43.3,30.6,0.0,41.1253979113245
2006-07-02,39.4,32.2,0.0,40.72266417601779
2006-07-03,41.1,31.7,0.0,39.90904047987556
2006-07-04,41.1,31.7,0.0,39.90904047987556
2006-07-05,35.6,24.4,1.0,40.61860752507562
2006-07-06,40.0,27.2,0.0,38.980735417597806
2006-07-07,37.2,29.4,0.0,37.87912317681782
2006-07-08,40.6,28.3,0.0,38.53635258567115
2006-07-09,43.3,30.6,0.0,40.08962503081779
2006-07-10,42.2,31.1,0.0,41.1253979113245
2006-07-11,43.9,31.1,0.0,40.08962503081779
2006-07-12,43.3,32.8,0.0,41.495552028017855
2006-07-13,45.0,33.9,0.0,43.16308674396446
2006-07-14,45.6,33.3,0.0,43.16308674396446
2006-07-15,45.0,34.4,0.0,43.16308674396446
2006-07-16,42.8,30.6,0.0,41.44492824545783
2006-07-17,41.1,29.4,0.0,40.41663589969555
2006-07-18,45.0,33.3,0.0,42.997006461057836
2006-07-19,44.4,32.8,0.0,42.95002891033779
2006-07-20,42.8,33.3,0.0,41.11624653890447
2006-07-21,47.8,31.7,0.0,43.97272744812449
2006-07-22,46.7,35.0,0.0,42.76914649491562
2006-07-23,45.6,32.8,0.0,41.85636884972194
2006-07-24,45.6,32.2,0.0,43.62720431473778
2006-07-25,42.2,25.0,26.4,43.95091944444445
2006-07-26,36.7,25.0,2.3,42.64548357975115
2006-07-27,35.0,25.0,0.5,40.072912089197835
2006-07-28,36.1,27.8,0.0,37.83491347777776
2006-07-29,36.1,27.8,0.0,36.92080481111116
2006-07-30,34.4,24.4,2.5,37.11799434521783
2006-07-31,36.7,28.3,0.0,37.11799434521783
2006-08-01,37.8,27.8,0.0,38.145823156737805
2006-08-02,38.9,29.4,0.0,36.722963918595546
2006-08-03,39.4,29.4,0.0,38.980735417597806
2006-08-04,36.1,27.8,0.0,37.233352309724495
2006-08-05,39.4,27.2,0.0,36.72997810633781
2006-08-06,41.7,28.3,0.0,38.45818517800082
2006-08-07,42.2,31.7,0.0,43.13120839540448
2006-08-08,41.7,30.6,0.0,42.9721400913156
2006-08-09,38.9,27.8,0.0,42.69782342313561
2006-08-10,40.6,30.0,0.0,40.31258489649559
2006-08-11,40.0,22.8,13.7,40.715118577777744
2006-08-12,36.7,23.3,13.5,38.77595320759115
2006-08-13,38.9,28.3,0.0,38.65812506511781
2006-08-14,39.4,28.3,0.0,38.465250953315596
2006-08-15,36.1,28.3,0.0,38.36005298539553
2006-08-16,38.3,28.9,0.0,38.16630760972448
2006-08-17,38.9,28.3,0.0,37.547724858995565
2006-08-18,40.6,29.4,0.0,38.01232357777779
2006-08-19,42.2,28.3,0.0,38.45818517800082
2006-08-20,40.6,29.4,0.0,39.37662891111112
2006-08-21,42.2,27.2,0.3,40.974158812771144
2006-08-22,36.1,25.6,4.3,41.11624653890447
2006-08-23,40.0,28.9,0.0,40.09574847571557
2006-08-24,33.9,24.4,0.3,40.09574847571557
2006-08-25,37.2,26.1,0.0,37.11799434521783
2006-08-26,39.4,27.2,0.0,38.08301543655112
2006-08-27,40.6,27.2,0.0,38.0049626274845
2006-08-28,42.2,25.6,0.0,37.53998692304316
2006-08-29,41.1,27.2,0.0,38.25773515555556
2006-08-30,40.6,28.9,0.0,39.43240366348451
2006-08-31,40.6,28.9,0.0,39.690664211111134
2006-09-01,41.7,29.4,0.0,40.41663589969555
2006-09-02,40.0,23.9,11.4,39.96049678276451
2006-09-03,35.0,23.3,0.0,38.65812506511781
2006-09-04,36.1,26.1,0.0,35.32744342903122
2006-09-05,37.2,27.8,0.0,36.316484243971146
2006-09-06,37.2,26.7,0.0,36.089105944444455
2006-09-07,32.8,23.9,0.0,35.60670538276444
2006-09-08,33.9,22.8,0.3,33.28552644711112
2006-09-09,31.1,21.7,8.1,33.152375537971174
2006-09-10,35.6,23.9,0.0,33.04518861111118
2006-09-11,38.3,25.6,0.0,35.46085647363555
2006-09-12,37.2,27.2,0.0,35.18448127531562
2006-09-13,36.1,26.1,0.0,34.171272883484534
2006-09-14,37.8,25.6,0.0,35.46085647363555
2006-09-15,34.4,24.4,0.0,35.02680839805114
2006-09-16,32.2,21.7,0.0,32.051154196175595
2006-09-17,33.3,20.6,0.0,30.534336607395534
2006-09-18,34.4,22.2,0.0,31.273400458731633
2006-09-19,36.7,22.2,0.0,33.303229336731626
2006-09-20,34.4,24.4,0.0,33.022220326595615
2006-09-21,32.8,19.4,0.0,31.167693901235605
2006-09-22,32.8,20.6,0.0,30.742375815751075
2006-09-23,31.7,20.6,0.0,29.80980657513561
2006-09-24,34.4,20.6,0.0,31.98958014673779
2006-09-25,37.2,23.9,0.0,34.70820980090449
2006-09-26,38.9,25.0,0.0,36.61958467255111
2006-09-27,38.3,24.4,0.0,36.00496849820448
2006-09-28,38.9,22.8,0.0,34.53389801944396
2006-09-29,37.2,22.2,0.0,33.41755224122638
2006-09-30,38.3,22.2,0.0,34.13810030495181
2006-10-01,38.3,22.8,0.0,34.60233562131555
2006-10-02,37.8,23.9,0.0,34.02775623938448
2006-10-03,37.2,24.4,0.0,34.565035485057805
2006-10-04,37.8,23.3,0.0,34.43261115769557
2006-10-05,37.8,26.1,0.5,36.041461872035576
2006-10-06,36.1,22.8,1.8,33.0933687999645
2006-10-07,30.6,19.4,0.0,28.814790013475562
2006-10-08,32.2,18.3,0.5,30.165565455751107
2006-10-09,29.4,18.9,0.0,28.495979977777786
2006-10-10,30.6,17.8,0.0,27.717770495484462
2006-10-11,32.2,18.9,0.0,29.046076926015594
2006-10-12,33.3,17.8,0.0,30.45215582931558
2006-10-13,33.9,21.1,0.8,30.996438931695575
2006-10-14,26.7,17.8,2.0,30.027559157457826
2006-10-15,25.6,16.7,0.0,24.643333333333334
2006-10-16,28.3,15.0,0.0,26.660030820035605
2006-10-17,26.7,17.8,0.0,26.376111111111115
2006-10-18,26.1,15.6,0.0,25.129722222222217
2006-10-19,26.7,14.4,0.0,26.206388888888895
2006-10-20,29.4,13.9,0.0,27.20186140000081
2006-10-21,30.6,15.0,0.0,28.133183644444404
2006-10-22,31.1,16.1,0.0,28.617893028813327
2006-10-23,31.7,17.2,0.0,29.09490028538446
2006-10-24,27.8,21.7,0.0,28.238435611111115
2006-10-25,28.3,18.9,0.0,27.369093992871175
2006-10-26,25.6,15.6,0.0,26.95966309799115
2006-10-27,27.8,13.3,0.0,26.21944444444445
2006-10-28,31.7,15.0,0.0,28.708634567352206
2006-10-29,26.7,16.7,0.0,28.32041565651366
2006-10-30,27.8,13.3,0.0,26.36305555555556
2006-10-31,28.3,14.4,0.0,26.31083333333333
2006-11-01,27.8,13.3,0.0,26.24555555555556
2006-11-02,28.9,13.3,0.0,26.761397287925245
2006-11-03,30.0,13.3,0.0,27.668524419964463
2006-11-04,29.4,14.4,0.0,27.2862978789956
2006-11-05,29.4,13.9,0.0,27.20186140000081
2006-11-06,30.6,14.4,0.0,28.036665419365292
2006-11-07,32.2,16.1,0.0,29.535345406817815
2006-11-08,31.1,16.1,0.0,29.029682542337824
2006-11-09,29.4,15.6,0.0,28.619330886737796
2006-11-10,28.9,14.4,0.0,26.761397287925245
2006-11-11,26.7,13.9,0.0,26.271666666666665
2006-11-12,25.0,15.6,0.0,24.486666666666665
2006-11-13,23.9,12.2,0.0,23.869722222222226
2006-11-14,24.4,11.7,0.0,23.88277777777778
2006-11-15,26.7,11.1,0.0,26.12805555555556
2006-11-16,27.8,11.1,0.0,26.154166666666665
2006-11-17,27.8,11.7,0.0,26.154166666666665
2006-11-18,28.3,11.7,0.0,26.19333333333333
2006-11-19,31.1,12.2,0.0,28.617893028813327
2006-11-20,31.7,12.8,0.0,28.80472096989557
2006-11-21,30.6,16.1,0.0,28.140149777777783
2006-11-22,28.3,14.4,0.0,27.675413262737784
2006-11-23,26.1,12.8,0.0,26.16162130220444
2006-11-24,25.0,12.2,0.0,23.90888888888889
2006-11-25,23.9,10.6,0.0,22.845277777777778
2006-11-26,22.2,11.1,0.0,21.703333333333326
2006-11-27,20.6,10.0,0.0,20.010277777777773
2006-11-28,18.3,11.7,0.0,18.303611111111113
2006-11-29,14.4,7.2,0.0,16.58388888888889
2006-11-30,12.8,2.2,0.0,10.95527777777778
2006-12-01,18.3,3.3,0.0,17.360277777777778
2006-12-02,20.0,4.4,0.0,18.567500000000006
2006-12-03,20.0,4.4,0.0,18.476111111111113
2006-12-04,21.7,10.6,0.0,20.904166666666665
2006-12-05,23.3,6.7,0.0,22.610277777777775
2006-12-06,23.3,6.1,0.0,22.098333333333343
2006-12-07,26.1,7.8,0.0,25.02527777777778
2006-12-08,22.8,11.1,0.0,23.76527777777778
2006-12-09,23.3,10.6,0.0,22.281111111111116
2006-12-10,20.6,7.8,0.0,21.67722222222221
2006-12-11,18.9,6.7,0.0,18.159999999999993
2006-12-12,19.4,5.6,0.0,18.12083333333333
2006-12-13,20.0,5.0,0.0,19.24972222222222
2006-12-14,21.7,7.8,0.0,21.047777777777775
2006-12-15,22.8,8.9,0.0,21.59888888888888
2006-12-16,22.8,9.4,0.0,21.59888888888888
2006-12-17,16.1,10.6,0.0,20.470000000000002
2006-12-18,15.6,9.4,0.0,14.104166666666668
2006-12-19,13.3,5.0,0.0,12.936111111111112
2006-12-20,12.2,2.2,0.0,11.229444444444445
2006-12-21,13.3,2.2,0.0,11.846388888888887
2006-12-22,10.0,4.4,6.6,11.846388888888887
2006-12-23,13.9,1.7,0.0,12.68472222222222
2006-12-24,17.2,3.9,0.0,15.967500000000001
2006-12-25,20.0,3.3,0.0,18.554444444444442
2006-12-26,21.1,5.6,0.0,20.339444444444453
2006-12-27,17.2,8.9,0.0,19.814444444444444
2006-12-28,11.7,7.8,0.8,15.324444444444445
2006-12-29,13.3,6.7,1.3,12.68472222222222
2006-12-30,15.0,4.4,0.0,13.722222222222223
2006-12-31,16.7,4.4,0.0,15.350555555555555
2007-01-01,17.2,5.6,0.0,15.95444444444444
2007-01-02,22.8,5.6,0.0,21.611944444444436
2007-01-03,20.6,7.2,0.0,20.483055555555566
2007-01-04,21.1,6.7,0.0,19.945
2007-01-05,17.2,7.8,0.0,19.314999999999998
2007-01-06,16.7,5.0,0.0,15.063333333333336
2007-01-07,19.4,3.9,0.0,18.042499999999993
2007-01-08,23.9,6.1,0.0,22.623333333333328
2007-01-09,25.6,11.1,0.0,25.05138888888889
2007-01-10,21.1,10.6,0.0,24.42138888888889
2007-01-11,23.9,9.4,0.0,22.727777777777774
2007-01-12,14.4,8.3,0.0,21.59888888888888
2007-01-13,9.4,1.7,0.0,10.874166666666667
2007-01-14,7.8,-1.7,0.0,7.568611111111115
2007-01-15,13.3,-1.7,0.0,11.61138888888889
2007-01-16,15.0,1.1,0.0,13.330555555555557
2007-01-17,16.7,3.3,0.0,15.220000000000002
2007-01-18,21.1,5.0,0.0,20.443888888888893
2007-01-19,11.1,6.7,6.4,19.30194444444444
2007-01-20,11.1,5.6,0.0,10.426944444444441
2007-01-21,9.4,3.3,5.3,10.426944444444441
2007-01-22,13.9,3.3,0.0,12.488888888888887
2007-01-23,16.7,2.2,0.0,15.823888888888888
2007-01-24,20.0,4.4,0.0,18.159999999999993
2007-01-25,22.2,5.6,0.0,20.417777777777783
2007-01-26,18.3,6.7,0.0,19.89277777777777
2007-01-27,20.0,7.2,0.0,19.341111111111108
2007-01-28,21.7,7.8,0.0,20.456944444444446
2007-01-29,23.3,8.3,0.0,21.585833333333326
2007-01-30,15.6,11.1,0.8,21.06083333333334
2007-01-31,13.9,8.9,0.0,12.932777777777776
2007-02-01,16.1,7.2,0.0,14.378333333333334
2007-02-02,16.7,6.1,0.0,15.376666666666669
2007-02-03,18.9,5.6,0.0,17.477777777777774
2007-02-04,23.3,6.7,0.0,21.5336111111111
2007-02-05,27.8,8.9,0.0,26.24555555555556
2007-02-06,28.3,11.7,0.0,26.25861111111111
2007-02-07,26.7,11.1,0.0,26.2325
2007-02-08,26.1,10.0,0.0,25.56333333333334
2007-02-09,26.1,11.7,0.0,25.62861111111112
2007-02-10,25.6,12.2,0.0,25.103611111111107
2007-02-11,23.3,13.3,0.5,23.921944444444446
2007-02-12,22.2,10.0,0.0,21.165277777777774
2007-02-13,19.4,11.1,0.5,20.574444444444445
2007-02-14,17.8,10.0,1.3,17.083333333333336
2007-02-15,19.4,7.2,0.0,17.031111111111116
2007-02-16,22.8,7.2,0.0,21.585833333333326
2007-02-17,27.8,9.4,0.0,26.180277777777786
2007-02-18,25.0,15.6,0.0,26.180530943979377
2007-02-19,17.8,8.9,7.9,23.30555555555555
2007-02-20,17.8,8.9,0.0,15.585555555555556
2007-02-21,21.1,7.8,0.0,19.971111111111107
2007-02-22,25.0,9.4,0.0,23.88277777777778
2007-02-23,17.8,8.9,0.0,24.499722222222225
2007-02-24,17.2,5.6,0.0,15.745555555555553
2007-02-25,19.4,5.6,0.0,18.029444444444447
2007-02-26,22.2,7.8,0.0,21.113055555555558
2007-02-27,23.3,8.9,0.0,22.71472222222222
2007-02-28,16.7,8.9,0.0,21.047777777777775
2007-03-01,17.8,4.4,0.0,15.7325
2007-03-02,18.9,5.0,0.0,17.38638888888889
2007-03-03,19.4,8.9,0.0,17.38638888888889
2007-03-04,23.3,10.0,0.0,21.403055555555554
2007-03-05,24.4,10.6,0.0,23.214166666666657
2007-03-06,26.7,10.6,0.0,26.154166666666665
2007-03-07,30.6,13.3,0.0,27.86179158031804
2007-03-08,30.6,17.8,0.0,27.86179158031804
2007-03-09,30.6,14.4,0.0,27.57697936203664
2007-03-10,30.0,14.4,0.0,27.411282049132108
2007-03-11,30.6,13.3,0.0,28.15352873281462
2007-03-12,31.7,15.0,0.0,28.617893028813327
2007-03-13,32.8,15.6,0.0,29.37893397695182
2007-03-14,32.8,15.0,0.0,29.37893397695182
2007-03-15,33.3,16.1,0.0,30.03412737851
2007-03-16,37.2,17.2,0.0,32.679288892446976
2007-03-17,37.2,18.9,0.0,33.13136993408938
2007-03-18,34.4,18.3,0.0,32.435787065478564
2007-03-19,31.7,16.7,0.0,29.56933584533885
2007-03-20,31.1,15.6,0.0,28.15352873281462
2007-03-21,28.9,18.3,0.0,27.57697936203664
2007-03-22,23.9,12.2,20.3,25.62861111111112
2007-03-23,20.0,12.2,0.8,19.102777777777778
2007-03-24,22.2,13.3,0.0,21.308888888888887
2007-03-25,27.8,13.3,0.0,26.186471745635558
2007-03-26,28.9,15.0,0.0,26.951463358051168
2007-03-27,25.6,12.2,0.0,26.660030820035605
2007-03-28,18.9,9.4,0.0,22.727777777777774
2007-03-29,21.7,9.4,0.0,20.378611111111113
2007-03-30,23.9,11.1,0.0,22.701666666666668
2007-03-31,27.8,12.2,0.0,26.48047843731561
2007-04-01,31.7,15.0,0.0,28.532496354278855
2007-04-02,32.2,15.6,0.0,29.181586634539613
2007-04-03,33.3,16.7,0.0,29.74784162522636
2007-04-04,33.3,18.3,0.0,29.84764431919676
2007-04-05,33.9,18.3,0.0,30.03412737851
2007-04-06,34.4,18.3,0.0,30.134240789057458
2007-04-07,32.2,17.2,0.0,29.202106129197418
2007-04-08,30.6,18.9,0.0,29.018633022664442
2007-04-09,28.9,17.8,0.0,28.18643024444445
2007-04-10,29.4,17.8,0.0,27.412137668471157
2007-04-11,30.6,17.8,0.0,28.130447855555552
2007-04-12,26.1,12.2,1.8,27.947113327619444
2007-04-13,25.6,9.4,2.0,23.44916666666666
2007-04-14,29.4,14.4,0.0,26.683260097819318
2007-04-15,25.6,15.0,0.0,26.967142891043157
2007-04-16,21.7,13.3,0.3,22.12444444444445
2007-04-17,27.2,12.2,0.0,26.323888888888895
2007-04-18,30.6,15.6,0.0,28.077345891071754
2007-04-19,26.7,12.8,0.0,27.260045205845373
2007-04-20,25.6,12.8,0.0,25.51111111111112
2007-04-21,20.6,10.6,1.3,22.675555555555558
2007-04-22,27.2,12.8,0.0,25.65472222222223
2007-04-23,24.4,17.2,0.0,26.24555555555556
2007-04-24,30.0,13.9,0.0,27.299166898337837
2007-04-25,32.2,16.7,0.0,28.90615223644336
2007-04-26,33.3,18.3,0.0,30.189251617214715
2007-04-27,36.1,20.0,0.0,32.29724478016635
2007-04-28,38.3,22.2,0.0,35.01830607253958
2007-04-29,35.0,21.7,0.0,31.695029733384484
2007-04-30,36.7,23.3,0.0,32.82639084588163
2007-05-01,32.2,23.9,0.0,32.26337892222221
2007-05-02,34.4,21.1,0.0,30.954397726817806
2007-05-03,31.7,22.8,0.0,31.122699534472115
2007-05-04,30.0,19.4,0.0,28.23455198796191
2007-05-05,27.2,17.2,0.0,26.49263152332448
2007-05-06,28.3,15.0,0.0,26.206388888888895
2007-05-07,33.3,17.2,0.0,29.74784162522636
2007-05-08,35.6,20.6,0.0,31.402681356666946
2007-05-09,36.7,21.1,0.0,32.435787065478564
2007-05-10,39.4,21.7,0.0,34.58910305870217
2007-05-11,41.1,22.2,0.0,35.21451105473334
2007-05-12,41.1,24.4,0.0,35.97145980508053
2007-05-13,38.9,23.3,0.0,34.767096599223294
2007-05-14,38.9,23.3,0.0,34.23273655402051
2007-05-15,38.3,23.3,0.0,34.13810030495181
2007-05-16,37.2,24.4,0.0,35.129839901457785
2007-05-17,38.3,25.0,0.0,35.654018935395584
2007-05-18,38.3,25.0,0.0,34.97673137667397
2007-05-19,38.3,24.4,0.0,34.74943524271672
2007-05-20,38.9,26.1,0.0,33.88464449506145
2007-05-21,35.6,23.3,0.0,32.96992626505744
2007-05-22,33.9,21.7,0.0,31.273400458731633
2007-05-23,31.7,21.1,0.0,30.113121309635556
2007-05-24,36.7,23.9,0.0,32.29724478016635
2007-05-25,37.8,23.9,0.0,33.95949560719096
2007-05-26,37.2,23.3,0.0,33.48650723760654
2007-05-27,37.8,23.3,0.0,34.13810030495181
2007-05-28,37.8,22.2,0.0,33.58698929119677
2007-05-29,37.2,22.2,0.0,33.13136993408938
2007-05-30,37.8,22.8,0.0,32.679288892446976
2007-05-31,38.3,22.8,0.0,33.259325929940374
2007-06-01,40.0,23.9,0.0,35.21451105473334
2007-06-02,38.9,25.0,0.0,34.767096599223294
2007-06-03,39.4,25.0,0.0,35.16133516827887
2007-06-04,42.2,25.6,0.0,37.85169649640826
2007-06-05,42.2,26.7,0.0,37.30627232055643
2007-06-06,32.8,25.0,0.0,35.97145980508053
2007-06-07,32.2,21.7,0.0,28.90624533892365
2007-06-08,36.7,21.1,0.0,32.75218689396645
2007-06-09,38.9,23.9,0.0,34.13810030495181
2007-06-10,39.4,24.4,0.0,34.13810030495181
2007-06-11,35.6,26.1,0.0,34.13810030495181
2007-06-12,36.7,22.8,0.0,33.50729487099558
2007-06-13,41.1,25.0,0.0,36.44696577746111
2007-06-14,43.3,26.7,0.0,38.953354345842264
2007-06-15,43.3,28.3,0.0,38.33903292964404
2007-06-16,42.8,27.8,0.0,37.789217188183585
2007-06-17,42.2,26.7,0.0,36.303289618202605
2007-06-18,42.2,26.1,0.0,37.30627232055643
2007-06-19,41.7,27.2,0.0,37.05635468335721
2007-06-20,43.3,28.9,0.0,39.13692265187258
2007-06-21,43.9,28.3,0.0,38.056061849571584
2007-06-22,43.9,27.2,0.0,37.77177761416387
2007-06-23,42.8,29.4,0.0,38.14720303506085
2007-06-24,42.8,27.8,0.0,38.34827357935641
2007-06-25,42.8,27.8,0.0,37.30627232055643
2007-06-26,44.4,28.9,0.0,39.427659435660495
2007-06-27,43.3,30.0,0.0,39.28470468196802
2007-06-28,43.9,29.4,0.0,39.63218143677827
2007-06-29,43.3,28.9,0.0,38.953354345842264
2007-06-30,43.9,28.9,0.0,38.33903292964404
2007-07-01,45.0,28.3,0.0,39.91596255555558
2007-07-02,44.4,29.4,0.0,39.11407061691611
2007-07-03,45.0,29.4,0.0,40.011593582115694
2007-07-04,46.7,28.3,0.0,40.34782045347559
2007-07-05,46.1,31.1,0.0,41.3147295777778
2007-07-06,45.0,33.9,0.0,41.85636884972194
2007-07-07,44.4,32.8,0.0,42.099878766995566
2007-07-08,41.7,31.7,0.0,41.370486018515564
2007-07-09,41.1,31.1,0.0,40.2777378933845
2007-07-10,39.4,31.7,0.0,39.593469071484456
2007-07-11,42.2,31.7,0.0,40.2777378933845
2007-07-12,43.9,32.8,0.0,40.758843069057804
2007-07-13,41.7,31.1,0.0,40.375514202452045
2007-07-14,41.7,32.2,0.0,40.61860752507562
2007-07-15,43.3,33.3,0.0,41.075985595395565
2007-07-16,45.6,28.9,0.5,42.716417542595565
2007-07-17,44.4,31.7,0.0,42.95002891033779
2007-07-18,45.0,33.3,0.0,42.55211861111117
2007-07-19,42.8,26.7,0.0,41.881832563395605
2007-07-20,39.4,25.6,0.0,41.82949212620453
2007-07-21,38.9,26.1,0.8,38.465250953315596
2007-07-22,38.3,26.1,0.0,38.96840892532447
2007-07-23,40.0,29.4,0.0,41.46671187777782
2007-07-24,35.0,27.2,0.0,37.83491347777776
2007-07-25,36.7,27.8,0.3,37.83491347777776
2007-07-26,36.7,26.7,0.0,36.3571822555555
2007-07-27,38.3,27.8,0.0,38.388657956195566
2007-07-28,38.9,26.7,0.0,38.96840892532447
2007-07-29,38.3,26.1,0.0,38.77595320759115
2007-07-30,41.1,25.0,2.0,41.46671187777782
2007-07-31,37.8,25.6,5.6,39.43263444819561
2007-08-01,36.7,26.7,0.0,38.03229269063124
2007-08-02,38.9,27.2,0.0,39.77861343452447
2007-08-03,40.6,30.6,0.0,40.715118577777744
2007-08-04,40.0,30.6,0.0,40.941247777475624
2007-08-05,35.6,26.7,0.5,39.1205244854756
2007-08-06,32.2,26.7,0.3,35.10459696540446
2007-08-07,38.3,26.7,0.0,35.60670538276444
2007-08-08,41.1,27.8,0.0,37.526354610915575
2007-08-09,42.2,29.4,0.0,39.777810462424476
2007-08-10,40.0,30.6,0.0,40.359909044444436
2007-08-11,42.8,30.6,0.0,41.729306356175584
2007-08-12,45.6,33.3,0.0,44.353048125384426
2007-08-13,44.4,33.3,0.0,43.62720431473778
2007-08-14,42.2,26.1,1.0,43.44499524290447
2007-08-15,41.7,30.6,0.0,40.974158812771144
2007-08-16,43.3,31.1,0.0,41.881832563395605
2007-08-17,42.8,31.7,0.0,41.752300926424454
2007-08-18,43.9,31.7,0.0,42.28423951745782
2007-08-19,41.7,32.2,0.0,42.997006461057836
2007-08-20,41.1,31.1,0.0,42.10169468371558
2007-08-21,43.3,32.8,0.0,41.87664238005113
2007-08-22,42.8,31.1,0.0,42.27963475135108
2007-08-23,42.8,31.7,0.0,41.87664238005113
2007-08-24,42.2,32.2,0.0,42.69782342313561
2007-08-25,34.4,23.9,6.1,42.27963475135108
2007-08-26,39.4,27.8,0.0,38.980735417597806
2007-08-27,42.2,30.6,0.0,41.46671187777782
2007-08-28,43.9,30.6,0.0,42.64548357975115
2007-08-29,45.0,31.7,0.0,43.16308674396446
2007-08-30,43.9,32.8,0.0,43.16308674396446
2007-08-31,43.9,32.8,0.0,42.95002891033779
2007-09-01,43.9,32.2,0.0,41.495552028017855
2007-09-02,42.8,30.6,0.0,41.44492824545783
2007-09-03,42.8,31.1,0.0,40.08962503081779
2007-09-04,41.7,30.0,0.0,39.95154991769784
2007-09-05,38.9,29.4,0.0,39.07631835555556
2007-09-06,38.3,28.3,0.0,38.77595320759115
2007-09-07,38.3,28.9,0.0,37.505362613315555
2007-09-08,41.1,27.8,0.0,38.516871477777805
2007-09-09,41.1,28.9,0.0,39.37662891111112
2007-09-10,41.7,30.0,0.0,39.37662891111112
2007-09-11,41.7,30.6,0.0,39.90904047987556
2007-09-12,42.2,30.0,0.0,39.29214650849783
2007-09-13,42.2,28.3,0.0,38.78380501381933
2007-09-14,42.2,28.9,0.0,39.690664211111134
2007-09-15,39.4,30.0,0.0,39.343218934337784
2007-09-16,39.4,28.3,0.0,39.09841437255115
2007-09-17,35.6,26.7,0.0,35.68866088044452
2007-09-18,36.1,21.7,0.0,34.01261084547563
2007-09-19,37.2,23.3,0.0,33.48650723760654
2007-09-20,36.7,22.8,0.0,34.307287306771144
2007-09-21,38.3,25.0,0.0,35.654018935395584
2007-09-22,35.0,26.7,1.8,35.616047560835526
2007-09-23,30.6,23.3,0.0,32.692075587624466
2007-09-24,31.7,18.9,0.0,29.018633022664442
2007-09-25,34.4,20.0,0.0,30.747636229061445
2007-09-26,36.1,20.6,0.0,31.556654206572073
2007-09-27,36.7,20.6,0.0,32.46390307266697
2007-09-28,36.1,23.9,0.0,33.684902338337814
2007-09-29,33.9,23.9,0.0,31.56558905401558
2007-09-30,36.7,21.7,0.0,34.862134105235555
2007-10-01,32.8,26.7,0.0,33.72445795767115
2007-10-02,35.0,26.7,0.0,32.692075587624466
2007-10-03,36.7,25.0,0.0,34.70560137393786
2007-10-04,35.6,26.1,1.0,34.274134655555564
2007-10-05,35.0,22.8,0.0,32.195672139537734
2007-10-06,25.6,17.2,0.0,30.996438931695575
2007-10-07,28.9,14.4,0.0,26.19333333333333
2007-10-08,35.6,15.6,0.0,31.257292908166317
2007-10-09,35.0,20.6,0.0,31.91643738888892
2007-10-10,34.4,18.3,0.0,30.600931757478577
2007-10-11,35.0,17.8,0.0,31.606122433333358
2007-10-12,34.4,18.3,0.0,30.71921831372028
2007-10-13,27.8,18.9,0.0,29.84764431919676
2007-10-14,30.0,17.2,0.0,27.717770495484462
2007-10-15,32.2,17.8,0.0,29.39487488070584
2007-10-16,30.6,17.2,0.0,28.607049142595585
2007-10-17,27.8,16.1,0.0,27.224983142015567
2007-10-18,30.0,16.1,0.0,27.299166898337837
2007-10-19,32.8,16.7,0.0,29.692491098716737
2007-10-20,34.4,17.2,0.0,31.402681356666946
2007-10-21,26.1,19.4,0.0,30.98010220221708
2007-10-22,27.8,15.0,0.0,26.16722222222222
2007-10-23,32.2,14.4,0.0,28.992080294311172
2007-10-24,35.6,22.8,0.0,31.606122433333358
2007-10-25,34.4,18.3,0.0,31.120488861070108
2007-10-26,33.9,17.2,0.0,30.845608461966467
2007-10-27,34.4,17.8,0.0,30.98010220221708
2007-10-28,36.1,18.3,0.0,32.75218689396645
2007-10-29,35.0,21.1,0.0,32.29724478016635
2007-10-30,31.7,17.8,0.0,30.24187609208936
2007-10-31,29.4,16.7,0.0,28.133183644444404
2007-11-01,30.0,15.0,0.0,28.036665419365292
2007-11-02,29.4,15.6,0.0,27.57697936203664
2007-11-03,33.3,14.4,0.0,29.58153001144398
2007-11-04,34.4,17.8,0.0,31.122699534472115
2007-11-05,33.9,17.8,0.0,30.47971237560652
2007-11-06,34.4,17.8,0.0,31.122699534472115
2007-11-07,33.3,19.4,0.0,31.122699534472115
2007-11-08,32.8,18.9,0.0,29.94753127932447
2007-11-09,30.6,17.2,0.0,29.535345406817815
2007-11-10,28.3,16.7,0.0,26.928405505235606
2007-11-11,26.1,14.4,0.0,26.240118096551093
2007-11-12,28.9,15.0,0.0,26.951463358051168
2007-11-13,31.1,15.0,0.0,28.16677307777778
2007-11-14,30.6,15.0,0.0,28.15134625555558
2007-11-15,26.1,16.7,0.5,27.717770495484462
2007-11-16,27.8,17.2,0.0,26.56073681420451
2007-11-17,28.3,15.6,0.0,26.56073681420451
2007-11-18,28.9,14.4,0.0,27.324429869697802
2007-11-19,31.1,14.4,0.0,28.506664233830488
2007-11-20,28.9,13.9,0.0,28.130447855555552
2007-11-21,26.7,13.3,0.0,26.138086013457787
2007-11-22,25.6,12.2,0.0,25.11666666666666
2007-11-23,20.6,9.4,0.0,22.701666666666668
2007-11-24,21.1,8.3,0.0,20.300277777777783
2007-11-25,19.4,8.9,0.0,19.77527777777777
2007-11-26,18.3,10.6,0.0,17.503888888888888
2007-11-27,23.3,10.0,0.0,22.17666666666667
2007-11-28,23.9,11.1,0.0,23.33166666666666
2007-11-29,22.2,15.6,0.0,22.189722222222233
2007-11-30,20.0,16.7,31.2,21.100000000000005
2007-12-01,19.4,11.7,1.3,18.76055555555556
2007-12-02,17.8,8.3,0.0,17.122500000000006
2007-12-03,23.3,8.3,0.0,22.29416666666667
2007-12-04,23.3,8.9,0.0,22.34638888888889
2007-12-05,23.9,10.0,0.0,23.48833333333333
2007-12-06,22.8,10.6,0.0,22.32027777777778
2007-12-07,21.1,12.2,17.5,21.690277777777773
2007-12-08,15.0,9.4,8.1,16.19916666666667
2007-12-09,14.4,8.3,0.0,13.340833333333338
2007-12-10,13.3,10.0,0.3,13.891944444444443
2007-12-11,13.9,8.3,0.3,12.80222222222222
2007-12-12,15.6,6.7,0.0,14.378333333333334
2007-12-13,17.8,7.2,0.0,16.518611111111106
2007-12-14,14.4,5.6,0.0,16.01972222222222
2007-12-15,15.0,4.4,0.0,13.408888888888887
2007-12-16,17.8,5.6,0.0,16.978888888888893
2007-12-17,18.3,6.1,0.0,17.057222222222222
2007-12-18,19.4,6.1,0.0,18.173055555555557
2007-12-19,17.8,6.1,0.0,18.186111111111114
2007-12-20,18.9,7.2,0.0,17.621388888888887
2007-12-21,16.1,7.2,0.3,17.122500000000006
2007-12-22,13.9,2.8,0.0,14.078055555555558
2007-12-23,16.1,2.8,0.0,13.999722222222223
2007-12-24,19.4,4.4,0.0,18.645833333333332
2007-12-25,15.0,3.9,0.0,18.133888888888883
2007-12-26,13.9,2.2,0.0,13.29138888888889
2007-12-27,12.8,3.3,0.0,11.676666666666668
2007-12-28,12.8,2.2,0.0,10.534722222222225
2007-12-29,13.9,2.8,0.0,11.702777777777776
2007-12-30,16.1,2.8,0.0,14.681944444444444
2007-12-31,18.3,2.8,0.0,17.005000000000006
2008-01-01,19.4,3.9,0.0,18.515277777777776
2008-01-02,21.7,12.8,0.0,20.94333333333334
2008-01-03,21.7,11.7,0.0,20.995555555555555
2008-01-04,22.8,11.1,0.0,22.359444444444453
2008-01-05,19.4,12.8,0.8,21.716388888888883
2008-01-06,16.7,13.3,0.5,17.712777777777774
2008-01-07,15.0,10.0,13.0,15.559444444444447
2008-01-08,16.7,7.2,0.0,16.13722222222222
2008-01-09,17.2,8.3,0.0,16.215555555555554
2008-01-10,17.8,6.7,0.0,17.213888888888892
2008-01-11,18.3,6.7,0.0,17.174722222222226
2008-01-12,20.0,5.6,0.0,18.658888888888896
2008-01-13,20.0,7.8,0.0,18.711111111111116
2008-01-14,20.6,10.0,0.0,19.8275
2008-01-15,18.9,6.1,0.0,19.814444444444444
2008-01-16,16.1,5.6,0.0,16.952777777777776
2008-01-17,14.4,1.7,0.0,15.193888888888889
2008-01-18,15.0,2.2,0.0,13.304444444444446
2008-01-19,17.8,2.2,0.0,16.231388888888887
2008-01-20,18.9,3.3,0.0,17.425555555555555
2008-01-21,17.8,3.9,0.0,16.887500000000003
2008-01-22,18.9,5.0,0.0,17.55611111111111
2008-01-23,18.9,5.6,0.0,17.031111111111116
2008-01-24,15.0,8.3,0.3,17.057222222222222
2008-01-25,18.3,7.2,0.0,17.25305555555556
2008-01-26,21.7,6.7,0.0,21.15222222222222
2008-01-27,15.0,11.1,22.1,20.010277777777773
2008-01-28,17.8,11.1,3.6,17.34444444444445
2008-01-29,15.6,7.2,0.0,16.16333333333333
2008-01-30,15.6,5.6,0.0,14.182500000000001
2008-01-31,13.9,3.9,0.0,14.130277777777778
2008-02-01,16.7,4.4,0.0,15.167777777777783
2008-02-02,18.9,5.0,0.0,17.608333333333334
2008-02-03,17.2,7.2,0.0,16.479444444444443
2008-02-04,14.4,6.1,5.3,16.11111111111111
2008-02-05,13.3,3.3,0.0,11.950833333333332
2008-02-06,15.0,4.4,0.0,13.565555555555555
2008-02-07,18.3,5.0,0.0,16.453333333333333
2008-02-08,20.0,6.7,0.0,18.776388888888896
2008-02-09,23.3,7.8,0.0,22.76694444444444
2008-02-10,25.0,9.4,0.0,24.512777777777778
2008-02-11,23.9,10.0,0.0,24.512777777777778
2008-02-12,24.4,10.0,0.0,23.34472222222222
2008-02-13,23.3,10.6,0.0,23.85666666666667
2008-02-14,18.9,11.7,0.0,21.690277777777773
2008-02-15,12.8,8.9,1.8,17.516944444444448
2008-02-16,15.6,7.8,0.0,13.839722222222225
2008-02-17,18.9,6.7,0.0,18.251388888888883
2008-02-18,20.0,8.3,0.0,19.49777777777778
2008-02-19,21.7,10.0,0.0,20.639722222222222
2008-02-20,21.1,11.1,2.5,21.256666666666668
2008-02-21,18.3,8.9,0.0,20.06249999999999
2008-02-22,15.6,10.6,0.3,16.58388888888889
2008-02-23,19.4,10.0,0.0,18.21222222222222
2008-02-24,20.6,12.2,0.0,19.510833333333338
2008-02-25,23.3,10.0,0.0,22.333333333333343
2008-02-26,25.6,11.1,0.0,25.0775
2008-02-27,27.2,13.9,0.0,26.21944444444445
2008-02-28,27.8,11.7,0.0,26.24555555555556
2008-02-29,28.3,12.8,0.0,26.49263152332448
2008-03-01,27.2,12.8,0.0,26.850223308424454
2008-03-02,22.8,11.7,0.0,26.297777777777785
2008-03-03,20.0,9.4,0.0,20.248055555555563
2008-03-04,22.8,9.4,0.0,21.50749999999999
2008-03-05,23.3,8.9,0.0,22.137500000000006
2008-03-06,20.6,8.3,0.0,22.08527777777778
2008-03-07,23.9,7.8,0.0,22.098333333333343
2008-03-08,23.3,9.4,0.0,22.12444444444445
2008-03-09,25.6,11.1,0.0,25.11666666666666
2008-03-10,27.2,11.7,0.0,26.057096405315576
2008-03-11,27.8,11.7,0.0,26.24555555555556
2008-03-12,28.9,13.3,0.0,26.48047843731561
2008-03-13,28.3,12.8,0.0,26.842008282515597
2008-03-14,28.3,13.9,0.0,26.761397287925245
2008-03-15,24.4,12.8,0.0,26.21944444444445
2008-03-16,17.2,10.0,0.0,22.098333333333343
2008-03-17,17.8,8.3,0.0,16.440277777777776
2008-03-18,23.3,8.9,0.0,22.137500000000006
2008-03-19,26.7,11.1,0.0,25.576388888888896
2008-03-20,28.9,11.7,0.0,26.761397287925245
2008-03-21,30.0,12.2,0.0,26.895100364066156
2008-03-22,30.6,12.2,0.0,27.562808035556923
2008-03-23,30.6,13.9,0.0,27.438698329843014
2008-03-24,31.1,16.7,0.0,27.947113327619444
2008-03-25,31.7,15.6,0.0,28.532496354278855
2008-03-26,31.1,14.4,0.0,28.452444543748868
2008-03-27,30.0,15.0,0.0,28.15352873281462
2008-03-28,30.6,15.0,0.0,27.86179158031804
2008-03-29,30.6,16.1,0.0,28.036665419365292
2008-03-30,27.8,15.6,0.0,27.2862978789956
2008-03-31,25.6,13.9,0.0,25.090555555555554
2008-04-01,28.9,12.8,0.0,26.463691354408276
2008-04-02,29.4,15.0,0.0,27.04228390602461
2008-04-03,26.1,14.4,0.0,26.534407131060846
2008-04-04,28.9,14.4,0.0,26.666111111111107
2008-04-05,28.9,12.8,0.0,26.82615632509359
2008-04-06,30.0,15.0,0.0,27.57697936203664
2008-04-07,28.9,16.1,0.0,27.120523409010477
2008-04-08,30.0,14.4,0.0,27.120523409010477
2008-04-09,23.9,15.6,0.0,27.20186140000081
2008-04-10,25.6,14.4,0.0,24.986111111111107
2008-04-11,27.8,12.8,0.0,25.69567671784223
2008-04-12,30.0,16.1,0.0,27.060303321448565
2008-04-13,34.4,17.2,0.0,30.29469364078004
2008-04-14,36.7,18.9,0.0,31.855612279091083
2008-04-15,33.9,18.3,0.0,32.03763002278005
2008-04-16,29.4,18.9,0.0,29.490632759421747
2008-04-17,25.6,14.4,0.0,26.653055555555547
2008-04-18,31.7,13.3,0.0,27.93950144779937
2008-04-19,31.1,16.1,0.0,27.93950144779937
2008-04-20,28.9,15.6,0.0,28.30837551470217
2008-04-21,28.9,13.9,0.0,26.205566292642416
2008-04-22,31.7,15.0,0.0,28.752411857601878
2008-04-23,31.7,16.1,0.0,28.452444543748868
2008-04-24,30.6,17.2,0.0,28.15352873281462
2008-04-25,31.7,15.6,0.0,28.244358296185485
2008-04-26,35.0,16.1,0.0,30.38866942100843
2008-04-27,33.9,21.7,0.0,30.71921831372028
2008-04-28,34.4,18.9,0.0,30.38866942100843
2008-04-29,37.2,19.4,0.0,32.851911428189105
2008-04-30,33.9,20.6,0.0,31.92529572855612
2008-05-01,29.4,19.4,0.0,29.123355275346892
2008-05-02,29.4,15.0,0.0,26.697563711161838
2008-05-03,32.8,17.2,0.0,28.684413331667656
2008-05-04,35.0,17.8,0.0,30.76158312820817
2008-05-05,33.9,19.4,0.0,30.76158312820817
2008-05-06,28.3,18.3,0.0,29.84764431919676
2008-05-07,30.6,17.8,0.0,28.632732378915577
2008-05-08,33.3,18.9,0.0,29.692491098716737
2008-05-09,34.4,20.0,0.0,30.490748793241274
2008-05-10,34.4,18.9,0.0,30.490748793241274
2008-05-11,36.7,19.4,0.0,31.33243405555556
2008-05-12,33.9,18.9,0.0,31.727848904208194
2008-05-13,26.7,19.4,0.0,30.24187609208936
2008-05-14,30.0,16.7,0.0,28.15134625555558
2008-05-15,33.3,18.9,0.0,30.472516219324454
2008-05-16,33.9,22.2,0.0,31.56558905401558
2008-05-17,36.7,22.8,0.0,33.109356162472125
2008-05-18,40.6,23.3,0.0,36.078783897448574
2008-05-19,43.3,24.4,0.0,38.63813042840092
2008-05-20,42.2,26.7,0.0,38.33903292964404
2008-05-21,34.4,25.6,0.0,37.57138625824015
2008-05-22,25.6,11.7,7.1,29.37893397695182
2008-05-23,22.2,10.6,3.0,21.217499999999994
2008-05-24,22.2,13.9,1.3,20.718055555555566
2008-05-25,27.2,16.7,0.0,26.376111111111115
2008-05-26,27.8,16.7,0.0,26.350000000000005
2008-05-27,32.8,18.3,0.0,29.510437218515595
2008-05-28,33.3,20.0,0.0,30.31718712192291
2008-05-29,34.4,20.6,0.0,30.892880994515604
2008-05-30,35.0,20.0,0.0,31.606122433333358
2008-05-31,37.2,21.7,0.0,32.96992626505744
2008-06-01,38.3,21.7,0.0,33.78933823319743
2008-06-02,38.3,23.3,0.0,34.41081126292361
2008-06-03,37.8,23.3,0.0,33.41755224122638
2008-06-04,35.6,21.7,0.0,32.679288892446976
2008-06-05,32.8,22.8,0.0,31.71921145788158
2008-06-06,36.7,20.6,0.0,32.435787065478564
2008-06-07,39.4,22.8,0.0,35.01830607253958
2008-06-08,37.8,24.4,0.0,35.377580196813305
2008-06-09,40.6,24.4,0.0,35.97145980508053
2008-06-10,42.2,25.0,0.0,37.30627232055643
2008-06-11,38.3,25.0,0.0,36.7539235721255
2008-06-12,38.3,23.9,0.0,33.63259556334688
2008-06-13,41.7,24.4,0.0,35.55085281047777
2008-06-14,43.3,26.1,0.0,37.257766571709084
2008-06-15,44.4,27.2,0.0,39.46782454176862
2008-06-16,44.4,29.4,0.0,40.47066109192029
2008-06-17,45.0,31.1,0.0,40.85240671068243
2008-06-18,44.4,31.1,0.0,40.85240671068243
2008-06-19,44.4,26.1,0.0,38.81752099817618
2008-06-20,45.6,26.7,0.0,39.1141088544053
2008-06-21,46.1,26.7,0.0,40.34782045347559
2008-06-22,43.9,31.7,0.0,39.63218143677827
2008-06-23,45.0,28.9,0.0,40.34565189682806
2008-06-24,43.9,29.4,0.0,39.63218143677827
2008-06-25,42.8,28.9,0.0,40.08962503081779
2008-06-26,41.7,29.4,0.0,39.06107592666449
2008-06-27,41.7,27.2,0.0,38.22934471059556
2008-06-28,43.3,28.9,0.0,39.81526990014913
2008-06-29,44.4,30.6,0.0,40.47066109192029
2008-06-30,43.3,30.0,0.0,40.38496398732446
2008-07-01,44.4,32.2,0.0,41.6670155482201
2008-07-02,43.9,31.1,0.0,41.752300926424454
2008-07-03,42.8,28.9,0.0,41.488846309235605
2008-07-04,41.1,30.6,0.0,41.700630202897834
2008-07-05,40.6,29.4,0.0,40.974158812771144
2008-07-06,42.8,30.6,0.0,41.87664238005113
2008-07-07,41.7,28.9,0.0,41.82949212620453
2008-07-08,42.8,30.6,0.0,41.488846309235605
2008-07-09,41.1,30.6,0.3,40.61860752507562
2008-07-10,37.8,21.7,16.3,40.01842425555557
2008-07-11,34.4,22.8,4.8,38.08301543655112
2008-07-12,38.3,26.7,0.0,38.08301543655112
2008-07-13,38.9,23.3,33.0,39.09841437255115
2008-07-14,35.6,26.1,0.0,38.15792965555557
2008-07-15,40.0,28.3,0.0,39.43263444819561
2008-07-16,42.2,29.4,0.0,40.941247777475624
2008-07-17,43.3,31.1,0.0,41.11624653890447
2008-07-18,43.9,31.1,0.0,41.370486018515564
2008-07-19,38.9,29.4,0.0,40.38496398732446
2008-07-20,36.1,26.1,0.3,39.621159165037845
2008-07-21,40.0,29.4,0.0,40.31258489649559
2008-07-22,42.2,31.1,0.0,41.34439175647111
2008-07-23,42.2,30.0,0.0,40.974158812771144
2008-07-24,43.9,31.7,0.0,42.56556114769562
2008-07-25,41.1,29.4,0.0,41.075985595395565
2008-07-26,41.1,29.4,0.0,41.46671187777782
2008-07-27,40.0,30.0,0.0,41.08405285555559
2008-07-28,40.0,28.9,0.0,38.11572851647114
2008-07-29,41.7,27.8,0.0,38.13743743701045
2008-07-30,42.8,29.4,0.0,38.78380501381933
2008-07-31,44.4,30.0,0.0,41.25119152944905
2008-08-01,45.0,35.0,0.0,42.55211861111117
2008-08-02,42.2,32.8,0.0,42.12172095555559
2008-08-03,40.0,31.7,0.0,41.488846309235605
2008-08-04,38.3,28.9,0.0,38.08301543655112
2008-08-05,41.7,25.6,16.0,40.974158812771144
2008-08-06,41.1,25.6,0.0,40.941247777475624
2008-08-07,42.2,23.9,17.3,41.34439175647111
2008-08-08,37.2,24.4,0.3,41.488846309235605
2008-08-09,39.4,28.3,0.0,38.465250953315596
2008-08-10,40.6,28.9,0.0,40.44721410993783
2008-08-11,42.2,31.1,0.0,40.08962503081779
2008-08-12,41.7,30.6,0.0,40.08962503081779
2008-08-13,40.6,30.0,0.3,40.81187522956455
2008-08-14,38.9,26.1,3.8,39.690664211111134
2008-08-15,38.3,28.3,0.0,39.43263444819561
2008-08-16,40.0,28.9,0.0,39.6256119871911
2008-08-17,40.0,28.9,0.0,39.43240366348451
2008-08-18,40.6,28.3,0.0,40.58292983287112
2008-08-19,41.1,28.9,0.0,39.07631835555556
2008-08-20,41.7,29.4,0.0,39.005072790915584
2008-08-21,41.7,28.9,0.0,39.06107592666449
2008-08-22,41.7,30.6,0.0,39.343218934337784
2008-08-23,42.2,31.7,0.3,39.343218934337784
2008-08-24,42.8,30.6,0.0,40.2777378933845
2008-08-25,40.0,22.2,22.9,40.758843069057804
2008-08-26,33.3,22.8,3.0,35.09003579559113
2008-08-27,36.1,25.0,1.5,37.71805098215121
2008-08-28,37.8,17.8,23.9,40.457938586435525
2008-08-29,38.3,25.0,0.5,40.08503163468442
2008-08-30,36.7,27.2,0.0,39.43263444819561
2008-08-31,35.0,23.3,0.5,35.25822549561561
2008-09-01,35.6,25.6,0.0,36.29269838081786
2008-09-02,39.4,27.8,0.0,38.07419268615775
2008-09-03,39.4,27.8,0.0,37.85289387477112
2008-09-04,40.6,27.8,0.0,37.05286929405112
2008-09-05,41.1,26.7,0.0,37.78063674444445
2008-09-06,42.2,27.8,0.0,38.45790587419786
2008-09-07,41.1,27.8,0.0,38.13743743701045
2008-09-08,38.9,30.0,0.0,37.60621143488218
2008-09-09,38.3,27.2,0.0,37.08812334220451
2008-09-10,36.7,25.6,0.0,35.83018627777781
2008-09-11,36.1,24.4,0.0,35.60670538276444
2008-09-12,35.0,22.8,0.0,33.29748525555557
2008-09-13,37.2,24.4,0.0,33.78899461201558
2008-09-14,39.4,23.9,0.0,35.416767123071764
2008-09-15,37.2,26.1,0.0,35.16133516827887
2008-09-16,35.6,26.1,0.0,33.9032792456978
2008-09-17,36.1,25.0,0.0,34.02775623938448
2008-09-18,37.2,25.0,0.0,34.565035485057805
2008-09-19,38.3,25.0,0.0,35.82361426145781
2008-09-20,37.8,26.1,0.0,36.25741848220446
2008-09-21,38.3,26.1,0.0,36.25741848220446
2008-09-22,38.3,24.4,0.0,36.402953703751095
2008-09-23,38.3,25.6,0.0,36.22693438969557
2008-09-24,41.1,25.6,0.0,37.91065365003668
2008-09-25,38.9,27.2,0.0,37.26316031936528
2008-09-26,38.3,26.7,0.0,37.05286929405112
2008-09-27,37.8,26.1,0.0,35.28974281820443
2008-09-28,38.3,26.1,0.0,35.28974281820443
2008-09-29,37.2,25.6,0.0,34.16256487321474
2008-09-30,37.8,24.4,0.0,34.843666284017786
2008-10-01,37.8,25.6,0.0,34.53389801944396
2008-10-02,37.8,24.4,0.0,34.60233562131555
2008-10-03,33.9,23.9,0.0,33.88464449506145
2008-10-04,28.9,21.7,0.0,30.954397726817806
2008-10-05,28.9,20.0,0.0,27.224983142015567
2008-10-06,32.2,18.9,0.0,29.06781617369778
2008-10-07,35.0,18.9,0.0,31.890353110595566
2008-10-08,36.7,20.6,0.0,33.59100242466448
2008-10-09,36.7,21.7,0.0,33.022220326595615
2008-10-10,34.4,20.6,0.0,32.50805814444446
2008-10-11,25.0,13.9,0.0,30.45215582931558
2008-10-12,22.2,10.0,0.0,21.42916666666666
2008-10-13,25.0,10.6,0.0,24.382222222222225
2008-10-14,28.3,12.2,0.0,26.329681214556462
2008-10-15,32.2,15.0,0.0,29.58153001144398
2008-10-16,33.9,18.3,0.0,30.747636229061445
2008-10-17,35.0,18.9,0.0,31.71921145788158
2008-10-18,35.6,20.6,0.0,32.64028509457208
2008-10-19,36.1,20.0,0.0,33.17424100273781
2008-10-20,34.4,20.0,0.0,31.890353110595566
2008-10-21,33.3,18.9,0.0,30.954397726817806
2008-10-22,31.1,17.8,0.0,30.068349315190954
2008-10-23,31.1,15.0,0.0,27.438698329843014
2008-10-24,31.1,15.0,0.0,28.006003462733354
2008-10-25,31.7,15.0,0.0,28.82635586002055
2008-10-26,32.8,15.0,0.0,29.74784162522636
2008-10-27,34.4,17.2,0.0,31.432204974995607
2008-10-28,33.9,18.9,0.0,30.954397726817806
2008-10-29,34.4,20.6,0.0,31.468562742664492
2008-10-30,34.4,19.4,0.0,31.468562742664492
2008-10-31,33.3,19.4,0.0,30.954397726817806
2008-11-01,34.4,18.3,0.0,30.919878414424474
2008-11-02,31.1,18.3,0.0,30.892880994515604
2008-11-03,30.6,16.1,0.0,28.75228311111112
2008-11-04,25.6,15.6,0.0,27.510452641597837
2008-11-05,24.4,13.3,0.0,23.830555555555563
2008-11-06,23.3,10.0,0.0,22.08527777777778
2008-11-07,25.6,10.0,0.0,24.382222222222225
2008-11-08,27.2,11.7,0.0,26.16722222222222
2008-11-09,25.6,11.7,0.0,25.53722222222223
2008-11-10,20.6,10.6,0.0,21.021666666666665
2008-11-11,22.8,11.7,0.0,21.67722222222221
2008-11-12,24.4,11.1,0.0,23.39694444444444
2008-11-13,26.1,11.7,0.0,24.56500000000001
2008-11-14,29.4,12.2,0.0,27.324429869697802
2008-11-15,28.3,13.9,0.0,26.907821456904497
2008-11-16,28.9,15.6,0.0,26.60759671219786
2008-11-17,30.6,15.0,0.0,28.15352873281462
2008-11-18,31.1,14.4,0.0,28.15352873281462
2008-11-19,30.0,13.9,0.0,27.70383911904858
2008-11-20,28.3,13.3,0.0,26.967142891043157
2008-11-21,25.6,14.4,0.0,26.326606101278596
2008-11-22,26.1,13.9,0.0,25.103611111111107
2008-11-23,26.7,10.6,0.0,25.103611111111107
2008-11-24,27.8,10.6,0.0,26.2325
2008-11-25,25.0,16.7,0.0,25.60250000000001
2008-11-26,18.9,12.2,4.6,22.71472222222222
2008-11-27,19.4,13.3,7.9,18.695277777777775
2008-11-28,19.4,11.1,0.0,18.577777777777776
2008-11-29,20.6,10.6,0.0,19.61527777777778
2008-11-30,22.2,9.4,0.0,21.781666666666663
2008-12-01,25.6,10.6,0.0,24.59111111111112
2008-12-02,24.4,11.1,0.0,23.974166666666672
2008-12-03,23.9,9.4,0.0,23.436111111111114
2008-12-04,21.7,10.6,0.0,22.307222222222226
2008-12-05,23.9,8.3,0.0,23.33166666666666
2008-12-06,22.8,8.9,0.0,22.22888888888889
2008-12-07,17.8,10.0,0.0,20.470000000000002
2008-12-08,19.4,10.0,0.0,17.712777777777774
2008-12-09,20.0,10.6,0.0,19.197499999999998
2008-12-10,18.9,7.2,0.0,18.567500000000006
2008-12-11,23.3,7.8,0.0,22.71472222222222
2008-12-12,20.0,11.1,0.0,21.06083333333334
2008-12-13,21.1,8.9,0.0,20.600555555555566
2008-12-14,15.0,8.3,0.0,18.920000000000005
2008-12-15,11.7,7.8,0.0,11.043888888888892
2008-12-16,13.3,10.6,4.8,12.51222222222222
2008-12-17,20.0,10.6,0.3,19.01138888888889
2008-12-18,15.0,8.3,1.3,18.460277777777776
2008-12-19,15.6,5.6,0.0,14.929999999999998
2008-12-20,15.6,4.4,0.0,14.32611111111111
2008-12-21,17.2,4.4,0.0,16.466388888888886
2008-12-22,15.0,6.7,4.3,15.967500000000001
2008-12-23,14.4,8.9,2.3,13.761388888888888
2008-12-24,16.1,7.8,0.0,15.021388888888888
2008-12-25,15.6,11.1,4.1,15.021388888888888
2008-12-26,15.0,4.4,7.6,14.717777777777782
2008-12-27,10.6,1.1,0.0,9.063055555555557
2008-12-28,15.0,1.1,0.0,13.421944444444446
2008-12-29,22.2,4.4,0.0,21.59888888888888
2008-12-30,22.8,6.1,0.0,22.241944444444453
2008-12-31,23.3,7.8,0.0,22.76694444444444
2009-01-01,21.1,6.7,0.0,21.6511111111111
2009-01-02,20.6,7.2,0.0,20.010277777777773
2009-01-03,18.3,6.1,0.0,19.380277777777778
2009-01-04,13.3,10.0,1.0,16.098055555555554
2009-01-05,14.4,6.1,0.0,12.515
2009-01-06,15.0,5.0,0.0,13.565555555555555
2009-01-07,17.2,4.4,0.0,15.324444444444445
2009-01-08,18.9,5.6,0.0,17.200833333333335
2009-01-09,19.4,6.1,0.0,18.342777777777776
2009-01-10,18.9,6.1,0.0,18.290555555555557
2009-01-11,20.6,5.0,0.0,19.223611111111108
2009-01-12,23.3,5.6,0.0,22.17666666666667
2009-01-13,23.3,7.8,0.0,22.17666666666667
2009-01-14,23.3,7.2,0.0,22.675555555555558
2009-01-15,26.1,7.8,0.0,25.064444444444437
2009-01-16,26.1,8.9,0.0,25.064444444444437
2009-01-17,25.0,10.0,0.0,25.064444444444437
2009-01-18,25.6,8.9,0.0,25.090555555555554
2009-01-19,26.1,9.4,0.0,25.60250000000001
2009-01-20,26.7,10.0,0.0,26.2325
2009-01-21,26.7,15.0,0.3,26.2325
2009-01-22,23.9,15.6,2.5,25.61555555555556
2009-01-23,22.2,15.6,0.0,21.977499999999992
2009-01-24,22.2,14.4,0.0,21.452499999999997
2009-01-25,21.7,11.1,0.0,20.73111111111111
2009-01-26,17.2,9.4,0.0,21.178333333333338
2009-01-27,17.2,5.6,0.0,15.823888888888888
2009-01-28,17.8,4.4,0.0,16.30972222222222
2009-01-29,22.2,5.6,0.0,21.48138888888888
2009-01-30,24.4,9.4,0.0,23.778333333333332
2009-01-31,23.9,6.7,0.0,23.266388888888887
2009-02-01,22.8,7.8,0.0,22.623333333333328
2009-02-02,25.0,7.8,0.0,23.79138888888889
2009-02-03,27.8,8.9,0.0,25.76533034596799
2009-02-04,28.9,11.7,0.0,26.463691354408276
2009-02-05,27.8,11.7,0.0,26.206388888888895
2009-02-06,22.2,10.6,0.0,25.69567671784223
2009-02-07,22.2,10.0,1.3,21.191388888888884
2009-02-08,15.6,9.4,17.5,21.165277777777774
2009-02-09,16.7,7.2,13.2,15.533333333333339
2009-02-10,13.9,6.7,0.0,15.468055555555557
2009-02-11,16.1,5.0,0.0,14.786388888888887
2009-02-12,17.2,8.3,0.0,16.518611111111106
2009-02-13,17.2,5.0,0.0,16.33583333333333
2009-02-14,16.1,5.6,0.0,16.374999999999996
2009-02-15,18.3,6.7,0.0,17.58222222222222
2009-02-16,18.9,7.2,0.0,17.621388888888887
2009-02-17,17.8,11.1,1.5,17.595277777777774
2009-02-18,19.4,7.2,0.0,18.107777777777773
2009-02-19,22.8,7.8,0.0,21.48138888888888
2009-02-20,24.4,8.9,0.0,23.266388888888887
2009-02-21,24.4,9.4,0.0,23.37083333333333
2009-02-22,25.6,12.8,0.0,24.486666666666665
2009-02-23,28.9,15.6,0.0,26.907821456904497
2009-02-24,28.9,13.3,0.0,26.928405505235606
2009-02-25,29.4,14.4,0.0,27.310249140015593
2009-02-26,25.6,12.2,0.0,26.56073681420451
2009-02-27,25.6,10.6,0.0,24.42138888888889
2009-02-28,29.4,11.1,0.0,26.534407131060846
2009-03-01,30.0,14.4,0.0,27.70383911904858
2009-03-02,31.1,14.4,0.0,28.617893028813327
2009-03-03,28.3,16.7,0.0,27.86179158031804
2009-03-04,28.3,16.1,0.0,26.683260097819318
2009-03-05,22.8,15.0,0.0,26.19333333333333
2009-03-06,23.3,15.0,0.0,22.20277777777778
2009-03-07,20.0,10.0,0.0,20.995555555555555
2009-03-08,22.2,8.9,0.0,21.008611111111108
2009-03-09,24.4,13.9,0.0,22.806111111111104
2009-03-10,23.3,10.6,0.0,23.42305555555555
2009-03-11,26.7,11.1,0.0,26.24555555555556
2009-03-12,25.0,12.8,0.0,25.11666666666666
2009-03-13,24.4,12.2,0.0,23.869722222222226
2009-03-14,25.6,12.2,0.0,25.090555555555554
2009-03-15,26.1,11.1,0.0,25.038333333333327
2009-03-16,27.8,13.3,0.0,26.180277777777786
2009-03-17,30.0,13.9,0.0,27.260045205845373
2009-03-18,31.7,14.4,0.0,28.708634567352206
2009-03-19,31.7,16.1,0.0,28.3777375972233
2009-03-20,31.7,17.8,0.0,28.617893028813327
2009-03-21,32.2,15.6,0.0,29.510437218515595
2009-03-22,28.9,15.0,0.0,29.018633022664442
2009-03-23,22.2,10.6,0.0,25.61555555555556
2009-03-24,23.9,10.0,0.0,22.11138888888889
2009-03-25,26.7,11.1,0.0,25.53722222222223
2009-03-26,27.8,12.2,0.0,26.402567621954876
2009-03-27,21.7,9.4,0.0,26.25259387528676
2009-03-28,25.6,9.4,0.0,23.73916666666667
2009-03-29,27.8,12.2,0.0,26.16722222222222
2009-03-30,23.9,15.6,0.0,26.16722222222222
2009-03-31,25.0,10.0,0.0,23.72611111111111
2009-04-01,26.1,11.7,0.0,25.064444444444437
2009-04-02,28.3,12.8,0.0,26.506733904017803
2009-04-03,27.8,14.4,0.0,26.49263152332448
2009-04-04,22.2,11.1,0.0,24.551944444444445
2009-04-05,27.2,10.0,0.0,25.53722222222223
2009-04-06,31.7,13.9,0.0,28.752411857601878
2009-04-07,33.3,16.7,0.0,29.655072133940376
2009-04-08,26.1,17.8,0.0,29.655072133940376
2009-04-09,26.1,12.2,0.0,24.447500000000005
2009-04-10,28.9,13.9,0.0,26.326606101278596
2009-04-11,17.2,10.0,4.8,26.24555555555556
2009-04-12,24.4,12.2,0.0,23.54055555555555
2009-04-13,29.4,14.4,0.0,26.907821456904497
2009-04-14,31.1,18.3,0.0,27.675413262737784
2009-04-15,21.7,11.7,0.0,28.411119738469868
2009-04-16,20.0,7.8,0.0,18.593611111111116
2009-04-17,25.0,10.6,0.0,23.25333333333333
2009-04-18,28.9,12.8,0.0,26.761397287925245
2009-04-19,35.0,16.7,0.0,30.490748793241274
2009-04-20,36.1,17.8,0.0,31.993099383378382
2009-04-21,38.9,20.0,0.0,33.4876118041808
2009-04-22,36.1,20.6,0.0,33.4876118041808
2009-04-23,34.4,18.9,0.0,31.727848904208194
2009-04-24,31.7,20.0,0.0,31.120488861070108
2009-04-25,28.9,18.9,0.0,28.80472096989557
2009-04-26,28.3,13.9,0.0,26.24555555555556
2009-04-27,29.4,15.6,0.0,26.463691354408276
2009-04-28,30.6,15.6,0.0,28.23455198796191
2009-04-29,31.7,16.7,0.0,28.23455198796191
2009-04-30,32.8,17.2,0.0,29.37893397695182
2009-05-01,33.9,18.9,0.0,29.37893397695182
2009-05-02,32.2,24.4,0.0,29.84764431919676
2009-05-03,33.9,20.6,0.0,30.499909812017766
2009-05-04,33.9,22.2,0.0,30.919878414424474
2009-05-05,36.1,21.7,0.0,32.46390307266697
2009-05-06,37.8,21.7,0.0,33.76763707985165
2009-05-07,38.9,22.8,0.0,34.80359602218316
2009-05-08,40.6,22.8,0.0,35.416767123071764
2009-05-09,39.4,23.9,0.0,35.754293935556916
2009-05-10,38.9,22.8,0.0,34.95784063574885
2009-05-11,39.4,23.3,0.0,34.41081126292361
2009-05-12,38.3,22.8,0.0,34.41081126292361
2009-05-13,38.3,22.2,0.0,33.259325929940374
2009-05-14,38.3,22.8,0.0,34.23273655402051
2009-05-15,38.3,23.9,0.0,33.95783981373238
2009-05-16,38.9,23.3,0.0,34.80359602218316
2009-05-17,41.7,25.6,0.0,37.316018065132084
2009-05-18,41.1,26.7,0.0,37.53998692304316
2009-05-19,40.6,28.3,0.0,37.0400735407865
2009-05-20,34.4,28.9,0.0,35.63221867681462
2009-05-21,30.6,20.0,2.8,31.626257597697798
2009-05-22,26.7,19.4,3.3,27.49281419379563
2009-05-23,33.3,22.2,0.3,31.40664590313559
2009-05-24,35.6,22.8,0.0,32.65047505555558
2009-05-25,35.6,22.8,0.0,33.022220326595615
2009-05-26,36.7,23.3,0.0,32.46390307266697
2009-05-27,37.8,23.3,0.0,33.41755224122638
2009-05-28,38.9,23.9,0.0,34.53389801944396
2009-05-29,38.3,25.0,0.0,34.60109775231118
2009-05-30,38.3,24.4,0.0,33.58698929119677
2009-05-31,37.8,23.9,0.0,33.4876118041808
2009-06-01,37.8,23.3,0.0,33.95783981373238
2009-06-02,38.9,25.0,0.0,34.60109775231118
2009-06-03,41.1,24.4,0.0,35.18514479365276
2009-06-04,41.7,25.6,0.0,35.8740836001252
2009-06-05,35.0,26.7,0.0,34.767096599223294
2009-06-06,32.8,21.1,0.0,30.47971237560652
2009-06-07,33.3,20.0,0.0,30.609913356091752
2009-06-08,33.9,23.3,0.0,29.94753127932447
2009-06-09,35.6,23.3,0.0,32.26337892222221
2009-06-10,35.0,21.7,0.0,31.890353110595566
2009-06-11,33.9,22.8,0.0,30.845608461966467
2009-06-12,36.7,21.7,0.0,31.46469992222223
2009-06-13,36.1,22.2,0.0,31.855612279091083
2009-06-14,35.0,22.8,0.0,32.26337892222221
2009-06-15,36.1,22.2,0.0,32.82639084588163
2009-06-16,36.1,23.3,0.0,32.29724478016635
2009-06-17,35.6,26.1,0.0,32.660869976773625
2009-06-18,37.2,25.6,0.0,33.109356162472125
2009-06-19,35.0,25.0,0.0,33.303229336731626
2009-06-20,37.8,23.3,0.0,33.47519998748452
2009-06-21,38.3,25.0,0.0,34.53389801944396
2009-06-22,40.6,25.6,0.0,36.20235041904861
2009-06-23,39.4,28.3,0.0,35.86086571596193
2009-06-24,42.2,30.0,0.0,37.60621143488218
2009-06-25,36.7,30.0,0.0,37.53998692304316
2009-06-26,40.6,26.7,0.5,38.25773515555556
2009-06-27,42.8,30.0,0.0,39.06107592666449
2009-06-28,43.9,30.6,0.0,41.1253979113245
2009-06-29,42.2,31.1,0.0,41.44492824545783
2009-06-30,42.2,30.0,0.0,40.41663589969555
2009-07-01,39.4,30.6,0.0,39.95154991769784
2009-07-02,39.4,28.3,0.3,38.980735417597806
2009-07-03,41.7,26.1,0.3,41.729306356175584
2009-07-04,41.1,26.1,0.5,41.34439175647111
2009-07-05,43.3,32.2,0.0,40.375514202452045
2009-07-06,42.8,30.6,0.0,40.38496398732446
2009-07-07,41.7,30.0,0.0,40.974158812771144
2009-07-08,41.7,30.6,0.0,40.974158812771144
2009-07-09,42.8,29.4,0.0,39.06107592666449
2009-07-10,44.4,31.7,0.0,39.75828745440933
2009-07-11,45.6,31.1,0.0,40.69715858094488
2009-07-12,46.1,32.8,0.0,42.12172095555559
2009-07-13,45.0,32.2,0.0,42.099878766995566
2009-07-14,45.6,31.7,0.0,42.716417542595565
2009-07-15,41.7,32.8,0.0,40.85240671068243
2009-07-16,44.4,32.2,0.0,42.56556114769562
2009-07-17,45.6,33.9,0.0,43.46671785555561
2009-07-18,45.6,32.2,0.0,42.099878766995566
2009-07-19,45.6,32.8,0.0,42.55211861111117
2009-07-20,43.9,28.9,0.0,42.997006461057836
2009-07-21,39.4,24.4,9.1,42.56556114769562
2009-07-22,41.7,29.4,0.0,40.974158812771144
2009-07-23,41.7,30.6,0.0,40.09574847571557
2009-07-24,38.3,28.3,0.0,40.01842425555557
2009-07-25,42.2,31.7,0.0,42.27963475135108
2009-07-26,43.3,30.6,0.0,43.90952749323557
2009-07-27,45.6,33.3,0.0,43.46671785555561
2009-07-28,46.1,33.3,0.0,43.16308674396446
2009-07-29,43.3,31.1,0.0,41.88837476881783
2009-07-30,42.2,30.0,0.0,40.08962503081779
2009-07-31,42.8,30.0,0.0,39.330176757278565
2009-08-01,43.3,29.4,0.0,38.78380501381933
2009-08-02,45.0,30.6,0.0,40.10595467316257
2009-08-03,45.6,31.7,0.0,40.34565189682806
2009-08-04,44.4,32.2,0.0,42.099878766995566
2009-08-05,45.0,35.0,0.0,41.6670155482201
2009-08-06,43.3,32.8,0.0,41.370486018515564
2009-08-07,38.9,27.8,0.0,38.14720303506085
2009-08-08,38.9,23.9,0.0,34.23273655402051
2009-08-09,40.0,25.0,0.0,34.767096599223294
2009-08-10,41.1,26.1,0.0,37.0400735407865
2009-08-11,39.4,30.0,0.0,37.365476079384464
2009-08-12,43.3,30.6,0.0,40.72266417601779
2009-08-13,35.0,23.3,7.1,39.640043598015566
2009-08-14,40.6,26.7,0.0,40.01842425555557
2009-08-15,41.1,26.7,0.0,38.11572851647114
2009-08-16,41.1,27.2,0.0,37.60621143488218
2009-08-17,42.2,26.7,0.0,37.77177761416387
2009-08-18,42.8,26.7,0.0,38.34827357935641
2009-08-19,41.1,28.9,0.0,38.516871477777805
2009-08-20,42.8,30.6,0.0,41.11624653890447
2009-08-21,41.7,26.1,0.0,40.2777378933845
2009-08-22,35.6,24.4,0.0,39.90904047987556
2009-08-23,39.4,27.8,0.0,38.391313654175605
2009-08-24,40.0,28.3,0.0,37.28988247135115
2009-08-25,40.0,29.4,0.0,37.526354610915575
2009-08-26,41.7,27.8,0.0,37.83137135202459
2009-08-27,45.0,28.9,0.0,39.81526990014913
2009-08-28,45.0,28.9,0.0,41.3147295777778
2009-08-29,45.0,30.6,0.0,40.5794767777778
2009-08-30,43.3,29.4,0.0,39.63218143677827
2009-08-31,42.8,28.9,0.3,40.062885029315616
2009-09-01,41.1,28.3,0.0,39.343218934337784
2009-09-02,40.6,28.3,0.0,39.90904047987556
2009-09-03,41.7,26.7,0.0,40.238860733671075
2009-09-04,39.4,27.2,0.0,39.90904047987556
2009-09-05,32.2,22.8,4.1,37.53910742913562
2009-09-06,37.2,24.4,0.0,35.79300545415786
2009-09-07,38.3,27.2,0.0,37.34003104305782
2009-09-08,38.9,28.3,0.0,38.391313654175605
2009-09-09,38.9,26.1,0.0,37.80054416740447
2009-09-10,41.1,27.2,0.0,37.78063674444445
2009-09-11,41.1,28.3,0.0,39.005072790915584
2009-09-12,40.6,28.9,0.0,37.60621143488218
2009-09-13,38.9,28.3,0.0,37.05286929405112
2009-09-14,38.9,27.8,0.0,36.84797455203558
2009-09-15,37.2,25.6,0.0,35.35010501532445
2009-09-16,36.1,23.9,0.0,33.59100242466448
2009-09-17,37.8,24.4,0.0,34.20001246842446
2009-09-18,37.2,26.1,0.0,34.376844877922906
2009-09-19,38.9,26.7,0.0,35.49618252001778
2009-09-20,38.9,25.6,0.0,36.72997810633781
2009-09-21,40.0,25.6,0.0,36.6259797458305
2009-09-22,36.7,25.6,0.0,36.6259797458305
2009-09-23,35.0,24.4,0.0,32.03763002278005
2009-09-24,36.7,21.1,0.0,32.14031021707014
2009-09-25,39.4,22.8,0.0,35.16133516827887
2009-09-26,41.1,24.4,0.0,36.52126576716183
2009-09-27,41.7,23.3,0.0,36.078783897448574
2009-09-28,41.1,23.3,0.0,36.078783897448574
2009-09-29,39.4,23.3,0.0,35.55085281047777
2009-09-30,36.1,25.0,0.0,34.41081126292361
2009-10-01,32.2,18.3,0.0,30.98010220221708
2009-10-02,32.8,16.7,0.0,28.752411857601878
2009-10-03,31.7,21.1,0.0,29.208221804471123
2009-10-04,33.3,21.7,0.0,30.36155017420448
2009-10-05,27.8,18.3,0.0,29.80980657513561
2009-10-06,30.6,15.0,0.0,27.668524419964463
2009-10-07,26.7,19.4,0.0,26.842008282515597
2009-10-08,27.8,16.7,0.0,26.402567621954876
2009-10-09,30.0,15.6,0.0,27.492323146882175
2009-10-10,31.1,17.8,0.0,28.411119738469868
2009-10-11,31.7,17.2,0.0,29.06781617369778
2009-10-12,31.7,19.4,0.0,29.256685372175596
2009-10-13,28.9,18.9,0.0,29.0329700379378
2009-10-14,31.1,17.8,0.0,28.67405660348446
2009-10-15,33.9,18.9,0.0,31.167693901235605
2009-10-16,37.8,18.9,0.0,34.16256487321474
2009-10-17,38.9,22.2,0.0,35.606575721352186
2009-10-18,37.8,23.3,0.0,35.24522790338049
2009-10-19,35.0,21.7,0.0,33.59100242466448
2009-10-20,28.3,20.6,0.0,31.51302410233781
2009-10-21,28.9,16.7,0.0,26.582636373635598
2009-10-22,29.4,16.1,0.0,27.291183144664483
2009-10-23,31.7,16.1,0.0,28.411119738469868
2009-10-24,31.1,15.6,0.0,28.036665419365292
2009-10-25,31.7,17.2,0.0,29.39487488070584
2009-10-26,28.9,15.0,0.0,28.80472096989557
2009-10-27,29.4,13.3,0.0,27.411282049132108
2009-10-28,17.8,10.6,0.0,26.850223308424454
2009-10-29,19.4,7.2,0.0,16.913611111111113
2009-10-30,20.6,7.8,0.0,18.554444444444442
2009-10-31,28.3,10.0,0.0,26.49263152332448
2009-11-01,31.1,12.8,0.0,28.036665419365292
2009-11-02,31.7,13.9,0.0,28.80472096989557
2009-11-03,35.6,14.4,0.0,31.46469992222223
2009-11-04,33.3,16.7,0.0,30.71921831372028
2009-11-05,33.3,17.2,0.0,30.068349315190954
2009-11-06,28.3,16.1,0.0,29.39487488070584
2009-11-07,29.4,14.4,0.0,27.685917222915585
2009-11-08,28.9,15.0,0.0,26.951463358051168
2009-11-09,30.0,14.4,0.0,27.362086793075598
2009-11-10,32.8,16.1,0.0,30.189251617214715
2009-11-11,32.2,17.8,0.0,29.692491098716737
2009-11-12,26.1,17.8,0.0,28.632732378915577
2009-11-13,23.9,18.3,0.0,25.26027777777778
2009-11-14,20.6,13.3,0.0,21.7686111111111
2009-11-15,20.6,9.4,0.0,19.275833333333335
2009-11-16,23.3,7.2,0.0,22.584166666666665
2009-11-17,25.6,8.3,0.0,23.752222222222226
2009-11-18,25.0,10.0,0.0,23.752222222222226
2009-11-19,25.0,8.9,0.0,23.76527777777778
2009-11-20,25.6,8.9,0.0,24.42138888888889
2009-11-21,25.0,10.0,0.0,23.804444444444453
2009-11-22,24.4,8.9,0.0,23.30555555555555
2009-11-23,23.3,8.9,0.0,22.688611111111104
2009-11-24,24.4,8.9,0.0,23.214166666666657
2009-11-25,26.1,8.3,0.0,25.53722222222223
2009-11-26,27.2,15.6,0.0,26.16722222222222
2009-11-27,27.2,13.3,0.0,26.25861111111111
2009-11-28,21.7,13.3,0.3,25.11666666666666
2009-11-29,20.0,9.4,0.0,18.290555555555557
2009-11-30,21.1,10.6,0.0,19.99722222222222
2009-12-01,20.6,8.3,0.0,19.41944444444444
2009-12-02,20.6,7.8,0.0,19.367222222222217
2009-12-03,20.0,6.7,0.0,19.30194444444444
2009-12-04,16.1,3.3,0.0,18.107777777777773
2009-12-05,15.6,4.4,0.0,13.856111111111112
2009-12-06,16.1,4.4,0.0,15.402777777777784
2009-12-07,16.1,11.1,7.4,14.286944444444442
2009-12-08,12.8,5.6,0.0,13.602500000000001
2009-12-09,14.4,5.0,0.0,12.936111111111112
2009-12-10,14.4,2.8,0.0,13.014444444444445
2009-12-11,17.2,4.4,0.0,16.453333333333333
2009-12-12,18.3,7.2,0.0,17.13555555555556
2009-12-13,16.7,9.4,0.0,17.161666666666672
2009-12-14,18.9,7.8,0.0,17.712777777777774
2009-12-15,21.1,6.1,0.0,19.840555555555554
2009-12-16,22.8,6.7,0.0,22.20277777777778
2009-12-17,21.7,7.8,0.0,21.073888888888884
2009-12-18,22.2,7.8,0.0,21.546666666666663
2009-12-19,22.8,7.8,0.0,22.15055555555556
2009-12-20,21.7,7.8,0.0,21.06083333333334
2009-12-21,18.3,10.6,0.0,19.945
2009-12-22,18.9,8.3,4.6,18.225277777777777
2009-12-23,13.3,5.0,0.0,12.488888888888887
2009-12-24,15.0,3.3,0.0,13.656944444444441
2009-12-25,15.0,2.8,0.0,13.578611111111114
2009-12-26,15.6,1.7,0.0,13.960555555555558
2009-12-27,16.7,4.4,0.0,15.141666666666671
2009-12-28,16.1,7.2,0.0,15.180833333333336
2009-12-29,17.2,8.3,0.0,15.23305555555556
2009-12-30,16.1,5.6,0.0,15.23305555555556
2009-12-31,17.8,6.7,0.0,16.283611111111107
2010-01-01,20.0,5.0,0.0,19.158333333333335
2010-01-02,21.7,7.2,0.0,20.378611111111113
2010-01-03,21.7,5.6,0.0,20.995555555555555
2010-01-04,23.3,7.2,0.0,22.12444444444445
2010-01-05,22.8,7.2,0.0,21.5336111111111
2010-01-06,20.6,6.7,0.0,21.021666666666665
2010-01-07,20.6,8.9,0.0,19.288888888888888
2010-01-08,21.1,6.7,0.0,19.86666666666666
2010-01-09,21.1,7.2,0.0,20.352500000000003
2010-01-10,21.7,7.8,0.0,20.339444444444453
2010-01-11,22.8,6.7,0.0,22.098333333333343
2010-01-12,23.9,8.3,0.0,23.25333333333333
2010-01-13,22.2,12.2,0.0,22.11138888888889
2010-01-14,22.8,8.9,0.0,21.100000000000005
2010-01-15,23.3,8.9,0.0,21.585833333333326
2010-01-16,21.1,11.7,0.0,21.585833333333326
2010-01-17,20.6,9.4,0.0,19.905833333333334
2010-01-18,15.0,10.6,0.3,18.632777777777775
2010-01-19,20.0,11.1,22.1,18.972222222222225
2010-01-20,17.8,8.3,0.0,16.649166666666662
2010-01-21,16.1,10.6,33.8,16.649166666666662
2010-01-22,15.6,8.3,4.1,15.91194444444445
2010-01-23,13.9,7.8,0.8,12.68472222222222
2010-01-24,14.4,5.0,0.0,13.118888888888891
2010-01-25,16.7,5.6,0.0,15.402777777777784
2010-01-26,19.4,7.8,0.0,18.317222222222224
2010-01-27,17.2,11.1,0.0,18.23833333333333
2010-01-28,17.8,10.6,0.8,16.766666666666666
2010-01-29,19.4,10.0,0.0,18.434166666666666
2010-01-30,20.0,10.0,0.0,18.81555555555555
2010-01-31,20.6,8.3,0.0,20.088611111111106
2010-02-01,19.4,9.4,0.0,19.484722222222217
2010-02-02,22.8,11.1,0.0,21.716388888888883
2010-02-03,21.7,12.2,0.3,21.204444444444448
2010-02-04,20.0,10.0,0.0,20.088611111111106
2010-02-05,21.1,10.0,0.0,19.576111111111107
2010-02-06,20.6,10.6,0.0,19.49777777777778
2010-02-07,17.2,9.4,1.3,18.828611111111115
2010-02-08,17.8,8.3,0.0,16.492499999999996
2010-02-09,18.9,7.8,0.0,18.225277777777777
2010-02-10,15.6,10.0,0.5,17.608333333333334
2010-02-11,17.8,6.7,0.0,17.30527777777778
2010-02-12,20.0,8.3,0.0,18.86777777777778
2010-02-13,22.8,8.9,0.0,21.6511111111111
2010-02-14,24.4,9.4,0.0,23.895833333333332
2010-02-15,24.4,11.1,0.0,23.37083333333333
2010-02-16,25.0,12.2,0.0,23.85666666666667
2010-02-17,25.6,10.6,0.0,24.499722222222225
2010-02-18,23.9,10.6,0.0,23.85666666666667
2010-02-19,24.4,10.6,0.0,22.793055555555558
2010-02-20,16.1,10.6,2.3,22.779999999999994
2010-02-21,17.8,10.6,5.1,16.740555555555552
2010-02-22,16.1,8.3,5.3,16.623055555555553
2010-02-23,16.7,5.0,0.0,14.681944444444444
2010-02-24,20.0,9.4,0.0,18.711111111111116
2010-02-25,22.2,10.6,0.0,20.522222222222222
2010-02-26,21.1,10.6,0.0,21.100000000000005
2010-02-27,21.7,11.7,2.0,20.483055555555566
2010-02-28,15.0,10.0,17.8,21.08694444444445
2010-03-01,19.4,8.9,0.0,18.49944444444445
2010-03-02,23.3,10.6,0.0,22.34638888888889
2010-03-03,22.8,10.6,0.0,21.742499999999993
2010-03-04,21.1,10.6,0.0,21.204444444444448
2010-03-05,21.7,9.4,0.0,19.905833333333334
2010-03-06,25.0,11.7,0.0,24.617222222222225
2010-03-07,16.1,8.9,9.1,23.501388888888886
2010-03-08,14.4,8.3,2.8,13.588888888888894
2010-03-09,15.0,9.4,2.5,13.957222222222224
2010-03-10,16.1,6.7,0.0,14.851666666666667
2010-03-11,16.7,7.2,0.0,15.298333333333337
2010-03-12,20.6,7.8,0.0,19.41944444444444
2010-03-13,22.2,9.4,0.0,21.638055555555553
2010-03-14,18.9,10.6,0.0,21.204444444444448
2010-03-15,24.4,10.6,0.0,23.357777777777773
2010-03-16,27.2,12.8,0.0,26.24555555555556
2010-03-17,29.4,13.3,0.0,27.2862978789956
2010-03-18,28.3,13.3,0.0,27.665250694595574
2010-03-19,25.0,14.4,0.0,26.25861111111111
2010-03-20,22.8,13.9,0.0,23.98722222222222
2010-03-21,25.6,10.6,0.0,24.39527777777778
2010-03-22,28.3,12.2,0.0,26.323038386177743
2010-03-23,20.0,13.3,13.2,26.2325
2010-03-24,22.8,12.2,0.0,21.611944444444436
2010-03-25,25.6,11.1,0.0,24.512777777777778
2010-03-26,23.9,11.7,0.0,23.90888888888889
2010-03-27,24.4,10.6,0.0,22.675555555555558
2010-03-28,26.7,11.7,0.0,25.576388888888896
2010-03-29,28.9,12.8,0.0,26.60759671219786
2010-03-30,30.6,13.3,0.0,27.86179158031804
2010-03-31,28.9,15.0,0.0,27.631208405080528
2010-04-01,20.0,12.8,0.0,26.56073681420451
2010-04-02,21.1,10.0,0.0,20.391666666666673
2010-04-03,26.1,11.7,0.0,24.447500000000005
2010-04-04,28.3,12.8,0.0,26.48047843731561
2010-04-05,27.2,14.4,0.0,26.842008282515597
2010-04-06,25.6,13.9,0.0,23.935
2010-04-07,25.0,15.0,0.0,24.973055555555554
2010-04-08,30.0,13.3,0.0,27.18984946030865
2010-04-09,30.0,13.9,0.0,27.260045205845373
2010-04-10,31.1,14.4,0.0,28.23455198796191
2010-04-11,31.7,15.0,0.0,28.80472096989557
2010-04-12,28.3,16.1,0.0,28.23455198796191
2010-04-13,23.9,14.4,0.0,25.16888888888889
2010-04-14,28.3,13.3,0.0,26.49263152332448
2010-04-15,32.8,15.0,0.0,28.708634567352206
2010-04-16,29.4,17.8,0.0,29.690872348109515
2010-04-17,32.2,15.6,0.0,28.90615223644336
2010-04-18,35.6,20.0,0.0,31.993099383378382
2010-04-19,31.1,20.0,0.0,31.306885578167794
2010-04-20,31.7,18.9,0.0,29.256685372175596
2010-04-21,25.0,14.4,0.0,28.91419919889784
2010-04-22,19.4,11.7,1.0,17.58222222222222
2010-04-23,22.2,11.1,0.0,21.15222222222222
2010-04-24,27.2,13.3,0.0,25.73305555555556
2010-04-25,31.7,15.0,0.0,28.506664233830488
2010-04-26,33.3,16.7,0.0,30.068349315190954
2010-04-27,35.0,17.8,0.0,31.120488861070108
2010-04-28,32.8,20.0,0.0,30.357033287605734
2010-04-29,22.8,15.0,0.0,29.535345406817815
2010-04-30,23.3,11.1,0.0,21.48138888888888
2010-05-01,27.2,13.3,0.0,26.21944444444445
2010-05-02,27.8,15.6,0.0,26.21944444444445
2010-05-03,28.9,13.9,0.0,26.25259387528676
2010-05-04,33.3,15.6,0.0,29.37893397695182
2010-05-05,36.7,18.3,0.0,31.993099383378382
2010-05-06,34.4,18.3,0.0,31.20932483333335
2010-05-07,35.0,19.4,0.0,31.91643738888892
2010-05-08,36.1,20.0,0.0,32.29724478016635
2010-05-09,34.4,21.1,0.0,32.29724478016635
2010-05-10,28.3,16.1,0.0,29.74784162522636
2010-05-11,25.6,17.2,0.0,26.2325
2010-05-12,27.8,13.3,0.0,26.2325
2010-05-13,30.6,17.2,0.0,27.411282049132108
2010-05-14,32.8,18.9,0.0,29.84764431919676
2010-05-15,35.0,20.0,0.0,31.46469992222223
2010-05-16,36.7,20.0,0.0,32.14031021707014
2010-05-17,36.1,20.6,0.0,31.609809258729772
2010-05-18,31.1,20.0,0.0,30.38866942100843
2010-05-19,34.4,18.9,0.0,30.189251617214715
2010-05-20,36.7,20.0,0.0,33.30356359160573
2010-05-21,38.3,22.2,0.0,34.60109775231118
2010-05-22,32.8,22.2,0.0,33.58698929119677
2010-05-23,26.1,16.7,0.0,29.28525801938051
2010-05-24,26.7,14.4,0.0,25.038333333333327
2010-05-25,32.2,16.1,0.0,28.15352873281462
2010-05-26,35.0,18.3,0.0,30.87263397109104
2010-05-27,36.1,19.4,0.0,32.08532983333335
2010-05-28,36.7,21.7,0.0,33.59100242466448
2010-05-29,34.4,21.1,0.0,33.0933687999645
2010-05-30,36.7,20.0,0.0,32.292875691241285
2010-05-31,37.8,21.1,0.0,32.435787065478564
2010-06-01,37.2,21.7,0.0,32.96992626505744
2010-06-02,36.1,21.7,0.0,32.292875691241285
2010-06-03,37.8,23.3,0.0,33.95949560719096
2010-06-04,39.4,24.4,0.0,35.377580196813305
2010-06-05,41.7,26.7,0.0,37.316018065132084
2010-06-06,42.8,28.3,0.0,38.05221498141791
2010-06-07,42.2,27.8,0.0,38.34827357935641
2010-06-08,41.7,27.2,0.0,37.83137135202459
2010-06-09,41.1,27.8,0.0,37.60621143488218
2010-06-10,39.4,26.7,0.0,37.91065365003668
2010-06-11,35.6,25.0,0.0,36.47690039955555
2010-06-12,30.6,20.6,0.0,31.51302410233781
2010-06-13,33.9,21.1,0.0,31.56558905401558
2010-06-14,38.3,22.8,0.0,33.95949560719096
2010-06-15,40.0,24.4,0.0,35.63221867681462
2010-06-16,40.0,25.0,0.0,35.754293935556916
2010-06-17,40.6,25.0,0.0,35.86086571596193
2010-06-18,42.2,24.4,0.0,36.7539235721255
2010-06-19,40.0,23.9,0.0,35.754293935556916
2010-06-20,40.6,25.6,0.0,35.02545047179938
2010-06-21,40.6,25.0,0.0,35.21451105473334
2010-06-22,40.0,23.9,0.0,35.21451105473334
2010-06-23,42.8,24.4,0.0,36.60210831041206
2010-06-24,45.0,26.1,0.0,38.5380105794407
2010-06-25,43.3,31.1,0.0,37.978749777132776
2010-06-26,41.7,26.7,0.0,38.33903292964404
2010-06-27,42.2,26.1,0.0,37.584915204349436
2010-06-28,44.4,27.2,0.0,38.822564230460955
2010-06-29,43.9,28.9,0.0,39.48119219451558
2010-06-30,45.0,31.7,0.0,42.22255295955558
2010-07-01,45.6,31.7,0.0,42.150659302817814
2010-07-02,45.6,32.2,0.0,42.716417542595565
2010-07-03,40.0,30.6,0.0,40.34565189682806
2010-07-04,40.0,27.2,0.0,37.10052853596449
2010-07-05,40.0,27.8,0.0,36.050980114817776
2010-07-06,40.6,27.8,0.0,36.10270824051368
2010-07-07,41.7,28.3,0.0,37.316018065132084
2010-07-08,44.4,30.0,0.0,41.85636884972194
2010-07-09,44.4,33.3,0.0,42.997006461057836
2010-07-10,42.8,32.8,0.0,41.488846309235605
2010-07-11,41.7,32.8,0.0,41.488846309235605
2010-07-12,41.7,30.6,0.0,41.11624653890447
2010-07-13,42.8,32.2,0.0,41.495552028017855
2010-07-14,44.4,32.8,0.0,43.40066278201559
2010-07-15,45.0,34.4,0.0,43.16308674396446
2010-07-16,45.0,34.4,0.0,43.868335853697786
2010-07-17,43.3,32.2,0.0,42.69782342313561
2010-07-18,42.8,31.7,0.0,44.055131520551164
2010-07-19,43.3,34.4,0.0,42.2296772376356
2010-07-20,42.8,30.6,1.0,42.70277289020449
2010-07-21,41.1,31.7,0.0,40.941247777475624
2010-07-22,37.8,28.9,0.0,40.58292983287112
2010-07-23,33.3,28.9,0.0,37.547724858995565
2010-07-24,41.1,29.4,0.0,40.941247777475624
2010-07-25,43.3,31.1,0.0,41.11624653890447
2010-07-26,41.7,31.1,0.0,40.72266417601779
2010-07-27,40.0,31.1,0.0,39.07631835555556
2010-07-28,40.6,30.0,0.0,40.67742350623117
2010-07-29,40.0,26.1,15.2,41.44535221371561
2010-07-30,36.7,25.6,0.0,37.70329621273782
2010-07-31,31.1,23.3,33.8,36.8336682331378
2010-08-01,30.6,26.1,0.0,31.55937428402463
2010-08-02,38.9,25.6,0.0,37.233352309724495
2010-08-03,41.7,28.9,0.0,39.640043598015566
2010-08-04,43.3,30.6,0.0,41.1253979113245
2010-08-05,44.4,30.0,0.0,41.1253979113245
2010-08-06,42.8,31.7,0.0,41.25119152944905
2010-08-07,37.2,25.0,2.0,39.777810462424476
2010-08-08,40.0,26.7,0.0,38.391313654175605
2010-08-09,40.0,27.2,0.0,36.92906026801558
2010-08-10,42.2,29.4,0.0,39.95154991769784
2010-08-11,42.2,32.2,0.0,41.44492824545783
2010-08-12,43.3,30.6,0.0,40.9568667861973
2010-08-13,43.3,29.4,0.0,39.46782454176862
2010-08-14,42.2,30.6,0.0,40.41663589969555
2010-08-15,42.8,32.2,0.0,41.44492824545783
2010-08-16,41.1,31.7,0.0,41.87664238005113
2010-08-17,41.7,25.0,3.6,43.13120839540448
2010-08-18,40.0,25.6,0.0,40.941247777475624
2010-08-19,42.8,30.6,0.0,41.488846309235605
2010-08-20,43.3,30.0,0.0,42.28423951745782
2010-08-21,41.1,25.0,2.0,41.86309564444445
2010-08-22,39.4,25.0,1.5,41.055012611971144
2010-08-23,42.8,30.6,0.0,42.69782342313561
2010-08-24,43.9,32.2,0.0,42.997006461057836
2010-08-25,40.6,30.6,0.0,42.51643423866445
2010-08-26,35.0,30.6,0.0,38.82184079287112
2010-08-27,33.9,27.8,0.0,34.77222676805112
2010-08-28,38.3,26.7,0.5,38.08301543655112
2010-08-29,38.3,26.7,0.0,36.402953703751095
2010-08-30,36.7,26.1,0.0,35.35010501532445
2010-08-31,37.2,25.0,0.0,35.39049714903779
2010-09-01,40.0,26.7,0.0,36.72997810633781
2010-09-02,42.2,26.7,0.0,38.65995340797939
2010-09-03,43.9,27.2,0.0,40.559791022363484
2010-09-04,42.8,30.0,0.0,40.375514202452045
2010-09-05,42.2,28.3,0.0,39.640043598015566
2010-09-06,40.6,30.6,0.0,40.08962503081779
2010-09-07,39.4,30.0,0.0,38.07419268615775
2010-09-08,39.4,27.2,0.0,37.30684383073781
2010-09-09,35.6,21.7,0.0,34.97673137667397
2010-09-10,35.6,21.7,0.0,31.468562742664492
2010-09-11,37.8,22.2,0.0,33.30356359160573
2010-09-12,37.2,23.9,0.0,33.13136993408938
2010-09-13,41.1,23.3,0.0,36.52126576716183
2010-09-14,40.6,25.0,0.0,35.86086571596193
2010-09-15,40.6,26.1,0.0,37.526354610915575
2010-09-16,41.1,26.1,0.0,38.45818517800082
2010-09-17,41.7,25.0,0.0,37.53998692304316
2010-09-18,42.8,25.0,0.0,37.77177761416387
2010-09-19,43.9,26.7,0.0,40.72266417601779
2010-09-20,41.7,31.7,0.0,40.375514202452045
2010-09-21,39.4,28.3,0.0,39.621159165037845
2010-09-22,36.1,25.0,3.3,38.77595320759115
2010-09-23,35.6,23.3,0.0,34.468957811111146
2010-09-24,38.3,23.9,0.0,34.717395583324446
2010-09-25,40.6,24.4,0.0,36.6259797458305
2010-09-26,40.6,27.8,0.0,39.005072790915584
2010-09-27,41.1,26.7,0.0,37.56267465555558
2010-09-28,38.3,27.2,0.0,37.91065365003668
2010-09-29,40.0,24.4,0.0,36.907408726595605
2010-09-30,41.7,25.6,0.0,37.91065365003668
2010-10-01,41.1,27.2,0.0,37.60621143488218
2010-10-02,38.9,27.2,0.0,37.30684383073781
2010-10-03,37.2,24.4,0.0,36.82806789723558
2010-10-04,36.7,23.3,1.3,34.16242559307558
2010-10-05,30.6,18.9,9.1,29.576440311111114
2010-10-06,31.7,19.4,0.0,30.03229921107551
2010-10-07,31.1,19.4,0.0,29.247429397031137
2010-10-08,30.6,17.2,0.0,28.133183644444404
2010-10-09,32.8,17.2,0.0,29.809894232673937
2010-10-10,32.8,18.3,0.0,30.472516219324454
2010-10-11,33.9,19.4,0.0,30.954397726817806
2010-10-12,35.6,20.0,0.0,31.93567442796443
2010-10-13,37.2,21.7,0.0,33.88464449506145
2010-10-14,37.8,23.9,0.0,33.88464449506145
2010-10-15,33.9,22.2,0.0,33.109356162472125
2010-10-16,33.3,21.7,0.0,30.742375815751075
2010-10-17,32.8,21.7,0.0,30.3755960911912
2010-10-18,30.6,22.8,0.0,29.65970892249557
2010-10-19,31.1,21.1,0.0,28.971164411715588
2010-10-20,22.8,17.8,1.8,27.790741763971212
2010-10-21,22.2,14.4,4.6,21.47861111111111
2010-10-22,23.3,15.6,0.0,22.46388888888889
2010-10-23,25.6,14.4,0.0,24.734722222222228
2010-10-24,27.8,16.1,0.0,26.441388888888895
2010-10-25,25.6,16.7,0.0,25.82444444444445
2010-10-26,27.2,15.6,0.0,26.415277777777785
2010-10-27,27.8,14.4,0.0,26.49263152332448
2010-10-28,33.3,15.0,0.0,30.747636229061445
2010-10-29,34.4,18.9,0.0,31.273400458731633
2010-10-30,30.6,16.1,0.0,29.94753127932447
2010-10-31,27.2,15.0,0.0,26.660030820035605
2010-11-01,30.0,15.0,0.0,27.665250694595574
2010-11-02,31.7,15.6,0.0,28.617893028813327
2010-11-03,33.3,16.7,0.0,30.609913356091752
2010-11-04,31.7,19.4,0.0,30.189251617214715
2010-11-05,31.1,17.8,0.0,28.90615223644336
2010-11-06,30.6,16.7,0.0,28.036665419365292
2010-11-07,29.4,14.4,0.0,27.57697936203664
2010-11-08,27.2,15.0,0.0,27.291183144664483
2010-11-09,21.7,12.2,0.0,24.0525
2010-11-10,21.7,8.9,0.0,20.352500000000003
2010-11-11,22.2,8.9,0.0,21.494444444444444
2010-11-12,22.2,9.4,0.0,20.9825
2010-11-13,24.4,8.9,0.0,23.25333333333333
2010-11-14,22.8,9.4,0.0,22.610277777777775
2010-11-15,23.9,9.4,0.0,23.383888888888887
2010-11-16,25.0,10.6,0.0,24.512777777777778
2010-11-17,26.7,11.1,0.0,24.512777777777778
2010-11-18,27.8,12.8,0.0,26.180277777777786
2010-11-19,25.0,11.1,0.0,26.180277777777786
2010-11-20,23.9,12.2,0.0,23.33166666666666
2010-11-21,22.2,14.4,0.0,21.348055555555558
2010-11-22,17.8,10.0,0.0,18.577777777777776
2010-11-23,16.1,6.1,0.0,15.272222222222227
2010-11-24,17.2,7.8,0.0,16.01972222222222
2010-11-25,17.2,7.8,0.0,16.322777777777773
2010-11-26,20.0,5.0,0.0,17.95111111111111
2010-11-27,21.1,5.0,0.0,19.762222222222224
2010-11-28,16.7,5.6,0.3,18.515277777777776
2010-11-29,14.4,3.3,0.0,13.408888888888887
2010-11-30,16.7,1.7,0.0,15.102500000000001
2010-12-01,22.2,4.4,0.0,20.930277777777775
2010-12-02,24.4,7.2,0.0,23.752222222222226
2010-12-03,23.9,8.9,0.0,23.240277777777774
2010-12-04,22.8,8.3,0.0,21.494444444444444
2010-12-05,25.6,8.9,0.0,23.804444444444453
2010-12-06,25.6,11.1,0.0,24.434444444444445
2010-12-07,25.0,9.4,0.0,23.84361111111111
2010-12-08,26.7,8.9,0.0,26.180277777777786
2010-12-09,24.4,10.0,0.0,24.408333333333335
2010-12-10,23.3,10.6,0.0,23.292500000000004
2010-12-11,24.4,8.9,0.0,23.383888888888887
2010-12-12,26.1,10.0,0.0,25.129722222222217
2010-12-13,27.8,12.2,0.0,26.25861111111111
2010-12-14,25.6,10.6,0.0,26.24555555555556
2010-12-15,22.2,9.4,0.0,23.869722222222226
2010-12-16,15.6,12.2,2.5,20.127777777777773
2010-12-17,16.7,10.0,0.0,15.690000000000005
2010-12-18,21.1,12.2,0.0,19.602222222222217
2010-12-19,23.9,13.3,0.0,23.54055555555555
2010-12-20,21.7,12.2,0.0,21.79472222222221
2010-12-21,18.9,13.9,0.3,20.652777777777786
2010-12-22,23.9,11.1,6.9,22.359444444444453
2010-12-23,16.1,10.0,0.0,19.602222222222217
2010-12-24,20.0,7.2,0.0,18.920000000000005
2010-12-25,24.4,8.9,0.0,23.383888888888887
2010-12-26,18.9,10.0,0.0,22.241944444444453
2010-12-27,19.4,8.9,0.0,17.765
2010-12-28,18.3,7.8,0.0,17.595277777777774
2010-12-29,12.2,8.3,11.9,17.122500000000006
2010-12-30,11.7,3.3,5.6,10.72722222222222
2010-12-31,8.9,0.0,0.0,7.542500000000002
2011-01-01,9.4,-1.1,0.0,7.594722222222225
2011-01-02,13.3,0.0,0.0,11.754999999999999
2011-01-03,15.0,3.3,0.0,13.526388888888887
2011-01-04,15.0,3.9,0.0,13.630833333333333
2011-01-05,16.7,3.3,0.0,15.285277777777784
2011-01-06,18.3,5.0,0.0,16.978888888888893
2011-01-07,19.4,5.6,0.3,17.53
2011-01-08,16.7,4.4,0.0,16.374999999999996
2011-01-09,17.2,5.0,0.0,15.928333333333333
2011-01-10,16.7,5.6,0.0,16.16333333333333
2011-01-11,17.8,5.0,0.0,16.33583333333333
2011-01-12,20.6,9.4,0.0,19.275833333333335
2011-01-13,22.2,9.4,0.0,21.021666666666665
2011-01-14,22.8,6.7,0.0,22.22888888888889
2011-01-15,24.4,8.9,0.0,22.71472222222222
2011-01-16,21.7,8.3,0.0,22.17666666666667
2011-01-17,23.3,8.9,0.0,22.29416666666667
2011-01-18,23.9,8.9,0.0,22.819166666666668
2011-01-19,23.9,8.9,0.0,22.832222222222214
2011-01-20,22.2,8.9,0.0,22.307222222222226
2011-01-21,21.1,6.1,0.0,20.339444444444453
2011-01-22,21.7,6.7,0.0,19.840555555555554
2011-01-23,21.7,8.3,0.0,20.365555555555563
2011-01-24,20.6,5.6,0.0,20.287222222222226
2011-01-25,20.6,6.1,0.0,19.788333333333334
2011-01-26,22.2,6.1,0.0,20.995555555555555
2011-01-27,22.8,9.4,0.0,21.45527777777777
2011-01-28,22.8,7.8,0.0,22.08527777777778
2011-01-29,22.2,7.2,0.0,21.442222222222217
2011-01-30,22.2,7.2,0.0,20.9825
2011-01-31,17.8,10.0,0.8,20.352500000000003
2011-02-01,17.8,5.0,0.0,17.057222222222222
2011-02-02,6.7,0.6,0.0,15.745555555555553
2011-02-03,9.4,-1.1,0.0,7.451111111111114
2011-02-04,12.2,-1.1,0.0,9.28833333333333
2011-02-05,16.7,2.2,0.0,14.577499999999995
2011-02-06,21.7,3.9,0.0,20.94333333333334
2011-02-07,22.2,5.6,0.0,20.956388888888885
2011-02-08,22.2,7.2,0.0,21.021666666666665
2011-02-09,20.0,6.1,0.0,18.528333333333332
2011-02-10,18.9,3.9,0.0,17.321111111111108
2011-02-11,23.9,5.0,0.0,22.558055555555555
2011-02-12,26.1,6.7,0.0,24.973055555555554
2011-02-13,26.7,7.8,0.0,26.12805555555556
2011-02-14,27.2,8.9,0.0,26.141111111111112
2011-02-15,26.1,8.9,0.0,25.524166666666666
2011-02-16,23.9,10.0,0.0,25.02527777777778
2011-02-17,22.8,13.3,0.0,22.32027777777778
2011-02-18,20.0,11.1,0.0,21.191388888888884
2011-02-19,23.3,10.0,8.1,22.34638888888889
2011-02-20,13.9,6.7,0.5,12.515
2011-02-21,17.2,5.0,0.0,15.889166666666666
2011-02-22,19.4,6.1,0.0,17.55611111111111
2011-02-23,19.4,6.7,0.0,17.58222222222222
2011-02-24,18.9,7.2,0.0,17.096388888888892
2011-02-25,20.0,7.8,0.0,18.173055555555557
2011-02-26,20.0,7.2,1.5,18.685000000000006
2011-02-27,13.3,6.1,6.6,18.658888888888896
2011-02-28,21.1,5.0,0.0,19.288888888888888
2011-03-01,24.4,8.3,0.0,23.33166666666666
2011-03-02,26.1,10.0,0.0,25.05138888888889
2011-03-03,26.1,12.2,0.0,24.473611111111115
2011-03-04,27.2,11.1,0.0,26.154166666666665
2011-03-05,26.1,10.0,0.0,26.141111111111112
2011-03-06,26.1,11.7,0.0,25.53722222222223
2011-03-07,23.9,15.6,0.0,24.408333333333335
2011-03-08,22.2,12.8,0.0,22.189722222222233
2011-03-09,27.2,10.0,0.0,26.180277777777786
2011-03-10,31.1,12.8,0.0,28.006003462733354
2011-03-11,30.6,12.8,0.0,27.93950144779937
2011-03-12,29.4,13.3,0.0,27.333856068786513
2011-03-13,29.4,13.3,0.0,27.333856068786513
2011-03-14,29.4,13.9,0.0,27.20186140000081
2011-03-15,30.0,15.6,0.0,27.665250694595574
2011-03-16,32.8,15.6,0.0,29.28525801938051
2011-03-17,32.2,16.7,0.0,29.420922927368483
2011-03-18,30.6,15.6,0.0,28.506664233830488
2011-03-19,27.2,13.9,0.0,27.2862978789956
2011-03-20,25.6,13.3,0.0,24.36916666666666
2011-03-21,20.6,10.6,1.5,23.752222222222226
2011-03-22,19.4,8.9,0.0,18.711111111111116
2011-03-23,23.9,8.3,0.0,22.137500000000006
2011-03-24,22.8,13.3,0.0,22.12444444444445
2011-03-25,23.3,10.0,0.0,22.22888888888889
2011-03-26,25.0,11.7,0.0,23.96111111111111
2011-03-27,25.0,12.2,0.0,24.53888888888889
2011-03-28,27.2,12.8,0.0,26.297777777777785
2011-03-29,30.0,15.0,0.0,27.291183144664483
2011-03-30,31.1,15.0,0.0,27.947113327619444
2011-03-31,33.9,17.8,0.0,30.47971237560652
2011-04-01,37.8,19.4,0.0,32.292875691241285
2011-04-02,35.0,19.4,0.0,32.43165147377428
2011-04-03,30.6,21.1,0.0,30.98010220221708
2011-04-04,28.9,17.8,0.0,27.668524419964463
2011-04-05,31.1,15.0,0.0,27.93950144779937
2011-04-06,28.3,18.9,0.0,27.562808035556923
2011-04-07,28.9,17.2,0.0,26.889711213057822
2011-04-08,23.3,11.1,0.0,26.25861111111111
2011-04-09,12.2,7.2,6.9,20.06249999999999
2011-04-10,19.4,6.7,0.0,17.621388888888887
2011-04-11,27.8,10.0,0.0,25.576388888888896
2011-04-12,29.4,14.4,0.0,26.60759671219786
2011-04-13,30.0,14.4,0.0,27.411282049132108
2011-04-14,27.2,13.9,0.0,26.60759671219786
2011-04-15,31.1,14.4,0.0,27.49863801047774
2011-04-16,35.0,16.7,0.0,30.87263397109104
2011-04-17,36.1,18.9,0.0,32.29724478016635
2011-04-18,33.9,18.9,0.0,31.606122433333358
2011-04-19,31.1,20.0,0.0,29.692491098716737
2011-04-20,32.2,18.3,0.0,29.018633022664442
2011-04-21,33.3,20.0,0.0,30.357033287605734
2011-04-22,32.2,17.8,0.0,29.47701097085567
2011-04-23,31.7,19.4,0.0,28.632732378915577
2011-04-24,30.0,18.9,0.0,28.632732378915577
2011-04-25,30.6,18.3,0.0,28.036665419365292
2011-04-26,31.7,20.6,0.0,28.18568594167326
2011-04-27,30.6,18.3,0.0,27.87783984626985
2011-04-28,34.4,17.8,0.0,29.655072133940376
2011-04-29,32.2,20.6,0.0,29.74784162522636
2011-04-30,28.3,18.3,0.0,29.181586634539613
2011-05-01,26.1,16.1,0.0,25.48500000000001
2011-05-02,30.0,13.9,0.0,26.581365049247843
2011-05-03,34.4,17.8,0.0,30.29469364078004
2011-05-04,36.7,18.3,0.0,31.92529572855612
2011-05-05,37.2,18.9,0.0,32.43165147377428
2011-05-06,38.3,20.0,0.0,32.550095188868404
2011-05-07,37.2,20.6,0.0,32.16015667700843
2011-05-08,35.0,20.6,0.0,32.43165147377428
2011-05-09,26.7,18.3,0.0,30.24187609208936
2011-05-10,24.4,16.1,0.0,25.02527777777778
2011-05-11,30.0,15.6,0.0,27.665250694595574
2011-05-12,34.4,17.8,0.0,31.122699534472115
2011-05-13,38.3,21.1,0.0,33.78933823319743
2011-05-14,35.0,21.7,0.0,33.11231035733885
2011-05-15,33.9,21.1,0.0,30.600931757478577
2011-05-16,31.1,20.0,0.0,29.84764431919676
2011-05-17,28.3,18.9,0.0,27.20186140000081
2011-05-18,25.0,17.2,0.3,26.33694444444444
2011-05-19,26.1,12.8,0.0,24.499722222222225
2011-05-20,31.1,16.1,0.0,28.133183644444404
2011-05-21,34.4,19.4,0.0,30.47971237560652
2011-05-22,35.0,20.6,0.0,30.845608461966467
2011-05-23,33.3,20.0,0.0,30.357033287605734
2011-05-24,32.2,19.4,0.0,29.58153001144398
2011-05-25,36.1,19.4,0.0,31.20932483333335
2011-05-26,37.8,21.1,0.0,32.819232584510004
2011-05-27,38.3,21.7,0.0,34.13810030495181
2011-05-28,38.3,25.0,0.0,35.01830607253958
2011-05-29,31.7,21.1,0.0,34.330119706855676
2011-05-30,29.4,17.8,0.0,27.675413262737784
2011-05-31,37.8,18.3,0.0,32.292875691241285
2011-06-01,34.4,22.8,0.0,31.33243405555556
2011-06-02,35.0,20.0,0.0,30.659116686729742
2011-06-03,36.1,18.9,0.0,30.990576322222246
2011-06-04,38.9,20.6,0.0,33.35438695569918
2011-06-05,40.6,22.8,0.0,35.68363214820629
2011-06-06,35.6,23.9,0.0,35.36113642984302
2011-06-07,35.6,21.1,0.0,31.33243405555556
2011-06-08,36.1,22.2,0.0,31.46469992222223
2011-06-09,36.7,21.7,0.0,32.292875691241285
2011-06-10,37.8,22.8,0.0,33.13136993408938
2011-06-11,38.3,23.3,0.0,33.78933823319743
2011-06-12,39.4,23.3,0.0,33.78933823319743
2011-06-13,38.3,22.8,0.0,33.259325929940374
2011-06-14,41.1,23.3,0.0,35.21451105473334
2011-06-15,43.3,25.6,0.0,37.85918047433126
2011-06-16,40.6,25.6,0.0,37.30627232055643
2011-06-17,40.6,26.7,0.0,36.2977330401764
2011-06-18,41.1,25.0,0.0,35.36113642984302
2011-06-19,37.8,24.4,0.0,35.55085281047777
2011-06-20,39.4,25.6,0.0,34.58910305870217
2011-06-21,42.8,25.6,0.0,36.52126576716183
2011-06-22,44.4,27.2,0.0,39.11407061691611
2011-06-23,43.9,28.9,0.0,39.28470468196802
2011-06-24,43.3,29.4,0.0,39.68872027795486
2011-06-25,43.9,29.4,0.0,38.98725446728676
2011-06-26,44.4,30.0,0.0,39.694983636807784
2011-06-27,46.1,29.4,0.0,40.705335390204475
2011-06-28,43.9,30.0,0.0,40.23875234444448
2011-06-29,44.4,32.2,0.0,41.752300926424454
2011-06-30,40.6,30.0,0.0,41.495552028017855
2011-07-01,44.4,26.7,0.0,38.52474927753378
2011-07-02,47.8,28.9,0.0,42.83215080036446
2011-07-03,44.4,32.2,0.0,42.95002891033779
2011-07-04,40.0,28.3,0.0,41.495552028017855
2011-07-05,40.6,25.6,1.0,40.48614179955557
2011-07-06,39.4,26.1,0.0,41.700630202897834
2011-07-07,41.7,30.6,0.0,40.359909044444436
2011-07-08,43.3,31.7,0.5,42.70277289020449
2011-07-09,43.3,28.3,0.0,41.11624653890447
2011-07-10,41.1,27.8,2.3,40.41663589969555
2011-07-11,37.8,24.4,10.9,37.11799434521783
2011-07-12,39.4,28.9,0.0,38.11572851647114
2011-07-13,40.0,27.8,0.0,37.365476079384464
2011-07-14,39.4,25.0,0.0,35.754293935556916
2011-07-15,39.4,25.0,0.0,34.767096599223294
2011-07-16,41.7,26.1,0.0,36.2977330401764
2011-07-17,43.9,29.4,0.0,39.75828745440933
2011-07-18,44.4,32.2,0.0,42.51643423866445
2011-07-19,42.8,31.1,0.0,41.44492824545783
2011-07-20,42.8,31.7,0.0,41.82949212620453
2011-07-21,42.2,30.6,0.0,41.44492824545783
2011-07-22,41.1,31.1,0.0,39.12490045392521
2011-07-23,41.1,30.0,0.0,39.90904047987556
2011-07-24,39.4,23.3,18.8,39.07631835555556
2011-07-25,36.7,23.9,0.5,38.96840892532447
2011-07-26,40.6,29.4,0.0,39.29214650849783
2011-07-27,40.6,28.9,0.0,38.516871477777805
2011-07-28,42.2,31.1,0.0,40.758843069057804
2011-07-29,41.7,31.7,0.0,41.488846309235605
2011-07-30,43.3,30.6,0.0,42.28423951745782
2011-07-31,43.9,28.3,1.8,42.27963475135108
2011-08-01,41.1,27.8,0.0,41.729306356175584
2011-08-02,45.0,31.7,0.0,43.62720431473778
2011-08-03,43.9,28.9,4.3,42.51643423866445
2011-08-04,41.7,27.2,0.0,42.56556114769562
2011-08-05,42.8,31.1,0.0,41.488846309235605
2011-08-06,42.2,30.6,0.0,40.771370213315635
2011-08-07,42.2,31.1,0.0,41.87664238005113
2011-08-08,40.0,30.6,0.0,40.81187522956455
2011-08-09,40.6,31.1,0.0,40.44721410993783
2011-08-10,41.1,32.2,0.0,38.732247918737784
2011-08-11,39.4,29.4,0.0,38.465250953315596
2011-08-12,38.3,30.6,0.0,39.6256119871911
2011-08-13,39.4,30.0,0.0,38.16630760972448
2011-08-14,42.8,31.1,0.0,40.238860733671075
2011-08-15,42.2,32.2,0.0,40.61860752507562
2011-08-16,41.7,31.1,0.0,39.29214650849783
2011-08-17,43.3,31.1,0.0,41.881832563395605
2011-08-18,44.4,28.3,0.0,42.95002891033779
2011-08-19,41.1,28.3,0.0,41.881832563395605
2011-08-20,41.7,30.0,0.0,40.01842425555557
2011-08-21,42.2,30.0,0.0,39.777810462424476
2011-08-22,45.0,31.1,0.0,40.559791022363484
2011-08-23,45.6,31.7,0.0,41.25119152944905
2011-08-24,45.6,32.2,0.0,42.12172095555559
2011-08-25,45.0,33.3,0.0,43.46671785555561
2011-08-26,47.2,33.9,0.0,44.871887478995575
2011-08-27,44.4,32.2,0.0,43.00045091111114
2011-08-28,41.7,31.7,0.0,42.95002891033779
2011-08-29,44.4,31.1,0.0,40.85240671068243
2011-08-30,45.0,32.2,0.0,40.9568667861973
2011-08-31,44.4,32.8,0.0,41.25119152944905
2011-09-01,44.4,32.2,0.0,42.099878766995566
2011-09-02,38.9,30.6,0.0,40.771370213315635
2011-09-03,42.8,29.4,0.0,39.12490045392521
2011-09-04,43.3,29.4,0.0,40.375514202452045
2011-09-05,41.1,32.8,0.0,39.90904047987556
2011-09-06,41.7,29.4,0.0,40.941247777475624
2011-09-07,42.2,30.6,0.0,40.01842425555557
2011-09-08,42.8,30.6,0.0,39.95154991769784
2011-09-09,37.8,26.1,0.0,38.78380501381933
2011-09-10,38.3,25.6,0.0,36.84797455203558
2011-09-11,37.2,25.0,0.0,36.041461872035576
2011-09-12,38.9,26.1,0.0,36.402953703751095
2011-09-13,37.2,23.3,0.5,34.627587814175556
2011-09-14,34.4,22.2,0.0,33.30603208156442
2011-09-15,36.7,25.0,0.0,33.04518861111118
2011-09-16,37.8,25.6,0.0,34.43261115769557
2011-09-17,36.1,25.0,0.0,33.78899461201558
2011-09-18,38.3,23.3,0.0,34.53389801944396
2011-09-19,40.0,23.9,0.0,35.86086571596193
2011-09-20,40.6,23.3,0.0,35.16133516827887
2011-09-21,41.7,23.9,0.0,36.2977330401764
2011-09-22,41.1,25.6,0.0,37.26328415006614
2011-09-23,42.2,25.6,0.0,37.05635468335721
2011-09-24,41.7,25.6,0.0,37.05635468335721
2011-09-25,38.9,27.2,0.0,35.97145980508053
2011-09-26,37.8,23.3,0.0,34.843666284017786
2011-09-27,38.3,25.6,0.0,34.53389801944396
2011-09-28,37.2,24.4,0.0,34.20001246842446
2011-09-29,38.3,24.4,0.0,34.717395583324446
2011-09-30,40.0,26.1,0.0,36.6259797458305
2011-10-01,36.1,27.8,0.0,35.484361514705796
2011-10-02,37.8,25.0,0.0,35.28974281820443
2011-10-03,37.8,26.1,0.0,35.82361426145781
2011-10-04,35.0,19.4,1.5,34.3109368188178
2011-10-05,28.3,17.8,0.0,28.040058533564512
2011-10-06,24.4,17.2,0.0,26.36305555555556
2011-10-07,25.0,13.9,0.0,23.869722222222226
2011-10-08,26.1,14.4,0.0,25.090555555555554
2011-10-09,29.4,15.0,0.0,27.120523409010477
2011-10-10,31.1,16.7,0.0,28.411119738469868
2011-10-11,32.8,17.2,0.0,29.58153001144398
2011-10-12,35.6,18.3,0.0,32.08532983333335
2011-10-13,37.2,20.0,0.0,33.13136993408938
2011-10-14,37.2,20.6,0.0,32.96992626505744
2011-10-15,37.2,21.7,0.0,33.58698929119677
2011-10-16,36.1,20.6,0.0,33.13136993408938
2011-10-17,36.1,20.0,0.0,32.64028509457208
2011-10-18,36.1,20.6,0.0,32.64028509457208
2011-10-19,36.7,21.1,0.0,32.5888907997203
2011-10-20,34.4,19.4,0.0,32.14031021707014
2011-10-21,34.4,20.0,0.0,31.94996769247113
2011-10-22,36.1,20.0,0.0,31.91643738888892
2011-10-23,36.1,19.4,0.0,32.29724478016635
2011-10-24,33.9,20.0,0.0,31.402681356666946
2011-10-25,32.8,21.7,1.0,30.43976250705777
2011-10-26,26.7,18.9,0.3,29.941733340157846
2011-10-27,25.6,13.9,0.0,24.039444444444445
2011-10-28,30.0,14.4,0.0,27.685917222915585
2011-10-29,31.1,16.1,0.0,28.133183644444404
2011-10-30,32.2,16.1,0.0,28.90615223644336
2011-10-31,32.2,17.2,0.0,29.181586634539613
2011-11-01,31.1,16.1,0.0,28.617893028813327
2011-11-02,26.1,16.7,0.0,27.492323146882175
2011-11-03,28.9,11.7,0.0,26.60759671219786
2011-11-04,28.9,12.2,6.4,26.874074773695597
2011-11-05,17.2,10.6,5.3,24.196111111111108
2011-11-06,19.4,8.9,0.0,18.316666666666666
2011-11-07,16.1,8.9,6.4,17.13555555555556
2011-11-08,17.8,7.2,0.0,17.109444444444446
2011-11-09,23.3,8.3,0.0,22.189722222222233
2011-11-10,24.4,15.0,0.0,23.8175
2011-11-11,22.8,15.0,0.0,22.163611111111113
2011-11-12,24.4,12.8,0.3,23.39694444444444
2011-11-13,21.7,15.0,1.8,22.76694444444444
2011-11-14,22.2,12.2,0.0,21.820833333333326
2011-11-15,22.2,11.7,0.0,21.348055555555558
2011-11-16,23.3,11.7,0.0,22.46388888888889
2011-11-17,26.1,12.2,0.0,25.181944444444436
2011-11-18,24.4,11.7,0.0,24.578055555555554
2011-11-19,23.9,11.7,0.0,22.845277777777778
2011-11-20,23.3,11.7,0.0,22.988888888888887
2011-11-21,20.6,12.8,0.5,20.23222222222222
2011-11-22,22.8,10.0,0.0,21.742499999999993
2011-11-23,27.8,11.1,0.0,26.271666666666665
2011-11-24,20.0,10.6,0.0,26.271666666666665
2011-11-25,22.2,13.3,0.0,20.678888888888892
2011-11-26,25.6,9.4,0.0,24.486666666666665
2011-11-27,23.9,11.1,0.0,23.85666666666667
2011-11-28,23.9,8.9,0.0,22.675555555555558
2011-11-29,22.8,10.0,0.0,22.688611111111104
2011-11-30,24.4,8.9,0.0,23.357777777777773
2011-12-01,17.2,9.4,0.5,22.727777777777774
2011-12-02,16.1,6.7,0.0,14.956111111111106
2011-12-03,13.9,6.7,2.8,13.630833333333333
2011-12-04,13.3,4.4,0.0,12.055277777777778
2011-12-05,13.3,4.4,1.0,11.963888888888887
2011-12-06,13.3,2.2,0.0,11.676666666666668
2011-12-07,15.6,2.8,0.0,14.051944444444445
2011-12-08,17.2,3.3,0.0,15.246111111111114
2011-12-09,20.0,3.3,0.0,19.288888888888888
2011-12-10,21.7,5.6,0.0,20.391666666666673
2011-12-11,21.1,7.2,0.0,19.99722222222222
2011-12-12,14.4,9.4,8.1,17.608333333333334
2011-12-13,12.8,8.9,12.4,12.590555555555554
2011-12-14,13.9,8.3,0.0,13.432222222222224
2011-12-15,15.6,5.0,0.0,14.98222222222222
2011-12-16,21.1,7.8,0.0,20.010277777777773
2011-12-17,21.1,12.2,0.0,20.088611111111106
2011-12-18,13.3,9.4,3.0,17.25305555555556
2011-12-19,14.4,8.9,0.0,13.878888888888888
2011-12-20,16.7,10.6,0.0,15.585555555555556
2011-12-21,17.2,7.2,0.0,16.13722222222222
2011-12-22,13.9,6.1,0.0,15.48111111111111
2011-12-23,16.1,3.9,0.0,15.193888888888889
2011-12-24,16.7,3.3,0.0,15.154722222222226
2011-12-25,18.9,3.9,0.0,18.107777777777773
2011-12-26,17.8,4.4,0.0,16.952777777777776
2011-12-27,18.9,3.9,0.0,17.031111111111116
2011-12-28,20.0,5.0,0.0,18.671944444444442
2011-12-29,21.1,5.6,0.0,19.91888888888888
2011-12-30,23.9,7.2,0.0,23.410000000000004
2011-12-31,23.3,8.9,0.0,22.832222222222214
2012-01-01,27.2,7.8,0.0,26.24555555555556
2012-01-02,26.1,13.9,0.0,25.60250000000001
2012-01-03,23.9,12.2,0.0,24.460555555555555
2012-01-04,26.1,8.9,0.0,25.62861111111112
2012-01-05,25.0,10.0,0.0,25.58944444444445
2012-01-06,22.8,8.3,0.0,22.71472222222222
2012-01-07,21.7,7.8,0.0,21.55972222222222
2012-01-08,19.4,8.3,0.0,20.43083333333334
2012-01-09,19.4,6.7,0.0,18.107777777777773
2012-01-10,19.4,6.1,0.0,18.146944444444447
2012-01-11,18.9,6.7,0.0,18.133888888888883
2012-01-12,18.3,7.2,0.0,17.55611111111111
2012-01-13,21.1,3.3,0.0,19.762222222222224
2012-01-14,22.2,6.1,0.0,20.956388888888885
2012-01-15,17.2,11.7,0.0,18.593611111111116
2012-01-16,18.9,11.1,0.0,18.368888888888886
2012-01-17,20.6,7.8,0.0,19.41944444444444
2012-01-18,19.4,6.7,0.0,18.264444444444436
2012-01-19,21.1,6.7,0.0,19.958055555555553
2012-01-20,21.7,6.1,0.0,20.43083333333334
2012-01-21,22.2,8.9,0.0,21.073888888888884
2012-01-22,17.2,7.2,0.0,20.470000000000002
2012-01-23,17.2,5.6,0.0,15.87611111111111
2012-01-24,19.4,7.8,0.0,18.737222222222226
2012-01-25,21.7,7.2,0.0,19.840555555555554
2012-01-26,23.3,7.2,0.0,21.546666666666663
2012-01-27,20.6,7.8,0.0,22.17666666666667
2012-01-28,25.0,7.8,0.0,23.8175
2012-01-29,25.6,7.8,0.0,24.42138888888889
2012-01-30,23.3,8.9,0.0,25.05138888888889
2012-01-31,23.9,10.0,0.0,22.17666666666667
2012-02-01,23.9,8.3,0.0,23.31861111111111
2012-02-02,20.0,7.2,0.0,21.546666666666663
2012-02-03,20.0,7.2,0.0,18.146944444444447
2012-02-04,20.6,7.2,0.0,19.24972222222222
2012-02-05,22.2,6.1,0.0,21.047777777777775
2012-02-06,20.0,8.3,0.0,20.417777777777783
2012-02-07,23.3,10.0,0.0,22.163611111111113
2012-02-08,23.9,12.2,0.0,22.22888888888889
2012-02-09,25.6,11.7,0.0,23.88277777777778
2012-02-10,26.7,11.1,0.0,25.641666666666666
2012-02-11,27.2,11.7,0.0,25.61555555555556
2012-02-12,20.6,11.7,0.0,25.61555555555556
2012-02-13,20.0,8.9,0.0,18.763333333333335
2012-02-14,16.1,8.3,0.0,18.23833333333333
2012-02-15,17.8,5.6,0.0,17.031111111111116
2012-02-16,20.6,7.2,0.0,19.288888888888888
2012-02-17,21.1,8.9,0.0,19.32805555555556
2012-02-18,21.1,7.2,0.0,19.91888888888888
2012-02-19,20.0,8.3,0.0,19.32805555555556
2012-02-20,21.1,8.3,0.0,19.288888888888888
2012-02-21,23.9,6.7,0.0,22.11138888888889
2012-02-22,25.0,8.3,0.0,23.778333333333332
2012-02-23,25.6,10.0,0.0,24.486666666666665
2012-02-24,27.2,10.0,0.0,25.550277777777783
2012-02-25,26.1,11.1,0.0,25.56333333333334
2012-02-26,27.2,10.0,0.0,25.58944444444445
2012-02-27,26.1,12.2,0.0,25.090555555555554
2012-02-28,18.3,9.4,0.0,23.357777777777773
2012-02-29,21.1,6.7,0.0,18.645833333333332
2012-03-01,21.7,7.8,0.0,20.417777777777783
2012-03-02,20.0,10.6,0.0,19.91888888888888
2012-03-03,22.2,6.7,0.0,20.904166666666665
2012-03-04,27.2,8.3,0.0,26.19333333333333
2012-03-05,29.4,11.1,0.0,26.895100364066156
2012-03-06,30.0,11.7,0.0,27.631208405080528
2012-03-07,20.6,9.4,0.0,26.82615632509359
2012-03-08,22.2,7.2,0.0,20.417777777777783
2012-03-09,25.0,10.6,0.0,22.137500000000006
2012-03-10,22.8,12.2,0.0,22.137500000000006
2012-03-11,26.7,10.6,0.0,24.434444444444445
2012-03-12,28.3,11.1,0.0,26.141111111111112
2012-03-13,29.4,11.1,0.0,26.653055555555547
2012-03-14,27.8,11.1,0.0,26.653055555555547
2012-03-15,29.4,12.2,0.0,26.82615632509359
2012-03-16,30.6,13.3,0.0,26.895100364066156
2012-03-17,27.2,14.4,0.0,27.260045205845373
2012-03-18,17.8,5.6,6.4,25.181944444444436
2012-03-19,14.4,7.2,0.0,13.092777777777782
2012-03-20,18.9,5.6,0.0,18.159999999999993
2012-03-21,23.9,8.9,0.0,22.215833333333343
2012-03-22,28.9,11.7,0.0,26.889711213057822
2012-03-23,30.6,14.4,0.0,27.668524419964463
2012-03-24,31.1,15.0,0.0,28.607049142595585
2012-03-25,29.4,15.6,0.0,27.492323146882175
2012-03-26,23.3,13.9,0.0,26.842008282515597
2012-03-27,28.3,12.8,0.0,26.297777777777785
2012-03-28,30.0,14.4,0.0,27.20186140000081
2012-03-29,30.0,15.6,0.0,27.492323146882175
2012-03-30,31.7,16.1,0.0,28.90615223644336
2012-03-31,34.4,17.2,0.0,31.122699534472115
2012-04-01,25.0,17.2,0.0,30.609913356091752
2012-04-02,23.3,13.9,0.0,21.494444444444444
2012-04-03,26.7,11.1,0.0,25.550277777777783
2012-04-04,28.3,13.9,0.0,26.180530943979377
2012-04-05,31.1,15.0,0.0,28.006003462733354
2012-04-06,27.2,15.6,0.0,27.411282049132108
2012-04-07,32.2,13.3,0.0,28.18568594167326
2012-04-08,32.8,15.0,0.0,29.28729902973239
2012-04-09,34.4,18.3,0.0,30.490748793241274
2012-04-10,33.9,17.2,0.0,30.03412737851
2012-04-11,25.0,18.9,0.0,30.134240789057458
2012-04-12,23.9,15.0,0.0,23.42305555555555
2012-04-13,26.7,14.4,0.0,25.524166666666666
2012-04-14,18.3,10.0,1.3,23.76527777777778
2012-04-15,23.3,11.7,0.0,21.62499999999999
2012-04-16,28.9,13.3,0.0,26.48047843731561
2012-04-17,33.3,16.7,0.0,30.24187609208936
2012-04-18,35.0,17.8,0.0,30.24187609208936
2012-04-19,35.0,18.9,0.0,30.992269215378357
2012-04-20,35.6,20.6,0.0,32.29724478016635
2012-04-21,39.4,21.7,0.0,34.13810030495181
2012-04-22,40.6,22.8,0.0,35.02545047179938
2012-04-23,39.4,23.3,0.0,35.416767123071764
2012-04-24,35.6,20.0,0.0,33.30356359160573
2012-04-25,32.8,22.8,0.0,31.120488861070108
2012-04-26,27.2,16.7,0.8,30.068349315190954
2012-04-27,29.4,16.7,0.0,27.717770495484462
2012-04-28,33.3,18.3,0.0,30.31718712192291
2012-04-29,33.9,18.9,0.0,30.609913356091752
2012-04-30,35.0,21.1,0.0,31.468562742664492
2012-05-01,33.9,21.1,0.0,30.892880994515604
2012-05-02,35.0,21.7,0.0,30.98010220221708
2012-05-03,35.6,20.0,0.0,32.29724478016635
2012-05-04,35.6,20.0,0.0,31.71921145788158
2012-05-05,34.4,20.0,0.0,31.120488861070108
2012-05-06,33.3,19.4,0.0,30.47971237560652
2012-05-07,33.3,20.0,0.0,29.84764431919676
2012-05-08,33.3,18.9,0.0,29.490632759421747
2012-05-09,35.0,20.0,0.8,32.65047505555558
2012-05-10,34.4,17.2,0.0,30.996438931695575
2012-05-11,37.2,21.7,0.0,32.819232584510004
2012-05-12,37.2,21.1,0.0,32.435787065478564
2012-05-13,39.4,22.2,0.0,34.58910305870217
2012-05-14,38.9,23.3,0.0,34.23273655402051
2012-05-15,41.1,25.6,0.0,36.2977330401764
2012-05-16,40.6,26.1,0.0,35.55085281047777
2012-05-17,40.6,23.9,0.0,35.754293935556916
2012-05-18,36.1,24.4,0.0,35.02545047179938
2012-05-19,36.7,21.1,0.0,32.292875691241285
2012-05-20,40.0,22.8,0.0,34.41081126292361
2012-05-21,42.2,23.9,0.0,36.303289618202605
2012-05-22,42.2,24.4,0.0,37.05635468335721
2012-05-23,39.4,23.3,0.0,36.303289618202605
2012-05-24,37.2,24.4,0.0,35.01830607253958
2012-05-25,35.0,23.3,0.0,33.59100242466448
2012-05-26,27.8,18.9,0.0,30.996438931695575
2012-05-27,30.6,16.7,0.0,26.895100364066156
2012-05-28,34.4,18.9,0.0,30.03412737851
2012-05-29,37.8,20.6,0.0,32.679288892446976
2012-05-30,38.3,21.7,0.0,33.78933823319743
2012-05-31,42.8,22.8,0.0,36.821633346642415
2012-06-01,43.9,26.1,0.0,38.24347779309106
2012-06-02,41.7,26.1,0.0,38.52474927753378
2012-06-03,39.4,23.9,0.0,36.530931028308665
2012-06-04,38.9,24.4,0.0,34.80359602218316
2012-06-05,38.3,25.0,0.0,35.01830607253958
2012-06-06,38.3,23.3,0.0,33.48650723760654
2012-06-07,39.4,24.4,0.0,34.13810030495181
2012-06-08,40.0,25.0,0.0,35.416767123071764
2012-06-09,39.4,23.9,0.0,35.63221867681462
2012-06-10,38.9,24.4,0.0,34.60109775231118
2012-06-11,40.0,26.1,0.0,35.86086571596193
2012-06-12,41.7,26.1,0.0,37.00126303309361
2012-06-13,41.7,25.0,0.0,36.2977330401764
2012-06-14,41.7,25.6,0.0,36.2977330401764
2012-06-15,39.4,25.6,0.0,36.7539235721255
2012-06-16,41.1,25.6,0.0,36.357746250469845
2012-06-17,43.3,27.8,0.0,38.65995340797939
2012-06-18,44.4,30.6,0.0,39.427659435660495
2012-06-19,42.2,27.2,0.0,39.11407061691611
2012-06-20,42.8,26.1,0.0,37.257766571709084
2012-06-21,42.8,26.7,0.0,37.85169649640826
2012-06-22,41.7,29.4,0.0,38.13743743701045
2012-06-23,41.7,27.2,0.0,38.14720303506085
2012-06-24,40.6,30.6,0.0,39.07631835555556
2012-06-25,42.2,31.7,0.0,39.90904047987556
2012-06-26,43.3,31.7,0.0,41.495552028017855
2012-06-27,43.3,31.7,0.0,41.1253979113245
2012-06-28,43.3,31.7,0.0,42.150659302817814
2012-06-29,43.3,32.2,0.0,41.881832563395605
2012-06-30,42.8,31.7,0.0,40.771370213315635
2012-07-01,42.8,29.4,0.0,38.65995340797939
2012-07-02,41.1,30.6,0.0,39.06107592666449
2012-07-03,37.8,30.0,0.0,38.47367189196448
2012-07-04,32.8,23.3,3.6,36.722963918595546
2012-07-05,37.2,25.0,0.0,37.11799434521783
2012-07-06,40.0,29.4,0.0,37.759060876497806
2012-07-07,42.8,30.0,0.0,38.953354345842264
2012-07-08,43.3,31.1,0.0,40.559791022363484
2012-07-09,45.0,33.3,0.0,40.41663589969555
2012-07-10,44.4,32.8,0.0,41.066113634466106
2012-07-11,43.9,32.2,0.0,42.70277289020449
2012-07-12,40.6,26.1,6.1,42.997006461057836
2012-07-13,35.0,25.0,4.3,39.77861343452447
2012-07-14,36.1,24.4,4.6,37.21635105555562
2012-07-15,37.8,24.4,1.0,39.43263444819561
2012-07-16,39.4,25.6,0.0,39.441867661777856
2012-07-17,39.4,27.8,0.0,37.34003104305782
2012-07-18,41.1,27.8,0.0,37.83137135202459
2012-07-19,41.7,30.6,0.0,38.78380501381933
2012-07-20,42.8,30.0,0.0,41.1253979113245
2012-07-21,42.2,28.3,0.0,41.488846309235605
2012-07-22,40.6,28.3,0.0,40.58292983287112
2012-07-23,41.1,29.4,0.0,40.359909044444436
2012-07-24,40.0,28.3,0.0,40.09574847571557
2012-07-25,41.1,30.0,0.0,38.65812506511781
2012-07-26,41.7,30.6,0.0,40.08962503081779
2012-07-27,42.8,31.7,0.0,39.99578461027292
2012-07-28,38.3,25.0,4.1,39.48119219451558
2012-07-29,40.0,25.6,0.8,40.31258489649559
2012-07-30,37.8,26.7,0.0,38.16630760972448
2012-07-31,40.0,28.3,0.0,38.96840892532447
2012-08-01,39.4,28.9,0.0,37.85289387477112
2012-08-02,41.7,29.4,0.0,40.2777378933845
2012-08-03,42.8,30.6,0.0,39.777810462424476
2012-08-04,43.9,31.1,0.0,40.38496398732446
2012-08-05,41.7,31.7,0.0,40.771370213315635
2012-08-06,44.4,31.1,0.0,42.70277289020449
2012-08-07,44.4,32.2,0.0,42.997006461057836
2012-08-08,46.7,33.9,0.0,44.22842229459561
2012-08-09,45.6,33.9,0.0,43.72358126663115
2012-08-10,45.0,32.2,0.0,42.716417542595565
2012-08-11,43.3,33.3,0.0,42.56556114769562
2012-08-12,46.1,32.8,0.0,43.00045091111114
2012-08-13,46.1,32.2,0.0,43.00045091111114
2012-08-14,45.0,28.3,1.3,43.16308674396446
2012-08-15,36.7,27.2,0.0,42.099878766995566
2012-08-16,37.2,28.3,0.8,38.657691714051126
2012-08-17,35.6,24.4,4.3,38.145823156737805
2012-08-18,37.8,27.8,0.0,39.03357521153779
2012-08-19,40.0,29.4,0.0,40.81187522956455
2012-08-20,41.1,30.0,0.0,43.3903811985956
2012-08-21,38.9,23.9,8.4,41.86309564444445
2012-08-22,32.8,24.4,1.8,40.33166217099559
2012-08-23,34.4,22.8,20.3,36.32746605479784
2012-08-24,36.7,27.2,0.0,38.03229269063124
2012-08-25,39.4,27.2,0.0,38.07419268615775
2012-08-26,40.6,28.9,0.0,38.391313654175605
2012-08-27,41.7,29.4,0.0,41.11624653890447
2012-08-28,42.8,30.0,0.0,41.44492824545783
2012-08-29,41.1,29.4,0.0,42.10169468371558
2012-08-30,38.9,29.4,0.0,40.01842425555557
2012-08-31,38.9,28.9,0.0,39.621159165037845
2012-09-01,40.6,31.1,0.0,41.46671187777782
2012-09-02,41.7,31.1,0.0,42.69782342313561
2012-09-03,40.0,31.1,0.0,40.941247777475624
2012-09-04,38.3,26.7,0.0,38.679649287884494
2012-09-05,38.3,28.3,0.0,38.388657956195566
2012-09-06,38.9,29.4,0.0,39.6256119871911
2012-09-07,29.4,22.2,13.0,38.08301543655112
2012-09-08,34.4,25.6,0.0,35.22748101695786
2012-09-09,33.9,26.1,0.0,34.77222676805112
2012-09-10,36.7,22.8,1.5,35.32744342903122
2012-09-11,27.8,22.2,0.5,35.32744342903122
2012-09-12,34.4,23.9,0.0,32.86198896473778
2012-09-13,37.8,25.6,0.0,36.041461872035576
2012-09-14,35.6,26.1,0.0,35.836716000551114
2012-09-15,36.7,25.6,0.0,33.303229336731626
2012-09-16,37.8,22.8,0.0,33.88464449506145
2012-09-17,37.2,24.4,0.0,34.627587814175556
2012-09-18,38.9,25.0,0.0,36.050980114817776
2012-09-19,40.6,25.6,0.0,37.316018065132084
2012-09-20,40.0,26.1,0.0,36.10281825844337
2012-09-21,40.6,25.6,0.0,36.70530588031804
2012-09-22,41.1,25.6,0.0,36.44696577746111
2012-09-23,39.4,26.7,0.0,36.70530588031804
2012-09-24,38.3,26.1,0.0,35.848321741895575
2012-09-25,37.2,24.4,0.0,34.97673137667397
2012-09-26,36.1,23.3,0.0,33.17424100273781
2012-09-27,36.1,23.3,0.0,33.26483693491558
2012-09-28,36.7,23.9,0.0,33.59496710787562
2012-09-29,36.1,23.9,0.0,34.02775623938448
2012-09-30,39.4,23.9,0.0,35.606575721352186
2012-10-01,39.4,23.3,0.0,35.416767123071764
2012-10-02,40.0,23.3,0.0,35.16133516827887
2012-10-03,38.9,22.8,0.0,34.80359602218316
2012-10-04,37.8,23.3,0.0,34.53389801944396
2012-10-05,35.0,21.1,0.0,33.0933687999645
2012-10-06,33.9,21.7,0.0,31.890353110595566
2012-10-07,35.0,22.8,0.0,32.574688277777824
2012-10-08,35.0,21.7,0.0,32.202803711484435
2012-10-09,35.0,21.7,0.0,32.60728341747558
2012-10-10,34.4,21.7,0.0,31.51302410233781
2012-10-11,33.3,22.8,0.0,31.40664590313559
2012-10-12,24.4,18.3,0.0,28.495979977777786
2012-10-13,27.2,16.1,0.0,26.33694444444444
2012-10-14,34.4,17.2,0.0,30.892880994515604
2012-10-15,35.6,18.9,0.0,31.91643738888892
2012-10-16,33.9,18.3,0.0,31.402681356666946
2012-10-17,33.9,18.9,0.0,31.273400458731633
2012-10-18,32.2,19.4,0.0,30.480205070851152
2012-10-19,33.9,18.9,0.0,30.954397726817806
2012-10-20,32.8,18.9,0.0,30.472516219324454
2012-10-21,32.8,20.0,0.0,30.113121309635556
2012-10-22,30.6,18.9,0.0,28.553710244444435
2012-10-23,29.4,18.3,0.0,27.908959375464487
2012-10-24,28.3,18.3,0.0,27.368370834995595
2012-10-25,28.9,13.9,0.0,26.463691354408276
2012-10-26,28.9,13.9,0.0,26.39544938224013
2012-10-27,30.0,14.4,0.0,27.492323146882175
2012-10-28,32.2,15.0,0.0,28.708634567352206
2012-10-29,31.7,16.1,0.0,28.90615223644336
2012-10-30,31.7,16.1,0.0,28.90615223644336
2012-10-31,31.1,15.6,0.0,28.708634567352206
2012-11-01,31.1,15.0,0.0,28.708634567352206
2012-11-02,30.6,17.2,0.0,28.32041565651366
2012-11-03,29.4,16.1,0.0,27.324429869697802
2012-11-04,32.8,15.0,0.0,29.39487488070584
2012-11-05,32.8,15.0,0.0,29.84764431919676
2012-11-06,32.8,16.1,0.0,29.58153001144398
2012-11-07,31.7,16.7,0.0,29.58153001144398
2012-11-08,30.6,16.7,0.0,28.90615223644336
2012-11-09,25.6,16.1,1.3,26.16162130220444
2012-11-10,18.3,10.0,0.0,22.42472222222223
2012-11-11,18.3,6.1,0.0,16.887500000000003
2012-11-12,22.8,6.7,0.0,21.45527777777777
2012-11-13,25.0,8.3,0.0,24.408333333333335
2012-11-14,27.8,10.6,0.0,26.180277777777786
2012-11-15,23.9,12.8,0.0,26.180277777777786
2012-11-16,27.2,11.7,0.0,25.982182158452005
2012-11-17,24.4,13.3,0.0,25.58944444444445
2012-11-18,27.2,13.9,0.0,25.77222222222223
2012-11-19,26.7,13.3,0.0,25.74611111111112
2012-11-20,28.9,12.8,0.0,26.889711213057822
2012-11-21,27.8,13.3,0.0,26.212637343751133
2012-11-22,26.1,11.7,0.0,25.693888888888896
2012-11-23,29.4,11.1,0.0,27.20186140000081
2012-11-24,29.4,16.7,0.0,27.291183144664483
2012-11-25,27.8,13.9,0.0,26.850223308424454
2012-11-26,26.7,12.8,0.0,26.297777777777785
2012-11-27,28.9,12.8,0.0,26.842008282515597
2012-11-28,26.7,13.9,0.0,26.075371075324448
2012-11-29,25.6,11.7,0.0,25.155833333333327
2012-11-30,24.4,12.2,0.0,23.96111111111111
2012-12-01,24.4,12.2,0.0,22.923611111111104
2012-12-02,25.0,11.7,0.0,24.02638888888889
2012-12-03,25.0,12.8,0.0,24.0525
2012-12-04,25.6,12.2,0.0,24.617222222222225
2012-12-05,27.8,12.2,0.0,26.271666666666665
2012-12-06,25.0,11.7,0.0,26.25861111111111
2012-12-07,23.9,11.7,0.0,22.845277777777778
2012-12-08,22.8,10.6,0.0,21.716388888888883
2012-12-09,21.1,8.3,0.0,21.15222222222222
2012-12-10,18.3,7.2,0.0,19.91888888888888
2012-12-11,20.6,5.0,0.0,19.21055555555556
2012-12-12,22.2,6.7,0.0,21.494444444444444
2012-12-13,22.2,9.4,2.5,21.230555555555558
2012-12-14,16.1,11.1,10.9,19.510833333333338
2012-12-15,14.4,9.4,6.4,17.422777777777778
2012-12-16,15.0,7.8,0.0,14.378333333333334
2012-12-17,17.2,7.2,0.0,16.032777777777774
2012-12-18,16.7,6.7,1.8,15.585555555555556
2012-12-19,13.9,6.1,0.3,15.585555555555556
2012-12-20,17.2,3.9,0.0,15.771666666666667
2012-12-21,21.1,7.2,0.0,19.840555555555554
2012-12-22,21.7,10.0,0.0,20.443888888888893
2012-12-23,20.0,6.1,0.0,19.288888888888888
2012-12-24,17.8,8.3,0.0,17.608333333333334
2012-12-25,13.9,7.2,0.0,16.61
2012-12-26,16.7,6.1,0.0,15.87611111111111
2012-12-27,14.4,5.0,0.0,14.747222222222225
2012-12-28,15.0,3.3,0.0,13.06666666666667
2012-12-29,18.3,2.8,0.0,16.965833333333336
2012-12-30,13.3,7.2,0.3,16.374999999999996
2012-12-31,13.3,5.0,0.0,11.360000000000005
2013-01-01,13.9,1.7,0.0,13.00138888888889
2013-01-02,17.2,2.8,0.0,15.78472222222222
2013-01-03,17.2,4.4,0.0,15.771666666666667
2013-01-04,16.7,5.0,0.0,15.78472222222222
2013-01-05,17.2,2.8,0.0,15.823888888888888
2013-01-06,20.0,5.6,0.0,18.60666666666667
2013-01-07,15.6,5.0,0.0,16.978888888888893
2013-01-08,19.4,3.9,0.0,17.46472222222222
2013-01-09,22.2,5.6,0.0,21.008611111111108
2013-01-10,16.1,7.8,0.3,21.021666666666665
2013-01-11,12.2,3.9,0.0,13.014444444444445
2013-01-12,11.7,-0.6,0.0,9.891666666666662
2013-01-13,10.0,-1.1,0.0,9.366666666666667
2013-01-14,7.2,-1.1,0.0,8.080555555555556
2013-01-15,10.6,-1.7,0.0,8.658333333333335
2013-01-16,16.1,1.1,0.0,14.616666666666667
2013-01-17,22.8,3.3,0.0,21.494444444444444
2013-01-18,23.3,6.7,0.0,22.64944444444444
2013-01-19,23.9,6.7,0.0,22.662499999999994
2013-01-20,23.3,7.2,0.0,22.662499999999994
2013-01-21,26.1,7.2,0.0,25.576388888888896
2013-01-22,27.2,11.1,0.0,26.19333333333333
2013-01-23,27.2,10.6,0.0,26.21944444444445
2013-01-24,18.3,14.4,0.5,26.2325
2013-01-25,25.0,13.3,0.3,24.065555555555562
2013-01-26,17.8,14.4,30.0,22.54222222222223
2013-01-27,20.6,13.9,4.1,19.85027777777778
2013-01-28,15.6,8.3,0.3,18.13055555555555
2013-01-29,14.4,5.0,0.0,13.539444444444442
2013-01-30,17.2,3.9,0.0,15.823888888888888
2013-01-31,20.6,6.1,0.0,19.32805555555556
2013-02-01,22.8,6.7,0.0,21.611944444444436
2013-02-02,24.4,8.9,0.0,23.37083333333333
2013-02-03,20.6,13.3,0.0,23.37083333333333
2013-02-04,24.4,13.9,0.0,23.501388888888886
2013-02-05,24.4,11.1,0.0,22.871388888888887
2013-02-06,23.3,11.7,0.0,23.48833333333333
2013-02-07,23.3,10.6,0.0,22.333333333333343
2013-02-08,20.0,10.6,0.0,21.67722222222221
2013-02-09,13.9,7.2,0.0,17.005000000000006
2013-02-10,15.0,5.6,0.0,13.565555555555555
2013-02-11,12.2,6.7,2.0,13.526388888888887
2013-02-12,15.0,3.3,0.0,13.487222222222222
2013-02-13,18.3,3.9,0.0,16.30972222222222
2013-02-14,21.1,6.1,0.0,19.24972222222222
2013-02-15,25.0,8.9,0.0,24.408333333333335
2013-02-16,26.7,11.1,0.0,25.524166666666666
2013-02-17,24.4,10.0,0.0,26.154166666666665
2013-02-18,24.4,8.3,0.0,22.662499999999994
2013-02-19,23.3,10.0,0.0,22.623333333333328
2013-02-20,14.4,4.4,5.8,20.96944444444445
2013-02-21,14.4,3.9,0.0,13.145000000000001
2013-02-22,17.2,5.6,0.0,15.889166666666666
2013-02-23,18.9,6.1,0.0,17.031111111111116
2013-02-24,16.1,8.9,0.0,18.146944444444447
2013-02-25,17.8,4.4,0.0,16.887500000000003
2013-02-26,20.6,5.6,0.0,19.18444444444444
2013-02-27,20.0,5.0,0.0,19.197499999999998
2013-02-28,22.2,5.6,0.0,20.930277777777775
2013-03-01,26.7,7.8,0.0,25.05138888888889
2013-03-02,29.4,10.6,0.0,26.761397287925245
2013-03-03,25.0,12.2,0.0,26.761397287925245
2013-03-04,25.0,11.7,0.0,23.85666666666667
2013-03-05,27.2,13.9,0.0,26.2325
2013-03-06,27.8,12.8,0.0,26.25861111111111
2013-03-07,27.2,11.7,0.0,26.49263152332448
2013-03-08,20.0,7.8,21.3,25.11666666666666
2013-03-09,14.4,6.7,0.3,13.340833333333338
2013-03-10,21.7,6.7,0.0,20.049444444444443
2013-03-11,24.4,8.9,0.0,23.30555555555555
2013-03-12,28.3,10.6,0.0,26.2325
2013-03-13,31.7,13.9,0.0,28.617893028813327
2013-03-14,35.0,15.0,0.0,30.600931757478577
2013-03-15,33.3,16.7,0.0,30.71921831372028
2013-03-16,31.1,16.1,0.0,29.37893397695182
2013-03-17,30.6,14.4,0.0,28.23455198796191
2013-03-18,30.0,14.4,0.0,27.49863801047774
2013-03-19,28.9,16.7,0.0,27.20186140000081
2013-03-20,29.4,16.7,0.0,26.850223308424454
2013-03-21,30.0,18.3,0.0,27.668524419964463
2013-03-22,28.9,15.6,0.0,27.20186140000081
2013-03-23,26.7,12.8,0.0,26.850223308424454
2013-03-24,27.2,11.7,0.0,26.075833333333332
2013-03-25,28.9,12.8,0.0,26.329681214556462
2013-03-26,31.7,16.7,0.0,28.82635586002055
2013-03-27,30.6,16.1,0.0,28.077345891071754
2013-03-28,31.1,15.6,0.0,27.492323146882175
2013-03-29,31.7,15.6,0.0,28.452444543748868
2013-03-30,31.1,19.4,0.0,28.32041565651366
2013-03-31,32.2,15.6,0.0,28.506664233830488
2013-04-01,29.4,17.2,0.0,28.617893028813327
2013-04-02,29.4,14.4,0.0,26.761397287925245
2013-04-03,31.1,16.7,0.0,28.506664233830488
2013-04-04,33.9,17.2,0.0,30.134240789057458
2013-04-05,32.2,18.3,0.0,29.181586634539613
2013-04-06,31.7,17.2,0.0,28.506664233830488
2013-04-07,32.2,17.8,0.0,29.018633022664442
2013-04-08,28.9,13.9,1.5,28.607049142595585
2013-04-09,23.9,12.8,0.0,25.70694444444445
2013-04-10,24.4,11.7,0.0,22.71472222222222
2013-04-11,28.3,13.3,0.0,26.206388888888895
2013-04-12,31.7,15.6,0.0,27.780700177461124
2013-04-13,32.8,16.1,0.0,29.181586634539613
2013-04-14,32.8,17.2,0.0,29.181586634539613
2013-04-15,31.7,17.8,0.0,29.39487488070584
2013-04-16,28.3,18.3,0.0,27.685917222915585
2013-04-17,23.9,15.0,0.0,26.606485227751147
2013-04-18,24.4,13.3,0.0,23.22722222222222
2013-04-19,27.8,14.4,0.0,26.64
2013-04-20,32.2,14.4,0.0,29.202106129197418
2013-04-21,33.9,16.7,0.0,30.03412737851
2013-04-22,34.4,17.8,0.0,30.490748793241274
2013-04-23,33.9,18.9,0.0,30.992269215378357
2013-04-24,32.2,17.8,0.0,29.58153001144398
2013-04-25,30.0,20.6,0.0,29.083860726183204
2013-04-26,33.3,17.2,0.0,29.58153001144398
2013-04-27,36.1,19.4,0.0,31.993099383378382
2013-04-28,37.8,20.6,0.0,32.851911428189105
2013-04-29,38.9,21.1,0.0,34.42386001418549
2013-04-30,38.3,21.7,0.0,33.913222477667645
2013-05-01,34.4,22.2,0.0,32.97650552342176
2013-05-02,33.9,23.3,0.0,30.992269215378357
2013-05-03,33.3,20.6,0.0,29.77891850177426
2013-05-04,35.6,20.0,0.0,31.09537225555556
2013-05-05,33.9,21.7,0.0,30.76158312820817
2013-05-06,30.6,20.6,0.0,28.992080294311172
2013-05-07,29.4,19.4,0.0,27.792663784871127
2013-05-08,28.9,18.9,0.0,26.660030820035605
2013-05-09,31.1,19.4,0.0,28.18643024444445
2013-05-10,33.9,20.0,0.0,30.47971237560652
2013-05-11,35.6,22.8,0.0,31.75670158888891
2013-05-12,37.2,22.8,0.0,32.75218689396645
2013-05-13,39.4,23.9,0.0,35.63221867681462
2013-05-14,39.4,25.0,0.0,35.16133516827887
2013-05-15,38.3,24.4,0.0,34.60109775231118
2013-05-16,38.3,22.8,0.0,34.066873625601865
2013-05-17,34.4,21.7,0.0,33.63259556334688
2013-05-18,34.4,23.9,0.0,30.954397726817806
2013-05-19,35.0,21.7,0.0,31.91643738888892
2013-05-20,36.1,22.8,0.0,31.890353110595566
2013-05-21,37.2,21.7,0.0,32.819232584510004
2013-05-22,39.4,22.2,0.0,34.23273655402051
2013-05-23,37.8,22.8,0.0,34.23273655402051
2013-05-24,38.3,21.7,0.0,33.78933823319743
2013-05-25,36.7,21.7,0.0,33.41755224122638
2013-05-26,35.6,22.2,0.0,32.435787065478564
2013-05-27,34.4,21.7,0.0,31.122699534472115
2013-05-28,36.7,21.1,0.0,32.75218689396645
2013-05-29,36.7,23.3,0.0,33.50729487099558
2013-05-30,37.8,25.0,0.0,34.3109368188178
2013-05-31,38.3,25.6,0.0,34.43261115769557
2013-06-01,42.2,26.7,0.0,37.30627232055643
2013-06-02,42.8,27.8,0.0,38.45790587419786
2013-06-03,40.6,26.1,0.0,37.57138625824015
2013-06-04,40.0,26.1,0.0,35.754293935556916
2013-06-05,42.2,26.1,0.0,35.21451105473334
2013-06-06,43.3,26.1,0.0,38.056061849571584
2013-06-07,43.9,27.2,0.0,38.63813042840092
2013-06-08,43.3,28.3,0.0,39.11407061691611
2013-06-09,42.2,26.1,0.0,37.30627232055643
2013-06-10,42.8,27.8,0.0,37.257766571709084
2013-06-11,42.8,27.2,0.0,38.05221498141791
2013-06-12,43.3,28.9,0.0,38.63813042840092
2013-06-13,41.1,29.4,0.0,38.63813042840092
2013-06-14,41.1,28.9,0.0,38.22934471059556
2013-06-15,41.7,28.9,0.0,37.0400735407865
2013-06-16,42.2,28.9,0.0,37.26328415006614
2013-06-17,42.2,27.2,0.0,37.05635468335721
2013-06-18,42.2,26.7,0.0,37.257766571709084
2013-06-19,41.1,25.0,0.0,36.52126576716183
2013-06-20,41.1,26.1,0.0,36.078783897448574
2013-06-21,41.7,25.0,0.0,36.7539235721255
2013-06-22,40.6,25.6,0.0,35.55085281047777
2013-06-23,41.7,24.4,0.0,36.821633346642415
2013-06-24,40.0,25.6,0.0,36.303289618202605
2013-06-25,41.1,26.1,0.0,35.97145980508053
2013-06-26,41.7,26.1,0.0,36.44696577746111
2013-06-27,43.3,28.3,0.0,38.45790587419786
2013-06-28,46.7,27.8,0.0,42.94970030023782
2013-06-29,48.3,32.8,0.0,42.92629363841779
2013-06-30,46.1,32.8,0.0,43.23715600007117
2013-07-01,44.4,32.2,0.0,42.12172095555559
2013-07-02,42.2,29.4,0.0,42.099878766995566
2013-07-03,43.9,30.6,0.0,40.9568667861973
2013-07-04,42.2,32.8,0.0,41.6670155482201
2013-07-05,41.1,31.7,0.0,40.758843069057804
2013-07-06,43.9,31.1,0.0,42.70277289020449
2013-07-07,44.4,32.2,0.0,42.95002891033779
2013-07-08,45.0,32.8,0.0,43.95091944444445
2013-07-09,41.7,32.2,0.0,42.55211861111117
2013-07-10,40.0,30.0,0.0,41.34439175647111
2013-07-11,36.1,27.8,0.0,40.44721410993783
2013-07-12,38.3,30.6,0.0,38.08301543655112
2013-07-13,41.1,28.9,0.0,40.941247777475624
2013-07-14,43.3,33.9,0.0,42.997006461057836
2013-07-15,43.3,33.3,0.0,42.70277289020449
2013-07-16,40.0,28.3,0.0,41.87664238005113
2013-07-17,41.7,28.9,0.0,39.593469071484456
2013-07-18,42.2,31.1,0.0,41.11624653890447
2013-07-19,40.6,27.2,0.8,39.593469071484456
2013-07-20,39.4,25.0,1.5,39.29090456601554
2013-07-21,30.6,23.3,22.6,38.77595320759115
2013-07-22,35.6,26.1,0.0,36.91070788641558
2013-07-23,38.9,27.8,0.0,38.65812506511781
2013-07-24,41.7,31.1,1.0,41.313814567484464
2013-07-25,38.3,24.4,19.1,40.941247777475624
2013-07-26,39.4,30.6,0.0,40.67742350623117
2013-07-27,40.6,28.9,0.0,41.86309564444445
2013-07-28,42.2,30.6,0.0,40.31258489649559
2013-07-29,41.7,29.4,0.0,39.777810462424476
2013-07-30,42.2,30.0,0.0,39.640043598015566
2013-07-31,42.8,32.8,0.0,40.771370213315635
2013-08-01,41.1,32.8,0.0,40.38496398732446
2013-08-02,41.7,31.1,0.0,40.2777378933845
2013-08-03,42.8,30.0,0.0,39.95154991769784
2013-08-04,41.1,32.2,0.0,39.640043598015566
2013-08-05,38.3,30.0,0.0,37.60621143488218
2013-08-06,33.3,24.4,0.3,36.00496849820448
2013-08-07,38.9,26.1,0.0,36.84797455203558
2013-08-08,41.7,26.1,0.0,36.82806789723558
2013-08-09,42.8,26.1,0.0,38.65995340797939
2013-08-10,41.1,28.3,0.0,37.83137135202459
2013-08-11,41.7,26.1,0.0,39.343218934337784
2013-08-12,43.9,28.9,0.0,40.758843069057804
2013-08-13,41.7,27.8,0.0,39.48119219451558
2013-08-14,42.8,30.0,0.0,38.78380501381933
2013-08-15,43.3,31.7,0.0,41.075985595395565
2013-08-16,45.0,32.8,0.0,43.16308674396446
2013-08-17,45.6,31.1,0.0,43.16308674396446
2013-08-18,43.9,30.0,0.0,42.716417542595565
2013-08-19,43.3,32.8,0.0,41.881832563395605
2013-08-20,43.9,31.1,0.0,41.1253979113245
2013-08-21,37.8,32.2,0.0,40.771370213315635
2013-08-22,41.1,31.1,0.0,38.82184079287112
2013-08-23,39.4,29.4,0.0,38.53635258567115
2013-08-24,38.3,27.2,0.0,37.60280972907559
2013-08-25,31.7,26.7,0.3,35.108367144444465
2013-08-26,37.8,25.0,8.6,37.841399013624454
2013-08-27,41.7,26.7,0.0,40.974158812771144
2013-08-28,41.7,28.3,0.0,41.87664238005113
2013-08-29,37.8,27.2,0.0,41.34439175647111
2013-08-30,38.3,27.2,0.0,38.011235686504506
2013-08-31,38.3,27.2,0.0,38.77595320759115
2013-09-01,40.6,28.9,0.0,40.81187522956455
2013-09-02,39.4,30.6,0.0,40.09574847571557
2013-09-03,42.8,29.4,0.0,41.82949212620453
2013-09-04,43.3,31.1,0.0,42.28423951745782
2013-09-05,43.9,31.1,0.0,41.1253979113245
2013-09-06,43.9,31.7,0.0,40.771370213315635
2013-09-07,34.4,28.3,0.0,39.593469071484456
2013-09-08,31.7,22.8,9.1,33.50871679346449
2013-09-09,28.9,22.8,12.7,32.15124504993779
2013-09-10,30.0,23.3,0.0,30.6159912848178
2013-09-11,34.4,23.3,0.0,33.50871679346449
2013-09-12,37.8,23.9,0.0,35.129839901457785
2013-09-13,38.3,26.7,0.0,38.16630760972448
2013-09-14,40.6,29.4,0.0,38.82184079287112
2013-09-15,40.6,27.8,0.0,38.82184079287112
2013-09-16,41.1,31.1,0.0,40.58292983287112
2013-09-17,42.2,31.1,0.0,41.87664238005113
2013-09-18,41.7,28.9,0.0,40.2777378933845
2013-09-19,39.4,25.6,0.0,35.416767123071764
2013-09-20,40.6,25.0,0.0,37.56267465555558
2013-09-21,39.4,27.2,0.0,37.30684383073781
2013-09-22,32.8,22.8,0.0,36.22693438969557
2013-09-23,34.4,19.4,0.0,30.845608461966467
2013-09-24,37.2,21.1,0.0,33.48650723760654
2013-09-25,36.1,22.2,0.0,32.46390307266697
2013-09-26,36.1,22.2,0.0,33.9032792456978
2013-09-27,30.6,20.6,0.0,31.94996769247113
2013-09-28,33.3,17.2,0.0,29.954480215851657
2013-09-29,34.4,19.4,0.0,31.273400458731633
2013-09-30,35.0,20.0,0.0,31.402681356666946
2013-10-01,35.6,20.0,0.0,32.46390307266697
2013-10-02,35.0,20.6,0.0,31.56558905401558
2013-10-03,34.4,20.6,0.0,31.273400458731633
2013-10-04,31.7,20.0,0.0,30.747636229061445
2013-10-05,30.0,18.9,0.0,27.93950144779937
2013-10-06,33.9,16.1,0.0,30.03412737851
2013-10-07,36.1,18.9,0.0,31.993099383378382
2013-10-08,34.4,19.4,0.0,30.600931757478577
2013-10-09,31.1,20.0,0.0,30.47971237560652
2013-10-10,22.2,13.3,0.0,27.0354797434045
2013-10-11,26.1,13.9,0.0,25.14277777777778
2013-10-12,30.6,15.6,0.0,28.15134625555558
2013-10-13,30.0,16.7,0.0,27.7000363004978
2013-10-14,28.9,16.7,0.0,27.310249140015593
2013-10-15,28.9,15.6,0.0,26.842008282515597
2013-10-16,28.3,14.4,0.0,26.48047843731561
2013-10-17,28.3,14.4,0.0,26.761397287925245
2013-10-18,30.0,14.4,0.0,27.947113327619444
2013-10-19,31.1,14.4,0.0,28.077345891071754
2013-10-20,30.0,15.6,0.0,27.631208405080528
2013-10-21,31.1,15.0,0.0,28.532496354278855
2013-10-22,34.4,15.0,0.0,30.134240789057458
2013-10-23,35.0,17.8,0.0,31.606122433333358
2013-10-24,33.9,18.9,0.0,30.71921831372028
2013-10-25,31.7,16.7,0.0,29.37893397695182
2013-10-26,32.8,16.7,0.0,29.94753127932447
2013-10-27,32.8,17.8,0.0,30.189251617214715
2013-10-28,30.0,17.8,0.0,28.80472096989557
2013-10-29,23.3,16.1,0.0,26.36305555555556
2013-10-30,23.3,12.8,0.0,22.753888888888884
2013-10-31,24.4,11.7,0.0,23.33166666666666
2013-11-01,27.2,12.2,0.0,26.2325
2013-11-02,32.2,12.2,0.0,28.90624533892365
2013-11-03,29.4,16.1,0.0,27.631208405080528
2013-11-04,26.7,13.9,0.0,26.350000000000005
2013-11-05,24.4,14.4,0.0,25.155833333333327
2013-11-06,26.1,12.8,0.0,24.34305555555555
2013-11-07,28.9,11.7,0.0,26.329681214556462
2013-11-08,29.4,12.8,0.0,27.668524419964463
2013-11-09,29.4,14.4,0.0,26.874074773695597
2013-11-10,28.3,14.4,0.0,26.860912138817824
2013-11-11,32.2,14.4,0.0,29.535345406817815
2013-11-12,33.3,15.6,0.0,30.189251617214715
2013-11-13,29.4,20.6,0.0,29.029682542337824
2013-11-14,27.8,17.2,0.0,26.754968918595594
2013-11-15,28.9,16.7,0.0,26.754968918595594
2013-11-16,22.8,16.7,0.0,26.299025066204464
2013-11-17,24.4,12.8,0.0,24.07861111111111
2013-11-18,27.2,13.9,0.0,25.811388888888896
2013-11-19,26.1,13.3,0.0,25.79833333333334
2013-11-20,23.9,16.7,0.0,23.553611111111113
2013-11-21,21.7,14.4,10.7,22.42472222222223
2013-11-22,15.6,11.7,40.6,20.23222222222222
2013-11-23,15.0,10.6,10.2,13.931111111111111
2013-11-24,16.1,10.0,0.3,15.073611111111108
2013-11-25,17.8,7.8,0.0,16.662222222222216
2013-11-26,21.7,8.3,0.0,21.165277777777774
2013-11-27,21.7,12.8,0.0,20.456944444444446
2013-11-28,23.3,10.0,0.0,22.22888888888889
2013-11-29,23.9,10.6,0.0,22.32027777777778
2013-11-30,21.7,10.0,0.0,21.703333333333326
2013-12-01,22.2,10.6,0.0,21.256666666666668
2013-12-02,21.1,8.9,0.0,20.179999999999993
2013-12-03,23.3,10.0,0.0,22.307222222222226
2013-12-04,17.2,9.4,0.0,21.690277777777773
2013-12-05,13.9,5.6,0.0,14.22166666666667
2013-12-06,13.9,2.2,0.0,11.754999999999999
2013-12-07,14.4,2.8,0.0,12.423611111111109
2013-12-08,15.0,8.3,0.0,13.500277777777777
2013-12-09,13.3,2.2,0.0,12.332222222222219
2013-12-10,17.2,3.3,0.0,15.719444444444447
2013-12-11,22.2,5.6,0.0,21.520555555555553
2013-12-12,23.3,12.8,0.0,22.22888888888889
2013-12-13,17.8,7.2,0.0,18.685000000000006
2013-12-14,20.6,5.0,0.0,19.24972222222222
2013-12-15,21.7,7.2,0.0,20.339444444444453
2013-12-16,23.3,7.8,0.0,22.71472222222222
2013-12-17,27.8,8.3,0.0,25.90858306627289
2013-12-18,25.0,11.1,0.0,25.61555555555556
2013-12-19,22.2,10.0,4.1,22.22888888888889
2013-12-20,14.4,10.6,5.8,17.830277777777773
2013-12-21,15.0,7.8,0.0,14.313055555555556
2013-12-22,16.7,5.6,0.0,14.98222222222222
2013-12-23,20.6,5.6,0.0,19.288888888888888
2013-12-24,21.7,6.7,0.0,20.43083333333334
2013-12-25,21.7,5.6,0.0,20.96944444444445
2013-12-26,21.7,9.4,0.0,20.365555555555563
2013-12-27,23.3,7.8,0.0,22.12444444444445
2013-12-28,19.4,7.8,0.0,22.137500000000006
2013-12-29,20.6,6.1,0.0,19.314999999999998
2013-12-30,20.6,6.1,0.0,18.724166666666672
2013-12-31,22.2,6.1,0.0,21.021666666666665
2014-01-01,21.1,6.1,0.0,20.417777777777783
2014-01-02,25.0,6.7,0.0,23.30555555555555
2014-01-03,23.3,8.9,0.0,22.701666666666668
2014-01-04,20.0,8.9,0.0,22.215833333333343
2014-01-05,19.4,5.6,0.0,18.776388888888896
2014-01-06,20.0,3.9,0.0,18.502222222222223
2014-01-07,20.6,5.6,0.0,19.158333333333335
2014-01-08,20.6,6.1,0.0,19.223611111111108
2014-01-09,20.0,7.2,0.0,19.21055555555556
2014-01-10,19.4,5.6,0.0,18.619722222222222
2014-01-11,21.7,6.1,0.0,20.43083333333334
2014-01-12,20.6,7.8,0.0,20.43083333333334
2014-01-13,21.7,5.0,0.0,20.326388888888893
2014-01-14,23.3,5.0,0.0,22.137500000000006
2014-01-15,25.0,6.7,0.0,23.266388888888887
2014-01-16,24.4,6.7,0.0,23.79138888888889
2014-01-17,26.1,6.7,0.0,24.99916666666666
2014-01-18,23.9,8.3,0.0,24.382222222222225
2014-01-19,24.4,8.3,0.0,23.79138888888889
2014-01-20,25.0,8.3,0.0,23.27944444444444
2014-01-21,27.2,7.8,0.0,26.16722222222222
2014-01-22,25.6,11.7,0.0,25.02527777777778
2014-01-23,24.4,8.3,0.0,23.804444444444453
2014-01-24,21.1,14.4,0.0,22.163611111111113
2014-01-25,23.9,14.4,0.0,22.662499999999994
2014-01-26,22.8,10.0,0.0,22.675555555555558
2014-01-27,23.9,13.3,0.0,23.30555555555555
2014-01-28,22.8,8.3,0.0,22.675555555555558
2014-01-29,23.9,8.3,0.0,22.662499999999994
2014-01-30,25.0,11.1,0.0,23.830555555555563
2014-01-31,21.1,12.8,0.0,23.830555555555563
2014-02-01,18.9,11.1,0.0,18.316666666666666
2014-02-02,18.3,5.6,0.0,17.031111111111116
2014-02-03,16.1,8.9,0.0,16.30972222222222
2014-02-04,17.8,5.0,0.0,16.479444444444443
2014-02-05,18.9,10.6,0.0,17.083333333333336
2014-02-06,16.7,8.3,0.0,15.95444444444444
2014-02-07,20.6,10.0,0.0,18.81555555555555
2014-02-08,22.2,10.0,0.0,20.561388888888892
2014-02-09,25.0,10.0,0.0,23.948055555555563
2014-02-10,25.6,11.1,0.0,25.181944444444436
2014-02-11,25.6,10.6,0.0,25.11666666666666
2014-02-12,26.1,10.0,0.0,24.460555555555555
2014-02-13,27.8,11.1,0.0,26.2325
2014-02-14,29.4,12.2,0.0,27.20186140000081
2014-02-15,30.0,11.7,0.0,28.036665419365292
2014-02-16,28.9,13.3,0.0,27.411282049132108
2014-02-17,31.1,12.8,0.0,27.57697936203664
2014-02-18,30.0,13.9,0.0,27.665250694595574
2014-02-19,27.8,14.4,0.0,26.842008282515597
2014-02-20,25.0,11.1,0.0,26.206388888888895
2014-02-21,25.0,11.7,0.0,23.752222222222226
2014-02-22,26.1,10.0,0.0,25.012222222222217
2014-02-23,27.8,11.7,0.0,26.19333333333333
2014-02-24,28.3,11.7,0.0,26.60759671219786
2014-02-25,25.0,14.4,0.0,26.206388888888895
2014-02-26,27.2,12.8,0.0,26.323888888888895
2014-02-27,27.2,13.3,0.0,26.389166666666668
2014-02-28,28.9,14.4,0.0,27.005000477135567
2014-03-01,21.7,12.8,23.9,26.299025066204464
2014-03-02,20.0,11.7,1.3,18.486388888888886
2014-03-03,23.9,11.7,0.0,22.910555555555558
2014-03-04,24.4,14.4,0.0,22.910555555555558
2014-03-05,27.8,12.8,0.0,26.31083333333333
2014-03-06,26.1,14.4,0.0,26.506733904017803
2014-03-07,27.2,12.8,0.0,25.75916666666667
2014-03-08,26.7,12.2,0.0,26.323888888888895
2014-03-09,27.2,15.0,0.0,26.206388888888895
2014-03-10,27.2,13.3,0.0,26.21944444444445
2014-03-11,27.8,12.8,0.0,26.28472222222222
2014-03-12,28.3,12.2,0.0,26.402567621954876
2014-03-13,27.2,16.1,0.0,26.24555555555556
2014-03-14,26.7,16.7,0.0,25.61555555555556
2014-03-15,30.0,12.8,0.0,26.895100364066156
2014-03-16,27.8,13.3,0.0,27.00095292812519
2014-03-17,30.6,12.2,0.0,28.006003462733354
2014-03-18,27.2,16.1,0.0,28.006003462733354
2014-03-19,27.8,12.2,0.0,26.666111111111107
2014-03-20,28.3,12.8,0.0,26.39544938224013
2014-03-21,29.4,13.3,0.0,26.19333333333333
2014-03-22,27.8,13.3,0.0,26.19333333333333
2014-03-23,28.9,14.4,0.0,26.761397287925245
2014-03-24,31.7,15.0,0.0,28.23455198796191
2014-03-25,31.7,16.1,0.0,28.992080294311172
2014-03-26,26.7,16.1,0.0,28.32041565651366
2014-03-27,23.3,13.3,0.0,24.551944444444445
2014-03-28,26.1,12.8,0.0,25.103611111111107
2014-03-29,31.1,13.9,0.0,28.617893028813327
2014-03-30,28.3,16.7,0.0,27.780700177461124
2014-03-31,29.4,12.8,0.0,27.18984946030865
2014-04-01,26.1,13.9,0.0,26.82615632509359
2014-04-02,21.7,12.8,0.0,24.460555555555555
2014-04-03,22.8,10.0,0.0,21.008611111111108
2014-04-04,26.7,11.1,0.0,25.038333333333327
2014-04-05,25.6,14.4,0.0,24.408333333333335
2014-04-06,28.3,13.9,0.0,26.25259387528676
2014-04-07,31.7,14.4,0.0,27.780700177461124
2014-04-08,34.4,16.7,0.0,30.38866942100843
2014-04-09,35.0,18.3,0.0,30.87263397109104
2014-04-10,36.7,18.3,0.0,31.92529572855612
2014-04-11,35.6,20.0,0.0,31.609809258729772
2014-04-12,31.7,20.0,0.0,31.09537225555556
2014-04-13,31.1,16.1,0.0,28.610769807964466
2014-04-14,29.4,18.9,0.0,28.607049142595585
2014-04-15,32.2,15.6,0.0,28.3777375972233
2014-04-16,33.9,15.6,0.0,29.655072133940376
2014-04-17,34.4,17.8,0.0,30.134240789057458
2014-04-18,27.8,21.1,0.0,30.600931757478577
2014-04-19,31.7,17.2,0.0,28.701979335875574
2014-04-20,33.3,18.9,0.0,29.994441151395577
2014-04-21,36.7,20.0,0.0,32.82639084588163
2014-04-22,36.1,21.1,0.0,33.109356162472125
2014-04-23,30.0,21.1,0.0,31.606122433333358
2014-04-24,32.8,16.7,0.0,29.123355275346892
2014-04-25,34.4,17.8,0.0,30.71921831372028
2014-04-26,24.4,15.0,0.0,29.74784162522636
2014-04-27,26.7,13.9,0.0,24.473611111111115
2014-04-28,31.1,15.6,0.0,28.036665419365292
2014-04-29,30.0,20.0,0.0,28.32041565651366
2014-04-30,30.6,18.9,0.0,27.93950144779937
2014-05-01,32.8,21.1,0.0,28.992080294311172
2014-05-02,35.0,19.4,0.0,30.38866942100843
2014-05-03,38.9,20.0,0.0,32.550095188868404
2014-05-04,38.3,20.6,0.0,33.4876118041808
2014-05-05,36.7,21.1,0.0,32.97650552342176
2014-05-06,30.6,20.0,0.0,31.33243405555556
2014-05-07,25.0,15.0,0.0,24.56500000000001
2014-05-08,28.9,17.2,0.0,26.850223308424454
2014-05-09,31.1,17.2,0.0,28.036665419365292
2014-05-10,34.4,18.3,0.0,30.609913356091752
2014-05-11,27.8,21.1,0.0,31.273400458731633
2014-05-12,31.1,19.4,0.0,27.70383911904858
2014-05-13,31.7,20.6,0.0,28.30837551470217
2014-05-14,34.4,21.1,0.0,30.490748793241274
2014-05-15,37.2,20.6,0.0,32.819232584510004
2014-05-16,40.0,21.7,0.0,34.42386001418549
2014-05-17,40.0,23.3,0.0,34.686915762144764
2014-05-18,38.3,22.8,0.0,34.686915762144764
2014-05-19,37.8,22.8,0.0,33.259325929940374
2014-05-20,35.0,22.2,0.0,32.679288892446976
2014-05-21,32.8,19.4,0.0,30.845608461966467
2014-05-22,33.3,18.9,0.0,29.37893397695182
2014-05-23,32.2,20.6,0.0,28.82635586002055
2014-05-24,32.8,20.6,0.0,30.45215582931558
2014-05-25,35.6,25.0,0.0,33.022220326595615
2014-05-26,40.0,24.4,0.0,36.44696577746111
2014-05-27,41.7,25.6,0.0,37.0400735407865
2014-05-28,40.0,26.1,0.0,38.14889743275754
2014-05-29,37.2,28.9,0.0,35.416767123071764
2014-05-30,41.1,26.1,0.0,37.60621143488218
2014-05-31,42.2,26.7,0.0,38.14720303506085
2014-06-01,41.1,25.6,0.0,37.83137135202459
2014-06-02,43.3,25.0,0.0,37.05635468335721
2014-06-03,42.2,27.2,0.0,37.50696147759426
2014-06-04,41.7,24.4,0.0,36.52126576716183
2014-06-05,41.7,24.4,0.0,35.68363214820629
2014-06-06,41.7,23.9,0.0,35.8740836001252
2014-06-07,40.6,24.4,0.0,35.8740836001252
2014-06-08,40.6,26.1,0.0,36.44696577746111
2014-06-09,43.3,26.1,0.0,37.77177761416387
2014-06-10,42.8,28.3,0.0,38.98725446728676
2014-06-11,41.1,29.4,0.0,38.78380501381933
2014-06-12,41.7,26.7,0.0,37.26328415006614
2014-06-13,42.2,29.4,0.0,39.12490045392521
2014-06-14,39.4,28.3,0.0,38.45818517800082
2014-06-15,38.3,23.9,0.0,34.13162541316549
2014-06-16,40.6,23.9,0.0,35.754293935556916
2014-06-17,40.0,28.3,0.0,36.70530588031804
2014-06-18,37.8,26.1,0.0,36.357746250469845
2014-06-19,39.4,24.4,0.0,35.01830607253958
2014-06-20,42.8,26.1,0.0,37.83137135202459
2014-06-21,42.2,28.3,0.0,38.45790587419786
2014-06-22,41.7,28.3,0.0,38.14720303506085
2014-06-23,41.7,25.6,0.0,36.60210831041206
2014-06-24,40.6,26.7,0.0,36.09999512524783
2014-06-25,41.7,27.2,0.0,37.26328415006614
2014-06-26,40.6,26.7,0.0,37.00126303309361
2014-06-27,39.4,28.9,0.0,36.977370727619444
2014-06-28,41.7,27.8,0.0,38.79361457499559
2014-06-29,42.8,30.0,0.0,40.72266417601779
2014-06-30,42.8,30.6,0.0,40.08962503081779
2014-07-01,42.8,30.0,0.0,38.98725446728676
2014-07-02,42.8,30.0,0.0,38.953354345842264
2014-07-03,42.2,26.1,0.0,41.075985595395565
2014-07-04,36.7,27.2,0.0,40.41663589969555
2014-07-05,39.4,28.9,0.3,38.65812506511781
2014-07-06,40.6,28.9,0.0,39.690664211111134
2014-07-07,42.2,31.1,0.0,41.34439175647111
2014-07-08,40.6,30.0,0.0,40.758843069057804
2014-07-09,38.3,28.3,0.0,40.44721410993783
2014-07-10,40.6,30.6,0.0,40.359909044444436
2014-07-11,41.7,31.1,0.0,39.43240366348451
2014-07-12,43.3,31.1,0.0,40.375514202452045
2014-07-13,43.3,26.7,0.8,41.82949212620453
2014-07-14,39.4,27.2,0.5,40.47555724755559
2014-07-15,39.4,30.0,0.0,40.33166217099559
2014-07-16,41.7,28.9,0.0,39.343218934337784
2014-07-17,40.6,30.0,0.0,38.25773515555556
2014-07-18,40.6,28.3,0.0,36.977370727619444
2014-07-19,40.0,31.1,0.0,37.30684383073781
2014-07-20,41.1,29.4,0.0,37.30684383073781
2014-07-21,41.7,29.4,0.0,37.53998692304316
2014-07-22,45.0,31.7,0.0,41.25119152944905
2014-07-23,45.6,34.4,0.0,43.40066278201559
2014-07-24,46.7,33.9,0.0,43.46671785555561
2014-07-25,42.8,30.6,0.0,44.055131520551164
2014-07-26,42.2,28.3,0.0,41.87664238005113
2014-07-27,40.0,28.3,0.0,41.87664238005113
2014-07-28,41.7,29.4,0.0,40.2777378933845
2014-07-29,43.3,33.3,0.0,42.64548357975115
2014-07-30,43.9,33.3,0.0,41.752300926424454
2014-07-31,42.8,30.6,0.0,41.44492824545783
2014-08-01,37.2,27.2,0.0,41.075985595395565
2014-08-02,38.9,25.6,0.0,38.77595320759115
2014-08-03,39.4,26.7,0.0,39.09841437255115
2014-08-04,40.6,26.1,0.0,39.29214650849783
2014-08-05,40.6,28.3,0.0,38.0049626274845
2014-08-06,42.2,28.9,0.0,38.516871477777805
2014-08-07,40.6,27.8,0.0,37.0400735407865
2014-08-08,40.6,29.4,0.0,37.30684383073781
2014-08-09,40.0,28.9,0.0,38.264059863875616
2014-08-10,40.0,28.9,0.0,38.78973254444448
2014-08-11,42.8,30.6,0.0,41.82949212620453
2014-08-12,36.7,25.0,11.2,40.941247777475624
2014-08-13,35.0,22.8,2.8,37.21635105555562
2014-08-14,38.9,28.3,0.0,39.43263444819561
2014-08-15,40.0,28.3,0.0,40.09574847571557
2014-08-16,41.1,30.6,0.0,40.715118577777744
2014-08-17,42.8,31.1,0.0,43.07691115255113
2014-08-18,36.7,28.3,0.0,41.87664238005113
2014-08-19,32.8,23.3,10.9,36.29269838081786
2014-08-20,36.7,23.9,0.0,35.833105976495595
2014-08-21,32.2,21.7,4.8,34.988657761597864
2014-08-22,33.9,22.2,0.0,33.07112638487102
2014-08-23,36.1,24.4,0.0,34.80302660788449
2014-08-24,39.4,26.1,0.0,38.53635258567115
2014-08-25,38.3,28.3,0.0,37.85289387477112
2014-08-26,37.8,26.7,0.0,37.78858365559109
2014-08-27,39.4,28.3,0.0,39.294572043315554
2014-08-28,41.1,28.3,0.0,37.91065365003668
2014-08-29,42.2,28.3,0.0,38.98725446728676
2014-08-30,43.9,28.3,0.0,38.65995340797939
2014-08-31,42.8,28.3,0.0,38.65995340797939
2014-09-01,42.2,27.2,0.0,38.78380501381933
2014-09-02,42.8,27.8,0.0,38.78380501381933
2014-09-03,42.2,28.9,0.0,38.78380501381933
2014-09-04,41.7,28.3,0.0,41.11624653890447
2014-09-05,38.3,26.7,0.0,39.07631835555556
2014-09-06,40.6,30.0,0.0,38.980735417597806
2014-09-07,40.0,28.9,0.0,38.980735417597806
2014-09-08,32.2,21.7,83.8,38.980735417597806
2014-09-09,33.3,26.1,0.0,33.44940924444435
2014-09-10,36.1,26.1,0.0,35.513380247404434
2014-09-11,37.8,26.1,0.0,36.731202326015556
2014-09-12,40.0,25.6,0.0,39.37662891111112
2014-09-13,37.8,28.3,0.0,38.264059863875616
2014-09-14,38.9,27.2,0.0,37.08812334220451
2014-09-15,40.6,30.6,0.0,39.43240366348451
2014-09-16,33.3,26.7,0.3,38.82184079287112
2014-09-17,31.7,25.6,3.6,32.39278539805116
2014-09-18,35.6,24.4,0.0,36.558321442275684
2014-09-19,36.7,27.8,0.0,36.127153572515546
2014-09-20,37.2,27.2,0.0,37.11799434521783
2014-09-21,37.2,26.7,0.0,35.388406949135565
2014-09-22,38.3,26.7,0.0,36.402953703751095
2014-09-23,38.9,25.0,0.0,36.92906026801558
2014-09-24,40.0,25.0,0.0,37.78063674444445
2014-09-25,39.4,27.2,0.0,39.1205244854756
2014-09-26,38.3,27.8,0.0,37.547724858995565
2014-09-27,35.0,20.6,41.7,34.77222676805112
2014-09-28,30.6,21.7,0.5,29.02254748851555
2014-09-29,31.7,19.4,0.0,29.16510310077114
2014-09-30,31.7,18.9,0.0,29.58403550105782
2014-10-01,32.8,19.4,0.0,30.027559157457826
2014-10-02,33.3,20.6,0.0,30.45215582931558
2014-10-03,37.2,19.4,0.0,33.13136993408938
2014-10-04,37.2,20.6,0.0,33.48650723760654
2014-10-05,35.6,20.6,0.0,33.303229336731626
2014-10-06,33.9,21.1,0.0,31.93567442796443
2014-10-07,32.2,22.2,0.0,30.67981620963555
2014-10-08,27.8,20.6,1.3,28.91419919889784
2014-10-09,28.9,21.1,0.0,27.763646131857854
2014-10-10,31.7,20.6,0.0,30.898330215831233
2014-10-11,33.3,21.1,0.0,31.894722860195557
2014-10-12,34.4,21.1,0.0,31.94996769247113
2014-10-13,32.2,18.3,0.0,30.996438931695575
2014-10-14,34.4,18.3,0.0,30.747636229061445
2014-10-15,32.2,20.6,0.0,30.747636229061445
2014-10-16,33.3,19.4,0.0,30.499909812017766
2014-10-17,31.7,21.7,0.0,29.65650750123555
2014-10-18,32.2,20.0,0.0,30.165565455751107
2014-10-19,34.4,20.6,2.0,31.603556700157796
2014-10-20,32.2,18.9,0.0,31.062946267057768
2014-10-21,32.8,20.6,0.0,30.016614937395584
2014-10-22,33.9,19.4,0.0,30.811968624551078
2014-10-23,34.4,19.4,0.0,31.85688478077116
2014-10-24,35.6,20.0,0.0,32.932775255555576
2014-10-25,35.6,21.1,0.0,33.04518861111118
2014-10-26,31.7,21.7,0.0,33.04518861111118
2014-10-27,31.1,21.7,0.0,28.91419919889784
2014-10-28,31.1,18.3,0.0,28.307362355555572
2014-10-29,32.8,17.8,0.0,30.027559157457826
2014-10-30,34.4,17.8,0.0,30.534336607395534
2014-10-31,35.0,19.4,0.0,32.123144788497775
2014-11-01,28.3,20.6,0.0,31.103087018904528
2014-11-02,22.8,15.6,0.0,26.59805555555556
2014-11-03,23.9,11.7,0.0,22.740833333333327
2014-11-04,27.2,11.7,0.0,26.21944444444445
2014-11-05,29.4,15.6,0.0,27.20186140000081
2014-11-06,30.0,15.6,0.0,27.665250694595574
2014-11-07,28.9,15.0,0.0,27.665250694595574
2014-11-08,32.2,14.4,0.0,29.809894232673937
2014-11-09,30.6,16.1,0.0,28.90615223644336
2014-11-10,28.9,15.0,0.0,27.7000363004978
2014-11-11,28.9,14.4,0.0,26.68972755820452
2014-11-12,26.7,15.6,0.0,26.68972755820452
2014-11-13,26.7,16.1,0.0,26.53277777777778
2014-11-14,22.8,16.1,0.0,24.196111111111108
2014-11-15,25.0,13.9,0.0,24.760833333333338
2014-11-16,21.7,11.7,0.0,23.61888888888889
2014-11-17,21.7,8.3,0.0,20.91722222222223
2014-11-18,23.3,8.3,0.0,22.072222222222234
2014-11-19,23.3,10.0,0.0,22.12444444444445
2014-11-20,23.3,8.9,0.0,22.137500000000006
2014-11-21,22.2,11.7,0.0,21.520555555555553
2014-11-22,22.2,7.8,0.0,21.611944444444436
2014-11-23,23.3,8.9,0.0,22.098333333333343
2014-11-24,21.7,5.6,0.0,21.42916666666666
2014-11-25,20.6,7.8,0.0,20.300277777777783
2014-11-26,23.3,6.7,0.0,21.48138888888888
2014-11-27,30.6,8.3,0.0,27.780700177461124
2014-11-28,28.9,11.1,0.0,27.120523409010477
2014-11-29,26.7,10.6,0.0,26.402567621954876
2014-11-30,26.7,11.7,0.0,26.2325
2014-12-01,22.8,10.6,0.0,23.88277777777778
2014-12-02,21.1,12.2,0.8,21.67722222222221
2014-12-03,24.4,15.6,0.3,23.09333333333333
2014-12-04,20.0,15.6,15.5,22.594444444444452
2014-12-05,22.2,13.9,0.0,21.426388888888887
2014-12-06,21.7,13.9,0.0,21.426388888888887
2014-12-07,25.0,10.6,0.0,24.669444444444444
2014-12-08,24.4,12.8,0.0,24.117777777777782
2014-12-09,25.6,12.2,0.0,25.3125
2014-12-10,25.0,12.2,0.0,24.747777777777774
2014-12-11,24.4,13.3,0.0,24.15694444444445
2014-12-12,25.6,13.9,0.0,24.695555555555554
2014-12-13,18.9,10.6,2.0,22.962777777777777
2014-12-14,17.2,7.8,0.0,15.559444444444447
2014-12-15,17.8,7.8,0.0,17.174722222222226
2014-12-16,18.3,9.4,0.0,17.30527777777778
2014-12-17,16.1,10.6,1.8,17.279166666666672
2014-12-18,16.7,10.0,0.0,15.585555555555556
2014-12-19,17.8,7.2,0.0,16.557777777777776
2014-12-20,18.9,7.2,0.0,17.67361111111111
2014-12-21,18.3,8.3,0.0,17.765
2014-12-22,18.9,8.3,0.0,17.804166666666667
2014-12-23,20.0,8.3,0.0,19.197499999999998
2014-12-24,18.9,6.1,0.0,19.171388888888888
2014-12-25,17.8,7.2,0.0,16.952777777777776
2014-12-26,13.9,3.3,0.0,14.83861111111111
2014-12-27,15.6,1.7,0.0,14.012777777777778
2014-12-28,15.6,2.2,0.0,13.395833333333332
2014-12-29,16.1,2.2,0.0,14.616666666666667
2014-12-30,17.2,2.8,0.0,15.823888888888888
2014-12-31,10.0,2.2,2.8,15.193888888888889
2015-01-01,7.8,1.7,0.0,6.201388888888894
2015-01-02,12.2,-0.5,0.0,10.69138888888889
2015-01-03,12.2,1.1,0.0,11.255555555555558
2015-01-04,18.3,1.7,0.0,17.057222222222222
2015-01-05,23.3,4.4,0.0,22.701666666666668
2015-01-06,26.1,6.7,0.0,25.62861111111112
2015-01-07,27.2,8.3,0.0,26.297777777777785
2015-01-08,21.7,12.2,0.0,26.297777777777785
2015-01-09,23.9,10.6,0.0,22.910555555555558
2015-01-10,18.3,12.2,0.0,22.936666666666667
2015-01-11,22.2,12.2,0.3,21.79472222222221
2015-01-12,19.4,13.3,0.5,21.308888888888887
2015-01-13,17.2,10.6,2.8,18.091388888888893
2015-01-14,19.4,7.8,0.0,18.368888888888886
2015-01-15,22.2,8.3,0.0,21.139166666666668
2015-01-16,23.3,9.4,0.0,22.20277777777778
2015-01-17,22.8,8.3,0.0,21.59888888888888
2015-01-18,23.9,8.9,0.0,23.410000000000004
2015-01-19,23.9,10.0,0.0,23.410000000000004
2015-01-20,23.9,8.9,0.0,23.42305555555555
2015-01-21,23.3,11.7,0.0,22.32027777777778
2015-01-22,18.3,8.9,0.0,21.165277777777774
2015-01-23,17.8,6.1,0.0,17.360277777777778
2015-01-24,25.0,10.0,0.0,23.240277777777774
2015-01-25,25.6,8.9,0.0,23.830555555555563
2015-01-26,21.7,11.7,0.3,22.688611111111104
2015-01-27,23.3,11.7,0.0,22.49
2015-01-28,23.9,11.1,0.0,23.014999999999997
2015-01-29,21.7,14.4,6.1,22.503055555555562
2015-01-30,15.6,12.8,8.9,19.259444444444444
2015-01-31,15.6,11.7,1.8,14.913611111111107
2015-02-01,20.6,10.0,0.0,19.64138888888889
2015-02-02,22.8,8.9,0.0,22.29416666666667
2015-02-03,24.4,10.0,0.0,23.527499999999993
2015-02-04,25.0,11.1,0.0,24.708611111111118
2015-02-05,27.8,11.1,0.0,26.36305555555556
2015-02-06,28.9,12.2,0.0,26.928405505235606
2015-02-07,27.2,11.7,0.0,26.907821456904497
2015-02-08,27.8,12.8,0.0,26.33694444444444
2015-02-09,28.3,12.8,0.0,26.68972755820452
2015-02-10,28.3,13.9,0.0,27.0354797434045
2015-02-11,27.2,12.2,0.0,26.206388888888895
2015-02-12,25.6,14.4,0.0,26.19333333333333
2015-02-13,26.7,12.8,0.0,25.65472222222223
2015-02-14,28.3,12.2,0.0,26.582636373635598
2015-02-15,26.1,17.2,0.0,26.26891400403554
2015-02-16,26.1,12.8,0.0,24.734722222222228
2015-02-17,25.0,12.8,0.0,24.669444444444444
2015-02-18,26.1,10.0,0.0,25.064444444444437
2015-02-19,26.7,11.1,0.0,25.58944444444445
2015-02-20,26.1,12.8,0.0,25.58944444444445
2015-02-21,26.1,12.2,0.0,25.16888888888889
2015-02-22,22.2,13.3,0.0,25.16888888888889
2015-02-23,21.1,15.0,0.3,20.23222222222222
2015-02-24,19.4,10.6,0.0,18.000000000000004
2015-02-25,22.2,8.3,0.0,19.945
2015-02-26,25.0,10.6,0.0,23.830555555555563
2015-02-27,25.6,10.0,0.0,23.869722222222226
2015-02-28,21.1,15.6,0.0,23.88277777777778
2015-03-01,25.0,16.1,0.0,24.695555555555554
2015-03-02,18.9,11.1,5.8,24.065555555555562
2015-03-03,18.3,8.3,1.8,16.740555555555552
2015-03-04,21.1,8.3,0.0,20.522222222222222
2015-03-05,23.9,7.8,0.0,22.08527777777778
2015-03-06,28.3,10.6,0.0,26.329681214556462
2015-03-07,28.3,12.8,0.0,26.24555555555556
2015-03-08,28.3,12.8,0.0,26.48047843731561
2015-03-09,28.9,13.3,0.0,26.49263152332448
2015-03-10,30.6,14.4,0.0,27.260045205845373
2015-03-11,30.6,15.0,0.0,27.86179158031804
2015-03-12,30.0,20.0,0.0,27.411282049132108
2015-03-13,31.1,15.6,0.0,28.90615223644336
2015-03-14,31.1,17.2,0.0,28.90615223644336
2015-03-15,31.7,17.2,0.0,28.617893028813327
2015-03-16,32.2,18.3,0.0,29.519918574424455
2015-03-17,32.8,17.8,0.0,29.65650750123555
2015-03-18,27.2,16.7,0.5,29.39487488070584
2015-03-19,21.1,15.6,0.3,20.926944444444448
2015-03-20,27.2,16.1,0.0,26.467500000000005
2015-03-21,29.4,15.6,0.0,27.7640842376711
2015-03-22,31.7,15.6,0.0,28.140149777777783
2015-03-23,31.1,16.1,0.0,28.506664233830488
2015-03-24,30.0,15.0,0.0,28.32041565651366
2015-03-25,31.1,16.7,0.0,28.411119738469868
2015-03-26,31.7,17.8,0.0,28.506664233830488
2015-03-27,35.0,17.2,0.0,30.03412737851
2015-03-28,35.0,17.8,0.0,30.87263397109104
2015-03-29,36.1,18.3,0.0,32.292875691241285
2015-03-30,35.6,21.1,0.0,31.606122433333358
2015-03-31,35.0,20.0,0.0,31.402681356666946
2015-04-01,32.8,19.4,0.0,31.122699534472115
2015-04-02,30.6,17.8,0.0,28.90615223644336
2015-04-03,30.0,15.6,0.0,27.86179158031804
2015-04-04,31.7,16.7,0.0,28.15352873281462
2015-04-05,31.7,16.1,0.0,28.82635586002055
2015-04-06,30.0,16.1,0.0,28.15352873281462
2015-04-07,28.9,14.4,0.0,26.666111111111107
2015-04-08,25.6,16.1,0.0,26.180530943979377
2015-04-09,28.3,12.2,0.0,26.11041730735641
2015-04-10,30.6,13.9,0.0,27.631208405080528
2015-04-11,30.0,15.6,0.0,27.260045205845373
2015-04-12,30.0,18.3,0.0,27.412137668471157
2015-04-13,32.2,17.2,0.0,29.58403550105782
2015-04-14,34.4,19.4,0.0,31.122699534472115
2015-04-15,28.9,18.3,0.0,30.609913356091752
2015-04-16,23.9,13.3,0.0,26.64
2015-04-17,27.8,12.8,0.0,25.58944444444445
2015-04-18,32.2,15.0,0.0,28.90624533892365
2015-04-19,33.3,16.7,0.0,29.84764431919676
2015-04-20,33.9,18.3,0.0,29.74784162522636
2015-04-21,32.8,18.3,0.0,29.37893397695182
2015-04-22,31.7,18.3,0.0,28.532496354278855
2015-04-23,28.3,16.7,0.0,28.452444543748868
2015-04-24,25.6,16.7,0.5,26.297777777777785
2015-04-25,27.2,13.3,0.5,26.415277777777785
2015-04-26,23.9,12.2,3.6,25.299444444444436
2015-04-27,30.6,13.9,0.0,26.907821456904497
2015-04-28,33.9,20.0,0.0,30.499909812017766
2015-04-29,35.6,21.7,0.0,31.257292908166317
2015-04-30,37.2,21.1,0.0,31.993099383378382
2015-05-01,38.3,21.1,0.0,33.78933823319743
2015-05-02,36.7,22.2,0.0,33.11231035733885
2015-05-03,35.6,23.9,0.0,32.925675348217084
2015-05-04,29.4,18.3,6.1,31.468562742664492
2015-05-05,30.0,19.4,0.0,27.318101132851165
2015-05-06,32.2,20.6,0.0,29.39487488070584
2015-05-07,30.0,18.3,0.0,28.90615223644336
2015-05-08,23.9,16.1,0.0,27.362086793075598
2015-05-09,25.0,13.9,0.0,23.88277777777778
2015-05-10,31.7,16.1,0.0,28.140149777777783
2015-05-11,35.6,19.4,0.0,31.46469992222223
2015-05-12,32.8,21.1,0.0,30.992269215378357
2015-05-13,32.8,20.6,0.0,30.165565455751107
2015-05-14,30.6,21.1,0.0,30.067119210204446
2015-05-15,24.4,13.9,23.6,26.928405505235606
2015-05-16,23.9,13.9,0.0,22.46388888888889
2015-05-17,30.0,17.8,0.0,27.685917222915585
2015-05-18,32.2,18.3,0.0,29.018633022664442
2015-05-19,30.6,18.3,0.0,29.39487488070584
2015-05-20,33.9,19.4,0.0,30.357033287605734
2015-05-21,32.8,22.2,0.0,29.692491098716737
2015-05-22,27.8,18.9,0.0,29.018633022664442
2015-05-23,28.3,17.8,0.0,26.240118096551093
2015-05-24,29.4,18.9,0.0,27.362086793075598
2015-05-25,33.3,19.4,0.0,29.617298762904486
2015-05-26,35.6,21.7,0.0,32.26337892222221
2015-05-27,36.1,22.8,0.0,32.46390307266697
2015-05-28,36.7,21.7,0.0,33.48650723760654
2015-05-29,39.4,22.8,0.0,34.41081126292361
2015-05-30,40.6,23.3,0.0,35.754293935556916
2015-05-31,41.7,25.6,0.0,36.77837786184537
2015-06-01,40.6,25.6,0.0,37.0400735407865
2015-06-02,40.0,24.4,0.0,36.078783897448574
2015-06-03,38.9,23.3,0.0,34.767096599223294
2015-06-04,36.1,22.8,0.0,33.4876118041808
2015-06-05,32.2,22.2,4.1,31.53111406157112
2015-06-06,36.1,22.8,0.8,32.29724478016635
2015-06-07,37.8,21.7,0.0,33.95783981373238
2015-06-08,40.6,25.6,0.0,37.0400735407865
2015-06-09,35.0,28.3,0.0,37.316018065132084
2015-06-10,35.0,26.7,0.0,33.61686139803551
2015-06-11,37.8,27.8,0.0,34.98114772339558
2015-06-12,40.0,25.6,0.0,35.848321741895575
2015-06-13,40.6,26.7,0.0,36.907408726595605
2015-06-14,41.7,28.3,0.0,38.78380501381933
2015-06-15,44.4,30.0,0.0,39.99578461027292
2015-06-16,44.4,29.4,0.0,40.179258727014066
2015-06-17,45.6,30.0,0.0,40.93813585555559
2015-06-18,46.1,30.0,0.0,41.08126608833781
2015-06-19,45.6,29.4,0.0,41.08126608833781
2015-06-20,44.4,26.7,0.0,39.11407061691611
2015-06-21,42.8,31.1,0.0,40.08962503081779
2015-06-22,42.8,29.4,0.0,40.08962503081779
2015-06-23,43.9,30.6,0.0,39.28470468196802
2015-06-24,44.4,30.6,0.0,39.46782454176862
2015-06-25,43.3,32.2,0.0,40.559791022363484
2015-06-26,41.7,31.7,0.0,40.758843069057804
2015-06-27,42.2,32.2,0.3,41.11624653890447
2015-06-28,43.3,30.6,0.0,40.758843069057804
2015-06-29,43.3,30.0,1.3,42.128902611884484
2015-06-30,41.7,29.4,0.0,42.69782342313561
2015-07-01,41.1,28.9,0.0,40.359909044444436
2015-07-02,41.1,31.1,0.0,40.238860733671075
2015-07-03,37.8,27.8,2.0,39.593469071484456
2015-07-04,41.1,29.4,0.0,39.37662891111112
2015-07-05,38.9,28.9,0.0,39.90904047987556
2015-07-06,40.0,25.6,0.0,39.1205244854756
2015-07-07,42.2,29.4,0.0,39.777810462424476
2015-07-08,42.8,30.6,0.0,39.777810462424476
2015-07-09,38.9,28.3,0.0,39.12490045392521
2015-07-10,40.0,25.6,0.0,37.526354610915575
2015-07-11,41.1,29.4,0.0,37.91065365003668
2015-07-12,41.1,28.9,0.0,38.22934471059556
2015-07-13,42.2,31.1,0.0,40.2777378933845
2015-07-14,42.8,31.1,0.0,40.41663589969555
2015-07-15,41.1,30.6,0.0,40.38496398732446
2015-07-16,41.7,30.6,0.0,39.90904047987556
2015-07-17,40.0,26.7,3.8,40.359909044444436
2015-07-18,37.8,24.4,4.6,38.07419268615775
2015-07-19,36.1,25.0,0.0,35.83018627777781
2015-07-20,38.9,28.9,0.0,38.465250953315596
2015-07-21,41.1,29.4,0.0,40.238860733671075
2015-07-22,41.7,30.0,0.0,39.29214650849783
2015-07-23,40.6,28.9,0.0,37.526354610915575
2015-07-24,40.0,30.6,0.0,38.82184079287112
2015-07-25,42.8,31.1,0.0,38.05221498141791
2015-07-26,42.2,30.0,0.0,37.77177761416387
2015-07-27,41.1,30.0,0.0,39.29214650849783
2015-07-28,41.1,31.1,0.0,39.29214650849783
2015-07-29,37.8,30.6,0.0,38.53635258567115
2015-07-30,41.1,29.4,0.0,39.75747832689779
2015-07-31,43.3,25.6,18.3,41.87664238005113
2015-08-01,39.4,26.7,0.0,39.6256119871911
2015-08-02,42.2,30.0,0.0,41.11624653890447
2015-08-03,43.3,30.6,0.0,40.375514202452045
2015-08-04,43.9,31.1,0.0,40.559791022363484
2015-08-05,44.4,31.7,0.0,39.99578461027292
2015-08-06,41.1,33.3,0.0,40.559791022363484
2015-08-07,41.7,26.1,9.4,41.34439175647111
2015-08-08,38.9,26.7,0.0,38.65812506511781
2015-08-09,41.7,30.0,0.0,40.974158812771144
2015-08-10,40.6,30.6,0.0,40.58292983287112
2015-08-11,36.1,24.4,5.6,39.690664211111134
2015-08-12,42.2,26.7,0.0,41.87664238005113
2015-08-13,45.6,31.7,0.0,43.40066278201559
2015-08-14,47.2,33.9,0.0,45.6544994825156
2015-08-15,46.1,33.9,0.0,44.22842229459561
2015-08-16,44.4,33.9,0.0,43.23715600007117
2015-08-17,42.2,32.8,0.0,43.52395995603558
2015-08-18,41.7,31.1,0.0,42.27963475135108
2015-08-19,41.7,30.0,0.0,39.90904047987556
2015-08-20,41.7,31.1,0.0,41.700630202897834
2015-08-21,41.7,31.7,0.0,41.46671187777782
2015-08-22,40.6,31.1,0.0,40.941247777475624
2015-08-23,41.7,30.6,0.0,41.488846309235605
2015-08-24,42.2,31.1,0.0,40.974158812771144
2015-08-25,37.8,28.9,1.3,39.90904047987556
2015-08-26,41.1,28.9,0.0,40.01842425555557
2015-08-27,42.2,27.8,3.8,41.488846309235605
2015-08-28,42.8,27.2,0.0,40.758843069057804
2015-08-29,43.9,26.7,3.3,42.997006461057836
2015-08-30,42.2,28.3,0.0,43.40066278201559
2015-08-31,41.1,25.0,9.4,41.87664238005113
2015-09-01,37.2,26.1,0.0,40.01842425555557
2015-09-02,38.3,28.9,0.0,36.731202326015556
2015-09-03,37.8,25.0,0.5,36.00496849820448
2015-09-04,36.7,24.4,0.0,35.11043901459563
2015-09-05,35.0,27.2,0.0,34.644825070275566
2015-09-06,40.0,28.3,0.0,38.07419268615775
2015-09-07,36.7,29.4,0.0,38.11572851647114
2015-09-08,40.6,29.4,0.0,39.37662891111112
2015-09-09,35.6,28.9,0.0,38.264059863875616
2015-09-10,33.9,27.2,0.0,35.5804232555556
2015-09-11,38.9,25.6,0.0,37.80054416740447
2015-09-12,41.7,28.3,0.0,40.01842425555557
2015-09-13,39.4,25.6,6.9,39.90904047987556
2015-09-14,36.7,24.4,2.8,37.365476079384464
2015-09-15,36.1,26.1,0.0,36.573461917715555
2015-09-16,36.7,25.6,0.0,34.70560137393786
2015-09-17,36.7,24.4,0.0,35.20223267935115
2015-09-18,38.3,25.0,0.0,35.35010501532445
2015-09-19,39.4,26.1,0.0,36.54364644066448
2015-09-20,39.4,27.8,0.0,37.85289387477112
2015-09-21,33.3,24.4,0.0,37.60280972907559
2015-09-22,33.9,23.3,10.4,32.755005308284495
2015-09-23,36.1,22.2,0.0,34.088468144444505
2015-09-24,40.0,25.0,0.0,39.07631835555556
2015-09-25,39.4,27.8,0.0,38.0049626274845
2015-09-26,40.6,27.8,0.0,37.759060876497806
2015-09-27,40.0,27.2,0.0,37.759060876497806
2015-09-28,40.0,26.7,0.0,37.526354610915575
2015-09-29,39.4,26.1,0.0,37.526354610915575
2015-09-30,41.1,25.6,0.0,37.60621143488218
2015-10-01,41.1,25.0,0.0,37.83137135202459
2015-10-02,36.7,23.9,0.0,36.70530588031804
2015-10-03,35.0,21.1,0.0,32.450584655555595
2015-10-04,35.0,21.1,0.5,32.60728341747558
2015-10-05,31.7,20.0,1.8,32.051154196175595
2015-10-06,26.7,18.3,4.1,27.534022768335646
2015-10-07,28.3,17.8,0.0,27.369093992871175
2015-10-08,33.3,18.9,0.0,31.50134035540451
2015-10-09,35.0,23.3,0.0,33.04518861111118
2015-10-10,35.0,22.8,0.0,32.40333525931559
2015-10-11,36.7,23.3,0.0,34.627587814175556
2015-10-12,36.1,23.9,0.0,34.171272883484534
2015-10-13,36.7,23.9,0.0,34.46234138047114
2015-10-14,37.8,24.4,0.0,35.28974281820443
2015-10-15,35.6,24.4,0.0,35.64318086775112
2015-10-16,36.1,23.3,0.5,33.29748525555557
2015-10-17,31.7,22.2,0.5,29.933376361715634
2015-10-18,33.3,21.7,8.1,31.576198403235576
2015-10-19,30.0,20.0,0.0,29.36368185555555
2015-10-20,27.2,19.4,0.0,28.03957093897562
2015-10-21,25.0,17.8,0.0,24.17
2015-10-22,26.1,16.1,0.0,25.889722222222233
2015-10-23,28.9,17.2,0.0,27.736280690231215
2015-10-24,32.2,17.8,0.0,30.027559157457826
2015-10-25,31.1,20.6,0.0,29.617298762904486
2015-10-26,32.8,19.4,0.0,29.80980657513561
2015-10-27,31.7,18.3,0.0,29.256685372175596
2015-10-28,30.6,20.0,0.0,28.632732378915577
2015-10-29,27.2,18.3,1.5,27.385562986771195
2015-10-30,26.1,15.6,1.0,25.26027777777778
2015-10-31,28.3,13.9,0.0,26.56073681420451
2015-11-01,29.4,15.0,0.0,27.385562986771195
2015-11-02,31.1,16.1,0.0,28.650974284497806
2015-11-03,28.3,17.2,0.0,28.18643024444445
2015-11-04,20.6,12.2,1.0,22.359444444444453
2015-11-05,18.9,10.0,0.0,18.81555555555555
2015-11-06,23.3,8.9,0.0,22.20277777777778
2015-11-07,26.7,10.0,0.0,25.65472222222223
2015-11-08,28.3,13.3,0.0,26.582636373635598
2015-11-09,27.2,13.3,0.0,26.24555555555556
2015-11-10,21.7,12.8,0.0,25.62861111111112
2015-11-11,20.6,8.9,0.0,19.945
2015-11-12,25.0,7.8,0.0,23.778333333333332
2015-11-13,26.7,10.0,0.0,26.180277777777786
2015-11-14,25.6,11.1,0.0,26.180277777777786
2015-11-15,18.9,13.9,4.3,23.8175
2015-11-16,15.6,10.6,1.0,15.347777777777777
2015-11-17,17.2,7.2,0.0,15.889166666666666
2015-11-18,18.9,7.2,0.0,17.55611111111111
2015-11-19,24.4,7.8,0.0,23.410000000000004
2015-11-20,26.1,10.0,0.0,25.11666666666666
2015-11-21,27.8,10.0,0.0,26.21944444444445
2015-11-22,26.7,12.8,0.0,26.2325
2015-11-23,27.2,12.2,0.0,26.25861111111111
2015-11-24,26.1,11.7,0.0,25.65472222222223
2015-11-25,22.2,13.9,0.0,25.129722222222217
2015-11-26,17.8,10.0,0.0,20.587500000000002
2015-11-27,17.2,5.6,0.0,16.453333333333333
2015-11-28,17.2,5.6,0.0,16.401111111111106
2015-11-29,16.7,5.0,0.0,15.850000000000001
2015-11-30,16.1,3.9,0.0,14.708055555555555
2015-12-01,18.3,3.3,0.0,16.939722222222223
2015-12-02,21.7,3.3,0.0,20.300277777777783
2015-12-03,25.0,5.6,0.0,24.382222222222225
2015-12-04,22.8,8.3,0.0,23.240277777777774
2015-12-05,23.9,7.8,0.0,22.623333333333328
2015-12-06,26.1,6.7,0.0,25.038333333333327
2015-12-07,26.1,10.0,0.0,25.576388888888896
2015-12-08,23.9,8.9,0.0,23.30555555555555
2015-12-09,22.8,9.4,0.0,22.163611111111113
2015-12-10,25.6,10.0,0.0,24.486666666666665
2015-12-11,19.4,12.2,0.8,23.88277777777778
2015-12-12,16.7,7.8,0.5,17.79111111111111
2015-12-13,16.1,4.4,0.0,15.285277777777784
2015-12-14,12.8,6.1,4.1,14.156388888888888
2015-12-15,12.8,2.8,0.0,11.360000000000005
2015-12-16,13.3,1.7,0.0,11.859444444444442
2015-12-17,14.4,2.2,0.0,12.975277777777782
2015-12-18,21.7,3.3,0.0,21.021666666666665
2015-12-19,18.9,8.3,0.0,20.417777777777783
2015-12-20,18.3,6.7,0.0,16.54472222222222
2015-12-21,16.7,6.1,0.0,16.01972222222222
2015-12-22,13.9,7.2,0.0,15.967500000000001
2015-12-23,19.4,11.7,0.0,18.577777777777776
2015-12-24,19.4,11.1,0.0,18.49944444444445
2015-12-25,16.1,6.1,0.0,17.396666666666672
2015-12-26,13.3,2.8,0.0,13.356666666666667
2015-12-27,15.0,1.7,0.0,13.356666666666667
2015-12-28,15.0,3.3,0.0,14.130277777777778
2015-12-29,13.3,5.6,0.0,13.500277777777777
2015-12-30,15.6,2.8,0.0,14.065000000000001
2015-12-31,16.7,1.7,0.0,15.220000000000002
2016-01-01,19.4,2.2,0.0,18.225277777777777
2016-01-02,21.1,8.3,0.0,19.971111111111107
2016-01-03,22.2,11.7,0.0,20.496111111111112
2016-01-04,16.7,11.7,6.9,19.958055555555553
2016-01-05,13.9,11.1,2.8,14.022499999999999
2016-01-06,15.6,10.0,3.8,14.443611111111112
2016-01-07,12.2,8.3,15.2,14.417499999999999
2016-01-08,13.3,7.2,0.0,12.71083333333333
2016-01-09,15.0,5.0,0.0,13.722222222222223
2016-01-10,13.3,6.7,0.0,13.722222222222223
2016-01-11,16.1,4.4,0.0,14.708055555555555
2016-01-12,18.9,3.3,0.0,18.06861111111111
2016-01-13,18.9,4.4,0.0,18.107777777777773
2016-01-14,17.8,5.0,0.0,17.477777777777774
2016-01-15,15.6,6.1,0.0,15.915277777777773
2016-01-16,16.7,4.4,0.0,15.376666666666669
2016-01-17,20.0,6.7,0.0,18.776388888888896
2016-01-18,20.0,7.2,0.0,18.776388888888896
2016-01-19,20.6,6.1,0.0,19.35416666666667
2016-01-20,22.2,8.3,0.0,20.574444444444445
2016-01-21,21.7,6.1,0.0,20.339444444444453
2016-01-22,24.4,7.2,0.0,23.25333333333333
2016-01-23,22.8,10.6,0.0,22.636388888888884
2016-01-24,19.4,7.2,0.0,20.391666666666673
2016-01-25,19.4,8.9,0.0,18.685000000000006
2016-01-26,21.7,5.6,0.0,19.158333333333335
2016-01-27,21.1,6.1,0.0,20.31333333333334
2016-01-28,22.2,7.8,0.0,20.9825
2016-01-29,22.2,7.2,0.0,21.520555555555553
2016-01-30,23.3,8.3,0.0,22.17666666666667
2016-01-31,24.4,9.4,4.6,22.76694444444444
2016-02-01,12.8,7.2,0.0,22.76694444444444
2016-02-02,12.8,2.8,0.0,11.085833333333333
2016-02-03,13.9,1.1,0.0,12.85777777777778
2016-02-04,17.8,3.3,0.0,16.21833333333333
2016-02-05,20.6,3.9,0.0,19.814444444444444
2016-02-06,23.3,6.1,0.0,22.072222222222234
2016-02-07,26.1,8.3,0.0,24.42138888888889
2016-02-08,29.4,10.0,0.0,27.260045205845373
2016-02-09,30.0,15.0,0.0,27.260045205845373
2016-02-10,30.0,12.2,0.0,27.70383911904858
2016-02-11,29.4,12.8,0.0,27.57697936203664
2016-02-12,30.6,12.8,0.0,27.411282049132108
2016-02-13,30.6,11.7,0.0,27.780700177461124
2016-02-14,27.8,11.1,0.0,26.967142891043157
2016-02-15,29.4,11.1,0.0,27.20186140000081
2016-02-16,30.6,12.8,0.0,28.411119738469868
2016-02-17,32.2,13.9,0.0,29.28525801938051
2016-02-18,27.8,13.9,0.0,28.506664233830488
2016-02-19,27.2,15.0,0.0,26.24555555555556
2016-02-20,30.0,12.2,0.0,27.411282049132108
2016-02-21,30.0,12.2,0.0,27.291183144664483
2016-02-22,29.4,11.7,0.0,27.20186140000081
2016-02-23,23.3,13.9,0.0,26.60759671219786
2016-02-24,25.0,11.7,0.0,23.778333333333332
2016-02-25,28.9,11.1,0.0,26.11041730735641
2016-02-26,31.1,13.9,0.0,27.70383911904858
2016-02-27,30.6,14.4,0.0,28.006003462733354
2016-02-28,30.0,13.9,0.0,27.86179158031804
2016-02-29,31.1,15.0,0.0,28.23455198796191
2016-03-01,31.7,15.0,0.0,28.708634567352206
2016-03-02,32.2,14.4,0.0,28.708634567352206
2016-03-03,32.8,15.0,0.0,28.532496354278855
2016-03-04,31.1,15.6,0.0,28.15352873281462
2016-03-05,26.7,13.9,0.0,28.077345891071754
2016-03-06,26.7,17.2,0.0,26.21944444444445
2016-03-07,21.7,11.1,0.0,25.129722222222217
2016-03-08,22.8,11.1,0.0,21.047777777777775
2016-03-09,26.7,11.1,0.0,25.58944444444445
2016-03-10,29.4,12.2,0.0,26.967142891043157
2016-03-11,29.4,14.4,0.0,27.411282049132108
2016-03-12,22.2,11.7,0.0,26.326606101278596
2016-03-13,25.6,11.1,0.0,25.103611111111107
2016-03-14,26.1,12.2,0.0,25.720000000000013
2016-03-15,29.4,13.3,0.0,27.411282049132108
2016-03-16,30.6,13.3,0.0,27.260045205845373
2016-03-17,31.1,13.9,0.0,27.631208405080528
2016-03-18,31.7,13.3,0.0,29.083860726183204
2016-03-19,32.2,15.6,0.0,29.28729902973239
2016-03-20,32.8,16.1,0.0,29.181586634539613
2016-03-21,33.3,17.2,0.0,29.954480215851657
2016-03-22,27.2,17.8,0.0,29.58153001144398
2016-03-23,23.9,15.0,0.0,24.486666666666665
2016-03-24,26.7,11.1,0.0,25.53722222222223
2016-03-25,29.4,12.2,0.0,26.895100364066156
2016-03-26,30.0,13.9,0.0,27.86179158031804
2016-03-27,30.6,14.4,0.0,27.70383911904858
2016-03-28,28.9,16.1,0.0,27.362086793075598
2016-03-29,21.1,13.3,0.0,26.522785579395578
2016-03-30,20.6,11.1,0.0,18.698055555555552
2016-03-31,22.8,10.0,0.0,22.17666666666667
2016-04-01,26.1,11.1,0.0,24.460555555555555
2016-04-02,28.3,13.9,0.0,26.60759671219786
2016-04-03,31.7,15.0,0.0,28.15352873281462
2016-04-04,33.3,15.0,0.0,29.37893397695182
2016-04-05,33.3,16.1,0.0,29.84764431919676
2016-04-06,36.1,18.3,0.0,31.09537225555556
2016-04-07,32.2,19.4,0.5,31.09537225555556
2016-04-08,27.8,16.7,5.8,28.532496354278855
2016-04-09,28.3,17.2,0.0,26.721373591057827
2016-04-10,22.8,13.3,6.6,26.40222222222222
2016-04-11,25.0,12.8,0.0,22.910555555555558
2016-04-12,27.8,15.0,0.0,26.42833333333333
2016-04-13,30.0,16.7,0.0,27.73911980787555
2016-04-14,31.7,17.8,0.0,29.55671771569561
2016-04-15,28.3,17.8,0.0,29.06781617369778
2016-04-16,27.2,13.9,0.0,26.2325
2016-04-17,27.8,17.2,0.0,26.21944444444445
2016-04-18,30.0,15.6,0.0,27.333856068786513
2016-04-19,32.2,17.2,0.0,29.28729902973239
2016-04-20,34.4,17.8,0.0,30.134240789057458
2016-04-21,36.1,18.3,0.0,31.727848904208194
2016-04-22,36.1,20.6,0.0,32.14031021707014
2016-04-23,31.1,20.0,0.0,31.46469992222223
2016-04-24,31.1,15.6,0.0,28.077345891071754
2016-04-25,27.2,19.4,0.0,27.70383911904858
2016-04-26,25.0,13.9,0.0,24.356111111111115
2016-04-27,28.3,15.6,0.0,26.48047843731561
2016-04-28,24.4,17.8,0.0,26.48047843731561
2016-04-29,27.8,17.8,0.0,26.323888888888895
2016-04-30,27.8,16.7,0.0,26.323888888888895
2016-05-01,26.1,15.0,0.0,25.24722222222222
2016-05-02,31.1,16.1,0.0,28.16677307777778
2016-05-03,34.4,17.8,0.0,30.609913356091752
2016-05-04,38.9,20.6,0.0,34.41081126292361
2016-05-05,36.1,22.2,0.0,34.23273655402051
2016-05-06,26.7,16.7,0.0,31.993099383378382
2016-05-07,25.0,14.4,0.0,24.617222222222225
2016-05-08,27.2,16.1,1.3,25.73305555555556
2016-05-09,30.0,16.7,0.0,27.7640842376711
2016-05-10,32.8,19.4,0.0,29.58403550105782
2016-05-11,35.0,21.1,0.0,31.93567442796443
2016-05-12,38.3,21.1,0.0,33.58698929119677
2016-05-13,38.9,22.2,0.0,34.13810030495181
2016-05-14,38.3,23.9,0.0,35.654018935395584
2016-05-15,35.0,23.3,0.0,34.98114772339558
2016-05-16,33.3,21.1,0.0,31.51302410233781
2016-05-17,32.8,21.1,0.0,30.027559157457826
2016-05-18,30.6,21.7,0.0,29.06781617369778
2016-05-19,34.4,21.1,0.0,30.575796605457768
2016-05-20,37.2,22.2,0.0,32.75218689396645
2016-05-21,34.4,22.8,0.0,32.75218689396645
2016-05-22,31.7,20.0,0.0,30.357033287605734
2016-05-23,31.7,18.9,0.0,28.632732378915577
2016-05-24,32.2,20.0,0.0,29.28525801938051
2016-05-25,32.8,18.9,0.0,29.58153001144398
2016-05-26,29.4,18.3,0.0,29.655072133940376
2016-05-27,33.9,19.4,0.0,30.068349315190954
2016-05-28,36.1,20.6,0.0,32.29724478016635
2016-05-29,36.7,22.2,0.0,32.292875691241285
2016-05-30,35.0,21.1,0.0,32.16015667700843
2016-05-31,36.7,21.1,0.0,32.5888907997203
2016-06-01,38.3,25.6,0.0,34.80359602218316
2016-06-02,42.2,25.0,0.0,36.77837786184537
2016-06-03,45.0,26.1,0.0,39.427659435660495
2016-06-04,46.1,27.8,0.0,40.705335390204475
2016-06-05,45.0,27.8,0.0,40.34782045347559
2016-06-06,43.9,27.8,0.0,39.91596255555558
2016-06-07,41.7,26.7,0.0,38.822564230460955
2016-06-08,42.2,27.8,0.0,39.06107592666449
2016-06-09,40.6,28.3,0.0,38.53635258567115
2016-06-10,37.2,28.3,0.0,37.85289387477112
2016-06-11,40.0,26.1,0.0,37.87912317681782
2016-06-12,39.4,23.9,0.0,36.357746250469845
2016-06-13,37.8,26.1,0.0,35.24522790338049
2016-06-14,37.2,23.9,0.0,33.13136993408938
2016-06-15,38.3,23.3,0.0,33.95783981373238
2016-06-16,38.3,24.4,0.0,34.330119706855676
2016-06-17,41.1,24.4,0.0,35.754293935556916
2016-06-18,43.9,24.4,0.0,38.056061849571584
2016-06-19,47.8,28.9,0.0,41.94484362188448
2016-06-20,46.7,32.2,0.0,42.46659370123558
2016-06-21,43.9,31.7,0.0,42.36924851071781
2016-06-22,44.4,31.1,0.0,41.25119152944905
2016-06-23,44.4,31.7,0.0,41.6670155482201
2016-06-24,42.8,30.6,0.0,40.375514202452045
2016-06-25,42.2,29.4,0.0,40.375514202452045
2016-06-26,41.1,32.2,0.0,38.79361457499559
2016-06-27,43.3,32.2,0.3,40.41663589969555
2016-06-28,45.0,31.7,0.0,42.56556114769562
2016-06-29,41.1,28.9,0.0,42.51643423866445
2016-06-30,36.1,27.2,0.0,40.58292983287112
2016-07-01,36.7,25.6,0.0,37.70329621273782
2016-07-02,40.0,27.8,0.0,38.980735417597806
2016-07-03,41.7,30.0,0.0,40.2777378933845
2016-07-04,43.3,30.6,0.0,40.41663589969555
2016-07-05,43.9,30.0,0.0,40.9568667861973
2016-07-06,41.7,29.4,0.0,39.29214650849783
2016-07-07,41.1,29.4,0.0,40.238860733671075
2016-07-08,42.8,28.9,0.0,39.90904047987556
2016-07-09,43.9,30.6,0.0,40.179258727014066
2016-07-10,43.9,30.6,0.0,40.559791022363484
2016-07-11,43.3,30.0,0.0,38.953354345842264
2016-07-12,43.3,27.2,0.0,38.65995340797939
2016-07-13,42.8,29.4,0.0,39.330176757278565
2016-07-14,43.9,31.7,0.0,40.85240671068243
2016-07-15,43.9,31.1,0.0,40.38496398732446
2016-07-16,42.2,32.2,0.0,41.370486018515564
2016-07-17,40.6,32.2,0.0,40.41663589969555
2016-07-18,41.1,27.2,9.1,40.359909044444436
2016-07-19,41.7,28.9,0.0,41.87664238005113
2016-07-20,42.2,29.4,0.0,41.488846309235605
2016-07-21,44.4,31.1,0.0,43.40066278201559
2016-07-22,44.4,32.8,0.0,42.997006461057836
2016-07-23,43.9,32.2,0.0,42.997006461057836
2016-07-24,41.7,32.2,0.0,42.95002891033779
2016-07-25,41.7,31.1,0.0,41.87664238005113
2016-07-26,43.9,32.8,0.0,42.997006461057836
2016-07-27,44.4,32.8,0.0,44.353048125384426
2016-07-28,43.3,31.7,0.0,44.10877025491557
2016-07-29,44.4,25.0,13.5,43.90952749323557
2016-07-30,38.3,26.7,0.0,42.997006461057836
2016-07-31,38.9,29.4,0.0,39.97253118885107
2016-08-01,37.8,26.7,0.0,39.29090456601554
2016-08-02,37.8,25.0,3.8,39.12359551698453
2016-08-03,36.7,27.2,0.0,38.99620826783118
2016-08-04,37.8,28.3,0.0,39.829193699571064
2016-08-05,36.7,24.4,13.2,38.78692140841783
2016-08-06,41.1,28.9,0.0,41.98503150087119
2016-08-07,42.8,30.0,0.0,42.64548357975115
2016-08-08,43.3,31.1,0.0,42.2296772376356
2016-08-09,36.1,25.0,5.6,39.68872027795486
2016-08-10,38.3,27.8,0.0,39.97253118885107
2016-08-11,36.7,25.6,3.3,39.77861343452447
2016-08-12,40.6,27.8,0.0,41.46671187777782
2016-08-13,42.2,28.9,0.0,41.08405285555559
2016-08-14,41.1,30.0,0.0,40.41663589969555
2016-08-15,43.3,30.0,0.0,41.44492824545783
2016-08-16,43.9,30.6,0.0,42.95002891033779
2016-08-17,42.8,28.9,2.5,41.752300926424454
2016-08-18,40.0,27.8,0.3,39.68872027795486
2016-08-19,40.0,26.1,0.0,37.60280972907559
2016-08-20,37.8,26.7,0.0,37.60280972907559
2016-08-21,38.3,24.4,0.0,36.24060391311785
2016-08-22,37.8,26.1,0.0,36.722963918595546
2016-08-23,35.6,23.3,2.5,34.274134655555564
2016-08-24,39.4,25.0,1.0,36.84797455203558
2016-08-25,39.4,25.0,0.0,36.82806789723558
2016-08-26,36.7,26.7,0.0,36.19808164563557
2016-08-27,36.1,26.7,0.0,35.79300545415786
2016-08-28,37.2,25.0,0.0,34.98114772339558
2016-08-29,40.6,26.1,0.0,37.26316031936528
2016-08-30,41.7,28.9,0.0,39.343218934337784
2016-08-31,41.1,27.8,0.0,39.005072790915584
2016-09-01,40.0,30.6,0.0,40.44721410993783
2016-09-02,40.6,28.9,0.0,38.980735417597806
2016-09-03,41.1,28.3,0.0,38.0049626274845
2016-09-04,38.3,24.4,0.0,36.70530588031804
2016-09-05,39.4,23.9,0.0,35.377580196813305
2016-09-06,38.3,25.6,0.0,36.61958467255111
2016-09-07,31.1,25.0,1.0,35.388406949135565
2016-09-08,35.6,23.3,0.0,35.5804232555556
2016-09-09,39.4,26.7,0.0,37.08812334220451
2016-09-10,40.0,27.8,0.0,38.78973254444448
2016-09-11,40.6,26.7,0.0,38.0049626274845
2016-09-12,38.3,28.3,0.0,36.37006527099558
2016-09-13,36.7,25.6,0.0,35.02680839805114
2016-09-14,36.7,24.4,0.0,34.16242559307558
2016-09-15,36.1,22.2,0.0,33.59100242466448
2016-09-16,36.1,21.1,0.0,32.14031021707014
2016-09-17,37.8,22.8,0.0,33.76763707985165
2016-09-18,40.6,22.2,0.0,35.63221867681462
2016-09-19,37.8,24.4,0.0,35.754293935556916
2016-09-20,31.7,27.2,0.0,32.82951854444448
2016-09-21,37.8,24.4,0.0,37.505362613315555
2016-09-22,30.6,22.8,6.6,36.99262651519117
2016-09-23,31.1,21.7,0.0,28.32041565651366
2016-09-24,32.2,16.7,0.0,29.510437218515595
2016-09-25,35.0,19.4,0.0,31.91643738888892
2016-09-26,32.8,23.9,0.0,31.91643738888892
2016-09-27,31.1,21.7,0.0,29.099616077564477
2016-09-28,35.6,21.1,0.0,33.91195827777781
2016-09-29,33.9,23.9,0.5,33.91195827777781
2016-09-30,35.6,22.8,0.0,34.274134655555564
2016-10-01,36.1,22.8,0.0,34.02775623938448
2016-10-02,30.0,21.1,5.1,32.932775255555576
2016-10-03,30.0,19.4,0.0,27.2862978789956
2016-10-04,29.4,15.0,0.0,27.675413262737784
2016-10-05,32.2,17.2,0.0,29.55671771569561
2016-10-06,32.2,19.4,0.0,29.58403550105782
2016-10-07,36.1,18.3,0.0,32.82639084588163
2016-10-08,36.1,23.9,0.0,33.72445795767115
2016-10-09,36.1,23.9,0.0,33.4373685444445
2016-10-10,35.6,22.8,0.0,33.29748525555557
2016-10-11,36.1,21.1,0.0,32.574688277777824
2016-10-12,33.3,19.4,0.0,31.93567442796443
2016-10-13,35.0,19.4,0.0,31.122699534472115
2016-10-14,35.6,19.4,0.0,31.91643738888892
2016-10-15,34.4,19.4,0.0,31.402681356666946
2016-10-16,33.3,18.9,0.0,31.273400458731633
2016-10-17,32.8,18.9,0.0,30.165565455751107
2016-10-18,32.2,18.9,0.0,30.165565455751107
2016-10-19,33.9,18.3,0.0,30.499909812017766
2016-10-20,36.1,17.2,0.0,32.14031021707014
2016-10-21,36.1,22.8,0.0,33.0933687999645
2016-10-22,36.1,21.7,0.0,33.684902338337814
2016-10-23,35.6,20.6,0.0,32.574688277777824
2016-10-24,32.2,22.2,0.0,32.05207026691558
2016-10-25,33.3,20.6,0.0,31.830555067117814
2016-10-26,35.6,20.6,0.0,33.166758611111135
2016-10-27,37.8,21.1,0.0,34.843666284017786
2016-10-28,33.9,24.4,0.0,34.3109368188178
2016-10-29,35.6,20.0,0.0,32.202803711484435
2016-10-30,33.9,21.1,0.0,32.123144788497775
2016-10-31,30.0,20.0,0.0,30.36155017420448
2016-11-01,27.8,18.9,0.0,27.656826412984522
2016-11-02,28.3,15.6,0.0,27.0354797434045
2016-11-03,28.9,16.7,8.9,27.318101132851165
2016-11-04,26.1,15.6,0.0,25.96805555555556
2016-11-05,27.8,16.1,0.0,26.672469195537772
2016-11-06,28.9,16.1,0.0,27.318101132851165
2016-11-07,30.0,16.1,0.0,28.093943902595598
2016-11-08,32.2,17.8,0.0,29.58403550105782
2016-11-09,29.4,20.0,0.0,29.06781617369778
2016-11-10,27.8,17.8,0.0,26.850223308424454
2016-11-11,28.3,16.7,0.0,26.68972755820452
2016-11-12,28.9,16.7,0.0,26.951463358051168
2016-11-13,29.4,14.4,0.0,27.385562986771195
2016-11-14,30.6,13.9,0.0,27.665250694595574
2016-11-15,30.0,15.0,0.0,28.036665419365292
2016-11-16,26.1,15.0,0.0,27.20186140000081
2016-11-17,22.2,13.3,0.0,23.921944444444446
2016-11-18,25.0,8.3,0.0,23.72611111111111
2016-11-19,28.3,12.2,0.0,26.48047843731561
2016-11-20,23.3,15.0,0.5,26.057096405315576
2016-11-21,21.7,13.3,2.3,20.297499999999992
2016-11-22,21.7,10.6,0.0,20.678888888888892
2016-11-23,23.3,10.6,0.0,22.32027777777778
2016-11-24,25.0,9.4,0.0,23.76527777777778
2016-11-25,27.2,8.9,0.0,26.21944444444445
2016-11-26,21.1,15.6,0.0,25.090555555555554
2016-11-27,18.9,9.4,5.6,18.368888888888886
2016-11-28,13.9,8.3,0.0,15.42888888888889
2016-11-29,16.7,6.7,0.0,14.681944444444444
2016-11-30,16.7,5.0,0.0,15.193888888888889
2016-12-01,16.7,6.1,0.0,15.246111111111114
2016-12-02,16.1,6.7,0.0,15.272222222222227
2016-12-03,21.1,6.1,0.0,19.879722222222224
2016-12-04,21.1,5.0,0.0,20.31333333333334
2016-12-05,20.6,6.7,0.0,19.80138888888888
2016-12-06,18.3,7.8,0.0,18.081666666666663
2016-12-07,19.4,8.3,0.0,18.460277777777776
2016-12-08,20.0,7.2,0.0,18.906944444444445
2016-12-09,22.2,8.3,0.0,21.178333333333338
2016-12-10,22.2,8.3,0.0,21.191388888888884
2016-12-11,22.8,10.0,0.0,21.716388888888883
2016-12-12,23.3,10.6,0.0,22.385555555555563
2016-12-13,23.9,12.2,0.0,23.527499999999993
2016-12-14,24.4,10.6,0.0,23.54055555555555
2016-12-15,23.9,11.7,0.3,22.923611111111104
2016-12-16,23.3,13.9,2.3,23.028055555555557
2016-12-17,19.4,6.7,0.0,21.96444444444444
2016-12-18,16.7,3.3,0.0,15.797777777777773
2016-12-19,21.1,5.6,0.0,20.443888888888893
2016-12-20,22.8,10.0,0.0,21.62499999999999
2016-12-21,21.1,15.0,0.0,20.691944444444445
2016-12-22,18.9,13.3,10.7,20.206111111111106
2016-12-23,16.7,11.7,1.0,16.4375
2016-12-24,17.2,7.2,4.8,16.845
2016-12-25,12.8,4.4,0.0,11.333888888888891
2016-12-26,16.7,3.3,0.0,15.272222222222227
2016-12-27,21.1,5.6,0.0,20.023333333333333
2016-12-28,17.8,7.8,0.0,18.841666666666672
2016-12-29,25.0,9.4,0.0,24.525833333333335
2016-12-30,22.2,10.6,4.8,23.462222222222223
2016-12-31,17.2,12.2,0.3,20.73111111111111
2017-01-01,13.9,11.1,5.1,15.807500000000005
2017-01-02,14.4,8.3,0.0,13.288611111111111
2017-01-03,16.1,7.2,0.0,15.533333333333339
2017-01-04,19.4,7.8,0.0,18.368888888888886
2017-01-05,20.0,8.3,0.0,18.972222222222225
2017-01-06,18.9,9.4,0.0,18.460277777777776
2017-01-07,18.9,6.1,0.0,17.608333333333334
2017-01-08,23.3,10.0,0.0,22.832222222222214
2017-01-09,19.4,11.1,0.0,22.359444444444453
2017-01-10,21.1,9.4,0.0,19.510833333333338
2017-01-11,18.9,10.0,0.0,19.432499999999997
2017-01-12,20.6,7.8,0.0,19.484722222222217
2017-01-13,18.9,12.8,0.0,18.841666666666672
2017-01-14,18.3,12.2,0.8,17.37055555555556
2017-01-15,15.6,10.0,0.0,15.807500000000005
2017-01-16,17.8,10.0,0.0,16.215555555555554
2017-01-17,17.2,7.2,0.0,16.16333333333333
2017-01-18,19.4,7.2,0.0,18.368888888888886
2017-01-19,13.9,8.3,0.3,17.73888888888889
2017-01-20,11.7,8.9,21.8,13.366944444444448
2017-01-21,15.6,7.8,0.0,14.32611111111111
2017-01-22,16.1,6.7,0.0,14.98222222222222
2017-01-23,17.2,9.4,0.0,16.32
2017-01-24,14.4,5.6,0.0,13.523611111111112
2017-01-25,13.9,3.3,0.0,13.0275
2017-01-26,14.4,2.8,0.0,12.988333333333337
2017-01-27,15.0,2.8,0.0,13.921388888888892
2017-01-28,17.8,1.7,0.0,16.92666666666667
2017-01-29,22.2,4.4,0.0,21.520555555555553
2017-01-30,24.4,6.7,0.0,23.830555555555563
2017-01-31,23.3,8.3,0.0,23.8175
2017-02-01,23.9,7.8,0.0,22.71472222222222
2017-02-02,22.8,9.4,0.0,22.701666666666668
2017-02-03,22.2,10.0,0.0,21.178333333333338
2017-02-04,23.9,8.3,0.0,22.779999999999994
2017-02-05,24.4,7.8,0.0,23.88277777777778
2017-02-06,19.4,11.7,0.0,22.71472222222222
2017-02-07,22.8,10.6,0.0,22.450833333333343
2017-02-08,25.0,11.1,0.0,24.747777777777774
2017-02-09,27.8,12.2,0.0,26.45444444444444
2017-02-10,28.3,12.2,0.0,26.867450669315588
2017-02-11,26.1,15.0,0.0,26.828007457724482
2017-02-12,23.3,15.6,0.0,23.553611111111113
2017-02-13,23.3,15.0,0.0,22.42472222222223
2017-02-14,23.3,13.9,0.0,22.85833333333333
2017-02-15,23.9,15.0,0.0,22.740833333333327
2017-02-16,23.9,11.1,0.0,22.76694444444444
2017-02-17,23.9,13.9,0.0,22.740833333333327
2017-02-18,19.4,10.0,16.0,22.281111111111116
2017-02-19,15.6,10.0,5.3,14.717777777777782
2017-02-20,20.6,10.0,0.0,19.03750000000001
2017-02-21,24.4,11.1,0.0,23.054166666666667
2017-02-22,25.0,12.2,0.0,24.196111111111108
2017-02-23,17.2,8.3,0.0,24.065555555555562
2017-02-24,17.8,6.1,0.0,15.810833333333331
2017-02-25,19.4,5.6,0.0,17.49083333333333
2017-02-26,21.1,11.1,0.0,19.314999999999998
2017-02-27,18.3,8.9,3.8,18.685000000000006
2017-02-28,18.3,11.1,6.4,17.765
2017-03-01,21.1,7.2,0.0,19.380277777777778
2017-03-02,25.0,8.3,0.0,23.30555555555555
2017-03-03,25.0,11.7,0.0,24.525833333333335
2017-03-04,26.1,11.7,0.0,25.16888888888889
2017-03-05,23.9,14.4,0.0,24.53888888888889
2017-03-06,20.0,11.1,0.0,22.17666666666667
2017-03-07,23.9,8.3,0.0,22.740833333333327
2017-03-08,28.3,10.6,0.0,26.506733904017803
2017-03-09,30.0,12.8,0.0,27.665250694595574
2017-03-10,31.1,13.9,0.0,28.610769807964466
2017-03-11,31.7,15.6,0.0,28.619330886737796
2017-03-12,31.1,14.4,0.0,28.619330886737796
2017-03-13,33.3,16.1,0.0,29.96776519201776
2017-03-14,33.9,17.2,0.0,31.51302410233781
2017-03-15,32.8,17.8,0.0,30.954397726817806
2017-03-16,33.9,16.7,0.0,31.122699534472115
2017-03-17,33.9,17.8,0.0,31.273400458731633
2017-03-18,35.0,17.8,0.0,31.556654206572073
2017-03-19,35.6,17.8,0.0,31.556654206572073
2017-03-20,35.6,19.4,0.0,31.556654206572073
2017-03-21,33.9,18.9,0.0,31.273400458731633
2017-03-22,27.8,17.2,0.0,29.93373941331559
2017-03-23,22.2,12.2,1.5,25.87666666666667
2017-03-24,25.6,11.1,0.0,24.512777777777778
2017-03-25,28.3,13.9,0.0,26.522785579395578
2017-03-26,27.8,13.3,0.0,26.28472222222222
2017-03-27,28.3,15.0,0.0,26.56073681420451
2017-03-28,26.1,13.9,0.0,26.31083333333333
2017-03-29,29.4,13.9,0.0,27.120523409010477
2017-03-30,32.2,14.4,0.0,29.083860726183204
2017-03-31,21.1,13.3,0.0,28.532496354278855
2017-04-01,22.8,11.1,0.0,21.047777777777775
2017-04-02,27.8,11.7,0.0,26.138086013457787
2017-04-03,29.4,15.0,0.0,27.668524419964463
2017-04-04,26.1,13.9,0.0,27.665250694595574
2017-04-05,29.4,13.9,0.0,26.967142891043157
2017-04-06,32.8,15.6,0.0,29.84764431919676
2017-04-07,32.2,17.2,0.0,29.58153001144398
2017-04-08,31.7,16.1,0.0,29.083860726183204
2017-04-09,26.7,16.1,0.0,27.631208405080528
2017-04-10,29.4,13.3,0.0,26.463691354408276
2017-04-11,31.7,14.4,0.0,28.006003462733354
2017-04-12,33.3,16.1,0.0,29.37893397695182
2017-04-13,34.4,18.3,0.0,31.122699534472115
2017-04-14,32.2,16.7,0.0,30.189251617214715
2017-04-15,31.1,16.1,0.0,28.708634567352206
2017-04-16,32.8,16.7,0.0,28.992080294311172
2017-04-17,33.9,16.7,0.0,30.71921831372028
2017-04-18,35.0,18.3,0.0,31.122699534472115
2017-04-19,32.2,21.1,0.0,30.609913356091752
2017-04-20,33.9,17.8,0.0,30.068349315190954
2017-04-21,35.0,16.7,0.0,30.87263397109104
2017-04-22,35.6,18.3,0.0,30.87263397109104
2017-04-23,37.2,20.0,0.0,32.819232584510004
2017-04-24,33.9,20.6,0.0,32.819232584510004
2017-04-25,30.6,20.6,0.0,28.992080294311172
2017-04-26,32.2,17.8,0.0,28.617893028813327
2017-04-27,32.2,20.0,0.0,29.58403550105782
2017-04-28,30.6,19.4,0.0,29.09490028538446
2017-04-29,27.2,14.4,0.0,26.329681214556462
2017-04-30,30.6,14.4,0.0,27.260045205845373
2017-05-01,34.4,16.7,0.0,30.87263397109104
2017-05-02,36.1,19.4,0.0,32.14031021707014
2017-05-03,37.8,20.6,0.0,33.30356359160573
2017-05-04,39.4,22.8,0.0,34.95784063574885
2017-05-05,42.2,24.4,0.0,37.00126303309361
2017-05-06,36.7,22.8,0.0,36.7539235721255
2017-05-07,23.3,17.8,0.0,31.71921145788158
2017-05-08,28.3,15.6,0.0,26.928405505235606
2017-05-09,24.4,13.9,0.3,25.195
2017-05-10,26.7,15.6,0.0,25.26027777777778
2017-05-11,32.2,17.8,0.0,29.310493803884487
2017-05-12,36.1,21.7,0.0,33.022220326595615
2017-05-13,37.2,21.7,0.0,33.0933687999645
2017-05-14,33.9,21.1,0.0,32.925675348217084
2017-05-15,31.1,20.6,0.0,30.919878414424474
2017-05-16,25.6,16.1,0.0,27.57697936203664
2017-05-17,30.6,16.7,0.0,27.675413262737784
2017-05-18,30.0,19.4,0.0,27.341709087384487
2017-05-19,30.6,16.7,0.0,27.411282049132108
2017-05-20,34.4,20.0,0.0,30.357033287605734
2017-05-21,38.3,21.1,0.0,33.78933823319743
2017-05-22,40.0,22.8,0.0,35.21451105473334
2017-05-23,40.0,25.0,0.0,35.21451105473334
2017-05-24,42.2,23.9,0.0,37.30627232055643
2017-05-25,38.9,26.1,0.0,36.2977330401764
2017-05-26,35.6,23.3,0.0,33.259325929940374
2017-05-27,35.6,21.1,0.0,32.29724478016635
2017-05-28,38.9,22.2,0.0,33.95783981373238
2017-05-29,40.0,22.8,0.0,34.58910305870217
2017-05-30,38.3,25.0,0.0,35.02545047179938
2017-05-31,38.3,24.4,0.0,34.74943524271672
2017-06-01,37.2,25.6,0.0,34.97673137667397
2017-06-02,38.9,23.9,0.0,34.53389801944396
2017-06-03,41.7,25.6,0.0,37.26328415006614
2017-06-04,41.7,27.8,0.0,38.14720303506085
2017-06-05,41.7,28.3,0.0,38.45790587419786
2017-06-06,41.7,28.9,0.0,38.13743743701045
2017-06-07,41.1,27.8,0.0,37.60621143488218
2017-06-08,40.6,25.6,0.0,37.0400735407865
2017-06-09,41.1,26.1,0.0,36.44696577746111
2017-06-10,38.9,25.6,0.0,36.77837786184537
2017-06-11,38.3,24.4,0.0,35.24522790338049
2017-06-12,33.9,24.4,0.0,33.95949560719096
2017-06-13,35.6,20.6,0.0,30.659116686729742
2017-06-14,39.4,21.1,0.0,33.77178311021789
2017-06-15,42.2,22.8,0.0,36.60210831041206
2017-06-16,42.8,24.4,0.0,37.024192896508346
2017-06-17,43.3,25.6,0.0,37.789217188183585
2017-06-18,44.4,26.7,0.0,39.427659435660495
2017-06-19,47.8,28.9,0.0,42.46659370123558
2017-06-20,48.3,30.0,0.0,43.464831253635595
2017-06-21,47.2,32.2,0.0,42.94970030023782
2017-06-22,45.0,32.8,0.0,42.46659370123558
2017-06-23,44.4,30.6,0.0,41.6670155482201
2017-06-24,46.7,31.1,0.0,42.83215080036446
2017-06-25,46.7,33.9,0.0,42.76914649491562
2017-06-26,44.4,32.8,0.0,42.76914649491562
2017-06-27,43.3,30.0,0.0,41.25119152944905
2017-06-28,42.2,28.9,0.0,38.98725446728676
2017-06-29,42.2,28.3,0.0,38.65995340797939
2017-06-30,42.8,28.3,0.0,38.05221498141791
2017-07-01,44.4,26.7,0.0,40.011593582115694
2017-07-02,43.3,28.3,0.0,38.822564230460955
2017-07-03,41.7,31.1,0.0,39.90904047987556
2017-07-04,43.9,31.1,0.0,40.9568667861973
2017-07-05,44.4,30.6,0.0,40.9568667861973
2017-07-06,43.9,31.1,0.0,41.4525170573918
2017-07-07,47.8,32.8,0.0,43.814393635671145
2017-07-08,45.0,35.0,0.0,43.62720431473778
2017-07-09,42.8,30.6,0.0,42.51643423866445
2017-07-10,42.8,31.1,0.5,41.11624653890447
2017-07-11,40.0,27.8,0.3,41.82949212620453
2017-07-12,42.2,29.4,0.0,41.87664238005113
2017-07-13,42.8,30.6,0.0,41.87664238005113
2017-07-14,42.2,30.0,0.0,41.87664238005113
2017-07-15,42.8,30.6,0.0,43.13120839540448
2017-07-16,40.0,23.3,9.7,42.128902611884484
2017-07-17,37.2,24.4,1.3,39.621159165037845
2017-07-18,39.4,26.1,0.0,40.7030049336245
2017-07-19,38.9,27.8,0.0,40.08503163468442
2017-07-20,39.4,28.3,0.3,38.96840892532447
2017-07-21,39.4,28.3,0.3,39.621159165037845
2017-07-22,41.1,28.3,0.0,40.359909044444436
2017-07-23,39.4,24.4,5.3,39.43240366348451
2017-07-24,32.2,23.9,4.6,39.294572043315554
2017-07-25,38.9,26.7,0.0,39.6256119871911
2017-07-26,41.1,28.9,0.0,40.941247777475624
2017-07-27,43.3,31.7,0.0,41.82949212620453
2017-07-28,38.3,29.4,0.0,41.11624653890447
2017-07-29,39.4,28.3,0.5,38.65812506511781
2017-07-30,37.2,26.7,0.0,38.980735417597806
2017-07-31,41.7,29.4,0.0,42.10169468371558
2017-08-01,38.3,30.6,0.0,40.941247777475624
2017-08-02,35.6,27.2,0.3,39.43263444819561
2017-08-03,40.0,23.3,23.4,41.44535221371561
2017-08-04,39.4,24.4,0.0,40.7030049336245
2017-08-05,41.1,28.3,0.0,39.6256119871911
2017-08-06,40.6,28.9,0.0,38.516871477777805
2017-08-07,41.7,28.3,0.0,38.13743743701045
2017-08-08,42.2,27.8,0.0,38.78380501381933
2017-08-09,43.9,29.4,0.0,40.559791022363484
2017-08-10,40.6,31.7,0.0,40.375514202452045
2017-08-11,42.2,27.8,0.0,40.941247777475624
2017-08-12,39.4,26.7,2.8,40.974158812771144
2017-08-13,37.2,22.8,8.4,40.67742350623117
2017-08-14,39.4,26.1,0.0,38.78692140841783
2017-08-15,38.9,28.3,0.0,38.391313654175605
2017-08-16,39.4,25.6,0.0,36.22693438969557
2017-08-17,40.0,25.6,0.0,35.606575721352186
2017-08-18,41.1,26.1,0.0,36.70530588031804
2017-08-19,40.6,27.2,0.0,38.47367189196448
2017-08-20,38.9,28.9,0.0,37.526354610915575
2017-08-21,40.0,29.4,0.0,37.30684383073781
2017-08-22,42.2,28.3,0.0,39.777810462424476
2017-08-23,41.7,25.6,1.5,41.11624653890447
2017-08-24,40.0,26.1,0.0,40.01842425555557
2017-08-25,42.2,29.4,0.0,40.08962503081779
2017-08-26,43.3,30.6,0.0,41.495552028017855
2017-08-27,43.9,31.7,0.0,41.495552028017855
2017-08-28,43.3,32.2,0.0,41.495552028017855
2017-08-29,42.8,31.1,0.0,40.375514202452045
2017-08-30,42.2,31.7,0.0,40.72266417601779
2017-08-31,42.2,30.0,0.0,40.41663589969555
2017-09-01,43.3,29.4,0.0,40.559791022363484
2017-09-02,38.9,28.9,0.0,40.13635133153782
2017-09-03,39.4,28.3,0.0,39.96049678276451
2017-09-04,40.0,27.8,0.0,41.08405285555559
2017-09-05,42.2,29.4,0.0,40.2777378933845
2017-09-06,42.8,30.0,0.0,40.062885029315616
2017-09-07,40.6,29.4,0.0,40.09574847571557
2017-09-08,36.7,27.2,0.0,38.11572851647114
2017-09-09,36.1,26.7,0.0,35.60670538276444
2017-09-10,40.6,26.7,0.0,39.1205244854756
2017-09-11,42.2,31.1,0.0,40.58292983287112
2017-09-12,43.3,30.0,0.0,40.72266417601779
2017-09-13,42.2,30.0,0.0,40.41663589969555
2017-09-14,38.3,29.4,0.0,39.29214650849783
2017-09-15,36.7,25.0,0.0,36.722963918595546
2017-09-16,36.1,23.3,0.0,33.4373685444445
2017-09-17,36.7,25.0,0.0,33.684902338337814
2017-09-18,37.2,22.2,0.0,33.48650723760654
2017-09-19,37.8,21.7,0.0,33.95949560719096
2017-09-20,37.2,22.2,0.0,34.60233562131555
2017-09-21,36.7,22.2,0.0,33.78899461201558
2017-09-22,32.2,22.8,0.0,32.64028509457208
2017-09-23,30.0,18.9,0.0,28.393210477777806
2017-09-24,30.0,16.7,0.0,27.04228390602461
2017-09-25,31.7,16.7,0.0,28.452444543748868
2017-09-26,31.7,17.2,0.0,28.90624533892365
2017-09-27,33.3,20.0,0.0,29.84764431919676
2017-09-28,34.4,19.4,0.0,31.046002029057814
2017-09-29,36.7,20.6,0.0,33.47519998748452
2017-09-30,36.7,21.7,0.0,33.88464449506145
2017-10-01,36.7,20.6,0.0,33.48650723760654
2017-10-02,33.3,20.6,0.0,32.08532983333335
2017-10-03,36.1,20.6,0.0,31.91643738888892
2017-10-04,37.2,21.1,0.0,34.70820980090449
2017-10-05,36.7,23.9,0.0,34.02775623938448
2017-10-06,36.1,20.6,0.0,33.022220326595615
2017-10-07,35.6,18.9,0.0,31.727848904208194
2017-10-08,34.4,18.3,0.0,30.490748793241274
2017-10-09,31.7,18.9,0.0,30.600931757478577
2017-10-10,32.8,16.7,0.0,30.189251617214715
2017-10-11,36.7,21.7,0.0,33.0933687999645
2017-10-12,34.4,18.9,0.0,32.50805814444446
2017-10-13,35.0,20.0,0.0,31.890353110595566
2017-10-14,34.4,19.4,0.0,31.273400458731633
2017-10-15,36.1,18.3,0.0,31.33243405555556
2017-10-16,37.2,20.6,0.0,33.303229336731626
2017-10-17,36.1,22.2,0.0,33.88464449506145
2017-10-18,35.6,21.7,0.0,32.932775255555576
2017-10-19,35.6,23.3,0.0,32.450584655555595
2017-10-20,31.7,20.0,0.0,31.93567442796443
2017-10-21,29.4,18.9,0.0,27.54942127531563
2017-10-22,33.3,16.1,0.0,29.84764431919676
2017-10-23,36.1,17.2,0.0,32.14031021707014
2017-10-24,37.2,19.4,0.0,32.96992626505744
2017-10-25,34.4,21.7,0.0,33.13136993408938
2017-10-26,33.9,18.9,0.0,31.273400458731633
2017-10-27,33.3,16.1,0.0,30.189251617214715
2017-10-28,33.3,17.8,0.0,30.068349315190954
2017-10-29,32.8,18.3,0.0,30.189251617214715
2017-10-30,30.0,17.2,0.0,29.692491098716737
2017-10-31,27.8,17.2,0.0,27.341709087384487
2017-11-01,28.9,17.2,0.0,27.141760369117826
2017-11-02,27.8,17.8,0.0,27.065915636284476
2017-11-03,27.2,15.6,0.0,26.558888888888895
2017-11-04,27.8,20.0,0.0,26.762939877617825
2017-11-05,26.1,17.2,0.0,26.53277777777778
2017-11-06,28.3,15.0,0.0,26.42833333333333
2017-11-07,27.2,18.3,0.0,26.45444444444444
2017-11-08,28.3,17.8,0.0,27.368370834995595
2017-11-09,29.4,17.8,0.0,28.040058533564512
2017-11-10,30.0,16.1,0.0,27.943133147715557
2017-11-11,29.4,15.0,0.0,27.324429869697802
2017-11-12,30.0,14.4,0.0,27.299166898337837
2017-11-13,31.1,17.8,0.0,28.619330886737796
2017-11-14,30.6,15.6,0.0,28.130447855555552
2017-11-15,28.9,14.4,0.0,26.842008282515597
2017-11-16,30.0,15.6,0.0,27.57697936203664
2017-11-17,26.7,16.7,0.0,27.291183144664483
2017-11-18,26.1,13.3,0.0,24.59111111111112
2017-11-19,27.8,11.1,0.0,26.25259387528676
2017-11-20,26.1,12.2,0.0,25.836299128778226
2017-11-21,26.1,12.8,0.0,25.090555555555554
2017-11-22,31.1,12.8,0.0,28.80472096989557
2017-11-23,30.6,15.0,0.0,28.16677307777778
2017-11-24,30.0,14.4,0.0,28.15134625555558
2017-11-25,30.0,14.4,0.0,27.7000363004978
2017-11-26,31.7,13.9,0.0,28.80472096989557
2017-11-27,27.8,13.9,0.0,28.506664233830488
2017-11-28,23.3,11.7,0.0,24.53888888888889
2017-11-29,25.0,13.9,0.0,23.90888888888889
2017-11-30,24.4,16.7,0.0,23.410000000000004
2017-12-01,25.6,16.1,0.0,23.96111111111111
2017-12-02,28.9,14.4,0.0,26.951463358051168
2017-12-03,26.7,13.9,0.0,26.632283376551136
2017-12-04,22.8,11.7,0.0,25.26027777777778
2017-12-05,18.9,10.0,1.8,19.945
2017-12-06,23.9,10.0,0.0,22.675555555555558
2017-12-07,18.9,9.4,0.0,22.675555555555558
2017-12-08,18.9,5.6,0.0,17.95111111111111
2017-12-09,24.4,6.1,0.0,23.778333333333332
2017-12-10,25.6,15.6,0.0,24.36916666666666
2017-12-11,24.4,11.1,0.0,23.73916666666667
2017-12-12,23.9,7.8,0.0,23.22722222222222
2017-12-13,25.0,7.8,0.0,23.752222222222226
2017-12-14,23.3,7.2,0.0,22.59722222222222
2017-12-15,22.2,10.0,0.0,21.520555555555553
2017-12-16,19.4,9.4,0.0,20.956388888888885
2017-12-17,16.1,10.0,4.1,17.477777777777774
2017-12-18,19.4,7.8,0.0,18.841666666666672
2017-12-19,19.4,6.7,0.0,18.906944444444445
2017-12-20,20.0,7.2,0.0,18.841666666666672
2017-12-21,13.9,6.1,0.0,18.342777777777776
2017-12-22,14.4,2.2,0.0,12.91
2017-12-23,16.1,3.9,0.0,14.694999999999997
2017-12-24,21.1,5.0,0.0,20.378611111111113
2017-12-25,18.9,6.1,0.0,19.24972222222222
2017-12-26,21.1,5.0,0.0,19.853611111111107
2017-12-27,22.8,7.8,0.0,21.50749999999999
2017-12-28,23.9,6.1,0.0,22.675555555555558
2017-12-29,25.0,7.2,0.0,23.76527777777778
2017-12-30,25.0,8.3,0.0,23.778333333333332
2017-12-31,21.1,7.2,0.0,23.25333333333333
2018-01-01,22.8,6.1,0.0,22.098333333333343
2018-01-02,23.9,8.9,0.0,22.636388888888884
2018-01-03,24.4,8.3,0.0,23.76527777777778
2018-01-04,26.1,13.3,0.0,25.129722222222217
2018-01-05,25.0,10.0,0.0,24.499722222222225
2018-01-06,23.3,10.6,0.0,23.383888888888887
2018-01-07,23.9,11.7,0.0,22.806111111111104
2018-01-08,23.9,12.2,0.0,22.779999999999994
2018-01-09,26.7,12.2,4.1,25.77222222222223
2018-01-10,18.3,11.1,1.3,24.708611111111118
2018-01-11,21.1,8.9,0.0,20.166944444444443
2018-01-12,22.2,8.9,0.0,21.742499999999993
2018-01-13,25.6,8.3,0.0,25.0775
2018-01-14,26.1,8.9,0.0,25.103611111111107
2018-01-15,23.9,9.4,0.0,23.85666666666667
2018-01-16,23.3,10.6,0.0,22.22888888888889
2018-01-17,22.2,11.1,0.0,21.073888888888884
2018-01-18,23.9,7.8,0.0,22.71472222222222
2018-01-19,25.0,8.9,0.0,23.85666666666667
2018-01-20,16.1,10.0,0.0,23.33166666666666
2018-01-21,14.4,5.0,0.0,14.24777777777778
2018-01-22,16.1,4.4,0.0,14.65583333333333
2018-01-23,21.1,4.4,0.0,19.80138888888888
2018-01-24,24.4,9.4,0.0,22.584166666666665
2018-01-25,25.0,7.8,0.0,23.76527777777778
2018-01-26,20.0,8.3,0.0,22.610277777777775
2018-01-27,22.8,6.1,0.0,21.45527777777777
2018-01-28,26.7,7.2,0.0,25.524166666666666
2018-01-29,28.3,12.8,0.0,26.16722222222222
2018-01-30,27.8,10.6,0.0,26.329681214556462
2018-01-31,27.2,10.0,0.0,26.19333333333333
2018-02-01,26.7,10.0,0.0,26.206388888888895
2018-02-02,26.7,10.0,0.0,25.56333333333334
2018-02-03,25.6,9.4,0.0,25.038333333333327
2018-02-04,26.7,10.0,0.0,25.62861111111112
2018-02-05,27.2,11.1,0.0,26.25861111111111
2018-02-06,26.7,10.6,0.0,26.25861111111111
2018-02-07,26.1,9.4,0.0,25.129722222222217
2018-02-08,28.9,8.9,0.0,26.39544938224013
2018-02-09,27.8,11.7,0.0,26.11041730735641
2018-02-10,25.6,11.1,0.0,26.180530943979377
2018-02-11,24.4,14.4,0.0,24.447500000000005
2018-02-12,18.9,12.2,0.0,23.30555555555555
2018-02-13,22.8,14.4,0.0,21.833888888888882
2018-02-14,16.1,12.2,7.1,21.269722222222224
2018-02-15,18.9,12.2,0.5,18.656111111111105
2018-02-16,18.9,11.7,0.0,18.64305555555556
2018-02-17,21.7,10.0,0.0,20.73111111111111
2018-02-18,23.3,10.6,0.0,21.820833333333326
2018-02-19,20.0,8.9,0.0,21.282777777777778
2018-02-20,15.6,6.1,0.0,15.246111111111114
2018-02-21,15.6,3.9,0.0,13.999722222222223
2018-02-22,17.2,5.0,0.0,15.23305555555556
2018-02-23,16.7,5.0,0.0,15.350555555555555
2018-02-24,15.6,3.9,0.0,13.408888888888887
2018-02-25,17.8,3.9,0.0,16.257499999999997
2018-02-26,20.6,5.0,0.0,19.788333333333334
2018-02-27,20.6,7.2,5.6,19.945
2018-02-28,15.6,6.7,0.0,15.191111111111107
2018-03-01,21.7,6.7,0.0,20.43083333333334
2018-03-02,25.0,7.8,0.0,22.688611111111104
2018-03-03,24.4,8.9,0.0,23.292500000000004
2018-03-04,19.4,11.7,0.0,22.701666666666668
2018-03-05,22.2,7.2,0.0,20.287222222222226
2018-03-06,26.7,9.4,0.0,24.959999999999997
2018-03-07,26.1,10.6,0.0,26.101944444444445
2018-03-08,27.2,13.9,0.0,25.627338244400875
2018-03-09,28.9,12.2,0.0,26.895100364066156
2018-03-10,23.9,16.7,0.0,26.25259387528676
2018-03-11,24.4,14.4,1.0,23.68416666666666
2018-03-12,28.3,14.4,0.0,26.632283376551136
2018-03-13,28.3,15.6,0.0,26.632283376551136
2018-03-14,29.4,16.1,0.0,27.684918104495598
2018-03-15,22.2,13.9,0.0,27.900093130897783
2018-03-16,23.3,11.7,0.0,22.241944444444453
2018-03-17,22.8,10.6,0.0,21.62499999999999
2018-03-18,20.0,11.7,0.0,21.59888888888888
2018-03-19,23.3,10.0,0.0,22.59722222222222
2018-03-20,26.7,10.0,0.0,24.99916666666666
2018-03-21,28.3,13.3,0.0,26.16722222222222
2018-03-22,31.7,16.7,0.0,28.90615223644336
2018-03-23,28.9,21.1,0.0,27.665250694595574
2018-03-24,27.8,15.0,0.0,26.60759671219786
2018-03-25,25.0,12.8,0.0,26.25861111111111
2018-03-26,23.9,12.8,0.0,23.27944444444444
2018-03-27,24.4,11.7,0.0,22.688611111111104
2018-03-28,26.7,11.7,0.0,25.53722222222223
2018-03-29,30.0,13.3,0.0,27.120523409010477
2018-03-30,31.7,15.6,0.0,28.32041565651366
2018-03-31,33.3,16.7,0.0,29.37893397695182
2018-04-01,33.9,18.9,0.0,30.03412737851
2018-04-02,31.7,16.7,0.0,30.03412737851
2018-04-03,31.1,16.7,0.0,28.30837551470217
2018-04-04,32.2,17.2,0.0,29.39487488070584
2018-04-05,33.3,17.8,0.0,30.189251617214715
2018-04-06,33.9,19.4,0.0,30.068349315190954
2018-04-07,34.4,20.6,0.0,32.291047035875515
2018-04-08,33.3,23.3,0.0,32.291047035875515
2018-04-09,35.0,18.3,0.0,30.38866942100843
2018-04-10,37.8,18.9,0.0,32.550095188868404
2018-04-11,35.6,18.9,0.0,32.03763002278005
2018-04-12,30.6,18.9,0.0,31.33243405555556
2018-04-13,26.1,15.6,0.0,26.25259387528676
2018-04-14,28.3,13.9,0.0,26.666111111111107
2018-04-15,32.8,14.4,0.0,28.684413331667656
2018-04-16,28.9,17.8,0.0,27.87783984626985
2018-04-17,23.9,14.4,0.0,26.666111111111107
2018-04-18,28.3,12.2,0.0,26.666111111111107
2018-04-19,29.4,14.4,0.0,26.666111111111107
2018-04-20,25.6,13.3,0.0,24.499722222222225
2018-04-21,31.7,15.0,0.0,28.90615223644336
2018-04-22,34.4,17.2,0.0,31.257292908166317
2018-04-23,35.6,18.3,0.0,31.46469992222223
2018-04-24,36.7,20.0,0.0,32.435787065478564
2018-04-25,37.2,20.6,0.0,32.96992626505744
2018-04-26,36.1,21.1,0.0,32.925675348217084
2018-04-27,37.8,21.7,0.0,33.109356162472125
2018-04-28,36.7,23.3,0.0,33.48650723760654
2018-04-29,34.4,19.4,0.0,31.75670158888891
2018-04-30,30.0,19.4,0.0,30.24187609208936
2018-05-01,25.0,17.8,0.0,27.310249140015593
2018-05-02,23.9,15.6,0.0,23.383888888888887
2018-05-03,28.3,14.4,0.0,26.297777777777785
2018-05-04,35.6,17.8,0.0,30.47971237560652
2018-05-05,39.4,20.0,0.0,33.913222477667645
2018-05-06,41.1,22.8,0.0,35.754293935556916
2018-05-07,38.3,25.0,0.0,35.21451105473334
2018-05-08,41.1,23.3,0.0,35.02545047179938
2018-05-09,40.6,23.3,0.0,35.21451105473334
2018-05-10,41.1,23.3,0.0,36.303289618202605
2018-05-11,38.9,23.9,0.0,36.078783897448574
2018-05-12,32.2,22.2,0.0,32.75218689396645
2018-05-13,32.2,18.9,0.0,29.39487488070584
2018-05-14,35.0,20.0,0.0,30.845608461966467
2018-05-15,35.0,20.6,0.0,31.257292908166317
2018-05-16,37.2,21.1,0.0,32.292875691241285
2018-05-17,36.7,21.7,0.0,32.819232584510004
2018-05-18,33.9,20.6,0.0,31.993099383378382
2018-05-19,36.1,21.1,0.0,31.33243405555556
2018-05-20,37.2,22.2,0.0,31.993099383378382
2018-05-21,36.1,22.2,0.0,31.993099383378382
2018-05-22,35.0,21.1,0.0,31.402681356666946
2018-05-23,35.0,21.1,0.0,31.402681356666946
2018-05-24,37.8,22.2,0.0,32.75218689396645
2018-05-25,37.8,22.2,0.0,32.819232584510004
2018-05-26,34.4,22.2,0.0,32.96992626505744
2018-05-27,33.9,20.6,0.0,31.273400458731633
2018-05-28,36.7,21.7,0.0,32.75218689396645
2018-05-29,38.9,23.9,0.0,35.01830607253958
2018-05-30,38.9,26.7,0.0,35.606575721352186
2018-05-31,38.3,23.3,0.0,34.23273655402051
2018-06-01,37.8,23.9,0.0,33.78933823319743
2018-06-02,41.1,23.3,0.0,36.2977330401764
2018-06-03,42.2,24.4,0.0,35.91138228829751
2018-06-04,43.3,25.6,0.0,36.821633346642415
2018-06-05,41.1,26.1,0.0,36.977370727619444
2018-06-06,40.6,26.1,0.0,36.70530588031804
2018-06-07,39.4,23.9,0.0,35.02545047179938
2018-06-08,41.7,25.6,0.0,36.821633346642415
2018-06-09,42.2,26.1,0.0,37.257766571709084
2018-06-10,41.1,25.6,0.0,36.821633346642415
2018-06-11,41.7,25.0,0.0,35.754293935556916
2018-06-12,42.8,26.1,0.0,36.52126576716183
2018-06-13,42.8,30.6,0.0,38.33903292964404
2018-06-14,42.8,32.2,0.0,39.63218143677827
2018-06-15,35.0,27.8,0.0,38.98725446728676
2018-06-16,27.8,23.3,0.0,32.69984507868445
2018-06-17,37.8,23.3,0.0,34.70820980090449
2018-06-18,38.3,22.8,0.0,34.74943524271672
2018-06-19,39.4,24.4,0.0,34.80359602218316
2018-06-20,42.8,26.1,0.0,37.57138625824015
2018-06-21,43.3,26.7,0.0,38.63813042840092
2018-06-22,43.9,27.8,0.0,38.822564230460955
2018-06-23,42.8,28.3,0.0,38.65995340797939
2018-06-24,40.6,27.2,0.0,38.78380501381933
2018-06-25,41.1,27.8,0.0,37.78063674444445
2018-06-26,43.3,26.7,0.0,38.953354345842264
2018-06-27,43.3,28.3,0.0,38.52474927753378
2018-06-28,42.8,29.4,0.0,38.65995340797939
2018-06-29,40.6,27.8,0.0,39.06107592666449
2018-06-30,40.0,26.1,0.0,36.907408726595605
2018-07-01,40.0,25.0,0.0,34.58910305870217
2018-07-02,42.2,26.1,0.0,37.30627232055643
2018-07-03,43.3,27.8,0.0,38.953354345842264
2018-07-04,41.7,30.6,0.0,38.14720303506085
2018-07-05,46.1,31.1,0.0,41.70925794444449
2018-07-06,43.9,34.4,0.0,42.95002891033779
2018-07-07,45.0,32.8,0.0,42.716417542595565
2018-07-08,43.9,32.2,0.0,42.56556114769562
2018-07-09,41.7,23.3,14.2,41.881832563395605
2018-07-10,36.7,25.6,2.3,38.78692140841783
2018-07-11,38.3,26.1,0.0,39.12359551698453
2018-07-12,38.9,25.6,0.0,39.43263444819561
2018-07-13,41.1,30.0,0.0,40.715118577777744
2018-07-14,39.4,30.6,0.0,40.81187522956455
2018-07-15,37.8,31.1,0.0,37.11873875340457
2018-07-16,40.6,28.9,0.0,40.44721410993783
2018-07-17,41.7,28.9,0.0,42.128902611884484
2018-07-18,39.4,29.4,0.0,40.941247777475624
2018-07-19,41.1,30.6,0.0,43.3903811985956
2018-07-20,42.8,32.8,0.0,43.57978966815777
2018-07-21,38.9,26.1,0.3,41.729306356175584
2018-07-22,42.8,29.4,0.0,39.777810462424476
2018-07-23,46.1,31.7,0.0,43.72358126663115
2018-07-24,46.7,32.8,0.8,45.07497082109116
2018-07-25,46.7,33.9,0.0,44.33373418133116
2018-07-26,43.9,34.4,0.0,43.814393635671145
2018-07-27,43.3,33.9,0.0,42.997006461057836
2018-07-28,42.2,31.7,0.0,42.9721400913156
2018-07-29,40.6,28.9,0.0,42.69782342313561
2018-07-30,42.8,27.8,0.3,44.46492125505784
2018-07-31,41.7,28.3,0.0,43.52395995603558
2018-08-01,43.9,32.8,0.0,44.043567241395586
2018-08-02,43.9,31.1,1.3,43.58821889175118
2018-08-03,43.3,30.6,0.0,43.58821889175118
2018-08-04,44.4,32.8,0.0,42.997006461057836
2018-08-05,45.0,32.8,0.0,43.16308674396446
2018-08-06,45.6,32.8,0.0,42.55211861111117
2018-08-07,43.3,28.3,2.0,42.69782342313561
2018-08-08,39.4,23.9,2.0,43.44499524290447
2018-08-09,38.3,24.4,0.0,40.09574847571557
2018-08-10,37.8,22.2,14.2,39.6256119871911
2018-08-11,38.3,23.3,0.8,37.87912317681782
2018-08-12,38.9,26.7,0.0,39.43263444819561
2018-08-13,38.3,26.7,0.0,39.29090456601554
2018-08-14,39.4,29.4,0.0,39.96049678276451
2018-08-15,36.7,27.8,0.0,40.09574847571557
2018-08-16,37.8,30.0,0.0,39.37284994723556
2018-08-17,39.4,28.9,0.0,40.31258489649559
2018-08-18,41.7,30.6,0.0,41.700630202897834
2018-08-19,42.2,31.7,0.0,42.54318052359783
2018-08-20,42.2,32.2,0.0,42.69782342313561
2018-08-21,40.0,28.3,0.0,42.128902611884484
2018-08-22,38.9,27.8,0.8,40.31258489649559
2018-08-23,39.4,26.1,6.4,40.31258489649559
2018-08-24,38.3,25.6,10.7,39.43263444819561
2018-08-25,37.8,26.1,0.0,38.77595320759115
2018-08-26,39.4,27.2,0.0,40.81187522956455
2018-08-27,40.6,28.9,0.0,39.29090456601554
2018-08-28,40.6,26.1,0.0,36.977370727619444
2018-08-29,41.1,26.7,0.0,38.516871477777805
2018-08-30,40.0,28.9,0.0,38.679649287884494
2018-08-31,40.6,29.4,0.0,39.43240366348451
2018-09-01,39.4,30.0,0.0,39.1205244854756
2018-09-02,39.4,26.1,0.0,37.80054416740447
2018-09-03,37.2,23.3,4.8,35.836716000551114
2018-09-04,38.3,26.7,0.0,37.08812334220451
2018-09-05,39.4,28.3,0.0,37.05286929405112
2018-09-06,40.6,27.8,0.0,38.516871477777805
2018-09-07,40.6,28.3,0.0,37.56267465555558
2018-09-08,42.8,28.9,0.0,40.758843069057804
2018-09-09,41.1,29.4,0.0,40.2777378933845
2018-09-10,41.7,30.0,0.0,40.974158812771144
2018-09-11,42.2,27.2,0.0,39.12490045392521
2018-09-12,41.7,26.7,0.0,39.06107592666449
2018-09-13,41.1,25.0,0.0,37.0400735407865
2018-09-14,42.8,25.0,0.0,38.45790587419786
2018-09-15,42.8,27.2,0.0,38.98725446728676
2018-09-16,40.6,30.0,0.0,39.294572043315554
2018-09-17,41.7,29.4,0.0,40.2777378933845
2018-09-18,40.0,29.4,0.0,39.29214650849783
2018-09-19,33.3,23.3,4.3,38.391313654175605
2018-09-20,36.7,22.8,0.0,36.089105944444455
2018-09-21,38.3,25.6,0.0,37.05286929405112
2018-09-22,38.9,27.2,0.0,37.28988247135115
2018-09-23,40.0,25.6,0.0,36.402953703751095
2018-09-24,38.9,27.8,0.0,36.84797455203558
2018-09-25,37.8,26.7,0.0,35.654018935395584
2018-09-26,40.0,25.6,0.0,36.050980114817776
2018-09-27,40.0,25.6,0.0,36.907408726595605
2018-09-28,40.6,25.0,0.0,36.6259797458305
2018-09-29,38.9,26.1,0.0,36.37006527099558
2018-09-30,35.0,23.3,1.8,35.82361426145781
2018-10-01,25.6,20.6,8.1,32.15124504993779
2018-10-02,27.2,20.6,59.9,29.578584348391068
2018-10-03,30.6,23.3,0.0,32.25272841111113
2018-10-04,30.6,21.7,0.0,31.887677555555513
2018-10-05,30.0,20.6,0.0,28.50576934161565
2018-10-06,29.4,19.4,0.0,28.040058533564512
2018-10-07,25.0,13.9,10.4,27.318101132851165
2018-10-08,25.0,15.0,0.0,23.61888888888889
2018-10-09,27.2,15.0,0.0,26.33694444444444
2018-10-10,28.9,15.6,0.0,26.790513540817827
2018-10-11,28.9,20.0,0.0,28.50576934161565
2018-10-12,27.8,18.9,1.0,27.08954415243555
2018-10-13,22.8,17.2,55.6,27.23515810385777
2018-10-14,24.4,16.7,0.0,23.879999999999995
2018-10-15,25.6,17.8,0.0,25.26027777777778
2018-10-16,20.6,15.0,0.0,24.617222222222225
2018-10-17,25.0,15.6,0.0,24.0525
2018-10-18,26.7,15.0,0.0,25.837500000000002
2018-10-19,29.4,17.2,0.0,27.736280690231215
2018-10-20,33.9,21.1,0.0,32.22746681119117
2018-10-21,31.7,22.2,0.0,30.817032305315607
2018-10-22,31.7,20.6,0.0,29.933376361715634
2018-10-23,31.7,19.4,0.8,30.898330215831233
2018-10-24,28.9,16.1,0.0,28.1825764545045
2018-10-25,30.0,17.8,0.0,28.093943902595598
2018-10-26,31.1,17.2,0.0,28.34817124444444
2018-10-27,31.7,17.2,0.0,29.58403550105782
2018-10-28,32.2,17.2,0.0,29.70166171605114
2018-10-29,31.1,18.3,0.0,29.16510310077114
2018-10-30,29.4,18.9,0.0,28.040058533564512
2018-10-31,25.0,14.4,0.0,27.224983142015567
2018-11-01,25.6,13.3,0.0,24.447500000000005
2018-11-02,27.8,13.3,0.0,26.31083333333333
2018-11-03,27.8,13.9,0.0,26.350000000000005
2018-11-04,27.8,15.0,0.0,26.36305555555556
2018-11-05,28.9,15.0,0.0,26.860912138817824
2018-11-06,28.9,14.4,0.0,26.951463358051168
2018-11-07,28.3,15.0,0.0,27.005000477135567
2018-11-08,27.2,15.0,0.0,26.389166666666668
2018-11-09,25.6,12.2,0.0,25.785277777777782
2018-11-10,26.1,12.8,0.0,25.75916666666667
2018-11-11,23.3,11.1,0.0,24.65638888888889
2018-11-12,19.4,7.2,0.0,21.42916666666666
2018-11-13,20.0,8.3,0.0,18.541388888888896
2018-11-14,20.0,10.6,0.0,18.58055555555556
2018-11-15,24.4,6.7,0.0,23.27944444444444
2018-11-16,25.0,10.0,0.0,23.778333333333332
2018-11-17,23.9,8.9,0.0,23.266388888888887
2018-11-18,23.3,10.6,0.0,22.17666666666667
2018-11-19,24.4,8.9,0.0,23.830555555555563
2018-11-20,25.6,11.7,0.0,25.064444444444437
2018-11-21,23.9,10.6,0.0,24.447500000000005
2018-11-22,19.4,12.2,0.0,21.6511111111111
2018-11-23,21.1,10.6,0.0,20.179999999999993
2018-11-24,22.2,8.9,0.0,20.678888888888892
2018-11-25,22.2,9.4,0.0,21.008611111111108
2018-11-26,24.4,8.9,0.0,22.701666666666668
2018-11-27,24.4,9.4,0.0,23.30555555555555
2018-11-28,24.4,10.6,0.0,23.895833333333332
2018-11-29,20.0,11.1,6.6,22.753888888888884
2018-11-30,18.3,10.6,2.3,18.81555555555555
2018-12-01,18.3,8.9,0.0,16.818888888888885
2018-12-02,16.7,9.4,0.0,16.792777777777772
2018-12-03,17.2,5.6,0.0,15.95444444444444
2018-12-04,18.3,6.1,0.0,17.516944444444448
2018-12-05,22.8,6.7,0.0,22.281111111111116
2018-12-06,15.0,12.2,0.8,21.178333333333338
2018-12-07,21.1,11.1,0.5,19.745833333333326
2018-12-08,20.0,9.4,0.0,19.141944444444444
2018-12-09,21.1,7.8,0.0,20.600555555555566
2018-12-10,21.7,8.9,0.0,21.113055555555558
2018-12-11,22.2,11.7,0.0,21.15222222222222
2018-12-12,20.0,7.8,0.0,20.049444444444443
2018-12-13,20.6,6.1,0.0,19.171388888888888
2018-12-14,18.9,5.6,0.0,18.541388888888896
2018-12-15,21.1,10.0,0.0,20.339444444444453
2018-12-16,20.0,7.8,0.0,20.339444444444453
2018-12-17,21.7,7.8,0.0,20.075555555555553
2018-12-18,21.1,7.8,0.0,20.522222222222222
2018-12-19,20.6,6.7,0.0,20.023333333333333
2018-12-20,23.9,6.1,0.0,22.76694444444444
2018-12-21,20.6,9.4,0.0,22.281111111111116
2018-12-22,22.2,7.2,0.0,21.62499999999999
2018-12-23,22.8,7.2,0.0,22.22888888888889
2018-12-24,22.2,7.8,0.0,21.12611111111111
2018-12-25,18.9,7.8,0.0,20.483055555555566
2018-12-26,16.7,7.2,0.0,16.11111111111111
2018-12-27,16.1,5.6,0.0,15.008333333333333
2018-12-28,13.3,3.3,0.0,13.053611111111113
2018-12-29,13.9,1.1,0.0,12.253888888888886
2018-12-30,13.9,1.7,0.0,12.253888888888886
2018-12-31,11.1,2.2,3.6,12.253888888888886
2019-01-01,10.6,3.3,0.0,9.102222222222222
2019-01-02,11.1,-1.0,0.0,9.510277777777777
2019-01-03,13.9,0.6,0.0,12.332222222222219
2019-01-04,19.4,2.8,0.0,18.159999999999993
2019-01-05,19.4,7.2,1.8,18.763333333333335
2019-01-06,12.8,8.3,12.2,16.531666666666663
2019-01-07,17.2,6.1,0.0,16.189444444444444
2019-01-08,22.2,6.1,0.0,21.230555555555558
2019-01-09,22.8,8.9,0.0,21.690277777777773
2019-01-10,19.4,10.0,0.0,20.587500000000002
2019-01-11,18.9,7.2,0.0,17.921666666666667
2019-01-12,20.6,8.3,0.8,19.41944444444444
2019-01-13,17.2,8.3,0.3,18.251388888888883
2019-01-14,21.1,10.6,0.8,19.61527777777778
2019-01-15,18.3,11.7,3.0,19.61527777777778
2019-01-16,20.6,10.0,0.0,19.076666666666664
2019-01-17,20.6,8.9,0.0,20.245277777777773
2019-01-18,21.1,10.6,0.0,20.323611111111106
2019-01-19,21.7,6.7,0.0,20.995555555555555
2019-01-20,23.3,7.8,0.0,22.71472222222222
2019-01-21,20.0,9.4,0.0,22.22888888888889
2019-01-22,17.8,6.1,0.0,16.322777777777773
2019-01-23,16.7,3.3,0.0,16.30972222222222
2019-01-24,20.6,3.9,0.0,19.288888888888888
2019-01-25,20.6,4.4,0.0,19.275833333333335
2019-01-26,22.2,5.0,0.0,20.9825
2019-01-27,22.8,7.2,0.0,22.15055555555556
2019-01-28,22.2,8.3,0.0,22.12444444444445
2019-01-29,21.7,10.6,0.0,21.06083333333334
2019-01-30,23.3,12.8,0.0,22.22888888888889
2019-01-31,22.8,10.6,0.0,21.611944444444436
2019-02-01,23.9,12.2,0.0,23.54055555555555
2019-02-02,22.8,13.3,0.0,22.411666666666672
2019-02-03,19.4,13.3,7.9,21.833888888888882
2019-02-04,18.9,12.8,0.0,18.486388888888886
2019-02-05,19.4,10.0,0.3,17.856388888888894
2019-02-06,13.3,5.6,1.8,16.766666666666666
2019-02-07,13.9,2.2,0.0,12.844722222222225
2019-02-08,19.4,3.3,0.0,18.619722222222222
2019-02-09,15.0,6.7,0.0,18.094722222222217
2019-02-10,18.9,3.3,0.0,16.991944444444453
2019-02-11,15.0,6.1,0.0,16.978888888888893
2019-02-12,20.6,3.3,0.0,19.18444444444444
2019-02-13,19.4,9.4,0.0,19.18444444444444
2019-02-14,16.1,13.3,1.8,18.107777777777773
2019-02-15,19.4,11.1,0.0,19.076666666666664
2019-02-16,17.2,9.4,0.0,18.434166666666666
2019-02-17,15.6,5.0,0.0,15.324444444444445
2019-02-18,12.8,6.1,1.0,13.00138888888889
2019-02-19,13.9,2.2,0.0,11.859444444444442
2019-02-20,14.4,1.1,0.0,12.844722222222225
2019-02-21,12.2,4.4,25.7,12.85777777777778
2019-02-22,8.3,3.3,7.1,7.917777777777776
2019-02-23,12.8,2.2,0.0,11.451388888888893
2019-02-24,17.8,2.8,0.0,16.453333333333333
2019-02-25,19.4,5.0,0.0,18.303611111111113
2019-02-26,22.2,6.1,0.0,21.585833333333326
2019-02-27,24.4,12.2,0.0,23.921944444444446
2019-02-28,25.0,10.6,0.0,23.96111111111111
2019-03-01,25.6,13.3,0.0,24.695555555555554
2019-03-02,24.4,13.9,0.0,24.695555555555554
2019-03-03,23.9,11.1,0.0,23.54055555555555
2019-03-04,23.3,11.1,0.0,22.923611111111104
2019-03-05,26.7,11.7,0.0,25.16888888888889
2019-03-06,29.4,14.4,0.0,26.928405505235606
2019-03-07,23.9,14.4,0.0,27.291183144664483
2019-03-08,20.6,12.2,0.0,22.34638888888889
2019-03-09,18.9,7.8,0.0,18.698055555555552
2019-03-10,21.1,8.9,0.0,19.341111111111108
2019-03-11,20.0,11.1,1.3,19.958055555555553
2019-03-12,15.0,10.6,5.8,16.32
2019-03-13,19.4,10.0,0.5,18.645833333333332
2019-03-14,18.3,6.7,0.0,17.477777777777774
2019-03-15,23.9,8.9,0.0,22.71472222222222
2019-03-16,26.1,15.6,0.0,25.155833333333327
2019-03-17,26.1,15.0,0.0,25.24722222222222
2019-03-18,28.3,13.9,0.0,26.889711213057822
2019-03-19,29.4,15.0,0.0,27.341709087384487
2019-03-20,28.3,15.6,0.0,26.889711213057822
2019-03-21,21.1,13.9,0.0,26.115865879395557
2019-03-22,23.3,10.0,0.0,21.113055555555558
2019-03-23,25.6,12.2,0.0,23.948055555555563
2019-03-24,27.2,11.7,0.0,26.138086013457787
2019-03-25,30.6,12.2,0.0,27.86179158031804
2019-03-26,30.6,14.4,0.0,27.86179158031804
2019-03-27,27.8,16.7,0.0,27.665250694595574
2019-03-28,30.0,13.9,0.0,27.665250694595574
2019-03-29,27.8,13.9,0.0,27.260045205845373
2019-03-30,28.3,12.8,0.0,26.180277777777786
2019-03-31,27.2,12.8,0.0,26.180277777777786
2019-04-01,28.3,14.4,0.0,26.154166666666665
2019-04-02,31.1,14.4,0.0,27.86179158031804
2019-04-03,26.1,17.2,0.0,27.86179158031804
2019-04-04,29.4,15.6,0.0,26.522785579395578
2019-04-05,27.8,14.4,0.0,26.522785579395578
2019-04-06,27.8,18.3,0.0,25.79833333333334
2019-04-07,31.7,16.1,0.0,28.708634567352206
2019-04-08,36.1,17.2,0.0,32.14031021707014
2019-04-09,36.1,18.9,0.0,32.26337892222221
2019-04-10,25.0,15.6,0.0,31.402681356666946
2019-04-11,25.6,12.8,0.0,23.76527777777778
2019-04-12,24.4,17.8,0.0,23.76527777777778
2019-04-13,26.7,12.8,0.0,24.499722222222225
2019-04-14,30.0,14.4,0.0,28.036665419365292
2019-04-15,31.7,16.7,0.0,28.90615223644336
2019-04-16,27.8,16.1,0.3,28.90615223644336
2019-04-17,26.1,13.9,0.0,25.299444444444436
2019-04-18,33.3,15.6,0.0,29.94753127932447
2019-04-19,37.2,18.3,0.0,32.435787065478564
2019-04-20,34.4,21.1,0.0,32.292875691241285
2019-04-21,32.2,19.4,0.0,30.47971237560652
2019-04-22,31.1,16.7,0.0,28.411119738469868
2019-04-23,30.0,17.8,0.0,27.411282049132108
2019-04-24,34.4,18.3,0.0,31.273400458731633
2019-04-25,37.2,20.0,0.0,32.925675348217084
2019-04-26,37.8,21.7,0.0,33.76763707985165
2019-04-27,36.7,21.7,0.0,34.330119706855676
2019-04-28,36.1,20.6,0.0,32.75218689396645
2019-04-29,30.6,17.2,2.0,31.120488861070108
2019-04-30,28.3,16.1,0.0,26.928405505235606
2019-05-01,31.1,18.3,0.0,28.67405660348446
2019-05-02,31.1,17.8,0.0,28.650974284497806
2019-05-03,34.4,18.3,0.0,30.134240789057458
2019-05-04,35.0,18.9,0.0,31.606122433333358
2019-05-05,34.4,19.4,0.0,31.46469992222223
2019-05-06,30.0,19.4,0.0,30.357033287605734
2019-05-07,26.7,15.6,0.3,26.976995015351136
2019-05-08,31.1,18.3,0.0,28.701979335875574
2019-05-09,32.2,17.8,0.0,29.70166171605114
2019-05-10,30.6,18.9,0.0,29.046076926015594
2019-05-11,30.6,17.8,0.3,27.44181083817559
2019-05-12,30.0,18.3,0.5,28.270783811111137
2019-05-13,32.8,18.3,0.0,30.36155017420448
2019-05-14,36.7,21.7,0.0,33.022220326595615
2019-05-15,37.8,22.8,0.0,34.09983810651561
2019-05-16,34.4,22.8,0.0,33.59100242466448
2019-05-17,27.2,16.1,0.0,30.31718712192291
2019-05-18,30.0,16.7,0.0,27.260045205845373
2019-05-19,27.2,20.0,0.0,27.411282049132108
2019-05-20,25.0,15.6,0.0,25.70694444444445
2019-05-21,28.3,13.9,0.0,26.874074773695597
2019-05-22,25.0,15.6,0.0,26.24555555555556
2019-05-23,24.4,12.2,1.5,22.806111111111104
2019-05-24,31.1,15.0,0.0,27.947113327619444
2019-05-25,34.4,17.2,0.0,30.03412737851
2019-05-26,29.4,18.9,0.0,29.856466234868396
2019-05-27,26.1,18.3,0.0,26.928405505235606
2019-05-28,28.9,16.1,0.0,26.761397287925245
2019-05-29,32.8,18.3,0.0,29.519918574424455
2019-05-30,35.6,21.7,0.0,31.402681356666946
2019-05-31,37.2,22.2,0.0,33.13136993408938
2019-06-01,36.7,22.2,0.0,33.109356162472125
2019-06-02,35.6,24.4,0.0,32.450584655555595
2019-06-03,36.7,23.3,0.0,33.684902338337814
2019-06-04,36.7,23.3,0.0,33.68020087209176
2019-06-05,38.9,24.4,0.0,35.01830607253958
2019-06-06,39.4,25.0,0.0,34.97673137667397
2019-06-07,38.9,26.1,0.0,35.215786421315585
2019-06-08,37.8,22.8,0.0,34.717395583324446
2019-06-09,40.6,23.9,0.0,35.97145980508053
2019-06-10,42.8,27.2,0.0,39.48119219451558
2019-06-11,42.2,28.9,0.0,39.12490045392521
2019-06-12,44.4,26.7,0.0,38.056061849571584
2019-06-13,41.7,27.8,0.0,38.45790587419786
2019-06-14,40.6,25.0,0.0,37.83137135202459
2019-06-15,40.6,25.0,0.0,35.416767123071764
2019-06-16,41.7,26.7,0.0,35.86086571596193
2019-06-17,40.6,27.8,0.0,35.86086571596193
2019-06-18,40.0,26.1,0.0,35.377580196813305
2019-06-19,40.0,24.4,0.0,35.21451105473334
2019-06-20,40.0,24.4,0.0,34.60109775231118
2019-06-21,39.4,25.0,0.0,35.86086571596193
2019-06-22,37.2,25.0,0.0,35.63221867681462
2019-06-23,37.8,24.4,0.0,33.303229336731626
2019-06-24,39.4,23.9,0.0,34.95784063574885
2019-06-25,40.6,24.4,0.0,35.97145980508053
2019-06-26,40.0,25.6,0.0,37.26316031936528
2019-06-27,40.0,26.1,0.0,36.907408726595605
2019-06-28,43.3,26.7,0.0,38.63813042840092
2019-06-29,43.9,30.0,0.0,39.13692265187258
2019-06-30,43.3,31.7,0.0,39.81526990014913
2019-07-01,43.3,30.6,0.0,39.68872027795486
2019-07-02,42.2,28.9,0.0,39.63218143677827
2019-07-03,42.2,27.8,0.0,38.45790587419786
2019-07-04,41.7,25.6,0.0,37.26328415006614
2019-07-05,40.6,26.1,0.0,36.530931028308665
2019-07-06,41.1,27.2,0.0,36.44696577746111
2019-07-07,42.8,30.0,0.0,37.85169649640826
2019-07-08,40.6,24.4,0.0,36.7539235721255
2019-07-09,40.6,24.4,0.0,35.36113642984302
2019-07-10,43.9,28.9,0.0,39.46782454176862
2019-07-11,45.6,32.2,0.0,40.69715858094488
2019-07-12,44.4,32.8,0.0,40.9568667861973
2019-07-13,43.3,33.3,0.0,41.1253979113245
2019-07-14,42.8,33.3,0.0,41.881832563395605
2019-07-15,45.6,31.7,0.0,43.16308674396446
2019-07-16,46.1,31.7,0.0,42.51643423866445
2019-07-17,41.1,32.2,0.0,41.88837476881783
2019-07-18,41.7,30.0,0.0,39.621159165037845
2019-07-19,42.2,30.0,0.0,38.13743743701045
2019-07-20,42.2,28.9,0.0,38.14720303506085
2019-07-21,42.8,30.0,0.0,41.82949212620453
2019-07-22,40.0,27.2,0.0,41.11624653890447
2019-07-23,41.7,28.3,0.0,40.58292983287112
2019-07-24,38.9,26.7,1.0,40.974158812771144
2019-07-25,42.2,31.1,0.0,43.13120839540448
2019-07-26,43.3,32.2,0.0,43.07691115255113
2019-07-27,45.0,33.9,0.0,44.10877025491557
2019-07-28,43.9,33.3,0.0,44.53817056803559
2019-07-29,43.3,33.3,0.0,42.56556114769562
2019-07-30,41.7,24.4,3.3,42.10169468371558
2019-07-31,36.1,24.4,0.0,40.941247777475624
2019-08-01,40.6,28.3,0.0,40.81187522956455
2019-08-02,43.3,32.2,0.0,42.70277289020449
2019-08-03,45.6,28.3,2.5,43.40066278201559
2019-08-04,43.9,30.0,0.0,42.56556114769562
2019-08-05,46.1,31.7,0.0,44.871887478995575
2019-08-06,38.9,31.7,0.0,44.33373418133116
2019-08-07,41.7,31.1,0.0,42.128902611884484
2019-08-08,42.2,30.0,0.0,40.941247777475624
2019-08-09,38.3,31.7,0.0,39.95154991769784
2019-08-10,39.4,30.0,0.0,39.29090456601554
2019-08-11,40.6,28.3,0.0,39.294572043315554
2019-08-12,41.1,31.7,0.0,38.980735417597806
2019-08-13,43.3,28.3,0.0,39.12490045392521
2019-08-14,45.6,28.3,0.0,40.011593582115694
2019-08-15,45.6,29.4,0.0,40.23875234444448
2019-08-16,43.9,29.4,0.0,40.771370213315635
2019-08-17,42.2,30.0,0.0,41.82949212620453
2019-08-18,40.6,28.9,0.0,40.38496398732446
2019-08-19,42.8,27.2,0.0,38.34827357935641
2019-08-20,45.0,28.3,0.0,40.69715858094488
2019-08-21,45.6,29.4,0.0,40.9568667861973
2019-08-22,43.3,29.4,0.0,41.82949212620453
2019-08-23,40.6,30.0,0.0,41.1253979113245
2019-08-24,38.9,29.4,0.0,40.50584813923555
2019-08-25,39.4,29.4,0.0,40.08503163468442
2019-08-26,41.7,31.1,0.0,41.46671187777782
2019-08-27,43.9,32.8,0.0,43.57978966815777
2019-08-28,42.8,26.1,3.6,43.1374326816356
2019-08-29,41.1,26.7,0.0,43.07691115255113
2019-08-30,42.8,30.0,0.0,43.07691115255113
2019-08-31,41.7,30.0,0.0,41.82949212620453
2019-09-01,42.2,30.0,0.0,43.52395995603558
2019-09-02,41.1,29.4,0.0,42.69782342313561
2019-09-03,42.8,30.0,0.0,42.27963475135108
2019-09-04,44.4,31.1,0.0,42.51643423866445
2019-09-05,43.3,31.7,0.0,41.752300926424454
2019-09-06,42.2,31.7,0.0,41.87664238005113
2019-09-07,42.8,32.2,0.0,42.64548357975115
2019-09-08,39.4,30.0,0.0,40.61860752507562
2019-09-09,37.8,27.8,0.0,37.34003104305782
2019-09-10,37.8,28.3,0.0,37.78858365559109
2019-09-11,36.7,27.2,0.0,35.585331207404494
2019-09-12,38.9,26.7,0.0,35.606575721352186
2019-09-13,41.1,26.1,0.0,37.26328415006614
2019-09-14,40.0,28.3,0.0,37.85289387477112
2019-09-15,37.2,27.2,0.0,36.316484243971146
2019-09-16,37.2,25.0,0.5,37.547724858995565
2019-09-17,36.7,24.4,0.0,35.60670538276444
2019-09-18,39.4,26.7,0.0,36.92906026801558
2019-09-19,38.9,26.1,0.0,36.22693438969557
2019-09-20,36.1,22.8,0.0,34.862134105235555
2019-09-21,35.6,21.1,0.0,31.75670158888891
2019-09-22,36.7,22.2,0.0,33.59100242466448
2019-09-23,32.2,20.6,4.3,34.7744635280245
2019-09-24,31.1,20.0,0.3,30.37309437673785
2019-09-25,31.7,22.8,0.0,30.276920798631156
2019-09-26,31.7,22.2,1.3,30.759003960051196
2019-09-27,30.6,21.7,0.0,29.336038526595594
2019-09-28,34.4,21.7,0.0,33.152375537971174
2019-09-29,32.8,23.3,0.0,33.47153501859556
2019-09-30,32.8,20.0,0.0,30.36155017420448
2019-10-01,32.8,18.3,0.0,30.31718712192291
2019-10-02,32.8,18.9,0.0,30.575796605457768
2019-10-03,35.6,20.0,0.0,32.05207026691558
2019-10-04,35.0,22.8,0.0,32.86102967889778
2019-10-05,35.0,21.1,0.0,32.735418477777785
2019-10-06,35.6,19.4,0.0,31.695029733384484
2019-10-07,36.7,19.4,0.0,33.68020087209176
2019-10-08,36.1,20.6,0.0,33.022220326595615
2019-10-09,34.4,19.4,0.0,31.91643738888892
2019-10-10,31.1,19.4,0.0,31.51302410233781
2019-10-11,30.6,17.2,0.0,28.32041565651366
2019-10-12,32.2,17.8,0.0,29.510437218515595
2019-10-13,33.9,17.8,0.0,29.809894232673937
2019-10-14,31.7,18.3,0.0,29.933376361715634
2019-10-15,33.9,20.0,0.0,31.51302410233781
2019-10-16,36.7,19.4,0.0,32.29724478016635
2019-10-17,35.6,21.7,0.0,33.17424100273781
2019-10-18,29.4,20.0,0.0,31.695029733384484
2019-10-19,30.0,15.6,0.0,27.324429869697802
2019-10-20,30.6,14.4,0.0,27.780700177461124
2019-10-21,30.0,15.0,0.0,27.411282049132108
2019-10-22,32.2,15.0,0.0,29.28525801938051
2019-10-23,32.8,16.7,0.0,29.692491098716737
2019-10-24,29.4,15.6,0.0,29.39487488070584
2019-10-25,28.9,18.9,0.0,26.463691354408276
2019-10-26,29.4,13.9,0.0,27.120523409010477
2019-10-27,31.1,13.9,0.0,28.506664233830488
2019-10-28,23.9,13.3,0.0,28.036665419365292
2019-10-29,23.9,8.9,0.0,22.623333333333328
2019-10-30,21.1,11.7,0.0,22.11138888888889
2019-10-31,24.4,6.1,0.0,23.71305555555556
2019-11-01,27.2,7.8,0.0,25.51111111111112
2019-11-02,31.1,11.7,0.0,28.077345891071754
2019-11-03,30.0,15.6,0.0,27.70383911904858
2019-11-04,30.0,13.9,0.0,27.668524419964463
2019-11-05,31.7,14.4,0.0,29.018633022664442
2019-11-06,30.0,17.8,0.0,29.018633022664442
2019-11-07,30.6,16.7,0.0,28.270783811111137
2019-11-08,31.1,17.2,0.0,29.09490028538446
2019-11-09,29.4,16.1,0.0,28.632732378915577
2019-11-10,30.6,16.1,0.0,28.34817124444444
2019-11-11,30.6,16.7,0.0,28.18643024444445
2019-11-12,27.8,16.7,0.0,27.362086793075598
2019-11-13,26.1,14.4,0.0,26.33694444444444
2019-11-14,27.2,13.9,0.0,26.16162130220444
2019-11-15,28.9,14.4,0.0,27.299166898337837
2019-11-16,27.2,14.4,0.0,26.522785579395578
2019-11-17,29.4,12.8,0.0,27.492323146882175
2019-11-18,29.4,13.3,0.0,27.120523409010477
2019-11-19,24.4,14.4,8.9,26.402567621954876
2019-11-20,20.6,13.3,7.9,19.311666666666664
2019-11-21,16.7,11.7,4.6,18.15666666666667
2019-11-22,18.9,10.6,0.0,17.318333333333335
2019-11-23,22.2,9.4,0.0,21.6511111111111
2019-11-24,22.8,10.0,0.0,22.307222222222226
2019-11-25,20.0,9.4,0.0,21.191388888888884
2019-11-26,16.1,7.8,0.0,18.946111111111115
2019-11-27,20.0,6.7,0.0,19.602222222222217
2019-11-28,21.1,13.9,0.3,20.23222222222222
2019-11-29,16.7,7.8,17.8,19.576111111111107
2019-11-30,15.0,6.1,0.0,13.578611111111114
2019-12-01,20.0,5.6,0.0,18.671944444444442
2019-12-02,21.1,7.8,0.0,20.023333333333333
2019-12-03,19.4,8.3,0.0,18.880833333333335
2019-12-04,23.9,13.3,0.0,22.411666666666672
2019-12-05,21.7,12.2,0.0,21.833888888888882
2019-12-06,22.2,11.7,0.0,21.308888888888887
2019-12-07,21.7,10.6,2.5,20.691944444444445
2019-12-08,17.2,13.9,0.3,19.6675
2019-12-09,19.4,11.1,0.3,19.141944444444444
2019-12-10,20.6,8.3,0.0,19.41944444444444
2019-12-11,21.1,8.9,0.0,20.587500000000002
2019-12-12,20.6,8.3,0.0,19.510833333333338
2019-12-13,20.6,8.9,0.0,19.549999999999997
2019-12-14,21.7,9.4,0.0,20.652777777777786
2019-12-15,18.9,8.9,0.0,20.153888888888883
2019-12-16,16.7,5.6,0.0,15.78472222222222
2019-12-17,16.7,3.3,0.0,15.693333333333332
2019-12-18,19.4,9.4,0.0,18.554444444444442
2019-12-19,18.3,4.4,0.0,16.887500000000003
2019-12-20,20.6,4.4,0.0,19.223611111111108
2019-12-21,22.8,7.2,0.0,21.546666666666663
2019-12-22,22.2,11.1,0.0,21.520555555555553
2019-12-23,17.8,12.2,0.5,19.30194444444444
2019-12-24,15.0,11.1,2.8,16.518611111111106
2019-12-25,13.9,7.8,5.6,13.706388888888894
2019-12-26,16.1,6.7,3.3,15.073611111111108
2019-12-27,10.6,7.8,2.5,14.352222222222224
2019-12-28,12.8,5.0,0.0,11.229444444444445
2019-12-29,11.7,1.7,0.0,10.678333333333335
2019-12-30,13.3,3.9,0.0,12.384444444444442
2019-12-31,15.0,7.2,0.0,13.617777777777778
2020-01-01,15.6,4.4,0.0,14.273888888888886
2020-01-02,17.8,5.0,0.0,17.083333333333336
2020-01-03,17.8,5.0,0.0,16.414166666666663
2020-01-04,20.0,5.0,0.0,18.737222222222226
2020-01-05,21.1,5.6,0.0,19.99722222222222
2020-01-06,21.7,5.0,0.0,20.417777777777783
2020-01-07,22.8,6.1,0.0,22.137500000000006
2020-01-08,20.0,7.2,0.0,21.546666666666663
2020-01-09,17.8,7.8,0.0,18.186111111111114
2020-01-10,17.8,6.1,0.0,16.401111111111106
2020-01-11,17.2,4.4,0.0,15.87611111111111
2020-01-12,18.3,3.3,0.0,17.031111111111116
2020-01-13,20.6,5.0,0.0,18.146944444444447
2020-01-14,21.1,5.6,0.0,20.470000000000002
2020-01-15,20.6,8.3,0.0,19.945
2020-01-16,18.9,10.6,0.0,18.75027777777778
2020-01-17,18.3,7.2,0.0,17.25305555555556
2020-01-18,21.1,5.6,0.0,20.483055555555566
2020-01-19,24.4,6.7,0.0,23.85666666666667
2020-01-20,23.3,12.8,0.0,22.727777777777774
2020-01-21,17.8,11.7,4.8,21.178333333333338
2020-01-22,17.8,10.6,0.0,16.766666666666666
2020-01-23,21.7,8.3,0.0,20.101666666666663
2020-01-24,22.8,8.9,0.0,22.29416666666667
2020-01-25,22.8,8.9,0.0,21.72944444444444
2020-01-26,22.8,9.4,0.0,21.7686111111111
2020-01-27,23.3,10.6,0.0,22.727777777777774
2020-01-28,22.2,7.8,0.0,22.22888888888889
2020-01-29,19.4,8.3,0.0,19.853611111111107
2020-01-30,21.1,7.2,0.0,19.879722222222224
2020-01-31,22.8,6.7,0.0,21.520555555555553
2020-02-01,25.6,7.8,0.0,25.103611111111107
2020-02-02,26.1,9.4,0.0,25.11666666666666
2020-02-03,18.3,7.2,0.0,25.129722222222217
2020-02-04,12.8,1.7,0.0,14.590555555555556
2020-02-05,12.8,1.7,0.0,11.598333333333331
2020-02-06,16.1,2.2,0.0,14.616666666666667
2020-02-07,19.4,5.0,0.0,18.107777777777773
2020-02-08,22.2,6.7,0.0,21.08694444444445
2020-02-09,24.4,8.3,0.0,22.793055555555558
2020-02-10,22.2,11.1,1.5,21.6511111111111
2020-02-11,15.6,8.3,6.1,19.576111111111107
2020-02-12,17.8,6.1,0.0,16.557777777777776
2020-02-13,20.0,6.1,0.0,18.737222222222226
2020-02-14,22.2,8.9,0.0,21.178333333333338
2020-02-15,22.8,7.8,0.0,21.047777777777775
2020-02-16,23.3,7.8,0.0,22.753888888888884
2020-02-17,24.4,9.4,0.0,23.357777777777773
2020-02-18,26.1,10.6,0.0,24.551944444444445
2020-02-19,26.1,11.7,0.0,24.53888888888889
2020-02-20,27.8,10.6,0.0,25.641666666666666
2020-02-21,25.0,16.7,0.0,25.103611111111107
2020-02-22,20.6,13.3,26.4,23.462222222222223
2020-02-23,17.8,9.4,0.0,19.063611111111115
2020-02-24,21.7,9.4,0.0,20.206111111111106
2020-02-25,20.0,8.3,0.0,20.23222222222222
2020-02-26,19.4,7.8,0.0,18.515277777777776
2020-02-27,25.0,7.2,0.0,24.434444444444445
2020-02-28,25.0,10.6,0.0,23.85666666666667
2020-02-29,26.1,10.6,0.0,25.11666666666666
2020-03-01,25.0,11.7,0.0,25.129722222222217
2020-03-02,21.1,10.0,0.0,23.33166666666666
2020-03-03,24.4,11.1,0.0,23.436111111111114
2020-03-04,23.9,10.6,0.0,22.779999999999994
2020-03-05,28.9,12.2,0.0,26.889711213057822
2020-03-06,30.0,15.0,0.0,27.685917222915585
2020-03-07,29.4,15.6,0.0,27.7000363004978
2020-03-08,23.9,16.1,0.0,26.522785579395578
2020-03-09,26.1,12.8,0.0,24.643333333333334
2020-03-10,22.8,15.6,7.1,24.02638888888889
2020-03-11,18.9,16.1,17.0,21.977499999999992
2020-03-12,21.7,13.9,10.9,21.70055555555556
2020-03-13,18.9,11.7,10.2,20.480277777777772
2020-03-14,22.8,10.0,0.0,21.387222222222224
2020-03-15,25.0,11.7,0.0,24.0525
2020-03-16,25.6,11.7,0.0,25.273333333333326
2020-03-17,23.9,14.4,0.0,23.98722222222222
2020-03-18,20.6,10.0,3.8,22.910555555555558
2020-03-19,18.3,9.4,0.3,16.518611111111106
2020-03-20,21.7,8.9,0.0,21.178333333333338
2020-03-21,23.9,11.1,0.0,22.333333333333343
2020-03-22,22.8,12.8,0.0,22.307222222222226
2020-03-23,25.0,15.0,0.0,24.617222222222225
2020-03-24,25.0,12.8,0.0,23.96111111111111
2020-03-25,25.0,12.8,0.0,24.59111111111112
2020-03-26,21.1,15.0,0.0,23.96111111111111
2020-03-27,18.9,11.1,0.0,19.393333333333334
2020-03-28,21.7,8.3,0.0,20.404722222222226
2020-03-29,25.0,11.7,0.0,23.85666666666667
2020-03-30,25.0,11.7,0.0,23.85666666666667
2020-03-31,26.1,12.8,0.0,25.195
2020-04-01,29.4,15.6,0.0,27.717770495484462
2020-04-02,29.4,13.9,0.0,27.310249140015593
2020-04-03,28.9,13.9,0.0,26.889711213057822
2020-04-04,28.9,13.9,0.0,26.889711213057822
2020-04-05,30.0,14.4,0.0,27.291183144664483
2020-04-06,29.4,14.4,0.0,27.120523409010477
2020-04-07,28.9,13.3,0.0,27.362086793075598
2020-04-08,28.3,14.4,0.0,26.907821456904497
2020-04-09,23.3,12.2,0.0,24.039444444444445
2020-04-10,26.1,11.7,0.0,24.525833333333335
2020-04-11,21.7,13.9,2.0,23.357777777777773
2020-04-12,25.0,11.1,0.0,23.527499999999993
2020-04-13,25.6,15.0,0.0,24.695555555555554
2020-04-14,26.7,15.0,0.0,25.58944444444445
2020-04-15,28.3,12.8,0.0,26.180530943979377
2020-04-16,30.0,13.3,0.0,27.333856068786513
2020-04-17,31.7,14.4,0.0,28.23455198796191
2020-04-18,26.7,14.4,0.0,27.18984946030865
2020-04-19,28.3,15.0,0.0,26.582636373635598
2020-04-20,30.6,16.7,0.0,27.668524419964463
2020-04-21,28.3,17.2,0.0,28.036665419365292
2020-04-22,32.8,16.1,0.0,29.994441151395577
2020-04-23,36.1,18.3,0.0,32.64028509457208
2020-04-24,36.7,20.6,0.0,33.109356162472125
2020-04-25,37.2,21.1,0.0,33.13136993408938
2020-04-26,38.9,21.7,0.0,35.01830607253958
2020-04-27,38.9,22.8,0.0,34.80359602218316
2020-04-28,38.3,20.6,0.0,34.13810030495181
2020-04-29,40.0,22.8,0.0,35.606575721352186
2020-04-30,38.3,23.9,0.0,36.10270824051368
2020-05-01,38.3,20.6,0.0,33.76763707985165
2020-05-02,37.2,21.7,0.0,34.330119706855676
2020-05-03,36.1,21.1,0.0,33.68020087209176
2020-05-04,37.2,20.6,0.0,33.30356359160573
2020-05-05,39.4,21.7,0.0,34.60109775231118
2020-05-06,41.1,23.3,0.0,36.2977330401764
2020-05-07,41.1,22.2,0.0,36.078783897448574
2020-05-08,40.0,23.3,0.0,36.20235041904861
2020-05-09,38.3,25.0,0.0,35.606575721352186
2020-05-10,37.8,27.2,0.0,35.35010501532445
2020-05-11,37.8,24.4,0.0,34.98114772339558
2020-05-12,35.6,22.8,0.0,33.68020087209176
2020-05-13,32.8,21.1,0.0,31.890353110595566
2020-05-14,32.8,20.6,0.0,29.617298762904486
2020-05-15,34.4,20.6,0.0,31.51302410233781
2020-05-16,36.7,21.7,0.0,33.88464449506145
2020-05-17,38.9,23.3,0.0,33.95949560719096
2020-05-18,38.3,22.8,0.0,34.330119706855676
2020-05-19,32.8,22.2,0.0,33.48650723760654
2020-05-20,30.0,17.2,0.0,29.018633022664442
2020-05-21,33.3,17.8,0.0,29.202106129197418
2020-05-22,35.6,18.9,0.0,30.845608461966467
2020-05-23,35.0,21.1,0.0,30.845608461966467
2020-05-24,35.0,21.7,0.0,30.71921831372028
2020-05-25,36.1,21.1,0.0,32.435787065478564
2020-05-26,39.4,22.2,0.0,34.767096599223294
2020-05-27,41.7,23.3,0.0,37.26328415006614
2020-05-28,42.8,26.1,0.0,38.63813042840092
2020-05-29,44.4,27.8,0.0,40.47066109192029
2020-05-30,43.9,28.9,0.0,41.25119152944905
2020-05-31,41.7,28.3,0.0,40.375514202452045
2020-06-01,40.6,27.8,0.0,37.91065365003668
2020-06-02,41.7,30.6,0.0,38.45818517800082
2020-06-03,43.3,29.4,0.0,39.28470468196802
2020-06-04,44.4,28.9,0.0,39.99578461027292
2020-06-05,41.7,29.4,0.0,39.330176757278565
2020-06-06,33.9,23.3,0.0,37.26328415006614
2020-06-07,36.1,24.4,0.0,32.26337892222221
2020-06-08,32.2,23.9,0.0,32.08532983333335
2020-06-09,34.4,23.3,0.0,30.600931757478577
2020-06-10,40.6,22.2,0.0,34.58910305870217
2020-06-11,42.2,23.9,0.0,38.05221498141791
2020-06-12,43.3,26.7,0.0,38.14720303506085
2020-06-13,41.1,26.1,0.0,38.14720303506085
2020-06-14,41.7,23.3,0.0,36.2977330401764
2020-06-15,41.1,25.0,0.0,37.0400735407865
2020-06-16,41.1,25.0,0.0,36.530931028308665
2020-06-17,40.0,24.4,0.0,36.2977330401764
2020-06-18,39.4,24.4,0.0,35.377580196813305
2020-06-19,38.9,24.4,0.0,34.95784063574885
2020-06-20,40.6,25.0,0.0,36.530931028308665
2020-06-21,42.2,27.2,0.0,37.85169649640826
2020-06-22,42.8,27.2,0.0,37.85918047433126
2020-06-23,43.3,28.3,0.0,37.85169649640826
2020-06-24,43.9,27.2,0.0,38.63813042840092
2020-06-25,43.3,27.8,0.0,38.5309654457969
2020-06-26,43.3,27.8,0.0,38.33903292964404
2020-06-27,42.2,28.9,0.0,37.77177761416387
2020-06-28,40.6,27.2,0.0,37.72782088983578
2020-06-29,38.3,27.2,0.0,36.907408726595605
2020-06-30,37.8,24.4,0.0,34.717395583324446
2020-07-01,40.6,24.4,0.0,36.70530588031804
2020-07-02,40.0,26.7,0.0,37.28988247135115
2020-07-03,40.6,29.4,0.0,38.980735417597806
2020-07-04,43.3,30.0,0.0,41.881832563395605
2020-07-05,44.4,30.6,0.0,40.85240671068243
2020-07-06,43.9,28.3,0.0,40.179258727014066
2020-07-07,43.9,28.9,0.0,40.9568667861973
2020-07-08,43.9,32.2,0.0,41.495552028017855
2020-07-09,43.3,32.2,0.0,41.1253979113245
2020-07-10,43.9,32.8,0.0,42.150659302817814
2020-07-11,46.1,34.4,0.0,44.871887478995575
2020-07-12,46.7,33.9,0.0,45.42885352866446
2020-07-13,45.6,33.9,0.0,44.22842229459561
2020-07-14,43.9,32.2,0.0,41.495552028017855
2020-07-15,42.8,31.7,0.0,41.752300926424454
2020-07-16,43.9,31.1,0.0,41.1253979113245
2020-07-17,42.8,32.2,0.0,40.375514202452045
2020-07-18,43.9,32.8,0.0,41.370486018515564
2020-07-19,42.2,33.9,0.0,40.9568667861973
2020-07-20,39.4,33.9,0.0,39.68872027795486
2020-07-21,42.8,31.7,0.0,40.062885029315616
2020-07-22,41.7,31.1,0.0,40.974158812771144
2020-07-23,36.7,30.0,0.0,40.974158812771144
2020-07-24,40.0,26.1,2.5,40.01842425555557
2020-07-25,40.6,27.8,0.0,37.60280972907559
2020-07-26,43.3,30.0,0.0,39.12490045392521
2020-07-27,43.9,32.2,0.0,42.95002891033779
2020-07-28,46.1,32.2,0.0,43.95091944444445
2020-07-29,46.1,32.8,0.0,42.27766901145656
2020-07-30,47.8,32.8,0.0,43.97376673569558
2020-07-31,46.7,32.8,0.0,45.07497082109116
2020-08-01,43.9,33.9,0.0,46.631590944817916
2020-08-02,42.8,33.9,0.0,44.88822239935119
2020-08-03,45.6,31.7,0.0,43.95091944444445
2020-08-04,43.9,30.6,0.0,42.64504657644447
2020-08-05,44.4,32.2,0.0,40.38496398732446
2020-08-06,42.8,28.3,0.0,39.28470468196802
2020-08-07,42.8,28.3,0.0,40.375514202452045
2020-08-08,43.9,31.1,0.0,40.179258727014066
2020-08-09,44.4,28.9,0.0,39.99578461027292
2020-08-10,43.9,28.9,0.0,40.10595467316257
2020-08-11,42.8,31.7,0.0,41.881832563395605
2020-08-12,43.9,31.7,0.0,42.997006461057836
2020-08-13,46.1,32.8,0.0,43.16308674396446
2020-08-14,47.2,31.7,0.0,44.22842229459561
2020-08-15,45.6,33.3,0.0,44.60778456449781
2020-08-16,46.1,32.8,0.0,44.973126555555616
2020-08-17,46.1,32.2,0.0,44.453055677777826
2020-08-18,46.1,32.2,0.0,42.27766901145656
2020-08-19,46.1,32.8,0.0,43.00045091111114
2020-08-20,44.4,26.1,22.9,44.353048125384426
2020-08-21,37.8,27.2,0.0,43.44499524290447
2020-08-22,41.1,30.6,0.0,42.51700800993783
2020-08-23,43.3,31.7,0.0,44.055131520551164
2020-08-24,46.1,32.2,0.0,43.46671785555561
2020-08-25,44.4,32.8,0.0,43.00045091111114
2020-08-26,44.4,31.7,0.0,42.95002891033779
2020-08-27,45.0,31.7,0.0,42.95002891033779
2020-08-28,44.4,32.2,0.0,42.51643423866445
2020-08-29,39.4,28.3,0.0,42.099878766995566
2020-08-30,39.4,25.0,0.0,40.44721410993783
2020-08-31,37.8,25.6,0.0,37.26480069285115
2020-09-01,38.9,28.9,0.0,38.980735417597806
2020-09-02,38.9,29.4,0.0,39.294572043315554
2020-09-03,41.7,30.0,0.0,41.11624653890447
2020-09-04,45.6,28.9,0.0,41.70925794444449
2020-09-05,46.1,31.1,0.0,42.12172095555559
2020-09-06,45.0,31.7,0.0,41.70925794444449
2020-09-07,42.8,29.4,0.0,41.82949212620453
2020-09-08,37.2,26.7,0.0,42.2296772376356
2020-09-09,32.2,21.1,0.0,36.8336682331378
2020-09-10,33.9,20.6,0.0,30.747636229061445
2020-09-11,33.9,22.2,0.0,30.165565455751107
2020-09-12,37.2,22.2,0.0,33.88464449506145
2020-09-13,39.4,23.3,0.0,36.54364644066448
2020-09-14,40.6,25.0,0.0,36.977370727619444
2020-09-15,40.6,26.7,0.0,37.14089292569781
2020-09-16,42.8,25.6,0.0,37.26328415006614
2020-09-17,42.8,25.0,0.0,38.34827357935641
2020-09-18,41.7,26.7,0.0,37.53998692304316
2020-09-19,40.0,27.8,0.0,37.0400735407865
2020-09-20,41.1,25.6,0.0,36.977370727619444
2020-09-21,39.4,27.2,0.0,36.92906026801558
2020-09-22,39.4,28.9,0.0,37.14089292569781
2020-09-23,40.6,25.0,0.0,37.26316031936528
2020-09-24,41.1,25.0,0.0,38.45818517800082
2020-09-25,40.6,25.6,0.0,37.26316031936528
2020-09-26,39.4,25.0,0.0,36.6259797458305
2020-09-27,38.9,24.4,0.0,34.97673137667397
2020-09-28,40.0,23.3,0.0,35.606575721352186
2020-09-29,38.9,25.6,0.0,35.606575721352186
2020-09-30,40.6,25.0,0.0,36.44696577746111
2020-10-01,41.7,24.4,0.0,36.7539235721255
2020-10-02,41.1,23.9,0.0,36.2977330401764
2020-10-03,40.6,22.8,0.0,36.078783897448574
2020-10-04,40.6,21.7,0.0,35.55085281047777
2020-10-05,40.6,21.7,0.0,35.754293935556916
2020-10-06,40.0,22.2,0.0,35.416767123071764
2020-10-07,39.4,22.8,0.0,34.95784063574885
2020-10-08,38.9,22.2,0.0,34.95784063574885
2020-10-09,37.8,22.2,0.0,34.13810030495181
2020-10-10,36.1,21.1,0.0,33.48650723760654
2020-10-11,34.4,20.6,0.0,31.468562742664492
2020-10-12,37.2,20.0,0.0,33.303229336731626
2020-10-13,37.8,20.6,0.0,34.330119706855676
2020-10-14,37.8,19.4,0.0,34.13810030495181
2020-10-15,37.2,20.6,0.0,33.68020087209176
2020-10-16,38.9,20.0,0.0,33.95783981373238
2020-10-17,36.1,20.6,0.0,34.138723139181394
2020-10-18,35.6,18.3,0.0,31.606122433333358
2020-10-19,36.1,18.9,0.0,33.109356162472125
2020-10-20,36.1,19.4,0.0,32.46390307266697
2020-10-21,36.1,19.4,0.0,31.91643738888892
2020-10-22,34.4,19.4,0.0,31.75670158888891
2020-10-23,34.4,20.6,0.0,31.695029733384484
2020-10-24,30.6,21.1,0.0,30.62428980620445
2020-10-25,31.1,20.6,0.0,29.65970892249557
2020-10-26,22.8,12.2,0.0,28.212559992871135
2020-10-27,20.0,10.0,0.0,18.60666666666667
2020-10-28,21.1,8.9,0.0,19.91888888888888
2020-10-29,29.4,11.7,0.0,26.860912138817824
2020-10-30,30.6,15.6,0.0,28.133183644444404
2020-10-31,30.0,16.1,0.0,27.685917222915585
2020-11-01,35.6,17.8,0.0,31.71921145788158
2020-11-02,35.0,20.0,0.0,31.556654206572073
2020-11-03,33.9,20.0,0.0,31.468562742664492
2020-11-04,33.9,17.8,0.0,30.954397726817806
2020-11-05,37.2,16.7,0.0,33.68020087209176
2020-11-06,31.7,22.2,0.0,31.556654206572073
2020-11-07,27.2,15.0,0.0,28.15134625555558
2020-11-08,19.4,11.1,0.0,20.483055555555566
2020-11-09,16.7,10.0,0.0,17.686666666666667
2020-11-10,19.4,7.2,0.0,17.451666666666668
2020-11-11,21.7,6.7,0.0,20.365555555555563
2020-11-12,22.8,9.4,0.0,21.546666666666663
2020-11-13,25.0,10.0,0.0,23.830555555555563
2020-11-14,23.9,9.4,0.0,22.701666666666668
2020-11-15,27.8,10.0,0.0,26.19333333333333
2020-11-16,33.3,12.2,0.0,29.37893397695182
2020-11-17,33.3,16.1,0.0,30.068349315190954
2020-11-18,31.7,16.1,0.0,29.018633022664442
2020-11-19,30.6,15.6,0.0,28.610769807964466
2020-11-20,30.6,15.0,0.0,28.650974284497806
2020-11-21,29.4,16.1,0.0,28.18643024444445
2020-11-22,28.9,15.6,0.0,27.068432814157852
2020-11-23,26.7,14.4,0.0,26.721373591057827
2020-11-24,22.2,11.7,0.0,25.11666666666666
2020-11-25,22.2,8.9,0.0,21.021666666666665
2020-11-26,22.2,7.2,0.0,21.021666666666665
2020-11-27,18.3,8.3,0.0,19.275833333333335
2020-11-28,21.7,6.7,0.0,20.443888888888893
2020-11-29,22.8,6.7,0.0,22.137500000000006
2020-11-30,23.3,9.4,0.0,22.12444444444445
2020-12-01,21.7,7.2,0.0,21.494444444444444
2020-12-02,20.6,6.7,0.0,20.378611111111113
2020-12-03,18.9,8.9,0.0,18.00333333333333
2020-12-04,20.0,5.0,0.0,18.515277777777776
2020-12-05,21.7,5.6,0.0,20.31333333333334
2020-12-06,21.7,5.6,0.0,20.956388888888885
2020-12-07,26.7,6.7,0.0,26.180277777777786
2020-12-08,26.1,11.1,0.0,25.02527777777778
2020-12-09,26.7,11.7,0.3,25.60250000000001
2020-12-10,16.1,11.1,11.2,24.473611111111115
2020-12-11,18.3,8.9,0.0,16.87111111111111
2020-12-12,18.9,8.3,0.0,18.342777777777776
2020-12-13,16.1,4.4,0.0,17.13555555555556
2020-12-14,17.2,6.7,0.0,15.180833333333336
2020-12-15,16.7,3.9,0.0,15.823888888888888
2020-12-16,17.8,4.4,0.0,16.283611111111107
2020-12-17,17.2,5.6,0.0,15.850000000000001
2020-12-18,18.3,4.4,0.0,17.057222222222222
2020-12-19,20.0,4.4,0.0,17.503888888888888
2020-12-20,20.6,4.4,0.0,19.275833333333335
2020-12-21,24.4,6.1,0.0,23.830555555555563
2020-12-22,21.1,7.2,0.0,23.30555555555555
2020-12-23,20.6,5.0,0.0,20.378611111111113
2020-12-24,16.1,3.3,0.0,17.360277777777778
2020-12-25,21.7,5.6,0.0,19.80138888888888
2020-12-26,21.1,6.7,0.0,19.840555555555554
2020-12-27,21.7,6.1,0.0,20.43083333333334
2020-12-28,20.0,10.0,0.0,19.945
2020-12-29,16.1,6.7,0.0,16.466388888888886
2020-12-30,18.3,4.4,0.0,16.848333333333336
2020-12-31,15.6,5.0,0.0,16.231388888888887
