date,tmax,tmin,prcp,heat_index,tavg,prcp_flag,tmax_lag1,hot_days_prior3,hot_days_prior7,doy_sin,doy_cos,month,state,heat_index_filled,tmax_sq,tmax_lag1_sq,hi_sq,tmax_x_hi,r_screening,r_model_dayahead,r_model_sameday
2023-01-01,16.7,8.9,10.9,18.577777777777776,12.8,1.0,16.7,0.0,0.0,0.017201575418260506,0.9998520419557735,1,Arizona,18.577777777777776,278.89,278.89,345.13382716049375,310.2488888888888,0.0,0.10522517798483144,0.0646969241045327
2023-01-02,14.4,8.3,2.8,13.314722222222223,11.350000000000001,1.0,16.7,0.0,0.0,0.03439806061360801,0.9994082116062598,1,Arizona,13.314722222222223,207.36,278.89,177.28182785493829,191.732,0.0,0.105176317246565,0.047361953525252055
2023-01-03,16.1,9.4,0.0,15.585555555555556,12.75,0.0,14.4,0.0,0.0,0.051584366869408364,0.9986686402879997,1,Arizona,15.585555555555556,259.21000000000004,207.36,242.90954197530868,250.9274444444445,0.0,0.08561606527771132,0.058637449785205346
2023-01-04,18.9,9.4,0.0,18.394999999999996,14.149999999999999,0.0,16.1,0.0,0.0,0.06875540848113941,0.9976335468520451,1,Arizona,18.394999999999996,357.2099999999999,259.21000000000004,338.37602499999986,347.6654999999999,0.0,0.09934515360855273,0.09017909587593889
2023-01-05,17.8,9.4,0.0,17.279166666666672,13.600000000000001,0.0,18.9,0.0,0.0,0.08590610426133272,0.9963032375991965,1,Arizona,17.279166666666672,316.84000000000003,357.2099999999999,298.56960069444466,307.5691666666668,0.0,0.13097337412030946,0.0731772032918389
2023-01-06,16.1,9.4,0.0,16.241666666666667,12.75,0.0,17.8,0.0,0.0,0.10303137904317879,0.9946781061893646,1,Arizona,16.241666666666667,259.21000000000004,316.84000000000003,263.7917361111111,261.49083333333334,0.0,0.11689822870792171,0.0565440716989165
2023-01-07,20.6,6.1,0.0,19.99722222222222,13.350000000000001,0.0,16.1,0.0,0.0,0.1201261651823505,0.9927586335250793,1,Arizona,19.99722222222222,424.36000000000007,259.21000000000004,399.88889660493817,411.94277777777774,0.0,0.0992120268722451,0.12836048997786143
2023-01-08,21.7,6.7,0.0,20.522222222222222,14.2,0.0,20.6,0.0,0.0,0.13718540405660057,0.9905453876091833,1,Arizona,20.522222222222222,470.89,424.36000000000007,421.1616049382716,445.3322222222222,0.0,0.1575200175047056,0.14639151948702459
2023-01-09,20.6,8.3,0.0,20.54833333333334,14.450000000000001,0.0,21.7,0.0,0.0,0.1542040475626894,0.988039023376751,1,Arizona,20.54833333333334,424.36000000000007,470.89,422.234002777778,423.2956666666668,0.0,0.17874917580145527,0.11771417272894735
2023-01-10,21.1,9.4,0.0,20.522222222222222,15.25,0.0,20.6,0.0,0.0,0.17117705961019986,0.985240282501282,1,Arizona,20.522222222222222,445.21000000000004,424.36000000000007,421.1616049382716,433.0188888888889,0.0,0.15738883016760755,0.1268954242316402
2023-01-11,18.9,9.4,0.0,19.341111111111108,14.149999999999999,0.0,21.1,0.0,0.0,0.18809941761179758,0.9821499931752291,1,Arizona,19.341111111111108,357.2099999999999,445.21000000000004,374.07857901234553,365.5469999999999,0.0,0.16656071897917493,0.08684335041754296
2023-01-12,23.3,6.7,0.0,22.137500000000006,15.0,0.0,18.9,0.0,0.0,0.20496611396949532,0.9787690698649216,1,Arizona,22.137500000000006,542.89,357.2099999999999,490.0689062500003,515.8037500000002,0.0,0.13058465516639764,0.19921517257439378
2023-01-13,24.4,10.0,0.0,23.830555555555563,17.2,0.0,23.3,0.0,0.0,0.22177215755648186,0.975098513039961,1,Arizona,23.830555555555563,595.3599999999999,542.89,567.8953780864201,581.4655555555557,0.0,0.2164329875520983,0.22478027590551705
2023-01-14,18.3,8.9,0.0,23.31861111111111,13.600000000000001,0.0,24.4,0.0,0.0,0.23851257519407648,0.9711394088771653,1,Arizona,23.31861111111111,334.89000000000004,595.3599999999999,543.7576241512345,426.73058333333336,0.0,0.24829633180108046,0.08127739820738918
2023-01-15,15.6,10.0,2.8,16.58388888888889,12.8,1.0,18.3,0.0,0.0,0.2551824131233728,0.9668929289391521,1,Arizona,16.58388888888889,243.35999999999999,334.89000000000004,275.0253706790124,258.70866666666666,0.0,0.12252801611830638,0.053265758772486696
2023-01-16,16.1,10.0,6.6,15.21722222222222,13.05,1.0,15.6,0.0,0.0,0.2717767384711357,0.9623603298276545,1,Arizona,15.21722222222222,259.21000000000004,243.35999999999999,231.56385216049378,244.99727777777778,0.0,0.09445462853030934,0.06007314712023625
2023-01-17,14.4,8.3,3.0,14.08777777777778,11.350000000000001,1.0,16.1,0.0,0.0,0.2882906407095177,0.9575429528116719,1,Arizona,14.08777777777778,207.36,259.21000000000004,198.46548271604948,202.86400000000006,0.0,0.09880452271233102,0.047818759753254135
2023-01-18,15.6,7.2,0.0,14.24777777777778,11.4,0.0,14.4,0.0,0.0,0.3047192331091634,0.9524422234305676,1,Arizona,14.24777777777778,243.35999999999999,207.36,202.9991716049383,222.26533333333336,0.0,0.08507545569802102,0.05811679541971853
2023-01-19,16.1,5.6,0.0,14.799444444444443,10.850000000000001,0.0,15.6,0.0,0.0,0.321057654185271,0.9470596510722283,1,Arizona,14.799444444444443,259.21000000000004,243.35999999999999,219.0235558641975,238.27105555555556,0.0,0.09434722172007795,0.06349085627503014
2023-01-20,14.4,7.2,0.0,14.156388888888888,10.8,0.0,16.1,0.0,0.0,0.3373010691361842,0.9413968285264122,1,Arizona,14.156388888888888,207.36,259.21000000000004,200.40334637345674,203.85199999999998,0.0,0.0986943306339955,0.04730309493360711
2023-01-21,15.0,3.3,0.0,13.526388888888887,9.15,0.0,14.4,0.0,0.0,0.3534446712740877,0.9354554315134164,1,Arizona,13.526388888888887,225.0,207.36,182.96319637345673,202.89583333333331,0.0,0.08498163077146341,0.057438807321386565
2023-01-22,15.6,3.9,0.0,14.208611111111114,9.75,0.0,15.0,0.0,0.0,0.3694836834473831,0.9292372181882051,1,Arizona,14.208611111111114,243.35999999999999,225.0,201.8846297067902,221.65433333333337,0.0,0.0893958075433451,0.06134184811322471
2023-01-23,10.0,3.3,0.0,13.565555555555555,6.65,0.0,15.6,0.0,0.0,0.38541335945432564,0.9227440286201427,1,Arizona,13.565555555555555,100.0,243.35999999999999,184.02429753086417,135.65555555555557,0.0,0.0942129663940454,0.026138330135042586
2023-01-24,13.3,1.7,0.0,11.950833333333332,7.5,0.0,10.0,0.0,0.0,0.4012289854475009,0.9159777842484877,1,Arizona,11.950833333333332,176.89000000000001,100.0,142.82241736111106,158.94608333333332,0.0,0.061870091632884455,0.04922497367986726
2023-01-25,16.7,2.8,0.0,15.272222222222227,9.75,0.0,13.3,0.0,0.0,0.4169258813287287,0.908940487313808,1,Arizona,15.272222222222227,278.89,176.89000000000001,233.24077160493843,255.0461111111112,0.0,0.07766458529198225,0.07477662149789775
2023-01-26,17.2,2.2,0.0,15.719444444444447,9.7,0.0,16.7,0.0,0.0,0.4324994021339788,0.901634220265486,1,Arizona,15.719444444444447,295.84,278.89,247.1009336419754,270.37444444444446,0.0,0.10418064016170349,0.0786243502587604
2023-01-27,17.8,3.3,0.0,15.7325,10.55,0.0,17.2,0.0,0.0,0.44794493940789115,0.8940611451454876,1,Arizona,15.7325,316.84000000000003,295.84,247.51155624999998,280.0385,0.0,0.10928472249782263,0.08431830158464028
2023-01-28,18.3,3.9,0.0,16.939722222222223,11.1,0.0,17.8,0.0,0.0,0.4632579225674917,0.88622350294858,1,Arizona,16.939722222222223,334.89000000000004,316.84000000000003,286.9541889660494,309.99691666666666,0.0,0.11593489676944235,0.08929933137432133
2023-01-29,20.6,4.4,0.0,19.24972222222222,12.5,0.0,18.3,0.0,0.0,0.4784338202547012,0.8781236129591848,1,Arizona,19.24972222222222,424.36000000000007,334.89000000000004,370.551805632716,396.5442777777778,0.0,0.12194006390556754,0.12873655118410343
2023-01-30,17.2,8.3,0.0,19.24972222222222,12.75,0.0,20.6,0.0,0.0,0.49346814167723735,0.8697638720650646,1,Arizona,19.24972222222222,295.84,424.36000000000007,370.551805632716,331.0952222222222,0.0,0.15629095025043604,0.0671114825742618
2023-01-31,17.8,7.2,0.0,16.649166666666662,12.5,0.0,17.2,0.0,0.0,0.5083564379375122,0.8611467540480452,1,Arizona,16.649166666666662,316.84000000000003,295.84,277.1947506944443,296.3551666666666,0.0,0.10915541249428505,0.07792216109918272
2023-02-01,20.0,6.1,0.0,18.711111111111116,13.05,0.0,17.8,0.0,0.0,0.5230943033491326,0.8522748088519838,2,Arizona,18.711111111111116,400.0,316.84000000000003,350.10567901234583,374.2222222222223,0.0,0.11580167342314718,0.1130573304202792
2023-02-02,20.0,6.1,0.0,18.593611111111116,13.05,0.0,20.0,0.0,0.0,0.5376773767406141,0.8431506618282,2,Arizona,18.593611111111116,400.0,400.0,345.72237415123476,371.8722222222223,0.0,0.14602975658815245,0.11028520147373869
2023-02-03,23.3,6.7,0.0,22.15055555555556,15.0,0.0,20.0,0.0,0.0,0.5521013427459208,0.8337770129585915,2,Arizona,22.15055555555556,542.89,400.0,490.6471114197533,516.1079444444446,0.0,0.14599230990611814,0.19551964565164195
2023-02-04,24.4,7.8,0.0,23.31861111111111,16.099999999999998,0.0,23.3,0.0,0.0,0.5663619330814524,0.8241566360566663,2,Arizona,23.31861111111111,595.3599999999999,542.89,543.7576241512345,568.974111111111,0.0,0.21494628169091154,0.22758325993756012
2023-02-05,23.9,8.3,0.0,23.37083333333333,16.1,0.0,24.4,0.0,0.0,0.580454927809098,0.8142923779467267,2,Arizona,23.37083333333333,571.2099999999999,595.3599999999999,546.1958506944443,558.5629166666665,0.0,0.24665474328081355,0.20599746466585356
2023-02-06,21.1,8.9,0.0,22.76694444444444,15.0,0.0,23.9,0.0,0.0,0.5943761565849831,0.804187157621448,2,Arizona,22.76694444444444,445.21000000000004,571.2099999999999,518.3337593364196,480.38252777777774,0.0,0.2315144641903632,0.12716882480271027
2023-02-07,20.6,6.1,0.0,19.197499999999998,13.350000000000001,0.0,21.1,0.0,0.0,0.6081214998935418,0.7938439653781019,2,Arizona,19.197499999999998,424.36000000000007,445.21000000000004,368.54400624999994,395.4685,0.0,0.16514101709651993,0.11973303979512294
2023-02-08,21.1,5.6,0.0,19.853611111111107,13.350000000000001,0.0,20.6,0.0,0.0,0.6216868902665479,0.7832658619336791,2,Arizona,19.853611111111107,445.21000000000004,424.36000000000007,394.1658741512344,418.9111944444444,0.0,0.15594370238967797,0.13231609624614243
2023-02-09,20.6,6.1,0.0,19.09305555555556,13.350000000000001,0.0,21.1,0.0,0.0,0.6350683134867438,0.7724559775191742,2,Arizona,19.09305555555556,424.36000000000007,445.21000000000004,364.544770447531,393.3169444444445,0.0,0.16507149081352296,0.11912632714573274
2023-02-10,22.2,8.9,0.0,20.930277777777775,15.55,0.0,20.6,0.0,0.0,0.6482618097757122,0.7614175109532997,2,Arizona,20.930277777777775,492.84,424.36000000000007,438.07652785493815,464.6521666666666,0.0,0.15588028322518577,0.15115502425585775
2023-02-11,23.9,11.7,0.0,22.610277777777775,17.799999999999997,0.0,22.2,0.0,0.0,0.6612634749656386,0.7501537286959042,2,Arizona,22.610277777777775,571.2099999999999,492.84,511.22466118827145,540.3856388888888,0.0,0.18776055282545248,0.1930332365430713
2023-02-12,26.1,8.9,0.0,25.53722222222223,17.5,0.0,23.9,0.0,0.0,0.6740694616546161,0.7386679638813748,2,Arizona,25.53722222222223,681.21,571.2099999999999,652.1497188271609,666.5215000000003,0.0,0.23124298214784564,0.30508300775001035
2023-02-13,15.0,8.3,1.0,25.02527777777778,11.65,1.0,26.1,0.0,0.0,0.6866759803451553,0.726963615332308,2,Arizona,25.02527777777778,225.0,681.21,626.2645278549385,375.3791666666667,0.0,0.30678800514388077,0.04793974524989454
2023-02-14,13.9,5.6,3.3,12.80222222222222,9.75,1.0,15.0,0.0,0.0,0.6990793005655562,0.7150441465537444,2,Arizona,12.80222222222222,193.21,225.0,163.89689382716043,177.95088888888887,0.0,0.08885856346651338,0.04644004966400752
2023-02-15,12.8,4.4,0.0,12.329444444444443,8.600000000000001,0.0,13.9,0.0,0.0,0.7112757519738152,0.7029130847082615,2,Arizona,12.329444444444443,163.84000000000003,193.21,152.01520030864194,157.81688888888888,0.0,0.0810275028435401,0.03963714921650361
2023-02-16,15.0,1.7,0.0,12.91,8.35,0.0,12.8,0.0,0.0,0.7232617254437388,0.6905740195722293,2,Arizona,12.91,225.0,163.84000000000003,166.6681,193.65,0.0,0.07435286951138005,0.0583211771848761
2023-02-17,18.9,8.3,0.0,17.4125,13.6,0.0,15.0,0.0,0.0,0.7350336741329413,0.6780306024735382,2,Arizona,17.4125,357.2099999999999,225.0,303.19515625,329.09625,0.0,0.08881749862133449,0.08991259813435788
2023-02-18,22.8,11.7,0.0,22.163611111111113,17.25,0.0,18.9,0.0,0.0,0.746588114532413,0.6652865452111116,2,Arizona,22.163611111111113,519.84,357.2099999999999,491.225657484568,505.3303333333334,0.0,0.12925321713175966,0.16192543010640845
2023-02-19,23.9,11.7,0.0,22.819166666666668,17.799999999999997,0.0,22.8,0.0,0.0,0.7579216274973472,0.6523456189565257,2,Arizona,22.819166666666668,571.2099999999999,519.84,520.7143673611112,545.3780833333333,0.0,0.20162101632219848,0.18874423425122716
2023-02-20,24.4,10.6,0.0,22.936666666666667,17.5,0.0,23.9,0.0,0.0,0.7690308592589181,0.6392116531380588,2,Arizona,22.936666666666667,595.3599999999999,571.2099999999999,526.0906777777778,559.6546666666667,0.0,0.230985656855153,0.20625851397404454
2023-02-21,20.0,12.8,0.3,22.871388888888887,16.4,1.0,24.4,0.0,0.0,0.7799125224167177,0.6258885343075018,2,Arizona,22.871388888888887,400.0,595.3599999999999,523.10042970679,457.42777777777775,0.0,0.2460165380102576,0.09735254122171359
2023-02-22,15.6,9.4,2.0,17.895555555555557,12.5,1.0,20.0,0.0,0.0,0.7905633969115482,0.612380204990065,2,Arizona,17.895555555555557,243.35999999999999,400.0,320.25090864197534,279.1706666666667,0.0,0.1455090202251794,0.049493298116388355
2023-02-23,16.1,8.3,0.0,14.83861111111111,12.200000000000001,0.0,15.6,0.0,0.0,0.8009803309782905,0.5986906625177214,2,Arizona,14.83861111111111,259.21000000000004,243.35999999999999,220.18437970679008,238.9016388888889,0.0,0.09357342840539158,0.056545588728795414
2023-02-24,20.0,6.7,0.0,18.264444444444436,13.35,0.0,16.1,0.0,0.0,0.8111602420785621,0.5848239578463322,2,Arizona,18.264444444444436,400.0,259.21000000000004,333.58993086419724,365.2888888888887,0.0,0.09791435063923967,0.10707185610664796
2023-02-25,24.4,11.1,0.0,23.357777777777773,17.75,0.0,20.0,0.0,0.0,0.8211001178128892,0.5707841943569036,2,Arizona,23.357777777777773,595.3599999999999,400.0,545.5857827160492,569.9297777777776,0.0,0.1454740596714739,0.2110889911517073
2023-02-26,15.0,6.1,3.0,23.830555555555563,10.55,1.0,24.4,0.0,0.0,0.8307970168121247,0.5565755266413303,2,Arizona,23.830555555555563,225.0,595.3599999999999,567.8953780864201,357.4583333333334,0.0,0.24592302033170613,0.047361149671652836
2023-02-27,18.3,5.6,0.0,16.414166666666663,11.95,0.0,15.0,0.0,0.0,0.8402480696078469,0.5422021592729844,2,Arizona,16.414166666666663,334.89000000000004,225.0,269.424867361111,300.37924999999996,0.0,0.08873238397849241,0.0827703428502048
2023-02-28,18.9,6.1,0.0,17.621388888888887,12.5,0.0,18.3,0.0,0.0,0.8494504794814806,0.527668345562516,2,Arizona,17.621388888888887,357.2099999999999,334.89000000000004,310.5133463734567,333.0442499999999,0.0,0.12131523913415004,0.0868698877012574
2023-03-01,17.8,5.6,16.5,17.621388888888887,11.7,1.0,18.9,0.0,0.0,0.8584015232918917,0.512978386299228,3,Arizona,17.621388888888887,316.84000000000003,357.2099999999999,310.5133463734567,313.6607222222222,0.0,0.12913861275546867,0.07469028981425879
2023-03-02,12.2,5.0,0.0,16.098055555555554,8.6,0.0,17.8,0.0,0.0,0.8670985522812081,0.4981366284784055,3,Arizona,16.098055555555554,148.83999999999997,316.84000000000003,259.14739266975306,196.39627777777775,0.0,0.11529730531292272,0.030274974207703736
2023-03-03,17.2,6.1,0.0,16.01972222222222,11.649999999999999,0.0,12.2,0.0,0.0,0.8755389928586302,0.4831474640149687,3,Arizona,16.01972222222222,295.84,148.83999999999997,256.63150007716047,275.5392222222222,0.0,0.07105492216958523,0.06971830068267998
2023-03-04,21.1,7.2,0.0,19.971111111111107,14.15,0.0,17.2,0.0,0.0,0.8837203473619977,0.4680153284438345,3,Arizona,19.971111111111107,445.21000000000004,295.84,398.8452790123455,421.39044444444437,0.0,0.10864538724655945,0.12339818487455381
2023-03-05,22.2,8.3,0.0,21.664166666666663,15.25,0.0,21.1,0.0,0.0,0.8916401947968874,0.45274469960737107,3,Arizona,21.664166666666663,492.84,445.21000000000004,469.33611736111095,480.9444999999999,0.0,0.16467416960055795,0.1424891155875549
2023-03-06,23.3,11.1,0.0,22.29416666666667,17.2,0.0,22.2,0.0,0.0,0.8992961915530253,0.4373400963303323,3,Arizona,22.29416666666667,542.89,492.84,497.0298673611112,519.4540833333334,0.0,0.18738743429973395,0.16243851385803246
2023-03-07,22.8,13.3,0.0,22.281111111111116,18.05,0.0,23.3,0.0,0.0,0.9066860720977985,0.4218060770826634,3,Arizona,22.281111111111116,519.84,542.89,496.44791234567924,508.0093333333335,0.0,0.21421502560833017,0.1417089470269886
2023-03-08,24.4,8.9,0.0,23.357777777777773,16.65,0.0,22.8,0.0,0.0,0.9138076496466615,0.4061472386305789,3,Arizona,23.357777777777773,595.3599999999999,519.84,545.5857827160492,569.9297777777776,0.0,0.2014730660756916,0.20398143757420903
2023-03-09,23.3,10.6,0.0,23.33166666666666,16.95,0.0,24.4,0.0,0.0,0.9206588168102428,0.3903682146763026,3,Arizona,23.33166666666666,542.89,595.3599999999999,544.3666694444441,543.6278333333332,0.0,0.24590028734161223,0.16197743146977603
2023-03-10,26.1,11.7,0.0,25.11666666666666,18.9,0.0,23.3,0.0,0.0,0.9272375462179537,0.374473674486883,3,Arizona,25.11666666666666,681.21,542.89,630.8469444444441,655.5449999999998,0.0,0.21423725788291428,0.2659713971253748
2023-03-11,25.6,16.1,0.0,25.39083333333333,20.85,0.0,26.1,0.0,0.0,0.9335418911179212,0.35846832151248087,3,Arizona,25.39083333333333,655.3600000000001,681.21,644.6944173611109,650.0053333333333,0.0,0.3063670428866727,0.22358452158624592
2023-03-12,27.8,13.3,0.0,26.115865879395557,20.55,0.0,25.6,0.0,0.0,0.9395699859530622,0.342356891994542,3,Arizona,26.115865879395557,772.84,655.3600000000001,682.038450630577,726.0210714471965,0.0,0.28700052306199153,0.3398310488171124
2023-03-13,27.2,13.9,0.0,25.693888888888896,20.55,0.0,27.8,0.0,0.0,0.945320046913132,0.3261441535642696,3,Arizona,25.693888888888896,739.8399999999999,772.84,660.1759262345682,698.873777777778,0.0,0.38386568085359707,0.2952456129773871
2023-03-14,26.7,12.8,0.0,26.297777777777785,19.75,0.0,27.2,0.0,0.0,0.9507903724625832,0.3098349038318025,3,Arizona,26.297777777777785,712.89,739.8399999999999,691.5731160493831,702.1506666666669,0.0,0.35438323054823734,0.2835167593202612
2023-03-15,20.0,12.8,18.8,25.181944444444436,16.4,1.0,26.7,0.0,0.0,0.9559793438440766,0.2934339689665273,3,Arizona,25.181944444444436,400.0,712.89,634.130326003086,503.63888888888874,0.0,0.33166681418017413,0.09150623487533018
2023-03-16,22.2,11.7,1.5,20.718055555555566,16.95,1.0,20.0,0.0,0.0,0.9608854255574977,0.27694620226893646,3,Arizona,20.718055555555566,492.84,400.0,429.23782600308687,459.94083333333356,0.0,0.14552351183664577,0.1305478005696633
2023-03-17,23.3,11.7,0.0,21.59888888888888,17.5,0.0,22.2,0.0,0.0,0.9655071658143364,0.2603764827344581,3,Arizona,21.59888888888888,542.89,492.84,466.5120012345675,503.2541111111109,0.0,0.1875134965748263,0.15044140269378198
2023-03-18,22.8,10.6,0.0,21.611944444444436,16.7,0.0,23.3,0.0,0.0,0.969843196967294,0.24372971360968387,3,Arizona,21.611944444444436,519.84,542.89,467.07614266975276,492.7523333333332,0.0,0.21437731439745933,0.13884445361092698
2023-03-19,22.2,12.8,0.0,22.22888888888889,17.5,0.0,22.8,0.0,0.0,0.9738922359149924,0.22701082094141847,3,Arizona,22.22888888888889,492.84,519.84,494.1235012345679,493.48133333333334,0.0,0.20164576052975,0.12231297602847097
2023-03-20,22.8,13.3,0.0,21.703333333333326,18.05,0.0,22.2,0.0,0.0,0.9776530844816641,0.2102247521189836,3,Arizona,21.703333333333326,519.84,492.84,471.03467777777746,494.83599999999984,0.0,0.18758184153120322,0.13279700893136331
2023-03-21,18.9,15.6,0.0,21.217499999999994,17.25,0.0,22.8,0.0,0.0,0.981124629771712,0.19337647441020586,3,Arizona,21.217499999999994,357.2099999999999,519.84,450.1823062499997,401.01074999999986,0.0,0.20169949362525214,0.064718017845892
2023-03-22,18.3,11.1,0.5,17.895555555555557,14.7,1.0,18.9,0.0,0.0,0.984305844499033,0.17647097349152166,3,Arizona,17.895555555555557,334.89000000000004,357.2099999999999,320.25090864197534,327.4886666666667,0.0,0.12930880388557806,0.06604989562590258
2023-03-23,21.1,8.9,0.0,19.984166666666663,15.0,0.0,18.3,0.0,0.0,0.9871957872910085,0.15951325197263655,3,Arizona,19.984166666666663,445.21000000000004,334.89000000000004,399.36691736111095,421.66591666666665,0.0,0.1214908492033215,0.10766558534475286
2023-03-24,21.1,11.7,0.0,19.945,16.4,0.0,21.1,0.0,0.0,0.9897936029670716,0.14250832791617088,3,Arizona,19.945,445.21000000000004,445.21000000000004,397.803025,420.83950000000004,0.0,0.1649492213886329,0.09891385006778237
2023-03-25,21.7,8.9,0.0,21.021666666666665,15.3,0.0,21.1,0.0,0.0,0.992098522791769,0.12546123335273648,3,Arizona,21.021666666666665,470.89,445.21000000000004,441.91046944444435,456.1701666666666,0.0,0.1649778848085543,0.11595943391325535
2023-03-26,22.2,10.0,0.0,20.352500000000003,16.1,0.0,21.7,0.0,0.0,0.9941098647022418,0.10837701279187609,3,Arizona,20.352500000000003,492.84,470.89,414.2242562500001,451.82550000000003,0.0,0.176948802854988,0.12095488857190004
2023-03-27,22.8,9.4,0.0,20.91722222222223,16.1,0.0,22.2,0.0,0.0,0.9958270335100595,0.09126072172931188,3,Arizona,20.91722222222223,519.84,492.84,437.53018549382745,476.91266666666684,0.0,0.18779650623291674,0.13477105245379972
2023-03-28,27.2,10.6,0.0,25.064444444444437,18.9,0.0,22.8,0.0,0.0,0.9972495210773451,0.07411742515094437,3,Arizona,25.064444444444437,739.8399999999999,519.84,628.2263753086415,681.7528888888886,0.0,0.2019402337130295,0.29642264140748054
2023-03-29,27.8,10.6,0.0,26.180277777777786,19.2,0.0,27.2,0.0,0.0,0.998376906467142,0.056952196034039754,3,Arizona,26.180277777777786,772.84,739.8399999999999,685.4069445216054,727.8117222222224,0.0,0.3550954753890321,0.3230643307583421
2023-03-30,18.9,13.3,0.0,26.180277777777786,16.1,0.0,27.8,0.0,0.0,0.9992088560679753,0.03977011384605572,3,Arizona,26.180277777777786,357.2099999999999,772.84,685.4069445216054,494.8072500000001,0.0,0.3847249599081863,0.06814891141201605
2023-03-31,21.1,8.9,0.0,19.945,15.0,0.0,18.9,0.0,0.0,0.9997451236925734,0.022576263041545485,3,Arizona,19.945,445.21000000000004,357.2099999999999,397.803025,420.83950000000004,0.0,0.12953426911374286,0.10207186812865875
2023-04-01,27.2,11.1,0.0,25.836299128778226,19.15,0.0,21.1,0.0,0.0,0.9999855506507186,0.005375731557583884,4,Arizona,25.836299128778226,739.8399999999999,445.21000000000004,667.5143526717065,702.7473363027677,0.0,0.16521657322796415,0.2999561071525655
2023-04-02,27.8,11.7,0.0,26.25259387528676,19.75,0.0,27.2,0.0,0.0,0.9999300657962057,-0.011826390691832589,4,Arizona,26.25259387528676,772.84,739.8399999999999,689.1986851807438,729.822109732972,0.0,0.35538653359575245,0.3119954075205682
2023-04-03,28.3,12.2,0.0,26.402567621954876,20.25,0.0,27.8,0.0,0.0,0.9995786855478958,-0.029025013321975237,4,Arizona,26.402567621954876,800.89,772.84,697.0955770319,747.192663701323,0.0,0.3850458869236102,0.33302090888169966
2023-04-04,18.3,8.3,0.0,25.61555555555556,13.3,0.0,28.3,0.0,0.0,0.9989315138848577,-0.046215046983708354,4,Arizona,25.61555555555556,334.89000000000004,800.89,656.1566864197533,468.76466666666676,0.0,0.411744586059319,0.06372826930313358
2023-04-05,20.6,7.8,0.0,19.13222222222222,14.200000000000001,0.0,18.3,0.0,0.0,0.9979887423155984,-0.06339140486951038,4,Arizona,19.13222222222222,424.36000000000007,334.89000000000004,366.0419271604938,394.1237777777778,0.0,0.1218372515316314,0.0927042200147742
2023-04-06,26.1,10.0,0.0,23.79138888888889,18.05,0.0,20.6,0.0,0.0,0.9967506498213929,-0.08054900421874167,4,Arizona,23.79138888888889,681.21,424.36000000000007,566.0301852623456,620.9552500000001,0.0,0.15624828490262208,0.23502849596548148
2023-04-07,28.3,12.8,0.0,26.21944444444445,20.55,0.0,26.1,0.0,0.0,0.9952176027737294,-0.09768276782171598,4,Arizona,26.21944444444445,800.89,681.21,687.4592669753089,742.0102777777779,0.0,0.3076916744576204,0.3259305940565485
2023-04-08,29.4,12.8,0.0,26.82615632509359,21.1,0.0,28.3,0.0,0.0,0.9933900548258936,-0.11478762552212701,4,Arizona,26.82615632509359,864.3599999999999,800.89,719.6426631783587,788.6889959577514,0.0,0.41213825545779925,0.3847717524812518
2023-04-09,31.7,15.0,0.0,28.617893028813327,23.35,0.0,29.4,0.0,0.0,0.9912685467787256,-0.13185851571739118,4,Arizona,28.617893028813327,1004.89,864.3599999999999,818.9838014086024,907.1872090133825,0.06741220953388864,0.4775493625777631,0.5469475894909164
2023-04-10,36.7,16.7,0.0,32.96992626505744,26.700000000000003,0.0,31.7,0.0,0.0,0.9888537064205885,-0.1488903868564548,4,Arizona,32.96992626505744,1346.89,1004.89,1087.0160379233243,1209.9962939276081,0.2487469277107266,0.6466668495255454,1.0
2023-04-11,37.2,18.9,0.0,33.76763707985165,28.05,0.0,36.7,1.0,1.0,0.986146248341595,-0.16587819893463143,4,Arizona,33.76763707985165,1383.8400000000001,1346.89,1140.2533139565724,1256.1560993704816,0.2819848783271522,1.0,1.0
2023-04-12,33.3,17.8,0.0,33.13136993408938,25.549999999999997,0.0,37.2,2.0,2.0,0.9831469737221499,-0.1828169249850199,4,Arizona,33.13136993408938,1108.8899999999999,1383.8400000000001,1097.6876737094815,1103.2746188051763,0.25547374725372407,1.0,0.725257069129744
2023-04-13,28.3,17.8,0.0,29.47701097085567,23.05,0.0,33.3,3.0,3.0,0.9798567700958665,-0.1997015525660636,4,Arizona,29.47701097085567,800.89,1108.8899999999999,868.8941757759455,834.1994104752155,0.10320879045231957,0.7981274246813067,0.3113498440989325
2023-04-14,26.1,14.4,0.0,26.297777777777785,20.25,0.0,28.3,2.0,3.0,0.9762766110869321,-0.21652708524481437,4,Arizona,26.297777777777785,681.21,800.89,691.5731160493831,686.3720000000002,0.0,0.32657918307396644,0.15086184639735467
2023-04-15,30.0,15.0,0.0,27.120523409010477,22.5,0.0,26.1,1.0,3.0,0.9724075561219968,-0.23328854407545518,4,Arizona,27.120523409010477,900.0,681.21,735.5227899786853,813.6157022703143,0.005021808708769893,0.18442960253625515,0.22229697715285965
2023-04-16,32.2,16.1,0.0,29.28525801938051,24.150000000000002,0.0,30.0,0.0,3.0,0.9682507501166718,-0.2499809690726521,4,Arizona,29.28525801938051,1036.8400000000001,900.0,857.6263372616905,942.9853082240525,0.0952190841408546,0.25132506828998874,0.24672149730316723
2023-04-17,33.3,17.8,0.0,29.58153001144398,25.549999999999997,0.0,32.2,1.0,4.0,0.9638074231367307,-0.26659942067929354,4,Arizona,29.58153001144398,1108.8899999999999,1036.8400000000001,875.0669178179609,985.0649493810845,0.10756375047683253,0.35568672660447803,0.2864336313506913
2023-04-18,31.1,17.2,0.0,29.47701097085567,24.15,0.0,33.3,2.0,4.0,0.9590788900341131,-0.28313898122818354,4,Arizona,29.47701097085567,967.21,1108.8899999999999,868.8941757759455,916.7350411936113,0.10320879045231957,0.5320460476942587,0.2645164836614076
2023-04-19,28.3,17.8,0.0,27.86179158031804,23.05,0.0,31.1,2.0,3.0,0.9540665500578387,-0.2995947563972602,4,Arizona,27.86179158031804,800.89,967.21,776.2794300650813,788.4887017230005,0.0359079825132517,0.4853348788849361,0.2096877899042863
2023-04-20,30.0,15.0,0.0,26.760310774125497,22.5,0.0,28.3,1.0,2.0,0.9487718864399473,-0.31596187665790293,4,Arizona,26.760310774125497,900.0,800.89,716.1142327277771,802.8093232237649,0.0,0.3259661543008461,0.2848053877953357
2023-04-21,32.2,16.1,0.0,28.992080294311172,24.150000000000002,0.0,30.0,0.0,2.0,0.9431964659565866,-0.33223549871590435,4,Arizona,28.992080294311172,1036.8400000000001,900.0,840.5407197917862,933.5449854768199,0.08300334559629885,0.3242079908618645,0.3207954254503735
2023-04-22,34.4,16.7,0.0,30.954397726817806,25.549999999999997,0.0,32.2,1.0,3.0,0.9373419384643772,-0.3484108069446808,4,Arizona,30.954397726817806,1183.36,1036.8400000000001,958.1747386300234,1064.8312818025324,0.16476657195074193,0.45159570534592064,0.48014372405096656
2023-04-23,35.6,18.9,0.0,31.402681356666946,27.25,0.0,34.4,2.0,4.0,0.9312100364121947,-0.3644830148102912,4,Arizona,31.402681356666946,1267.3600000000001,1183.36,986.1283963883578,1117.9354562973433,0.18344505652778942,0.6241798645428226,0.5536072326263484
2023-04-24,33.3,20.0,0.0,31.402681356666946,26.65,0.0,35.6,3.0,4.0,0.9248025743285089,-0.38044736628785164,4,Arizona,31.402681356666946,1108.8899999999999,1267.3600000000001,986.1283963883578,1045.7092891770092,0.18344505652778942,0.8865193710291455,0.4984275671197492
2023-04-25,33.3,18.3,0.0,30.472516219324454,25.799999999999997,0.0,33.3,3.0,4.0,0.9181214482844364,-0.39629913726891813,4,Arizona,30.472516219324454,1108.8899999999999,1108.8899999999999,928.5742447369919,1014.7347901035042,0.1446881758051856,0.6603904278016861,0.49449806048805456
2023-04-26,32.2,17.2,0.0,29.994441151395577,24.700000000000003,0.0,33.3,3.0,5.0,0.9111686353326631,-0.41203363695942635,4,Arizona,29.994441151395577,1036.8400000000001,1108.8899999999999,899.6664999845324,965.8210050749377,0.12476838130814905,0.535168537384827,0.3115993870562546
2023-04-27,35.6,18.9,0.0,30.992269215378357,27.25,0.0,32.2,3.0,6.0,0.9039461929224011,-0.42764620926777464,4,Arizona,30.992269215378357,1267.3600000000001,1036.8400000000001,960.520751118489,1103.3247840674696,0.1663445506407649,0.35959319425143377,0.41733202870117525
2023-04-28,36.7,19.4,0.0,32.96992626505744,28.05,0.0,35.6,3.0,7.0,0.8964562582905575,-0.44313223418263453,4,Arizona,32.96992626505744,1346.89,1267.3600000000001,1087.0160379233243,1209.9962939276081,0.2487469277107266,0.4876814134956332,0.4040733617987001
2023-04-29,37.2,21.7,0.0,32.5888907997203,29.450000000000003,0.0,36.7,3.0,7.0,0.8887010478292915,-0.45848712914008766,4,Arizona,32.5888907997203,1383.8400000000001,1346.89,1062.0358035560946,1212.3067377495954,0.23287044998834597,0.5802682107605001,0.4087482907429654
2023-04-30,38.9,21.1,0.0,34.23273655402051,30.0,0.0,37.2,3.0,7.0,0.8806828564301475,-0.47370635037968,4,Arizona,34.23273655402051,1513.2099999999998,1383.8400000000001,1171.8802519769722,1331.653451951398,0.301364023084188,0.6269358753274006,0.5797168878866101
2023-05-01,35.0,22.2,0.0,33.913222477667645,28.6,0.0,38.9,3.0,7.0,0.8724040568049612,-0.48878539428899265,5,Arizona,33.913222477667645,1225.0,1513.2099999999998,1150.106658819782,1186.9627867183676,0.2880509365694852,0.805254303964477,0.295382881517086
2023-05-02,33.3,18.9,0.0,30.747636229061445,26.099999999999998,0.0,35.0,3.0,7.0,0.8638670987837349,-0.503719798736334,5,Arizona,30.747636229061445,1108.8899999999999,1225.0,945.417133674692,1023.8962864277461,0.15615150954422688,0.4435173445532038,0.1947492710994153
2023-05-03,31.7,20.0,0.0,29.535345406817815,25.85,0.0,33.3,3.0,7.0,0.8550745085896932,-0.518505144391157,5,Arizona,29.535345406817815,1004.89,1108.8899999999999,872.3366283000341,936.2704493961247,0.10563939195074228,0.336475349782671,0.13420060094903943
2023-05-04,28.3,17.8,0.0,28.67405660348446,23.05,0.0,31.7,2.0,6.0,0.8460288880917339,-0.533137056031809,5,Arizona,28.67405660348446,800.89,1004.89,822.2015220998308,811.4758018786102,0.06975235847851913,0.2582425642264703,0.07109690752075883
2023-05-05,27.8,16.1,0.0,26.56073681420451,21.950000000000003,0.0,28.3,1.0,5.0,0.8367329140344921,-0.5476112038402312,5,Arizona,26.56073681420451,772.84,800.89,705.4727401134388,738.3884834348854,0.0,0.1498948702881239,0.06237369672404564
2023-05-06,30.6,16.7,0.0,27.310249140015593,23.65,0.0,27.8,0.0,4.0,0.8271893372462497,-0.5619233046832195,5,Arizona,27.310249140015593,936.3600000000001,772.84,745.8497080897224,835.6936236844772,0.012927047500649694,0.13832518040660788,0.10784925436907546
2023-05-07,32.2,17.2,0.0,29.809894232673937,24.700000000000003,0.0,30.6,0.0,3.0,0.8174009818249189,-0.5760691233798758,5,Arizona,29.809894232673937,1036.8400000000001,936.3600000000001,888.6297941632068,959.8785942921008,0.11707892636141404,0.27807073600527143,0.21921337592814355
2023-05-08,33.9,18.3,0.0,30.45215582931558,26.1,0.0,32.2,1.0,3.0,0.8073707443023492,-0.5900444739548627,5,Arizona,30.45215582931558,1149.2099999999998,1036.8400000000001,927.3337946529188,1032.3280826137982,0.14383982622148248,0.4542195347548814,0.3924172201051325
2023-05-09,33.9,19.4,0.0,30.747636229061445,26.65,0.0,33.9,2.0,3.0,0.7971015927871943,-0.6038452208771035,5,Arizona,30.747636229061445,1149.2099999999998,1149.2099999999998,945.417133674692,1042.344868165183,0.15615150954422688,0.716123554112663,0.5024720968430639
2023-05-10,27.2,18.9,0.0,30.189251617214715,23.049999999999997,0.0,33.9,3.0,3.0,0.7865965660866021,-0.6174672802835514,5,Arizona,30.189251617214715,739.8399999999999,1149.2099999999998,911.3909132075013,821.1476439882402,0.13288548405061315,0.8637155627550932,0.22528893446692774
2023-05-11,32.2,16.7,0.0,28.90615223644336,24.450000000000003,0.0,27.2,2.0,3.0,0.7758587728069828,-0.6309066211876704,5,Arizona,28.90615223644336,1036.8400000000001,739.8399999999999,835.5656371164396,930.7781020134763,0.07942300985180673,0.28304172352621587,0.3889776875557987
2023-05-12,36.1,18.9,0.0,31.75670158888891,27.5,0.0,32.2,2.0,4.0,0.7648913904341225,-0.6441592666722685,5,Arizona,31.75670158888891,1303.21,1036.8400000000001,1008.4880958057394,1146.4169273588896,0.19819589953703787,0.4565580602844227,0.5642117182900449
2023-05-13,37.8,21.7,0.0,32.925675348217084,29.75,0.0,36.1,2.0,5.0,0.753697664392914,-0.6572212950663319,5,Arizona,32.925675348217084,1428.8399999999997,1303.21,1084.1000971361902,1244.5905281626058,0.24690313950904516,0.6537168390125047,0.5573823626355168
2023-05-14,38.3,22.8,0.0,34.97673137667397,30.549999999999997,0.0,37.8,3.0,6.0,0.742280907086982,-0.6700888411055113,5,Arizona,34.97673137667397,1466.8899999999999,1428.8399999999997,1223.3717377960093,1339.6088117266129,0.3323638073614153,0.8323632498897346,0.6449406825694719
2023-05-15,39.4,25.6,0.0,35.88723762042444,32.5,0.0,38.3,3.0,6.0,0.7306444969184916,-0.6827580970759147,5,Arizona,35.88723762042444,1552.36,1466.8899999999999,1287.8938240248074,1413.9571622447231,0.3703015675176851,0.8893904937957224,0.7477060760929708
2023-05-16,40.6,27.8,0.0,37.56267465555558,34.2,0.0,39.4,3.0,6.0,0.7187918772884232,-0.6952253139408722,5,Arizona,37.56267465555558,1648.3600000000001,1552.36,1410.9545272791177,1525.0445910155568,0.4401114439814826,1.0,0.896422905300812
2023-05-17,38.9,25.6,0.0,36.10281825844337,32.25,0.0,40.6,3.0,6.0,0.7067265555776158,-0.7074868024503348,5,Arizona,36.10281825844337,1513.2099999999998,1648.3600000000001,1303.413486202192,1404.3996302534472,0.37928409410180713,1.0,0.6962266719003627
2023-05-18,37.8,23.9,0.0,35.82361426145781,30.849999999999998,0.0,38.9,3.0,7.0,0.6944521021088763,-0.719538934232584,5,Arizona,35.82361426145781,1428.8399999999997,1513.2099999999998,1283.3313387537237,1354.1326190831053,0.36765059422740887,0.8095590668088343,0.47665388923088536
2023-05-19,34.4,22.8,0.0,34.3109368188178,28.6,0.0,37.8,3.0,7.0,0.6819721490904629,-0.7313781428679254,5,Arizona,34.3109368188178,1183.36,1428.8399999999997,1177.240385384907,1180.2962265673323,0.3046223674507417,0.690807888298659,0.24778445588810602
2023-05-20,36.7,21.1,0.0,34.43261115769557,28.900000000000002,0.0,34.4,3.0,7.0,0.6692903895412567,-0.7430009249440493,5,Arizona,34.43261115769557,1346.89,1183.36,1185.6047111370613,1263.6768294874275,0.3096921315706487,0.40544687628225223,0.391201329884085
2023-05-21,38.3,23.9,0.0,34.60233562131555,31.099999999999998,0.0,36.7,3.0,7.0,0.6564105761979381,-0.7544038410927472,5,Arizona,34.60233562131555,1466.8899999999999,1346.89,1197.3216304501627,1325.2694542963854,0.3167639842214811,0.5849753616160228,0.4794545586684804
2023-05-22,39.4,25.6,0.0,35.484361514705796,32.5,0.0,38.3,3.0,7.0,0.6433365204044917,-0.765583517007675,5,Arizona,35.484361514705796,1552.36,1466.8899999999999,1259.139912106334,1398.0838436794083,0.3535150631127415,0.7442008905881716,0.5730759481959357
2023-05-23,38.9,23.9,0.0,34.95784063574885,31.4,0.0,39.4,3.0,7.0,0.6300720909843687,-0.7765366444428655,5,Arizona,34.95784063574885,1513.2099999999998,1552.36,1222.0506219144138,1359.8600007306302,0.33157669315620214,0.8687910829974508,0.5212412800423566
2023-05-24,37.8,23.3,0.0,34.41081126292361,30.549999999999997,0.0,38.9,3.0,7.0,0.6166212130956382,-0.7872599821916922,5,Arizona,34.41081126292361,1428.8399999999997,1513.2099999999998,1184.1039317725504,1300.7286657385123,0.30878380262181704,0.8111950627528033,0.42851586340474584
2023-05-25,37.8,22.8,0.0,33.58698929119677,30.299999999999997,0.0,37.8,3.0,7.0,0.6029878670694714,-0.7977503570459932,5,Arizona,33.58698929119677,1428.8399999999997,1428.8399999999997,1128.0858496469666,1269.588195207238,0.27445788713319885,0.6923352435154297,0.41214607063657727
2023-05-26,37.2,22.2,0.0,33.259325929940374,29.700000000000003,0.0,37.8,3.0,7.0,0.5891760872322963,-0.8080046647350754,5,Arizona,33.259325929940374,1383.8400000000001,1428.8399999999997,1106.1827613140042,1237.246924593782,0.2608052470808489,0.6925930551311494,0.36761679251374246
2023-05-27,37.2,21.7,0.0,33.13136993408938,29.450000000000003,0.0,37.2,3.0,7.0,0.5751899607119775,-0.8180198708443174,5,Arizona,33.13136993408938,1383.8400000000001,1383.8400000000001,1097.6876737094815,1232.486961548125,0.25547374725372407,0.6331281954942902,0.36771432537992066
2023-05-28,38.3,21.7,0.0,33.41755224122638,30.0,0.0,37.2,3.0,7.0,0.5610336262283677,-0.8277930117131022,5,Arizona,33.41755224122638,1466.8899999999999,1383.8400000000001,1116.7327977950943,1279.8922508389703,0.26739801005109926,0.6333748480241214,0.44539321959749406
2023-05-29,38.3,22.8,0.0,34.330119706855676,30.549999999999997,0.0,38.3,3.0,7.0,0.5467112728685939,-0.8373211953118121,5,Arizona,34.330119706855676,1466.8899999999999,1466.8899999999999,1178.5571190870405,1314.8435847725723,0.30542165445231984,0.7460708929678284,0.4576072152071474
2023-05-30,37.8,23.3,0.0,33.58698929119677,30.549999999999997,0.0,38.3,3.0,7.0,0.5322271388474397,-0.8466016020976267,5,Arizona,33.58698929119677,1428.8399999999997,1466.8899999999999,1128.0858496469666,1269.588195207238,0.27445788713319885,0.7463407080562066,0.39920224723470865
2023-05-31,34.4,21.1,0.0,33.41755224122638,27.75,0.0,37.8,3.0,7.0,0.5175855102531889,-0.8556314858488706,5,Arizona,33.41755224122638,1183.36,1428.8399999999997,1116.7327977950943,1149.5637970981875,0.26739801005109926,0.6938915045027715,0.22622240515793277
2023-06-01,33.3,20.6,0.0,30.45215582931558,26.95,0.0,34.4,3.0,7.0,0.5027907197793043,-0.8644081744776648,6,Arizona,30.45215582931558,1108.8899999999999,1183.36,927.3337946529188,1014.0567891162087,0.14383982622148248,0.4076219410984993,0.15899925844733043
2023-06-02,35.0,23.3,0.0,30.892880994515604,29.15,0.0,33.3,3.0,7.0,0.4878471454423119,-0.8729290708206411,6,Arizona,30.892880994515604,1225.0,1108.8899999999999,954.3700961413034,1081.2508348080462,0.1622033747714835,0.3409981520131263,0.2148248448800078
2023-06-03,38.9,23.9,0.0,34.97673137667397,31.4,0.0,35.0,3.0,7.0,0.47275920928627757,-0.881191653407483,6,Arizona,34.97673137667397,1513.2099999999998,1225.0,1223.3717377960093,1360.5948505526173,0.3323638073614153,0.449486062773419,0.5179081306538381
2023-06-04,40.6,25.0,0.0,36.77837786184537,32.8,0.0,38.9,3.0,7.0,0.4575313760742512,-0.8891934772070711,6,Arizona,36.77837786184537,1648.3600000000001,1513.2099999999998,1352.6490781486777,1493.202141190922,0.4074324109102238,0.8142683747143774,0.6972670730822293
2023-06-05,41.7,25.6,0.0,35.97145980508053,33.650000000000006,0.0,40.6,3.0,7.0,0.44216815196707204,-0.8969321743510065,6,Arizona,35.97145980508053,1738.8900000000003,1648.3600000000001,1293.945920508524,1500.0098738718582,0.3738108252116887,1.0,0.751298131198142
2023-06-06,38.3,22.8,0.0,35.68363214820629,30.549999999999997,0.0,41.7,3.0,7.0,0.42667408318992467,-0.9044054548343001,6,Arizona,35.68363214820629,1466.8899999999999,1738.8900000000003,1273.3216032885016,1366.683111276301,0.3618180061752622,1.0,0.47083886080805637
2023-06-07,36.7,20.6,0.0,32.93904945499474,28.650000000000002,0.0,38.3,3.0,7.0,0.4110537546870351,-0.9116111071930239,6,Arizona,32.93904945499474,1346.89,1466.8899999999999,1084.980978998589,1208.8631149983069,0.24746039395811406,0.7485079865993182,0.32148621419270346
2023-06-08,36.7,21.7,0.0,31.993099383378382,29.200000000000003,0.0,36.7,3.0,7.0,0.3953117887649151,-0.9185469991587165,6,Arizona,31.993099383378382,1346.89,1346.89,1023.5584081547262,1174.1467473699868,0.20804580764076594,0.5892200624570003,0.30140158212111434
2023-06-09,36.1,22.2,0.0,31.855612279091083,29.15,0.0,36.7,3.0,7.0,0.37945284372454435,-0.925211078289358,6,Arizona,31.855612279091083,1303.21,1346.89,1014.7800336757786,1149.9876032751881,0.2023171782954618,0.5894574174237207,0.2658573004894671
2023-06-10,38.3,22.8,0.0,33.78933823319743,30.549999999999997,0.0,36.1,3.0,7.0,0.36348161248290634,-0.9316013725767187,6,Arizona,33.78933823319743,1466.8899999999999,1303.21,1141.7193782374175,1294.1316543314613,0.2828890930498928,0.5370662664521356,0.4317056628449736
2023-06-11,35.6,22.8,0.0,33.78933823319743,29.200000000000003,0.0,38.3,3.0,7.0,0.3474028211842774,-0.9377159910299093,6,Arizona,33.78933823319743,1267.3600000000001,1466.8899999999999,1141.7193782374175,1202.9004411018284,0.2828890930498928,0.7495891228524393,0.2666818151161719
2023-06-12,33.9,21.7,0.0,31.771905461075605,27.799999999999997,0.0,35.6,3.0,7.0,0.3312212278016865,-0.9435531242349544,6,Arizona,31.771905461075605,1149.2099999999998,1267.3600000000001,1009.4539766275258,1077.067595130463,0.19882939421148352,0.49667759792575117,0.1783668343857217
2023-06-13,35.6,23.3,0.0,33.0933687999645,29.450000000000003,0.0,33.9,3.0,7.0,0.31494162072895193,-0.9491110448902284,6,Arizona,33.0933687999645,1267.3600000000001,1149.2099999999998,1095.1710585304638,1178.1239292787363,0.25389036666518755,0.377906130089431,0.261363244539617
2023-06-14,38.3,23.3,0.0,34.16256487321474,30.799999999999997,0.0,35.6,3.0,7.0,0.2985688173637202,-0.9543881083175908,6,Arizona,34.16256487321474,1466.8899999999999,1267.3600000000001,1167.0808387166057,1308.4262346441244,0.2984402030506142,0.49709781660421026,0.4349657775734998
2023-06-15,38.3,25.0,0.0,34.16256487321474,31.65,0.0,38.3,3.0,7.0,0.2821076626819194,-0.9593827529490743,6,Arizona,34.16256487321474,1466.8899999999999,1466.8899999999999,1167.0808387166057,1308.4262346441244,0.2984402030506142,0.7506617456605609,0.4142687949472449
2023-06-16,40.0,24.4,0.0,34.41081126292361,32.2,0.0,38.3,3.0,7.0,0.26556302780405594,-0.9640935007889755,6,Arizona,34.41081126292361,1600.0,1466.8899999999999,1184.1039317725504,1376.4324505169443,0.30878380262181704,0.7509279722656077,0.5497402558594509
2023-06-17,41.1,24.4,0.0,36.44696577746111,32.75,0.0,40.0,3.0,7.0,0.24893980855376657,-0.9685189578512204,6,Arizona,36.44696577746111,1689.21,1600.0,1328.3813143834213,1497.9702934536517,0.39362357406087956,0.9481193282738478,0.7062704102650589
2023-06-18,42.8,25.6,0.0,38.056061849571584,34.2,0.0,41.1,3.0,7.0,0.23224292400907015,-0.9726578145718654,6,Arizona,38.056061849571584,1831.8399999999997,1689.21,1448.2638434984178,1628.7994471616637,0.46066924373214935,1.0,0.9106649181239796
2023-06-19,40.6,25.6,0.0,36.7539235721255,33.1,0.0,42.8,3.0,7.0,0.21547731504673012,-0.976508846196619,6,Arizona,36.7539235721255,1648.3600000000001,1831.8399999999997,1350.8508979456426,1492.2092970282954,0.4064134821718959,1.0,0.6496176111647637
2023-06-20,40.6,27.2,0.0,36.2977330401764,33.9,0.0,40.6,3.0,7.0,0.19864794288017112,-0.9800709131432666,6,Arizona,36.2977330401764,1648.3600000000001,1648.3600000000001,1317.5254238559132,1473.6879614311617,0.38740554334068317,1.0,0.6290848085654873
2023-06-21,42.8,25.0,0.0,35.97145980508053,33.9,0.0,40.6,3.0,7.0,0.18175978759137534,-0.9833429613388902,6,Arizona,35.97145980508053,1831.8399999999997,1648.3600000000001,1293.945920508524,1539.5784796574465,0.3738108252116887,1.0,0.8295594516080691
2023-06-22,42.8,25.0,0.0,35.754293935556916,33.9,0.0,42.8,3.0,7.0,0.16481784665719793,-0.9863240225317866,6,Arizona,35.754293935556916,1831.8399999999997,1831.8399999999997,1278.3695348302022,1530.283780441836,0.3647622473148715,1.0,0.8099750628314752
2023-06-23,39.4,25.0,0.0,36.078783897448574,32.2,0.0,42.8,3.0,7.0,0.14782713347053048,-0.9890132145779883,6,Arizona,36.078783897448574,1552.36,1831.8399999999997,1301.6786475187946,1421.5040855594737,0.37828266239369057,1.0,0.5250239536587603
2023-06-24,41.1,22.2,0.0,35.507429541691806,31.65,0.0,39.4,3.0,7.0,0.13079267585675922,-0.9914097417023038,6,Arizona,35.507429541691806,1689.21,1552.36,1260.777552658208,1459.3553541635333,0.35447623090382524,0.8778706980779977,0.6808539840876047
2023-06-25,43.9,25.6,0.0,37.789217188183585,34.75,0.0,41.1,3.0,7.0,0.11371951458594969,-0.9935128947338007,6,Arizona,37.789217188183585,1927.2099999999998,1689.21,1428.0249356957097,1658.9466345612593,0.449550716174316,1.0,0.989742324392073
2023-06-26,44.4,27.2,0.0,38.5380105794407,35.8,0.0,43.9,3.0,7.0,0.0966127018812031,-0.9953220513156602,6,Arizona,38.5380105794407,1971.36,1927.2099999999998,1485.1782594210833,1711.0876697271672,0.4807504408100292,1.0,1.0
2023-06-27,43.9,27.2,0.0,38.24347779309106,35.55,0.0,44.4,3.0,7.0,0.07947729992362097,-0.9968366760893436,6,Arizona,38.24347779309106,1927.2099999999998,1971.36,1462.563593710649,1678.8886751166974,0.4684782413787942,1.0,0.9801366640328887
2023-06-28,42.2,26.7,0.0,38.13743743701045,34.45,0.0,43.9,3.0,7.0,0.062318379354325076,-0.998056320853012,6,Arizona,38.13743743701045,1780.8400000000001,1927.2099999999998,1454.464134261886,1609.399859841841,0.46405989320876867,1.0,0.8253330176273479
2023-06-29,42.2,25.6,0.0,38.14720303506085,33.900000000000006,0.0,42.2,3.0,7.0,0.04514101777397193,-0.9989806246941579,6,Arizona,38.14720303506085,1780.8400000000001,1780.8400000000001,1455.2090993981556,1609.8119680795678,0.4644667931275353,1.0,0.8407201431272004
2023-06-30,43.3,25.6,0.0,37.50696147759426,34.45,0.0,42.2,3.0,7.0,0.02795029824021032,-0.999609314096404,6,Arizona,37.50696147759426,1874.8899999999996,1780.8400000000001,1406.7721592817397,1624.0514319798312,0.43779006156642747,1.0,0.9143105536390069
2023-07-01,45.6,27.2,0.0,40.5794767777778,36.4,0.0,43.3,3.0,7.0,0.01075130776352193,-0.9999422030204416,7,Arizona,40.5794767777778,2079.36,1874.8899999999996,1646.6939355582076,1850.4241410666677,0.5658115324074083,1.0,1.0
2023-07-02,46.1,30.0,0.0,41.09341815380446,38.05,0.0,45.6,3.0,7.0,-0.00645086419810515,-0.9999791929590823,7,Arizona,41.09341815380446,2125.21,2079.36,1688.6690155634258,1894.4065768903856,0.587225756408519,1.0,1.0
2023-07-03,46.7,30.6,0.0,41.4998821874378,38.650000000000006,0.0,46.1,3.0,7.0,-0.023651127245231586,-0.9997202729664083,7,Arizona,41.4998821874378,2180.8900000000003,2125.21,1722.240221571217,1938.0444981533453,0.6041617578099082,1.0,1.0
2023-07-04,45.0,31.7,0.0,41.4998821874378,38.35,0.0,46.7,3.0,7.0,-0.04084439154329611,-0.9991655196610109,7,Arizona,41.4998821874378,2025.0,2180.8900000000003,1722.240221571217,1867.494698434701,0.6041617578099082,1.0,1.0
2023-07-05,43.9,31.7,0.0,39.46782454176862,37.8,0.0,45.0,3.0,7.0,-0.05802556932878035,-0.9983150972033183,7,Arizona,39.46782454176862,1927.2099999999998,2025.0,1557.7091740598335,1732.6374973836423,0.5194926892403592,1.0,0.9885975706109756
2023-07-06,46.1,29.4,0.0,41.3147295777778,37.75,0.0,43.9,3.0,7.0,-0.07518957641475855,-0.9971692572470178,7,Arizona,41.3147295777778,2125.21,1927.2099999999998,1706.9068800849075,1904.6090335355566,0.5964470657407416,1.0,1.0
2023-07-07,44.4,30.0,0.0,40.69715858094488,37.2,0.0,46.1,3.0,7.0,-0.09233133369539122,-0.9957283388645872,7,Arizona,40.69715858094488,1971.36,2125.21,1656.2587165625755,1806.9538409939526,0.5707149408727034,1.0,1.0
2023-07-08,45.0,30.0,0.0,40.34565189682806,37.5,0.0,44.4,3.0,7.0,-0.10944576864891556,-0.993992768446958,7,Arizona,40.34565189682806,2025.0,1971.36,1627.7716269800255,1815.5543353572627,0.5560688290345025,1.0,1.0
2023-07-09,44.4,31.7,0.0,39.75828745440933,38.05,0.0,45.0,3.0,7.0,-0.12652781683868314,-0.9919630595773397,7,Arizona,39.75828745440933,1971.36,2025.0,1580.7214213074421,1765.267962975774,0.5315953106003887,1.0,1.0
2023-07-10,43.3,32.8,0.0,40.72266417601779,38.05,0.0,44.4,3.0,7.0,-0.1435724234118113,-0.9896398128792412,7,Arizona,40.72266417601779,1874.8899999999996,1971.36,1658.3353775927224,1763.2913588215702,0.5717776740007411,1.0,0.9806812230830593
2023-07-11,43.9,32.8,0.0,44.055131520551164,38.349999999999994,0.0,43.3,3.0,7.0,-0.16057454459499376,-0.9870237158387383,7,Arizona,44.055131520551164,1927.2099999999998,1874.8899999999996,1940.8546132930608,1934.020273752196,0.7106304800229651,1.0,1.0
2023-07-12,43.9,34.4,0.0,43.58821889175118,39.15,0.0,43.9,3.0,7.0,-0.17752914918703497,-0.984115542601034,7,Arizona,43.58821889175118,1927.2099999999998,1927.2099999999998,1899.9328261552148,1913.5228093478768,0.6911757871562992,1.0,1.0
2023-07-13,45.6,35.0,0.0,44.453055677777826,40.3,0.0,43.9,3.0,7.0,-0.19443122004766195,-0.9809161537413774,7,Arizona,44.453055677777826,2079.36,1927.2099999999998,1976.0741590916155,2027.059338906669,0.7272106532407427,1.0,1.0
2023-07-14,46.7,33.9,0.0,44.751679083964504,40.3,0.0,45.6,3.0,7.0,-0.2112757555821793,-0.9774264960104055,7,Arizona,44.751679083964504,2180.8900000000003,2079.36,2002.712780834146,2089.9034132211423,0.7396532951651876,1.0,1.0
2023-07-15,47.8,33.3,0.0,45.104710497351164,40.55,0.0,46.7,3.0,7.0,-0.2280577712215198,-0.9736476020539838,7,Arizona,45.104710497351164,2284.8399999999997,2180.8900000000003,2034.4349090498602,2156.0051617733857,0.7543629373896318,1.0,1.0
2023-07-16,45.6,34.4,0.0,45.373590268771125,40.0,0.0,47.8,3.0,7.0,-0.24477230089725957,-0.9695805901076308,7,Arizona,45.373590268771125,2079.36,2284.8399999999997,2058.762693878322,2069.0357162559635,0.7655662611987969,1.0,1.0
2023-07-17,46.7,35.0,0.0,46.00463233033776,40.85,0.0,45.6,3.0,7.0,-0.2614143985111562,-0.965226663665613,7,Arizona,46.00463233033776,2180.8900000000003,2079.36,2116.4261958495586,2148.4163298267736,0.7918596804307402,1.0,1.0
2023-07-18,47.8,34.4,0.0,45.6544994825156,41.099999999999994,0.0,46.7,3.0,7.0,-0.2779791393987801,-0.9605871111248129,7,Arizona,45.6544994825156,2284.8399999999997,2180.8900000000003,2084.3333229990167,2182.2850752642453,0.7772708117714832,1.0,1.0
2023-07-19,48.3,36.1,0.0,46.45955522999117,42.2,0.0,47.8,3.0,7.0,-0.2944616217868012,-0.9556633054034704,7,Arizona,46.45955522999117,2332.89,2284.8399999999997,2158.4902721686,2243.9965176085734,0.810814801249632,1.0,1.0
2023-07-20,48.3,33.9,0.0,45.820338981351114,41.099999999999994,0.0,48.3,3.0,7.0,-0.3108569682435036,-0.9504567035349151,7,Arizona,45.820338981351114,2332.89,2332.89,2099.5034643659246,2213.1223727992588,0.7841807908896298,1.0,1.0
2023-07-21,47.2,33.3,0.0,45.42689603955558,40.25,0.0,48.3,3.0,7.0,-0.3271603271220951,-0.9449688462364056,7,Arizona,45.42689603955558,2227.84,2332.89,2063.6028837885906,2144.1494930670233,0.7677873349814824,1.0,1.0
2023-07-22,47.8,35.6,0.0,44.514726572151154,41.7,0.0,47.2,3.0,7.0,-0.34336687399638804,-0.939201357453208,7,Arizona,44.514726572151154,2284.8399999999997,2227.84,1981.56088179338,2127.803930148825,0.7297802738396314,1.0,1.0
2023-07-23,45.6,33.3,0.0,44.453055677777826,39.45,0.0,47.8,3.0,7.0,-0.3594718130884232,-0.9331559438780432,7,Arizona,44.453055677777826,2079.36,2284.8399999999997,1976.0741590916155,2027.059338906669,0.7272106532407427,1.0,1.0
2023-07-24,46.7,34.4,0.0,45.42885352866446,40.55,0.0,45.6,3.0,7.0,-0.3754703786876202,-0.9268343944460494,7,Arizona,45.42885352866446,2180.8900000000003,2079.36,2063.7807329288494,2121.5274597886305,0.7678688970276859,1.0,1.0
2023-07-25,48.3,33.9,0.0,45.104710497351164,41.099999999999994,0.0,46.7,3.0,7.0,-0.3913578365610259,-0.9202385798054075,7,Arizona,45.104710497351164,2332.89,2180.8900000000003,2034.4349090498602,2178.557517022061,0.7543629373896318,1.0,1.0
2023-07-26,47.8,31.1,0.0,46.95023649132447,39.45,0.0,48.3,3.0,7.0,-0.4071294853542516,-0.9133704517637858,7,Arizona,46.95023649132447,2284.8399999999997,2332.89,2204.3247065912956,2244.2213042853095,0.8312598538051862,1.0,1.0
2023-07-27,46.1,31.7,0.0,45.104710497351164,38.9,0.0,47.8,3.0,7.0,-0.4227806579826773,-0.9062320427107697,7,Arizona,45.104710497351164,2125.21,2284.8399999999997,2034.4349090498602,2079.3271539278885,0.7543629373896318,1.0,1.0
2023-07-28,46.7,33.9,0.0,45.42885352866446,40.3,0.0,46.1,3.0,7.0,-0.4383067230125192,-0.898825465016444,7,Arizona,45.42885352866446,2180.8900000000003,2125.21,2063.7807329288494,2121.5274597886305,0.7678688970276859,1.0,1.0
2023-07-29,46.1,35.0,0.0,44.973126555555616,40.55,0.0,46.7,3.0,7.0,-0.45370308603134424,-0.8911529104063088,7,Arizona,44.973126555555616,2125.21,2180.8900000000003,2022.5821121820218,2073.261134211114,0.7488802731481506,1.0,1.0
2023-07-30,44.4,33.9,0.0,44.453055677777826,39.15,0.0,46.1,3.0,7.0,-0.46896519100763184,-0.8832166493127127,7,Arizona,44.453055677777826,1971.36,2125.21,1976.0741590916155,1973.7156720933353,0.7272106532407427,1.0,1.0
2023-07-31,42.2,28.3,0.0,43.40066278201559,35.25,0.0,44.4,3.0,7.0,-0.48408852163897587,-0.8750190302029955,7,Arizona,43.40066278201559,1780.8400000000001,1971.36,1883.617529918233,1831.5079694010578,0.6833609492506495,1.0,1.0
2023-08-01,42.8,30.0,0.0,43.1374326816356,36.4,0.0,42.2,3.0,7.0,-0.4990686026885319,-0.8665624788845385,8,Arizona,43.1374326816356,1831.8399999999997,1780.8400000000001,1860.8380983626432,1846.2821187740037,0.6723930284014834,1.0,1.0
2023-08-02,43.9,33.9,0.0,42.56556114769562,38.9,0.0,42.8,3.0,7.0,-0.5139010013093103,-0.8578494977869301,8,Arizona,42.56556114769562,1927.2099999999998,1831.8399999999997,1811.8269958182148,1868.6281343838375,0.6485650478206507,1.0,1.0
2023-08-03,45.0,33.3,0.0,42.150659302817814,39.15,0.0,43.9,3.0,7.0,-0.5285813283559292,-0.8488826652214553,8,Arizona,42.150659302817814,2025.0,1927.2099999999998,1776.678079662222,1896.7796686268016,0.6312774709507423,1.0,1.0
2023-08-04,46.1,30.6,0.0,41.066113634466106,38.35,0.0,45.0,3.0,7.0,-0.5431052396834317,-0.8396646346181327,8,Arizona,41.066113634466106,2125.21,2025.0,1686.425689038883,1893.1478385488876,0.5860880681027544,1.0,1.0
2023-08-05,46.7,32.2,0.0,41.55823374068447,39.45,0.0,46.1,3.0,7.0,-0.5574684374327892,-0.8301981337405212,8,Arizona,41.55823374068447,2180.8900000000003,2125.21,1727.0867916453653,1940.769515689965,0.6065930725285197,1.0,1.0
2023-08-06,45.6,32.2,0.0,44.353048125384426,38.900000000000006,0.0,46.7,3.0,7.0,-0.5716666713027052,-0.8204859638785327,8,Arizona,44.353048125384426,2079.36,2180.8900000000003,1967.1928780126668,2022.4989945175298,0.7230436718910177,1.0,1.0
2023-08-07,43.9,32.8,0.0,46.20951770967109,38.349999999999994,0.0,45.6,3.0,7.0,-0.5856957398073508,-0.8105309990194823,8,Arizona,46.20951770967109,1927.2099999999998,2079.36,2135.319526960406,2028.5978274545607,0.8003965712362954,1.0,1.0
2023-08-08,43.3,28.9,0.0,44.88822239935119,36.099999999999994,0.0,43.9,3.0,7.0,-0.5995514915196489,-0.8003361849976323,8,Arizona,44.88822239935119,1874.8899999999996,1927.2099999999998,2014.9525101736142,1943.6600298919066,0.7453425999729664,1.0,1.0
2023-08-09,43.9,32.2,0.0,44.39060321205115,38.05,0.0,43.3,3.0,7.0,-0.6132298262997502,-0.7899045386224707,8,Arizona,44.39060321205115,1927.2099999999998,1874.8899999999996,1970.5256535297656,1948.7474810090453,0.7246084671687978,1.0,1.0
2023-08-10,42.8,32.8,0.0,42.70277289020449,37.8,0.0,43.9,3.0,7.0,-0.6267266965083301,-0.7792391467859886,8,Arizona,42.70277289020449,1831.8399999999997,1927.2099999999998,1823.5268125123837,1827.6786797007521,0.6542822037585205,1.0,1.0
2023-08-11,42.2,31.7,0.0,40.941247777475624,36.95,0.0,42.8,3.0,7.0,-0.6400381082043503,-0.7683431655492202,8,Arizona,40.941247777475624,1780.8400000000001,1831.8399999999997,1676.1857695766528,1727.7206562094714,0.5808853240614843,1.0,0.9128108051647086
2023-08-12,42.2,31.7,0.0,40.38496398732446,36.95,0.0,42.2,3.0,7.0,-0.65316012232693,-0.7572198192083127,8,Arizona,40.38496398732446,1780.8400000000001,1780.8400000000001,1630.9453162574937,1704.2454802650923,0.5577068328051858,1.0,0.8913601539653534
2023-08-13,43.3,31.1,0.0,40.758843069057804,37.2,0.0,42.2,3.0,7.0,-0.666088855860977,-0.7458723993404063,8,Arizona,40.758843069057804,1874.8899999999996,1780.8400000000001,1661.2832883280814,1764.8579048902027,0.5732851278774085,1.0,1.0
2023-08-14,41.1,32.2,0.0,38.79361457499559,36.650000000000006,0.0,43.3,3.0,7.0,-0.6788204829862355,-0.734304263829602,8,Arizona,38.79361457499559,1689.21,1874.8899999999996,1504.94453179331,1594.4175590323186,0.49140060729148277,1.0,0.7137956067809889
2023-08-15,43.9,32.2,0.0,43.40066278201559,38.05,0.0,41.1,3.0,7.0,-0.6913512362094071,-0.722518835873311,8,Arizona,43.40066278201559,1927.2099999999998,1689.21,1883.617529918233,1905.2890961304843,0.6833609492506495,1.0,1.0
2023-08-16,46.1,30.6,0.0,45.85343994691562,38.35,0.0,43.9,3.0,7.0,-0.7036774074790128,-0.7105196029692745,8,Arizona,45.85343994691562,2125.21,1927.2099999999998,2102.537954965397,2113.84358155281,0.7855599977881509,1.0,1.0
2023-08-17,45.6,33.9,0.5,45.29335163473783,39.75,1.0,46.1,3.0,7.0,-0.7157953492826642,-0.6983101158835584,8,Arizona,45.29335163473783,2079.36,2125.21,2051.487702308008,2065.3768345440453,0.762222984780743,1.0,1.0
2023-08-18,41.1,31.1,0.0,43.95091944444445,36.1,0.0,45.6,3.0,7.0,-0.7277014757264236,-0.6858939875998223,8,Arizona,43.95091944444445,1689.21,2079.36,1931.6833200120454,1806.382789166667,0.7062883101851855,1.0,0.953658513893632
2023-08-19,35.0,28.3,0.0,40.58292983287112,31.65,0.0,41.1,3.0,7.0,-0.7393922635959241,-0.673274892250183,8,Arizona,40.58292983287112,1225.0,1689.21,1646.974193819741,1420.4025441504893,0.5659554097029634,1.0,0.34635859481337566
2023-08-20,38.9,28.3,0.0,39.621159165037845,33.6,0.0,35.0,3.0,7.0,-0.7508642533989489,-0.6604565640279754,8,Arizona,39.621159165037845,1513.2099999999998,1225.0,1569.8362535812623,1541.263091519972,0.5258816318765769,0.4609247808241524,0.6250423027517421
2023-08-21,32.8,25.6,1.0,37.547724858995565,29.2,1.0,38.9,3.0,7.0,-0.7621140503891487,-0.6474427960827475,8,Arizona,37.547724858995565,1075.84,1513.2099999999998,1409.8316420868334,1231.5653753750544,0.4394885357914819,0.8302026689152907,0.19926482470746823
2023-08-22,40.6,25.0,0.0,41.86309564444445,32.8,0.0,32.8,3.0,7.0,-0.7731383255706026,-0.6342374393978054,8,Arizona,41.86309564444445,1648.3600000000001,1075.84,1752.5187769359038,1699.6416831644447,0.6192956518518521,0.3231772650986621,0.9159086600521921
2023-08-23,42.2,29.4,0.0,41.11624653890447,35.8,0.0,40.6,3.0,7.0,-0.7839338166829201,-0.620844401650647,8,Arizona,41.11624653890447,1780.8400000000001,1648.3600000000001,1690.5457294479738,1735.1056039417688,0.5881769391210195,1.0,0.9619730527475363
2023-08-24,41.1,31.1,0.0,40.941247777475624,36.1,0.0,42.2,3.0,7.0,-0.7944973291665992,-0.6072676460566135,8,Arizona,40.941247777475624,1689.21,1780.8400000000001,1676.1857695766528,1682.6852836542482,0.5808853240614843,1.0,0.8345164104630033
2023-08-25,43.9,31.7,0.0,41.881832563395605,37.8,0.0,41.1,3.0,7.0,-0.8048257371083452,-0.593511190196115,8,Arizona,41.881832563395605,1927.2099999999998,1689.21,1754.0878988683044,1838.612449533067,0.6200763568081502,1.0,1.0
2023-08-26,45.0,33.3,0.0,43.90952749323557,39.15,0.0,43.9,3.0,7.0,-0.8149159841660791,-0.5795791048257612,8,Arizona,43.90952749323557,2025.0,1927.2099999999998,1928.0466046792105,1975.9287371956007,0.7045636455514822,1.0,1.0
2023-08-27,45.6,32.2,0.0,44.353048125384426,38.900000000000006,0.0,45.0,3.0,7.0,-0.8247650844733614,-0.5654755126737576,8,Arizona,44.353048125384426,2079.36,2025.0,1967.1928780126668,2022.4989945175298,0.7230436718910177,1.0,1.0
2023-08-28,47.2,33.9,0.0,46.31538763731561,40.55,0.0,45.6,3.0,7.0,-0.8343701235229538,-0.5512045872199277,8,Arizona,46.31538763731561,2227.84,2079.36,2145.1151319948076,2186.086296481297,0.8048078182214837,1.0,1.0
2023-08-29,46.7,33.9,0.0,45.29335163473783,40.3,0.0,47.2,3.0,7.0,-0.8437282590292712,-0.5367705514607103,8,Arizona,45.29335163473783,2180.8900000000003,2227.84,2051.487702308008,2115.199521342257,0.762222984780743,1.0,1.0
2023-08-30,43.9,33.9,0.0,44.751679083964504,38.9,0.0,46.7,3.0,7.0,-0.8528367217694595,-0.522177676659508,8,Arizona,44.751679083964504,1927.2099999999998,2180.8900000000003,2002.712780834146,1964.5987117860416,0.7396532951651876,1.0,1.0
2023-08-31,42.8,24.4,1.5,42.997006461057836,33.599999999999994,1.0,43.9,3.0,7.0,-0.8616928164028522,-0.5074302810827518,8,Arizona,42.997006461057836,1831.8399999999997,1927.2099999999998,1848.7425646122492,1840.2718765332752,0.6665419358774098,1.0,1.0
2023-09-01,32.2,25.6,0.3,41.87664238005113,28.900000000000002,1.0,42.8,3.0,7.0,-0.8702939222685674,-0.49253272872205434,9,Arizona,41.87664238005113,1036.8400000000001,1831.8399999999997,1753.6531770266945,1348.4278846376465,0.6198600991687971,1.0,0.25815679015848475
2023-09-02,37.2,26.7,0.0,38.46099728833563,31.950000000000003,0.0,32.2,3.0,7.0,-0.8786374941610001,-0.4774894280028391,9,Arizona,38.46099728833563,1383.8400000000001,1036.8400000000001,1479.248312413361,1430.7490991260856,0.4775415536806514,0.2933912765196381,0.48529762321838643
2023-09-03,38.9,26.7,0.0,37.87912317681782,32.8,0.0,37.2,3.0,7.0,-0.886721063082993,-0.46230483047981086,9,Arizona,37.87912317681782,1513.2099999999998,1383.8400000000001,1434.8279726445369,1473.4978915782133,0.4532967990340759,0.6496346402691795,0.5813921049549884
2023-09-04,40.6,30.0,0.0,38.11572851647114,35.3,0.0,38.9,3.0,7.0,-0.8945422369764496,-0.4469834295196741,9,Arizona,38.11572851647114,1648.3600000000001,1513.2099999999998,1452.808760341331,1547.4985777687282,0.46315535485296405,0.8306181062671478,0.7086693342147236
2023-09-05,40.6,25.6,0.0,36.61958467255111,33.1,0.0,40.6,3.0,7.0,-0.9020987014301837,-0.43152975897147144,9,Arizona,36.61958467255111,1648.3600000000001,1648.3600000000001,1340.9939815901405,1486.7551377055752,0.40081602802296307,1.0,0.6775098152889087
2023-09-06,42.2,26.1,0.0,37.60621143488218,34.150000000000006,0.0,40.6,3.0,7.0,-0.9093882203647925,-0.4159483918249421,9,Arizona,37.60621143488218,1780.8400000000001,1648.3600000000001,1414.227138485063,1586.982122552028,0.441925476453424,1.0,0.8601537399496575
2023-09-07,42.8,26.1,0.0,37.85169649640826,34.45,0.0,42.2,3.0,7.0,-0.9164086366943458,-0.4002439388573056,9,Arizona,37.85169649640826,1831.8399999999997,1780.8400000000001,1432.7509276562052,1620.0526100462735,0.45215402068367744,1.0,0.9199456843087086
2023-09-08,43.3,30.0,0.0,39.63218143677827,36.65,0.0,42.8,3.0,7.0,-0.9231578729647039,-0.38442104726885545,9,Arizona,39.63218143677827,1874.8899999999996,1831.8399999999997,1570.709805437712,1716.073456212499,0.5263408931990945,1.0,1.0
2023-09-09,45.6,30.6,0.0,42.12172095555559,38.1,0.0,43.3,3.0,7.0,-0.9296339319682695,-0.3684843993077793,9,Arizona,42.12172095555559,2079.36,1874.8899999999996,1774.2393762576908,1920.7504755733348,0.6300717064814828,1.0,1.0
2023-09-10,45.0,32.2,0.0,41.4525170573918,38.6,0.0,45.6,3.0,7.0,-0.9358348973349941,-0.35243871088460327,9,Arizona,41.4525170573918,2025.0,2079.36,1718.3111703933582,1865.3632675826311,0.6021882107246584,1.0,1.0
2023-09-11,41.1,31.7,0.0,40.2777378933845,36.4,0.0,45.0,3.0,7.0,-0.9417589340994617,-0.33628873017668287,9,Arizona,40.2777378933845,1689.21,2025.0,1622.2961698081815,1655.415027418103,0.5532390788910208,1.0,0.8209307386225143
2023-09-12,38.9,26.1,0.5,39.593469071484456,32.5,1.0,41.1,3.0,7.0,-0.9474042892438845,-0.32003923622313857,9,Arizona,39.593469071484456,1513.2099999999998,1689.21,1567.6427931145963,1540.1859468807454,0.524727877978519,1.0,0.6657220166344334
2023-09-13,37.2,24.4,0.0,36.99262651519117,30.8,0.0,38.9,3.0,7.0,-0.9527692922168511,-0.30369503751065885,9,Arizona,36.99262651519117,1383.8400000000001,1513.2099999999998,1368.4544164924248,1376.1257063651117,0.4163594381329654,0.8303825555210468,0.4465509319131978
2023-09-14,38.9,26.7,0.0,37.05286929405112,32.8,0.0,37.2,3.0,7.0,-0.9578523554276669,-0.28726097055059635,9,Arizona,37.05286929405112,1513.2099999999998,1383.8400000000001,1372.9151229220363,1441.3566155385886,0.4188695539187967,0.6493784057399333,0.5725219564826338
2023-09-15,40.0,26.7,0.0,36.92906026801558,33.35,0.0,38.9,3.0,7.0,-0.9626519747161487,-0.2707418984477642,9,Arizona,36.92906026801558,1600.0,1513.2099999999998,1363.7554922787272,1477.1624107206233,0.41371084450064927,0.8302771137834252,0.6563462014625387
2023-09-16,41.7,26.1,0.0,37.0400735407865,33.900000000000006,0.0,40.0,3.0,7.0,-0.9671667297977312,-0.2541427094613622,9,Arizona,37.0400735407865,1738.8900000000003,1600.0,1371.9670479068723,1544.5710666507973,0.4183363975327709,0.9609734266269334,0.8156440074257431
2023-09-17,41.1,27.2,0.0,37.316018065132084,34.15,0.0,41.7,3.0,7.0,-0.97139528468375,-0.23746831555846842,9,Arizona,37.316018065132084,1689.21,1738.8900000000003,1392.485204237264,1533.6883424769287,0.42983408604717016,1.0,0.7581564264046718
2023-09-18,39.4,25.6,0.0,36.44696577746111,32.5,0.0,41.1,3.0,7.0,-0.9753363880767837,-0.2207236509605022,9,Arizona,36.44696577746111,1552.36,1689.21,1328.3813143834213,1436.0104516319677,0.39362357406087956,1.0,0.5926535943831001
2023-09-19,38.9,24.4,0.0,34.60233562131555,31.65,0.0,39.4,3.0,7.0,-0.9789888737409319,-0.20391367068311472,9,Arizona,34.60233562131555,1513.2099999999998,1552.36,1197.3216304501627,1346.0308556691748,0.3167639842214811,0.8883298762048186,0.5092486741700971
2023-09-20,38.9,25.0,0.0,34.330119706855676,31.95,0.0,38.9,3.0,7.0,-0.9823516608469237,-0.18704334906991657,9,Arizona,34.330119706855676,1513.2099999999998,1513.2099999999998,1178.5571190870405,1335.4416565966858,0.30542165445231984,0.8299303874124097,0.5011361117999864
2023-09-21,37.2,22.2,0.0,33.58698929119677,29.700000000000003,0.0,38.9,3.0,7.0,-0.9854237542919524,-0.17011767832049052,9,Arizona,33.58698929119677,1383.8400000000001,1513.2099999999998,1128.0858496469666,1249.43600163252,0.27445788713319885,0.8298469574137118,0.38188476550610945
2023-09-22,37.2,23.9,0.0,33.13136993408938,30.55,0.0,37.2,3.0,7.0,-0.9882042449941422,-0.15314166701312007,9,Arizona,33.13136993408938,1383.8400000000001,1383.8400000000001,1097.6876737094815,1232.486961548125,0.25547374725372407,0.6488679342649306,0.36924370754785324
2023-09-23,35.6,25.6,0.0,32.450584655555595,30.6,0.0,37.2,3.0,7.0,-0.9906923101615609,-0.13612033862266704,9,Arizona,32.450584655555595,1267.3600000000001,1383.8400000000001,1053.0404444873802,1155.2408137377793,0.22710769398148312,0.6487854240816123,0.26294019415299374
2023-09-24,37.8,23.3,0.0,35.215786421315585,30.549999999999997,0.0,35.6,3.0,7.0,-0.9928872135356962,-0.11905873003404988,9,Arizona,35.215786421315585,1428.8399999999997,1267.3600000000001,1240.1516132717152,1331.156726725729,0.3423244342214827,0.5065836149793521,0.4768198934860749
2023-09-25,38.9,24.4,0.0,35.484361514705796,31.65,0.0,37.8,3.0,7.0,-0.994788305609327,-0.10196189005174576,9,Arizona,35.484361514705796,1513.2099999999998,1428.8399999999997,1259.139912106334,1380.3416629220553,0.3535150631127415,0.7091029871505041,0.5563702547682239
2023-09-26,40.6,23.9,0.0,36.10281825844337,32.25,0.0,38.9,3.0,7.0,-0.9963950238187231,-0.08483487790576538,9,Arizona,36.10281825844337,1648.3600000000001,1513.2099999999998,1303.413486202192,1465.774421292801,0.37928409410180713,0.8293607692516035,0.7252168542365394
2023-09-27,41.1,25.0,0.0,36.530931028308665,33.05,0.0,40.6,3.0,7.0,-0.9977068927101168,-0.06768276175455162,9,Arizona,36.530931028308665,1689.21,1648.3600000000001,1334.5089217950447,1501.4212652634862,0.3971221261795277,1.0,0.7733144599269042
2023-09-28,40.0,24.4,0.0,36.10281825844337,32.2,0.0,41.1,3.0,7.0,-0.9987235240803972,-0.050510617185222886,9,Arizona,36.10281825844337,1600.0,1689.21,1303.413486202192,1444.1127303377348,0.37928409410180713,1.0,0.6637129150046732
2023-09-29,38.9,22.2,0.0,35.484361514705796,30.549999999999997,0.0,40.0,3.0,7.0,-0.9994446170919858,-0.033323525711631344,9,Arizona,35.484361514705796,1513.2099999999998,1600.0,1259.139912106334,1380.3416629220553,0.3535150631127415,0.9597208852411173,0.5719866258691985
2023-09-30,38.3,23.3,0.0,34.60109775231118,30.799999999999997,0.0,38.9,3.0,7.0,-0.9998699583618592,-0.016126573270657762,9,Arizona,34.60109775231118,1466.8899999999999,1513.2099999999998,1197.235965664994,1325.2220439135183,0.3167124063462993,0.8288907961490526,0.49630287432223524
2023-10-01,31.1,21.7,0.0,33.58196759377781,26.4,0.0,38.3,3.0,7.0,-0.9999994220246925,0.001075151282798226,10,Arizona,33.58196759377781,967.21,1466.8899999999999,1127.7485474695432,1044.39919216649,0.27424864974074215,0.7616863182769206,0.13615396840729604
2023-10-02,31.1,20.6,0.0,28.814790013475562,25.85,0.0,31.1,2.0,6.0,-0.999832969770105,0.018276557681691223,10,Arizona,28.814790013475562,967.21,967.21,830.292123520691,896.13996941909,0.07561625056148176,0.24383848774464834,0.11278943047706429
2023-10-03,31.7,20.0,0.0,28.67405660348446,25.85,0.0,31.1,1.0,5.0,-0.9993706508539969,0.03547255575312556,10,Arizona,28.67405660348446,1004.89,967.21,822.2015220998308,908.9675943304574,0.06975235847851913,0.24281107665913973,0.12757717612805128
2023-10-04,35.0,20.0,0.0,31.273400458731633,27.5,0.0,31.7,0.0,4.0,-0.9986126020839734,0.052658056924614005,10,Arizona,31.273400458731633,1225.0,1004.89,978.025576252196,1094.569016055607,0.17805835244715137,0.266381181546003,0.269541362446897
2023-10-05,37.8,21.1,0.0,33.13136993408938,29.45,0.0,35.0,1.0,4.0,-0.9975590477788613,0.06982797572987089,10,Arizona,33.13136993408938,1428.8399999999997,1225.0,1097.6876737094815,1252.3657835085785,0.25547374725372407,0.5698336365263663,0.5897933703856495
2023-10-06,40.0,21.1,0.0,35.86086571596193,30.55,0.0,37.8,2.0,4.0,-0.9962102997023297,0.0869772313136861,10,Arizona,35.86086571596193,1600.0,1428.8399999999997,1286.0016898982537,1434.434628638477,0.36920273816508037,1.0,1.0
2023-10-07,39.4,27.8,0.0,36.37006527099558,33.6,0.0,40.0,3.0,4.0,-0.9945667569706337,0.1041007489354256,10,Arizona,36.37006527099558,1552.36,1600.0,1322.7816478164789,1432.980571677226,0.3904193862914826,1.0,1.0
2023-10-08,37.8,26.1,0.0,35.88723762042444,31.95,0.0,39.4,3.0,4.0,-0.9926289059345095,0.121193461470736,10,Arizona,35.88723762042444,1428.8399999999997,1552.36,1287.8938240248074,1356.537582052044,0.3703015675176851,1.0,0.9259730860623613
2023-10-09,38.9,25.6,0.0,35.215786421315585,32.25,0.0,37.8,3.0,5.0,-0.9903973200352558,0.1382503109109819,10,Arizona,35.215786421315585,1513.2099999999998,1428.8399999999997,1240.1516132717152,1369.8940917891762,0.3423244342214827,1.0,0.8644332603273501
2023-10-10,37.2,23.9,0.0,34.565035485057805,30.55,0.0,38.9,3.0,6.0,-0.9878726596350429,0.15526624985999563,10,Arizona,34.565035485057805,1383.8400000000001,1513.2099999999998,1194.7416780833053,1285.8193200441506,0.31520981187740854,0.9794320334873458,0.5608002907709461
2023-10-11,34.4,23.3,0.0,33.684902338337814,28.85,0.0,37.2,3.0,7.0,-0.9850556718215013,0.172236243027682,10,Arizona,33.684902338337814,1183.36,1383.8400000000001,1134.6726455433563,1158.7606404388207,0.27853759743074225,0.6466331465613545,0.26299264944715195
2023-10-12,32.8,20.6,0.0,30.996438931695575,26.7,0.0,34.4,3.0,7.0,-0.981947190186646,0.18915526872004093,10,Arizona,30.996438931695575,1075.84,1183.36,960.7792264463332,1016.6831969596147,0.16651828882064898,0.4166059413582913,0.1795710264592502
2023-10-13,32.8,18.3,0.0,29.954480215851657,25.549999999999997,0.0,32.8,3.0,7.0,-0.9785481345802031,0.20601832032517084,10,Arizona,29.954480215851657,1075.84,1075.84,897.2708850018483,982.5069510799343,0.12310334232715237,0.3213607630172459,0.1796822798338934
2023-10-14,34.4,19.4,0.0,31.046002029057814,26.9,0.0,32.8,3.0,7.0,-0.9748595108374125,0.22282040779479959,10,Arizona,31.046002029057814,1183.36,1075.84,963.8542419882618,1067.9824697995887,0.1685834178774089,0.32126325049881926,0.2519656164464296
2023-10-15,38.9,19.4,0.0,35.377580196813305,29.15,0.0,34.4,3.0,7.0,-0.9708824104813836,0.23955655912092708,10,Arizona,35.377580196813305,1513.2099999999998,1183.36,1251.5731805819569,1376.1878696560375,0.3490658415338877,0.41624671106946415,0.6525221287183234
2023-10-16,40.6,22.8,0.0,36.977370727619444,31.700000000000003,0.0,38.9,3.0,7.0,-0.9666180104000972,0.2562218218071163,10,Arizona,36.977370727619444,1648.3600000000001,1513.2099999999998,1367.3259459278074,1501.2812515413495,0.41572378031747687,0.8263426644815075,0.8206981461805525
2023-10-17,38.3,23.9,0.0,36.10281825844337,31.099999999999998,0.0,40.6,3.0,7.0,-0.9620675724981452,0.27281126433401914,10,Arizona,36.10281825844337,1466.8899999999999,1648.3600000000001,1303.413486202192,1382.737939298381,0.37928409410180713,1.0,0.5738797992137478
2023-10-18,38.9,22.2,0.0,34.97673137667397,30.549999999999997,0.0,38.3,3.0,7.0,-0.957232443323312,0.28931997761869527,10,Arizona,34.97673137667397,1513.2099999999998,1466.8899999999999,1223.3717377960093,1360.5948505526173,0.3323638073614153,0.7589745301993359,0.6096991936995885
2023-10-19,40.0,22.2,0.0,35.97145980508053,31.1,0.0,38.9,3.0,7.0,-0.9521140536681102,0.3057430764672831,10,Arizona,35.97145980508053,1600.0,1513.2099999999998,1293.945920508524,1438.8583922032212,0.3738108252116887,0.8257562806691819,0.7407174914129424
2023-10-20,40.0,21.7,0.0,35.416767123071764,30.85,0.0,40.0,3.0,7.0,-0.9467139181463862,0.3220757010206104,10,Arizona,35.416767123071764,1600.0,1600.0,1254.347393449897,1416.6706849228706,0.3506986301279902,0.9561133180470058,0.7219393701883354
2023-10-21,38.3,22.2,0.0,35.16133516827887,30.25,0.0,40.0,3.0,7.0,-0.9410336347451197,0.3383130181923076,10,Arizona,35.16133516827887,1466.8899999999999,1600.0,1236.3194908160442,1346.6791369450805,0.3400556320116195,0.955898810786435,0.5670715322622661
2023-10-22,36.7,21.1,0.0,34.13810030495181,28.900000000000002,0.0,38.3,3.0,7.0,-0.9350748843515574,0.3544502230989869,10,Arizona,34.13810030495181,1346.89,1466.8899999999999,1165.409892430951,1252.8682811917317,0.29742084603965885,0.7581864282714608,0.4332048454450036
2023-10-23,31.1,21.1,0.0,33.022220326595615,26.1,0.0,36.7,3.0,7.0,-0.9288394302558068,0.3704825404820963,10,Arizona,33.022220326595615,967.21,1346.89,1090.4670352982246,1026.9910521571237,0.25092584694148395,0.5973059212191068,0.15412896128116996
2023-10-24,30.6,20.6,0.0,27.98978828193782,25.6,0.0,31.1,2.0,6.0,-0.9223291176290545,0.3864052261209853,10,Arizona,27.98978828193782,936.3600000000001,967.21,783.4282480677036,856.4875214272973,0.04124117841407582,0.24217352728810687,0.11308652779371463
2023-10-25,29.4,19.4,0.0,27.824858449475617,24.4,0.0,30.6,1.0,5.0,-0.9155458729775467,0.40221356823680365,10,Arizona,27.824858449475617,864.3599999999999,936.3600000000001,774.2227477333546,818.050838414583,0.034369102061484025,0.2225144043753855,0.09278769366279477
2023-10-26,30.0,20.0,0.0,27.318101132851165,25.0,0.0,29.4,0.0,4.0,-0.9084917035725082,0.41790288888678667,10,Arizona,27.318101132851165,900.0,864.3599999999999,746.2786495046842,819.543033985535,0.013254213868798548,0.18310749080866703,0.10232564644335403
2023-10-27,31.7,19.4,0.0,28.814790013475562,25.549999999999997,0.0,30.0,0.0,3.0,-0.9011686968561569,0.4334685453485363,10,Arizona,28.814790013475562,1004.89,900.0,830.292123520691,913.4288434271753,0.07561625056148176,0.2611598083984155,0.21185070729397187
2023-10-28,30.6,18.3,0.0,28.814790013475562,24.450000000000003,0.0,31.7,0.0,2.0,-0.8935790198239952,0.4489059314938798,10,Arizona,28.814790013475562,936.3600000000001,1004.89,830.292123520691,881.7325744123523,0.07561625056148176,0.4316759470914683,0.24225623958653147
2023-10-29,26.7,16.1,0.0,27.412137668471157,21.4,0.0,30.6,0.0,1.0,-0.8857249183835637,0.4642104791518923,10,Arizona,27.412137668471157,712.89,936.3600000000001,751.4252915552153,731.9040757481798,0.01717240285296488,0.4641110318380384,0.16884906925622076
2023-10-30,27.2,12.8,0.0,25.58944444444445,20.0,0.0,26.7,0.0,0.0,-0.8776087166898392,0.4793776594606945,10,Arizona,25.58944444444445,739.8399999999999,712.89,654.8196669753089,696.032888888889,0.0,0.3459231124274716,0.26063061720912606
2023-10-31,27.8,16.1,0.0,26.206388888888895,21.950000000000003,0.0,27.2,0.0,0.0,-0.8692328164574792,0.49440298420761813,10,Arizona,26.206388888888895,772.84,739.8399999999999,686.7748185956793,728.5376111111113,0.0,0.36930304513677914,0.278768801885286
2023-11-01,28.3,16.1,0.0,26.326606101278596,22.200000000000003,0.0,27.8,0.0,0.0,-0.8605996962501181,0.5092820071573356,11,Arizona,26.326606101278596,800.89,772.84,693.0901888118794,745.0429526661843,0.0,0.3996232811498621,0.3032893754113787
2023-11-02,30.6,13.9,0.0,28.32041565651366,22.25,0.0,28.3,0.0,0.0,-0.8517119107469189,0.5240103253675756,11,Arizona,28.32041565651366,936.3600000000001,800.89,802.045942957704,866.604719089318,0.0550173190214025,0.4268295752622441,0.4776503964011009
2023-11-03,31.7,15.0,0.0,28.708634567352206,23.35,0.0,30.6,0.0,0.0,-0.8425720899866032,0.5385835804920232,11,Arizona,28.708634567352206,1004.89,936.3600000000001,824.18569872177,910.0637157850649,0.07119310697300858,0.577906859920822,0.5490473868214258
2023-11-04,31.7,16.1,0.0,28.708634567352206,23.9,0.0,31.7,0.0,0.0,-0.8331829385891785,0.5529974600700271,11,Arizona,28.708634567352206,1004.89,1004.89,824.18569872177,910.0637157850649,0.07119310697300858,0.6657501693197687,0.5395284900729284
2023-11-05,33.9,16.1,0.0,30.24187609208936,25.0,0.0,31.7,0.0,0.0,-0.8235472349556007,0.5672476988027229,11,Arizona,30.24187609208936,1149.2099999999998,1004.89,914.571069569286,1025.1995995218292,0.1350781705037233,0.6655254861330647,0.7520523152221661
2023-11-06,33.9,17.8,0.0,30.31718712192291,25.85,0.0,33.9,1.0,1.0,-0.8136678304455991,0.5813300798152042,11,Arizona,30.31718712192291,1149.2099999999998,1149.2099999999998,919.1318349856883,1027.7526434331867,0.13821613008012124,0.8736007831875006,0.7332798705948359
2023-11-07,32.8,16.7,0.0,29.809894232673937,24.75,0.0,33.9,2.0,2.0,-0.8035476485339116,0.5952404359043674,11,Arizona,29.809894232673937,1075.84,1149.2099999999998,888.6297941632068,977.7645308317051,0.11707892636141404,0.875664774472417,0.6408873701178396
2023-11-08,27.2,16.7,0.0,29.046076926015594,21.95,0.0,32.8,3.0,3.0,-0.7931896839451843,0.6089746507720486,11,Arizona,29.046076926015594,739.8399999999999,1075.84,843.6745847920155,790.0532923876242,0.08525320525064976,0.769682123126663,0.2774915928267367
2023-11-09,26.1,13.3,0.0,25.064444444444437,19.700000000000003,0.0,27.2,2.0,3.0,-0.7825970017677834,0.6225286602431057,11,Arizona,25.064444444444437,681.21,739.8399999999999,628.2263753086415,654.1819999999998,0.0,0.2895240462738102,0.16092857246488554
2023-11-10,25.6,12.2,0.0,25.064444444444437,18.9,0.0,26.1,1.0,3.0,-0.7717727365467836,0.6358984534680745,11,Arizona,25.064444444444437,655.3600000000001,681.21,628.2263753086415,641.6497777777777,0.0,0.1908015124269161,0.10909968176754987
2023-11-11,27.2,12.2,0.0,26.297777777777785,19.7,0.0,25.6,0.0,3.0,-0.7607200913564104,0.6490800741100398,11,Arizona,26.297777777777785,739.8399999999999,655.3600000000001,691.5731160493831,715.2995555555557,0.0,0.1351534556427545,0.10910347818156159
2023-11-12,28.9,15.6,0.0,26.860912138817824,22.25,0.0,27.2,0.0,3.0,-0.7494423368521954,0.6620696215153815,11,Arizona,26.860912138817824,835.2099999999999,739.8399999999999,721.5086009292908,776.2803608118351,0.0,0.17005887201708417,0.14146878159520165
2023-11-13,31.1,16.7,0.0,28.67405660348446,23.9,0.0,28.9,0.0,2.0,-0.7379428103031386,0.6748632518680403,11,Arizona,28.67405660348446,967.21,835.2099999999999,822.2015220998308,891.7631603683667,0.06975235847851913,0.2835837552645455,0.30069639312871893
2023-11-14,31.7,20.0,0.0,29.208221804471123,25.85,0.0,31.1,0.0,1.0,-0.7262249146041543,0.6874571793269664,11,Arizona,29.208221804471123,1004.89,967.21,853.1202209791824,925.9006312017345,0.09200924185296344,0.49464088638244164,0.4237964406930329
2023-11-15,31.1,19.4,0.0,28.814790013475562,25.25,0.0,31.7,0.0,0.0,-0.7142921172691032,0.699847677146407,11,Arizona,28.814790013475562,967.21,1004.89,830.292123520691,896.13996941909,0.07561625056148176,0.6631787530035108,0.5016894870742307
2023-11-16,26.7,18.3,2.3,27.860668231484485,22.5,1.0,31.1,0.0,0.0,-0.7021479494046978,0.7120310787787131,11,Arizona,27.860668231484485,712.89,967.21,776.2168343048488,743.8798417806357,0.03586117631185356,0.6137429679516037,0.2589877795146788
2023-11-17,27.8,16.7,0.0,26.986454903191134,22.25,0.0,26.7,0.0,0.0,-0.6897960046655887,0.7240037789593305,11,Arizona,26.986454903191134,772.84,712.89,728.2687482419689,750.2234463087135,0.0,0.3433039678188492,0.31226750785530305
2023-11-18,23.9,17.2,3.6,26.637222222222224,20.549999999999997,1.0,27.8,0.0,0.0,-0.6772399381909491,0.7357622347736527,11,Arizona,26.637222222222224,571.2099999999999,772.84,709.5416077160495,636.6296111111111,0.0,0.39681663143514667,0.164341449878869
2023-11-19,23.9,14.4,0.0,23.236944444444443,19.15,0.0,23.9,0.0,0.0,-0.6644834655228552,0.7473029667054296,11,Arizona,23.236944444444443,571.2099999999999,571.2099999999999,539.9555871141974,555.3629722222222,0.0,0.239284021641808,0.1577087917529288
2023-11-20,24.4,12.2,0.0,22.806111111111104,18.299999999999997,0.0,23.9,0.0,0.0,-0.6515303615068021,0.75862255966641,11,Arizona,22.806111111111104,595.3599999999999,571.2099999999999,520.1187040123453,556.4691111111109,0.0,0.23916886787416597,0.17699193931911417
2023-11-21,26.1,13.3,0.0,25.155833333333327,19.700000000000003,0.0,24.4,0.0,0.0,-0.6383844591746642,0.7697176640069211,11,Arizona,25.155833333333327,681.21,595.3599999999999,632.8159506944442,656.5672499999998,0.0,0.254564651780899,0.24536542692061167
2023-11-22,25.6,12.2,0.0,25.11666666666666,18.9,0.0,26.1,0.0,0.0,-0.6250496486104377,0.7805849965070866,11,Arizona,25.11666666666666,655.3600000000001,681.21,630.8469444444441,642.9866666666666,0.0,0.3166290629665126,0.22743445035842147
2023-11-23,22.8,12.8,0.0,23.85666666666667,17.8,0.0,25.6,0.0,0.0,-0.6115298757991053,0.7912213413483807,11,Arizona,23.85666666666667,519.84,655.3600000000001,569.1405444444446,543.932,0.0,0.2965618546855341,0.13747804056620047
2023-11-24,22.8,11.1,0.0,21.820833333333326,16.95,0.0,22.8,0.0,0.0,-0.5978291414589552,0.801623551065242,11,Arizona,21.820833333333326,519.84,519.84,476.1487673611108,497.5149999999998,0.0,0.20844261108720977,0.13969087973143055
2023-11-25,21.1,12.2,0.0,20.691944444444445,16.65,0.0,22.8,0.0,0.0,-0.5839514998576998,0.8117885474764613,11,Arizona,20.691944444444445,445.21000000000004,519.84,428.15656489197534,436.6000277777778,0.0,0.20833890734205668,0.10168387190049628
2023-11-26,22.2,8.3,0.0,21.06083333333334,15.25,0.0,21.1,0.0,0.0,-0.5699010576127624,0.8217133225960589,11,Arizona,21.06083333333334,492.84,445.21000000000004,443.55870069444467,467.5505000000001,0.0,0.17031881123806897,0.13455984810538846
2023-11-27,23.9,11.1,0.0,23.39694444444444,17.5,0.0,22.2,0.0,0.0,-0.5556819724760489,0.8313949395234058,11,Arizona,23.39694444444444,571.2099999999999,492.84,547.4170093364196,559.186972222222,0.0,0.19363484548469617,0.17745695688180377
2023-11-28,25.6,13.3,0.0,24.551944444444445,19.450000000000003,0.0,23.9,0.0,0.0,-0.5412984521036173,0.8408305333122887,11,Arizona,24.551944444444445,655.3600000000001,571.2099999999999,602.7979760030864,628.5297777777778,0.0,0.23823551180292402,0.23076332427515056
2023-11-29,22.8,12.2,0.0,23.948055555555563,17.5,0.0,25.6,0.0,0.0,-0.5267547528105542,0.8500173118187018,11,Arizona,23.948055555555563,519.84,655.3600000000001,573.5093648919757,546.0156666666668,0.0,0.2957151516917071,0.14353087688043104
2023-11-30,18.9,11.7,1.5,19.971111111111107,15.299999999999999,1.0,22.8,0.0,0.0,-0.5120551783114646,0.8589525565270845,11,Arizona,19.971111111111107,357.2099999999999,519.84,398.8452790123455,377.4539999999999,0.0,0.20781779072502143,0.0743924428455738
2023-12-01,18.3,11.1,3.3,16.792777777777772,14.7,1.0,18.9,0.0,0.0,-0.4972040784469378,0.8676336233547726,12,Arizona,16.792777777777772,334.89000000000004,357.2099999999999,281.997385493827,307.30783333333324,0.0,0.13329282607652476,0.07048296006602188
2023-12-02,18.9,8.9,0.0,17.804166666666667,13.899999999999999,0.0,18.3,0.0,0.0,-0.4822058478963526,0.8760579434344281,12,Arizona,17.804166666666667,357.2099999999999,334.89000000000004,316.9883506944445,336.49875,0.0,0.1251632455789368,0.07940948855493903
2023-12-03,20.6,8.3,0.0,19.432499999999997,14.450000000000001,0.0,18.9,0.0,0.0,-0.46706492487743034,0.8842230238742036,12,Arizona,19.432499999999997,424.36000000000007,357.2099999999999,377.6220562499999,400.30949999999996,0.0,0.13315346800046773,0.10701285588242314
2023-12-04,20.6,8.9,0.0,19.432499999999997,14.75,0.0,20.6,0.0,0.0,-0.451785789832884,0.8921264484954345,12,Arizona,19.432499999999997,424.36000000000007,424.36000000000007,377.6220562499999,400.30949999999996,0.0,0.16023004810117805,0.10451971623734709
2023-12-05,27.8,10.0,0.0,26.186471745635558,18.9,0.0,20.6,0.0,0.0,-0.4363729641045924,0.8997658785476209,12,Arizona,26.186471745635558,772.84,424.36000000000007,685.7313024849694,727.9839145286685,0.0,0.16014737930373396,0.3823726614912514
2023-12-06,28.9,13.3,0.0,26.860912138817824,21.1,0.0,27.8,0.0,0.0,-0.42083100859565564,0.9071390534005044,12,Arizona,26.860912138817824,835.2099999999999,772.84,721.5086009292908,776.2803608118351,0.0,0.3936140161894121,0.41484328944615206
2023-12-07,25.6,11.7,0.0,26.115865879395557,18.65,0.0,28.9,0.0,0.0,-0.4051645224207563,0.9142437912130223,12,Arizona,26.115865879395557,655.3600000000001,835.2099999999999,682.038450630577,668.5661665125263,0.0,0.45543268519390356,0.24685719812388912
2023-12-08,22.8,10.0,0.0,23.921944444444446,16.4,0.0,25.6,0.0,0.0,-0.3893781415452015,0.9210779895789526,12,Arizona,23.921944444444446,519.84,655.3600000000001,572.2594260030864,545.4203333333334,0.0,0.2944392200613338,0.15511092096032456
2023-12-09,20.0,7.2,0.0,20.470000000000002,13.6,0.0,22.8,0.0,0.0,-0.37347653741307074,0.9276396261490467,12,Arizona,20.470000000000002,400.0,519.84,419.0209000000001,409.40000000000003,0.0,0.20687864406266845,0.09856746068702923
2023-12-10,22.8,6.7,0.0,22.05916666666667,14.75,0.0,20.0,0.0,0.0,-0.3574644155648614,0.9339267592294762,12,Arizona,22.05916666666667,519.84,400.0,486.6068340277779,502.94900000000007,0.0,0.1493869552421335,0.16749950680780315
2023-12-11,23.3,7.2,0.0,22.11138888888889,15.25,0.0,22.8,0.0,0.0,-0.34134651424503615,0.9399375283564133,12,Arizona,22.11138888888889,542.89,519.84,488.913518595679,515.1953611111111,0.0,0.2066715566517888,0.17619387482724536
2023-12-12,21.7,10.6,0.0,20.96944444444445,16.15,0.0,23.3,0.0,0.0,-0.3251276029999093,0.9456701548465688,12,Arizona,20.96944444444445,470.89,542.89,439.71760030864215,455.03694444444454,0.0,0.21960174011834338,0.12487728243387551
2023-12-13,21.1,7.2,0.0,19.814444444444444,14.15,0.0,21.7,0.0,0.0,-0.30881248126625377,0.9511229423235357,12,Arizona,19.814444444444444,445.21000000000004,470.89,392.61220864197526,418.0847777777778,0.0,0.18103631590815358,0.12058264376161291
2023-12-14,21.1,6.7,0.0,19.24972222222222,13.9,0.0,21.1,0.0,0.0,-0.29240597695107734,0.9562942772197719,12,Arizona,19.24972222222222,445.21000000000004,445.21000000000004,370.551805632716,406.1691388888889,0.0,0.1687579231431165,0.12215368731543429
2023-12-15,25.6,7.8,0.0,25.103611111111107,16.7,0.0,21.1,0.0,0.0,-0.27591294500296043,0.9611826292540837,12,Arizona,25.103611111111107,655.3600000000001,445.21000000000004,630.1912908179011,642.6524444444444,0.0,0.16867278284008738,0.2811759524196103
2023-12-16,26.7,11.1,0.0,25.576388888888896,18.9,0.0,25.6,0.0,0.0,-0.2593382659754056,0.9657865518844574,12,Arizona,25.576388888888896,712.89,655.3600000000001,654.1516685956794,682.8895833333335,0.0,0.2933209549961975,0.3101252930557985
2023-12-17,27.2,9.4,0.0,26.180277777777786,18.3,0.0,26.7,0.0,0.0,-0.2426868445825954,0.9701046827361175,12,Arizona,26.180277777777786,739.8399999999999,712.89,685.4069445216054,712.1035555555558,0.0,0.33856204950998153,0.3481150949998989
2023-12-18,23.9,12.2,0.0,25.576388888888896,18.049999999999997,0.0,27.2,0.0,0.0,-0.22596360824801906,0.974135744004672,12,Arizona,25.576388888888896,571.2099999999999,739.8399999999999,654.1516685956794,611.2756944444446,0.0,0.36152207733774716,0.19244481012280787
2023-12-19,25.0,15.0,0.3,23.84361111111111,20.0,1.0,23.9,0.0,0.0,-0.20917350564635637,0.9778785428342386,12,Arizona,23.84361111111111,625.0,571.2099999999999,568.5177908179011,596.0902777777777,0.0,0.23578906340443637,0.22241627751932225
2023-12-20,25.0,15.6,0.5,23.59277777777777,20.3,1.0,25.0,0.0,0.0,-0.19232150523909483,0.9813319716704275,12,Arizona,23.59277777777777,625.0,625.0,556.6191632716045,589.8194444444442,0.0,0.2709578834943905,0.21713745715416144
2023-12-21,25.6,13.3,0.0,25.28638888888889,19.450000000000003,0.0,25.0,0.0,0.0,-0.17541259380427843,0.9844950085880858,12,Arizona,25.28638888888889,655.3600000000001,625.0,639.4014630401235,647.3315555555556,0.0,0.27083154290983197,0.2546665433258202
2023-12-22,17.2,12.8,17.8,24.669444444444444,15.0,1.0,25.6,0.0,0.0,-0.15845177496083632,0.9873667175937016,12,Arizona,24.669444444444444,295.84,655.3600000000001,608.5814891975308,424.3144444444444,0.0,0.2925052745330293,0.0631823787965129
2023-12-23,15.0,10.6,0.8,14.283611111111108,12.8,1.0,17.2,0.0,0.0,-0.14144406768794202,0.9899462489023779,12,Arizona,14.283611111111108,225.0,295.84,204.02154637345672,214.25416666666663,0.0,0.11090719398867982,0.04758473224223261
2023-12-24,17.8,8.3,0.0,16.845,13.05,0.0,15.0,0.0,0.0,-0.12439450483979998,0.9922328391893008,12,Arizona,16.845,316.84000000000003,225.0,283.75402499999996,299.841,0.0,0.09054018004641462,0.07572947948285245
2023-12-25,17.8,8.3,0.0,16.662222222222216,13.05,0.0,17.8,0.0,0.0,-0.10730813165636247,0.9942258118156161,12,Arizona,16.662222222222216,316.84000000000003,316.84000000000003,277.62964938271585,296.58755555555547,0.0,0.117570018957204,0.07376967410432475
2023-12-26,17.8,7.2,0.0,16.07194444444444,12.5,0.0,17.8,0.0,0.0,-0.09019000427034513,0.9959245770286599,12,Arizona,16.07194444444444,316.84000000000003,316.84000000000003,258.30739822530853,286.08061111111107,0.0,0.11751245372209933,0.07564504088472807
2023-12-27,19.4,6.1,0.0,18.12083333333333,12.75,0.0,17.8,0.0,0.0,-0.07304518821104743,0.9973286321364752,12,Arizona,18.12083333333333,376.35999999999996,316.84000000000003,328.36460069444433,351.54416666666657,0.0,0.11745531841288301,0.1000732188876448
2023-12-28,20.6,7.2,0.0,18.658888888888896,13.9,0.0,19.4,0.0,0.0,-0.05587875690537313,0.9984375616565666,12,Arizona,18.658888888888896,424.36000000000007,376.35999999999996,348.1541345679015,384.37311111111126,0.0,0.13867161405390654,0.11800410704357925
2023-12-29,22.8,6.7,0.0,22.15055555555556,14.75,0.0,20.6,0.0,0.0,-0.03869579017652689,0.9992510374388481,12,Arizona,22.15055555555556,519.84,424.36000000000007,490.6471114197533,505.0326666666668,0.0,0.1582414449907208,0.17695228985345773
2023-12-30,24.4,10.6,0.0,23.30555555555555,17.5,0.0,22.8,0.0,0.0,-0.021501372740813793,0.999768818762748,12,Arizona,23.30555555555555,595.3599999999999,519.84,543.1489197530861,568.6555555555553,0.0,0.2047931998033047,0.2164459024156743
2023-12-31,17.8,7.8,0.0,21.5336111111111,12.8,0.0,24.4,0.0,0.0,-0.004300592702981974,0.9999907524084426,12,Arizona,21.5336111111111,316.84000000000003,595.3599999999999,463.6964074845674,383.29827777777757,0.0,0.2497395423690922,0.07240784425932421
2024-01-01,17.2,8.3,0.0,16.623055555555553,12.75,0.0,17.8,0.0,0.0,0.017201575418260506,0.9998520419557735,1,Arizona,16.623055555555553,295.84,316.84000000000003,276.32597600308634,285.9165555555555,0.0,0.11716305255830779,0.06813872429484429
2024-01-02,18.9,7.2,0.0,18.23833333333333,13.049999999999999,0.0,17.2,0.0,0.0,0.03439806061360801,0.9994082116062598,1,Arizona,18.23833333333333,357.2099999999999,295.84,332.63680277777763,344.7044999999999,0.0,0.11036123127918675,0.09233337447077504
2024-01-03,17.8,7.2,0.3,17.660555555555554,12.5,1.0,18.9,0.0,0.0,0.051584366869408364,0.9986686402879997,1,Arizona,17.660555555555554,316.84000000000003,357.2099999999999,311.89522253086415,314.35788888888885,0.0,0.13109057493157586,0.07815976935321792
2024-01-04,15.6,7.2,0.0,16.01972222222222,11.4,0.0,17.8,0.0,0.0,0.06875540848113941,0.9976335468520451,1,Arizona,16.01972222222222,243.35999999999999,316.84000000000003,256.63150007716047,249.90766666666664,0.0,0.11700244875712063,0.05423622196398449
2024-01-05,14.4,5.6,0.0,13.67,10.0,0.0,15.6,0.0,0.0,0.08590610426133272,0.9963032375991965,1,Arizona,13.67,207.36,243.35999999999999,186.8689,196.848,0.0,0.09489296875403061,0.0488055048232591
2024-01-06,16.7,4.4,0.0,15.337500000000002,10.55,0.0,14.4,0.0,0.0,0.10303137904317879,0.9946781061893646,1,Arizona,15.337500000000002,278.89,207.36,235.23890625000007,256.13625,0.0,0.08549929929119929,0.07117948681886505
2024-01-07,12.2,6.1,0.3,14.208611111111114,9.149999999999999,1.0,16.7,0.0,0.0,0.1201261651823505,0.9927586335250793,1,Arizona,14.208611111111114,148.83999999999997,278.89,201.8846297067902,173.34505555555558,0.0,0.10493967079285894,0.03471976462878957
2024-01-08,12.2,2.8,0.0,10.743611111111115,7.5,0.0,12.2,0.0,0.0,0.13718540405660057,0.9905453876091833,1,Arizona,10.743611111111115,148.83999999999997,148.83999999999997,115.4251797067902,131.07205555555558,0.0,0.07200061624319803,0.040964599270917924
2024-01-09,13.3,1.7,0.0,12.28,7.5,0.0,12.2,0.0,0.0,0.1542040475626894,0.988039023376751,1,Arizona,12.28,176.89000000000001,148.83999999999997,150.7984,163.324,0.0,0.07196913535735258,0.04745840688891992
2024-01-10,15.6,2.8,0.0,14.091111111111113,9.2,0.0,13.3,0.0,0.0,0.17117705961019986,0.985240282501282,1,Arizona,14.091111111111113,243.35999999999999,176.89000000000001,198.55941234567905,219.82133333333334,0.0,0.07811006928370934,0.06354644597249402
2024-01-11,14.4,3.9,0.3,13.578611111111114,9.15,1.0,15.6,0.0,0.0,0.18809941761179758,0.9821499931752291,1,Arizona,13.578611111111114,207.36,243.35999999999999,184.3786797067902,195.53200000000004,0.0,0.09464563315839782,0.05238006156913291
2024-01-12,14.4,2.2,0.0,12.88388888888889,8.3,0.0,14.4,0.0,0.0,0.20496611396949532,0.9787690698649216,1,Arizona,12.88388888888889,207.36,207.36,165.9945929012346,185.52800000000002,0.0,0.08527818225782173,0.053872861015125645
2024-01-13,16.7,2.8,0.0,15.154722222222226,9.75,0.0,14.4,0.0,0.0,0.22177215755648186,0.975098513039961,1,Arizona,15.154722222222226,278.89,207.36,229.66560563271617,253.08386111111116,0.0,0.08524306004849119,0.07396221161967294
2024-01-14,19.4,5.0,0.0,18.60666666666667,12.2,0.0,16.7,0.0,0.0,0.23851257519407648,0.9711394088771653,1,Arizona,18.60666666666667,376.35999999999996,278.89,346.2080444444445,360.96933333333334,0.0,0.10463218884329488,0.10644783401193102
2024-01-15,20.0,5.6,0.0,19.30194444444444,12.8,0.0,19.4,0.0,0.0,0.2551824131233728,0.9668929289391521,1,Arizona,19.30194444444444,400.0,376.35999999999996,372.5650593364196,386.03888888888883,0.0,0.1375753957866599,0.11355025712003383
2024-01-16,21.1,6.7,0.0,19.32805555555556,13.9,0.0,20.0,0.0,0.0,0.2717767384711357,0.9623603298276545,1,Arizona,19.32805555555556,445.21000000000004,400.0,373.5737315586422,407.82197222222237,0.0,0.14683110022471907,0.13254317456819575
2024-01-17,20.0,7.2,0.0,19.32805555555556,13.6,0.0,21.1,0.0,0.0,0.2882906407095177,0.9575429528116719,1,Arizona,19.32805555555556,400.0,445.21000000000004,373.5737315586422,386.56111111111125,0.0,0.16617454988211805,0.10857670765821595
2024-01-18,24.4,7.2,0.0,23.37083333333333,15.799999999999999,0.0,20.0,0.0,0.0,0.3047192331091634,0.9524422234305676,1,Arizona,23.37083333333333,595.3599999999999,400.0,546.1958506944443,570.2483333333332,0.0,0.14672169870813834,0.24032480303033493
2024-01-19,25.0,10.0,0.0,23.96111111111111,17.5,0.0,24.4,0.0,0.0,0.321057654185271,0.9470596510722283,1,Arizona,23.96111111111111,625.0,595.3599999999999,574.1348456790122,599.0277777777777,0.0,0.24785406808085575,0.24624211879475116
2024-01-20,20.0,11.1,0.0,23.96111111111111,15.55,0.0,25.0,0.0,0.0,0.3373010691361842,0.9413968285264122,1,Arizona,23.96111111111111,400.0,625.0,574.1348456790122,479.2222222222222,0.0,0.26751006237118796,0.1051603533297194
2024-01-21,17.2,11.7,0.8,18.342777777777776,14.45,1.0,20.0,0.0,0.0,0.3534446712740877,0.9354554315134164,1,Arizona,18.342777777777776,295.84,400.0,336.4574966049382,315.49577777777773,0.0,0.14656474535345537,0.06560076475204046
2024-01-22,17.8,10.0,6.6,16.87111111111111,13.9,1.0,17.2,0.0,0.0,0.3694836834473831,0.9292372181882051,1,Arizona,16.87111111111111,316.84000000000003,295.84,284.6343901234567,300.30577777777773,0.0,0.10946463200965845,0.07682233896563717
2024-01-23,16.1,12.2,10.4,16.346111111111114,14.15,1.0,17.8,0.0,0.0,0.38541335945432564,0.9227440286201427,1,Arizona,16.346111111111114,259.21000000000004,316.84000000000003,267.1953484567902,263.172388888889,0.0,0.1161209715793145,0.055844926035203024
2024-01-24,17.2,11.7,0.0,16.411388888888887,14.45,0.0,16.1,0.0,0.0,0.4012289854475009,0.9159777842484877,1,Arizona,16.411388888888887,295.84,259.21000000000004,269.3336852623456,282.27588888888886,0.0,0.09855689551844699,0.0664486261571982
2024-01-25,18.9,10.6,0.0,17.501111111111115,14.75,0.0,17.2,0.0,0.0,0.4169258813287287,0.908940487313808,1,Arizona,17.501111111111115,357.2099999999999,295.84,306.2888901234569,330.7710000000001,0.0,0.10935430712404019,0.08804061615676163
2024-01-26,20.6,8.3,0.0,19.44555555555556,14.450000000000001,0.0,18.9,0.0,0.0,0.4324994021339788,0.901634220265486,1,Arizona,19.44555555555556,424.36000000000007,357.2099999999999,378.12963086419774,400.5784444444446,0.0,0.12992428128192654,0.12005070095324746
2024-01-27,23.3,8.3,0.0,22.76694444444444,15.8,0.0,20.6,0.0,0.0,0.44794493940789115,0.8940611451454876,1,Arizona,22.76694444444444,542.89,424.36000000000007,518.3337593364196,530.4698055555555,0.0,0.15642829829338523,0.19333497688365955
2024-01-28,25.6,11.7,0.0,24.512777777777778,18.65,0.0,23.3,0.0,0.0,0.4632579225674917,0.88622350294858,1,Arizona,24.512777777777778,655.3600000000001,542.89,600.876274382716,627.5271111111111,0.0,0.2153412605717169,0.2694449656188145
2024-01-29,27.2,12.2,0.0,26.297777777777785,19.7,0.0,25.6,0.0,0.0,0.4784338202547012,0.8781236129591848,1,Arizona,26.297777777777785,739.8399999999999,655.3600000000001,691.5731160493831,715.2995555555557,0.0,0.2883133037213915,0.35453389327965834
2024-01-30,27.2,12.2,0.0,26.297777777777785,19.7,0.0,27.2,0.0,0.0,0.49346814167723735,0.8697638720650646,1,Arizona,26.297777777777785,739.8399999999999,739.8399999999999,691.5731160493831,715.2995555555557,0.0,0.3558052792016298,0.3493259207839028
2024-01-31,27.2,13.3,0.0,26.323888888888895,20.25,0.0,27.2,0.0,0.0,0.5083564379375122,0.8611467540480452,1,Arizona,26.323888888888895,739.8399999999999,739.8399999999999,692.9471262345683,716.0097777777779,0.0,0.3557163391578758,0.34360734254668823
2024-02-01,27.2,12.8,9.7,26.39724918081779,20.0,1.0,27.2,0.0,0.0,0.5230943033491326,0.8522748088519838,2,Arizona,26.39724918081779,739.8399999999999,739.8399999999999,696.8147643141856,718.0051777182439,0.0,0.35562982927858655,0.35521038800560645
2024-02-02,17.2,11.1,5.3,23.462222222222223,14.149999999999999,1.0,27.2,0.0,0.0,0.5376773767406141,0.8431506618282,2,Arizona,23.462222222222223,295.84,739.8399999999999,550.4758716049383,403.5502222222222,0.0,0.3555457737460484,0.06451132692903173
2024-02-03,17.8,7.8,0.0,17.213888888888892,12.8,0.0,17.2,0.0,0.0,0.5521013427459208,0.8337770129585915,2,Arizona,17.213888888888892,316.84000000000003,295.84,296.31797067901243,306.4072222222223,0.0,0.10906733439660397,0.07664997373535405
2024-02-04,21.1,9.4,0.0,19.380277777777778,15.25,0.0,17.8,0.0,0.0,0.5663619330814524,0.8241566360566663,2,Arizona,19.380277777777778,445.21000000000004,316.84000000000003,375.5951667438272,408.92386111111114,0.0,0.1157112661493429,0.12776599033677702
2024-02-05,23.9,11.7,0.0,22.832222222222214,17.799999999999997,0.0,21.1,0.0,0.0,0.580454927809098,0.8142923779467267,2,Arizona,22.832222222222214,571.2099999999999,445.21000000000004,521.3103716049379,545.6901111111109,0.0,0.165215868906923,0.19846709954032535
2024-02-06,18.9,10.0,5.6,22.32027777777778,14.45,1.0,23.9,0.0,0.0,0.5943761565849831,0.804187157621448,2,Arizona,22.32027777777778,357.2099999999999,571.2099999999999,498.19480007716055,421.85325,0.0,0.2315144641903632,0.08808795388314475
2024-02-07,16.7,9.4,3.0,15.507222222222225,13.05,1.0,18.9,0.0,0.0,0.6081214998935418,0.7938439653781019,2,Arizona,15.507222222222225,278.89,357.2099999999999,240.4739410493828,258.97061111111117,0.0,0.12950437308077195,0.06315378110274913
2024-02-08,14.4,6.1,5.6,14.98222222222222,10.25,1.0,16.7,0.0,0.0,0.6216868902665479,0.7832658619336791,2,Arizona,14.98222222222222,207.36,278.89,224.4669827160493,215.74399999999997,0.0,0.1038166546735164,0.04778879274656871
2024-02-09,15.6,4.4,0.0,14.32611111111111,10.0,0.0,14.4,0.0,0.0,0.6350683134867438,0.7724559775191742,2,Arizona,14.32611111111111,243.35999999999999,207.36,205.23745956790123,223.4873333333333,0.0,0.08451985001889599,0.05965129790230491
2024-02-10,15.0,7.2,4.3,13.761388888888888,11.1,1.0,15.6,0.0,0.0,0.6482618097757122,0.7614175109532997,2,Arizona,13.761388888888888,225.0,243.35999999999999,189.37582415123455,206.42083333333332,0.0,0.09374952038837839,0.05279417608825352
2024-02-11,16.7,4.4,0.0,14.773333333333332,10.55,0.0,15.0,0.0,0.0,0.6612634749656386,0.7501537286959042,2,Arizona,14.773333333333332,278.89,225.0,218.25137777777772,246.71466666666663,0.0,0.08890663652600754,0.06982140949975259
2024-02-12,19.4,5.6,0.0,17.503888888888888,12.5,0.0,16.7,0.0,0.0,0.6740694616546161,0.7386679638813748,2,Arizona,17.503888888888888,376.35999999999996,278.89,306.3861262345679,339.5754444444444,0.0,0.10373351891350455,0.10194463260607865
2024-02-13,21.7,7.2,0.0,20.023333333333333,14.45,0.0,19.4,0.0,0.0,0.6866759803451553,0.726963615332308,2,Arizona,20.023333333333333,470.89,376.35999999999996,400.9338777777778,434.5063333333333,0.0,0.1364419502382723,0.1422990689023296
2024-02-14,21.7,7.8,0.0,20.522222222222222,14.75,0.0,21.7,0.0,0.0,0.6990793005655562,0.7150441465537444,2,Arizona,20.522222222222222,470.89,470.89,421.1616049382716,445.3322222222222,0.0,0.17685664176400118,0.1381347228871309
2024-02-15,23.3,8.9,0.0,22.241944444444453,16.1,0.0,21.7,0.0,0.0,0.7112757519738152,0.7029130847082615,2,Arizona,22.241944444444453,542.89,470.89,494.7040926697535,518.2373055555557,0.0,0.17682907517383412,0.18106847785522195
2024-02-16,22.2,8.9,0.0,21.664166666666663,15.55,0.0,23.3,0.0,0.0,0.7232617254437388,0.6905740195722293,2,Arizona,21.664166666666663,492.84,542.89,469.33611736111095,480.9444999999999,0.0,0.21445920828531564,0.1466900663300548
2024-02-17,23.9,10.6,0.0,22.832222222222214,17.25,0.0,22.2,0.0,0.0,0.7350336741329413,0.6780306024735382,2,Arizona,22.832222222222214,571.2099999999999,492.84,521.3103716049379,545.6901111111109,0.0,0.1875813843228561,0.1945727443809301
2024-02-18,25.0,10.6,0.0,23.44916666666666,17.8,0.0,23.9,0.0,0.0,0.746588114532413,0.6652865452111116,2,Arizona,23.44916666666666,625.0,571.2099999999999,549.8634173611108,586.2291666666665,0.0,0.23103853874517116,0.23151600884045423
2024-02-19,26.7,12.2,0.0,25.693888888888896,19.45,0.0,25.0,0.0,0.0,0.7579216274973472,0.6523456189565257,2,Arizona,25.693888888888896,712.89,625.0,660.1759262345682,686.0268333333335,0.0,0.26569175126970473,0.31132708274039766
2024-02-20,27.8,11.7,0.0,26.24555555555556,19.75,0.0,26.7,0.0,0.0,0.7690308592589181,0.6392116531380588,2,Arizona,26.24555555555556,772.84,712.89,688.8291864197532,729.6264444444446,0.0,0.3317277113192592,0.37123327647330684
2024-02-21,24.4,13.3,0.0,25.641666666666666,18.85,0.0,27.8,0.0,0.0,0.7799125224167177,0.6258885343075018,2,Arizona,25.641666666666666,595.3599999999999,772.84,657.4950694444444,625.6566666666666,0.0,0.38395536564617133,0.204430570120477
2024-02-22,24.4,12.2,0.0,23.436111111111114,18.299999999999997,0.0,24.4,0.0,0.0,0.7905633969115482,0.612380204990065,2,Arizona,23.436111111111114,595.3599999999999,595.3599999999999,549.2513040123458,571.8411111111111,0.0,0.24599370943636975,0.20109397473784119
2024-02-23,27.2,11.7,0.0,25.641666666666666,19.45,0.0,24.4,0.0,0.0,0.8009803309782905,0.5986906625177214,2,Arizona,25.641666666666666,739.8399999999999,595.3599999999999,657.4950694444444,697.4533333333333,0.0,0.245972937971956,0.3361050597564676
2024-02-24,25.6,14.4,0.0,25.62861111111112,20.0,0.0,27.2,0.0,0.0,0.8111602420785621,0.5848239578463322,2,Arizona,25.62861111111112,655.3600000000001,739.8399999999999,656.8257074845683,656.0924444444447,0.0,0.35435733425760396,0.24322565562667903
2024-02-25,28.9,15.0,0.0,26.889711213057822,21.95,0.0,25.6,0.0,0.0,0.8211001178128892,0.5707841943569036,2,Arizona,26.889711213057822,835.2099999999999,655.3600000000001,723.0565691216476,777.1126540573711,0.0,0.2870001989112344,0.42366303525567206
2024-02-26,24.4,17.2,0.0,26.540786549457824,20.799999999999997,0.0,28.9,0.0,0.0,0.8307970168121247,0.5565755266413303,2,Arizona,26.540786549457824,595.3599999999999,835.2099999999999,704.4133506638814,647.5951918067709,0.0,0.44468905638324874,0.19221997713484784
2024-02-27,24.4,13.9,0.0,23.98722222222222,19.15,0.0,24.4,0.0,0.0,0.8402480696078469,0.5422021592729844,2,Arizona,23.98722222222222,595.3599999999999,595.3599999999999,575.3868299382714,585.2882222222221,0.0,0.24591052856466852,0.19493118541146212
2024-02-28,26.7,12.8,0.0,26.323888888888895,19.75,0.0,24.4,0.0,0.0,0.8494504794814806,0.527668345562516,2,Arizona,26.323888888888895,712.89,595.3599999999999,692.9471262345683,702.8478333333335,0.0,0.24590011669693856,0.3078978945287034
2024-02-29,24.4,12.2,0.0,23.527499999999993,18.299999999999997,0.0,26.7,0.0,0.0,0.8584015232918917,0.512978386299228,2,Arizona,23.527499999999993,595.3599999999999,712.89,553.5432562499997,574.0709999999998,0.0,0.33153511101800087,0.19221849913241557
2024-03-01,26.7,12.8,0.0,25.693888888888896,19.75,0.0,24.4,0.0,0.0,0.8670985522812081,0.4981366284784055,3,Arizona,25.693888888888896,712.89,595.3599999999999,660.1759262345682,686.0268333333335,0.0,0.2458855434932703,0.2992998838781508
2024-03-02,26.7,11.7,0.0,25.70694444444445,19.2,0.0,26.7,0.0,0.0,0.8755389928586302,0.4831474640149687,3,Arizona,25.70694444444445,712.89,712.89,660.8469926697534,686.3754166666668,0.0,0.3315217221255068,0.29718964455051344
2024-03-03,23.3,12.2,0.0,23.88277777777778,17.75,0.0,26.7,0.0,0.0,0.8837203473619977,0.4680153284438345,3,Arizona,23.88277777777778,542.89,712.89,570.3870743827162,556.4687222222223,0.0,0.3315190582674833,0.15972917738471118
2024-03-04,23.9,11.7,0.0,22.806111111111104,17.799999999999997,0.0,23.3,0.0,0.0,0.8916401947968874,0.45274469960737107,3,Arizona,22.806111111111104,571.2099999999999,542.89,520.1187040123453,545.0660555555553,0.0,0.21420944272381567,0.1783920727027066
2024-03-05,25.0,11.7,0.0,23.88277777777778,18.35,0.0,23.9,0.0,0.0,0.8992961915530253,0.4373400963303323,3,Arizona,23.88277777777778,625.0,571.2099999999999,570.3870743827162,597.0694444444445,0.0,0.23083427622119881,0.2173218773042451
2024-03-06,24.4,13.9,0.0,23.357777777777773,19.15,0.0,25.0,0.0,0.0,0.9066860720977985,0.4218060770826634,3,Arizona,23.357777777777773,595.3599999999999,625.0,545.5857827160492,569.9297777777776,0.0,0.2654965250757983,0.18450613464767812
2024-03-07,18.3,11.7,5.1,22.281111111111116,15.0,1.0,24.4,0.0,0.0,0.9138076496466615,0.4061472386305789,3,Arizona,22.281111111111116,334.89000000000004,595.3599999999999,496.44791234567924,407.74433333333343,0.0,0.24589192035173485,0.06925503594256903
2024-03-08,21.7,11.7,1.3,20.101666666666663,16.7,1.0,18.3,0.0,0.0,0.9206588168102428,0.3903682146763026,3,Arizona,20.101666666666663,470.89,334.89000000000004,404.07700277777764,436.20616666666655,0.0,0.1213153288702704,0.12548867164227084
2024-03-09,24.4,10.6,0.0,22.34638888888889,17.5,0.0,21.7,0.0,0.0,0.9272375462179537,0.374473674486883,3,Arizona,22.34638888888889,595.3599999999999,470.89,499.3610963734568,545.2518888888889,0.0,0.17661643891503756,0.19395661843153758
2024-03-10,27.2,11.7,0.0,25.62861111111112,19.45,0.0,24.4,0.0,0.0,0.9335418911179212,0.35846832151248087,3,Arizona,25.62861111111112,739.8399999999999,595.3599999999999,656.8257074845683,697.0982222222225,0.0,0.24592326657096905,0.31689879158969403
2024-03-11,27.8,13.9,0.0,26.297777777777785,20.85,0.0,27.2,0.0,0.0,0.9395699859530622,0.342356891994542,3,Arizona,26.297777777777785,772.84,739.8399999999999,691.5731160493831,731.0782222222224,0.0,0.3543351196022135,0.33417222288311554
2024-03-12,25.6,12.8,0.0,26.28472222222222,19.200000000000003,0.0,27.8,0.0,0.0,0.945320046913132,0.3261441535642696,3,Arizona,26.28472222222222,655.3600000000001,772.84,690.8866222993827,672.8888888888889,0.0,0.38386568085359707,0.23707975976039722
2024-03-13,25.0,12.2,0.0,24.486666666666665,18.6,0.0,25.6,0.0,0.0,0.9507903724625832,0.3098349038318025,3,Arizona,24.486666666666665,625.0,655.3600000000001,599.5968444444443,612.1666666666666,0.0,0.28704096412943814,0.20810988080365284
2024-03-14,22.8,12.2,0.3,23.921944444444446,17.5,1.0,25.0,0.0,0.0,0.9559793438440766,0.2934339689665273,3,Arizona,23.921944444444446,519.84,625.0,572.2594260030864,545.4203333333334,0.0,0.2656124281557839,0.1462071844150928
2024-03-15,17.2,10.0,4.6,21.03472222222223,13.6,1.0,22.8,0.0,0.0,0.9608854255574977,0.27694620226893646,3,Arizona,21.03472222222223,295.84,519.84,442.45953896604965,361.79722222222233,0.0,0.2015779365923503,0.05691401825495599
2024-03-16,20.6,7.8,0.0,19.484722222222217,14.200000000000001,0.0,17.2,0.0,0.0,0.9655071658143364,0.2603764827344581,3,Arizona,19.484722222222217,424.36000000000007,295.84,379.6544000771603,401.3852777777777,0.0,0.10872244046090282,0.10505568084094237
2024-03-17,20.6,11.1,0.3,18.802500000000006,15.850000000000001,1.0,20.6,0.0,0.0,0.969843196967294,0.24372971360968387,3,Arizona,18.802500000000006,424.36000000000007,424.36000000000007,353.53400625000023,387.3315000000001,0.0,0.15565995233381033,0.0973933806187496
2024-03-18,27.2,10.6,0.0,26.376111111111115,18.9,0.0,20.6,0.0,0.0,0.9738922359149924,0.22701082094141847,3,Arizona,26.376111111111115,739.8399999999999,424.36000000000007,695.6992373456792,717.4302222222223,0.0,0.15567917292985017,0.32981921352343213
2024-03-19,26.7,12.2,0.0,25.693888888888896,19.45,0.0,27.2,0.0,0.0,0.9776530844816641,0.2102247521189836,3,Arizona,25.693888888888896,712.89,739.8399999999999,660.1759262345682,686.0268333333335,0.0,0.354594510771465,0.2725625316089074
2024-03-20,26.7,12.2,0.5,25.693888888888896,19.45,1.0,26.7,0.0,0.0,0.981124629771712,0.19337647441020586,3,Arizona,25.693888888888896,712.89,712.89,660.1759262345682,686.0268333333335,0.0,0.3318828083894604,0.27961392326093093
2024-03-21,28.3,13.3,0.0,26.56073681420451,20.8,0.0,26.7,0.0,0.0,0.984305844499033,0.17647097349152166,3,Arizona,26.56073681420451,800.89,712.89,705.4727401134388,751.6688518419877,0.0,0.3319279289129236,0.3529667965053651
2024-03-22,30.0,15.6,0.0,27.7000363004978,22.8,0.0,28.3,0.0,0.0,0.9871957872910085,0.15951325197263655,3,Arizona,27.7000363004978,900.0,800.89,767.2920110488958,831.001089014934,0.029168179187408327,0.4108361369257519,0.45018257841914777
2024-03-23,28.3,16.7,0.0,28.133183644444404,22.5,0.0,30.0,0.0,0.0,0.9897936029670716,0.14250832791617088,3,Arizona,28.133183644444404,800.89,900.0,791.4760219720341,796.1690971377767,0.047215985185183516,0.5156929336642179,0.34276334972342015
2024-03-24,19.4,11.7,9.4,26.28472222222222,15.549999999999999,1.0,28.3,0.0,0.0,0.992098522791769,0.12546123335273648,3,Arizona,26.28472222222222,376.35999999999996,800.89,690.8866222993827,509.9236111111111,0.0,0.4109581070286478,0.0810424628985116
2024-03-25,21.7,9.4,0.0,20.54833333333334,15.55,0.0,19.4,0.0,0.0,0.9941098647022418,0.10837701279187609,3,Arizona,20.54833333333334,470.89,376.35999999999996,422.234002777778,445.89883333333347,0.0,0.13649163682052445,0.11547211212628647
2024-03-26,22.8,12.8,0.0,21.204444444444448,17.8,0.0,21.7,0.0,0.0,0.9958270335100595,0.09126072172931188,3,Arizona,21.204444444444448,519.84,470.89,449.628464197531,483.4613333333334,0.0,0.1769822789946577,0.12830855618413808
2024-03-27,25.6,10.6,0.0,23.33166666666666,18.1,0.0,22.8,0.0,0.0,0.9972495210773451,0.07411742515094437,3,Arizona,23.33166666666666,655.3600000000001,519.84,544.3666694444441,597.2906666666665,0.0,0.2019402337130295,0.21824007728510234
2024-03-28,27.8,12.8,0.0,26.271666666666665,20.3,0.0,25.6,0.0,0.0,0.998376906467142,0.056952196034039754,3,Arizona,26.271666666666665,772.84,655.3600000000001,690.2004694444444,730.3523333333333,0.0,0.28763971097965346,0.3179349299497825
2024-03-29,30.0,13.3,0.0,27.291183144664483,21.65,0.0,27.8,0.0,0.0,0.9992088560679753,0.03977011384605572,3,Arizona,27.291183144664483,900.0,772.84,744.8086774356188,818.7354943399345,0.012132631027686802,0.3847249599081863,0.44530634902221766
2024-03-30,30.6,15.0,0.0,27.411282049132108,22.8,0.0,30.0,0.0,0.0,0.9997451236925734,0.022576263041545485,3,Arizona,27.411282049132108,936.3600000000001,900.0,751.3783835770721,838.7852307034425,0.01713675204717117,0.5162819683043895,0.4658289305322887
2024-03-31,18.3,10.6,12.7,26.761397287925245,14.45,1.0,30.6,0.0,0.0,0.9999855506507186,0.005375731557583884,3,Arizona,26.761397287925245,334.89000000000004,936.3600000000001,716.1723848021727,489.733570369032,0.0,0.5590970182629826,0.06494836628501978
2024-04-01,17.8,9.4,10.2,16.241666666666667,13.600000000000001,1.0,18.3,0.0,0.0,0.9999300657962057,-0.011826390691832589,4,Arizona,16.241666666666667,316.84000000000003,334.89000000000004,263.7917361111111,289.1016666666667,0.0,0.1217423638982771,0.05926987944536146
2024-04-02,24.4,10.6,0.0,23.501388888888886,17.5,0.0,17.8,0.0,0.0,0.9995786855478958,-0.029025013321975237,4,Arizona,23.501388888888886,595.3599999999999,316.84000000000003,552.31527970679,573.4338888888888,0.0,0.11574101852450189,0.18267833927005422
2024-04-03,28.3,13.3,0.0,26.632283376551136,20.8,0.0,24.4,0.0,0.0,0.9989315138848577,-0.046215046983708354,4,Arizona,26.632283376551136,800.89,595.3599999999999,709.278517848922,753.6936195563972,0.0,0.2468305757829546,0.3385037153560262
2024-04-04,31.7,15.0,0.0,28.632732378915577,23.35,0.0,28.3,0.0,0.0,0.9979887423155984,-0.06339140486951038,4,Arizona,28.632732378915577,1004.89,800.89,819.8333634826005,907.6576164116237,0.06803051578814905,0.4118389049585046,0.5613994178483234
2024-04-05,22.2,13.3,0.0,29.012928366995553,17.75,0.0,31.7,0.0,0.0,0.9967506498213929,-0.08054900421874167,4,Arizona,29.012928366995553,492.84,1004.89,841.7500124284152,644.0870097473013,0.08387201529148136,0.6461041014817196,0.12432105662257052
2024-04-06,20.0,9.4,0.0,18.632777777777775,14.7,0.0,22.2,0.0,0.0,0.9952176027737294,-0.09768276782171598,4,Arizona,18.632777777777775,400.0,492.84,347.1804077160493,372.6555555555555,0.0,0.18828355421205376,0.0769915846939857
2024-04-07,24.4,10.0,0.0,23.266388888888887,17.2,0.0,20.0,0.0,0.0,0.9933900548258936,-0.11478762552212701,4,Arizona,23.266388888888887,595.3599999999999,400.0,541.3248519290123,567.6998888888888,0.0,0.1461916033243323,0.17427826268867663
2024-04-08,24.4,12.8,0.0,23.27944444444444,18.6,0.0,24.4,0.0,0.0,0.9912685467787256,-0.13185851571739118,4,Arizona,23.27944444444444,595.3599999999999,595.3599999999999,541.932533641975,568.0184444444443,0.0,0.2471582416376072,0.15817402899160177
2024-04-09,29.4,12.8,0.0,27.04228390602461,21.1,0.0,24.4,0.0,0.0,0.9888537064205885,-0.1488903868564548,4,Arizona,27.04228390602461,864.3599999999999,595.3599999999999,731.2851188540377,795.0431468371236,0.0017618294176921327,0.24722905735668116,0.3966460817280547
2024-04-10,30.6,13.9,0.0,27.631208405080528,22.25,0.0,29.4,0.0,0.0,0.986146248341595,-0.16587819893463143,4,Arizona,27.631208405080528,936.3600000000001,864.3599999999999,763.4836779249928,845.5149771954642,0.026300350211688677,0.4777925379867353,0.45463610832332446
2024-04-11,34.4,16.7,0.0,30.71921831372028,25.549999999999997,0.0,30.6,0.0,0.0,0.9831469737221499,-0.1828169249850199,4,Arizona,30.71921831372028,1183.36,936.3600000000001,943.6703738060074,1056.7411099919775,0.154967429738345,0.5604586714886146,0.7880037024111999
2024-04-12,35.0,18.3,0.0,30.71921831372028,26.65,0.0,34.4,1.0,1.0,0.9798567700958665,-0.1997015525660636,4,Arizona,30.71921831372028,1225.0,1183.36,943.6703738060074,1075.1726409802097,0.154967429738345,0.9044504577632362,0.8061365874632045
2024-04-13,32.2,17.8,0.0,30.490748793241274,25.0,0.0,35.0,2.0,2.0,0.9762766110869321,-0.21652708524481437,4,Arizona,30.490748793241274,1036.8400000000001,1225.0,929.6857619725441,981.8021111423691,0.14544786638505305,0.9707232301876768,0.5698893448651774
2024-04-14,28.9,15.6,0.0,28.708634567352206,22.25,0.0,32.2,3.0,3.0,0.9724075561219968,-0.23328854407545518,4,Arizona,28.708634567352206,835.2099999999999,1036.8400000000001,824.18569872177,829.6795389964788,0.07119310697300858,0.6965637194730209,0.3418732102609101
2024-04-15,25.0,14.4,0.0,26.506733904017803,19.7,0.0,28.9,2.0,3.0,0.9682507501166718,-0.2499809690726521,4,Arizona,26.506733904017803,625.0,835.2099999999999,702.6069422584069,662.668347600445,0.0,0.35555690021240605,0.12310711457044286
2024-04-16,31.1,15.0,0.0,28.32041565651366,23.05,0.0,25.0,1.0,3.0,0.9638074231367307,-0.26659942067929354,4,Arizona,28.32041565651366,967.21,625.0,802.045942957704,880.7649269175748,0.0550173190214025,0.15855249817393402,0.28183114864448444
2024-04-17,33.9,16.7,0.0,30.24187609208936,25.299999999999997,0.0,31.1,0.0,3.0,0.9590788900341131,-0.28313898122818354,4,Arizona,30.24187609208936,1149.2099999999998,967.21,914.571069569286,1025.1995995218292,0.1350781705037233,0.29841198876103175,0.335013178961109
2024-04-18,34.4,18.9,0.0,30.357033287605734,26.65,0.0,33.9,1.0,4.0,0.9540665500578387,-0.2995947563972602,4,Arizona,30.357033287605734,1183.36,1149.2099999999998,921.5494700248026,1044.2819450936372,0.13987638698357227,0.46384955727585614,0.3431756780457169
2024-04-19,34.4,18.9,0.0,30.71921831372028,26.65,0.0,34.4,2.0,4.0,0.9487718864399473,-0.31596187665790293,4,Arizona,30.71921831372028,1183.36,1183.36,943.6703738060074,1056.7411099919775,0.154967429738345,0.6236363562747826,0.45688516098500287
2024-04-20,35.6,20.0,0.0,31.46469992222223,27.8,0.0,34.4,3.0,4.0,0.9431964659565866,-0.33223549871590435,4,Arizona,31.46469992222223,1267.3600000000001,1183.36,990.0273411954917,1120.1433172311115,0.18602916342592626,0.7623494851916153,0.6930998249951752
2024-04-21,37.8,21.1,0.0,32.96992626505744,29.45,0.0,35.6,3.0,4.0,0.9373419384643772,-0.3484108069446808,4,Arizona,32.96992626505744,1428.8399999999997,1267.3600000000001,1087.0160379233243,1246.263212819171,0.2487469277107266,0.8860839402448512,0.9114390816760325
2024-04-22,38.9,21.7,0.0,33.78933823319743,30.299999999999997,0.0,37.8,3.0,5.0,0.9312100364121947,-0.3644830148102912,4,Arizona,33.78933823319743,1513.2099999999998,1428.8399999999997,1141.7193782374175,1314.40525727138,0.2828890930498928,0.9792944742065979,0.8690019533011217
2024-04-23,36.7,21.1,0.0,33.259325929940374,28.900000000000002,0.0,38.9,3.0,6.0,0.9248025743285089,-0.38044736628785164,4,Arizona,33.259325929940374,1346.89,1513.2099999999998,1106.1827613140042,1220.6172616288118,0.2608052470808489,0.9545203409712124,0.519401881128289
2024-04-24,33.9,20.0,0.0,31.606122433333358,26.95,0.0,36.7,3.0,7.0,0.9181214482844364,-0.39629913726891813,4,Arizona,31.606122433333358,1149.2099999999998,1346.89,998.9469752708582,1071.4475504900008,0.19192176805555658,0.5795178332555561,0.22996942340779145
2024-04-25,29.4,20.0,0.0,29.84764431919676,24.7,0.0,33.9,3.0,7.0,0.9111686353326631,-0.41203363695942635,4,Arizona,29.84764431919676,864.3599999999999,1149.2099999999998,890.8818714052786,877.5207429843847,0.11865184663319835,0.37013416842252056,0.09198033006841441
2024-04-26,28.3,18.3,0.0,26.874074773695597,23.3,0.0,29.4,2.0,6.0,0.9039461929224011,-0.42764620926777464,4,Arizona,26.874074773695597,800.89,864.3599999999999,722.215894942182,760.5363160955854,0.0,0.17805500495121582,0.06933721952524113
2024-04-27,27.8,17.2,0.0,25.693888888888896,22.5,0.0,28.3,1.0,5.0,0.8964562582905575,-0.44313223418263453,4,Arizona,25.693888888888896,772.84,800.89,660.1759262345682,714.2901111111113,0.0,0.14943830103368516,0.06172032285393288
2024-04-28,31.1,16.7,0.0,28.90615223644336,23.9,0.0,27.8,0.0,4.0,0.8887010478292915,-0.45848712914008766,4,Arizona,28.90615223644336,967.21,772.84,835.5656371164396,898.9813345533886,0.07942300985180673,0.13789677226247032,0.13380811193784695
2024-04-29,35.0,18.3,0.0,31.257292908166317,26.65,0.0,31.1,0.0,3.0,0.8806828564301475,-0.47370635037968,4,Arizona,31.257292908166317,1225.0,967.21,977.0183599469043,1094.0052517858212,0.17738720450692988,0.2997247638931716,0.3871826541467681
2024-04-30,35.6,20.6,0.0,31.75670158888891,28.1,0.0,35.0,1.0,3.0,0.8724040568049612,-0.48878539428899265,4,Arizona,31.75670158888891,1267.3600000000001,1225.0,1008.4880958057394,1130.5385765644453,0.19819589953703787,0.6785879273940973,0.5297629099145417
2024-05-01,33.9,20.6,0.0,30.992269215378357,27.25,0.0,35.6,2.0,3.0,0.8638670987837349,-0.503719798736334,5,Arizona,30.992269215378357,1149.2099999999998,1267.3600000000001,960.520751118489,1050.6379264013262,0.1663445506407649,0.8860532102342228,0.5098756485085121
2024-05-02,33.9,20.6,0.0,30.747636229061445,27.25,0.0,33.9,3.0,3.0,0.8550745085896932,-0.518505144391157,5,Arizona,30.747636229061445,1149.2099999999998,1149.2099999999998,945.417133674692,1042.344868165183,0.15615150954422688,0.8619410507418575,0.6443943187340534
2024-05-03,36.1,21.1,0.0,32.75218689396645,28.6,0.0,33.9,3.0,4.0,0.8460288880917339,-0.533137056031809,5,Arizona,32.75218689396645,1303.21,1149.2099999999998,1072.7057463373078,1182.353946872189,0.23967445391526887,0.7170902416760544,0.7321891361314019
2024-05-04,35.0,21.7,0.0,31.468562742664492,28.35,0.0,36.1,3.0,5.0,0.8367329140344921,-0.5476112038402312,5,Arizona,31.468562742664492,1225.0,1303.21,990.2704410890118,1101.3996959932572,0.18619011427768717,0.7933900257545513,0.4576479686867891
2024-05-05,29.4,20.6,0.0,31.273400458731633,25.0,0.0,35.0,3.0,6.0,0.8271893372462497,-0.5619233046832195,5,Arizona,31.273400458731633,864.3599999999999,1225.0,978.025576252196,919.43797348671,0.17805835244715137,0.5556939864653531,0.1294072156777225
2024-05-06,30.0,16.1,0.0,27.260045205845373,23.05,0.0,29.4,2.0,6.0,0.8174009818249189,-0.5760691233798758,5,Arizona,27.260045205845373,900.0,864.3599999999999,743.1100646247332,817.8013561753612,0.010835216910223858,0.17882511626963693,0.09472645222346257
2024-05-07,33.3,17.2,0.0,29.74784162522636,25.25,0.0,30.0,1.0,5.0,0.8073707443023492,-0.5900444739548627,5,Arizona,29.74784162522636,1108.8899999999999,900.0,884.9340813595501,990.6031261200377,0.11449340105109836,0.19593726290247918,0.1924948395210215
2024-05-08,32.8,19.4,0.0,30.31718712192291,26.099999999999998,0.0,33.3,1.0,5.0,0.7971015927871943,-0.6038452208771035,5,Arizona,30.31718712192291,1075.84,1108.8899999999999,919.1318349856883,994.4037375990714,0.13821613008012124,0.3347650378436518,0.16819401555897384
2024-05-09,31.7,18.3,0.0,29.809894232673937,25.0,0.0,32.8,2.0,5.0,0.7865965660866021,-0.6174672802835514,5,Arizona,29.809894232673937,1004.89,1075.84,888.6297941632068,944.9736471757637,0.11707892636141404,0.39543872248291295,0.18889259896163857
2024-05-10,33.9,18.3,0.0,29.74784162522636,26.1,0.0,31.7,2.0,4.0,0.7758587728069828,-0.6309066211876704,5,Arizona,29.74784162522636,1149.2099999999998,1004.89,884.9340813595501,1008.4518310951736,0.11449340105109836,0.42382579852924385,0.37458786727266025
2024-05-11,33.9,18.3,0.0,30.845608461966467,26.1,0.0,33.9,2.0,4.0,0.7648913904341225,-0.6441592666722685,5,Arizona,30.845608461966467,1149.2099999999998,1149.2099999999998,951.4515613889373,1045.666126860663,0.16023368591526946,0.5849837704534846,0.38642995930804114
2024-05-12,35.0,20.6,0.0,30.609913356091752,27.8,0.0,33.9,2.0,4.0,0.753697664392914,-0.6572212950663319,5,Arizona,30.609913356091752,1225.0,1149.2099999999998,936.9667956674442,1071.3469674632113,0.150413056503823,0.5852036000914489,0.43677713916904665
2024-05-13,37.8,21.7,0.0,33.58698929119677,29.75,0.0,35.0,3.0,5.0,0.742280907086982,-0.6700888411055113,5,Arizona,33.58698929119677,1428.8399999999997,1225.0,1128.0858496469666,1269.588195207238,0.27445788713319885,0.6857595898335732,0.7217914665224989
2024-05-14,37.8,23.3,0.0,33.76763707985165,30.549999999999997,0.0,37.8,3.0,6.0,0.7306444969184916,-0.6827580970759147,5,Arizona,33.76763707985165,1428.8399999999997,1428.8399999999997,1140.2533139565724,1276.4166816183924,0.2819848783271522,0.8326296423465711,0.5590594950564979
2024-05-15,36.7,22.8,0.0,32.925675348217084,29.75,0.0,37.8,3.0,6.0,0.7187918772884232,-0.6952253139408722,5,Arizona,32.925675348217084,1346.89,1428.8399999999997,1084.1000971361902,1208.372285279567,0.24690313950904516,0.8328976953658216,0.4543019764226478
2024-05-16,36.7,24.4,0.3,33.109356162472125,30.55,1.0,36.7,3.0,6.0,0.7067265555776158,-0.7074868024503348,5,Arizona,33.109356162472125,1346.89,1346.89,1096.2294654934308,1215.1133711627272,0.25455650676967184,0.7158190190007807,0.46127939104892063
2024-05-17,38.9,23.9,0.0,35.16133516827887,31.4,0.0,36.7,3.0,7.0,0.6944521021088763,-0.719538934232584,5,Arizona,35.16133516827887,1513.2099999999998,1346.89,1236.3194908160442,1367.775938046048,0.3400556320116195,0.5842890734344325,0.5490676195515743
2024-05-18,40.0,25.0,0.0,34.41081126292361,32.5,0.0,38.9,3.0,7.0,0.6819721490904629,-0.7313781428679254,5,Arizona,34.41081126292361,1600.0,1513.2099999999998,1184.1039317725504,1376.4324505169443,0.30878380262181704,0.8098286715068791,0.5954961576471731
2024-05-19,37.2,23.9,0.0,33.95783981373238,30.55,0.0,40.0,3.0,7.0,0.6692903895412567,-0.7430009249440493,5,Arizona,33.95783981373238,1383.8400000000001,1600.0,1153.1348848151079,1263.2316410708445,0.28990999223884906,0.9399676157275968,0.37765184154116316
2024-05-20,33.3,22.8,0.0,32.550095188868404,28.049999999999997,0.0,37.2,3.0,7.0,0.6564105761979381,-0.7544038410927472,5,Arizona,32.550095188868404,1108.8899999999999,1383.8400000000001,1059.508696804394,1083.9181697893177,0.2312539662028502,0.6316639887012678,0.17920192485787115
2024-05-21,35.6,19.4,0.0,30.992269215378357,27.5,0.0,33.3,3.0,7.0,0.6433365204044917,-0.765583517007675,5,Arizona,30.992269215378357,1267.3600000000001,1108.8899999999999,960.520751118489,1103.3247840674696,0.1663445506407649,0.3392592468500881,0.2697545033096681
2024-05-22,36.1,20.6,0.0,31.46469992222223,28.35,0.0,35.6,3.0,7.0,0.6300720909843687,-0.7765366444428655,5,Arizona,31.46469992222223,1303.21,1267.3600000000001,990.0273411954917,1135.8756671922226,0.18602916342592626,0.4924588725936554,0.2894524345898492
2024-05-23,36.7,21.1,0.0,32.96992626505744,28.900000000000002,0.0,36.1,3.0,7.0,0.6166212130956382,-0.7872599821916922,5,Arizona,32.96992626505744,1346.89,1303.21,1087.0160379233243,1209.9962939276081,0.2487469277107266,0.5332778703382488,0.3455297366669677
2024-05-24,37.8,22.8,0.0,32.5888907997203,30.299999999999997,0.0,36.7,3.0,7.0,0.6029878670694714,-0.7977503570459932,5,Arizona,32.5888907997203,1428.8399999999997,1346.89,1062.0358035560946,1231.8600722294275,0.23287044998834597,0.5859043121036799,0.3917812966834578
2024-05-25,33.3,23.9,0.0,33.13136993408938,28.599999999999998,0.0,37.8,3.0,7.0,0.5891760872322963,-0.8080046647350754,5,Arizona,33.13136993408938,1108.8899999999999,1428.8399999999997,1097.6876737094815,1103.2746188051763,0.25547374725372407,0.6925930551311494,0.1770924175379822
2024-05-26,37.2,21.1,0.0,31.91643738888892,29.150000000000002,0.0,33.3,3.0,7.0,0.5751899607119775,-0.8180198708443174,5,Arizona,31.91643738888892,1383.8400000000001,1108.8899999999999,1018.6589755988665,1187.2914708666679,0.20485155787037165,0.3400434930917882,0.3567525392600819
2024-05-27,38.9,22.8,0.0,34.60109775231118,30.85,0.0,37.2,3.0,7.0,0.5610336262283677,-0.8277930117131022,5,Arizona,34.60109775231118,1513.2099999999998,1383.8400000000001,1197.235965664994,1345.982702564905,0.3167124063462993,0.6333748480241214,0.516226050368842
2024-05-28,41.1,24.4,0.0,35.754293935556916,32.75,0.0,38.9,3.0,7.0,0.5467112728685939,-0.8373211953118121,5,Arizona,35.754293935556916,1689.21,1513.2099999999998,1278.3695348302022,1469.5014807513894,0.3647622473148715,0.8125846597648286,0.7201253748223593
2024-05-29,39.4,24.4,0.0,35.02545047179938,31.9,0.0,41.1,3.0,7.0,0.5322271388474397,-0.8466016020976267,5,Arizona,35.02545047179938,1552.36,1689.21,1226.7821807524715,1380.0027485888957,0.3343937696583075,1.0,0.5386489119078729
2024-05-30,40.0,24.4,0.0,35.754293935556916,32.2,0.0,39.4,3.0,7.0,0.5175855102531889,-0.8556314858488706,5,Arizona,35.754293935556916,1600.0,1552.36,1278.3695348302022,1430.1717574222766,0.3647622473148715,0.8710706182983299,0.617509896049145
2024-05-31,41.7,24.4,0.0,36.2977330401764,33.05,0.0,40.0,3.0,7.0,0.5027907197793043,-0.8644081744776648,5,Arizona,36.2977330401764,1738.8900000000003,1600.0,1317.5254238559132,1513.615467775356,0.38740554334068317,0.9434471832932751,0.7838084155560991
2024-06-01,41.7,25.0,0.0,35.8740836001252,33.35,0.0,41.7,3.0,7.0,0.4878471454423119,-0.8729290708206411,6,Arizona,35.8740836001252,1738.8900000000003,1738.8900000000003,1286.949874148772,1495.949286125221,0.3697534833385501,1.0,0.7532853402014629
2024-06-02,40.6,25.0,0.0,35.63221867681462,32.8,0.0,41.7,3.0,7.0,0.47275920928627757,-0.881191653407483,6,Arizona,35.63221867681462,1648.3600000000001,1738.8900000000003,1269.6550078323364,1446.6680782786734,0.35967577820060903,1.0,0.6445432616315176
2024-06-03,39.4,25.0,0.0,35.16133516827887,32.2,0.0,40.6,3.0,7.0,0.4575313760742512,-0.8891934772070711,6,Arizona,35.16133516827887,1552.36,1648.3600000000001,1236.3194908160442,1385.3566056301872,0.3400556320116195,1.0,0.53167808604206
2024-06-04,40.0,26.1,0.0,34.80359602218316,33.05,0.0,39.4,3.0,7.0,0.44216815196707204,-0.8969321743510065,6,Arizona,34.80359602218316,1600.0,1552.36,1211.2902960753233,1392.1438408873264,0.32514983425763155,0.8725095494928364,0.5637521664089626
2024-06-05,42.2,27.8,0.0,38.98725446728676,35.0,0.0,40.0,3.0,7.0,0.42667408318992467,-0.9044054548343001,6,Arizona,38.98725446728676,1780.8400000000001,1600.0,1520.0060108969715,1645.2621385195014,0.49946893613694837,0.9449167332232217,0.9034893850338147
2024-06-06,45.0,29.4,0.0,40.47066109192029,37.2,0.0,42.2,3.0,7.0,0.4110537546870351,-0.9116111071930239,6,Arizona,40.47066109192029,2025.0,1780.8400000000001,1637.874409217071,1821.1797491364132,0.5612775454966789,1.0,1.0
2024-06-07,45.0,30.6,0.0,40.10595467316257,37.8,0.0,45.0,3.0,7.0,0.3953117887649151,-0.9185469991587165,6,Arizona,40.10595467316257,2025.0,2025.0,1608.4876002457706,1804.7679602923158,0.5460814447151071,1.0,1.0
2024-06-08,42.2,28.9,0.0,38.953354345842264,35.55,0.0,45.0,3.0,7.0,0.37945284372454435,-0.925211078289358,6,Arizona,38.953354345842264,1780.8400000000001,2025.0,1517.3638147927484,1643.8315533945436,0.498056431076761,1.0,0.8658962921734934
2024-06-09,41.7,27.8,0.0,37.83137135202459,34.75,0.0,42.2,3.0,7.0,0.36348161248290634,-0.9316013725767187,6,Arizona,37.83137135202459,1738.8900000000003,1780.8400000000001,1431.2126583747868,1577.5681853794256,0.45130713966769126,1.0,0.7917079718754005
2024-06-10,42.8,26.7,0.0,36.52126576716183,34.75,0.0,41.7,3.0,7.0,0.3474028211842774,-0.9377159910299093,6,Arizona,36.52126576716183,1831.8399999999997,1738.8900000000003,1333.8028532356666,1563.110174834526,0.3967194069650762,1.0,0.848807146987459
2024-06-11,45.0,27.2,0.0,40.011593582115694,36.1,0.0,42.8,3.0,7.0,0.3312212278016865,-0.9435531242349544,6,Arizona,40.011593582115694,2025.0,1831.8399999999997,1600.9276209804018,1800.5217111952063,0.5421497325881539,1.0,1.0
2024-06-12,43.9,28.3,0.0,38.81752099817618,36.1,0.0,45.0,3.0,7.0,0.31494162072895193,-0.9491110448902284,6,Arizona,38.81752099817618,1927.2099999999998,2025.0,1506.7999364438485,1704.089171819934,0.4923967082573408,1.0,1.0
2024-06-13,42.2,30.0,0.0,38.81752099817618,36.1,0.0,43.9,3.0,7.0,0.2985688173637202,-0.9543881083175908,6,Arizona,38.81752099817618,1780.8400000000001,1927.2099999999998,1506.7999364438485,1638.0993861230347,0.4923967082573408,1.0,0.8479314233770402
2024-06-14,41.7,28.3,0.0,37.00126303309361,35.0,0.0,42.2,3.0,7.0,0.2821076626819194,-0.9593827529490743,6,Arizona,37.00126303309361,1738.8900000000003,1780.8400000000001,1369.0934660441796,1542.9526684800035,0.416719293045567,1.0,0.745847337899671
2024-06-15,44.4,27.8,0.0,40.011593582115694,36.1,0.0,41.7,3.0,7.0,0.26556302780405594,-0.9640935007889755,6,Arizona,40.011593582115694,1971.36,1738.8900000000003,1600.9276209804018,1776.5147550459367,0.5421497325881539,1.0,1.0
2024-06-16,44.4,28.9,0.0,39.427659435660495,36.65,0.0,44.4,3.0,7.0,0.24893980855376657,-0.9685189578512204,6,Arizona,39.427659435660495,1971.36,1971.36,1554.540328574428,1750.5880789433259,0.5178191431525206,1.0,1.0
2024-06-17,42.2,27.8,0.0,38.81752099817618,35.0,0.0,44.4,3.0,7.0,0.23224292400907015,-0.9726578145718654,6,Arizona,38.81752099817618,1780.8400000000001,1971.36,1506.7999364438485,1638.0993861230347,0.4923967082573408,1.0,0.856240111178718
2024-06-18,40.6,26.7,0.0,37.0400735407865,33.65,0.0,42.2,3.0,7.0,0.21547731504673012,-0.976508846196619,6,Arizona,37.0400735407865,1648.3600000000001,1780.8400000000001,1371.9670479068723,1503.826985755932,0.4183363975327709,1.0,0.6549168540127832
2024-06-19,41.1,28.3,0.0,36.357746250469845,34.7,0.0,40.6,3.0,7.0,0.19864794288017112,-0.9800709131432666,6,Arizona,36.357746250469845,1689.21,1648.3600000000001,1321.885712413554,1494.3033708943108,0.38990609376957686,1.0,0.6668023636928606
2024-06-20,46.1,28.3,0.0,43.62720431473778,37.2,0.0,41.1,3.0,7.0,0.18175978759137534,-0.9833429613388902,6,Arizona,43.62720431473778,2125.21,1689.21,1903.332956319875,2011.2141189094118,0.6928001797807409,1.0,1.0
2024-06-21,47.2,33.3,0.0,45.373590268771125,40.25,0.0,46.1,3.0,7.0,0.16481784665719793,-0.9863240225317866,6,Arizona,45.373590268771125,2227.84,2125.21,2058.762693878322,2141.6334606859973,0.7655662611987969,1.0,1.0
2024-06-22,42.2,33.3,0.0,43.31386584201555,37.75,0.0,47.2,3.0,7.0,0.14782713347053048,-0.9890132145779883,6,Arizona,43.31386584201555,1780.8400000000001,2227.84,1876.0909741801215,1827.8451385330563,0.6797444100839813,1.0,0.9994048598309624
2024-06-23,42.8,32.8,0.0,40.941247777475624,37.8,0.0,42.2,3.0,7.0,0.13079267585675922,-0.9914097417023038,6,Arizona,40.941247777475624,1831.8399999999997,1780.8400000000001,1676.1857695766528,1752.2854048759566,0.5808853240614843,1.0,0.9683542195701065
2024-06-24,44.4,31.7,0.3,44.055131520551164,38.05,1.0,42.8,3.0,7.0,0.11371951458594969,-0.9935128947338007,6,Arizona,44.055131520551164,1971.36,1831.8399999999997,1940.8546132930608,1956.0478395124717,0.7106304800229651,1.0,1.0
2024-06-25,42.2,30.0,0.0,44.353048125384426,36.1,0.0,44.4,3.0,7.0,0.0966127018812031,-0.9953220513156602,6,Arizona,44.353048125384426,1780.8400000000001,1971.36,1967.1928780126668,1871.6986308912228,0.7230436718910177,1.0,1.0
2024-06-26,43.9,29.4,0.0,44.39060321205115,36.65,0.0,42.2,3.0,7.0,0.07947729992362097,-0.9968366760893436,6,Arizona,44.39060321205115,1927.2099999999998,1780.8400000000001,1970.5256535297656,1948.7474810090453,0.7246084671687978,1.0,1.0
2024-06-27,44.4,35.0,0.0,44.353048125384426,39.7,0.0,43.9,3.0,7.0,0.062318379354325076,-0.998056320853012,6,Arizona,44.353048125384426,1971.36,1927.2099999999998,1967.1928780126668,1969.2753367670684,0.7230436718910177,1.0,1.0
2024-06-28,44.4,33.3,0.0,43.90952749323557,38.849999999999994,0.0,44.4,3.0,7.0,0.04514101777397193,-0.9989806246941579,6,Arizona,43.90952749323557,1971.36,1971.36,1928.0466046792105,1949.5830206996593,0.7045636455514822,1.0,1.0
2024-06-29,43.3,31.7,0.0,43.58821889175118,37.5,0.0,44.4,3.0,7.0,0.02795029824021032,-0.999609314096404,6,Arizona,43.58821889175118,1874.8899999999996,1971.36,1899.9328261552148,1887.3698780128261,0.6911757871562992,1.0,1.0
2024-06-30,43.3,32.2,0.0,43.58821889175118,37.75,0.0,43.3,3.0,7.0,0.01075130776352193,-0.9999422030204416,6,Arizona,43.58821889175118,1874.8899999999996,1874.8899999999996,1899.9328261552148,1887.3698780128261,0.6911757871562992,1.0,1.0
2024-07-01,42.8,30.0,0.8,43.57978966815777,36.4,1.0,43.3,3.0,7.0,-0.00645086419810515,-0.9999791929590823,7,Arizona,43.57978966815777,1831.8399999999997,1874.8899999999996,1899.1980675208708,1865.2149977971526,0.6908245695065739,1.0,1.0
2024-07-02,45.0,33.3,0.0,43.57978966815777,39.15,0.0,42.8,3.0,7.0,-0.023651127245231586,-0.9997202729664083,7,Arizona,43.57978966815777,2025.0,1831.8399999999997,1899.1980675208708,1961.0905350670998,0.6908245695065739,1.0,1.0
2024-07-03,45.0,33.9,0.0,42.95002891033779,39.45,0.0,45.0,3.0,7.0,-0.04084439154329611,-0.9991655196610109,7,Arizona,42.95002891033779,2025.0,2025.0,1844.7049833988522,1932.7513009652007,0.6645845379307413,1.0,1.0
2024-07-04,45.0,32.8,0.0,43.44499524290447,38.9,0.0,45.0,3.0,7.0,-0.05802556932878035,-0.9983150972033183,7,Arizona,43.44499524290447,2025.0,2025.0,1887.467611655992,1955.024785930701,0.6852081351210195,1.0,1.0
2024-07-05,47.8,33.9,0.0,43.62720431473778,40.849999999999994,0.0,45.0,3.0,7.0,-0.07518957641475855,-0.9971692572470178,7,Arizona,43.62720431473778,2284.8399999999997,2025.0,1903.332956319875,2085.3803662444657,0.6928001797807409,1.0,1.0
2024-07-06,45.6,32.8,0.0,43.46671785555561,39.2,0.0,47.8,3.0,7.0,-0.09233133369539122,-0.9957283388645872,7,Arizona,43.46671785555561,2079.36,2284.8399999999997,1889.3555611344766,1982.0823342133358,0.6861132439814837,1.0,1.0
2024-07-07,45.6,33.3,0.0,43.72358126663115,39.45,0.0,45.6,3.0,7.0,-0.10944576864891556,-0.993992768446958,7,Arizona,43.72358126663115,2079.36,2079.36,1911.7515587796984,1993.7953057583804,0.6968158861096313,1.0,1.0
2024-07-08,47.8,32.8,0.0,43.95091944444445,40.3,0.0,45.6,3.0,7.0,-0.12652781683868314,-0.9919630595773397,7,Arizona,43.95091944444445,2284.8399999999997,2079.36,1931.6833200120454,2100.853949444445,0.7062883101851855,1.0,1.0
2024-07-09,46.7,32.8,0.0,43.72358126663115,39.75,0.0,47.8,3.0,7.0,-0.1435724234118113,-0.9896398128792412,7,Arizona,43.72358126663115,2180.8900000000003,2284.8399999999997,1911.7515587796984,2041.8912451516749,0.6968158861096313,1.0,1.0
2024-07-10,46.1,33.3,0.0,43.814393635671145,39.7,0.0,46.7,3.0,7.0,-0.16057454459499376,-0.9870237158387383,7,Arizona,43.814393635671145,2125.21,2180.8900000000003,1919.7010896615402,2019.8435466044398,0.700599734819631,1.0,1.0
2024-07-11,46.1,33.9,0.0,43.23715600007117,40.0,0.0,46.1,3.0,7.0,-0.17752914918703497,-0.984115542601034,7,Arizona,43.23715600007117,2125.21,2125.21,1869.45165897449,1993.232891603281,0.6765481666696319,1.0,1.0
2024-07-12,46.7,32.8,0.0,43.31386584201555,39.75,0.0,46.1,3.0,7.0,-0.19443122004766195,-0.9809161537413774,7,Arizona,43.31386584201555,2180.8900000000003,2125.21,1876.0909741801215,2022.7575348221264,0.6797444100839813,1.0,1.0
2024-07-13,44.4,34.4,0.0,42.95002891033779,39.4,0.0,46.7,3.0,7.0,-0.2112757555821793,-0.9774264960104055,7,Arizona,42.95002891033779,1971.36,2180.8900000000003,1844.7049833988522,1906.9812836189978,0.6645845379307413,1.0,1.0
2024-07-14,42.8,28.9,8.4,42.95002891033779,35.849999999999994,1.0,44.4,3.0,7.0,-0.2280577712215198,-0.9736476020539838,7,Arizona,42.95002891033779,1831.8399999999997,1971.36,1844.7049833988522,1838.2612373624575,0.6645845379307413,1.0,1.0
2024-07-15,42.8,30.0,0.0,43.13120839540448,36.4,0.0,42.8,3.0,7.0,-0.24477230089725957,-0.9695805901076308,7,Arizona,43.13120839540448,1831.8399999999997,1831.8399999999997,1860.3011376478098,1846.0157193233115,0.6721336831418533,1.0,1.0
2024-07-16,42.8,31.7,0.0,43.1374326816356,37.25,0.0,42.8,3.0,7.0,-0.2614143985111562,-0.965226663665613,7,Arizona,43.1374326816356,1831.8399999999997,1831.8399999999997,1860.8380983626432,1846.2821187740037,0.6723930284014834,1.0,1.0
2024-07-17,43.9,32.2,0.0,43.1374326816356,38.05,0.0,42.8,3.0,7.0,-0.2779791393987801,-0.9605871111248129,7,Arizona,43.1374326816356,1927.2099999999998,1831.8399999999997,1860.8380983626432,1893.7332947238028,0.6723930284014834,1.0,1.0
2024-07-18,43.9,33.9,0.0,43.40066278201559,38.9,0.0,43.9,3.0,7.0,-0.2944616217868012,-0.9556633054034704,7,Arizona,43.40066278201559,1927.2099999999998,1927.2099999999998,1883.617529918233,1905.2890961304843,0.6833609492506495,1.0,1.0
2024-07-19,44.4,33.3,0.0,43.40066278201559,38.849999999999994,0.0,43.9,3.0,7.0,-0.3108569682435036,-0.9504567035349151,7,Arizona,43.40066278201559,1971.36,1927.2099999999998,1883.617529918233,1926.989427521492,0.6833609492506495,1.0,1.0
2024-07-20,45.0,33.9,0.0,43.62720431473778,39.45,0.0,44.4,3.0,7.0,-0.3271603271220951,-0.9449688462364056,7,Arizona,43.62720431473778,2025.0,1971.36,1903.332956319875,1963.2241941632,0.6928001797807409,1.0,1.0
2024-07-21,43.9,31.7,0.5,44.353048125384426,37.8,1.0,45.0,3.0,7.0,-0.34336687399638804,-0.939201357453208,7,Arizona,44.353048125384426,1927.2099999999998,2025.0,1967.1928780126668,1947.0988127043763,0.7230436718910177,1.0,1.0
2024-07-22,43.9,29.4,0.0,42.2296772376356,36.65,0.0,43.9,3.0,7.0,-0.3594718130884232,-0.9331559438780432,7,Arizona,42.2296772376356,1927.2099999999998,1927.2099999999998,1783.3456395948783,1853.8828307322028,0.6345698849014832,1.0,1.0
2024-07-23,45.0,33.9,0.0,44.353048125384426,39.45,0.0,43.9,3.0,7.0,-0.3754703786876202,-0.9268343944460494,7,Arizona,44.353048125384426,2025.0,1927.2099999999998,1967.1928780126668,1995.8871656422991,0.7230436718910177,1.0,1.0
2024-07-24,45.6,33.9,0.0,44.85479959707555,39.75,0.0,45.0,3.0,7.0,-0.3913578365610259,-0.9202385798054075,7,Arizona,44.85479959707555,2079.36,2025.0,2011.9530468938087,2045.378861626645,0.7439499832114812,1.0,1.0
2024-07-25,44.4,27.8,0.0,45.40238505513562,36.1,0.0,45.6,3.0,7.0,-0.4071294853542516,-0.9133704517637858,7,Arizona,45.40238505513562,1971.36,2079.36,2061.3765686948022,2015.8658964480214,0.7667660439639841,1.0,1.0
2024-07-26,43.3,27.8,0.0,44.88822239935119,35.55,0.0,44.4,3.0,7.0,-0.4227806579826773,-0.9062320427107697,7,Arizona,44.88822239935119,1874.8899999999996,1971.36,2014.9525101736142,1943.6600298919066,0.7453425999729664,1.0,1.0
2024-07-27,44.4,31.1,0.0,42.64548357975115,37.75,0.0,43.3,3.0,7.0,-0.4383067230125192,-0.898825465016444,7,Arizona,42.64548357975115,1971.36,1874.8899999999996,1818.637269750825,1893.459470940951,0.651895149156298,1.0,1.0
2024-07-28,43.9,31.7,0.0,41.752300926424454,37.8,0.0,44.4,3.0,7.0,-0.45370308603134424,-0.8911529104063088,7,Arizona,41.752300926424454,1927.2099999999998,1971.36,1743.2546326507043,1832.9260106700335,0.6146792052676856,1.0,1.0
2024-07-29,42.8,31.1,0.0,40.38496398732446,36.95,0.0,43.9,3.0,7.0,-0.46896519100763184,-0.8832166493127127,7,Arizona,40.38496398732446,1831.8399999999997,1927.2099999999998,1630.9453162574937,1728.4764586574868,0.5577068328051858,1.0,0.9342098548343235
2024-07-30,42.8,31.7,0.0,39.777810462424476,37.25,0.0,42.8,3.0,7.0,-0.48408852163897587,-0.8750190302029955,7,Arizona,39.777810462424476,1831.8399999999997,1831.8399999999997,1582.2742051845662,1702.4902877917675,0.5324087692676865,1.0,0.90813989117944
2024-07-31,43.3,32.2,0.0,42.997006461057836,37.75,0.0,42.8,3.0,7.0,-0.4990686026885319,-0.8665624788845385,7,Arizona,42.997006461057836,1874.8899999999996,1831.8399999999997,1848.7425646122492,1861.7703797638042,0.6665419358774098,1.0,1.0
2024-08-01,41.7,30.6,0.0,41.313814567484464,36.150000000000006,0.0,43.3,3.0,7.0,-0.5139010013093103,-0.8578494977869301,8,Arizona,41.313814567484464,1738.8900000000003,1874.8899999999996,1706.8312741164914,1722.7860674641022,0.5964089403118527,1.0,0.8828838016195001
2024-08-02,44.4,33.9,0.0,43.40066278201559,39.15,0.0,41.7,3.0,7.0,-0.5285813283559292,-0.8488826652214553,8,Arizona,43.40066278201559,1971.36,1738.8900000000003,1883.617529918233,1926.989427521492,0.6833609492506495,1.0,1.0
2024-08-03,46.7,33.3,0.0,43.95091944444445,40.0,0.0,44.4,3.0,7.0,-0.5431052396834317,-0.8396646346181327,8,Arizona,43.95091944444445,2180.8900000000003,1971.36,1931.6833200120454,2052.507938055556,0.7062883101851855,1.0,1.0
2024-08-04,46.7,33.9,0.0,45.07497082109116,40.3,0.0,46.7,3.0,7.0,-0.5574684374327892,-0.8301981337405212,8,Arizona,45.07497082109116,2180.8900000000003,2180.8900000000003,2031.7529945222198,2105.0011373449574,0.7531237842121318,1.0,1.0
2024-08-05,44.4,33.3,0.0,44.10877025491557,38.849999999999994,0.0,46.7,3.0,7.0,-0.5716666713027052,-0.8204859638785327,8,Arizona,44.10877025491557,1971.36,2180.8900000000003,1945.5836134009246,1958.4293993182512,0.7128654272881487,1.0,1.0
2024-08-06,43.9,32.8,0.0,43.90952749323557,38.349999999999994,0.0,44.4,3.0,7.0,-0.5856957398073508,-0.8105309990194823,8,Arizona,43.90952749323557,1927.2099999999998,1971.36,1928.0466046792105,1927.6282569530415,0.7045636455514822,1.0,1.0
2024-08-07,40.0,27.2,0.3,42.2296772376356,33.6,1.0,43.9,3.0,7.0,-0.5995514915196489,-0.8003361849976323,8,Arizona,42.2296772376356,1600.0,1927.2099999999998,1783.3456395948783,1689.187089505424,0.6345698849014832,1.0,0.8079208070367202
2024-08-08,41.7,31.1,0.0,42.128902611884484,36.400000000000006,0.0,40.0,3.0,7.0,-0.6132298262997502,-0.7899045386224707,8,Arizona,42.128902611884484,1738.8900000000003,1600.0,1774.8444352816473,1756.775238915583,0.6303709421618535,0.9598171166222753,0.9365045775394518
2024-08-09,42.8,30.6,0.0,42.128902611884484,36.7,0.0,41.7,3.0,7.0,-0.6267266965083301,-0.7792391467859886,8,Arizona,42.128902611884484,1831.8399999999997,1738.8900000000003,1774.8444352816473,1803.1170317886558,0.6303709421618535,1.0,1.0
2024-08-10,44.4,33.9,0.0,44.39060321205115,39.15,0.0,42.8,3.0,7.0,-0.6400381082043503,-0.7683431655492202,8,Arizona,44.39060321205115,1971.36,1831.8399999999997,1970.5256535297656,1970.9427826150709,0.7246084671687978,1.0,1.0
2024-08-11,40.6,31.1,0.0,44.055131520551164,35.85,0.0,44.4,3.0,7.0,-0.65316012232693,-0.7572198192083127,8,Arizona,44.055131520551164,1648.3600000000001,1971.36,1940.8546132930608,1788.6383397343773,0.7106304800229651,1.0,0.9113324530620008
2024-08-12,42.2,31.1,0.0,40.974158812771144,36.650000000000006,0.0,40.6,3.0,7.0,-0.666088855860977,-0.7458723993404063,8,Arizona,40.974158812771144,1780.8400000000001,1648.3600000000001,1678.881690414191,1729.1095018989424,0.5822566171987976,1.0,0.9304798664851776
2024-08-13,42.8,31.7,0.0,41.34439175647111,37.25,0.0,42.2,3.0,7.0,-0.6788204829862355,-0.734304263829602,8,Arizona,41.34439175647111,1831.8399999999997,1780.8400000000001,1709.3587297125564,1769.5399671769635,0.597682989852963,1.0,0.9911111272312187
2024-08-14,43.3,32.8,0.0,41.82949212620453,38.05,0.0,42.8,3.0,7.0,-0.6913512362094071,-0.722518835873311,8,Arizona,41.82949212620453,1874.8899999999996,1831.8399999999997,1749.7064115362066,1811.217009064656,0.617895505258522,1.0,1.0
2024-08-15,43.9,32.2,0.0,42.51643423866445,38.05,0.0,43.3,3.0,7.0,-0.7036774074790128,-0.7105196029692745,8,Arizona,42.51643423866445,1927.2099999999998,1874.8899999999996,1807.6471803706788,1866.4714630773694,0.6465180932776855,1.0,1.0
2024-08-16,45.0,33.3,0.0,42.56556114769562,39.15,0.0,43.9,3.0,7.0,-0.7157953492826642,-0.6983101158835584,8,Arizona,42.56556114769562,2025.0,1927.2099999999998,1811.8269958182148,1915.4502516463028,0.6485650478206507,1.0,1.0
2024-08-17,45.0,33.9,0.0,44.60778456449781,39.45,0.0,45.0,3.0,7.0,-0.7277014757264236,-0.6858939875998223,8,Arizona,44.60778456449781,2025.0,2025.0,1989.8544437526493,2007.3503054024015,0.7336576901874089,1.0,1.0
2024-08-18,38.9,26.1,2.5,42.997006461057836,32.5,1.0,45.0,3.0,7.0,-0.7393922635959241,-0.673274892250183,8,Arizona,42.997006461057836,1513.2099999999998,2025.0,1848.7425646122492,1672.5835513351499,0.6665419358774098,1.0,0.7580733925200378
2024-08-19,44.4,31.1,0.0,43.40066278201559,37.75,0.0,38.9,3.0,7.0,-0.7508642533989489,-0.6604565640279754,8,Arizona,43.40066278201559,1971.36,1513.2099999999998,1883.617529918233,1926.989427521492,0.6833609492506495,0.8301369356832001,1.0
2024-08-20,44.4,33.3,0.0,44.353048125384426,38.849999999999994,0.0,44.4,3.0,7.0,-0.7621140503891487,-0.6474427960827475,8,Arizona,44.353048125384426,1971.36,1971.36,1967.1928780126668,1969.2753367670684,0.7230436718910177,1.0,1.0
2024-08-21,40.6,32.2,0.0,44.353048125384426,36.400000000000006,0.0,44.4,3.0,7.0,-0.7731383255706026,-0.6342374393978054,8,Arizona,44.353048125384426,1648.3600000000001,1971.36,1967.1928780126668,1800.7337538906077,0.7230436718910177,1.0,0.9299942238279008
2024-08-22,43.3,28.3,6.1,41.87664238005113,35.8,1.0,40.6,3.0,7.0,-0.7839338166829201,-0.620844401650647,8,Arizona,41.87664238005113,1874.8899999999996,1648.3600000000001,1753.6531770266945,1813.2586150562138,0.6198600991687971,1.0,1.0
2024-08-23,42.8,28.9,0.0,40.2777378933845,35.849999999999994,0.0,43.3,3.0,7.0,-0.7944973291665992,-0.6072676460566135,8,Arizona,40.2777378933845,1831.8399999999997,1874.8899999999996,1622.2961698081815,1723.8871818368564,0.5532390788910208,1.0,0.9724912420090767
2024-08-24,41.7,28.3,0.0,39.777810462424476,35.0,0.0,42.8,3.0,7.0,-0.8048257371083452,-0.593511190196115,8,Arizona,39.777810462424476,1738.8900000000003,1831.8399999999997,1582.2742051845662,1658.7346962831007,0.5324087692676865,1.0,0.8582042879526974
2024-08-25,42.2,30.0,0.0,39.29214650849783,36.1,0.0,41.7,3.0,7.0,-0.8149159841660791,-0.5795791048257612,8,Arizona,39.29214650849783,1780.8400000000001,1738.8900000000003,1543.8727772452582,1658.1285826586086,0.5121727711874096,1.0,0.876700083103171
2024-08-26,43.3,28.9,0.0,38.05221498141791,36.099999999999994,0.0,42.2,3.0,7.0,-0.8247650844733614,-0.5654755126737576,8,Arizona,38.05221498141791,1874.8899999999996,1780.8400000000001,1447.9710649920457,1647.6609086953954,0.46050895755907967,1.0,0.9327035384158888
2024-08-27,42.2,29.4,0.0,38.45818517800082,35.8,0.0,43.3,3.0,7.0,-0.8343701235229538,-0.5512045872199277,8,Arizona,38.45818517800082,1780.8400000000001,1874.8899999999996,1479.0320071854019,1622.9354145116347,0.47742438241670077,1.0,0.8417189060251541
2024-08-28,40.6,31.7,0.0,38.25773515555556,36.15,0.0,42.2,3.0,7.0,-0.8437282590292712,-0.5367705514607103,8,Arizona,38.25773515555556,1648.3600000000001,1780.8400000000001,1463.6542992326317,1553.2640473155557,0.46907229814814827,1.0,0.6764189257661195
2024-08-29,42.8,29.4,0.0,38.98725446728676,36.099999999999994,0.0,40.6,3.0,7.0,-0.8528367217694595,-0.522177676659508,8,Arizona,38.98725446728676,1831.8399999999997,1648.3600000000001,1520.0060108969715,1668.6544911998733,0.49946893613694837,1.0,0.9346137767186269
2024-08-30,43.3,30.6,0.0,38.98725446728676,36.95,0.0,42.8,3.0,7.0,-0.8616928164028522,-0.5074302810827518,8,Arizona,38.98725446728676,1874.8899999999996,1831.8399999999997,1520.0060108969715,1688.1481184335166,0.49946893613694837,1.0,0.9630869510913312
2024-08-31,42.2,31.1,0.0,39.12490045392521,36.650000000000006,0.0,43.3,3.0,7.0,-0.8702939222685674,-0.49253272872205434,8,Arizona,39.12490045392521,1780.8400000000001,1874.8899999999996,1530.7578355295568,1651.070799155644,0.505204185580217,1.0,0.8642511672555736
2024-09-01,42.2,30.6,0.0,39.95154991769784,36.400000000000006,0.0,42.2,3.0,7.0,-0.8786374941610001,-0.4774894280028391,9,Arizona,39.95154991769784,1780.8400000000001,1780.8400000000001,1596.1263408263023,1685.955406526849,0.53964791323741,1.0,0.9107709155344058
2024-09-02,42.2,29.4,0.0,38.45818517800082,35.8,0.0,42.2,3.0,7.0,-0.886721063082993,-0.46230483047981086,9,Arizona,38.45818517800082,1780.8400000000001,1780.8400000000001,1479.0320071854019,1622.9354145116347,0.47742438241670077,1.0,0.857388624454803
2024-09-03,42.2,31.1,0.0,38.79361457499559,36.650000000000006,0.0,42.2,3.0,7.0,-0.8945422369764496,-0.4469834295196741,9,Arizona,38.79361457499559,1780.8400000000001,1780.8400000000001,1504.94453179331,1637.0905350648138,0.49140060729148277,1.0,0.8605730761629875
2024-09-04,43.9,30.6,0.0,40.375514202452045,37.25,0.0,42.2,3.0,7.0,-0.9020987014301837,-0.43152975897147144,9,Arizona,40.375514202452045,1927.2099999999998,1780.8400000000001,1630.1821471124067,1772.4850734876447,0.5573130917688353,1.0,1.0
2024-09-05,46.7,30.6,0.0,41.88837476881783,38.650000000000006,0.0,43.9,3.0,7.0,-0.9093882203647925,-0.4159483918249421,9,Arizona,41.88837476881783,2180.8900000000003,1927.2099999999998,1754.6359407729344,1956.187101703793,0.6203489487007431,1.0,1.0
2024-09-06,43.9,33.9,0.0,40.771370213315635,38.9,0.0,46.7,3.0,7.0,-0.9164086366943458,-0.4002439388573056,9,Arizona,40.771370213315635,1927.2099999999998,2180.8900000000003,1662.3046290712414,1789.8631523645563,0.5738070922214847,1.0,1.0
2024-09-07,43.3,32.8,0.0,39.777810462424476,38.05,0.0,43.9,3.0,7.0,-0.9231578729647039,-0.38442104726885545,9,Arizona,39.777810462424476,1874.8899999999996,1927.2099999999998,1582.2742051845662,1722.3791930229797,0.5324087692676865,1.0,0.9905371356420634
2024-09-08,43.3,31.1,0.0,39.12490045392521,37.2,0.0,43.3,3.0,7.0,-0.9296339319682695,-0.3684843993077793,9,Arizona,39.12490045392521,1874.8899999999996,1874.8899999999996,1530.7578355295568,1694.1081896549613,0.505204185580217,1.0,0.9799112690992192
2024-09-09,43.3,29.4,0.0,38.33903292964404,36.349999999999994,0.0,43.3,3.0,7.0,-0.9358348973349941,-0.35243871088460327,9,Arizona,38.33903292964404,1874.8899999999996,1874.8899999999996,1469.8814459803302,1660.0801258535869,0.4724597054018351,1.0,0.9618253156385582
2024-09-10,43.3,28.3,0.0,37.789217188183585,35.8,0.0,43.3,3.0,7.0,-0.9417589340994617,-0.33628873017668287,9,Arizona,37.789217188183585,1874.8899999999996,1874.8899999999996,1428.0249356957097,1636.2731042483492,0.449550716174316,1.0,0.9496032682697129
2024-09-11,42.8,27.8,0.0,38.05221498141791,35.3,0.0,43.3,3.0,7.0,-0.9474042892438845,-0.32003923622313857,9,Arizona,38.05221498141791,1831.8399999999997,1874.8899999999996,1447.9710649920457,1628.6348012046865,0.46050895755907967,1.0,0.9209520177637559
2024-09-12,42.8,27.2,0.0,38.056061849571584,35.0,0.0,42.8,3.0,7.0,-0.9527692922168511,-0.30369503751065885,9,Arizona,38.056061849571584,1831.8399999999997,1831.8399999999997,1448.2638434984178,1628.7994471616637,0.46066924373214935,1.0,0.9299619819512157
2024-09-13,41.7,25.6,0.0,36.77837786184537,33.650000000000006,0.0,42.8,3.0,7.0,-0.9578523554276669,-0.28726097055059635,9,Arizona,36.77837786184537,1738.8900000000003,1831.8399999999997,1352.6490781486777,1533.6583568389522,0.4074324109102238,1.0,0.7919731291510927
2024-09-14,40.0,30.0,0.0,38.0049626274845,35.0,0.0,41.7,3.0,7.0,-0.9626519747161487,-0.2707418984477642,9,Arizona,38.0049626274845,1600.0,1738.8900000000003,1444.3771843164936,1520.19850509938,0.4585401094785209,1.0,0.6612855457072321
2024-09-15,41.1,30.0,0.0,38.01232357777779,35.55,0.0,40.0,3.0,7.0,-0.9671667297977312,-0.2541427094613622,9,Arizona,38.01232357777779,1689.21,1600.0,1444.9367437816813,1562.3064990466673,0.4588468157407413,0.9609734266269334,0.7702965089635697
2024-09-16,38.9,28.3,0.0,37.28988247135115,33.6,0.0,41.1,3.0,7.0,-0.97139528468375,-0.23746831555846842,9,Arizona,37.28988247135115,1513.2099999999998,1689.21,1390.5353347271816,1450.5764281355596,0.42874510297296453,1.0,0.5601337101936229
2024-09-17,33.9,25.6,0.0,36.041461872035576,29.75,0.0,38.9,3.0,7.0,-0.9753363880767837,-0.2207236509605022,9,Arizona,36.041461872035576,1149.2099999999998,1513.2099999999998,1298.9869738733942,1221.805557462006,0.3767275780014823,0.8300832298173066,0.23747191036316226
2024-09-18,36.1,22.8,0.0,32.08532983333335,29.450000000000003,0.0,33.9,3.0,7.0,-0.9789888737409319,-0.20391367068311472,9,Arizona,32.08532983333335,1303.21,1149.2099999999998,1029.4683905137908,1158.280406983334,0.21188874305555613,0.38610081925651474,0.2963731215768883
2024-09-19,36.7,23.3,0.0,33.59100242466448,30.0,0.0,36.1,3.0,7.0,-0.9823516608469237,-0.18704334906991657,9,Arizona,33.59100242466448,1346.89,1303.21,1128.355443893815,1232.7897889851865,0.2746251010276867,0.5482501119914179,0.3525595763050822
2024-09-20,36.1,25.0,0.0,32.932775255555576,30.55,0.0,36.7,3.0,7.0,-0.9854237542919524,-0.17011767832049052,9,Arizona,32.932775255555576,1303.21,1346.89,1084.5676860329336,1188.8731867255563,0.24719896898148233,0.6014909588269848,0.29721150631638305
2024-09-21,32.2,22.8,0.0,32.82639084588163,27.5,0.0,36.1,3.0,7.0,-0.9882042449941422,-0.15314166701312007,9,Arizona,32.82639084588163,1036.8400000000001,1303.21,1077.5719359665816,1057.0097852373888,0.24276628524506805,0.5481123981325964,0.15182637897263687
2024-09-22,37.2,22.8,0.0,33.50729487099558,30.0,0.0,32.2,3.0,7.0,-0.9906923101615609,-0.13612033862266704,9,Arizona,33.50729487099558,1383.8400000000001,1036.8400000000001,1122.7388095718468,1246.4713692010357,0.2711372862914825,0.2929174901109377,0.4022340054177464
2024-09-23,40.6,25.0,0.0,36.77837786184537,32.8,0.0,37.2,3.0,7.0,-0.9928872135356962,-0.11905873003404988,9,Arizona,36.77837786184537,1648.3600000000001,1383.8400000000001,1352.6490781486777,1493.202141190922,0.4074324109102238,0.6486988350246118,0.7452780352393843
2024-09-24,42.2,25.6,0.0,37.30627232055643,33.900000000000006,0.0,40.6,3.0,7.0,-0.994788305609327,-0.10196189005174576,9,Arizona,37.30627232055643,1780.8400000000001,1648.3600000000001,1391.757954455515,1574.3246919274816,0.429428013356518,1.0,0.8947982617396327
2024-09-25,45.0,26.7,0.0,39.13692265187258,35.85,0.0,42.2,3.0,7.0,-0.9963950238187231,-0.08483487790576538,9,Arizona,39.13692265187258,2025.0,1780.8400000000001,1531.698714658657,1761.1615193342661,0.5057051104946909,1.0,1.0
2024-09-26,43.3,27.8,0.0,39.28470468196802,35.55,0.0,45.0,3.0,7.0,-0.9977068927101168,-0.06768276175455162,9,Arizona,39.28470468196802,1874.8899999999996,2025.0,1543.2880219494402,1701.0277127292152,0.511862695082001,1.0,1.0
2024-09-27,45.0,28.3,0.0,40.69715858094488,36.65,0.0,43.3,3.0,7.0,-0.9987235240803972,-0.050510617185222886,9,Arizona,40.69715858094488,2025.0,1874.8899999999996,1656.2587165625755,1831.3721361425196,0.5707149408727034,1.0,1.0
2024-09-28,47.2,29.4,0.0,41.13298037913558,38.3,0.0,45.0,3.0,7.0,-0.9994446170919858,-0.033323525711631344,9,Arizona,41.13298037913558,2227.84,2025.0,1691.9220748703526,1941.4766738951996,0.5888741824639826,1.0,1.0
2024-09-29,45.0,31.1,0.0,40.705335390204475,38.05,0.0,47.2,3.0,7.0,-0.9998699583618592,-0.016126573270657762,9,Arizona,40.705335390204475,2025.0,2227.84,1656.924329229033,1831.7400925592015,0.5710556412585198,1.0,1.0
2024-09-30,41.7,28.3,0.0,38.822564230460955,35.0,0.0,45.0,3.0,7.0,-0.9999994220246925,0.001075151282798226,9,Arizona,38.822564230460955,1738.8900000000003,2025.0,1507.1914934282663,1618.900928410222,0.49260684293587315,1.0,0.8869525301150888
2024-10-01,45.0,28.9,0.0,40.93813585555559,36.95,0.0,41.7,3.0,7.0,-0.999832969770105,0.018276557681691223,10,Arizona,40.93813585555559,2025.0,1738.8900000000003,1675.9309673279265,1842.2161135000017,0.5807556606481498,1.0,1.0
2024-10-02,42.2,30.0,0.0,39.13692265187258,36.1,0.0,45.0,3.0,7.0,-0.9993706508539969,0.03547255575312556,10,Arizona,39.13692265187258,1780.8400000000001,2025.0,1531.698714658657,1651.578135909023,0.5057051104946909,1.0,0.9381497738118197
2024-10-03,42.8,27.8,0.0,37.50696147759426,35.3,0.0,42.2,3.0,7.0,-0.9986126020839734,0.052658056924614005,10,Arizona,37.50696147759426,1831.8399999999997,1780.8400000000001,1406.7721592817397,1605.2979512410343,0.43779006156642747,1.0,0.9563296797200648
2024-10-04,42.2,27.2,0.0,37.77177761416387,34.7,0.0,42.8,3.0,7.0,-0.9975590477788613,0.06982797572987089,10,Arizona,37.77177761416387,1780.8400000000001,1831.8399999999997,1426.7071841338507,1593.9690153177153,0.4488240672568278,1.0,0.91742723881821
2024-10-05,43.9,26.7,0.0,38.056061849571584,35.3,0.0,42.2,3.0,7.0,-0.9962102997023297,0.0869772313136861,10,Arizona,38.056061849571584,1927.2099999999998,1780.8400000000001,1448.2638434984178,1670.6611151961924,0.46066924373214935,1.0,1.0
2024-10-06,45.0,26.7,0.0,38.5380105794407,35.85,0.0,43.9,3.0,7.0,-0.9945667569706337,0.1041007489354256,10,Arizona,38.5380105794407,2025.0,1927.2099999999998,1485.1782594210833,1734.2104760748316,0.4807504408100292,1.0,1.0
2024-10-07,43.3,27.2,0.0,38.822564230460955,35.25,0.0,45.0,3.0,7.0,-0.9926289059345095,0.121193461470736,10,Arizona,38.822564230460955,1874.8899999999996,2025.0,1507.1914934282663,1681.0170311789593,0.49260684293587315,1.0,1.0
2024-10-08,42.2,27.2,0.0,37.50696147759426,34.7,0.0,43.3,3.0,7.0,-0.9903973200352558,0.1382503109109819,10,Arizona,37.50696147759426,1780.8400000000001,1874.8899999999996,1406.7721592817397,1582.7937743544778,0.43779006156642747,1.0,0.9151406457590724
2024-10-09,41.1,26.1,0.0,36.52126576716183,33.6,0.0,42.2,3.0,7.0,-0.9878726596350429,0.15526624985999563,10,Arizona,36.52126576716183,1689.21,1780.8400000000001,1333.8028532356666,1501.0240230303511,0.3967194069650762,1.0,0.7917901044874326
2024-10-10,41.7,25.6,0.0,36.2977330401764,33.650000000000006,0.0,41.1,3.0,7.0,-0.9850556718215013,0.172236243027682,10,Arizona,36.2977330401764,1738.8900000000003,1689.21,1317.5254238559132,1513.615467775356,0.38740554334068317,1.0,0.8492420304571274
2024-10-11,40.0,25.6,0.0,36.2977330401764,32.8,0.0,41.7,3.0,7.0,-0.981947190186646,0.18915526872004093,10,Arizona,36.2977330401764,1600.0,1738.8900000000003,1317.5254238559132,1451.909321607056,0.38740554334068317,1.0,0.6957634495292594
2024-10-12,40.0,24.4,0.0,35.416767123071764,32.2,0.0,40.0,3.0,7.0,-0.9785481345802031,0.20601832032517084,10,Arizona,35.416767123071764,1600.0,1600.0,1254.347393449897,1416.6706849228706,0.3506986301279902,0.9575134322893742,0.6826310106225397
2024-10-13,39.4,23.9,0.0,34.95784063574885,31.65,0.0,40.0,3.0,7.0,-0.9748595108374125,0.22282040779479959,10,Arizona,34.95784063574885,1552.36,1600.0,1222.0506219144138,1377.3389210485047,0.33157669315620214,0.957324705618713,0.6212366009816487
2024-10-14,39.4,23.9,0.0,34.41081126292361,31.65,0.0,39.4,3.0,7.0,-0.9708824104813836,0.23955655912092708,10,Arizona,34.41081126292361,1552.36,1552.36,1184.1039317725504,1355.78596375919,0.30878380262181704,0.8847728980679326,0.6081295657053882
2024-10-15,37.2,22.8,0.0,33.95783981373238,30.0,0.0,39.4,3.0,7.0,-0.9666180104000972,0.2562218218071163,10,Arizona,33.95783981373238,1383.8400000000001,1552.36,1153.1348848151079,1263.2316410708445,0.28990999223884906,0.884580216547898,0.43569368446377543
2024-10-16,37.2,21.7,0.0,33.48650723760654,29.450000000000003,0.0,37.2,3.0,7.0,-0.9620675724981452,0.27281126433401914,10,Arizona,33.48650723760654,1383.8400000000001,1383.8400000000001,1121.346166974275,1245.6980692389634,0.27027113490027244,0.6456576414038654,0.44003503092958934
2024-10-17,32.2,22.2,0.0,32.29724478016635,27.200000000000003,0.0,37.2,3.0,7.0,-0.957232443323312,0.28931997761869527,10,Arizona,32.29724478016635,1036.8400000000001,1383.8400000000001,1043.1120203899827,1039.9712819213566,0.22071853250693133,0.64548382719191,0.17094024717351633
2024-10-18,26.1,17.2,0.0,28.772346040871142,21.65,0.0,32.2,3.0,7.0,-0.9521140536681102,0.3057430764672831,10,Arizona,28.772346040871142,681.21,1036.8400000000001,827.8478966956333,750.9582316667369,0.07384775170296425,0.29097378312069333,0.051233084542782206
2024-10-19,23.3,15.0,0.0,22.29416666666667,19.15,0.0,26.1,2.0,6.0,-0.9467139181463862,0.3220757010206104,10,Arizona,22.29416666666667,542.89,681.21,497.0298673611112,519.4540833333334,0.0,0.11225711761315545,0.027037637858763383
2024-10-20,27.8,15.0,0.0,26.138086013457787,21.4,0.0,23.3,1.0,5.0,-0.9410336347451197,0.3383130181923076,10,Arizona,26.138086013457787,772.84,542.89,683.1995404469176,726.6387911741265,0.0,0.07571835608307102,0.07271216928881145
2024-10-21,32.2,16.1,0.0,28.708634567352206,24.150000000000002,0.0,27.8,0.0,4.0,-0.9350748843515574,0.3544502230989869,10,Arizona,28.708634567352206,1036.8400000000001,772.84,824.18569872177,924.4180330687411,0.07119310697300858,0.1431964815354912,0.174319622717702
2024-10-22,35.0,16.7,0.0,31.46469992222223,25.85,0.0,32.2,1.0,4.0,-0.9288394302558068,0.3704825404820963,10,Arizona,31.46469992222223,1225.0,1036.8400000000001,990.0273411954917,1101.264497277778,0.18602916342592626,0.369221896206385,0.4215964562650493
2024-10-23,36.7,19.4,0.0,32.96992626505744,28.05,0.0,35.0,2.0,4.0,-0.9223291176290545,0.3864052261209853,10,Arizona,32.96992626505744,1346.89,1225.0,1087.0160379233243,1209.9962939276081,0.2487469277107266,0.6986981897485472,0.6977534651360751
2024-10-24,35.6,18.9,0.0,31.993099383378382,27.25,0.0,36.7,3.0,4.0,-0.9155458729775467,0.40221356823680365,10,Arizona,31.993099383378382,1267.3600000000001,1346.89,1023.5584081547262,1138.9543380482705,0.20804580764076594,1.0,0.7203037050796596
2024-10-25,36.1,18.3,0.0,31.727848904208194,27.200000000000003,0.0,35.6,3.0,4.0,-0.9084917035725082,0.41790288888678667,10,Arizona,31.727848904208194,1303.21,1267.3600000000001,1006.6563960882651,1145.375345441916,0.1969937043420081,0.9077815669265757,0.7673679738615926
2024-10-26,37.8,18.9,0.0,33.11231035733885,28.349999999999998,0.0,36.1,3.0,5.0,-0.9011686968561569,0.4334685453485363,10,Arizona,33.11231035733885,1428.8399999999997,1303.21,1096.4250972007296,1251.6453315074084,0.25467959822245206,0.8111158941225248,0.8040492076994004
2024-10-27,35.6,20.6,0.0,32.16015667700843,28.1,0.0,37.8,3.0,6.0,-0.8935790198239952,0.4489059314938798,10,Arizona,32.16015667700843,1267.3600000000001,1428.8399999999997,1034.27567748973,1144.9015777015002,0.2150065282086846,0.847851187257163,0.4444579331598374
2024-10-28,35.0,17.8,0.0,31.556654206572073,26.4,0.0,35.6,3.0,7.0,-0.8857249183835637,0.4642104791518923,10,Arizona,31.556654206572073,1225.0,1267.3600000000001,995.822424713163,1104.4828972300227,0.18986059194050306,0.5020380242385502,0.3131867687422454
2024-10-29,26.1,16.7,0.0,30.027559157457826,21.4,0.0,35.0,3.0,7.0,-0.8776087166898392,0.4793776594606945,10,Arizona,30.027559157457826,681.21,1225.0,901.6543089546294,783.7192940096493,0.12614829822740944,0.45610722441959906,0.0575711357425371
2024-10-30,25.0,12.8,0.0,23.266388888888887,18.9,0.0,26.1,2.0,6.0,-0.8692328164574792,0.49440298420761813,10,Arizona,23.266388888888887,625.0,681.21,541.3248519290123,581.6597222222222,0.0,0.11174713534546343,0.04231522729959368
2024-10-31,27.2,12.2,0.0,25.550277777777783,19.7,0.0,25.0,1.0,5.0,-0.8605996962501181,0.5092820071573356,10,Arizona,25.550277777777783,739.8399999999999,625.0,652.8166945216052,694.9675555555557,0.0,0.09504868042817843,0.07054652055922363
2024-11-01,27.2,13.3,0.0,25.627338244400875,20.25,0.0,27.2,0.0,4.0,-0.8517119107469189,0.5240103253675756,11,Arizona,25.627338244400875,739.8399999999999,739.8399999999999,656.7604654929318,697.0636002477038,0.0,0.13020349821241495,0.06830674345985586
2024-11-02,26.1,12.8,0.0,26.16722222222222,19.450000000000003,0.0,27.2,0.0,3.0,-0.8425720899866032,0.5385835804920232,11,Arizona,26.16722222222222,681.21,739.8399999999999,684.7235188271604,682.9645,0.0,0.170768670665394,0.0823516007485506
2024-11-03,22.8,14.4,0.0,23.475277777777777,18.6,0.0,26.1,0.0,2.0,-0.8331829385891785,0.5529974600700271,11,Arizona,23.475277777777777,519.84,681.21,551.088666743827,535.2363333333333,0.0,0.1905430593576389,0.05862031700976434
2024-11-04,22.8,11.1,0.0,21.494444444444444,16.95,0.0,22.8,0.0,1.0,-0.8235472349556007,0.5672476988027229,11,Arizona,21.494444444444444,519.84,519.84,462.0111419753086,490.0733333333333,0.0,0.16106707829352443,0.08821174972241762
2024-11-05,23.3,10.6,0.0,22.12444444444445,16.95,0.0,22.8,0.0,0.0,-0.8136678304455991,0.5813300798152042,11,Arizona,22.12444444444445,542.89,519.84,489.49104197530886,515.4995555555557,0.0,0.2102375013505043,0.13927381711115802
2024-11-06,21.7,10.0,0.0,21.50749999999999,15.85,0.0,23.3,0.0,0.0,-0.8035476485339116,0.5952404359043674,11,Arizona,21.50749999999999,470.89,542.89,462.57255624999954,466.71274999999974,0.0,0.2233756475144665,0.10633995528054206
2024-11-07,20.0,8.9,0.0,19.09305555555556,14.45,0.0,21.7,0.0,0.0,-0.7931896839451843,0.6089746507720486,11,Arizona,19.09305555555556,400.0,470.89,364.544770447531,381.8611111111112,0.0,0.18421921154736748,0.08088300384159122
2024-11-08,21.7,8.9,0.0,19.80138888888888,15.3,0.0,20.0,0.0,0.0,-0.7825970017677834,0.6225286602431057,11,Arizona,19.80138888888888,470.89,400.0,392.09500192901197,429.69013888888867,0.0,0.1517511644073298,0.1107272031080348
2024-11-09,23.9,8.9,0.0,23.240277777777774,16.4,0.0,21.7,0.0,0.0,-0.7717727365467836,0.6358984534680745,11,Arizona,23.240277777777774,571.2099999999999,470.89,540.1105111882714,555.4426388888887,0.0,0.18404777454713456,0.16835915899788118
2024-11-10,29.4,11.1,0.0,26.39544938224013,20.25,0.0,23.9,0.0,0.0,-0.7607200913564104,0.6490800741100398,11,Arizona,26.39544938224013,864.3599999999999,571.2099999999999,696.7197480904009,776.0262118378598,0.0,0.24018606041015114,0.4211793204823248
2024-11-11,28.9,12.8,0.0,26.11041730735641,20.85,0.0,29.4,0.0,0.0,-0.7494423368521954,0.6620696215153815,11,Arizona,26.11041730735641,835.2099999999999,864.3599999999999,681.7538919642972,754.5910601826002,0.0,0.4918860289862765,0.36253741512808707
2024-11-12,25.0,11.1,0.0,26.180277777777786,18.05,0.0,28.9,0.0,0.0,-0.7379428103031386,0.6748632518680403,11,Arizona,26.180277777777786,625.0,835.2099999999999,685.4069445216054,654.5069444444447,0.0,0.46016542716151265,0.20180740355343
2024-11-13,25.6,9.4,0.0,24.99916666666666,17.5,0.0,25.0,0.0,0.0,-0.7262249146041543,0.6874571793269664,11,Arizona,24.99916666666666,655.3600000000001,625.0,624.9583340277775,639.9786666666665,0.0,0.2756681715808366,0.22992220650175454
2024-11-14,28.9,11.7,0.0,26.697563711161838,20.299999999999997,0.0,25.6,0.0,0.0,-0.7142921172691032,0.699847677146407,11,Arizona,26.697563711161838,835.2099999999999,655.3600000000001,712.7599081115454,771.5595912525771,0.0,0.29766786008878243,0.39387854052834836
2024-11-15,23.9,10.6,0.0,25.911772165594254,17.25,0.0,28.9,0.0,0.0,-0.7021479494046978,0.7120310787787131,11,Arizona,25.911772165594254,571.2099999999999,835.2099999999999,671.4199367616651,619.2913547577026,0.0,0.45959311089054816,0.17046746145449582
2024-11-16,18.3,11.7,0.0,20.378611111111113,15.0,0.0,23.9,0.0,0.0,-0.6897960046655887,0.7240037789593305,11,Arizona,20.378611111111113,334.89000000000004,571.2099999999999,415.2877908179013,372.9285833333334,0.0,0.23951293615843838,0.06039138791484509
2024-11-17,21.7,7.8,0.0,20.995555555555555,14.75,0.0,18.3,0.0,0.0,-0.6772399381909491,0.7357622347736527,11,Arizona,20.995555555555555,470.89,334.89000000000004,440.81335308641974,455.60355555555554,0.0,0.12607498671376505,0.1230492114755416
2024-11-18,20.6,8.9,0.0,19.853611111111107,14.75,0.0,21.7,0.0,0.0,-0.6644834655228552,0.7473029667054296,11,Arizona,19.853611111111107,424.36000000000007,470.89,394.1658741512344,408.9843888888888,0.0,0.18324985955796882,0.0960785956904644
2024-11-19,21.7,8.9,0.0,20.391666666666673,15.3,0.0,20.6,0.0,0.0,-0.6515303615068021,0.75862255966641,11,Arizona,20.391666666666673,470.89,424.36000000000007,415.8200694444447,442.4991666666668,0.0,0.16138183100389333,0.11813923087370362
2024-11-20,26.7,9.4,0.0,24.36916666666666,18.05,0.0,21.7,0.0,0.0,-0.6383844591746642,0.7697176640069211,11,Arizona,24.36916666666666,712.89,470.89,593.8562840277775,650.6567499999999,0.0,0.1830679498690591,0.28750535038183145
2024-11-21,26.7,9.4,0.0,26.154166666666665,18.05,0.0,26.7,0.0,0.0,-0.6250496486104377,0.7805849965070866,11,Arizona,26.154166666666665,712.89,712.89,684.0404340277777,698.31625,0.0,0.34252398460905514,0.29207051921055227
2024-11-22,29.4,11.1,0.0,27.00095292812519,20.25,0.0,26.7,0.0,0.0,-0.6115298757991053,0.7912213413483807,11,Arizona,27.00095292812519,864.3599999999999,712.89,729.0514590268323,793.8280160868806,3.9705338549615256e-05,0.34236635760416384,0.4434176292209603
2024-11-23,26.7,10.6,0.0,25.97603791816387,18.65,0.0,29.4,0.0,0.0,-0.5978291414589552,0.801623551065242,11,Arizona,25.97603791816387,712.89,864.3599999999999,674.7545459258871,693.5602124149752,0.0,0.48944806057880025,0.2806282544231562
2024-11-24,25.6,10.6,0.0,24.434444444444445,18.1,0.0,26.7,0.0,0.0,-0.5839514998576998,0.8117885474764613,11,Arizona,24.434444444444445,655.3600000000001,712.89,597.042075308642,625.5217777777779,0.0,0.3420498502942948,0.230677246408149
2024-11-25,26.1,13.3,0.0,25.11666666666666,19.700000000000003,0.0,25.6,0.0,0.0,-0.5699010576127624,0.8217133225960589,11,Arizona,25.11666666666666,681.21,655.3600000000001,630.8469444444441,655.5449999999998,0.0,0.29613965318640556,0.24823473468400203
2024-11-26,26.1,12.8,0.0,24.486666666666665,19.450000000000003,0.0,26.1,0.0,0.0,-0.5556819724760489,0.8313949395234058,11,Arizona,24.486666666666665,681.21,681.21,599.5968444444443,639.102,0.0,0.31588639703231897,0.2454418928535993
2024-11-27,25.0,15.0,0.0,24.512777777777778,20.0,0.0,26.1,0.0,0.0,-0.5412984521036173,0.8408305333122887,11,Arizona,24.512777777777778,625.0,681.21,600.876274382716,612.8194444444445,0.0,0.31573700547051303,0.19890308686939956
2024-11-28,23.3,12.8,0.0,23.462222222222223,18.05,0.0,25.0,0.0,0.0,-0.5267547528105542,0.8500173118187018,11,Arizona,23.462222222222223,542.89,625.0,550.4758716049383,546.6697777777778,0.0,0.2737120971077118,0.1534671286038902
2024-11-29,23.9,11.1,0.0,23.357777777777773,17.5,0.0,23.3,0.0,0.0,-0.5120551783114646,0.8589525565270845,11,Arizona,23.357777777777773,571.2099999999999,542.89,545.5857827160492,558.2508888888888,0.0,0.2209209189915206,0.17789149716672434
2024-11-30,26.1,12.2,0.0,25.58944444444445,19.15,0.0,23.9,0.0,0.0,-0.4972040784469378,0.8676336233547726,11,Arizona,25.58944444444445,681.21,571.2099999999999,654.8196669753089,667.8845000000001,0.0,0.2378822522599331,0.2665066681549932
2024-12-01,26.1,10.6,0.0,25.05138888888889,18.35,0.0,26.1,0.0,0.0,-0.4822058478963526,0.8760579434344281,12,Arizona,25.05138888888889,681.21,681.21,627.5720852623458,653.8412500000001,0.0,0.3151380608533922,0.26440627089488
2024-12-02,27.2,11.1,0.0,26.180277777777786,19.15,0.0,26.1,0.0,0.0,-0.46706492487743034,0.8842230238742036,12,Arizona,26.180277777777786,739.8399999999999,681.21,685.4069445216054,712.1035555555558,0.0,0.3149882024980923,0.32492814075269766
2024-12-03,28.3,12.8,0.0,26.402567621954876,20.55,0.0,27.2,0.0,0.0,-0.451785789832884,0.8921264484954345,12,Arizona,26.402567621954876,800.89,739.8399999999999,697.0955770319,747.192663701323,0.0,0.36384882620113784,0.37540024470778527
2024-12-04,25.6,11.7,0.0,25.61555555555556,18.65,0.0,28.3,0.0,0.0,-0.4363729641045924,0.8997658785476209,12,Arizona,25.61555555555556,655.3600000000001,800.89,656.1566864197533,655.7582222222223,0.0,0.4208594454442156,0.24214694792867017
2024-12-05,25.6,11.1,0.0,24.460555555555555,18.35,0.0,25.6,0.0,0.0,-0.42083100859565564,0.9071390534005044,12,Arizona,24.460555555555555,655.3600000000001,655.3600000000001,598.3187780864197,626.1902222222222,0.0,0.29472209447539804,0.24294761245386615
2024-12-06,26.1,13.3,0.0,25.14277777777778,19.700000000000003,0.0,25.6,0.0,0.0,-0.4051645224207563,0.9142437912130223,12,Arizona,25.14277777777778,681.21,655.3600000000001,632.1592743827161,656.2265000000001,0.0,0.2945805539054306,0.2604994693466745
2024-12-07,25.6,12.8,0.0,25.129722222222217,19.200000000000003,0.0,26.1,0.0,0.0,-0.3893781415452015,0.9210779895789526,12,Arizona,25.129722222222217,655.3600000000001,681.21,631.5029389660491,643.3208888888888,0.0,0.3142403951553395,0.2420079797898425
2024-12-08,23.9,11.1,0.0,23.357777777777773,17.5,0.0,25.6,0.0,0.0,-0.37347653741307074,0.9276396261490467,12,Arizona,23.357777777777773,571.2099999999999,655.3600000000001,545.5857827160492,558.2508888888888,0.0,0.29429813454723897,0.1808252315588807
2024-12-09,23.3,10.0,0.0,22.701666666666668,16.65,0.0,23.9,0.0,0.0,-0.3574644155648614,0.9339267592294762,12,Arizona,22.701666666666668,542.89,571.2099999999999,515.3656694444445,528.9488333333334,0.0,0.23682441736180743,0.16770039060102634
2024-12-10,20.0,8.9,0.0,20.995555555555555,14.45,0.0,23.3,0.0,0.0,-0.34134651424503615,0.9399375283564133,12,Arizona,20.995555555555555,400.0,542.89,440.81335308641974,419.9111111111111,0.0,0.21971064742659857,0.09660859948234708
2024-12-11,21.7,6.1,0.0,20.221944444444453,13.899999999999999,0.0,20.0,0.0,0.0,-0.3251276029999093,0.9456701548465688,12,Arizona,20.221944444444453,470.89,400.0,408.9270371141979,438.81619444444465,0.0,0.14923328968474006,0.1381627611211921
2024-12-12,23.9,11.7,0.0,22.53194444444445,17.799999999999997,0.0,21.7,0.0,0.0,-0.30881248126625377,0.9511229423235357,12,Arizona,22.53194444444445,571.2099999999999,470.89,507.68852044753106,538.5134722222223,0.0,0.18103631590815358,0.18519791762368176
2024-12-13,20.6,8.9,0.0,21.376944444444444,14.75,0.0,23.9,0.0,0.0,-0.29240597695107734,0.9562942772197719,12,Arizona,21.376944444444444,424.36000000000007,571.2099999999999,456.9737537808642,440.36505555555556,0.0,0.2363600084340192,0.10799876252626814
2024-12-14,21.1,8.9,0.0,20.43083333333334,15.0,0.0,20.6,0.0,0.0,-0.27591294500296043,0.9611826292540837,12,Arizona,20.43083333333334,445.21000000000004,424.36000000000007,417.4189506944447,431.0905833333335,0.0,0.15932895397917474,0.12016022148915534
2024-12-15,22.8,7.2,0.0,21.546666666666663,15.0,0.0,21.1,0.0,0.0,-0.2593382659754056,0.9657865518844574,12,Arizona,21.546666666666663,519.84,445.21000000000004,464.2588444444443,491.26399999999995,0.0,0.16858797656151953,0.16632699787999405
2024-12-16,21.7,7.2,0.0,21.008611111111108,14.45,0.0,22.8,0.0,0.0,-0.2426868445825954,0.9701046827361175,12,Arizona,21.008611111111108,470.89,519.84,441.3617408179011,455.88686111111105,0.0,0.2060579464996091,0.13570989281429047
2024-12-17,22.2,7.2,0.0,21.008611111111108,14.7,0.0,21.7,0.0,0.0,-0.22596360824801906,0.974135744004672,12,Arizona,21.008611111111108,492.84,470.89,441.3617408179011,466.3911666666666,0.0,0.18058460523316858,0.1494888385567447
2024-12-18,28.3,7.8,0.0,26.25259387528676,18.05,0.0,22.2,0.0,0.0,-0.20917350564635637,0.9778785428342386,12,Arizona,26.25259387528676,800.89,492.84,689.1986851807438,742.9484066706153,0.0,0.19150337328756228,0.43840581783106836
2024-12-19,28.3,10.6,0.0,26.60759671219786,19.45,0.0,28.3,0.0,0.0,-0.19232150523909483,0.9813319716704275,12,Arizona,26.60759671219786,800.89,800.89,707.9642027989624,752.9949869551995,0.0,0.4180798567834305,0.4068128479853284
2024-12-20,28.3,11.1,0.0,26.761397287925245,19.7,0.0,28.3,0.0,0.0,-0.17541259380427843,0.9844950085880858,12,Arizona,26.761397287925245,800.89,800.89,716.1723848021727,757.3475432482844,0.0,0.4179002855098266,0.40709757498782434
2024-12-21,26.1,10.0,0.0,26.402567621954876,18.05,0.0,28.3,0.0,0.0,-0.15845177496083632,0.9873667175937016,12,Arizona,26.402567621954876,681.21,800.89,697.0955770319,689.1070149330224,0.0,0.4177217328535452,0.2931203113783129
2024-12-22,23.9,9.4,0.0,25.0775,16.65,0.0,26.1,0.0,0.0,-0.14144406768794202,0.9899462489023779,12,Arizona,25.0775,571.2099999999999,681.21,628.88100625,599.35225,0.0,0.31205764761300814,0.20360692735638763
2024-12-23,25.6,11.7,0.0,23.830555555555563,18.65,0.0,23.9,0.0,0.0,-0.12439450483979998,0.9922328391893008,12,Arizona,23.830555555555563,655.3600000000001,571.2099999999999,567.8953780864201,610.0622222222224,0.0,0.23523261419296293,0.25498746478884166
2024-12-24,25.6,10.0,0.0,24.460555555555555,17.8,0.0,25.6,0.0,0.0,-0.10730813165636247,0.9942258118156161,12,Arizona,24.460555555555555,655.3600000000001,655.3600000000001,598.3187780864197,626.1902222222222,0.0,0.2921078731757034,0.26307872750765987
2024-12-25,21.1,10.6,0.0,23.33166666666666,15.850000000000001,0.0,25.6,0.0,0.0,-0.09019000427034513,0.9959245770286599,12,Arizona,23.33166666666666,445.21000000000004,655.3600000000001,544.3666694444441,492.29816666666653,0.0,0.29197720990500364,0.12096994553320344
2024-12-26,18.3,9.4,0.0,19.30194444444444,13.850000000000001,0.0,21.1,0.0,0.0,-0.07304518821104743,0.9973286321364752,12,Arizona,19.30194444444444,334.89000000000004,445.21000000000004,372.5650593364196,353.2255833333333,0.0,0.16768409753156513,0.07656254792418615
2024-12-27,20.6,7.2,0.0,19.288888888888888,13.9,0.0,18.3,0.0,0.0,-0.05587875690537313,0.9984375616565666,12,Arizona,19.288888888888888,424.36000000000007,334.89000000000004,372.0612345679012,397.3511111111111,0.0,0.12351174412200838,0.11992525655351632
2024-12-28,21.1,7.2,0.0,20.443888888888893,14.15,0.0,20.6,0.0,0.0,-0.03869579017652689,0.9992510374388481,12,Arizona,20.443888888888893,445.21000000000004,424.36000000000007,417.9525929012347,431.36605555555565,0.0,0.1582414449907208,0.12907406105898112
2024-12-29,23.9,7.8,0.0,22.740833333333327,15.85,0.0,21.1,0.0,0.0,-0.021501372740813793,0.999768818762748,12,Arizona,22.740833333333327,571.2099999999999,445.21000000000004,517.1455006944442,543.5059166666665,0.0,0.1674492885052603,0.20969482838409492
2024-12-30,23.3,7.8,0.0,23.37083333333333,15.55,0.0,23.9,0.0,0.0,-0.004300592702981974,0.9999907524084426,12,Arizona,23.37083333333333,542.89,571.2099999999999,546.1958506944443,544.5404166666666,0.0,0.23448555787565825,0.18830053144537273
2024-12-31,22.8,8.3,0.0,21.59888888888888,15.55,0.0,23.3,0.0,0.0,0.012901459949419653,0.9999167727021953,12,Arizona,21.59888888888888,519.84,542.89,466.5120012345675,492.45466666666647,0.0,0.21753310799565762,0.16694341241072136
2025-01-01,22.2,7.2,0.0,21.55972222222222,14.7,0.0,22.8,0.0,0.0,0.017201575418260506,0.9998520419557735,1,Arizona,21.55972222222222,492.84,519.84,464.8216222993826,478.6258333333333,0.0,0.20458672381038137,0.15492676640824846
2025-01-02,25.0,8.3,0.0,23.804444444444453,16.65,0.0,22.2,0.0,0.0,0.03439806061360801,0.9994082116062598,1,Arizona,23.804444444444453,625.0,492.84,566.6515753086424,595.1111111111113,0.0,0.19022849417120238,0.2534327460470271
2025-01-03,27.2,10.0,0.0,25.56333333333334,18.6,0.0,25.0,0.0,0.0,0.051584366869408364,0.9986686402879997,1,Arizona,25.56333333333334,739.8399999999999,625.0,653.4840111111114,695.3226666666668,0.0,0.26923975654629245,0.35665211636371746
2025-01-04,22.8,8.3,0.0,24.42138888888889,15.55,0.0,27.2,0.0,0.0,0.06875540848113941,0.9976335468520451,1,Arizona,24.42138888888889,519.84,739.8399999999999,596.4042352623458,556.8076666666667,0.0,0.3588757376206678,0.17246059722415075
2025-01-05,21.7,7.2,0.0,20.365555555555563,14.45,0.0,22.8,0.0,0.0,0.08590610426133272,0.9963032375991965,1,Arizona,20.365555555555563,470.89,519.84,414.7558530864201,441.9325555555557,0.0,0.20423085065440436,0.1410640623831207
2025-01-06,22.2,7.2,0.0,20.94333333333334,14.7,0.0,21.7,0.0,0.0,0.10303137904317879,0.9946781061893646,1,Arizona,20.94333333333334,492.84,470.89,438.62321111111135,464.9420000000001,0.0,0.1789743948072004,0.15632121896218992
2025-01-07,20.6,8.3,0.0,20.326388888888893,14.450000000000001,0.0,22.2,0.0,0.0,0.1201261651823505,0.9927586335250793,1,Arizona,20.326388888888893,424.36000000000007,492.84,413.16208526234584,418.7236111111112,0.0,0.18981836461305335,0.11649009727229685
2025-01-08,20.0,10.6,0.0,18.658888888888896,15.3,0.0,20.6,0.0,0.0,0.13718540405660057,0.9905453876091833,1,Arizona,18.658888888888896,400.0,424.36000000000007,348.1541345679015,373.1777777777779,0.0,0.1575200175047056,0.10158000291011206
2025-01-09,18.3,6.1,0.0,17.451666666666668,12.2,0.0,20.0,0.0,0.0,0.1542040475626894,0.988039023376751,1,Arizona,17.451666666666668,334.89000000000004,400.0,304.5606694444445,319.36550000000005,0.0,0.1472420775355138,0.08371118349175721
2025-01-10,18.3,5.0,0.0,16.952777777777776,11.65,0.0,18.3,0.0,0.0,0.17117705961019986,0.985240282501282,1,Arizona,16.952777777777776,334.89000000000004,334.89000000000004,287.39667438271596,310.2358333333333,0.0,0.12277596313333027,0.08704184971411542
2025-01-11,17.8,4.4,0.0,16.939722222222223,11.100000000000001,0.0,18.3,0.0,0.0,0.18809941761179758,0.9821499931752291,1,Arizona,16.939722222222223,316.84000000000003,334.89000000000004,286.9541889660494,301.5270555555556,0.0,0.12272493125350101,0.08124293077325483
2025-01-12,18.3,2.8,0.0,16.92666666666667,10.55,0.0,17.8,0.0,0.0,0.20496611396949532,0.9787690698649216,1,Arizona,16.92666666666667,334.89000000000004,316.84000000000003,286.51204444444454,309.75800000000004,0.0,0.11660052510741728,0.09118208102394135
2025-01-13,16.7,2.8,0.0,15.771666666666667,9.75,0.0,18.3,0.0,0.0,0.22177215755648186,0.975098513039961,1,Arizona,15.771666666666667,278.89,334.89000000000004,248.74546944444444,263.3868333333333,0.0,0.12262500337277,0.07059528113789484
2025-01-14,18.9,2.8,0.0,17.46472222222222,10.85,0.0,16.7,0.0,0.0,0.23851257519407648,0.9711394088771653,1,Arizona,17.46472222222222,357.2099999999999,278.89,305.0165222993827,330.08324999999996,0.0,0.10463218884329488,0.10171380810057161
2025-01-15,22.2,4.4,0.0,21.62499999999999,13.3,0.0,18.9,0.0,0.0,0.2551824131233728,0.9668929289391521,1,Arizona,21.62499999999999,492.84,357.2099999999999,467.64062499999955,480.07499999999976,0.0,0.1304292247440057,0.1719595806401141
2025-01-16,24.4,11.7,0.0,23.383888888888887,18.049999999999997,0.0,22.2,0.0,0.0,0.2717767384711357,0.9623603298276545,1,Arizona,23.383888888888887,595.3599999999999,492.84,546.8062595679012,570.5668888888888,0.0,0.1891427989854226,0.2187308975270151
2025-01-17,20.0,9.4,0.0,22.241944444444453,14.7,0.0,24.4,0.0,0.0,0.2882906407095177,0.9575429528116719,1,Arizona,22.241944444444453,400.0,595.3599999999999,494.7040926697535,444.8388888888891,0.0,0.2480265184991028,0.10500774237501084
2025-01-18,19.4,5.6,0.0,18.107777777777773,12.5,0.0,20.0,0.0,0.0,0.3047192331091634,0.9524422234305676,1,Arizona,18.107777777777773,376.35999999999996,400.0,327.89161604938255,351.2908888888888,0.0,0.14672169870813834,0.10170627135959674
2025-01-19,19.4,5.6,0.0,17.516944444444448,12.5,0.0,19.4,0.0,0.0,0.321057654185271,0.9470596510722283,1,Arizona,17.516944444444448,376.35999999999996,376.35999999999996,306.8433426697532,339.82872222222227,0.0,0.13736953448009004,0.10219924456674565
2025-01-20,19.4,3.9,0.0,17.49083333333333,11.649999999999999,0.0,19.4,0.0,0.0,0.3373010691361842,0.9413968285264122,1,Arizona,17.49083333333333,376.35999999999996,376.35999999999996,305.92925069444436,339.3221666666666,0.0,0.13732030019028504,0.10531748201183416
2025-01-21,16.1,5.0,0.0,17.477777777777774,10.55,0.0,19.4,0.0,0.0,0.3534446712740877,0.9354554315134164,1,Arizona,17.477777777777774,259.21000000000004,376.35999999999996,305.4727160493826,281.3922222222222,0.0,0.1372719860459891,0.06051365933394274
2025-01-22,17.2,3.3,0.0,16.283611111111107,10.25,0.0,16.1,0.0,0.0,0.3694836834473831,0.9292372181882051,1,Arizona,16.283611111111107,295.84,259.21000000000004,265.1559908179011,280.078111111111,0.0,0.09862422524329785,0.0774633416037222
2025-01-23,18.3,2.8,0.0,16.92666666666667,10.55,0.0,17.2,0.0,0.0,0.38541335945432564,0.9227440286201427,1,Arizona,16.92666666666667,334.89000000000004,295.84,286.51204444444454,309.75800000000004,0.0,0.10942707728858966,0.0919609751762235
2025-01-24,20.6,6.1,0.0,19.86666666666666,13.350000000000001,0.0,18.3,0.0,0.0,0.4012289854475009,0.9159777842484877,1,Arizona,19.86666666666666,424.36000000000007,334.89000000000004,394.6844444444442,409.2533333333332,0.0,0.12213077914123362,0.12621657182580548
2025-01-25,21.1,8.3,0.0,19.24972222222222,14.700000000000001,0.0,20.6,0.0,0.0,0.4169258813287287,0.908940487313808,1,Arizona,19.24972222222222,445.21000000000004,424.36000000000007,370.551805632716,406.1691388888889,0.0,0.1565255826080978,0.12788002013040117
2025-01-26,21.7,6.1,0.0,21.03472222222223,13.899999999999999,0.0,21.1,0.0,0.0,0.4324994021339788,0.901634220265486,1,Arizona,21.03472222222223,470.89,445.21000000000004,442.45953896604965,456.45347222222233,0.0,0.1656669355731076,0.14895493304332225
2025-01-27,16.7,7.8,0.0,20.404722222222226,12.25,0.0,21.7,0.0,0.0,0.44794493940789115,0.8940611451454876,1,Arizona,20.404722222222226,278.89,470.89,416.3526889660495,340.7588611111112,0.0,0.17759720449503222,0.06236506958665948
2025-01-28,16.7,6.7,0.0,15.021388888888888,11.7,0.0,16.7,0.0,0.0,0.4632579225674917,0.88622350294858,1,Arizona,15.021388888888888,278.89,278.89,225.64212415123453,250.85719444444442,0.0,0.10411570772147771,0.06721959922968994
2025-01-29,15.0,7.2,0.3,14.82555555555555,11.1,1.0,16.7,0.0,0.0,0.4784338202547012,0.8781236129591848,1,Arizona,14.82555555555555,225.0,278.89,219.79709753086402,222.38333333333324,0.0,0.104084419223741,0.05246029202910342
2025-01-30,17.2,5.6,0.0,15.350555555555555,11.399999999999999,0.0,15.0,0.0,0.0,0.49346814167723735,0.8697638720650646,1,Arizona,15.350555555555555,295.84,225.0,235.63955586419752,264.02955555555553,0.0,0.08916641152969955,0.0752145881464633
2025-01-31,20.6,5.6,0.0,19.35416666666667,13.100000000000001,0.0,17.2,0.0,0.0,0.5083564379375122,0.8611467540480452,1,Arizona,19.35416666666667,424.36000000000007,295.84,374.5837673611113,398.69583333333344,0.0,0.10915541249428505,0.12731843573444332
2025-02-01,23.3,8.3,0.0,21.59888888888888,15.8,0.0,20.6,0.0,0.0,0.5230943033491326,0.8522748088519838,2,Arizona,21.59888888888888,542.89,424.36000000000007,466.5120012345675,503.2541111111109,0.0,0.15620525104201738,0.18775852205346932
2025-02-02,27.8,10.6,0.0,26.506733904017803,19.2,0.0,23.3,0.0,0.0,0.5376773767406141,0.8431506618282,2,Arizona,26.506733904017803,772.84,542.89,702.6069422584069,736.8872025316949,0.0,0.215051116096445,0.4056394857295272
2025-02-03,30.0,11.7,0.0,27.685917222915585,20.85,0.0,27.8,0.0,0.0,0.5521013427459208,0.8337770129585915,2,Arizona,27.685917222915585,900.0,772.84,766.5100124741338,830.5775166874676,0.028579884288149355,0.38504433138214206,0.5450138359723816
2025-02-04,30.0,13.3,0.0,27.947113327619444,21.65,0.0,30.0,0.0,0.0,0.5663619330814524,0.8241566360566663,2,Arizona,27.947113327619444,900.0,900.0,781.0411433468043,838.4133998285834,0.03946305531747685,0.516479250171979,0.5296094231301421
2025-02-05,27.2,12.2,0.0,27.57697936203664,19.7,0.0,30.0,0.0,0.0,0.580454927809098,0.8142923779467267,2,Arizona,27.57697936203664,739.8399999999999,900.0,760.4897907341947,750.0938386473965,0.024040806751526606,0.5163780557617228,0.3541322546631266
2025-02-06,26.7,11.7,0.0,25.58944444444445,19.2,0.0,27.2,0.0,0.0,0.5943761565849831,0.804187157621448,2,Arizona,25.58944444444445,712.89,739.8399999999999,654.8196669753089,683.2381666666668,0.0,0.3552345541016951,0.3155769607452511
2025-02-07,26.1,11.7,0.0,25.58944444444445,18.9,0.0,26.7,0.0,0.0,0.6081214998935418,0.7938439653781019,2,Arizona,25.58944444444445,681.21,712.89,654.8196669753089,667.8845000000001,0.0,0.33237919300110774,0.2881850588019764
2025-02-08,26.1,12.8,0.0,25.299444444444436,19.450000000000003,0.0,26.1,0.0,0.0,0.6216868902665479,0.7832658619336791,2,Arizona,25.299444444444436,681.21,681.21,640.0618891975305,660.3154999999998,0.0,0.30705875695779006,0.2817110983946133
2025-02-09,25.0,12.8,0.0,24.682499999999997,18.9,0.0,26.1,0.0,0.0,0.6350683134867438,0.7724559775191742,2,Arizona,24.682499999999997,625.0,681.21,609.2258062499999,617.0624999999999,0.0,0.3069999176629501,0.23142830606761639
2025-02-10,26.1,12.2,0.0,25.103611111111107,19.15,0.0,25.0,0.0,0.0,0.6482618097757122,0.7614175109532997,2,Arizona,25.103611111111107,681.21,625.0,630.1912908179011,655.2042499999999,0.0,0.2660474514584072,0.2843721861127676
2025-02-11,21.7,11.1,0.0,23.79138888888889,16.4,0.0,26.1,0.0,0.0,0.6612634749656386,0.7501537286959042,2,Arizona,23.79138888888889,470.89,681.21,566.0301852623456,516.2731388888889,0.0,0.3068892421541222,0.13408051142689326
2025-02-12,17.2,11.7,0.0,18.60666666666667,14.45,0.0,21.7,0.0,0.0,0.6740694616546161,0.7386679638813748,2,Arizona,18.60666666666667,295.84,470.89,346.2080444444445,320.0346666666667,0.0,0.17691621628712073,0.06065267896967019
2025-02-13,22.2,9.4,0.0,20.522222222222222,15.8,0.0,17.2,0.0,0.0,0.6866759803451553,0.726963615332308,2,Arizona,20.522222222222222,492.84,295.84,421.1616049382716,455.5933333333333,0.0,0.10883168525460031,0.15300537990702814
2025-02-14,22.2,13.9,0.5,21.230555555555558,18.05,1.0,22.2,0.0,0.0,0.6990793005655562,0.7150441465537444,2,Arizona,21.230555555555558,492.84,492.84,450.73648919753094,471.3183333333334,0.0,0.1876639274220601,0.1396921007199825
2025-02-15,22.2,9.4,0.0,21.15222222222222,15.8,0.0,22.2,0.0,0.0,0.7112757519738152,0.7029130847082615,2,Arizona,21.15222222222222,492.84,492.84,447.41650493827154,469.5793333333333,0.0,0.18763483761176794,0.14615317549881598
2025-02-16,23.9,10.0,0.0,22.662499999999994,16.95,0.0,22.2,0.0,0.0,0.7232617254437388,0.6905740195722293,2,Arizona,22.662499999999994,571.2099999999999,492.84,513.5889062499997,541.6337499999998,0.0,0.18760732073973466,0.19631214553394702
2025-02-17,25.0,11.1,0.0,23.292500000000004,18.05,0.0,23.9,0.0,0.0,0.7350336741329413,0.6780306024735382,2,Arizona,23.292500000000004,625.0,571.2099999999999,542.5405562500002,582.3125000000001,0.0,0.23106786312780347,0.22938131213076354
2025-02-18,25.6,10.6,0.0,24.473611111111115,18.1,0.0,25.0,0.0,0.0,0.746588114532413,0.6652865452111116,2,Arizona,24.473611111111115,655.3600000000001,625.0,598.9576408179014,626.5244444444446,0.0,0.2657226962106423,0.2593410982603752
2025-02-19,26.1,11.1,0.0,25.58944444444445,18.6,0.0,25.6,0.0,0.0,0.7579216274973472,0.6523456189565257,2,Arizona,25.58944444444445,681.21,655.3600000000001,654.8196669753089,667.8845000000001,0.0,0.2871494659654109,0.2857660406839242
2025-02-20,26.1,10.6,0.0,25.064444444444437,18.35,0.0,26.1,0.0,0.0,0.7690308592589181,0.6392116531380588,2,Arizona,25.064444444444437,681.21,681.21,628.2263753086415,654.1819999999998,0.0,0.30650952474368287,0.2811854373550112
2025-02-21,25.6,10.6,0.0,24.434444444444445,18.1,0.0,26.1,0.0,0.0,0.7799125224167177,0.6258885343075018,2,Arizona,24.434444444444445,655.3600000000001,681.21,597.042075308642,625.5217777777779,0.0,0.30647952222350805,0.2541521454330992
2025-02-22,26.7,10.6,0.0,25.05138888888889,18.65,0.0,25.6,0.0,0.0,0.7905633969115482,0.612380204990065,2,Arizona,25.05138888888889,712.89,655.3600000000001,627.5720852623458,668.8720833333333,0.0,0.28706426699883714,0.30827715411351075
2025-02-23,27.8,11.1,0.0,25.76533034596799,19.45,0.0,26.7,0.0,0.0,0.8009803309782905,0.5986906625177214,2,Arizona,25.76533034596799,772.84,712.89,663.852247836859,716.2761836179101,0.0,0.33163956735885447,0.3655029354673491
2025-02-24,30.0,11.7,0.0,27.780700177461124,20.85,0.0,27.8,0.0,0.0,0.8111602420785621,0.5848239578463322,2,Arizona,27.780700177461124,900.0,772.84,771.7673023499885,833.4210053238337,0.032529174060880184,0.38386521559670395,0.5252596955896657
2025-02-25,32.2,13.9,0.0,29.28525801938051,23.05,0.0,30.0,0.0,0.0,0.8211001178128892,0.5707841943569036,2,Arizona,29.28525801938051,1036.8400000000001,900.0,857.6263372616905,942.9853082240525,0.0952190841408546,0.5150904416947291,0.6984239663614502
2025-02-26,31.7,15.0,0.0,28.90615223644336,23.35,0.0,32.2,1.0,1.0,0.8307970168121247,0.5565755266413303,2,Arizona,28.90615223644336,1004.89,1036.8400000000001,835.5656371164396,916.3250258952545,0.07942300985180673,0.6887412924634976,0.6299716665257851
2025-02-27,28.9,13.9,0.0,29.39487488070584,21.4,0.0,31.7,1.0,1.0,0.8402480696078469,0.5422021592729844,2,Arizona,29.39487488070584,835.2099999999999,1004.89,864.0586692523511,849.5118840523987,0.09978645336274328,0.6459680082311795,0.44684438984666314
2025-02-28,27.8,12.8,0.0,26.49263152332448,20.3,0.0,28.9,1.0,1.0,0.8494504794814806,0.527668345562516,2,Arizona,26.49263152332448,772.84,835.2099999999999,701.859525030646,736.4951563484206,0.0,0.4462367496935137,0.35226448732983645
2025-03-01,29.4,14.4,0.0,27.299166898337837,21.9,0.0,27.8,0.0,1.0,0.8584015232918917,0.512978386299228,3,Arizona,27.299166898337837,864.3599999999999,772.84,745.2445133433043,802.5955068111324,0.01246528743074323,0.30021877611579223,0.34176647339813016
2025-03-02,26.7,12.8,0.0,25.693888888888896,19.75,0.0,29.4,0.0,1.0,0.8670985522812081,0.4981366284784055,3,Arizona,25.693888888888896,712.89,864.3599999999999,660.1759262345682,686.0268333333335,0.0,0.3761677226951728,0.2090721392863165
2025-03-03,19.4,11.1,0.0,25.667777777777783,15.25,0.0,26.7,0.0,1.0,0.8755389928586302,0.4831474640149687,3,Arizona,25.667777777777783,376.35999999999996,712.89,658.834816049383,497.95488888888895,0.0,0.25766960081161305,0.062435531960450125
2025-03-04,22.8,9.4,0.0,20.456944444444446,16.1,0.0,19.4,0.0,1.0,0.8837203473619977,0.4680153284438345,3,Arizona,20.456944444444446,519.84,376.35999999999996,418.4865760030865,466.41833333333335,0.0,0.10337599528303691,0.11004620628483225
2025-03-05,24.4,10.6,0.0,23.34472222222222,17.5,0.0,22.8,0.0,0.0,0.8916401947968874,0.45274469960737107,3,Arizona,23.34472222222222,595.3599999999999,519.84,544.976055632716,569.6112222222222,0.0,0.20146251245788152,0.20081295591678916
2025-03-06,22.2,16.7,0.0,22.71472222222222,19.45,0.0,24.4,0.0,0.0,0.8992961915530253,0.4373400963303323,3,Arizona,22.71472222222222,492.84,595.3599999999999,515.958605632716,504.2668333333333,0.0,0.24588144307568613,0.12110069516389031
2025-03-07,16.7,8.3,9.9,19.91888888888888,12.5,1.0,22.2,0.0,0.0,0.9066860720977985,0.4218060770826634,3,Arizona,19.91888888888888,278.89,492.84,396.7621345679009,332.64544444444425,0.0,0.18739073047481253,0.056299553266754614
2025-03-08,20.0,8.3,0.0,18.81555555555555,14.15,0.0,16.7,0.0,0.0,0.9138076496466615,0.4061472386305789,3,Arizona,18.81555555555555,400.0,278.89,354.02513086419737,376.311111111111,0.0,0.10354267296110244,0.09864865229732608
2025-03-09,25.6,10.0,0.0,24.486666666666665,17.8,0.0,20.0,0.0,0.0,0.9206588168102428,0.3903682146763026,3,Arizona,24.486666666666665,655.3600000000001,400.0,599.5968444444443,626.8586666666666,0.0,0.1454508232932563,0.2563783230555495
2025-03-10,30.0,11.7,0.0,27.324429869697802,20.85,0.0,25.6,0.0,0.0,0.9272375462179537,0.374473674486883,3,Arizona,27.324429869697802,900.0,655.3600000000001,746.6244677040335,819.7328960909341,0.01351791123740842,0.28696954472034625,0.5032237143060826
2025-03-11,27.2,13.3,3.0,27.324429869697802,20.25,1.0,30.0,0.0,0.0,0.9335418911179212,0.35846832151248087,3,Arizona,27.324429869697802,739.8399999999999,900.0,746.6244677040335,743.2244924557803,0.01351791123740842,0.5150647163864974,0.3201828390475863
2025-03-12,23.9,13.9,1.8,24.512777777777778,18.9,1.0,27.2,0.0,0.0,0.9395699859530622,0.342356891994542,3,Arizona,24.512777777777778,571.2099999999999,739.8399999999999,600.876274382716,585.8553888888889,0.0,0.3543351196022135,0.17235257641651822
2025-03-13,23.9,10.6,4.1,22.307222222222226,17.25,1.0,23.9,0.0,0.0,0.945320046913132,0.3261441535642696,3,Arizona,22.307222222222226,571.2099999999999,571.2099999999999,497.6121632716051,533.1426111111111,0.0,0.23090345651844987,0.17712716643293464
2025-03-14,14.4,7.8,0.3,13.145000000000001,11.1,1.0,23.9,0.0,0.0,0.9507903724625832,0.3098349038318025,3,Arizona,13.145000000000001,207.36,571.2099999999999,172.79102500000005,189.288,0.0,0.23092119568433458,0.03870605498197773
2025-03-15,20.0,8.3,2.3,18.303611111111113,14.15,1.0,14.4,0.0,0.0,0.9559793438440766,0.2934339689665273,3,Arizona,18.303611111111113,400.0,207.36,335.0221797067902,366.07222222222225,0.0,0.0843508394986694,0.10019193397521815
2025-03-16,23.9,10.0,0.0,22.753888888888884,16.95,0.0,20.0,0.0,0.0,0.9608854255574977,0.27694620226893646,3,Arizona,22.753888888888884,571.2099999999999,400.0,517.739459567901,543.8179444444443,0.0,0.14552351183664577,0.18001528914872186
2025-03-17,27.8,13.3,0.0,26.323888888888895,20.55,0.0,23.9,0.0,0.0,0.9655071658143364,0.2603764827344581,3,Arizona,26.323888888888895,772.84,571.2099999999999,692.9471262345683,731.8041111111113,0.0,0.2309861026258592,0.3399243869502496
2025-03-18,22.8,13.9,0.0,26.31083333333333,18.35,0.0,27.8,0.0,0.0,0.969843196967294,0.24372971360968387,3,Arizona,26.31083333333333,519.84,772.84,692.2599506944443,599.887,0.0,0.38403104820536343,0.1422235918375367
2025-03-19,22.8,11.7,0.0,22.17666666666667,17.25,0.0,22.8,0.0,0.0,0.9738922359149924,0.22701082094141847,3,Arizona,22.17666666666667,519.84,519.84,491.80454444444456,505.6280000000001,0.0,0.20164576052975,0.13773130264651606
2025-03-20,27.2,10.6,0.0,26.297777777777785,18.9,0.0,22.8,0.0,0.0,0.9776530844816641,0.2102247521189836,3,Arizona,26.297777777777785,739.8399999999999,519.84,691.5731160493831,715.2995555555557,0.0,0.2016717799490279,0.32109156279072465
2025-03-21,28.9,12.8,0.0,26.889711213057822,20.85,0.0,27.2,0.0,0.0,0.981124629771712,0.19337647441020586,3,Arizona,26.889711213057822,835.2099999999999,739.8399999999999,723.0565691216476,777.1126540573711,0.0,0.3546393868538386,0.3939364129223671
2025-03-22,30.0,13.9,0.0,28.18643024444445,21.95,0.0,28.9,0.0,0.0,0.984305844499033,0.17647097349152166,3,Arizona,28.18643024444445,900.0,835.2099999999999,794.4748499249328,845.5929073333334,0.04943459351851868,0.44513229305942686,0.46889664995432934
2025-03-23,31.7,16.1,0.0,28.18643024444445,23.9,0.0,30.0,0.0,0.0,0.9871957872910085,0.15951325197263655,3,Arizona,28.18643024444445,1004.89,900.0,794.4748499249328,893.509838748889,0.04943459351851868,0.5156228196696013,0.5680197016136643
2025-03-24,35.6,18.3,0.0,32.82951854444448,26.950000000000003,0.0,31.7,0.0,0.0,0.9897936029670716,0.14250832791617088,3,Arizona,32.82951854444448,1267.3600000000001,1004.89,1077.7772878600242,1168.7308601822235,0.24289660601852012,0.6446934483835195,0.9817437776364025
2025-03-25,37.2,18.9,0.0,34.862134105235555,28.05,0.0,35.6,1.0,1.0,0.992098522791769,0.12546123335273648,3,Arizona,34.862134105235555,1383.8400000000001,1267.3600000000001,1215.368394371428,1296.8713887147628,0.32758892105148146,1.0,1.0
2025-03-26,35.6,21.1,0.0,34.16242559307558,28.35,0.0,37.2,2.0,2.0,0.9941098647022418,0.10837701279187609,3,Arizona,34.16242559307558,1267.3600000000001,1383.8400000000001,1167.0713224024255,1216.1823511134908,0.2984343997114826,1.0,0.9723606769283853
2025-03-27,33.9,18.3,0.0,31.771905461075605,26.1,0.0,35.6,3.0,3.0,0.9958270335100595,0.09126072172931188,3,Arizona,31.771905461075605,1149.2099999999998,1267.3600000000001,1009.4539766275258,1077.067595130463,0.19882939421148352,1.0,0.7807894695361519
2025-03-28,28.9,18.3,0.0,30.62428980620445,23.6,0.0,33.9,3.0,4.0,0.9972495210773451,0.07411742515094437,3,Arizona,30.62428980620445,835.2099999999999,1149.2099999999998,937.8471261343979,885.0419753993086,0.1510120752585188,0.7107085946751218,0.28856210129358223
2025-03-29,27.8,17.2,0.0,26.540786549457824,22.5,0.0,28.9,2.0,4.0,0.998376906467142,0.056952196034039754,3,Arizona,26.540786549457824,772.84,835.2099999999999,704.4133506638814,737.8338660749275,0.0,0.2758602386204717,0.1530525486914368
2025-03-30,28.9,15.6,0.0,27.324429869697802,22.25,0.0,27.8,1.0,4.0,0.9992088560679753,0.03977011384605572,3,Arizona,27.324429869697802,835.2099999999999,772.84,746.6244677040335,789.6760232342665,0.01351791123740842,0.1797109366588501,0.14236391659402617
2025-03-31,27.8,17.2,0.0,26.889711213057822,22.5,0.0,28.9,0.0,4.0,0.9997451236925734,0.022576263041545485,3,Arizona,26.889711213057822,772.84,835.2099999999999,723.0565691216476,747.5339717230074,0.0,0.16184175693705996,0.07735107244538465
2025-04-01,23.9,17.2,0.0,26.40222222222222,20.549999999999997,0.0,27.8,0.0,3.0,0.9999855506507186,0.005375731557583884,4,Arizona,26.40222222222222,571.2099999999999,772.84,697.0773382716048,631.013111111111,0.0,0.1790530843306009,0.052960780329155056
2025-04-02,20.0,13.3,0.0,21.546666666666663,16.65,0.0,23.9,0.0,2.0,0.9999300657962057,-0.011826390691832589,4,Arizona,21.546666666666663,400.0,571.2099999999999,464.2588444444443,430.9333333333333,0.0,0.13564230623815188,0.03679363130192652
2025-04-03,21.1,11.1,0.0,19.288888888888888,16.1,0.0,20.0,0.0,1.0,0.9995786855478958,-0.029025013321975237,4,Arizona,19.288888888888888,445.21000000000004,400.0,372.0612345679012,406.99555555555554,0.0,0.11093025041375473,0.06659095951225946
2025-04-04,22.2,12.2,0.0,21.06083333333334,17.2,0.0,21.1,0.0,0.0,0.9989315138848577,-0.046215046983708354,4,Arizona,21.06083333333334,492.84,445.21000000000004,443.55870069444467,467.5505000000001,0.0,0.16533872580574957,0.11221517337201432
2025-04-05,26.1,12.2,0.0,24.499722222222225,19.15,0.0,22.2,0.0,0.0,0.9979887423155984,-0.06339140486951038,4,Arizona,24.499722222222225,681.21,492.84,600.2363889660495,639.44275,0.0,0.18818192895607352,0.2292831587578258
2025-04-06,27.2,14.4,0.0,26.297777777777785,20.8,0.0,26.1,0.0,0.0,0.9967506498213929,-0.08054900421874167,4,Arizona,26.297777777777785,739.8399999999999,681.21,691.5731160493831,715.2995555555557,0.0,0.30761264471438116,0.2692170570731954
2025-04-07,31.1,14.4,0.0,28.18643024444445,22.75,0.0,27.2,0.0,0.0,0.9952176027737294,-0.09768276782171598,4,Arizona,28.18643024444445,967.21,739.8399999999999,794.4748499249328,876.5979806022224,0.04943459351851868,0.3558069178671382,0.5127357711275484
2025-04-08,34.4,17.2,0.0,30.113121309635556,25.799999999999997,0.0,31.1,0.0,0.0,0.9933900548258936,-0.11478762552212701,4,Arizona,30.113121309635556,1183.36,967.21,906.800075008827,1035.891373051463,0.12971338790148149,0.597915630040073,0.7766434833965932
2025-04-09,36.7,17.8,0.0,34.02775623938448,27.25,0.0,34.4,1.0,1.0,0.9912685467787256,-0.13185851571739118,4,Arizona,34.02775623938448,1346.89,1183.36,1157.8881946869694,1248.8186539854105,0.29282317664102003,0.9037505969961371,1.0
2025-04-10,37.8,20.0,0.0,36.00496849820448,28.9,0.0,36.7,2.0,2.0,0.9888537064205885,-0.1488903868564548,4,Arizona,36.00496849820448,1428.8399999999997,1346.89,1296.3577565566968,1360.9878092321292,0.37520702075851986,1.0,1.0
2025-04-11,39.4,20.6,0.0,36.00496849820448,30.0,0.0,37.8,3.0,3.0,0.986146248341595,-0.16587819893463143,4,Arizona,36.00496849820448,1552.36,1428.8399999999997,1296.3577565566968,1418.5957588292563,0.37520702075851986,1.0,1.0
2025-04-12,37.2,20.0,0.0,35.46085647363555,28.6,0.0,39.4,3.0,4.0,0.9831469737221499,-0.1828169249850199,4,Arizona,35.46085647363555,1383.8400000000001,1552.36,1257.4723418437804,1319.1438608192427,0.3525356864014813,1.0,0.9608004391438726
2025-04-13,34.4,20.6,0.0,34.02775623938448,27.5,0.0,37.2,3.0,5.0,0.9798567700958665,-0.1997015525660636,4,Arizona,34.02775623938448,1183.36,1383.8400000000001,1157.8881946869694,1170.554814634826,0.29282317664102003,0.9084364552992013,0.5344981391406509
2025-04-14,33.9,20.6,0.0,31.626257597697798,27.25,0.0,34.4,3.0,6.0,0.9762766110869321,-0.21652708524481437,4,Arizona,31.626257597697798,1149.2099999999998,1183.36,1000.2201696359376,1072.1301325619554,0.19276073323740825,0.5036942704349381,0.33645241628743666
2025-04-15,34.4,19.4,0.0,30.888594636035553,26.9,0.0,33.9,3.0,7.0,0.9724075561219968,-0.23328854407545518,4,Arizona,30.888594636035553,1183.36,1149.2099999999998,954.1052785893243,1062.567655479623,0.16202477650148137,0.36877946599885786,0.264675659298175
2025-04-16,35.0,18.9,0.0,31.31947334335113,26.95,0.0,34.4,3.0,7.0,0.9682507501166718,-0.2499809690726521,4,Arizona,31.31947334335113,1225.0,1183.36,980.9094105048821,1096.1815670172896,0.1799780559729638,0.4002257431991658,0.3002466828565133
2025-04-17,27.8,17.8,0.0,31.695029733384484,22.8,0.0,35.0,3.0,7.0,0.9638074231367307,-0.26659942067929354,4,Arizona,31.695029733384484,772.84,1225.0,1004.5749098001265,881.1218265880887,0.19562623889102015,0.4412653895723889,0.08239243230811012
2025-04-18,26.1,11.7,3.8,25.720000000000013,18.9,1.0,27.8,2.0,6.0,0.9590788900341131,-0.28313898122818354,4,Arizona,25.720000000000013,681.21,772.84,661.5184000000007,671.2920000000004,0.0,0.13845819230444684,0.05502963509902357
2025-04-19,23.9,12.2,0.0,23.462222222222223,18.049999999999997,0.0,26.1,1.0,5.0,0.9540665500578387,-0.2995947563972602,4,Arizona,23.462222222222223,571.2099999999999,681.21,550.4758716049383,560.747111111111,0.0,0.10706301975616528,0.03320249229099947
2025-04-20,28.9,14.4,0.0,27.324429869697802,21.65,0.0,23.9,0.0,4.0,0.9487718864399473,-0.31596187665790293,4,Arizona,27.324429869697802,835.2099999999999,571.2099999999999,746.6244677040335,789.6760232342665,0.01351791123740842,0.07826291629848262,0.09443368612251811
2025-04-21,32.8,17.2,0.0,29.58403550105782,25.0,0.0,28.9,0.0,3.0,0.9431964659565866,-0.33223549871590435,4,Arizona,29.58403550105782,1075.84,835.2099999999999,875.2151565278493,970.3563644346964,0.10766814587740914,0.2126405739137687,0.26793623052674986
2025-04-22,35.0,17.8,0.0,32.202803711484435,26.4,0.0,32.8,1.0,3.0,0.9373419384643772,-0.3484108069446808,4,Arizona,32.202803711484435,1225.0,1075.84,1037.0205668803958,1127.0981299019552,0.21678348797851812,0.49340930075736206,0.5456253787974417
2025-04-23,32.8,18.9,0.0,31.167693901235605,25.849999999999998,0.0,35.0,2.0,3.0,0.9312100364121947,-0.3644830148102912,4,Arizona,31.167693901235605,1075.84,1225.0,971.4251431211192,1022.3003599605278,0.17365391255148355,0.8208754052892767,0.4700059374145201
2025-04-24,33.3,18.3,0.0,31.103087018904528,25.799999999999997,0.0,32.8,3.0,3.0,0.9248025743285089,-0.38044736628785164,4,Arizona,31.103087018904528,1108.8899999999999,1075.84,967.4020221055474,1035.7327977295206,0.170961959121022,0.7526878442306955,0.650532540194385
2025-04-25,34.4,18.9,0.0,31.771905461075605,26.65,0.0,33.3,3.0,4.0,0.9181214482844364,-0.39629913726891813,4,Arizona,31.771905461075605,1183.36,1108.8899999999999,1009.4539766275258,1092.9535478610007,0.19882939421148352,0.6603904278016861,0.6055556703129839
2025-04-26,30.0,18.3,0.0,31.103087018904528,24.15,0.0,34.4,3.0,5.0,0.9111686353326631,-0.41203363695942635,4,Arizona,31.103087018904528,900.0,1183.36,967.4020221055474,933.0926105671358,0.170961959121022,0.6267376217199778,0.220804388400248
2025-04-27,26.7,16.7,0.0,26.56073681420451,21.7,0.0,30.0,2.0,5.0,0.9039461929224011,-0.42764620926777464,4,Arizona,26.56073681420451,712.89,900.0,705.4727401134388,709.1716729392604,0.0,0.25433328014777984,0.07398354591962669
2025-04-28,27.8,15.0,0.0,26.138086013457787,21.4,0.0,26.7,1.0,5.0,0.8964562582905575,-0.44313223418263453,4,Arizona,26.138086013457787,772.84,712.89,683.1995404469176,726.6387911741265,0.0,0.1173412306027245,0.06652617790525786
2025-04-29,31.1,17.2,0.0,28.18643024444445,24.15,0.0,27.8,0.0,4.0,0.8887010478292915,-0.45848712914008766,4,Arizona,28.18643024444445,967.21,772.84,794.4748499249328,876.5979806022224,0.04943459351851868,0.13789677226247032,0.12786319486330874
2025-04-30,32.8,17.8,0.0,30.62428980620445,25.299999999999997,0.0,31.1,0.0,3.0,0.8806828564301475,-0.47370635037968,4,Arizona,30.62428980620445,1075.84,967.21,937.8471261343979,1004.476705643506,0.1510120752585188,0.2997247638931716,0.2610059786337972
2025-05-01,34.4,20.0,0.0,32.202803711484435,27.2,0.0,32.8,1.0,3.0,0.8724040568049612,-0.48878539428899265,5,Arizona,32.202803711484435,1183.36,1075.84,1037.0205668803958,1107.7764476750644,0.21678348797851812,0.49491609909690026,0.4659548032747659
2025-05-02,34.4,21.7,0.0,31.771905461075605,28.049999999999997,0.0,34.4,2.0,3.0,0.8638670987837349,-0.503719798736334,5,Arizona,31.771905461075605,1183.36,1183.36,1009.4539766275258,1092.9535478610007,0.19882939421148352,0.762521564301638,0.5641207973255773
2025-05-03,36.1,21.1,0.0,34.02775623938448,28.6,0.0,34.4,3.0,3.0,0.8550745085896932,-0.518505144391157,5,Arizona,34.02775623938448,1303.21,1183.36,1157.8881946869694,1228.40200024178,0.29282317664102003,0.913508398554997,0.9219865130788848
2025-05-04,28.3,18.3,0.0,32.932775255555576,23.3,0.0,36.1,3.0,4.0,0.8460288880917339,-0.533137056031809,5,Arizona,32.932775255555576,800.89,1303.21,1084.5676860329336,931.9975397322228,0.24719896898148233,0.9434055035587533,0.23534888616423288
2025-05-05,23.3,15.0,0.0,23.436111111111114,19.15,0.0,28.3,2.0,4.0,0.8367329140344921,-0.5476112038402312,5,Arizona,23.436111111111114,542.89,800.89,549.2513040123458,546.0613888888889,0.0,0.25568407983848307,0.050954325341503584
2025-05-06,25.0,16.7,0.0,23.028055555555557,20.85,0.0,23.3,1.0,4.0,0.8271893372462497,-0.5619233046832195,5,Arizona,23.028055555555557,625.0,542.89,530.2913426697531,575.7013888888889,0.0,0.09668419094963265,0.048697630176070344
2025-05-07,30.0,18.3,0.0,27.943133147715557,24.15,0.0,25.0,0.0,4.0,0.8174009818249189,-0.5760691233798758,5,Arizona,27.943133147715557,900.0,625.0,780.8186901109599,838.2939944314667,0.03929721448814819,0.09177990309569962,0.09883429868824838
2025-05-08,35.0,18.9,0.0,32.82951854444448,26.95,0.0,30.0,0.0,3.0,0.8073707443023492,-0.5900444739548627,5,Arizona,32.82951854444448,1225.0,900.0,1077.7772878600242,1149.0331490555568,0.24289660601852012,0.25348686791069563,0.40575934273147174
2025-05-09,40.0,22.8,0.0,38.53635258567115,31.4,0.0,35.0,1.0,3.0,0.7971015927871943,-0.6038452208771035,5,Arizona,38.53635258567115,1600.0,1225.0,1485.0504706071638,1541.4541034268461,0.48068135773629805,0.6803890458840209,1.0
2025-05-10,39.4,25.6,0.0,37.85289387477112,32.5,0.0,40.0,2.0,3.0,0.7865965660866021,-0.6174672802835514,5,Arizona,37.85289387477112,1552.36,1600.0,1432.8415746946848,1491.404018665982,0.4522039114487966,1.0,1.0
2025-05-11,40.0,25.0,0.0,38.0049626274845,32.5,0.0,39.4,3.0,3.0,0.7758587728069828,-0.6309066211876704,5,Arizona,38.0049626274845,1600.0,1552.36,1444.3771843164936,1520.19850509938,0.4585401094785209,1.0,1.0
2025-05-12,38.3,26.7,0.0,37.365476079384464,32.5,0.0,40.0,3.0,4.0,0.7648913904341225,-0.6441592666722685,5,Arizona,37.365476079384464,1466.8899999999999,1600.0,1396.1788026390527,1431.0977338404248,0.43189483664101935,1.0,0.9926210009670351
2025-05-13,32.2,23.9,0.0,35.129839901457785,28.05,0.0,38.3,3.0,5.0,0.753697664392914,-0.6572212950663319,5,Arizona,35.129839901457785,1036.8400000000001,1466.8899999999999,1234.1056515020555,1131.1808448269408,0.33874332922740774,1.0,0.3307097035055139
2025-05-14,28.9,18.9,0.0,28.650974284497806,23.9,0.0,32.2,3.0,6.0,0.742280907086982,-0.6700888411055113,5,Arizona,28.650974284497806,835.2099999999999,1036.8400000000001,820.8783274509545,828.0131568219865,0.0687905951874086,0.3620752386786264,0.10326010453140412
2025-05-15,31.7,18.3,0.0,28.23455198796191,25.0,0.0,28.9,2.0,6.0,0.7306444969184916,-0.6827580970759147,5,Arizona,28.23455198796191,1004.89,835.2099999999999,797.1899259609239,895.0352980183926,0.05143966616507963,0.16596906486851137,0.12581373284586292
2025-05-16,34.4,19.4,0.0,30.24187609208936,26.9,0.0,31.7,1.0,5.0,0.7187918772884232,-0.6952253139408722,5,Arizona,30.24187609208936,1183.36,1004.89,914.571069569286,1040.320537567874,0.1350781705037233,0.25860374993308255,0.21907387022397862
2025-05-17,35.0,21.1,0.0,31.257292908166317,28.05,0.0,34.4,1.0,5.0,0.7067265555776158,-0.7074868024503348,5,Arizona,31.257292908166317,1225.0,1183.36,977.0183599469043,1094.0052517858212,0.17738720450692988,0.40197679345537274,0.2440796443999068
2025-05-18,30.0,19.4,0.0,29.74784162522636,24.7,0.0,35.0,2.0,5.0,0.6944521021088763,-0.719538934232584,5,Arizona,29.74784162522636,900.0,1225.0,884.9340813595501,892.4352487567908,0.11449340105109836,0.5563856272756735,0.12646664445477282
2025-05-19,34.4,21.1,0.0,30.134240789057458,27.75,0.0,30.0,2.0,4.0,0.6819721490904629,-0.7313781428679254,5,Arizona,30.134240789057458,1183.36,900.0,908.0724679328943,1036.6178831435766,0.1305933662107274,0.33043696259366034,0.38753681868941153
2025-05-20,37.2,21.1,0.0,32.292875691241285,29.150000000000002,0.0,34.4,2.0,4.0,0.6692903895412567,-0.7430009249440493,5,Arizona,32.292875691241285,1383.8400000000001,1183.36,1042.8298204099624,1201.294975714176,0.22053648713505355,0.6300259409576893,0.6240997739094537
2025-05-21,38.9,21.7,0.0,33.78933823319743,30.299999999999997,0.0,37.2,2.0,4.0,0.6564105761979381,-0.7544038410927472,5,Arizona,33.78933823319743,1513.2099999999998,1383.8400000000001,1141.7193782374175,1314.40525727138,0.2828890930498928,0.91528545773821,0.7986614066920006
2025-05-22,41.1,23.3,0.0,35.21451105473334,32.2,0.0,38.9,3.0,5.0,0.6433365204044917,-0.765583517007675,5,Arizona,35.21451105473334,1689.21,1513.2099999999998,1240.061788823937,1447.3164043495406,0.3422712939472226,1.0,1.0
2025-05-23,39.4,23.3,0.0,35.754293935556916,31.35,0.0,41.1,3.0,6.0,0.6300720909843687,-0.7765366444428655,5,Arizona,35.754293935556916,1552.36,1689.21,1278.3695348302022,1408.7191810609424,0.3647622473148715,1.0,0.7284189967456759
2025-05-24,37.8,23.9,0.0,34.066873625601865,30.849999999999998,0.0,39.4,3.0,6.0,0.6166212130956382,-0.7872599821916922,5,Arizona,34.066873625601865,1428.8399999999997,1552.36,1160.5518786227278,1287.7278230477505,0.294453067733411,1.0,0.5378784990345266
2025-05-25,36.7,22.8,0.0,32.819232584510004,29.75,0.0,37.8,3.0,6.0,0.6029878670694714,-0.7977503570459932,5,Arizona,32.819232584510004,1346.89,1428.8399999999997,1077.1020274361633,1204.4658358515173,0.2424680243545835,0.8353717437610358,0.4343459424202324
2025-05-26,37.8,22.8,0.0,33.58698929119677,30.299999999999997,0.0,36.7,3.0,7.0,0.5891760872322963,-0.8080046647350754,5,Arizona,33.58698929119677,1428.8399999999997,1346.89,1128.0858496469666,1269.588195207238,0.27445788713319885,0.5861385786947079,0.41415421566482963
2025-05-27,38.3,23.9,0.0,33.41755224122638,31.099999999999998,0.0,37.8,3.0,7.0,0.5751899607119775,-0.8180198708443174,5,Arizona,33.41755224122638,1466.8899999999999,1428.8399999999997,1116.7327977950943,1279.8922508389703,0.26739801005109926,0.6928515946056619,0.43172350228377715
2025-05-28,39.4,23.3,0.0,33.78933823319743,31.35,0.0,38.3,3.0,7.0,0.5610336262283677,-0.8277930117131022,5,Arizona,33.78933823319743,1552.36,1466.8899999999999,1141.7193782374175,1331.2999263879785,0.2828890930498928,0.7458015874961497,0.5228936031809238
2025-05-29,38.3,26.1,0.0,33.259325929940374,32.2,0.0,39.4,3.0,7.0,0.5467112728685939,-0.8373211953118121,5,Arizona,33.259325929940374,1466.8899999999999,1552.36,1106.1827613140042,1273.8321831167161,0.2608052470808489,0.8704969230166302,0.40591149010353655
2025-05-30,40.0,22.8,0.0,35.16133516827887,31.4,0.0,38.3,3.0,7.0,0.5322271388474397,-0.8466016020976267,5,Arizona,35.16133516827887,1600.0,1466.8899999999999,1236.3194908160442,1406.4534067311547,0.3400556320116195,0.7463407080562066,0.6151407057521271
2025-05-31,38.9,27.8,0.0,34.95784063574885,33.35,0.0,40.0,3.0,7.0,0.5175855102531889,-0.8556314858488706,5,Arizona,34.95784063574885,1513.2099999999998,1600.0,1222.0506219144138,1359.8600007306302,0.33157669315620214,0.9431537140393932,0.47814238563592903
2025-06-01,32.8,20.6,6.1,35.01830607253958,26.7,1.0,38.9,3.0,7.0,0.5027907197793043,-0.8644081744776648,6,Arizona,35.01830607253958,1075.84,1513.2099999999998,1226.2817601900624,1148.600439179298,0.33409608635581584,0.8134253008214091,0.19210464592238258
2025-06-02,31.7,19.4,1.8,30.03229921107551,25.549999999999997,1.0,32.8,3.0,7.0,0.4878471454423119,-0.8729290708206411,6,Arizona,30.03229921107551,1004.89,1075.84,901.9389959035667,952.0238849910937,0.1263458004614796,0.31429875029941096,0.1220729211200566
2025-06-03,36.1,25.6,0.0,34.903158329564505,30.85,0.0,31.7,2.0,6.0,0.47275920928627757,-0.881191653407483,6,Arizona,34.903158329564505,1303.21,1004.89,1218.230461378648,1260.0040156972786,0.3292982637318544,0.26188489650024604,0.3293824992875156
2025-06-04,35.0,23.9,3.6,33.91195827777781,29.45,1.0,36.1,2.0,6.0,0.4575313760742512,-0.8891934772070711,6,Arizona,33.91195827777781,1225.0,1303.21,1150.0209142337433,1186.9185397222234,0.28799826157407554,0.533921781029037,0.2558591756025862
2025-06-05,38.3,25.6,0.0,35.215786421315585,31.95,0.0,35.0,2.0,6.0,0.44216815196707204,-0.8969321743510065,6,Arizona,35.215786421315585,1466.8899999999999,1225.0,1240.1516132717152,1348.7646199363867,0.3423244342214827,0.44828798972034944,0.4661694660125594
2025-06-06,40.0,26.7,0.0,35.484361514705796,33.35,0.0,38.3,3.0,6.0,0.42667408318992467,-0.9044054548343001,6,Arizona,35.484361514705796,1600.0,1466.8899999999999,1259.139912106334,1419.3744605882318,0.3535150631127415,0.895659062663546,0.7286733245919788
2025-06-07,40.0,26.7,0.0,36.44696577746111,33.35,0.0,40.0,3.0,6.0,0.4110537546870351,-0.9116111071930239,6,Arizona,36.44696577746111,1600.0,1600.0,1328.3813143834213,1457.8786310984444,0.39362357406087956,1.0,0.7551442049308476
2025-06-08,41.7,26.1,0.0,37.00126303309361,33.900000000000006,0.0,40.0,3.0,6.0,0.3953117887649151,-0.9185469991587165,6,Arizona,37.00126303309361,1738.8900000000003,1600.0,1369.0934660441796,1542.9526684800035,0.416719293045567,1.0,0.9330879868454436
2025-06-09,42.8,26.7,0.0,37.77177761416387,34.75,0.0,41.7,3.0,6.0,0.37945284372454435,-0.925211078289358,6,Arizona,37.77177761416387,1831.8399999999997,1738.8900000000003,1426.7071841338507,1616.6320818862134,0.4488240672568278,1.0,1.0
2025-06-10,42.2,27.2,0.0,37.50696147759426,34.7,0.0,42.8,3.0,7.0,0.36348161248290634,-0.9316013725767187,6,Arizona,37.50696147759426,1780.8400000000001,1831.8399999999997,1406.7721592817397,1582.7937743544778,0.43779006156642747,1.0,0.8263040776696096
2025-06-11,42.2,28.3,0.0,37.83137135202459,35.25,0.0,42.2,3.0,7.0,0.3474028211842774,-0.9377159910299093,6,Arizona,37.83137135202459,1780.8400000000001,1780.8400000000001,1431.2126583747868,1596.4838710554377,0.45130713966769126,1.0,0.8321360123827968
2025-06-12,42.2,28.9,0.0,38.45790587419786,35.55,0.0,42.2,3.0,7.0,0.3312212278016865,-0.9435531242349544,6,Arizona,38.45790587419786,1780.8400000000001,1780.8400000000001,1479.0105242286625,1622.9236278911499,0.4774127447582443,1.0,0.851997949552256
2025-06-13,42.2,27.8,0.0,38.45790587419786,35.0,0.0,42.2,3.0,7.0,0.31494162072895193,-0.9491110448902284,6,Arizona,38.45790587419786,1780.8400000000001,1780.8400000000001,1479.0105242286625,1622.9236278911499,0.4774127447582443,1.0,0.8586943879269678
2025-06-14,43.3,27.8,0.0,38.34827357935641,35.55,0.0,42.2,3.0,7.0,0.2985688173637202,-0.9543881083175908,6,Arizona,38.34827357935641,1874.8899999999996,1780.8400000000001,1470.5900865171648,1660.4802459861323,0.4728447324731837,1.0,0.9529693179683055
2025-06-15,45.6,27.2,0.0,39.61110741111113,36.4,0.0,43.3,3.0,7.0,0.2821076626819194,-0.9593827529490743,6,Arizona,39.61110741111113,2079.36,1874.8899999999996,1569.039830334583,1806.2664979466674,0.525462808796297,1.0,1.0
2025-06-16,45.6,28.3,0.0,40.23875234444448,36.95,0.0,45.6,3.0,7.0,0.26556302780405594,-0.9640935007889755,6,Arizona,40.23875234444448,2079.36,2079.36,1619.157190237536,1834.8871069066684,0.55161468101852,1.0,1.0
2025-06-17,43.3,30.0,0.0,40.23875234444448,36.65,0.0,45.6,3.0,7.0,0.24893980855376657,-0.9685189578512204,6,Arizona,40.23875234444448,1874.8899999999996,2079.36,1619.157190237536,1742.3379765144457,0.55161468101852,1.0,0.9975043801720799
2025-06-18,45.6,28.3,0.0,38.63813042840092,36.95,0.0,43.3,3.0,7.0,0.23224292400907015,-0.9726578145718654,6,Arizona,38.63813042840092,2079.36,1874.8899999999996,1492.9051230021212,1761.898747535082,0.4849221011833717,1.0,1.0
2025-06-19,47.2,29.4,0.0,41.55823374068447,38.3,0.0,45.6,3.0,7.0,0.21547731504673012,-0.976508846196619,6,Arizona,41.55823374068447,2227.84,2079.36,1727.0867916453653,1961.5486325603072,0.6065930725285197,1.0,1.0
2025-06-20,43.3,28.9,0.0,41.09341815380446,36.099999999999994,0.0,47.2,3.0,7.0,0.19864794288017112,-0.9800709131432666,6,Arizona,41.09341815380446,1874.8899999999996,2227.84,1688.6690155634258,1779.345006059733,0.587225756408519,1.0,1.0
2025-06-21,41.1,27.8,0.0,38.63813042840092,34.45,0.0,43.3,3.0,7.0,0.18175978759137534,-0.9833429613388902,6,Arizona,38.63813042840092,1689.21,1874.8899999999996,1492.9051230021212,1588.027160607278,0.4849221011833717,1.0,0.7479176975035833
2025-06-22,37.2,26.1,0.0,37.60621143488218,31.650000000000002,0.0,41.1,3.0,7.0,0.16481784665719793,-0.9863240225317866,6,Arizona,37.60621143488218,1383.8400000000001,1689.21,1414.227138485063,1398.9510653776172,0.441925476453424,1.0,0.41191867481826716
2025-06-23,40.0,26.7,0.0,35.16133516827887,33.35,0.0,37.2,3.0,7.0,0.14782713347053048,-0.9890132145779883,6,Arizona,35.16133516827887,1600.0,1383.8400000000001,1236.3194908160442,1406.4534067311547,0.3400556320116195,0.639767935613588,0.553513617009619
2025-06-24,40.6,27.2,0.0,35.16133516827887,33.9,0.0,40.0,3.0,7.0,0.13079267585675922,-0.9914097417023038,6,Arizona,35.16133516827887,1648.3600000000001,1600.0,1236.3194908160442,1427.5502078321222,0.3400556320116195,0.9500939572902803,0.5866814254932042
2025-06-25,39.4,26.1,0.0,34.60109775231118,32.75,0.0,40.6,3.0,7.0,0.11371951458594969,-0.9935128947338007,6,Arizona,34.60109775231118,1552.36,1648.3600000000001,1197.235965664994,1363.2832514410607,0.3167124063462993,1.0,0.4781539096741438
2025-06-26,40.6,27.2,0.0,36.20235041904861,33.9,0.0,39.4,3.0,7.0,0.0966127018812031,-0.9953220513156602,6,Arizona,36.20235041904861,1648.3600000000001,1552.36,1310.610175863589,1469.8154270133734,0.3834312674603586,0.8784099014586754,0.6234254780439754
2025-06-27,41.7,27.8,0.0,37.53998692304316,34.75,0.0,40.6,3.0,7.0,0.07947729992362097,-0.9968366760893436,6,Arizona,37.53998692304316,1738.8900000000003,1648.3600000000001,1409.2506181822514,1565.4174546908998,0.439166121793465,1.0,0.762127116312666
2025-06-28,42.8,30.6,0.0,39.12490045392521,36.7,0.0,41.7,3.0,7.0,0.062318379354325076,-0.998056320853012,6,Arizona,39.12490045392521,1831.8399999999997,1738.8900000000003,1530.7578355295568,1674.5457394279988,0.505204185580217,1.0,0.9027620317443347
2025-06-29,45.6,30.6,0.0,41.066113634466106,38.1,0.0,42.8,3.0,7.0,0.04514101777397193,-0.9989806246941579,6,Arizona,41.066113634466106,2079.36,1831.8399999999997,1686.425689038883,1872.6147817316546,0.5860880681027544,1.0,1.0
2025-06-30,46.7,32.2,0.0,42.36924851071781,39.45,0.0,45.6,3.0,7.0,0.02795029824021032,-0.999609314096404,6,Arizona,42.36924851071781,2180.8900000000003,2079.36,1795.1532193629635,1978.6439054505217,0.6403853546132421,1.0,1.0
2025-07-01,44.4,33.9,0.0,42.36924851071781,39.15,0.0,46.7,3.0,7.0,0.01075130776352193,-0.9999422030204416,7,Arizona,42.36924851071781,1971.36,2180.8900000000003,1795.1532193629635,1881.1946338758707,0.6403853546132421,1.0,1.0
2025-07-02,42.8,25.6,4.1,41.44492824545783,34.2,1.0,44.4,3.0,7.0,-0.00645086419810515,-0.9999791929590823,7,Arizona,41.44492824545783,1831.8399999999997,1971.36,1717.6820772711483,1773.842928905595,0.6018720102274097,1.0,1.0
2025-07-03,38.9,25.6,0.0,39.640043598015566,32.25,0.0,42.8,3.0,7.0,-0.023651127245231586,-0.9997202729664083,7,Arizona,39.640043598015566,1513.2099999999998,1831.8399999999997,1571.333056452575,1541.9976959628054,0.5266684832506486,1.0,0.5997543658938881
2025-07-04,39.4,27.8,0.0,38.77595320759115,33.6,0.0,38.9,3.0,7.0,-0.04084439154329611,-0.9991655196610109,7,Arizona,38.77595320759115,1552.36,1513.2099999999998,1503.5745471572984,1527.7725563790914,0.4906647169829646,0.8223422933229418,0.6080278423046737
2025-07-05,41.7,30.0,0.0,38.07419268615775,35.85,0.0,39.4,3.0,7.0,-0.05802556932878035,-0.9983150972033183,7,Arizona,38.07419268615775,1738.8900000000003,1552.36,1449.6441487026684,1587.6938350127784,0.461424695256573,0.8807368990354221,0.765170543254122
2025-07-06,43.3,30.0,0.0,40.72266417601779,36.65,0.0,41.7,3.0,7.0,-0.07518957641475855,-0.9971692572470178,7,Arizona,40.72266417601779,1874.8899999999996,1738.8900000000003,1658.3353775927224,1763.2913588215702,0.5717776740007411,1.0,1.0
2025-07-07,43.9,32.8,0.0,42.150659302817814,38.349999999999994,0.0,43.3,3.0,7.0,-0.09233133369539122,-0.9957283388645872,7,Arizona,42.150659302817814,1927.2099999999998,1874.8899999999996,1776.678079662222,1850.413943393702,0.6312774709507423,1.0,1.0
2025-07-08,44.4,33.3,0.0,42.56556114769562,38.849999999999994,0.0,43.9,3.0,7.0,-0.10944576864891556,-0.993992768446958,7,Arizona,42.56556114769562,1971.36,1927.2099999999998,1811.8269958182148,1889.9109149576855,0.6485650478206507,1.0,1.0
2025-07-09,47.8,33.9,0.0,44.528882211395576,40.849999999999994,0.0,44.4,3.0,7.0,-0.12652781683868314,-0.9919630595773397,7,Arizona,44.528882211395576,2284.8399999999997,1971.36,1982.8213509963414,2128.4805697047086,0.7303700921414823,1.0,1.0
2025-07-10,45.0,35.0,0.0,44.528882211395576,40.0,0.0,47.8,3.0,7.0,-0.1435724234118113,-0.9896398128792412,7,Arizona,44.528882211395576,2025.0,2284.8399999999997,1982.8213509963414,2003.799699512801,0.7303700921414823,1.0,1.0
2025-07-11,43.9,32.2,0.0,43.46671785555561,38.05,0.0,45.0,3.0,7.0,-0.16057454459499376,-0.9870237158387383,7,Arizona,43.46671785555561,1927.2099999999998,2025.0,1889.3555611344766,1908.188913858891,0.6861132439814837,1.0,1.0
2025-07-12,42.2,31.1,0.0,41.495552028017855,36.650000000000006,0.0,43.9,3.0,7.0,-0.17752914918703497,-0.984115542601034,7,Arizona,41.495552028017855,1780.8400000000001,1927.2099999999998,1721.8808381099368,1751.1122955823537,0.603981334500744,1.0,0.9294316549685359
2025-07-13,42.2,32.2,0.0,39.95154991769784,37.2,0.0,42.2,3.0,7.0,-0.19443122004766195,-0.9809161537413774,7,Arizona,39.95154991769784,1780.8400000000001,1780.8400000000001,1596.1263408263023,1685.955406526849,0.53964791323741,1.0,0.8583364952787284
2025-07-14,41.7,32.2,0.0,39.90904047987556,36.95,0.0,42.2,3.0,7.0,-0.2112757555821793,-0.9774264960104055,7,Arizona,39.90904047987556,1738.8900000000003,1780.8400000000001,1592.7315120243459,1664.2069880108108,0.5378766866614816,1.0,0.8096657638655423
2025-07-15,41.7,30.0,0.0,40.941247777475624,35.85,0.0,41.7,3.0,7.0,-0.2280577712215198,-0.9736476020539838,7,Arizona,40.941247777475624,1738.8900000000003,1738.8900000000003,1676.1857695766528,1707.2500323207337,0.5808853240614843,1.0,0.8748877387417471
2025-07-16,36.1,28.3,0.0,40.974158812771144,32.2,0.0,41.7,3.0,7.0,-0.24477230089725957,-0.9695805901076308,7,Arizona,40.974158812771144,1303.21,1738.8900000000003,1678.881690414191,1479.1671331410384,0.5822566171987976,1.0,0.41341779259842015
2025-07-17,38.3,26.7,0.0,38.16630760972448,32.5,0.0,36.1,3.0,7.0,-0.2614143985111562,-0.965226663665613,7,Arizona,38.16630760972448,1466.8899999999999,1303.21,1456.6670365601126,1461.7695814524473,0.4652628170718532,0.5445362718828074,0.50880406476111
2025-07-18,42.2,31.1,0.0,40.61860752507562,36.650000000000006,0.0,38.3,3.0,7.0,-0.2779791393987801,-0.9605871111248129,7,Arizona,40.61860752507562,1780.8400000000001,1466.8899999999999,1649.8712772761296,1714.1052375581912,0.5674419802114841,0.7585411605177584,0.9125300414813031
2025-07-19,41.7,30.6,0.0,40.2777378933845,36.150000000000006,0.0,42.2,3.0,7.0,-0.2944616217868012,-0.9556633054034704,7,Arizona,40.2777378933845,1738.8900000000003,1780.8400000000001,1622.2961698081815,1679.5816701541337,0.5532390788910208,1.0,0.8372976523605912
2025-07-20,36.1,32.2,0.0,38.47367189196448,34.150000000000006,0.0,41.7,3.0,7.0,-0.3108569682435036,-0.9504567035349151,7,Arizona,38.47367189196448,1303.21,1738.8900000000003,1480.2234288505376,1388.8995552999177,0.4780696621651866,1.0,0.3194617119198255
2025-07-21,40.0,29.4,0.0,37.526354610915575,34.7,0.0,36.1,3.0,7.0,-0.3271603271220951,-0.9449688462364056,7,Arizona,37.526354610915575,1600.0,1303.21,1408.2272903841847,1501.054184436623,0.438598108788149,0.5451818059704485,0.6052264447406865
2025-07-22,38.9,28.9,0.0,38.465250953315596,33.9,0.0,40.0,3.0,7.0,-0.34336687399638804,-0.939201357453208,7,Arizona,38.465250953315596,1513.2099999999998,1600.0,1479.5755309015465,1496.2982620839766,0.4777187897214832,0.956889661778259,0.5364781494901346
2025-07-23,40.0,29.4,0.0,36.99262651519117,34.7,0.0,38.9,3.0,7.0,-0.3594718130884232,-0.9331559438780432,7,Arizona,36.99262651519117,1600.0,1513.2099999999998,1368.4544164924248,1479.7050606076468,0.4163594381329654,0.8264876891668617,0.5741318577470604
2025-07-24,41.1,26.7,0.0,36.2977330401764,33.9,0.0,40.0,3.0,7.0,-0.3754703786876202,-0.9268343944460494,7,Arizona,36.2977330401764,1689.21,1600.0,1317.5254238559132,1491.83682795125,0.38740554334068317,0.9572804003933079,0.657647871908403
2025-07-25,42.8,26.7,0.0,38.33903292964404,34.75,0.0,41.1,3.0,7.0,-0.3913578365610259,-0.9202385798054075,7,Arizona,38.33903292964404,1831.8399999999997,1689.21,1469.8814459803302,1640.910609388765,0.4724597054018351,1.0,0.8896456165994269
2025-07-26,41.7,27.2,0.0,36.7539235721255,34.45,0.0,42.8,3.0,7.0,-0.4071294853542516,-0.9133704517637858,7,Arizona,36.7539235721255,1738.8900000000003,1831.8399999999997,1350.8508979456426,1532.6386129576335,0.4064134821718959,1.0,0.7128471263061786
2025-07-27,43.3,27.8,0.0,38.953354345842264,35.55,0.0,41.7,3.0,7.0,-0.4227806579826773,-0.9062320427107697,7,Arizona,38.953354345842264,1874.8899999999996,1738.8900000000003,1517.3638147927484,1686.68024317497,0.498056431076761,1.0,0.9507616212503645
2025-07-28,45.0,30.0,0.0,40.10595467316257,37.5,0.0,43.3,3.0,7.0,-0.4383067230125192,-0.898825465016444,7,Arizona,40.10595467316257,2025.0,1874.8899999999996,1608.4876002457706,1804.7679602923158,0.5460814447151071,1.0,1.0
2025-07-29,43.3,31.1,0.0,40.10595467316257,37.2,0.0,45.0,3.0,7.0,-0.45370308603134424,-0.8911529104063088,7,Arizona,40.10595467316257,1874.8899999999996,2025.0,1608.4876002457706,1736.5878373479393,0.5460814447151071,1.0,0.9622234626084267
2025-07-30,43.9,30.6,0.0,40.9568667861973,37.25,0.0,43.3,3.0,7.0,-0.46896519100763184,-0.8832166493127127,7,Arizona,40.9568667861973,1927.2099999999998,1874.8899999999996,1677.4649369423119,1798.0064519140615,0.5815361160915543,1.0,1.0
2025-07-31,43.9,31.1,0.0,42.51643423866445,37.5,0.0,43.9,3.0,7.0,-0.48408852163897587,-0.8750190302029955,7,Arizona,42.51643423866445,1927.2099999999998,1927.2099999999998,1807.6471803706788,1866.4714630773694,0.6465180932776855,1.0,1.0
2025-08-01,45.0,33.3,0.0,44.353048125384426,39.15,0.0,43.9,3.0,7.0,-0.4990686026885319,-0.8665624788845385,8,Arizona,44.353048125384426,2025.0,1927.2099999999998,1967.1928780126668,1995.8871656422991,0.7230436718910177,1.0,1.0
2025-08-02,45.6,32.2,0.0,42.56556114769562,38.900000000000006,0.0,45.0,3.0,7.0,-0.5139010013093103,-0.8578494977869301,8,Arizona,42.56556114769562,2079.36,2025.0,1811.8269958182148,1940.9895883349202,0.6485650478206507,1.0,1.0
2025-08-03,44.4,28.9,0.0,40.34565189682806,36.65,0.0,45.6,3.0,7.0,-0.5285813283559292,-0.8488826652214553,8,Arizona,40.34565189682806,1971.36,2079.36,1627.7716269800255,1791.3469442191658,0.5560688290345025,1.0,1.0
2025-08-04,44.4,30.6,0.0,40.179258727014066,37.5,0.0,44.4,3.0,7.0,-0.5431052396834317,-0.8396646346181327,8,Arizona,40.179258727014066,1971.36,1971.36,1614.372831852336,1783.9590874794244,0.5491357802922527,1.0,1.0
2025-08-05,45.6,32.2,0.0,41.6670155482201,38.900000000000006,0.0,44.4,3.0,7.0,-0.5574684374327892,-0.8301981337405212,8,Arizona,41.6670155482201,2079.36,1971.36,1736.1401846956155,1900.0159089988365,0.6111256478425041,1.0,1.0
2025-08-06,46.7,32.8,0.0,43.72358126663115,39.75,0.0,45.6,3.0,7.0,-0.5716666713027052,-0.8204859638785327,8,Arizona,43.72358126663115,2180.8900000000003,2079.36,1911.7515587796984,2041.8912451516749,0.6968158861096313,1.0,1.0
2025-08-07,47.8,34.4,0.0,44.02350459553779,41.099999999999994,0.0,46.7,3.0,7.0,-0.5856957398073508,-0.8105309990194823,8,Arizona,44.02350459553779,2284.8399999999997,2180.8900000000003,1938.0689568733367,2104.323519666706,0.7093126914807412,1.0,1.0
2025-08-08,45.6,33.3,0.0,43.43624620753783,39.45,0.0,47.8,3.0,7.0,-0.5995514915196489,-0.8003361849976323,8,Arizona,43.43624620753783,2079.36,2284.8399999999997,1886.7074846018443,1980.692827063725,0.6848435919807428,1.0,1.0
2025-08-09,43.3,33.3,0.0,42.76914649491562,38.3,0.0,45.6,3.0,7.0,-0.6132298262997502,-0.7899045386224707,8,Arizona,42.76914649491562,1874.8899999999996,2079.36,1829.1998919035527,1851.9040432298461,0.657047770621484,1.0,1.0
2025-08-10,42.2,32.8,0.0,42.997006461057836,37.5,0.0,43.3,3.0,7.0,-0.6267266965083301,-0.7792391467859886,8,Arizona,42.997006461057836,1780.8400000000001,1874.8899999999996,1848.7425646122492,1814.4736726566407,0.6665419358774098,1.0,0.9963914367446759
2025-08-11,44.4,33.3,0.0,43.40066278201559,38.849999999999994,0.0,42.2,3.0,7.0,-0.6400381082043503,-0.7683431655492202,8,Arizona,43.40066278201559,1971.36,1780.8400000000001,1883.617529918233,1926.989427521492,0.6833609492506495,1.0,1.0
2025-08-12,44.4,32.8,0.0,42.28423951745782,38.599999999999994,0.0,44.4,3.0,7.0,-0.65316012232693,-0.7572198192083127,8,Arizona,42.28423951745782,1971.36,1971.36,1787.9569115697416,1877.420234575127,0.6368433132274092,1.0,1.0
2025-08-13,42.8,32.2,0.0,41.752300926424454,37.5,0.0,44.4,3.0,7.0,-0.666088855860977,-0.7458723993404063,8,Arizona,41.752300926424454,1831.8399999999997,1971.36,1743.2546326507043,1786.9984796509666,0.6146792052676856,1.0,0.9954056368544747
2025-08-14,42.8,30.0,0.0,41.82949212620453,36.4,0.0,42.8,3.0,7.0,-0.6788204829862355,-0.734304263829602,8,Arizona,41.82949212620453,1831.8399999999997,1831.8399999999997,1749.7064115362066,1790.3022630015537,0.617895505258522,1.0,1.0
2025-08-15,40.0,24.4,0.0,41.11624653890447,32.2,0.0,42.8,3.0,7.0,-0.6913512362094071,-0.722518835873311,8,Arizona,41.11624653890447,1600.0,1831.8399999999997,1690.5457294479738,1644.6498615561788,0.5881769391210195,1.0,0.77713768243673
2025-08-16,41.1,28.9,0.0,39.690664211111134,35.0,0.0,40.0,3.0,7.0,-0.7036774074790128,-0.7105196029692745,8,Arizona,39.690664211111134,1689.21,1600.0,1575.3488255191783,1631.2862990766675,0.528777675462964,0.9605668875846205,0.7943551046414676
2025-08-17,40.6,28.9,0.0,38.53635258567115,34.75,0.0,41.1,3.0,7.0,-0.7157953492826642,-0.6983101158835584,8,Arizona,38.53635258567115,1648.3600000000001,1689.21,1485.0504706071638,1564.5759149782489,0.48068135773629805,1.0,0.6960335923176657
2025-08-18,41.7,29.4,0.0,39.48119219451558,35.55,0.0,40.6,3.0,7.0,-0.7277014757264236,-0.6858939875998223,8,Arizona,39.48119219451558,1738.8900000000003,1648.3600000000001,1558.764537100278,1646.3657145112998,0.5200496747714825,1.0,0.8366511419361518
2025-08-19,42.2,30.6,0.0,39.12490045392521,36.400000000000006,0.0,41.7,3.0,7.0,-0.7393922635959241,-0.673274892250183,8,Arizona,39.12490045392521,1780.8400000000001,1738.8900000000003,1530.7578355295568,1651.070799155644,0.505204185580217,1.0,0.8546498052884907
2025-08-20,44.4,31.7,0.0,41.752300926424454,38.05,0.0,42.2,3.0,7.0,-0.7508642533989489,-0.6604565640279754,8,Arizona,41.752300926424454,1971.36,1780.8400000000001,1743.2546326507043,1853.8021611332456,0.6146792052676856,1.0,1.0
2025-08-21,45.6,31.7,1.0,45.12424724348445,38.65,1.0,44.4,3.0,7.0,-0.7621140503891487,-0.6474427960827475,8,Arizona,45.12424724348445,2079.36,1971.36,2036.1976892911136,2057.6656743028907,0.7551769684785187,1.0,1.0
2025-08-22,44.4,31.7,0.0,44.10877025491557,38.05,0.0,45.6,3.0,7.0,-0.7731383255706026,-0.6342374393978054,8,Arizona,44.10877025491557,1971.36,2079.36,1945.5836134009246,1958.4293993182512,0.7128654272881487,1.0,1.0
2025-08-23,43.3,33.3,0.0,44.055131520551164,38.3,0.0,44.4,3.0,7.0,-0.7839338166829201,-0.620844401650647,8,Arizona,44.055131520551164,1874.8899999999996,1971.36,1940.8546132930608,1907.5871948398653,0.7106304800229651,1.0,1.0
2025-08-24,43.9,33.3,0.0,43.13120839540448,38.599999999999994,0.0,43.3,3.0,7.0,-0.7944973291665992,-0.6072676460566135,8,Arizona,43.13120839540448,1927.2099999999998,1874.8899999999996,1860.3011376478098,1893.4600485582566,0.6721336831418533,1.0,1.0
2025-08-25,39.4,24.4,7.4,43.90952749323557,31.9,1.0,43.9,3.0,7.0,-0.8048257371083452,-0.593511190196115,8,Arizona,43.90952749323557,1552.36,1927.2099999999998,1928.0466046792105,1730.0353832334815,0.7045636455514822,1.0,0.8753266297474781
2025-08-26,36.1,25.6,0.0,43.90952749323557,30.85,0.0,39.4,3.0,7.0,-0.8149159841660791,-0.5795791048257612,8,Arizona,43.90952749323557,1303.21,1552.36,1928.0466046792105,1585.1339425058043,0.7045636455514822,0.8887906287294739,0.5779771841010325
2025-08-27,38.9,26.1,0.0,43.90952749323557,32.5,0.0,36.1,3.0,7.0,-0.8247650844733614,-0.5654755126737576,8,Arizona,43.90952749323557,1513.2099999999998,1303.21,1928.0466046792105,1708.0806194868637,0.7045636455514822,0.5487050196678457,0.8415161578535041
2025-08-28,40.6,31.1,0.0,43.90952749323557,35.85,0.0,38.9,3.0,7.0,-0.8343701235229538,-0.5512045872199277,8,Arizona,43.90952749323557,1648.3600000000001,1513.2099999999998,1928.0466046792105,1782.7268162253642,0.7045636455514822,0.8305289583531917,0.9496191341268874
2025-08-29,38.9,27.2,0.3,43.90952749323557,33.05,1.0,40.6,3.0,7.0,-0.8437282590292712,-0.5367705514607103,8,Arizona,43.90952749323557,1513.2099999999998,1648.3600000000001,1928.0466046792105,1708.0806194868637,0.7045636455514822,1.0,0.8289226556607969
2025-08-30,41.7,29.4,0.0,43.90952749323557,35.55,0.0,38.9,3.0,7.0,-0.8528367217694595,-0.522177676659508,8,Arizona,43.90952749323557,1738.8900000000003,1513.2099999999998,1928.0466046792105,1831.0272964679234,0.7045636455514822,0.8305787510969859,1.0
2025-08-31,42.8,28.9,0.0,,35.849999999999994,0.0,41.7,3.0,7.0,-0.8616928164028522,-0.5074302810827518,8,Arizona,42.8,1831.8399999999997,1738.8900000000003,1831.8399999999997,1831.8399999999997,0.6583333333333332,1.0,1.0
