date,tmax,tmin,prcp,heat_index,tavg,prcp_flag,tmax_lag1,hot_days_prior3,hot_days_prior7,doy_sin,doy_cos,month,state,heat_index_filled,tmax_sq,tmax_lag1_sq,hi_sq,tmax_x_hi,r_screening,r_model_dayahead,r_model_sameday
2023-01-01,26.1,17.8,0.0,26.24222222222223,21.950000000000003,0.0,26.1,0.0,0.0,0.017201575418260506,0.9998520419557735,1,Florida,26.24222222222223,681.21,681.21,688.6542271604943,684.9220000000003,0.0,0.31080308572922605,0.2693312763717894
2023-01-02,27.2,14.4,0.0,28.030491895751087,20.8,0.0,26.1,0.0,0.0,0.03439806061360801,0.9994082116062598,1,Florida,28.030491895751087,739.8399999999999,681.21,785.7084759177674,762.4293795644295,0.042937162322961964,0.3106733673336811,0.36034164914112976
2023-01-03,27.2,15.6,0.0,28.33768810961774,21.4,0.0,27.2,0.0,0.0,0.051584366869408364,0.9986686402879997,1,Florida,28.33768810961774,739.8399999999999,739.8399999999999,803.0245673979707,770.7851165816026,0.05573700456740586,0.35901876743538175,0.3554498806418415
2023-01-04,27.8,21.1,0.0,29.697203661351164,24.450000000000003,0.0,27.2,0.0,0.0,0.06875540848113941,0.9976335468520451,1,Florida,29.697203661351164,772.84,739.8399999999999,881.923905303769,825.5822617855624,0.11238348588963183,0.3588757376206678,0.3806744652982112
2023-01-05,25.0,17.8,0.0,27.962515993535547,21.4,0.0,27.8,0.0,0.0,0.08590610426133272,0.9963032375991965,1,Florida,27.962515993535547,625.0,772.84,781.9023006887312,699.0628998383887,0.040104833063981125,0.3885271305852008,0.23805730172838496
2023-01-06,21.1,11.1,0.0,21.53083333333333,16.1,0.0,25.0,0.0,0.0,0.10303137904317879,0.9946781061893646,1,Florida,21.53083333333333,445.21000000000004,625.0,463.57678402777765,454.3005833333333,0.0,0.2689053974236944,0.11900789536570314
2023-01-07,22.2,9.4,0.0,21.781666666666663,15.8,0.0,21.1,0.0,0.0,0.1201261651823505,0.9927586335250793,1,Florida,21.781666666666663,492.84,445.21000000000004,474.4410027777776,483.5529999999999,0.0,0.16683715964411147,0.1538635140539987
2023-01-08,25.0,11.7,0.0,24.956666666666663,18.35,0.0,22.2,0.0,0.0,0.13718540405660057,0.9905453876091833,1,Florida,24.956666666666663,625.0,492.84,622.835211111111,623.9166666666666,0.0,0.18973914589638421,0.25006515272724367
2023-01-09,24.4,13.3,0.0,24.300555555555555,18.85,0.0,25.0,0.0,0.0,0.1542040475626894,0.988039023376751,1,Florida,24.300555555555555,595.3599999999999,625.0,590.517000308642,592.9335555555555,0.0,0.26858253915149244,0.2115054625306784
2023-01-10,22.2,13.3,0.0,21.938333333333325,17.75,0.0,24.4,0.0,0.0,0.17117705961019986,0.985240282501282,1,Florida,21.938333333333325,492.84,595.3599999999999,481.2904694444441,487.03099999999984,0.0,0.24867580334480754,0.14007354640393832
2023-01-11,23.9,8.9,0.0,23.501388888888886,16.4,0.0,22.2,0.0,0.0,0.18809941761179758,0.9821499931752291,1,Florida,23.501388888888886,571.2099999999999,492.84,552.31527970679,561.6831944444443,0.0,0.18950750928354393,0.21125381765357973
2023-01-12,25.0,11.1,0.0,24.839166666666664,18.05,0.0,23.9,0.0,0.0,0.20496611396949532,0.9787690698649216,1,Florida,24.839166666666664,625.0,571.2099999999999,616.9842006944443,620.9791666666666,0.0,0.23329659335040454,0.24853686514015796
2023-01-13,18.9,9.4,0.0,20.428055555555556,14.149999999999999,0.0,25.0,0.0,0.0,0.22177215755648186,0.975098513039961,1,Florida,20.428055555555556,357.2099999999999,625.0,417.3054537808642,386.09024999999997,0.0,0.2681713706150114,0.08436190877455568
2023-01-14,12.2,4.4,0.0,12.303333333333335,8.3,0.0,18.9,0.0,0.0,0.23851257519407648,0.9711394088771653,1,Florida,12.303333333333335,148.83999999999997,357.2099999999999,151.37201111111114,150.10066666666668,0.0,0.13048024585463416,0.0356153554180411
2023-01-15,14.4,2.8,0.0,13.578611111111114,8.6,0.0,12.2,0.0,0.0,0.2551824131233728,0.9668929289391521,1,Florida,13.578611111111114,207.36,148.83999999999997,184.3786797067902,195.53200000000004,0.0,0.07178912280483406,0.05393787930737582
2023-01-16,19.4,4.4,0.0,18.724166666666672,11.899999999999999,0.0,14.4,0.0,0.0,0.2717767384711357,0.9623603298276545,1,Florida,18.724166666666672,376.35999999999996,207.36,350.5944173611113,363.24883333333344,0.0,0.08514085835639643,0.11034537037658995
2023-01-17,23.3,6.1,0.0,23.080277777777777,14.7,0.0,19.4,0.0,0.0,0.2882906407095177,0.9575429528116719,1,Florida,23.080277777777777,542.89,376.35999999999996,532.6992222993827,537.7704722222222,0.0,0.13747070856396354,0.20489911529972163
2023-01-18,24.4,10.6,0.0,24.300555555555555,17.5,0.0,23.3,0.0,0.0,0.3047192331091634,0.9524422234305676,1,Florida,24.300555555555555,595.3599999999999,542.89,590.517000308642,592.9335555555555,0.0,0.21603460717399944,0.22589360948421425
2023-01-19,27.8,15.0,0.0,28.312649868817804,21.4,0.0,24.4,0.0,0.0,0.321057654185271,0.9470596510722283,1,Florida,28.312649868817804,772.84,595.3599999999999,801.6061425942688,787.091666353135,0.05469374453407516,0.24785406808085575,0.40618601331874576
2023-01-20,27.8,17.2,0.0,26.754968918595594,22.5,0.0,27.8,0.0,0.0,0.3373010691361842,0.9413968285264122,1,Florida,26.754968918595594,772.84,772.84,715.8283618350163,743.7881359369576,0.0,0.3864911675390437,0.3610169938338394
2023-01-21,20.6,15.0,0.0,23.59277777777777,17.8,0.0,27.8,0.0,0.0,0.3534446712740877,0.9354554315134164,1,Florida,23.59277777777777,424.36000000000007,772.84,556.6191632716045,486.0112222222221,0.0,0.3863721308683268,0.10455958819484898
2023-01-22,28.9,15.0,0.0,29.41421488587567,21.95,0.0,20.6,0.0,0.0,0.3694836834473831,0.9292372181882051,1,Florida,29.41421488587567,835.2099999999999,424.36000000000007,865.1960373524698,850.0708102018068,0.10059228691148621,0.15667981883176643,0.5106006864853964
2023-01-23,21.7,12.8,0.0,25.035,17.25,0.0,28.9,0.0,0.0,0.38541335945432564,0.9227440286201427,1,Florida,25.035,470.89,835.2099999999999,626.751225,543.2595,0.0,0.4472840812983198,0.13448633603237428
2023-01-24,23.3,10.6,0.0,23.14555555555555,16.95,0.0,21.7,0.0,0.0,0.4012289854475009,0.9159777842484877,1,Florida,23.14555555555555,542.89,470.89,535.7167419753084,539.2914444444443,0.0,0.17776298795087161,0.18603400169341638
2023-01-25,29.4,15.6,0.0,29.56310813900446,22.5,0.0,23.3,0.0,0.0,0.4169258813287287,0.908940487313808,1,Florida,29.56310813900446,864.3599999999999,542.89,873.9773628384717,869.1553792867311,0.10679617245851913,0.21553394110976443,0.5338417272833147
2023-01-26,19.4,12.8,3.9,27.08954415243555,16.1,1.0,29.4,0.0,0.0,0.4324994021339788,0.901634220265486,1,Florida,27.08954415243555,376.35999999999996,864.3599999999999,733.8434023867551,525.5371565572497,0.0037310063514812697,0.4777902762678047,0.09934148368990058
2023-01-27,18.3,8.3,0.0,17.608333333333334,13.3,0.0,19.4,0.0,0.0,0.44794493940789115,0.8940611451454876,1,Florida,17.608333333333334,334.89000000000004,376.35999999999996,310.0534027777778,322.2325,0.0,0.13700215524079584,0.08119901048460483
2023-01-28,22.2,9.4,0.0,22.003611111111102,15.8,0.0,18.3,0.0,0.0,0.4632579225674917,0.88622350294858,1,Florida,22.003611111111102,492.84,334.89000000000004,484.15890192901196,488.48016666666643,0.0,0.12197639776917349,0.1595511119507111
2023-01-29,27.8,16.7,0.0,28.312649868817804,22.25,0.0,22.2,0.0,0.0,0.4784338202547012,0.8781236129591848,1,Florida,28.312649868817804,772.84,492.84,801.6061425942688,787.091666353135,0.05469374453407516,0.1883354921955938,0.4021544909399808
2023-01-30,28.9,16.7,0.0,29.898529149217854,22.799999999999997,0.0,27.8,0.0,0.0,0.49346814167723735,0.8697638720650646,1,Florida,29.898529149217854,835.2099999999999,772.84,893.9220452866297,864.067492412396,0.12077204788407725,0.3854076552700677,0.4795606959357677
2023-01-31,28.3,19.4,0.0,29.31698503179564,23.85,0.0,28.9,0.0,0.0,0.5083564379375122,0.8611467540480452,1,Florida,29.31698503179564,800.89,835.2099999999999,859.4856113545295,829.6706763998166,0.09654104299148496,0.44635836158324244,0.4096286522627559
2023-02-01,28.3,18.9,0.0,28.696246040435614,23.6,0.0,28.3,0.0,0.0,0.5230943033491326,0.8522748088519838,2,Florida,28.696246040435614,800.89,800.89,823.4745368132167,812.1037629443279,0.07067691835148393,0.41183716625001215,0.4038268408268023
2023-02-02,28.9,17.2,0.0,29.083513312415594,23.049999999999997,0.0,28.3,0.0,0.0,0.5376773767406141,0.8431506618282,2,Florida,29.083513312415594,835.2099999999999,800.89,845.850746593455,840.5135347288107,0.08681305468398308,0.4117428975857543,0.45773350442439487
2023-02-03,25.6,12.2,0.0,25.834722222222222,18.9,0.0,28.9,0.0,0.0,0.5521013427459208,0.8337770129585915,2,Florida,25.834722222222222,655.3600000000001,835.2099999999999,667.4328722993827,661.3688888888889,0.0,0.4460580637961951,0.26261445789169163
2023-02-04,23.3,10.6,0.0,23.080277777777777,16.95,0.0,25.6,0.0,0.0,0.5663619330814524,0.8241566360566663,2,Florida,23.080277777777777,542.89,655.3600000000001,532.6992222993827,537.7704722222222,0.0,0.28788322512869424,0.1766900312315679
2023-02-05,23.9,13.3,0.0,23.932222222222222,18.6,0.0,23.3,0.0,0.0,0.580454927809098,0.8142923779467267,2,Florida,23.932222222222222,571.2099999999999,542.89,572.7512604938272,571.9801111111111,0.0,0.21489632914946233,0.194439711402767
2023-02-06,24.4,12.2,0.0,24.17,18.299999999999997,0.0,23.9,0.0,0.0,0.5943761565849831,0.804187157621448,2,Florida,24.17,595.3599999999999,571.2099999999999,584.1889000000001,589.748,0.0,0.2315144641903632,0.21461673736800188
2023-02-07,25.6,11.1,0.0,25.45611111111111,18.35,0.0,24.4,0.0,0.0,0.6081214998935418,0.7938439653781019,2,Florida,25.45611111111111,655.3600000000001,595.3599999999999,648.0135929012345,651.6764444444444,0.0,0.24654761025060762,0.27339466667755036
2023-02-08,26.1,13.9,0.0,26.007222222222232,20.0,0.0,25.6,0.0,0.0,0.6216868902665479,0.7832658619336791,2,Florida,26.007222222222232,681.21,655.3600000000001,676.3756077160499,678.7885000000003,0.0,0.2876386783637347,0.284649881257361
2023-02-09,28.3,14.4,2.3,28.89326381961784,21.35,1.0,26.1,0.0,0.0,0.6350683134867438,0.7724559775191742,2,Florida,28.89326381961784,800.89,681.21,834.8206941500373,817.6793660951848,0.07888599248407664,0.3069999176629501,0.44634221285757114
2023-02-10,28.9,18.9,0.0,29.898529149217854,23.9,0.0,28.3,0.0,0.0,0.6482618097757122,0.7614175109532997,2,Florida,29.898529149217854,835.2099999999999,800.89,893.9220452866297,864.067492412396,0.12077204788407725,0.4110907945093343,0.45699330181851683
2023-02-11,28.3,19.4,0.0,29.543688464791305,23.85,0.0,28.9,0.0,0.0,0.6612634749656386,0.7501537286959042,2,Florida,29.543688464791305,800.89,835.2099999999999,872.8295281046428,836.0863835535939,0.10598701936630439,0.44539003935026406,0.4068164781535589
2023-02-12,22.2,13.3,0.0,25.808611111111112,17.75,0.0,28.3,0.0,0.0,0.6740694616546161,0.7386679638813748,2,Florida,25.808611111111112,492.84,800.89,666.0844074845679,572.9511666666667,0.0,0.41095694454012116,0.14525473708047343
2023-02-13,21.7,10.0,0.0,21.165277777777774,15.85,0.0,22.2,0.0,0.0,0.6866759803451553,0.726963615332308,2,Florida,21.165277777777774,470.89,492.84,447.9689834104937,459.2865277777777,0.0,0.18769458222053384,0.13394181800656482
2023-02-14,25.0,8.9,0.0,24.617222222222225,16.95,0.0,21.7,0.0,0.0,0.6990793005655562,0.7150441465537444,2,Florida,24.617222222222225,625.0,470.89,606.0076299382717,615.4305555555557,0.0,0.17685664176400118,0.2534713416968271
2023-02-15,27.8,13.9,0.0,27.987237679591207,20.85,0.0,25.0,0.0,0.0,0.7112757519738152,0.7029130847082615,2,Florida,27.987237679591207,772.84,625.0,783.2854729339298,778.0452074926355,0.041134903316300285,0.26582849994145397,0.3931098580931182
2023-02-16,28.9,16.7,0.0,29.300882540051173,22.799999999999997,0.0,27.8,0.0,0.0,0.7232617254437388,0.6905740195722293,2,Florida,29.300882540051173,835.2099999999999,772.84,858.5417176258757,846.7955054074789,0.09587010583546555,0.3841647968779073,0.4557018082777823
2023-02-17,30.6,19.4,0.0,30.406492212515545,25.0,0.0,28.9,0.0,0.0,0.7350336741329413,0.6780306024735382,2,Florida,30.406492212515545,936.3600000000001,835.2099999999999,924.5547686697685,930.4386617029758,0.14193717552148102,0.44502117701940314,0.5750093079523535
2023-02-18,21.7,12.2,0.0,27.8139038595378,16.95,0.0,30.6,0.0,0.0,0.746588114532413,0.6652865452111116,2,Florida,27.8139038595378,470.89,936.3600000000001,773.6132479076117,603.5617137519703,0.03391266081407496,0.5580400761369333,0.14042713115283492
2023-02-19,28.3,13.9,0.0,28.577176604924507,21.1,0.0,21.7,0.0,0.0,0.7579216274973472,0.6523456189565257,2,Florida,28.577176604924507,800.89,470.89,816.6550227090446,808.7340979193635,0.06571569187185444,0.17673378410036134,0.4402114468959273
2023-02-20,28.3,16.7,0.0,28.007127103084443,22.5,0.0,28.3,0.0,0.0,0.7690308592589181,0.6392116531380588,2,Florida,28.007127103084443,800.89,800.89,784.3991685683271,792.6016970172898,0.04196362929518512,0.4105427316538748,0.39113394490002956
2023-02-21,28.9,18.9,0.0,29.083513312415594,23.9,0.0,28.3,0.0,0.0,0.7799125224167177,0.6258885343075018,2,Florida,29.083513312415594,835.2099999999999,800.89,845.850746593455,840.5135347288107,0.08681305468398308,0.4105048304441323,0.4311581946711611
2023-02-22,30.0,17.2,0.0,30.454350755555513,23.6,0.0,28.9,0.0,0.0,0.7905633969115482,0.612380204990065,2,Florida,30.454350755555513,900.0,835.2099999999999,927.4674799424047,913.6305226666653,0.1439312814814797,0.444803436099139,0.540494738855981
2023-02-23,30.6,19.4,0.0,31.126955483004483,25.0,0.0,30.0,0.0,0.0,0.8009803309782905,0.5986906625177214,2,Florida,31.126955483004483,936.3600000000001,900.0,968.8873576409428,952.4848377799373,0.17195647845852013,0.5151539347510733,0.5795473170421475
2023-02-24,31.1,18.3,0.0,31.043001335615575,24.700000000000003,0.0,30.6,0.0,0.0,0.8111602420785621,0.5848239578463322,2,Florida,31.043001335615575,967.21,936.3600000000001,963.6679319230303,965.4373415376444,0.16845838898398227,0.557769166418122,0.6198760865509136
2023-02-25,30.6,20.0,0.0,30.406492212515545,25.3,0.0,31.1,0.0,0.0,0.8211001178128892,0.5707841943569036,2,Florida,30.406492212515545,936.3600000000001,967.21,924.5547686697685,930.4386617029758,0.14193717552148102,0.5956445165504695,0.5511860996792042
2023-02-26,30.0,17.8,0.0,29.167844777777734,23.9,0.0,30.6,0.0,0.0,0.8307970168121247,0.5565755266413303,2,Florida,29.167844777777734,900.0,936.3600000000001,850.7631689805359,875.035343333332,0.09032686574073893,0.5577100645470119,0.4974741708174809
2023-02-27,28.9,17.8,0.0,28.59431378340449,23.35,0.0,30.0,0.0,0.0,0.8402480696078469,0.5422021592729844,2,Florida,28.59431378340449,835.2099999999999,900.0,817.6347807437961,826.3756683403898,0.06642974097518713,0.5150418359134409,0.4160707877761135
2023-02-28,30.0,20.6,0.0,30.454350755555513,25.3,0.0,28.9,0.0,0.0,0.8494504794814806,0.527668345562516,2,Florida,30.454350755555513,900.0,835.2099999999999,927.4674799424047,913.6305226666653,0.1439312814814797,0.444651995281945,0.5090945723022371
2023-03-01,30.0,20.0,0.0,29.689165055555495,25.0,0.0,30.0,0.0,0.0,0.8584015232918917,0.512978386299228,3,Florida,29.689165055555495,900.0,900.0,881.4465216960175,890.6749516666648,0.11204854398147897,0.5150081720567923,0.4913918361066199
2023-03-02,30.6,16.7,0.0,29.505452476764454,23.65,0.0,30.0,0.0,0.0,0.8670985522812081,0.4981366284784055,3,Florida,29.505452476764454,936.3600000000001,900.0,870.5717258586056,902.8668457889924,0.1043938531985189,0.5149969558337365,0.5507824256406386
2023-03-03,31.7,19.4,0.0,31.53111406157112,25.549999999999997,0.0,30.6,0.0,0.0,0.8755389928586302,0.4831474640149687,3,Florida,31.53111406157112,1004.89,936.3600000000001,994.211153963808,999.5363157518045,0.18879641923213,0.5576312161339627,0.6603667411862176
2023-03-04,32.2,22.2,0.0,33.356838967857776,27.200000000000003,0.0,31.7,0.0,0.0,0.8837203473619977,0.4680153284438345,3,Florida,33.356838967857776,1036.8400000000001,1004.89,1112.678705927595,1074.0902147650204,0.26486829032740733,0.643879670430335,0.7251918487312852
2023-03-05,32.2,22.2,7.0,32.76279694388453,27.200000000000003,1.0,32.2,1.0,1.0,0.8916401947968874,0.45274469960737107,3,Florida,32.76279694388453,1036.8400000000001,1036.8400000000001,1073.4008635862097,1054.962061593082,0.24011653932852214,0.6886476025706489,0.7153602277894551
2023-03-06,31.1,21.7,0.0,31.846529894604444,26.4,0.0,32.2,2.0,2.0,0.8992961915530253,0.4373400963303323,3,Florida,31.846529894604444,967.21,1036.8400000000001,1014.2014663279346,990.4270797221983,0.20193874560851852,0.6907514098481404,0.5910771921048874
2023-03-07,30.6,20.0,0.0,30.743255411111097,25.3,0.0,31.1,2.0,2.0,0.9066860720977985,0.4218060770826634,3,Florida,30.743255411111097,936.3600000000001,967.21,945.1477532728118,940.7436155799996,0.15596897546296237,0.5994109896904422,0.5413533525773429
2023-03-08,28.3,18.9,0.0,28.696246040435614,23.6,0.0,30.6,1.0,2.0,0.9138076496466615,0.4061472386305789,3,Florida,28.696246040435614,800.89,936.3600000000001,823.4745368132167,812.1037629443279,0.07067691835148393,0.44745763590014975,0.26849186494041044
2023-03-09,26.7,16.1,0.0,26.53277777777778,21.4,0.0,28.3,0.0,2.0,0.9206588168102428,0.3903682146763026,3,Florida,26.53277777777778,712.89,800.89,703.9882966049385,708.4251666666668,0.0,0.2500178833177412,0.14394469684444644
2023-03-10,29.4,16.7,0.0,29.02254748851555,23.049999999999997,0.0,26.7,0.0,2.0,0.9272375462179537,0.374473674486883,3,Florida,29.02254748851555,864.3599999999999,712.89,842.3082627231402,853.2628961623572,0.08427281202148122,0.19848449278724775,0.2560076197033736
2023-03-11,27.8,17.8,0.0,26.660030820035605,22.8,0.0,29.4,0.0,2.0,0.9335418911179212,0.35846832151248087,3,Florida,26.660030820035605,772.84,864.3599999999999,710.7572433252483,741.1488567969898,0.0,0.29403398874145537,0.16700951467477337
2023-03-12,30.6,14.4,0.0,29.70166993027563,22.5,0.0,27.8,0.0,1.0,0.9395699859530622,0.342356891994542,3,Florida,29.70166993027563,936.3600000000001,772.84,882.1891966470397,908.8710998664344,0.11256958042815131,0.3002734257012159,0.4348992112225181
2023-03-13,25.6,19.4,0.0,26.02027777777778,22.5,0.0,30.6,0.0,0.0,0.945320046913132,0.3261441535642696,3,Florida,26.02027777777778,655.3600000000001,936.3600000000001,677.0548556327161,666.1191111111111,0.0,0.5577697753658991,0.20529779906641343
2023-03-14,23.3,13.9,0.0,22.855555555555565,18.6,0.0,25.6,0.0,0.0,0.9507903724625832,0.3098349038318025,3,Florida,22.855555555555565,542.89,655.3600000000001,522.3764197530868,532.5344444444447,0.0,0.28704096412943814,0.1459854895759927
2023-03-15,21.1,11.1,0.0,20.678888888888892,16.1,0.0,23.3,0.0,0.0,0.9559793438440766,0.2934339689665273,3,Florida,20.678888888888892,445.21000000000004,542.89,427.6164456790125,436.32455555555566,0.0,0.21431110618520538,0.10362297976892135
2023-03-16,25.0,11.1,0.0,24.747777777777774,18.05,0.0,21.1,0.0,0.0,0.9608854255574977,0.27694620226893646,3,Florida,24.747777777777774,625.0,445.21000000000004,612.4525049382714,618.6944444444443,0.0,0.16477031146678028,0.2208591417048897
2023-03-17,28.3,12.8,0.0,27.656826412984522,20.55,0.0,25.0,0.0,0.0,0.9655071658143364,0.2603764827344581,3,Florida,27.656826412984522,800.89,625.0,764.9000472379583,782.688187487462,0.02736776720768841,0.2656634858523891,0.3840089082631769
2023-03-18,29.4,18.9,0.0,29.682065621315626,24.15,0.0,28.3,0.0,0.0,0.969843196967294,0.24372971360968387,3,Florida,29.682065621315626,864.3599999999999,800.89,881.025019548087,872.6527292666793,0.11175273422148442,0.4105845200752009,0.43581285111864965
2023-03-19,18.9,10.6,0.0,22.29083333333332,14.75,0.0,29.4,0.0,0.0,0.9738922359149924,0.22701082094141847,3,Florida,22.29083333333332,357.2099999999999,864.3599999999999,496.8812506944439,421.29674999999975,0.0,0.47574943381605134,0.06799888642358638
2023-03-20,20.0,10.0,0.0,19.367222222222217,15.0,0.0,18.9,0.0,0.0,0.9776530844816641,0.2102247521189836,3,Florida,19.367222222222217,400.0,357.2099999999999,375.0892966049381,387.3444444444443,0.0,0.12927082354347094,0.08831028042557036
2023-03-21,26.7,10.6,0.0,26.65027777777778,18.65,0.0,20.0,0.0,0.0,0.981124629771712,0.19337647441020586,3,Florida,26.65027777777778,712.89,400.0,710.2373056327162,711.5624166666668,0.0,0.14561381057663542,0.30683757478926466
2023-03-22,27.2,14.4,0.0,27.543531976835535,20.8,0.0,26.7,0.0,0.0,0.984305844499033,0.17647097349152166,3,Florida,27.543531976835535,739.8399999999999,712.89,758.6461537589616,749.1840697699265,0.02264716570148062,0.3319279289129236,0.3033306615538492
2023-03-23,30.0,15.0,0.0,29.36368185555555,22.5,0.0,27.2,0.0,0.0,0.9871957872910085,0.15951325197263655,3,Florida,29.36368185555555,900.0,739.8399999999999,862.2258121142823,880.9104556666665,0.09848674398148131,0.3547373162069803,0.4881229682021287
2023-03-24,30.6,16.1,0.0,30.406492212515545,23.35,0.0,30.0,0.0,0.0,0.9897936029670716,0.14250832791617088,3,Florida,30.406492212515545,936.3600000000001,900.0,924.5547686697685,930.4386617029758,0.14193717552148102,0.5156929336642179,0.5319916460643869
2023-03-25,32.8,21.1,0.0,33.680797364284345,26.95,0.0,30.6,0.0,0.0,0.992098522791769,0.12546123335273648,3,Florida,33.680797364284345,1075.84,936.3600000000001,1134.3961110939833,1104.7301535485265,0.278366556845181,0.558450510752567,0.7525617357661943
2023-03-26,33.3,22.2,0.0,33.680797364284345,27.75,0.0,32.8,1.0,1.0,0.9941098647022418,0.10837701279187609,3,Florida,33.680797364284345,1108.8899999999999,1075.84,1134.3961110939833,1121.5705522306687,0.278366556845181,0.7437969009291235,0.7735359169785527
2023-03-27,32.8,23.3,0.0,32.69984507868445,28.049999999999997,0.0,33.3,2.0,2.0,0.9958270335100595,0.09126072172931188,3,Florida,32.69984507868445,1075.84,1108.8899999999999,1069.2798681699635,1072.5549185808497,0.2374935449451853,0.7934827281198926,0.6883582103515418
2023-03-28,31.7,21.7,0.0,32.023305295084555,26.7,0.0,32.8,3.0,3.0,0.9972495210773451,0.07411742515094437,3,Florida,32.023305295084555,1004.89,1075.84,1025.4920820221905,1015.1387778541804,0.20930438729518977,0.7483662662278906,0.5923281895788914
2023-03-29,26.7,18.9,0.0,29.300882540051173,22.799999999999997,0.0,31.7,2.0,3.0,0.998376906467142,0.056952196034039754,3,Florida,29.300882540051173,712.89,1004.89,858.5417176258757,782.3335638193663,0.09587010583546555,0.5251838615000466,0.18754161107915077
2023-03-30,27.8,17.2,0.0,27.310157834435607,22.5,0.0,26.7,1.0,3.0,0.9992088560679753,0.03977011384605572,3,Florida,27.310157834435607,772.84,712.89,745.8447209417845,759.2223877973099,0.012923243101483628,0.19982494644044382,0.16085108571176732
2023-03-31,29.4,16.7,0.0,29.083513312415594,23.049999999999997,0.0,27.8,0.0,3.0,0.9997451236925734,0.022576263041545485,3,Florida,29.083513312415594,864.3599999999999,772.84,845.850746593455,855.0552913850184,0.08681305468398308,0.17901207199815725,0.1653790116957795
2023-04-01,32.2,18.9,0.0,32.19925999255788,25.55,0.0,29.4,0.0,3.0,0.9999855506507186,0.005375731557583884,4,Florida,32.19925999255788,1036.8400000000001,864.3599999999999,1036.7923440683383,1036.8161717603637,0.21663583302324488,0.2281644973108341,0.30200416329062135
2023-04-02,32.2,22.8,0.0,31.297374850524463,27.5,0.0,32.2,1.0,3.0,0.9999300657962057,-0.011826390691832589,4,Florida,31.297374850524463,1036.8400000000001,1036.8400000000001,979.5256725342412,1007.7754701868878,0.1790572854385193,0.44916802812790096,0.35272122184676985
2023-04-03,32.2,22.2,0.0,32.94917448145782,27.200000000000003,0.0,32.2,2.0,3.0,0.9995786855478958,-0.029025013321975237,4,Florida,32.94917448145782,1036.8400000000001,1036.8400000000001,1085.648099009551,1060.9634183029418,0.24788227006074237,0.5634750422399716,0.5055675897166658
2023-04-04,33.3,22.2,0.0,33.61686139803551,27.75,0.0,32.2,3.0,3.0,0.9989315138848577,-0.046215046983708354,4,Florida,33.61686139803551,1108.8899999999999,1036.8400000000001,1130.09337025473,1119.4414845545823,0.2757025582514796,0.6948943157915188,0.7496778484736607
2023-04-05,32.2,21.1,0.0,32.755005308284495,26.650000000000002,0.0,33.3,3.0,4.0,0.9979887423155984,-0.06339140486951038,4,Florida,32.755005308284495,1036.8400000000001,1108.8899999999999,1072.8903727457455,1054.7111709267608,0.23979188784518732,0.657076837989087,0.4985214712156054
2023-04-06,32.8,21.1,0.0,32.69984507868445,26.95,0.0,32.2,3.0,5.0,0.9967506498213929,-0.08054900421874167,4,Florida,32.69984507868445,1075.84,1036.8400000000001,1069.2798681699635,1072.5549185808497,0.2374935449451853,0.4527641460934214,0.41879524450446376
2023-04-07,32.2,21.1,0.0,33.57033428108443,26.650000000000002,0.0,32.8,3.0,6.0,0.9952176027737294,-0.09768276782171598,4,Florida,33.57033428108443,1036.8400000000001,1075.84,1126.9673437437523,1080.9647638509186,0.2737639283785178,0.39245807852233167,0.29628114242484327
2023-04-08,31.7,20.0,0.0,31.232713954984572,25.85,0.0,32.2,3.0,7.0,0.9933900548258936,-0.11478762552212701,4,Florida,31.232713954984572,1004.89,1036.8400000000001,975.482420993888,990.0770323730109,0.1763630814576905,0.27869798693582704,0.17436798278737586
2023-04-09,25.6,19.4,0.0,28.751274357351114,22.5,0.0,31.7,2.0,6.0,0.9912685467787256,-0.13185851571739118,4,Florida,28.751274357351114,655.3600000000001,1004.89,826.6357771716757,736.0326235481886,0.07296976488962977,0.2559411430195691,0.04906166840926096
2023-04-10,26.7,17.8,0.0,27.195764459617777,22.25,0.0,25.6,1.0,5.0,0.9888537064205885,-0.1488903868564548,4,Florida,27.195764459617777,712.89,655.3600000000001,739.6096045430094,726.1269110717947,0.00815685248407405,0.09929459488902924,0.061332476301609117
2023-04-11,26.1,17.2,0.0,25.96805555555556,21.65,0.0,26.7,0.0,4.0,0.986146248341595,-0.16587819893463143,4,Florida,25.96805555555556,681.21,712.89,674.33990933642,677.7662500000001,0.0,0.11610325991882935,0.05182144279683656
2023-04-12,26.1,20.0,0.0,26.059444444444452,23.05,0.0,26.1,0.0,3.0,0.9831469737221499,-0.1828169249850199,4,Florida,26.059444444444452,681.21,681.21,679.0946447530869,680.1515000000003,0.0,0.14005944989578023,0.07052549975279541
2023-04-13,31.1,20.6,0.0,32.39278539805116,25.85,0.0,26.1,0.0,2.0,0.9798567700958665,-0.1997015525660636,4,Florida,32.39278539805116,967.21,681.21,1049.2925458441964,1007.4156258793911,0.224699391585465,0.1835533710931431,0.3222852317216312
2023-04-14,31.1,22.2,0.0,31.887677555555513,26.65,0.0,31.1,0.0,1.0,0.9762766110869321,-0.21652708524481437,4,Florida,31.887677555555513,967.21,967.21,1016.8239798870788,991.7067719777765,0.2036532314814797,0.4812697988007196,0.3893518051294145
2023-04-15,32.8,21.7,0.0,34.016651047591154,27.25,0.0,31.1,0.0,0.0,0.9724075561219968,-0.23328854407545518,4,Florida,34.016651047591154,1075.84,967.21,1157.1325484935844,1115.7461543609897,0.2923604603162981,0.5989385094143223,0.7011411381395607
2023-04-16,31.7,21.7,0.0,33.19595416537561,26.7,0.0,32.8,1.0,1.0,0.9682507501166718,-0.2499809690726521,4,Florida,33.19595416537561,1004.89,1075.84,1101.9713729497184,1052.3117470424068,0.25816475689065044,0.7467561114190735,0.5779415198907688
2023-04-17,24.4,18.3,0.0,25.20472222222223,21.35,0.0,31.7,1.0,1.0,0.9638074231367307,-0.26659942067929354,4,Florida,25.20472222222223,595.3599999999999,1004.89,635.2780222993831,614.9952222222224,0.0,0.6498161157266766,0.1344257442903124
2023-04-18,27.2,15.0,0.0,26.506666666666668,21.1,0.0,24.4,1.0,1.0,0.9590788900341131,-0.28313898122818354,4,Florida,26.506666666666668,739.8399999999999,595.3599999999999,702.6033777777778,720.9813333333334,0.0,0.24884214702653848,0.25466625068204385
2023-04-19,28.3,15.0,0.0,27.932119356095637,21.65,0.0,27.2,0.0,1.0,0.9540665500578387,-0.2995947563972602,4,Florida,27.932119356095637,800.89,739.8399999999999,780.2032917231725,790.4789777775065,0.038838306503984864,0.2783918835483884,0.22922480194445405
2023-04-20,28.9,17.8,0.0,28.50576934161565,23.35,0.0,28.3,0.0,1.0,0.9487718864399473,-0.31596187665790293,4,Florida,28.50576934161565,835.2099999999999,800.89,812.5788857573948,823.8167339726923,0.06274038923398544,0.3247264591507017,0.24464820113999816
2023-04-21,30.0,18.9,0.0,30.454350755555513,24.45,0.0,28.9,0.0,1.0,0.9431964659565866,-0.33223549871590435,4,Florida,30.454350755555513,900.0,835.2099999999999,927.4674799424047,913.6305226666653,0.1439312814814797,0.35347536723954676,0.3130975782849175
2023-04-22,31.7,21.1,0.0,32.023305295084555,26.4,0.0,30.0,0.0,1.0,0.9373419384643772,-0.3484108069446808,4,Florida,32.023305295084555,1004.89,900.0,1025.4920820221905,1015.1387778541804,0.20930438729518977,0.4130757880187608,0.4231463366003659
2023-04-23,29.4,21.1,0.0,29.682065621315626,25.25,0.0,31.7,0.0,0.0,0.9312100364121947,-0.3644830148102912,4,Florida,29.682065621315626,864.3599999999999,1004.89,881.025019548087,872.6527292666793,0.11175273422148442,0.6488696381443599,0.3434926106519357
2023-04-24,27.8,20.0,0.0,28.957169045315645,23.9,0.0,29.4,0.0,0.0,0.9248025743285089,-0.38044736628785164,4,Florida,28.957169045315645,772.84,864.3599999999999,838.5176391189866,805.009299459775,0.0815487102214852,0.4796392223802589,0.2649766992981572
2023-04-25,29.4,18.2,0.0,30.915363245315625,23.799999999999997,0.0,27.8,0.0,0.0,0.9181214482844364,-0.39629913726891813,4,Florida,30.915363245315625,864.3599999999999,772.84,955.7596845898122,908.9116794122793,0.16314013522148438,0.38752421975859025,0.38844211802673834
2023-04-26,30.0,20.6,0.0,31.539548077777795,25.3,0.0,29.4,0.0,0.0,0.9111686353326631,-0.41203363695942635,4,Florida,31.539548077777795,900.0,864.3599999999999,994.743092950457,946.1864423333338,0.18914783657407477,0.4799608218318072,0.4161357954375831
2023-04-27,31.7,20.0,0.0,33.820934725784504,25.85,0.0,30.0,0.0,0.0,0.9039461929224011,-0.42764620926777464,4,Florida,33.820934725784504,1004.89,900.0,1143.8556257257762,1072.1236308073687,0.2842056135743543,0.5200041960091165,0.5915567703814386
2023-04-28,30.0,19.4,0.3,32.25272841111113,24.7,1.0,31.7,0.0,0.0,0.8964562582905575,-0.44313223418263453,4,Florida,32.25272841111113,900.0,1004.89,1040.238489960895,967.5818523333338,0.21886368379629703,0.6498529567350948,0.43577779218419216
2023-04-29,30.0,21.7,0.0,33.03359425555552,25.85,0.0,30.0,0.0,0.0,0.8887010478292915,-0.45848712914008766,4,Florida,33.03359425555552,900.0,900.0,1091.2183494406706,991.0078276666657,0.2513997606481467,0.5203582368655073,0.43321519192372215
2023-04-30,27.8,20.6,0.0,27.624331573457855,24.200000000000003,0.0,30.0,0.0,0.0,0.8806828564301475,-0.47370635037968,4,Florida,27.624331573457855,772.84,900.0,763.1036948803405,767.9564177421283,0.026013815560743964,0.5205386196870079,0.2380281160367055
2023-05-01,30.0,18.3,0.0,29.36368185555555,24.15,0.0,27.8,0.0,0.0,0.8724040568049612,-0.48878539428899265,5,Florida,29.36368185555555,900.0,772.84,862.2258121142823,880.9104556666665,0.09848674398148131,0.38838082606317087,0.3840115894747216
2023-05-02,30.6,19.4,0.0,30.276920798631156,25.0,0.0,30.0,0.0,0.0,0.8638670987837349,-0.503719798736334,5,Florida,30.276920798631156,936.3600000000001,900.0,916.6919330465839,926.4737764381134,0.1365383666096315,0.5209058508178881,0.42138469022528274
2023-05-03,30.0,20.6,0.0,28.18643024444445,25.3,0.0,30.6,0.0,0.0,0.8550745085896932,-0.518505144391157,5,Florida,28.18643024444445,900.0,936.3600000000001,794.4748499249328,845.5929073333334,0.04943459351851868,0.5640638548094541,0.3410049046186683
2023-05-04,30.0,17.8,0.0,28.495979977777786,23.9,0.0,30.0,0.0,0.0,0.8460288880917339,-0.533137056031809,5,Florida,28.495979977777786,900.0,900.0,812.0208748939125,854.8793993333336,0.06233249907407442,0.5212813491907077,0.3601001238636115
2023-05-05,30.6,18.9,0.0,30.680156280497766,24.75,0.0,30.0,0.0,0.0,0.8367329140344921,-0.5476112038402312,5,Florida,30.680156280497766,936.3600000000001,900.0,941.2719893957665,938.8127821832317,0.15333984502074025,0.5214720636805467,0.42593476301034167
2023-05-06,28.3,21.1,0.0,29.543688464791305,24.700000000000003,0.0,30.6,0.0,0.0,0.8271893372462497,-0.5619233046832195,5,Florida,29.543688464791305,800.89,936.3600000000001,872.8295281046428,836.0863835535939,0.10598701936630439,0.5646666272950008,0.26858055313226925
2023-05-07,28.3,18.9,0.0,28.246993170957833,23.6,0.0,28.3,0.0,0.0,0.8174009818249189,-0.5760691233798758,5,Florida,28.246993170957833,800.89,800.89,797.8926232001385,799.3899067381067,0.05195804878990969,0.41613050806775476,0.26647670582876437
2023-05-08,31.1,17.8,0.0,30.759003960051196,24.450000000000003,0.0,28.3,0.0,0.0,0.8073707443023492,-0.5900444739548627,5,Florida,30.759003960051196,967.21,800.89,946.1163246144451,956.6050231575922,0.15662516500213317,0.4162972571158308,0.46687586741529563
2023-05-09,31.7,20.0,0.0,31.53111406157112,25.85,0.0,31.1,0.0,0.0,0.7971015927871943,-0.6038452208771035,5,Florida,31.53111406157112,1004.89,967.21,994.211153963808,999.5363157518045,0.18879641923213,0.6035106735679036,0.498893397452875
2023-05-10,33.9,21.1,0.0,34.5413827922756,27.5,0.0,31.7,0.0,0.0,0.7865965660866021,-0.6174672802835514,5,Florida,34.5413827922756,1149.2099999999998,1004.89,1193.1071252025129,1170.9528766581427,0.31422428301148325,0.6524638139390397,0.7451222150786962
2023-05-11,33.3,23.3,0.0,35.22748101695786,28.299999999999997,0.0,33.9,1.0,1.0,0.7758587728069828,-0.6309066211876704,5,Florida,35.22748101695786,1108.8899999999999,1149.2099999999998,1240.9754188001264,1173.0751178646967,0.3428117090399108,0.8593560824499294,0.687240721907611
2023-05-12,32.2,21.7,0.0,34.016651047591154,26.950000000000003,0.0,33.3,2.0,2.0,0.7648913904341225,-0.6441592666722685,5,Florida,34.016651047591154,1036.8400000000001,1108.8899999999999,1157.1325484935844,1095.3361637324354,0.2923604603162981,0.8022984446154103,0.5720878503354087
2023-05-13,30.6,22.2,0.0,31.96842908860448,26.4,0.0,32.2,3.0,3.0,0.753697664392914,-0.6572212950663319,5,Florida,31.96842908860448,936.3600000000001,1036.8400000000001,1021.9804583931331,978.2339301112971,0.20701787869185337,0.7025059137499222,0.40754012141636337
2023-05-14,31.7,20.0,0.0,32.19925999255788,25.85,0.0,30.6,2.0,3.0,0.742280907086982,-0.6700888411055113,5,Florida,32.19925999255788,1004.89,936.3600000000001,1036.7923440683383,1020.7165417640847,0.21663583302324488,0.45654879736933235,0.38575002084965987
2023-05-15,32.2,20.0,0.0,32.21115006887111,26.1,0.0,31.7,1.0,3.0,0.7306444969184916,-0.6827580970759147,5,Florida,32.21115006887111,1036.8400000000001,1004.89,1037.5581887593355,1037.19903221765,0.21713125286962973,0.4230047341440539,0.3090489557078724
2023-05-16,32.8,21.7,0.0,33.267316841991125,27.25,0.0,32.2,1.0,4.0,0.7187918772884232,-0.6952253139408722,5,Florida,33.267316841991125,1075.84,1036.8400000000001,1106.7143698654263,1091.1679924173088,0.2611382017496302,0.3596944571682929,0.25957047698715807
2023-05-17,33.9,24.4,0.0,35.513380247404434,29.15,0.0,32.8,2.0,5.0,0.7067265555776158,-0.7074868024503348,5,Florida,35.513380247404434,1149.2099999999998,1075.84,1261.2001765967354,1203.9035903870104,0.35472417697518477,0.39661447223714197,0.3442019323101993
2023-05-18,33.3,22.2,7.8,34.492084111084516,27.75,1.0,33.9,3.0,5.0,0.6944521021088763,-0.719538934232584,5,Florida,34.492084111084516,1108.8899999999999,1149.2099999999998,1189.703866326129,1148.5864008991143,0.31217017129518815,0.5882387432553315,0.4047209953891827
2023-05-19,32.2,21.7,0.0,34.73444154748442,26.950000000000003,0.0,33.3,3.0,5.0,0.6819721490904629,-0.7313781428679254,5,Florida,34.73444154748442,1036.8400000000001,1108.8899999999999,1206.4814296156121,1118.4490178289984,0.32226839781185096,0.5397419475774282,0.3380856590573754
2023-05-20,31.7,23.3,18.4,35.55203763279115,27.5,1.0,32.2,3.0,5.0,0.6692903895412567,-0.7430009249440493,5,Florida,35.55203763279115,1004.89,1036.8400000000001,1263.947379843398,1126.9995929594793,0.3563349013662978,0.459697726012123,0.32975817973397187
2023-05-21,32.2,23.9,0.0,34.7744635280245,28.05,0.0,31.7,2.0,5.0,0.6564105761979381,-0.7544038410927472,5,Florida,34.7744635280245,1036.8400000000001,1004.89,1209.263313661906,1119.737725602389,0.32393598033435406,0.33469646569461253,0.24326825215605286
2023-05-22,32.2,22.8,0.0,34.48873600083557,27.5,0.0,32.2,2.0,6.0,0.6433365204044917,-0.765583517007675,5,Florida,34.48873600083557,1036.8400000000001,1036.8400000000001,1189.4729109353318,1110.5372992269056,0.3120306667014822,0.28242831796101614,0.17420021786814688
2023-05-23,31.1,22.2,13.5,33.78802762316448,26.65,1.0,32.2,2.0,6.0,0.6300720909843687,-0.7765366444428655,5,Florida,33.78802762316448,967.21,1036.8400000000001,1141.630810663726,1050.8076590804153,0.28283448429852004,0.2825620534607422,0.13937927911592699
2023-05-24,27.2,22.8,0.0,29.105816139857836,25.0,0.0,31.1,2.0,5.0,0.6166212130956382,-0.7872599821916922,5,Florida,29.105816139857836,739.8399999999999,967.21,847.1485331672089,791.6781990041331,0.08774233916074319,0.30524937975200817,0.0685725588241642
2023-05-25,29.4,21.7,0.0,30.6159912848178,25.549999999999997,0.0,27.2,1.0,4.0,0.6029878670694714,-0.7977503570459932,5,Florida,30.6159912848178,864.3599999999999,739.8399999999999,937.3389223520394,900.1101437736432,0.15066630353407495,0.16809126739731686,0.11905462029873494
2023-05-26,27.8,21.7,0.0,29.697203661351164,24.75,0.0,29.4,0.0,3.0,0.5891760872322963,-0.8080046647350754,5,Florida,29.697203661351164,772.84,864.3599999999999,881.923905303769,825.5822617855624,0.11238348588963183,0.23309765654031825,0.08161434965608215
2023-05-27,27.8,17.8,0.0,28.39887615283563,22.8,0.0,27.8,0.0,2.0,0.5751899607119775,-0.8180198708443174,5,Florida,28.39887615283563,772.84,772.84,806.4961667440963,789.4887570488305,0.05828650636815125,0.23831392677944296,0.11721252908902374
2023-05-28,30.0,18.3,0.0,30.454350755555513,24.15,0.0,27.8,0.0,2.0,0.5610336262283677,-0.8277930117131022,5,Florida,30.454350755555513,900.0,772.84,927.4674799424047,913.6305226666653,0.1439312814814797,0.23843116559959185,0.19124341749129792
2023-05-29,29.4,21.1,0.0,29.336038526595594,25.25,0.0,30.0,0.0,1.0,0.5467112728685939,-0.8373211953118121,5,Florida,29.336038526595594,864.3599999999999,900.0,860.603156433901,862.4795326819104,0.09733493860814975,0.4192922790609507,0.20874198827650134
2023-05-30,31.1,21.7,0.0,31.348378167197765,26.4,0.0,29.4,0.0,0.0,0.5322271388474397,-0.8466016020976267,5,Florida,31.348378167197765,967.21,864.3599999999999,982.7208137136415,974.9345609998505,0.18118242363324022,0.48646790825734726,0.4094291915630082
2023-05-31,30.0,22.8,0.0,32.25272841111113,26.4,0.0,31.1,0.0,0.0,0.5175855102531889,-0.8556314858488706,5,Florida,32.25272841111113,900.0,967.21,1040.238489960895,967.5818523333338,0.21886368379629703,0.6086375010286482,0.3488704887250105
2023-06-01,30.0,22.2,0.0,32.50994487721565,26.1,0.0,30.0,0.0,0.0,0.5027907197793043,-0.8644081744776648,6,Florida,32.50994487721565,900.0,900.0,1056.8965159196002,975.2983463164695,0.22958103655065218,0.5271484186259312,0.35883191040094053
2023-06-02,31.7,22.8,0.0,34.7744635280245,27.25,0.0,30.0,0.0,0.0,0.4878471454423119,-0.8729290708206411,6,Florida,34.7744635280245,1004.89,900.0,1209.263313661906,1102.3504938383765,0.32393598033435406,0.5273698417022694,0.5185695775422877
2023-06-03,30.0,22.2,0.0,32.25272841111113,26.1,0.0,31.7,0.0,0.0,0.47275920928627757,-0.881191653407483,6,Florida,32.25272841111113,900.0,1004.89,1040.238489960895,967.5818523333338,0.21886368379629703,0.6583592363638926,0.3459410693891596
2023-06-04,30.0,22.2,0.0,31.887677555555513,26.1,0.0,30.0,0.0,0.0,0.4575313760742512,-0.8891934772070711,6,Florida,31.887677555555513,900.0,900.0,1016.8239798870788,956.6303266666654,0.2036532314814797,0.5278131647507727,0.3429894415951311
2023-06-05,30.0,22.2,0.0,31.20833997777773,26.1,0.0,30.0,0.0,0.0,0.44216815196707204,-0.8969321743510065,6,Florida,31.20833997777773,900.0,900.0,973.9604841685597,936.2501993333319,0.17534749907407207,0.5280349336098037,0.32978141843822795
2023-06-06,31.7,21.1,0.0,32.76279694388453,26.4,0.0,30.0,0.0,0.0,0.42667408318992467,-0.9044054548343001,6,Florida,32.76279694388453,1004.89,900.0,1073.4008635862097,1038.5806631211397,0.24011653932852214,0.5282566864865179,0.47039947739765525
2023-06-07,29.4,21.7,0.0,32.25745578348452,25.549999999999997,0.0,31.7,0.0,0.0,0.4110537546870351,-0.9116111071930239,6,Florida,32.25745578348452,864.3599999999999,1004.89,1040.5434536234586,948.3692000344447,0.2190606576451882,0.6593758744308619,0.3114296584714057
2023-06-08,31.1,22.8,2.0,34.80727677236455,26.950000000000003,1.0,29.4,0.0,0.0,0.3953117887649151,-0.9185469991587165,6,Florida,34.80727677236455,967.21,864.3599999999999,1211.546516307989,1082.5063076205377,0.32530319884852305,0.4883553235392096,0.4792187414944153
2023-06-09,32.8,23.3,0.0,34.59215684108437,28.049999999999997,0.0,31.1,0.0,0.0,0.37945284372454435,-0.925211078289358,6,Florida,34.59215684108437,1075.84,967.21,1196.61731491818,1134.622744387567,0.3163398683785153,0.6108232982198293,0.5768442554253669
2023-06-10,32.8,23.3,10.1,35.09003579559113,28.049999999999997,1.0,32.8,1.0,1.0,0.36348161248290634,-0.9316013725767187,6,Florida,35.09003579559113,1075.84,1075.84,1231.3106121358667,1150.953174095389,0.337084824816297,0.7602150297790075,0.594242670823689
2023-06-11,32.8,22.8,0.0,36.100147751724435,27.799999999999997,0.0,32.8,2.0,2.0,0.3474028211842774,-0.9377159910299093,6,Florida,36.100147751724435,1075.84,1075.84,1303.2206676963349,1184.0848462565614,0.3791728229885181,0.7626893864215807,0.6158671236676188
2023-06-12,33.9,23.9,0.0,37.21448419023117,28.9,0.0,32.8,3.0,3.0,0.3312212278016865,-0.9435531242349544,6,Florida,37.21448419023117,1149.2099999999998,1075.84,1384.9178335449656,1261.5710140488366,0.4256035079262987,0.7651667364092671,0.7364239236957878
2023-06-13,34.4,24.4,0.0,37.598498363004396,29.4,0.0,33.9,3.0,4.0,0.31494162072895193,-0.9491110448902284,6,Florida,37.598498363004396,1183.36,1149.2099999999998,1413.6470791528443,1293.3883436873512,0.4416040984585165,0.7273712162546835,0.6368914210167539
2023-06-14,35.0,25.0,0.0,40.288316255555614,30.0,0.0,34.4,3.0,5.0,0.2985688173637202,-0.9543881083175908,6,Florida,40.288316255555614,1225.0,1183.36,1623.1484267076667,1410.0910689444465,0.553679843981484,0.6381977002434992,0.6390570761806518
2023-06-15,35.0,21.7,0.0,38.15792965555557,28.35,0.0,35.0,3.0,6.0,0.2821076626819194,-0.9593827529490743,6,Florida,38.15792965555557,1225.0,1225.0,1456.0275955983273,1335.527537944445,0.46491373564814875,0.5646340123021009,0.44884932619417645
2023-06-16,33.3,22.2,0.0,37.51950270193562,27.75,0.0,35.0,3.0,7.0,0.26556302780405594,-0.9640935007889755,6,Florida,37.51950270193562,1108.8899999999999,1225.0,1407.7130830005544,1249.399439974456,0.4383126125806509,0.4520482795058612,0.2359713290171221
2023-06-17,31.1,21.7,0.0,33.44940924444435,26.4,0.0,33.3,3.0,7.0,0.24893980855376657,-0.9685189578512204,6,Florida,33.44940924444435,967.21,1108.8899999999999,1118.8629788023188,1040.2766275022193,0.26872538518518113,0.343385367116242,0.1178047552637412
2023-06-18,32.8,21.7,0.0,37.67863462375107,27.25,0.0,31.1,2.0,6.0,0.23224292400907015,-0.9726578145718654,6,Florida,37.67863462375107,1075.84,967.21,1419.679507110133,1235.859215659035,0.4449431093229614,0.2394087079333733,0.22690504452244326
2023-06-19,34.4,22.8,0.0,38.58431805415117,28.6,0.0,32.8,2.0,6.0,0.21547731504673012,-0.976508846196619,6,Florida,38.58431805415117,1183.36,1075.84,1488.749599703896,1327.3005410628002,0.48267991892296536,0.3156130996171197,0.3134065177517017
2023-06-20,31.1,21.7,0.0,35.845619555884504,26.4,0.0,34.4,2.0,6.0,0.19864794288017112,-0.9800709131432666,6,Florida,35.845619555884504,967.21,1183.36,1284.9084413452097,1114.7987681880081,0.36856748149518764,0.4096014073521111,0.13739865333948834
2023-06-21,29.4,21.7,0.0,32.62913009207105,25.549999999999997,0.0,31.1,2.0,5.0,0.18175978759137534,-0.9833429613388902,6,Florida,32.62913009207105,864.3599999999999,967.21,1064.6601305652966,959.2964247068888,0.23454708716962713,0.3093140158894931,0.11495010140708677
2023-06-22,32.2,21.1,0.0,38.18538774865792,26.650000000000002,0.0,29.4,1.0,4.0,0.16481784665719793,-0.9863240225317866,6,Florida,38.18538774865792,1036.8400000000001,864.3599999999999,1458.1238375153541,1229.569485506785,0.46605782286074654,0.23715221778677706,0.29344148914479523
2023-06-23,31.7,22.2,0.0,35.55203763279115,26.95,0.0,32.2,1.0,4.0,0.14782713347053048,-0.9890132145779883,6,Florida,35.55203763279115,1004.89,1036.8400000000001,1263.947379843398,1126.9995929594793,0.3563349013662978,0.36596807199231984,0.21058385361842877
2023-06-24,32.8,23.3,0.0,37.67863462375107,28.049999999999997,0.0,31.7,1.0,3.0,0.13079267585675922,-0.9914097417023038,6,Florida,37.67863462375107,1075.84,1004.89,1419.679507110133,1235.859215659035,0.4449431093229614,0.4304773551066099,0.395151207783734
2023-06-25,32.8,23.9,0.0,34.59215684108437,28.349999999999998,0.0,32.8,2.0,4.0,0.11371951458594969,-0.9935128947338007,6,Florida,34.59215684108437,1075.84,1075.84,1196.61731491818,1134.622744387567,0.3163398683785153,0.5079161388607195,0.3140914879354526
2023-06-26,33.9,23.3,0.0,36.32746605479784,28.6,0.0,32.8,2.0,4.0,0.0966127018812031,-0.9953220513156602,6,Florida,36.32746605479784,1149.2099999999998,1075.84,1319.6847899624893,1231.5010992576467,0.3886444189499099,0.5081173267034705,0.4239545088620612
2023-06-27,34.4,25.0,0.0,39.64739735793769,29.7,0.0,33.9,3.0,4.0,0.07947729992362097,-0.9968366760893436,6,Florida,39.64739735793769,1183.36,1149.2099999999998,1571.9161172582046,1363.8704691130565,0.5269748899140705,0.7309698636994644,0.6913138365506112
2023-06-28,33.9,25.6,18.0,40.31313256477118,29.75,1.0,34.4,3.0,5.0,0.062318379354325076,-0.998056320853012,6,Florida,40.31313256477118,1149.2099999999998,1183.36,1625.1486571848145,1366.615193945743,0.5547138568654658,0.6415390077369191,0.5396414856199205
2023-06-29,33.9,24.4,0.0,38.17443465370449,29.15,0.0,33.9,3.0,6.0,0.04514101777397193,-0.9989806246941579,6,Florida,38.17443465370449,1149.2099999999998,1149.2099999999998,1457.287461129954,1294.1133347605821,0.46560144390435365,0.4806251580166407,0.3522828961227936
2023-06-30,32.8,23.9,0.0,36.931999601315574,28.349999999999998,0.0,33.9,3.0,6.0,0.02795029824021032,-0.999609314096404,6,Florida,36.931999601315574,1075.84,1149.2099999999998,1363.9725945515738,1211.3695869231508,0.41383331672148227,0.48081305719427736,0.26678816471772865
2023-07-01,33.3,25.0,0.0,38.16772704802459,29.15,0.0,32.8,3.0,7.0,0.01075130776352193,-0.9999422030204416,7,Florida,38.16772704802459,1108.8899999999999,1075.84,1456.7753880125078,1270.9853106992186,0.46532196033435785,0.31851285910513805,0.23297447155814813
2023-07-02,34.4,23.9,0.0,37.84634757387565,29.15,0.0,33.3,3.0,7.0,-0.00645086419810515,-0.9999791929590823,7,Florida,37.84634757387565,1183.36,1108.8899999999999,1432.346024682603,1301.9143565413221,0.4519311489114853,0.3456459982209407,0.28040505854146125
2023-07-03,36.1,26.1,11.7,41.090860604495596,31.1,1.0,34.4,3.0,7.0,-0.023651127245231586,-0.9997202729664083,7,Florida,41.090860604495596,1303.21,1183.36,1688.4588252180881,1483.380067822291,0.5871191918539832,0.413318548223044,0.4724230808418732
2023-07-04,35.0,23.9,0.0,42.31544614444459,29.45,0.0,36.1,3.0,7.0,-0.04084439154329611,-0.9991655196610109,7,Florida,42.31544614444459,1225.0,1303.21,1790.5969824033907,1481.0406150555607,0.638143589351858,0.5421685970048992,0.4332677871759736
2023-07-05,35.0,24.4,1.3,41.8917068777778,29.7,1.0,35.0,3.0,7.0,-0.05802556932878035,-0.9983150972033183,7,Florida,41.8917068777778,1225.0,1225.0,1754.9151051336557,1466.209740722223,0.620487786574075,0.45556096134924856,0.4285118243168201
2023-07-06,33.3,25.6,0.0,39.011986261617736,29.45,0.0,35.0,3.0,7.0,-0.07518957641475855,-0.9971692572470178,7,Florida,39.011986261617736,1108.8899999999999,1225.0,1521.935072076651,1299.0991425118705,0.5004994275674056,0.45573197925069736,0.24005561243831286
2023-07-07,32.2,26.1,0.0,38.18538774865792,29.150000000000002,0.0,33.3,3.0,7.0,-0.09233133369539122,-0.9957283388645872,7,Florida,38.18538774865792,1036.8400000000001,1108.8899999999999,1458.1238375153541,1229.569485506785,0.46605782286074654,0.3463445815680952,0.1837432963024169
2023-07-08,30.0,25.6,0.0,35.03801755555546,27.8,0.0,32.2,3.0,7.0,-0.10944576864891556,-0.993992768446958,7,Florida,35.03801755555546,900.0,1036.8400000000001,1227.6626742234128,1051.1405266666638,0.3349173981481443,0.2897577790952031,0.09556671185330592
2023-07-09,33.9,25.6,0.0,40.31313256477118,29.75,0.0,30.0,2.0,6.0,-0.12652781683868314,-0.9919630595773397,7,Florida,40.31313256477118,1149.2099999999998,900.0,1625.1486571848145,1366.615193945743,0.5547138568654658,0.2026935709293571,0.31131568961262124
2023-07-10,33.3,25.0,0.0,38.846038964051104,29.15,0.0,33.9,2.0,6.0,-0.1435724234118113,-0.9896398128792412,7,Florida,38.846038964051104,1108.8899999999999,1149.2099999999998,1509.0147431965765,1293.5730975029016,0.49358495683546266,0.38081156318368004,0.24067671664591064
2023-07-11,30.6,25.0,8.6,36.83391274444452,27.8,1.0,33.3,2.0,6.0,-0.16057454459499376,-0.9870237158387383,7,Florida,36.83391274444452,936.3600000000001,1108.8899999999999,1356.7371280653524,1127.1177299800024,0.4097463643518549,0.3455733445612801,0.12655825483641012
2023-07-12,32.8,25.6,0.0,38.85073410243562,29.2,0.0,30.6,2.0,5.0,-0.17752914918703497,-0.984115542601034,7,Florida,38.85073410243562,1075.84,936.3600000000001,1509.3795402981539,1274.304078559888,0.493780587601484,0.28882076144544594,0.3051095262648734
2023-07-13,33.9,25.0,0.0,40.31313256477118,29.45,0.0,32.8,2.0,5.0,-0.19443122004766195,-0.9809161537413774,7,Florida,40.31313256477118,1149.2099999999998,1075.84,1625.1486571848145,1366.615193945743,0.5547138568654658,0.4064058671167848,0.4073646315174163
2023-07-14,33.9,25.6,0.0,41.090860604495596,29.75,0.0,33.9,2.0,5.0,-0.2112757555821793,-0.9774264960104055,7,Florida,41.090860604495596,1149.2099999999998,1149.2099999999998,1688.4588252180881,1392.9801744924007,0.5871191918539832,0.4815816847678718,0.4249289729856331
2023-07-15,33.3,25.0,13.5,39.554438450015674,29.15,1.0,33.9,3.0,5.0,-0.2280577712215198,-0.9736476020539838,7,Florida,39.554438450015674,1108.8899999999999,1149.2099999999998,1564.5536010960784,1317.162800385522,0.5231016020839864,0.6012671308386529,0.46395167821409605
2023-07-16,32.2,25.0,5.9,38.18538774865792,28.6,1.0,33.3,3.0,6.0,-0.24477230089725957,-0.9695805901076308,7,Florida,38.18538774865792,1036.8400000000001,1108.8899999999999,1458.1238375153541,1229.569485506785,0.46605782286074654,0.4410621173813647,0.26214350488528626
2023-07-17,31.1,25.0,0.0,38.81561699499565,28.05,0.0,32.2,3.0,6.0,-0.2614143985111562,-0.965226663665613,7,Florida,38.81561699499565,967.21,1036.8400000000001,1506.6521227021951,1207.1656885443647,0.49231737479148546,0.3722019063192757,0.2221187639561989
2023-07-18,31.1,25.0,0.0,37.263807475384425,28.05,0.0,31.1,2.0,5.0,-0.2779791393987801,-0.9605871111248129,7,Florida,37.263807475384425,967.21,967.21,1388.5913475625161,1158.9044124844556,0.4276586448076844,0.312741385818689,0.19862670527865936
2023-07-19,34.4,25.0,3.8,38.9300934206755,29.7,1.0,31.1,1.0,5.0,-0.2944616217868012,-0.9556633054034704,7,Florida,38.9300934206755,1183.36,967.21,1515.5521737425217,1339.195213671237,0.4970872258614791,0.24163202311534462,0.3097140750566147
2023-07-20,35.0,25.6,0.0,40.31313256477118,30.3,0.0,34.4,1.0,5.0,-0.3108569682435036,-0.9504567035349151,7,Florida,40.31313256477118,1225.0,1183.36,1625.1486571848145,1410.9596397669914,0.5547138568654658,0.41283330680261837,0.3606649244141197
2023-07-21,35.0,26.7,0.0,42.31544614444459,30.85,0.0,35.0,2.0,5.0,-0.3271603271220951,-0.9449688462364056,7,Florida,42.31544614444459,1225.0,1225.0,1790.5969824033907,1481.0406150555607,0.638143589351858,0.5699806835528376,0.5396361899443324
2023-07-22,35.0,25.0,9.3,42.31544614444459,30.0,1.0,35.0,3.0,5.0,-0.34336687399638804,-0.939201357453208,7,Florida,42.31544614444459,1225.0,1225.0,1790.5969824033907,1481.0406150555607,0.638143589351858,0.7022893390710298,0.704013049152343
2023-07-23,32.2,25.0,0.0,38.86094437290459,28.6,0.0,35.0,3.0,5.0,-0.3594718130884232,-0.9331559438780432,7,Florida,38.86094437290459,1036.8400000000001,1225.0,1510.172997553985,1251.3224088075278,0.4942060155376913,0.70246537794302,0.3572285304841604
2023-07-24,32.8,24.4,0.0,39.011986261617736,28.599999999999998,0.0,32.2,3.0,5.0,-0.3754703786876202,-0.9268343944460494,7,Florida,39.011986261617736,1075.84,1036.8400000000001,1521.935072076651,1279.5931493810617,0.5004994275674056,0.47165208865312114,0.41170051735639934
2023-07-25,33.9,24.4,0.0,37.05415802092446,29.15,0.0,32.8,3.0,6.0,-0.3913578365610259,-0.9202385798054075,7,Florida,37.05415802092446,1149.2099999999998,1075.84,1373.0106266396406,1256.1359569093393,0.41892325087185256,0.40946154632791865,0.3206245527876427
2023-07-26,33.9,23.9,5.7,38.17443465370449,28.9,1.0,33.9,3.0,7.0,-0.4071294853542516,-0.9133704517637858,7,Florida,38.17443465370449,1149.2099999999998,1149.2099999999998,1457.287461129954,1294.1133347605821,0.46560144390435365,0.3842483862272811,0.26408287755262827
2023-07-27,30.0,24.4,0.0,35.52997874444458,27.2,0.0,33.9,3.0,7.0,-0.4227806579826773,-0.9062320427107697,7,Florida,35.52997874444458,900.0,1149.2099999999998,1262.3793895806834,1065.8993623333372,0.35541578101852406,0.3843568066277699,0.09880738024352292
2023-07-28,32.8,24.4,0.0,38.85073410243562,28.599999999999998,0.0,30.0,2.0,6.0,-0.4383067230125192,-0.898825465016444,7,Florida,38.85073410243562,1075.84,900.0,1509.3795402981539,1274.304078559888,0.493780587601484,0.20408954203019425,0.22925264023033443
2023-07-29,32.2,25.0,0.0,38.86094437290459,28.6,0.0,32.8,2.0,6.0,-0.45370308603134424,-0.8911529104063088,7,Florida,38.86094437290459,1036.8400000000001,1075.84,1510.172997553985,1251.3224088075278,0.4942060155376913,0.3204835873507978,0.19791126833169598
2023-07-30,35.6,25.6,0.0,41.298035890151304,30.6,0.0,32.2,2.0,6.0,-0.46896519100763184,-0.8832166493127127,7,Florida,41.298035890151304,1267.3600000000001,1036.8400000000001,1705.5277683842253,1470.2100776893865,0.595751495422971,0.29081177439263983,0.44022618940781866
2023-07-31,33.3,23.3,0.0,39.554438450015674,28.299999999999997,0.0,35.6,3.0,6.0,-0.48408852163897587,-0.8750190302029955,7,Florida,39.554438450015674,1108.8899999999999,1267.3600000000001,1564.5536010960784,1317.162800385522,0.5231016020839864,0.626445011937995,0.34794030305808626
2023-08-01,33.9,22.8,0.0,38.18538774865792,28.35,0.0,33.3,3.0,6.0,-0.4990686026885319,-0.8665624788845385,8,Florida,38.18538774865792,1149.2099999999998,1108.8899999999999,1458.1238375153541,1294.4846446795034,0.46605782286074654,0.4430896075291907,0.3570065045588444
2023-08-02,32.8,24.4,1.0,39.011986261617736,28.599999999999998,1.0,33.9,3.0,6.0,-0.5139010013093103,-0.8578494977869301,8,Florida,39.011986261617736,1075.84,1149.2099999999998,1521.935072076651,1279.5931493810617,0.5004994275674056,0.4858557217884683,0.3138734905172871
2023-08-03,33.3,25.0,0.0,38.33124403731548,29.15,0.0,32.8,3.0,6.0,-0.5285813283559292,-0.8488826652214553,8,Florida,38.33124403731548,1108.8899999999999,1075.84,1469.2842694482333,1276.4304264426053,0.4721351682214783,0.41041731393806724,0.317311170982907
2023-08-04,33.3,24.4,6.9,38.16772704802459,28.849999999999998,1.0,33.3,3.0,7.0,-0.5431052396834317,-0.8396646346181327,8,Florida,38.16772704802459,1108.8899999999999,1108.8899999999999,1456.7753880125078,1270.9853106992186,0.46532196033435785,0.3494456256422119,0.2380639465643096
2023-08-05,35.0,26.1,0.8,41.07169827777786,30.55,1.0,33.3,3.0,7.0,-0.5574684374327892,-0.8301981337405212,8,Florida,41.07169827777786,1225.0,1108.8899999999999,1686.884399420821,1437.5094397222251,0.5863207615740776,0.3495251761948792,0.396553563126399
2023-08-06,32.2,26.1,0.0,39.541848642951145,29.150000000000002,0.0,35.0,3.0,7.0,-0.5716666713027052,-0.8204859638785327,8,Florida,39.541848642951145,1036.8400000000001,1225.0,1563.5577941020572,1273.247526303027,0.522577026789631,0.45992463662198785,0.20326315284759347
2023-08-07,35.6,26.7,0.0,42.31544614444459,31.15,0.0,32.2,3.0,7.0,-0.5856957398073508,-0.8105309990194823,8,Florida,42.31544614444459,1267.3600000000001,1036.8400000000001,1790.5969824033907,1506.4298827422276,0.638143589351858,0.29251678976209333,0.47367347632043805
2023-08-08,36.7,27.8,0.0,42.561644085937786,32.25,0.0,35.6,3.0,7.0,-0.5995514915196489,-0.8003361849976323,8,Florida,42.561644085937786,1346.89,1267.3600000000001,1811.4935472980428,1562.0123379539168,0.6484018369140744,0.5061401285965345,0.5497517152903812
2023-08-09,35.6,27.8,0.0,41.8917068777778,31.700000000000003,0.0,36.7,3.0,7.0,-0.6132298262997502,-0.7899045386224707,8,Florida,41.8917068777778,1267.3600000000001,1346.89,1754.9151051336557,1491.3447648488898,0.620487786574075,0.6008612024268049,0.43648754249036603
2023-08-10,35.0,28.3,0.0,42.31544614444459,31.65,0.0,35.6,3.0,7.0,-0.6267266965083301,-0.7792391467859886,8,Florida,42.31544614444459,1225.0,1267.3600000000001,1790.5969824033907,1481.0406150555607,0.638143589351858,0.506320630919895,0.4110802521402561
2023-08-11,36.7,26.7,11.7,42.74355978799784,31.700000000000003,1.0,35.0,3.0,7.0,-0.6400381082043503,-0.7683431655492202,8,Florida,42.74355978799784,1346.89,1225.0,1827.0119033501458,1568.6886442195207,0.6559816578332432,0.46035414479502457,0.5814833181392675
2023-08-12,36.7,27.2,0.0,42.5015134520513,31.950000000000003,0.0,36.7,3.0,7.0,-0.65316012232693,-0.7572198192083127,8,Florida,42.5015134520513,1346.89,1346.89,1806.3786457148974,1559.8055436902828,0.6458963938354708,0.6011468975282737,0.5503174444624666
2023-08-13,35.6,26.1,0.0,43.190394611111145,30.85,0.0,36.7,3.0,7.0,-0.666088855860977,-0.7458723993404063,8,Florida,43.190394611111145,1267.3600000000001,1346.89,1865.4101866634987,1537.5780481555569,0.6745997754629643,0.6012344831581762,0.49923463099386234
2023-08-14,33.9,26.1,0.0,41.90100301223787,30.0,0.0,35.6,3.0,7.0,-0.6788204829862355,-0.734304263829602,8,Florida,41.90100301223787,1149.2099999999998,1267.3600000000001,1755.6940534315672,1420.444002114864,0.6208751255099113,0.5066408311065751,0.3426924662707469
2023-08-15,35.0,25.6,0.0,43.190394611111145,30.3,0.0,33.9,3.0,7.0,-0.6913512362094071,-0.722518835873311,8,Florida,43.190394611111145,1225.0,1149.2099999999998,1865.4101866634987,1511.66381138889,0.6745997754629643,0.38593172377602025,0.46935804346031806
2023-08-16,34.4,25.0,0.0,39.64739735793769,29.7,0.0,35.0,3.0,7.0,-0.7036774074790128,-0.7105196029692745,8,Florida,39.64739735793769,1183.36,1225.0,1571.9161172582046,1363.8704691130565,0.5269748899140705,0.4607040382617976,0.3180269671945211
2023-08-17,33.9,24.4,12.7,38.85491958937559,29.15,1.0,34.4,3.0,7.0,-0.7157953492826642,-0.6983101158835584,8,Florida,38.85491958937559,1149.2099999999998,1183.36,1509.704776296843,1317.1817740798324,0.4939549828906496,0.41848525572395184,0.2848775799949774
2023-08-18,32.2,24.4,1.6,40.25873137020457,28.3,1.0,33.9,3.0,7.0,-0.7277014757264236,-0.6858939875998223,8,Florida,40.25873137020457,1036.8400000000001,1149.2099999999998,1620.7654515382937,1296.3311501205874,0.5524471404251905,0.3860896984432173,0.23692317407009
2023-08-19,33.3,24.4,0.0,38.85073410243562,28.849999999999998,0.0,32.2,3.0,7.0,-0.7393922635959241,-0.673274892250183,8,Florida,38.85073410243562,1108.8899999999999,1036.8400000000001,1509.3795402981539,1293.729445611106,0.493780587601484,0.29311689738484376,0.25549960086260665
2023-08-20,30.6,25.0,8.3,37.1085157343645,27.8,1.0,33.3,3.0,7.0,-0.7508642533989489,-0.6604565640279754,8,Florida,37.1085157343645,936.3600000000001,1108.8899999999999,1377.0419400075778,1135.520581471554,0.4211881555985209,0.350412665522887,0.13476755834220244
2023-08-21,32.8,25.6,0.0,39.011986261617736,29.2,0.0,30.6,2.0,6.0,-0.7621140503891487,-0.6474427960827475,8,Florida,39.011986261617736,1075.84,936.3600000000001,1521.935072076651,1279.5931493810617,0.5004994275674056,0.2256751564977676,0.23698306481699163
2023-08-22,33.3,25.6,0.0,38.16772704802459,29.45,0.0,32.8,2.0,6.0,-0.7731383255706026,-0.6342374393978054,8,Florida,38.16772704802459,1108.8899999999999,1075.84,1456.7753880125078,1270.9853106992186,0.46532196033435785,0.32194629025313715,0.2382192853492252
2023-08-23,32.8,25.6,4.1,39.011986261617736,29.2,1.0,33.3,2.0,6.0,-0.7839338166829201,-0.620844401650647,8,Florida,39.011986261617736,1075.84,1108.8899999999999,1521.935072076651,1279.5931493810617,0.5004994275674056,0.3492031986852318,0.23869158199307297
2023-08-24,33.3,26.7,0.0,39.554438450015674,30.0,0.0,32.8,3.0,6.0,-0.7944973291665992,-0.6072676460566135,8,Florida,39.554438450015674,1108.8899999999999,1075.84,1564.5536010960784,1317.162800385522,0.5231016020839864,0.4117608859916744,0.35539590730210374
2023-08-25,33.9,26.1,0.0,38.17443465370449,30.0,0.0,33.3,3.0,6.0,-0.8048257371083452,-0.593511190196115,8,Florida,38.17443465370449,1149.2099999999998,1108.8899999999999,1457.287461129954,1294.1133347605821,0.46560144390435365,0.444751141859182,0.3568761490206487
2023-08-26,34.4,25.6,0.0,39.567818893064526,30.0,0.0,33.9,3.0,6.0,-0.8149159841660791,-0.5795791048257612,8,Florida,39.567818893064526,1183.36,1149.2099999999998,1565.612291954354,1361.1329699214195,0.5236591205443553,0.4875507197182087,0.4317315721981126
2023-08-27,34.4,26.1,0.0,41.59088422567101,30.25,0.0,34.4,3.0,6.0,-0.8247650844733614,-0.5654755126737576,8,Florida,41.59088422567101,1183.36,1183.36,1729.80165067317,1430.7264173630826,0.6079535094029588,0.5259927835607355,0.49806949955533125
2023-08-28,33.9,26.1,0.3,40.45786914243551,30.0,1.0,34.4,3.0,7.0,-0.8343701235229538,-0.5512045872199277,8,Florida,40.45786914243551,1149.2099999999998,1183.36,1636.8391755464356,1371.5217639285638,0.5607445476014797,0.41889478840780103,0.32670806572948746
2023-08-29,34.4,25.6,0.8,41.59088422567101,30.0,1.0,33.9,3.0,7.0,-0.8437282590292712,-0.5367705514607103,8,Florida,41.59088422567101,1183.36,1149.2099999999998,1729.80165067317,1430.7264173630826,0.6079535094029588,0.38644189532321493,0.39643798024363386
2023-08-30,27.8,25.6,0.0,32.96658597064901,26.700000000000003,0.0,34.4,3.0,7.0,-0.8528367217694595,-0.522177676659508,8,Florida,32.96658597064901,772.84,1183.36,1086.795790560192,916.4710899840425,0.24860774877704195,0.41892781997657885,0.05677675052578112
2023-08-31,32.8,26.1,0.0,41.22300979895104,29.45,0.0,27.8,2.0,6.0,-0.8616928164028522,-0.5074302810827518,8,Florida,41.22300979895104,1075.84,772.84,1699.3365368844134,1352.114721405594,0.5926254082896266,0.14585803620960536,0.30056987566110904
2023-09-01,33.3,23.3,0.0,41.860162327535626,28.299999999999997,0.0,32.8,2.0,6.0,-0.8702939222685674,-0.49253272872205434,9,Florida,41.860162327535626,1108.8899999999999,1075.84,1752.2731900876329,1393.9434055069362,0.6191734303139844,0.3221324071641824,0.3469358981242133
2023-09-02,31.1,25.0,0.0,35.21891191607106,28.05,0.0,33.3,2.0,6.0,-0.8786374941610001,-0.4774894280028391,9,Florida,35.21891191607106,967.21,1108.8899999999999,1240.3717565519719,1095.3081605898099,0.3424546631696274,0.34937420157038507,0.13093694446536477
2023-09-03,32.8,23.3,0.0,33.89808742945776,28.049999999999997,0.0,31.1,2.0,5.0,-0.886721063082993,-0.46230483047981086,9,Florida,33.89808742945776,1075.84,967.21,1149.0803313751621,1111.8572676862145,0.28742030956074,0.31544295536447897,0.24001067286165642
2023-09-04,32.8,22.8,0.0,33.267316841991125,27.799999999999997,0.0,32.8,2.0,5.0,-0.8945422369764496,-0.4469834295196741,9,Florida,33.267316841991125,1075.84,1075.84,1106.7143698654263,1091.1679924173088,0.2611382017496302,0.41043002074861223,0.22941829996056126
2023-09-05,33.3,22.8,0.0,36.100147751724435,28.049999999999997,0.0,32.8,2.0,5.0,-0.9020987014301837,-0.43152975897147144,9,Florida,36.100147751724435,1108.8899999999999,1075.84,1303.2206676963349,1202.1349201324235,0.3791728229885181,0.4104256159118997,0.30465095666252306
2023-09-06,33.3,24.4,0.0,36.03057495519112,28.849999999999998,0.0,33.3,3.0,5.0,-0.9093882203647925,-0.4159483918249421,9,Florida,36.03057495519112,1108.8899999999999,1108.8899999999999,1298.2023316016457,1199.8181460078642,0.3762739564662967,0.5564918457148448,0.39500141070354305
2023-09-07,35.0,24.4,0.0,37.20667336761786,29.7,0.0,33.3,3.0,6.0,-0.9164086366943458,-0.4002439388573056,9,Florida,37.20667336761786,1225.0,1108.8899999999999,1384.336543084604,1302.2335678666252,0.4252780569840775,0.44486583176980804,0.42737438864529015
2023-09-08,29.4,21.7,0.0,33.882145611111156,25.549999999999997,0.0,35.0,3.0,6.0,-0.9231578729647039,-0.38442104726885545,9,Florida,33.882145611111156,864.3599999999999,1225.0,1147.9997912125389,996.1350809666679,0.2867560671296315,0.5755483325900906,0.12922662093700474
2023-09-09,32.8,21.1,0.0,35.889603247484416,26.95,0.0,29.4,2.0,5.0,-0.9296339319682695,-0.3684843993077793,9,Florida,35.889603247484416,1075.84,864.3599999999999,1288.063621261844,1177.1789865174887,0.3704001353118507,0.24285674857436207,0.296250007009538
2023-09-10,34.4,23.9,0.0,39.011986261617736,29.15,0.0,32.8,2.0,6.0,-0.9358348973349941,-0.35243871088460327,9,Florida,39.011986261617736,1183.36,1075.84,1521.935072076651,1342.01232739965,0.5004994275674056,0.322076139752843,0.34112511399587925
2023-09-11,34.4,23.3,29.0,39.64739735793769,28.85,1.0,34.4,2.0,6.0,-0.9417589340994617,-0.33628873017668287,9,Florida,39.64739735793769,1183.36,1183.36,1571.9161172582046,1363.8704691130565,0.5269748899140705,0.41734335391241106,0.36697711722392806
2023-09-12,33.9,23.3,1.8,39.541848642951145,28.6,1.0,34.4,3.0,6.0,-0.9474042892438845,-0.32003923622313857,9,Florida,39.541848642951145,1149.2099999999998,1183.36,1563.5577941020572,1340.4686689960438,0.522577026789631,0.5259391214579157,0.443883675434384
2023-09-13,34.4,25.6,0.0,41.860162327535626,30.0,0.0,33.9,3.0,6.0,-0.9527692922168511,-0.30369503751065885,9,Florida,41.860162327535626,1183.36,1149.2099999999998,1752.2731900876329,1439.9895840672255,0.6191734303139844,0.4874934746164253,0.5425990387416617
2023-09-14,33.3,25.6,0.0,38.846038964051104,29.45,0.0,34.4,3.0,6.0,-0.9578523554276669,-0.28726097055059635,9,Florida,38.846038964051104,1108.8899999999999,1183.36,1509.0147431965765,1293.5730975029016,0.49358495683546266,0.5258642603755476,0.3645701577397072
2023-09-15,34.4,25.0,5.2,38.17443465370449,29.7,1.0,33.3,3.0,6.0,-0.9626519747161487,-0.2707418984477642,9,Florida,38.17443465370449,1183.36,1108.8899999999999,1457.287461129954,1313.2005520874343,0.46560144390435365,0.444653438055391,0.43476150038056116
2023-09-16,31.7,25.0,0.0,37.267713707404496,28.35,0.0,34.4,3.0,7.0,-0.9671667297977312,-0.2541427094613622,9,Florida,37.267713707404496,1004.89,1183.36,1388.882484977065,1181.3865245247225,0.42782140447518735,0.4186880224236252,0.1811570424922533
2023-09-17,33.9,25.0,0.0,39.554438450015674,29.45,0.0,31.7,2.0,6.0,-0.97139528468375,-0.23746831555846842,9,Florida,39.554438450015674,1149.2099999999998,1004.89,1564.5536010960784,1340.8954634555314,0.5231016020839864,0.269318941923604,0.33447313726730404
2023-09-18,32.8,25.0,0.0,35.889603247484416,28.9,0.0,33.9,2.0,6.0,-0.9753363880767837,-0.2207236509605022,9,Florida,35.889603247484416,1075.84,1149.2099999999998,1288.063621261844,1177.1789865174887,0.3704001353118507,0.38472705783042616,0.20346627009456322
2023-09-19,30.6,23.9,0.0,31.96842908860448,27.25,0.0,32.8,2.0,6.0,-0.9789888737409319,-0.20391367068311472,9,Florida,31.96842908860448,936.3600000000001,1075.84,1021.9804583931331,978.2339301112971,0.20701787869185337,0.321809210556353,0.10590666185635911
2023-09-20,32.2,23.3,0.0,35.845619555884504,27.75,0.0,30.6,2.0,5.0,-0.9823516608469237,-0.18704334906991657,9,Florida,35.845619555884504,1036.8400000000001,936.3600000000001,1284.9084413452097,1154.228949699481,0.36856748149518764,0.2916463007403068,0.2673765894794815
2023-09-21,31.7,22.2,0.0,35.31575843611568,26.95,0.0,32.2,2.0,5.0,-0.9854237542919524,-0.17011767832049052,9,Florida,35.31575843611568,1004.89,1036.8400000000001,1247.2027939180757,1119.509542424867,0.3464899348381533,0.3735788832764382,0.23754234629717172
2023-09-22,30.0,22.8,0.0,32.25272841111113,26.4,0.0,31.7,1.0,4.0,-0.9882042449941422,-0.15314166701312007,9,Florida,32.25272841111113,900.0,1004.89,1040.238489960895,967.5818523333338,0.21886368379629703,0.344369989715785,0.14219399548517722
2023-09-23,30.6,20.6,0.0,30.276920798631156,25.6,0.0,30.0,1.0,3.0,-0.9906923101615609,-0.13612033862266704,9,Florida,30.276920798631156,936.3600000000001,900.0,916.6919330465839,926.4737764381134,0.1365383666096315,0.340267232094374,0.20869650713913984
2023-09-24,30.6,20.0,0.0,32.25272841111113,25.3,0.0,30.6,0.0,3.0,-0.9928872135356962,-0.11905873003404988,9,Florida,32.25272841111113,936.3600000000001,936.3600000000001,1040.238489960895,986.9334893800005,0.21886368379629703,0.28921160649879174,0.17063206630382738
2023-09-25,32.8,23.3,0.0,36.45781422883556,28.049999999999997,0.0,30.6,0.0,2.0,-0.994788305609327,-0.10196189005174576,9,Florida,36.45781422883556,1075.84,936.3600000000001,1329.1722183442846,1195.8163067058063,0.3940755928681483,0.37026066335071317,0.423570441706154
2023-09-26,32.2,23.3,7.3,38.18538774865792,27.75,1.0,32.8,1.0,2.0,-0.9963950238187231,-0.08483487790576538,9,Florida,38.18538774865792,1036.8400000000001,1075.84,1458.1238375153541,1229.569485506785,0.46605782286074654,0.6356471095616708,0.5630796202731748
2023-09-27,31.1,23.3,2.5,35.99969964348455,27.200000000000003,1.0,32.2,2.0,3.0,-0.9977068927101168,-0.06768276175455162,9,Florida,35.99969964348455,967.21,1036.8400000000001,1295.9783744211015,1119.5906589123695,0.3749874851451895,0.5879002087298985,0.42172448978049165
2023-09-28,30.6,23.3,0.0,34.722588831484536,26.950000000000003,0.0,31.1,2.0,2.0,-0.9987235240803972,-0.050510617185222886,9,Florida,34.722588831484536,936.3600000000001,967.21,1205.6581751603346,1062.5112182434268,0.321774534645189,0.6264708259509568,0.4698479974083741
2023-09-29,30.6,23.9,0.0,35.21891191607106,27.25,0.0,30.6,1.0,2.0,-0.9994446170919858,-0.033323525711631344,9,Florida,35.21891191607106,936.3600000000001,936.3600000000001,1240.3717565519719,1077.6987046317745,0.3424546631696274,0.46965732576841185,0.3683815503540648
2023-09-30,31.1,25.6,0.0,36.68049771557119,28.35,0.0,30.6,0.0,2.0,-0.9998699583618592,-0.016126573270657762,9,Florida,36.68049771557119,967.21,936.3600000000001,1345.4589126620235,1140.7634789542642,0.40335407148213304,0.3699130907779234,0.32295296473872587
2023-10-01,26.7,23.9,0.0,30.403401525635665,25.299999999999997,0.0,31.1,0.0,2.0,-0.9999994220246925,0.001075151282798226,10,Florida,30.403401525635665,712.89,967.21,924.3668243290251,811.7708207344723,0.14180839690148606,0.39819309125499636,0.10139629395734825
2023-10-02,30.6,22.8,0.0,32.930913029315576,26.700000000000003,0.0,26.7,0.0,2.0,-0.999832969770105,0.018276557681691223,10,Florida,32.930913029315576,936.3600000000001,712.89,1084.4450329443464,1007.6859386970567,0.24712137622148234,0.20970678343652735,0.25423747508042693
2023-10-03,30.6,22.2,0.0,32.15124504993779,26.4,0.0,30.6,0.0,1.0,-0.9993706508539969,0.03547255575312556,10,Florida,32.15124504993779,936.3600000000001,936.3600000000001,1033.7025582611493,983.8280985280965,0.21463521041407466,0.46763614365910633,0.3226040102159826
2023-10-04,29.4,23.3,0.0,31.900241944515585,26.35,0.0,30.6,0.0,0.0,-0.9986126020839734,0.052658056924614005,10,Florida,31.900241944515585,864.3599999999999,936.3600000000001,1017.6254361186315,937.8671131687581,0.2041767476881494,0.582874526912858,0.34750584110503085
2023-10-05,30.0,23.3,0.0,33.44940924444435,26.65,0.0,29.4,0.0,0.0,-0.9975590477788613,0.06982797572987089,10,Florida,33.44940924444435,900.0,864.3599999999999,1118.8629788023188,1003.4822773333304,0.26872538518518113,0.49796692686334243,0.42064553871226334
2023-10-06,32.2,23.3,0.0,34.016651047591154,27.75,0.0,30.0,0.0,0.0,-0.9962102997023297,0.0869772313136861,10,Florida,34.016651047591154,1036.8400000000001,900.0,1157.1325484935844,1095.3361637324354,0.2923604603162981,0.538727028840471,0.5929085401833172
2023-10-07,31.1,23.9,0.0,32.53139821281776,27.5,0.0,32.2,1.0,1.0,-0.9945667569706337,0.1041007489354256,10,Florida,32.53139821281776,967.21,1036.8400000000001,1058.2918696809227,1011.7264844186325,0.23047492553407345,0.7167106357998347,0.46221807152521516
2023-10-08,25.6,20.0,0.0,28.577176604924507,22.8,0.0,31.1,1.0,1.0,-0.9926289059345095,0.121193461470736,10,Florida,28.577176604924507,655.3600000000001,967.21,816.6550227090446,731.5757210860675,0.06571569187185444,0.6232720590889763,0.16711820566792554
2023-10-09,26.7,18.9,0.0,27.25004875993561,22.799999999999997,0.0,25.6,1.0,1.0,-0.9903973200352558,0.1382503109109819,10,Florida,27.25004875993561,712.89,655.3600000000001,742.5651574188682,727.5763018902808,0.010418698330650381,0.3030456712849312,0.20629453254987512
2023-10-10,28.9,20.6,0.0,30.294298970771212,24.75,0.0,26.7,0.0,1.0,-0.9878726596350429,0.15526624985999563,10,Florida,30.294298970771212,835.2099999999999,712.89,917.7445501304697,875.505240255288,0.13726245711546717,0.27123426027696407,0.24285252951977582
2023-10-11,29.4,22.8,0.0,33.21375493548445,26.1,0.0,28.9,0.0,1.0,-0.9850556718215013,0.172236243027682,10,Florida,33.21375493548445,864.3599999999999,835.2099999999999,1103.1535169144179,976.4843951032428,0.2589064556451855,0.36785826389640797,0.2950813233426258
2023-10-12,29.4,25.0,0.0,36.37220317587565,27.2,0.0,29.4,0.0,1.0,-0.981947190186646,0.18915526872004093,10,Florida,36.37220317587565,864.3599999999999,864.3599999999999,1322.9371638671785,1069.342773370744,0.3905084656614853,0.39443617210796644,0.3475253433201869
2023-10-13,32.2,25.6,0.0,38.18538774865792,28.900000000000002,0.0,29.4,0.0,1.0,-0.9785481345802031,0.20601832032517084,10,Florida,38.18538774865792,1036.8400000000001,864.3599999999999,1458.1238375153541,1229.569485506785,0.46605782286074654,0.39432369138756246,0.5914593224954284
2023-10-14,28.9,22.8,0.0,35.03801755555546,25.85,0.0,32.2,1.0,1.0,-0.9748595108374125,0.22282040779479959,10,Florida,35.03801755555546,835.2099999999999,1036.8400000000001,1227.6626742234128,1012.5987073555528,0.3349173981481443,0.7155961605960216,0.39957572018331905
2023-10-15,27.2,19.4,0.0,26.858671178435525,23.299999999999997,0.0,28.9,1.0,1.0,-0.9708824104813836,0.23955655912092708,10,Florida,26.858671178435525,739.8399999999999,835.2099999999999,721.3882174713232,730.5558560534463,0.0,0.46658989566308856,0.21996148645567626
2023-10-16,21.7,16.7,0.0,21.609166666666667,19.2,0.0,27.2,1.0,1.0,-0.9666180104000972,0.2562218218071163,10,Florida,21.609166666666667,470.89,739.8399999999999,466.95608402777776,468.91891666666663,0.0,0.37263125535871255,0.07874531061057594
2023-10-17,22.2,13.3,0.0,21.833888888888882,17.75,0.0,21.7,0.0,1.0,-0.9620675724981452,0.27281126433401914,10,Florida,21.833888888888882,492.84,470.89,476.7187040123454,484.71233333333316,0.0,0.14192851894484151,0.06884705801494448
2023-10-18,25.6,14.4,0.0,25.50833333333333,20.0,0.0,22.2,0.0,1.0,-0.957232443323312,0.28931997761869527,10,Florida,25.50833333333333,655.3600000000001,492.84,650.6750694444443,653.0133333333333,0.0,0.15071159830215827,0.13556258737691407
2023-10-19,28.3,17.2,0.0,27.987237679591207,22.75,0.0,25.6,0.0,1.0,-0.9521140536681102,0.3057430764672831,10,Florida,27.987237679591207,800.89,655.3600000000001,783.2854729339298,792.0388263324312,0.041134903316300285,0.2330252865777148,0.22125652961167175
2023-10-20,27.8,16.7,0.0,27.763646131857854,22.25,0.0,28.3,0.0,1.0,-0.9467139181463862,0.3220757010206104,10,Florida,27.763646131857854,772.84,800.89,770.8200465350255,771.8293624656484,0.031818588827410586,0.33732582132259825,0.19879162678814669
2023-10-21,30.6,19.4,0.0,30.406492212515545,25.0,0.0,27.8,0.0,0.0,-0.9410336347451197,0.3383130181923076,10,Florida,30.406492212515545,936.3600000000001,772.84,924.5547686697685,930.4386617029758,0.14193717552148102,0.4012078020916509,0.45808818085906744
2023-10-22,28.9,16.7,0.0,28.33797592205119,22.799999999999997,0.0,30.6,0.0,0.0,-0.9350748843515574,0.3544502230989869,10,Florida,28.33797592205119,835.2099999999999,936.3600000000001,803.0408793587529,818.9675041472793,0.055748996752132886,0.5801921577055554,0.33001672680065347
2023-10-23,30.0,20.0,0.0,31.539548077777795,25.0,0.0,28.9,0.0,0.0,-0.9288394302558068,0.3704825404820963,10,Florida,31.539548077777795,900.0,835.2099999999999,994.743092950457,946.1864423333338,0.18914783657407477,0.4638019637491611,0.4388484592275282
2023-10-24,28.9,19.4,0.0,29.65017504153784,24.15,0.0,30.0,0.0,0.0,-0.9223291176290545,0.3864052261209853,10,Florida,29.65017504153784,835.2099999999999,900.0,879.1328799938334,856.8900587004435,0.11042396006407662,0.536072285773786,0.3410035947302995
2023-10-25,28.9,19.4,0.0,29.65017504153784,24.15,0.0,28.9,0.0,0.0,-0.9155458729775467,0.40221356823680365,10,Florida,29.65017504153784,835.2099999999999,835.2099999999999,879.1328799938334,856.8900587004435,0.11042396006407662,0.4634909339736742,0.34614921356635636
2023-10-26,30.0,18.9,0.0,30.052721355555555,24.45,0.0,28.9,0.0,0.0,-0.9084917035725082,0.41790288888678667,10,Florida,30.052721355555555,900.0,835.2099999999999,903.1660608746649,901.5816406666667,0.12719672314814812,0.4633321745215115,0.42234947543481866
2023-10-27,29.4,21.7,0.0,30.331079793937747,25.549999999999997,0.0,30.0,0.0,0.0,-0.9011686968561569,0.4334685453485363,10,Florida,30.331079793937747,864.3599999999999,900.0,919.9744014662186,891.7337459417697,0.13879499141407278,0.5355454837114146,0.37364465768893435
2023-10-28,29.4,21.1,0.0,30.331079793937747,25.25,0.0,29.4,0.0,0.0,-0.8935790198239952,0.4489059314938798,10,Florida,30.331079793937747,864.3599999999999,864.3599999999999,919.9744014662186,891.7337459417697,0.13879499141407278,0.4946685865431084,0.3808179525103575
2023-10-29,30.0,20.6,0.0,31.539548077777795,25.3,0.0,29.4,0.0,0.0,-0.8857249183835637,0.4642104791518923,10,Florida,31.539548077777795,900.0,864.3599999999999,994.743092950457,946.1864423333338,0.18914783657407477,0.49449573600547625,0.4465631229878349
2023-10-30,30.0,19.4,0.0,31.20833997777773,24.7,0.0,30.0,0.0,0.0,-0.8776087166898392,0.4793776594606945,10,Florida,31.20833997777773,900.0,900.0,973.9604841685597,936.2501993333319,0.17534749907407207,0.5349982339029451,0.44697425774757926
2023-10-31,29.4,19.4,0.0,29.336038526595594,24.4,0.0,30.0,0.0,0.0,-0.8692328164574792,0.49440298420761813,10,Florida,29.336038526595594,864.3599999999999,900.0,860.603156433901,862.4795326819104,0.09733493860814975,0.53481153086332,0.3771827294724132
2023-11-01,21.1,15.0,0.0,23.90611111111111,18.05,0.0,29.4,0.0,0.0,-0.8605996962501181,0.5092820071573356,11,Florida,23.90611111111111,445.21000000000004,864.3599999999999,571.50214845679,504.41894444444443,0.0,0.4939651257210376,0.08365150316941711
2023-11-02,25.6,12.8,0.0,25.469166666666663,19.200000000000003,0.0,21.1,0.0,0.0,-0.8517119107469189,0.5240103253675756,11,Florida,25.469166666666663,655.3600000000001,445.21000000000004,648.6784506944442,652.0106666666666,0.0,0.17229812249096663,0.21431415091582048
2023-11-03,26.1,16.1,0.0,26.1638888888889,21.1,0.0,25.6,0.0,0.0,-0.8425720899866032,0.5385835804920232,11,Florida,26.1638888888889,681.21,655.3600000000001,684.549081790124,682.8775000000003,0.0,0.29923475104492975,0.217599354208128
2023-11-04,25.6,15.6,0.0,25.586666666666662,20.6,0.0,26.1,0.0,0.0,-0.8331829385891785,0.5529974600700271,11,Florida,25.586666666666662,655.3600000000001,681.21,654.6775111111109,655.0186666666666,0.0,0.31917064567080944,0.19803325048986337
2023-11-05,27.2,15.6,0.0,26.629206586524436,21.4,0.0,25.6,0.0,0.0,-0.8235472349556007,0.5672476988027229,11,Florida,26.629206586524436,739.8399999999999,655.3600000000001,709.1146434277964,724.3144191534647,0.0,0.2989836972563961,0.2702181466851022
2023-11-06,27.8,13.9,0.0,27.910757868995592,20.85,0.0,27.2,0.0,0.0,-0.8136678304455991,0.5813300798152042,11,Florida,27.910757868995592,772.84,739.8399999999999,779.0104048216994,775.9190687580775,0.03794824454148301,0.368418514551742,0.3178379161335212
2023-11-07,28.3,17.2,0.0,28.246993170957833,22.75,0.0,27.8,0.0,0.0,-0.8035476485339116,0.5952404359043674,11,Florida,28.246993170957833,800.89,772.84,797.8926232001385,799.3899067381067,0.05195804878990969,0.39867332261151434,0.33155521205006194
2023-11-08,28.9,16.1,0.0,28.59431378340449,22.5,0.0,28.3,0.0,0.0,-0.7931896839451843,0.6089746507720486,11,Florida,28.59431378340449,835.2099999999999,800.89,817.6347807437961,826.3756683403898,0.06642974097518713,0.425821431992852,0.375378193482667
2023-11-09,28.3,16.7,0.0,28.696246040435614,22.5,0.0,28.9,0.0,0.0,-0.7825970017677834,0.6225286602431057,11,Florida,28.696246040435614,800.89,835.2099999999999,823.4745368132167,812.1037629443279,0.07067691835148393,0.4609123416239222,0.34055005416524303
2023-11-10,30.6,19.4,0.0,31.96842908860448,25.0,0.0,28.3,0.0,0.0,-0.7717727365467836,0.6358984534680745,11,Florida,31.96842908860448,936.3600000000001,800.89,1021.9804583931331,978.2339301112971,0.20701787869185337,0.42547416187162407,0.5372258691955365
2023-11-11,30.6,22.8,0.0,33.34978949943118,26.700000000000003,0.0,30.6,0.0,0.0,-0.7607200913564104,0.6490800741100398,11,Florida,33.34978949943118,936.3600000000001,936.3600000000001,1112.2084596563702,1020.5035586825942,0.26457456247629924,0.5762189819515942,0.542288709063083
2023-11-12,24.4,20.6,0.0,25.426666666666666,22.5,0.0,30.6,0.0,0.0,-0.7494423368521954,0.6620696215153815,11,Florida,25.426666666666666,595.3599999999999,936.3600000000001,646.5153777777778,620.4106666666667,0.0,0.5760007117092025,0.14797420473093897
2023-11-13,25.6,20.0,0.0,25.900000000000002,22.8,0.0,24.4,0.0,0.0,-0.7379428103031386,0.6748632518680403,11,Florida,25.900000000000002,655.3600000000001,595.3599999999999,670.8100000000001,663.0400000000001,0.0,0.25552673124018094,0.19909268290148993
2023-11-14,25.6,19.4,0.0,25.834722222222222,22.5,0.0,25.6,0.0,0.0,-0.7262249146041543,0.6874571793269664,11,Florida,25.834722222222222,655.3600000000001,655.3600000000001,667.4328722993827,661.3688888888889,0.0,0.2978033291699354,0.1993968238429884
2023-11-15,24.4,20.6,0.0,24.5225,22.5,0.0,25.6,0.0,0.0,-0.7142921172691032,0.699847677146407,11,Florida,24.5225,595.3599999999999,655.3600000000001,601.35300625,598.3489999999999,0.0,0.29766786008878243,0.15378906149770552
2023-11-16,22.0,20.0,0.0,22.04,21.0,0.0,24.4,0.0,0.0,-0.7021479494046978,0.7120310787787131,11,Florida,22.04,484.0,595.3599999999999,485.7616,484.88,0.0,0.25517018183496426,0.0987342778674765
2023-11-17,24.4,20.0,0.0,24.757500000000004,22.2,0.0,22.0,0.0,0.0,-0.6897960046655887,0.7240037789593305,11,Florida,24.757500000000004,595.3599999999999,484.0,612.9338062500002,604.0830000000001,0.0,0.19003074605642165,0.16402216396365762
2023-11-18,26.1,20.0,0.0,26.24222222222223,23.05,0.0,24.4,0.0,0.0,-0.6772399381909491,0.7357622347736527,11,Florida,26.24222222222223,681.21,595.3599999999999,688.6542271604943,684.9220000000003,0.0,0.2549294803225566,0.22494062219253413
2023-11-19,27.8,17.2,0.0,28.312649868817804,22.5,0.0,26.1,0.0,0.0,-0.6644834655228552,0.7473029667054296,11,Florida,28.312649868817804,772.84,681.21,801.6061425942688,787.091666353135,0.05469374453407516,0.317069631606303,0.3312936050173203
2023-11-20,28.3,17.8,0.0,28.601447857571216,23.05,0.0,27.8,0.0,0.0,-0.6515303615068021,0.75862255966641,11,Florida,28.601447857571216,800.89,772.84,818.0428195493652,809.4209743692654,0.06672699406546734,0.39646722421007546,0.35546360776426644
2023-11-21,28.3,18.9,0.0,28.89326381961784,23.6,0.0,28.3,0.0,0.0,-0.6383844591746642,0.7697176640069211,11,Florida,28.89326381961784,800.89,800.89,834.8206941500373,817.6793660951848,0.07888599248407664,0.4234878507517452,0.3541075926856988
2023-11-22,26.7,18.9,0.0,27.962515993535547,22.799999999999997,0.0,28.3,0.0,0.0,-0.6250496486104377,0.7805849965070866,11,Florida,27.962515993535547,712.89,800.89,781.9023006887312,746.599177027399,0.040104833063981125,0.42330239363295225,0.26541954259698936
2023-11-23,21.7,13.3,0.0,22.29083333333332,17.5,0.0,26.7,0.0,0.0,-0.6115298757991053,0.7912213413483807,11,Florida,22.29083333333332,470.89,712.89,496.8812506944439,483.7110833333331,0.0,0.34236635760416384,0.10781131519843004
2023-11-24,17.8,14.4,0.0,17.65777777777778,16.1,0.0,21.7,0.0,0.0,-0.5978291414589552,0.801623551065242,11,Florida,17.65777777777778,316.84000000000003,470.89,311.79711604938285,314.3084444444445,0.0,0.18279290676946663,0.05549796277819636
2023-11-25,24.4,15.6,0.0,24.32666666666667,20.0,0.0,17.8,0.0,0.0,-0.5839514998576998,0.8117885474764613,11,Florida,24.32666666666667,595.3599999999999,316.84000000000003,591.7867111111113,593.5706666666667,0.0,0.11941097290536025,0.1895241923214712
2023-11-26,25.0,18.3,0.0,25.34833333333334,21.65,0.0,24.4,0.0,0.0,-0.5699010576127624,0.8217133225960589,11,Florida,25.34833333333334,625.0,595.3599999999999,642.5380027777782,633.7083333333335,0.0,0.25394897827707236,0.1945999526887504
2023-11-27,23.3,14.4,0.0,23.72,18.85,0.0,25.0,0.0,0.0,-0.5556819724760489,0.8313949395234058,11,Florida,23.72,542.89,625.0,562.6383999999999,552.676,0.0,0.27397736219509505,0.14885311576096807
2023-11-28,14.4,10.0,0.0,17.540277777777778,12.2,0.0,23.3,0.0,0.0,-0.5412984521036173,0.8408305333122887,11,Florida,17.540277777777778,207.36,542.89,307.6613445216049,252.58,0.0,0.22114141867085593,0.03467283470324326
2023-11-29,20.6,8.3,0.0,20.245277777777773,14.450000000000001,0.0,14.4,0.0,0.0,-0.5267547528105542,0.8500173118187018,11,Florida,20.245277777777773,424.36000000000007,207.36,409.8712722993825,417.05272222222214,0.0,0.0871806574550823,0.11093897385565021
2023-11-30,23.3,10.0,0.0,23.119444444444444,16.65,0.0,20.6,0.0,0.0,-0.5120551783114646,0.8589525565270845,11,Florida,23.119444444444444,542.89,424.36000000000007,534.508711419753,538.6830555555556,0.0,0.16056101054067778,0.16756733159797602
2023-12-01,28.3,16.1,0.0,29.66075088801562,22.200000000000003,0.0,23.3,0.0,0.0,-0.4972040784469378,0.8676336233547726,12,Florida,29.66075088801562,800.89,542.89,879.7601432409194,839.3992501308421,0.11086462033398418,0.22081055777032269,0.4143893924860627
2023-12-02,28.9,22.2,0.0,31.648926787671186,25.549999999999997,0.0,28.3,0.0,0.0,-0.4822058478963526,0.8760579434344281,12,Florida,31.648926787671186,835.2099999999999,800.89,1001.6545668113708,914.6539841636973,0.19370528281963276,0.42142540262349615,0.43811147873648554
2023-12-03,28.9,22.2,0.0,31.326208967884572,25.549999999999997,0.0,28.9,0.0,0.0,-0.46706492487743034,0.8842230238742036,12,Florida,31.326208967884572,835.2099999999999,835.2099999999999,981.3313682995717,905.3274391718641,0.1802587069951905,0.4562325727209456,0.43099972468768866
2023-12-04,26.7,18.3,0.0,28.292644831457842,22.5,0.0,28.9,0.0,0.0,-0.451785789832884,0.8921264484954345,12,Florida,28.292644831457842,712.89,835.2099999999999,800.4737515590182,755.4136169999243,0.05386020131074343,0.4560323949543825,0.2849415309670351
2023-12-05,21.7,15.6,0.0,21.873055555555553,18.65,0.0,26.7,0.0,0.0,-0.4363729641045924,0.8997658785476209,12,Florida,21.873055555555553,470.89,712.89,478.4305593364196,474.64530555555547,0.0,0.3404545692870667,0.10894627829016355
2023-12-06,17.2,12.2,0.0,16.792777777777772,14.7,0.0,21.7,0.0,0.0,-0.42083100859565564,0.9071390534005044,12,Florida,16.792777777777772,295.84,470.89,281.997385493827,288.83577777777765,0.0,0.1816806500806381,0.05570364257667731
2023-12-07,20.6,8.9,0.0,20.323611111111106,14.75,0.0,17.2,0.0,0.0,-0.4051645224207563,0.9142437912130223,12,Florida,20.323611111111106,424.36000000000007,295.84,413.0491685956788,418.66638888888883,0.0,0.11182813354411951,0.11080026366895615
2023-12-08,23.9,12.8,0.0,23.82777777777777,18.35,0.0,20.6,0.0,0.0,-0.3893781415452015,0.9210779895789526,12,Florida,23.82777777777777,571.2099999999999,424.36000000000007,567.76299382716,569.4838888888886,0.0,0.15989993596609683,0.18609794542685554
2023-12-09,27.2,15.6,0.0,28.33768810961774,21.4,0.0,23.9,0.0,0.0,-0.37347653741307074,0.9276396261490467,12,Florida,28.33768810961774,739.8399999999999,571.2099999999999,803.0245673979707,770.7851165816026,0.05573700456740586,0.23694130081347725,0.34300545478677835
2023-12-10,26.7,17.8,0.0,27.835943809757786,22.25,0.0,27.2,0.0,0.0,-0.3574644155648614,0.9339267592294762,12,Florida,27.835943809757786,712.89,739.8399999999999,774.8397677799928,743.2196997205328,0.034830992073241106,0.3628415864008591,0.2929771571602391
2023-12-11,19.4,8.9,0.0,19.572777777777773,14.149999999999999,0.0,26.7,0.0,0.0,-0.34134651424503615,0.9399375283564133,12,Florida,19.572777777777773,376.35999999999996,712.89,383.0936299382714,379.7118888888888,0.0,0.3395008374337977,0.08298223092579605
2023-12-12,22.2,9.4,0.0,22.08194444444444,15.8,0.0,19.4,0.0,0.0,-0.3251276029999093,0.9456701548465688,12,Florida,22.08194444444444,492.84,376.35999999999996,487.6122704475306,490.2191666666665,0.0,0.13978322087026251,0.14698588280715177
2023-12-13,23.9,15.6,0.0,23.840833333333332,19.75,0.0,22.2,0.0,0.0,-0.30881248126625377,0.9511229423235357,12,Florida,23.840833333333332,571.2099999999999,492.84,568.3853340277777,569.7959166666666,0.0,0.19207397510472335,0.1782526060678077
2023-12-14,22.8,17.8,0.0,22.620555555555562,20.3,0.0,23.9,0.0,0.0,-0.29240597695107734,0.9562942772197719,12,Florida,22.620555555555562,519.84,571.2099999999999,511.6895336419756,515.7486666666668,0.0,0.2363600084340192,0.13681660253257322
2023-12-15,22.2,17.8,0.0,22.02972222222221,20.0,0.0,22.8,0.0,0.0,-0.27591294500296043,0.9611826292540837,12,Florida,22.02972222222221,492.84,519.84,485.3086611882711,489.0598333333331,0.0,0.20626096813042355,0.124003960794768
2023-12-16,21.1,18.9,0.0,21.253333333333334,20.0,0.0,22.2,0.0,0.0,-0.2593382659754056,0.9657865518844574,12,Florida,21.253333333333334,445.21000000000004,492.84,451.7041777777778,448.4453333333334,0.0,0.19178686519998409,0.10066170098696603
2023-12-17,22.8,15.0,16.3,23.10361111111111,18.9,1.0,21.1,0.0,0.0,-0.2426868445825954,0.9701046827361175,12,Florida,23.10361111111111,519.84,445.21000000000004,533.7768463734568,526.7623333333333,0.0,0.16850352896475412,0.15526927746313196
2023-12-18,20.0,12.2,0.0,19.61527777777778,16.1,0.0,22.8,0.0,0.0,-0.22596360824801906,0.974135744004672,12,Florida,19.61527777777778,400.0,519.84,384.75912229938285,392.3055555555556,0.0,0.20595710756492366,0.09245904232214187
2023-12-19,16.1,8.3,0.0,15.585555555555556,12.200000000000001,0.0,20.0,0.0,0.0,-0.20917350564635637,0.9778785428342386,12,Florida,15.585555555555556,259.21000000000004,400.0,242.90954197530868,250.9274444444445,0.0,0.1487039364120887,0.05412709789220867
2023-12-20,18.9,8.3,0.0,18.64305555555556,13.6,0.0,16.1,0.0,0.0,-0.19232150523909483,0.9813319716704275,12,Florida,18.64305555555556,357.2099999999999,259.21000000000004,347.563520447531,352.35375000000005,0.0,0.1000828826565067,0.08865342428176647
2023-12-21,21.7,13.9,0.0,21.426388888888887,17.8,0.0,18.9,0.0,0.0,-0.17541259380427843,0.9844950085880858,12,Florida,21.426388888888887,470.89,357.2099999999999,459.09014081790116,464.9526388888888,0.0,0.13192331275672367,0.12820497644420117
2023-12-22,21.7,13.9,1.6,21.58305555555556,17.8,1.0,21.7,0.0,0.0,-0.15845177496083632,0.9873667175937016,12,Florida,21.58305555555556,470.89,470.89,465.82828711419774,468.35230555555563,0.0,0.180230884247751,0.12896375695091641
2023-12-23,23.3,14.4,0.0,23.171666666666667,18.85,0.0,21.7,0.0,0.0,-0.14144406768794202,0.9899462489023779,12,Florida,23.171666666666667,542.89,470.89,536.9261361111111,539.8998333333334,0.0,0.1801437305422367,0.16808436633700166
2023-12-24,22.2,15.0,1.5,22.29083333333332,18.6,1.0,23.3,0.0,0.0,-0.12439450483979998,0.9922328391893008,12,Florida,22.29083333333332,492.84,542.89,496.8812506944439,494.8564999999997,0.0,0.2183292033430209,0.13792382383608628
2023-12-25,21.7,16.7,0.0,21.98777777777778,19.2,0.0,22.2,0.0,0.0,-0.10730813165636247,0.9942258118156161,12,Florida,21.98777777777778,470.89,492.84,483.46237160493837,477.1347777777778,0.0,0.1909501893060466,0.12063877040602254
2023-12-26,23.9,16.7,0.0,24.08888888888888,20.299999999999997,0.0,21.7,0.0,0.0,-0.09019000427034513,0.9959245770286599,12,Florida,24.08888888888888,571.2099999999999,470.89,580.2745679012343,575.7244444444442,0.0,0.17988573549366418,0.18430640576884944
2023-12-27,21.7,14.4,0.0,21.387222222222224,18.05,0.0,23.9,0.0,0.0,-0.07304518821104743,0.9973286321364752,12,Florida,21.387222222222224,470.89,571.2099999999999,457.4132743827161,464.10272222222227,0.0,0.23490738015587628,0.12271642287063718
2023-12-28,17.2,13.3,0.0,18.577777777777776,15.25,0.0,21.7,0.0,0.0,-0.05587875690537313,0.9984375616565666,12,Florida,18.577777777777776,295.84,470.89,345.13382716049375,319.5377777777777,0.0,0.179716873722294,0.05906771870029828
2023-12-29,15.6,9.4,0.0,15.073611111111108,12.5,0.0,17.2,0.0,0.0,-0.03869579017652689,0.9992510374388481,12,Florida,15.073611111111108,243.35999999999999,295.84,227.21375192901223,235.14833333333328,0.0,0.11058195214651613,0.052228342061356556
2023-12-30,15.0,7.8,0.0,14.535,11.4,0.0,15.6,0.0,0.0,-0.021501372740813793,0.999768818762748,12,Florida,14.535,225.0,243.35999999999999,211.266225,218.025,0.0,0.09516908578775263,0.05019807524728528
2023-12-31,10.0,10.0,0.0,18.551666666666666,10.0,0.0,15.0,0.0,0.0,-0.004300592702981974,0.9999907524084426,12,Florida,18.551666666666666,100.0,225.0,344.1643361111111,185.51666666666665,0.0,0.09023083075020744,0.02123907503886159
2024-01-01,21.1,7.2,0.0,20.796388888888895,14.15,0.0,10.0,0.0,0.0,0.017201575418260506,0.9998520419557735,1,Florida,20.796388888888895,445.21000000000004,100.0,432.4897908179015,438.8038055555557,0.0,0.06246184725695645,0.14541023489191743
2024-01-02,16.7,10.0,0.0,16.936388888888885,13.35,0.0,21.1,0.0,0.0,0.03439806061360801,0.9994082116062598,1,Florida,16.936388888888885,278.89,445.21000000000004,286.8412685956789,282.83769444444437,0.0,0.16720190028525644,0.05887525828859227
2024-01-03,21.1,9.4,0.0,20.90083333333333,15.25,0.0,16.7,0.0,0.0,0.051584366869408364,0.9986686402879997,1,Florida,20.90083333333333,445.21000000000004,278.89,436.84483402777767,441.00758333333334,0.0,0.10512794891457684,0.1314763543429543
2024-01-04,17.2,11.1,0.0,17.06694444444444,14.149999999999999,0.0,21.1,0.0,0.0,0.06875540848113941,0.9976335468520451,1,Florida,17.06694444444444,295.84,445.21000000000004,291.280592669753,293.55144444444437,0.0,0.16705358717368066,0.06279379578103385
2024-01-05,22.8,10.0,0.0,22.633611111111115,16.4,0.0,17.2,0.0,0.0,0.08590610426133272,0.9963032375991965,1,Florida,22.633611111111115,519.84,295.84,512.2803519290126,516.0463333333335,0.0,0.11021096432334612,0.17721621690512313
2024-01-06,26.1,17.8,0.0,26.333611111111118,21.950000000000003,0.0,22.8,0.0,0.0,0.10303137904317879,0.9946781061893646,1,Florida,26.333611111111118,681.21,519.84,693.459074151235,687.3072500000002,0.0,0.20414427464647691,0.2806455542028966
2024-01-07,20.6,12.2,0.0,22.40833333333332,16.4,0.0,26.1,0.0,0.0,0.1201261651823505,0.9927586335250793,1,Florida,22.40833333333332,424.36000000000007,681.21,502.13340277777723,461.61166666666645,0.0,0.3100449316598651,0.10805049052165996
2024-01-08,19.4,10.0,0.0,19.285555555555554,14.7,0.0,20.6,0.0,0.0,0.13718540405660057,0.9905453876091833,1,Florida,19.285555555555554,376.35999999999996,424.36000000000007,371.9326530864197,374.13977777777774,0.0,0.1575200175047056,0.09343507943529528
2024-01-09,25.0,14.4,0.0,25.243888888888886,19.7,0.0,19.4,0.0,0.0,0.1542040475626894,0.988039023376751,1,Florida,25.243888888888886,625.0,376.35999999999996,637.2539262345678,631.0972222222222,0.0,0.13790934935133065,0.24828466163240834
2024-01-10,16.7,10.6,0.0,16.267777777777773,13.649999999999999,0.0,25.0,0.0,0.0,0.17117705961019986,0.985240282501282,1,Florida,16.267777777777773,278.89,625.0,264.64059382716033,271.6718888888888,0.0,0.26847761881346466,0.056705748338913856
2024-01-11,17.8,7.2,0.0,17.475000000000005,12.5,0.0,16.7,0.0,0.0,0.18809941761179758,0.9821499931752291,1,Florida,17.475000000000005,316.84000000000003,278.89,305.3756250000002,311.0550000000001,0.0,0.10476033568594656,0.0785124885195179
2024-01-12,25.6,13.9,0.0,25.97833333333333,19.75,0.0,17.8,0.0,0.0,0.20496611396949532,0.9787690698649216,1,Florida,25.97833333333333,655.3600000000001,316.84000000000003,674.8738027777777,665.0453333333334,0.0,0.11660052510741728,0.2867568183359562
2024-01-13,23.9,11.7,0.0,25.34833333333334,17.799999999999997,0.0,25.6,0.0,0.0,0.22177215755648186,0.975098513039961,1,Florida,25.34833333333334,571.2099999999999,655.3600000000001,642.5380027777782,605.8251666666667,0.0,0.28979831936086503,0.20597220999203308
2024-01-14,14.4,10.6,0.0,14.126944444444444,12.5,0.0,23.9,0.0,0.0,0.23851257519407648,0.9711394088771653,1,Florida,14.126944444444444,207.36,571.2099999999999,199.57055933641973,203.428,0.0,0.2331196054084031,0.040805122340787814
2024-01-15,23.9,11.7,0.0,24.08888888888888,17.799999999999997,0.0,14.4,0.0,0.0,0.2551824131233728,0.9668929289391521,1,Florida,24.08888888888888,571.2099999999999,207.36,580.2745679012343,575.7244444444442,0.0,0.08517438854135677,0.2213739125695044
2024-01-16,24.4,17.2,0.0,24.679166666666667,20.799999999999997,0.0,23.9,0.0,0.0,0.2717767384711357,0.9623603298276545,1,Florida,24.679166666666667,595.3599999999999,571.2099999999999,609.0612673611112,602.1716666666666,0.0,0.23294798598503072,0.20364493700510936
2024-01-17,16.7,6.1,0.0,21.279444444444444,11.399999999999999,0.0,24.4,0.0,0.0,0.2882906407095177,0.9575429528116719,1,Florida,21.279444444444444,278.89,595.3599999999999,452.8147558641975,355.3667222222222,0.0,0.2480265184991028,0.06328887220989554
2024-01-18,22.2,8.3,0.0,22.26472222222221,15.25,0.0,16.7,0.0,0.0,0.3047192331091634,0.9524422234305676,1,Florida,22.26472222222221,492.84,278.89,495.71785563271555,494.27683333333306,0.0,0.10447041105324065,0.16667629182366372
2024-01-19,24.4,12.8,0.0,24.45722222222222,18.6,0.0,22.2,0.0,0.0,0.321057654185271,0.9470596510722283,1,Florida,24.45722222222222,595.3599999999999,492.84,598.1557188271604,596.7562222222222,0.0,0.18893768296517277,0.22122660246617734
2024-01-20,15.0,7.2,0.0,19.008611111111108,11.1,0.0,24.4,0.0,0.0,0.3373010691361842,0.9413968285264122,1,Florida,19.008611111111108,225.0,595.3599999999999,361.32729637345665,285.1291666666666,0.0,0.24777014354822505,0.046103144315404666
2024-01-21,14.4,2.8,0.0,13.878888888888888,8.6,0.0,15.0,0.0,0.0,0.3534446712740877,0.9354554315134164,1,Florida,13.878888888888888,207.36,225.0,192.62355679012342,199.856,0.0,0.08942741267476462,0.05211841663174386
2024-01-22,21.1,7.2,0.0,20.84861111111111,14.15,0.0,14.4,0.0,0.0,0.3694836834473831,0.9292372181882051,1,Florida,20.84861111111111,445.21000000000004,207.36,434.66458526234567,439.90569444444446,0.0,0.08495153164333351,0.141658510068326
2024-01-23,24.4,15.6,0.0,24.43111111111111,20.0,0.0,21.1,0.0,0.0,0.38541335945432564,0.9227440286201427,1,Florida,24.43111111111111,595.3599999999999,445.21000000000004,596.8791901234567,596.1191111111111,0.0,0.16582599857857916,0.21324257855951462
2024-01-24,26.1,17.2,0.0,26.24222222222223,21.65,0.0,24.4,0.0,0.0,0.4012289854475009,0.9159777842484877,1,Florida,26.24222222222223,681.21,595.3599999999999,688.6542271604943,684.9220000000003,0.0,0.24745032573466647,0.28040503309439146
2024-01-25,28.3,16.7,0.0,29.543688464791305,22.5,0.0,26.1,0.0,0.0,0.4169258813287287,0.908940487313808,1,Florida,29.543688464791305,800.89,681.21,872.8295281046428,836.0863835535939,0.10598701936630439,0.3081167711113517,0.44125633688167215
2024-01-26,26.1,18.9,0.0,26.333611111111118,22.5,0.0,28.3,0.0,0.0,0.4324994021339788,0.901634220265486,1,Florida,26.333611111111118,681.21,800.89,693.459074151235,687.3072500000002,0.0,0.41245957035005887,0.26391005482932944
2024-01-27,27.8,16.7,0.0,29.15886103361784,22.25,0.0,26.1,0.0,0.0,0.44794493940789115,0.8940611451454876,1,Florida,29.15886103361784,772.84,681.21,850.2391767778367,810.616336734576,0.08995254306740996,0.3079399240940785,0.403221018008809
2024-01-28,21.7,12.2,0.0,25.691111111111113,16.95,0.0,27.8,0.0,0.0,0.4632579225674917,0.88622350294858,1,Florida,25.691111111111113,470.89,772.84,660.0331901234568,557.4971111111112,0.0,0.38560478853759833,0.13975542089831497
2024-01-29,16.1,8.9,0.0,15.61166666666667,12.5,0.0,21.7,0.0,0.0,0.4784338202547012,0.8781236129591848,1,Florida,15.61166666666667,259.21000000000004,470.89,243.72413611111122,251.3478333333334,0.0,0.17749305479104452,0.05525907171840995
2024-01-30,19.4,8.3,0.0,18.920000000000005,13.85,0.0,16.1,0.0,0.0,0.49346814167723735,0.8697638720650646,1,Florida,18.920000000000005,376.35999999999996,259.21000000000004,357.9664000000002,367.04800000000006,0.0,0.09837228652106651,0.10074240096130478
2024-01-31,21.7,9.4,0.0,21.282777777777778,15.55,0.0,19.4,0.0,0.0,0.5083564379375122,0.8611467540480452,1,Florida,21.282777777777778,470.89,376.35999999999996,452.9566299382716,461.83627777777775,0.0,0.13684226291918797,0.14303159380845323
2024-02-01,20.6,9.4,0.0,20.127777777777773,15.0,0.0,21.7,0.0,0.0,0.5230943033491326,0.8522748088519838,2,Florida,20.127777777777773,424.36000000000007,470.89,405.1274382716047,414.63222222222214,0.0,0.17734667675220844,0.11452010910770574
2024-02-02,21.1,10.0,0.0,20.73111111111111,15.55,0.0,20.6,0.0,0.0,0.5376773767406141,0.8431506618282,2,Florida,20.73111111111111,445.21000000000004,424.36000000000007,429.7789679012346,437.4264444444445,0.0,0.15616419714010327,0.12526373365952384
2024-02-03,23.3,9.4,0.0,23.080277777777777,16.35,0.0,21.1,0.0,0.0,0.5521013427459208,0.8337770129585915,2,Florida,23.080277777777777,542.89,445.21000000000004,532.6992222993827,537.7704722222222,0.0,0.16529596420302148,0.18873111403009954
2024-02-04,22.2,14.4,0.0,22.19944444444444,18.3,0.0,23.3,0.0,0.0,0.5663619330814524,0.8241566360566663,2,Florida,22.19944444444444,492.84,542.89,492.81533364197503,492.8276666666665,0.0,0.21494628169091154,0.1385177106275333
2024-02-05,19.4,12.2,0.0,19.915555555555557,15.799999999999999,0.0,22.2,0.0,0.0,0.580454927809098,0.8142923779467267,2,Florida,19.915555555555557,376.35999999999996,492.84,396.62935308641977,386.3617777777778,0.0,0.18799506456904938,0.08811373607790288
2024-02-06,19.4,11.1,0.0,18.985277777777778,15.25,0.0,19.4,0.0,0.0,0.5943761565849831,0.804187157621448,2,Florida,18.985277777777778,376.35999999999996,376.35999999999996,360.44077229938273,368.31438888888886,0.0,0.13663417494865024,0.09164281016729782
2024-02-07,20.0,10.0,0.0,19.680555555555557,15.0,0.0,19.4,0.0,0.0,0.6081214998935418,0.7938439653781019,2,Florida,19.680555555555557,400.0,376.35999999999996,387.3242669753087,393.61111111111114,0.0,0.13660332267925088,0.10354495736306309
2024-02-08,22.2,10.0,0.0,22.003611111111102,16.1,0.0,20.0,0.0,0.0,0.6216868902665479,0.7832658619336791,2,Florida,22.003611111111102,492.84,400.0,484.15890192901196,488.48016666666643,0.0,0.14582251731324863,0.15273265516334542
2024-02-09,24.4,12.8,0.0,24.27444444444445,18.6,0.0,22.2,0.0,0.0,0.6350683134867438,0.7724559775191742,2,Florida,24.27444444444445,595.3599999999999,492.84,589.24865308642,592.2964444444445,0.0,0.18783267722505276,0.21539575843815764
2024-02-10,25.6,13.9,0.0,25.50833333333333,19.75,0.0,24.4,0.0,0.0,0.6482618097757122,0.7614175109532997,2,Florida,25.50833333333333,655.3600000000001,595.3599999999999,650.6750694444443,653.0133333333333,0.0,0.2464012303319128,0.2604723944450369
2024-02-11,28.3,18.9,0.0,28.696246040435614,23.6,0.0,25.6,0.0,0.0,0.6612634749656386,0.7501537286959042,2,Florida,28.696246040435614,800.89,655.3600000000001,823.4745368132167,812.1037629443279,0.07067691835148393,0.28747819972858296,0.40669037171701566
2024-02-12,28.3,20.0,0.0,28.76327423575113,24.15,0.0,28.3,0.0,0.0,0.6740694616546161,0.7386679638813748,2,Florida,28.76327423575113,800.89,800.89,827.3259447610247,814.000660871757,0.07346975982296373,0.41095694454012116,0.39171463355228814
2024-02-13,22.8,13.3,0.0,25.71722222222222,18.05,0.0,28.3,0.0,0.0,0.6866759803451553,0.726963615332308,2,Florida,25.71722222222222,519.84,800.89,661.3755188271604,586.3526666666667,0.0,0.4108945067739184,0.15983847252831473
2024-02-14,22.2,10.6,0.0,21.79472222222221,16.4,0.0,22.8,0.0,0.0,0.6990793005655562,0.7150441465537444,2,Florida,21.79472222222221,492.84,519.84,475.0099167438266,483.84283333333303,0.0,0.201759393238133,0.1443195254162356
2024-02-15,24.4,12.2,0.0,24.196111111111108,18.299999999999997,0.0,22.2,0.0,0.0,0.7112757519738152,0.7029130847082615,2,Florida,24.196111111111108,595.3599999999999,492.84,585.4517929012344,590.385111111111,0.0,0.18763483761176794,0.2140109702611057
2024-02-16,25.0,14.4,0.0,24.956666666666663,19.7,0.0,24.4,0.0,0.0,0.7232617254437388,0.6905740195722293,2,Florida,24.956666666666663,625.0,595.3599999999999,622.835211111111,623.9166666666666,0.0,0.24616129876664522,0.2272561304485306
2024-02-17,19.4,11.7,0.0,22.711944444444455,15.549999999999999,0.0,25.0,0.0,0.0,0.7350336741329413,0.6780306024735382,2,Florida,22.711944444444455,376.35999999999996,625.0,515.8324204475314,440.6117222222224,0.0,0.2657558088062808,0.08743155548935652
2024-02-18,14.4,12.8,0.0,15.031111111111109,13.600000000000001,0.0,19.4,0.0,0.0,0.746588114532413,0.6652865452111116,2,Florida,15.031111111111109,207.36,376.35999999999996,225.93430123456784,216.44799999999998,0.0,0.13633933463003878,0.03870208412172325
2024-02-19,18.9,10.6,0.0,18.394999999999996,14.75,0.0,14.4,0.0,0.0,0.7579216274973472,0.6523456189565257,2,Florida,18.394999999999996,357.2099999999999,207.36,338.37602499999986,347.6654999999999,0.0,0.08437847188681007,0.08648396650282791
2024-02-20,20.6,7.2,0.0,19.99722222222222,13.9,0.0,18.9,0.0,0.0,0.7690308592589181,0.6392116531380588,2,Florida,19.99722222222222,424.36000000000007,357.2099999999999,399.88889660493817,411.94277777777774,0.0,0.1292220525458788,0.1169700261358718
2024-02-21,20.0,9.4,0.0,19.458611111111107,14.7,0.0,20.6,0.0,0.0,0.7799125224167177,0.6258885343075018,2,Florida,19.458611111111107,400.0,424.36000000000007,378.63754637345664,389.17222222222216,0.0,0.15562527867698003,0.09926562440004162
2024-02-22,23.3,8.9,0.0,23.054166666666667,16.1,0.0,20.0,0.0,0.0,0.7905633969115482,0.612380204990065,2,Florida,23.054166666666667,542.89,400.0,531.4946006944444,537.1620833333334,0.0,0.1455090202251794,0.18356179653726787
2024-02-23,25.0,10.6,2.0,24.904444444444447,17.8,1.0,23.3,0.0,0.0,0.8009803309782905,0.5986906625177214,2,Florida,24.904444444444447,625.0,542.89,620.2313530864199,622.6111111111112,0.0,0.21429235546580663,0.2451860817742424
2024-02-24,22.8,13.3,0.0,22.25500000000001,18.05,0.0,25.0,0.0,0.0,0.8111602420785621,0.5848239578463322,2,Florida,22.25500000000001,519.84,625.0,495.2850250000004,507.4140000000002,0.0,0.2655698180678391,0.14557121649858562
2024-02-25,22.8,11.1,0.0,22.333333333333343,16.95,0.0,22.8,0.0,0.0,0.8211001178128892,0.5707841943569036,2,Florida,22.333333333333343,519.84,519.84,498.7777777777782,509.2000000000002,0.0,0.2015113640021311,0.15425076838042406
2024-02-26,23.9,9.4,0.0,23.605833333333333,16.65,0.0,22.8,0.0,0.0,0.8307970168121247,0.5565755266413303,2,Florida,23.605833333333333,571.2099999999999,519.84,557.2353673611111,564.1794166666666,0.0,0.20149914685902665,0.19531752243950184
2024-02-27,25.6,12.2,0.0,25.43,18.9,0.0,23.9,0.0,0.0,0.8402480696078469,0.5422021592729844,2,Florida,25.43,655.3600000000001,571.2099999999999,646.6849,651.008,0.0,0.23086179913872382,0.25552178622520283
2024-02-28,28.3,16.1,0.0,28.246993170957833,22.200000000000003,0.0,25.6,0.0,0.0,0.8494504794814806,0.527668345562516,2,Florida,28.246993170957833,800.89,655.3600000000001,797.8926232001385,799.3899067381067,0.05195804878990969,0.2869574203158673,0.3976861679402593
2024-02-29,23.9,16.7,0.0,25.586666666666662,20.299999999999997,0.0,28.3,0.0,0.0,0.8584015232918917,0.512978386299228,2,Florida,25.586666666666662,571.2099999999999,800.89,654.6775111111109,611.5213333333332,0.0,0.41031477611275674,0.17153603628573869
2024-03-01,26.7,17.2,0.0,27.47501360605107,21.95,0.0,23.9,0.0,0.0,0.8670985522812081,0.4981366284784055,3,Florida,27.47501360605107,712.89,571.2099999999999,754.8763726526915,733.5828632815636,0.0197922335854613,0.2308381563472567,0.29924341069573673
2024-03-02,26.7,18.9,0.0,27.47501360605107,22.799999999999997,0.0,26.7,0.0,0.0,0.8755389928586302,0.4831474640149687,3,Florida,27.47501360605107,712.89,712.89,754.8763726526915,733.5828632815636,0.0197922335854613,0.3315217221255068,0.28307570772630025
2024-03-03,26.1,18.3,0.0,26.307500000000005,22.200000000000003,0.0,26.7,0.0,0.0,0.8837203473619977,0.4680153284438345,3,Florida,26.307500000000005,681.21,712.89,692.0845562500002,686.6257500000002,0.0,0.3315190582674833,0.2474316250060451
2024-03-04,26.1,16.7,0.0,26.21611111111112,21.4,0.0,26.1,0.0,0.0,0.8916401947968874,0.45274469960737107,3,Florida,26.21611111111112,681.21,681.21,687.2844817901238,684.2405000000002,0.0,0.30631406409540823,0.25344297051173387
2024-03-05,26.1,18.3,0.0,26.24222222222223,22.200000000000003,0.0,26.1,0.0,0.0,0.8992961915530253,0.4373400963303323,3,Florida,26.24222222222223,681.21,681.21,688.6542271604943,684.9220000000003,0.0,0.3063166055643908,0.24626038674987635
2024-03-06,27.8,19.4,2.6,28.577176604924507,23.6,1.0,26.1,0.0,0.0,0.9066860720977985,0.4218060770826634,3,Florida,28.577176604924507,772.84,681.21,816.6550227090446,794.4455096169013,0.06571569187185444,0.3063216649158959,0.3542308699883102
2024-03-07,27.2,16.7,0.0,28.181459693315517,21.95,0.0,27.8,0.0,0.0,0.9138076496466615,0.4061472386305789,3,Florida,28.181459693315517,739.8399999999999,772.84,794.1946704459672,766.535703658182,0.04922748722147988,0.38377506184156285,0.3165462735831962
2024-03-08,30.0,18.3,0.0,30.316243944444384,24.15,0.0,27.2,0.0,0.0,0.9206588168102428,0.3903682146763026,3,Florida,30.316243944444384,900.0,739.8399999999999,919.0746468990608,909.4873183333315,0.138176831018516,0.3542840733941743,0.5131021669781083
2024-03-09,31.1,22.8,0.0,32.78368005370444,26.950000000000003,0.0,30.0,0.0,0.0,0.9272375462179537,0.374473674486883,3,Florida,32.78368005370444,967.21,900.0,1074.7696778636582,1019.572449670208,0.24098666890435153,0.5150422103785215,0.6108223499067952
2024-03-10,25.0,18.9,0.0,28.499177144657796,21.95,0.0,31.1,0.0,0.0,0.9335418911179212,0.35846832151248087,3,Florida,28.499177144657796,625.0,967.21,812.2030979225854,712.4794286164449,0.06246571436074152,0.5956162461556547,0.20709707653690848
2024-03-11,22.2,12.8,0.0,22.49,17.5,0.0,25.0,0.0,0.0,0.9395699859530622,0.342356891994542,3,Florida,22.49,492.84,625.0,505.80009999999993,499.27799999999996,0.0,0.26555234002507805,0.12465633285606921
2024-03-12,25.0,12.2,0.0,24.839166666666664,18.6,0.0,22.2,0.0,0.0,0.945320046913132,0.3261441535642696,3,Florida,24.839166666666664,625.0,492.84,616.9842006944443,620.9791666666666,0.0,0.187444874601294,0.21833268892873603
2024-03-13,27.2,15.6,0.0,27.23515810385777,21.4,0.0,25.0,0.0,0.0,0.9507903724625832,0.3098349038318025,3,Florida,27.23515810385777,739.8399999999999,625.0,741.7538369421296,740.7963004249314,0.009798254327407108,0.2655901928847774,0.31015122820193347
2024-03-14,30.0,17.8,0.0,29.689165055555495,23.9,0.0,27.2,0.0,0.0,0.9559793438440766,0.2934339689665273,3,Florida,29.689165055555495,900.0,739.8399999999999,881.4465216960175,890.6749516666648,0.11204854398147897,0.35441149125149907,0.49231498305424143
2024-03-15,29.4,18.9,0.0,29.56310813900446,24.15,0.0,30.0,0.0,0.0,0.9608854255574977,0.27694620226893646,3,Florida,29.56310813900446,864.3599999999999,900.0,873.9773628384717,869.1553792867311,0.10679617245851913,0.5152330229111259,0.4312523657035735
2024-03-16,28.9,20.0,0.0,30.294298970771212,24.45,0.0,29.4,0.0,0.0,0.9655071658143364,0.2603764827344581,3,Florida,30.294298970771212,835.2099999999999,864.3599999999999,917.7445501304697,875.505240255288,0.13726245711546717,0.47565439838006585,0.407322982038387
2024-03-17,28.9,19.4,0.0,29.65017504153784,24.15,0.0,28.9,0.0,0.0,0.969843196967294,0.24372971360968387,3,Florida,29.65017504153784,835.2099999999999,835.2099999999999,879.1328799938334,856.8900587004435,0.11042396006407662,0.4449250094464351,0.39927631364328703
2024-03-18,28.9,21.1,0.0,30.28317007140459,25.0,0.0,28.9,0.0,0.0,0.9738922359149924,0.22701082094141847,3,Florida,30.28317007140459,835.2099999999999,835.2099999999999,917.0703895736148,875.1836150635926,0.13679875297519128,0.44497192358623444,0.3990243946557215
2024-03-19,21.1,11.1,0.0,24.049722222222226,16.1,0.0,28.9,0.0,0.0,0.9776530844816641,0.2102247521189836,3,Florida,24.049722222222226,445.21000000000004,835.2099999999999,578.3891389660496,507.44913888888897,0.0,0.44502211841345407,0.10194344932469895
2024-03-20,23.3,10.0,0.0,22.753888888888884,16.65,0.0,21.1,0.0,0.0,0.981124629771712,0.19337647441020586,3,Florida,22.753888888888884,542.89,445.21000000000004,517.739459567901,530.165611111111,0.0,0.1648715639599176,0.15712761223235672
2024-03-21,26.1,13.3,0.0,26.059444444444452,19.700000000000003,0.0,23.3,0.0,0.0,0.984305844499033,0.17647097349152166,3,Florida,26.059444444444452,681.21,542.89,679.0946447530869,680.1515000000003,0.0,0.21449081030045122,0.25279435849103477
2024-03-22,21.7,17.2,0.0,22.19944444444444,19.45,0.0,26.1,0.0,0.0,0.9871957872910085,0.15951325197263655,3,Florida,22.19944444444444,470.89,681.21,492.81533364197503,481.7279444444443,0.0,0.3067417950565913,0.09825768471773803
2024-03-23,27.2,17.8,0.0,27.35456218899553,22.5,0.0,21.7,0.0,0.0,0.9897936029670716,0.14250832791617088,3,Florida,27.35456218899553,739.8399999999999,470.89,748.2720725516239,744.0440915406784,0.014773424541480415,0.1768862330483751,0.296010387921014
2024-03-24,23.3,16.7,0.0,23.328333333333326,20.0,0.0,27.2,0.0,0.0,0.992098522791769,0.12546123335273648,3,Florida,23.328333333333326,542.89,739.8399999999999,544.2111361111108,543.5501666666665,0.0,0.3548460566160459,0.130560116561842
2024-03-25,25.6,16.1,0.0,25.50833333333333,20.85,0.0,23.3,0.0,0.0,0.9941098647022418,0.10837701279187609,3,Florida,25.50833333333333,655.3600000000001,542.89,650.6750694444443,653.0133333333333,0.0,0.2146326643343785,0.21397912900426957
2024-03-26,28.3,17.2,0.0,28.696246040435614,22.75,0.0,25.6,0.0,0.0,0.9958270335100595,0.09126072172931188,3,Florida,28.696246040435614,800.89,655.3600000000001,823.4745368132167,812.1037629443279,0.07067691835148393,0.28753043000956263,0.356494976599175
2024-03-27,27.8,21.1,0.0,29.15886103361784,24.450000000000003,0.0,28.3,0.0,0.0,0.9972495210773451,0.07411742515094437,3,Florida,29.15886103361784,772.84,800.89,850.2391767778367,810.616336734576,0.08995254306740996,0.41116349369605226,0.30800046445291446
2024-03-28,26.1,18.3,0.0,25.96805555555556,22.200000000000003,0.0,27.8,0.0,0.0,0.998376906467142,0.056952196034039754,3,Florida,25.96805555555556,681.21,772.84,674.33990933642,677.7662500000001,0.0,0.3846515548382123,0.21460903588524716
2024-03-29,25.0,15.0,0.0,24.617222222222225,20.0,0.0,26.1,0.0,0.0,0.9992088560679753,0.03977011384605572,3,Florida,24.617222222222225,625.0,681.21,606.0076299382717,615.4305555555557,0.0,0.3071210417214824,0.1824799645060584
2024-03-30,26.7,13.3,0.0,26.558888888888895,20.0,0.0,25.0,0.0,0.0,0.9997451236925734,0.022576263041545485,3,Florida,26.558888888888895,712.89,625.0,705.374579012346,709.1223333333335,0.0,0.2662611247803098,0.26625962889365595
2024-03-31,26.7,15.0,0.0,26.637222222222224,20.85,0.0,26.7,0.0,0.0,0.9999855506507186,0.005375731557583884,3,Florida,26.637222222222224,712.89,712.89,709.5416077160495,711.2138333333334,0.0,0.33251835728749357,0.25445745035550343
2024-04-01,28.9,16.7,0.0,28.59431378340449,22.799999999999997,0.0,26.7,0.0,0.0,0.9999300657962057,-0.011826390691832589,4,Florida,28.59431378340449,835.2099999999999,712.89,817.6347807437961,826.3756683403898,0.06642974097518713,0.3325909617516595,0.37705550895357687
2024-04-02,30.0,19.4,0.0,30.454350755555513,24.7,0.0,28.9,0.0,0.0,0.9995786855478958,-0.029025013321975237,4,Florida,30.454350755555513,900.0,835.2099999999999,927.4674799424047,913.6305226666653,0.1439312814814797,0.4460598030446346,0.4526027913464497
2024-04-03,28.9,17.2,0.0,31.015885100115636,23.049999999999997,0.0,30.0,0.0,0.0,0.9989315138848577,-0.046215046983708354,4,Florida,31.015885100115636,835.2099999999999,900.0,961.9851285435751,896.3590793933419,0.1673285458381515,0.5166935907732553,0.4010966875321246
2024-04-04,24.4,16.1,0.0,24.065555555555562,20.25,0.0,28.9,0.0,0.0,0.9979887423155984,-0.06339140486951038,4,Florida,24.065555555555562,595.3599999999999,835.2099999999999,579.1509641975312,587.1995555555557,0.0,0.4462571787731582,0.14954449401368142
2024-04-05,26.1,13.3,0.0,25.82444444444445,19.700000000000003,0.0,24.4,0.0,0.0,0.9967506498213929,-0.08054900421874167,4,Florida,25.82444444444445,681.21,595.3599999999999,666.9019308641978,674.0180000000001,0.0,0.24695628537683625,0.22886653978467172
2024-04-06,24.4,15.6,0.0,24.07861111111111,20.0,0.0,26.1,0.0,0.0,0.9952176027737294,-0.09768276782171598,4,Florida,24.07861111111111,595.3599999999999,681.21,579.7795130401233,587.518111111111,0.0,0.3076916744576204,0.15333534569428098
2024-04-07,25.6,12.2,0.0,25.325555555555557,18.9,0.0,24.4,0.0,0.0,0.9933900548258936,-0.11478762552212701,4,Florida,25.325555555555557,655.3600000000001,595.3599999999999,641.3837641975309,648.3342222222223,0.0,0.24708916169864134,0.20857899090712548
2024-04-08,25.6,13.3,0.0,25.495277777777776,19.450000000000003,0.0,25.6,0.0,0.0,0.9912685467787256,-0.13185851571739118,4,Florida,25.495277777777776,655.3600000000001,655.3600000000001,650.0091889660494,652.6791111111111,0.0,0.2883935643218006,0.20241287301734512
2024-04-09,27.8,15.6,0.0,27.910757868995592,21.7,0.0,25.6,0.0,0.0,0.9888537064205885,-0.1488903868564548,4,Florida,27.910757868995592,772.84,655.3600000000001,779.0104048216994,775.9190687580775,0.03794824454148301,0.2884743906620349,0.3040319105806772
2024-04-10,30.0,18.3,0.0,30.316243944444384,24.15,0.0,27.8,0.0,0.0,0.986146248341595,-0.16587819893463143,4,Florida,30.316243944444384,900.0,772.84,919.0746468990608,909.4873183333315,0.138176831018516,0.38581387249317367,0.4432967281303306
2024-04-11,27.2,21.1,0.0,29.385531600924462,24.15,0.0,30.0,0.0,0.0,0.9831469737221499,-0.1828169249850199,4,Florida,29.385531600924462,739.8399999999999,900.0,863.5094674689302,799.2864595451454,0.09939715003851927,0.5176716290285707,0.2561073077431497
2024-04-12,26.1,16.7,0.0,25.94194444444445,21.4,0.0,27.2,0.0,0.0,0.9798567700958665,-0.1997015525660636,4,Florida,25.94194444444445,681.21,739.8399999999999,672.9844815586422,677.0847500000001,0.0,0.3563904040901471,0.20312568268073367
2024-04-13,26.7,15.6,0.0,26.31083333333333,21.15,0.0,26.1,0.0,0.0,0.9762766110869321,-0.21652708524481437,4,Florida,26.31083333333333,712.89,681.21,692.2599506944443,702.49925,0.0,0.3083034071409448,0.2326666203103726
2024-04-14,27.8,13.9,0.0,26.790513540817827,20.85,0.0,26.7,0.0,0.0,0.9724075561219968,-0.23328854407545518,4,Florida,26.790513540817827,772.84,712.89,717.7316157807434,744.7762764347356,0.0,0.33374414547583064,0.28778707406957177
2024-04-15,28.9,16.7,0.0,28.33797592205119,22.799999999999997,0.0,27.8,0.0,0.0,0.9682507501166718,-0.2499809690726521,4,Florida,28.33797592205119,835.2099999999999,772.84,803.0408793587529,818.9675041472793,0.055748996752132886,0.3863742738309912,0.3436016354731441
2024-04-16,29.4,16.1,0.0,28.59431378340449,22.75,0.0,28.9,0.0,0.0,0.9638074231367307,-0.26659942067929354,4,Florida,28.59431378340449,864.3599999999999,835.2099999999999,817.6347807437961,840.672825232092,0.06642974097518713,0.4476779990650551,0.372989115513364
2024-04-17,29.4,17.8,0.0,29.336038526595594,23.6,0.0,29.4,0.0,0.0,0.9590788900341131,-0.28313898122818354,4,Florida,29.336038526595594,864.3599999999999,864.3599999999999,860.603156433901,862.4795326819104,0.09733493860814975,0.4787320540273525,0.37198660710544584
2024-04-18,31.1,19.4,0.0,31.043001335615575,25.25,0.0,29.4,0.0,0.0,0.9540665500578387,-0.2995947563972602,4,Florida,31.043001335615575,967.21,864.3599999999999,963.6679319230303,965.4373415376444,0.16845838898398227,0.4788769909692488,0.5022461178562792
2024-04-19,32.2,18.9,0.0,32.19925999255788,25.55,0.0,31.1,0.0,0.0,0.9487718864399473,-0.31596187665790293,4,Florida,32.19925999255788,1036.8400000000001,967.21,1036.7923440683383,1036.8161717603637,0.21663583302324488,0.599764507311546,0.6072049933575275
2024-04-20,32.2,20.6,0.0,32.56727818179556,26.400000000000002,0.0,32.2,1.0,1.0,0.9431964659565866,-0.33223549871590435,4,Florida,32.56727818179556,1036.8400000000001,1036.8400000000001,1060.627608170457,1048.666357453817,0.23196992424148158,0.6934358643387427,0.5971230882643769
2024-04-21,30.6,21.1,0.0,31.126955483004483,25.85,0.0,32.2,2.0,2.0,0.9373419384643772,-0.3484108069446808,4,Florida,31.126955483004483,936.3600000000001,1036.8400000000001,968.8873576409428,952.4848377799373,0.17195647845852013,0.6957351650578762,0.4409377072873596
2024-04-22,23.9,17.2,0.0,28.39887615283563,20.549999999999997,0.0,30.6,2.0,2.0,0.9312100364121947,-0.3644830148102912,4,Florida,28.39887615283563,571.2099999999999,936.3600000000001,806.4961667440963,678.7331400527715,0.05828650636815125,0.5659326001000152,0.13797838894870149
2024-04-23,25.0,14.4,0.0,24.826111111111118,19.7,0.0,23.9,1.0,2.0,0.9248025743285089,-0.38044736628785164,4,Florida,24.826111111111118,625.0,571.2099999999999,616.3357929012349,620.6527777777779,0.0,0.17982346803378527,0.11623715849950582
2024-04-24,27.2,14.4,0.0,26.717046959235613,20.8,0.0,25.0,0.0,2.0,0.9181214482844364,-0.39629913726891813,4,Florida,26.717046959235613,739.8399999999999,625.0,713.800598222001,726.7036772912087,0.0,0.15837029399857427,0.1286341818911559
2024-04-25,29.4,16.7,0.0,28.655171081404482,23.049999999999997,0.0,27.2,0.0,2.0,0.9111686353326631,-0.41203363695942635,4,Florida,28.655171081404482,864.3599999999999,739.8399999999999,821.1188297045597,842.4620297932918,0.06896546172518676,0.21552982328518827,0.19366690329289574
2024-04-26,28.9,18.3,0.0,28.78069813099559,23.6,0.0,29.4,0.0,2.0,0.9039461929224011,-0.42764620926777464,4,Florida,28.78069813099559,835.2099999999999,864.3599999999999,828.328584907493,831.7621759857725,0.07419575545814953,0.29724240726256257,0.16887833263441554
2024-04-27,27.8,18.3,0.0,27.987237679591207,23.05,0.0,28.9,0.0,1.0,0.8964562582905575,-0.44313223418263453,4,Florida,27.987237679591207,772.84,835.2099999999999,783.2854729339298,778.0452074926355,0.041134903316300285,0.3543619462704775,0.1862031503770858
2024-04-28,27.2,17.8,0.0,27.12101463745771,22.5,0.0,27.8,0.0,0.0,0.8887010478292915,-0.45848712914008766,4,Florida,27.12101463745771,739.8399999999999,772.84,735.5494349651952,737.6915981388496,0.005042276560737857,0.3880879704803725,0.22671835623879652
2024-04-29,30.0,16.1,0.0,29.56310813900446,23.05,0.0,27.2,0.0,0.0,0.8806828564301475,-0.47370635037968,4,Florida,29.56310813900446,900.0,739.8399999999999,873.9773628384717,886.8932441701338,0.10679617245851913,0.3584585286037336,0.4038484038546193
2024-04-30,29.4,18.9,0.0,30.331079793937747,24.15,0.0,30.0,0.0,0.0,0.8724040568049612,-0.48878539428899265,4,Florida,30.331079793937747,864.3599999999999,900.0,919.9744014662186,891.7337459417697,0.13879499141407278,0.5207211751798116,0.35569040871110796
2024-05-01,31.7,18.9,0.0,32.19925999255788,25.299999999999997,0.0,29.4,0.0,0.0,0.8638670987837349,-0.503719798736334,5,Florida,32.19925999255788,1004.89,864.3599999999999,1036.7923440683383,1020.7165417640847,0.21663583302324488,0.48097810428376214,0.5455308422324501
2024-05-02,31.7,20.0,3.8,32.56900581695783,25.85,1.0,31.7,0.0,0.0,0.8550745085896932,-0.518505144391157,5,Florida,32.56900581695783,1004.89,1004.89,1060.7401399050327,1032.4374843975631,0.23204190903990943,0.6509013309890472,0.5470828858049348
2024-05-03,30.6,20.0,0.0,31.617318406151192,25.3,0.0,31.7,0.0,0.0,0.8460288880917339,-0.533137056031809,5,Florida,31.617318406151192,936.3600000000001,1004.89,999.654823195947,967.4899432282265,0.19238826692296632,0.6511181527494375,0.4347166283690016
2024-05-04,29.4,20.0,0.0,30.194046724604465,24.7,0.0,30.6,0.0,0.0,0.8367329140344921,-0.5476112038402312,5,Florida,30.194046724604465,864.3599999999999,936.3600000000001,911.6804576075976,887.7049737033713,0.13308528019185273,0.564463681945576,0.3386508758344419
2024-05-05,31.1,20.6,0.0,33.19595416537561,25.85,0.0,29.4,0.0,0.0,0.8271893372462497,-0.5619233046832195,5,Florida,33.19595416537561,967.21,864.3599999999999,1101.9713729497184,1032.3941745431816,0.25816475689065044,0.48169611457289735,0.5059759122356098
2024-05-06,31.7,20.6,0.0,33.16821562719118,26.15,0.0,31.1,0.0,0.0,0.8174009818249189,-0.5760691233798758,5,Florida,33.16821562719118,1004.89,967.21,1100.1305278918492,1051.4324353819604,0.2570089844662992,0.6030780005810649,0.5402367862828816
2024-05-07,32.8,21.1,0.0,34.016651047591154,26.95,0.0,31.7,0.0,0.0,0.8073707443023492,-0.5900444739548627,5,Florida,34.016651047591154,1075.84,1004.89,1157.1325484935844,1115.7461543609897,0.2923604603162981,0.6520071718124775,0.6418474348412694
2024-05-08,35.0,23.3,0.0,37.21635105555562,29.15,0.0,32.8,1.0,1.0,0.7971015927871943,-0.6038452208771035,5,Florida,37.21635105555562,1225.0,1075.84,1385.056785890356,1302.5722869444467,0.4256812939814842,0.7517249826173062,0.9139193837158711
2024-05-09,35.0,24.4,0.0,36.98420724259553,29.7,0.0,35.0,2.0,2.0,0.7865965660866021,-0.6174672802835514,5,Florida,36.98420724259553,1225.0,1225.0,1367.8315853632557,1294.4472534908437,0.4160086351081471,0.9767911726490652,0.8840805137932777
2024-05-10,33.3,24.4,0.0,34.59215684108437,28.849999999999998,0.0,35.0,3.0,3.0,0.7758587728069828,-0.6309066211876704,5,Florida,34.59215684108437,1108.8899999999999,1225.0,1196.61731491818,1151.9188228081093,0.3163398683785153,0.9794451756596866,0.6525501525914246
2024-05-11,32.8,22.2,0.0,32.88196913043552,27.5,0.0,33.3,3.0,4.0,0.7648913904341225,-0.6441592666722685,5,Florida,32.88196913043552,1075.84,1108.8899999999999,1081.2238938949147,1078.528587478285,0.24508204710148007,0.6640984386549196,0.4530680645988772
2024-05-12,28.3,21.7,0.0,29.328596676871125,25.0,0.0,32.8,3.0,5.0,0.753697664392914,-0.6572212950663319,5,Florida,29.328596676871125,800.89,1075.84,860.166583034576,829.9992859554528,0.0970248615362969,0.500613810296343,0.1283395054443514
2024-05-13,30.0,21.1,0.0,31.887677555555513,25.55,0.0,28.3,2.0,5.0,0.742280907086982,-0.6700888411055113,5,Florida,31.887677555555513,900.0,800.89,1016.8239798870788,956.6303266666654,0.2036532314814797,0.19769775051048202,0.15206508991588402
2024-05-14,32.0,22.9,0.0,36.775126332444664,27.45,0.0,30.0,1.0,5.0,0.7306444969184916,-0.6827580970759147,5,Florida,36.775126332444664,1024.0,900.0,1352.409916767265,1176.8040426382292,0.40729693051852767,0.19657784956831897,0.21058389150283788
2024-05-15,30.0,23.3,0.0,35.91511605511118,26.65,0.0,32.0,0.0,4.0,0.7187918772884232,-0.6952253139408722,5,Florida,35.91511605511118,900.0,1024.0,1289.8955612521047,1077.4534816533353,0.3714631689629657,0.2704790590716847,0.1313208961606169
2024-05-16,34.0,23.9,0.0,34.47332644044452,28.95,0.0,30.0,0.0,3.0,0.7067265555776158,-0.7074868024503348,5,Florida,34.47332644044452,1156.0,900.0,1188.410235869451,1172.0930989751137,0.31138860168518817,0.25452807656031695,0.33850563585519045
2024-05-17,32.8,21.7,2.1,35.286900788051064,27.25,1.0,34.0,1.0,3.0,0.6944521021088763,-0.719538934232584,5,Florida,35.286900788051064,1075.84,1156.0,1245.1653672257587,1157.4103458480747,0.345287532835461,0.5928446571505077,0.39594259087037664
2024-05-18,34.4,23.3,8.4,40.018925928675564,28.85,1.0,32.8,2.0,3.0,0.6819721490904629,-0.7313781428679254,5,Florida,40.018925928675564,1183.36,1075.84,1601.5144324848213,1376.6510519464393,0.5424552470281485,0.6204952194748251,0.8090718803090526
2024-05-19,32.2,23.9,0.0,34.48873600083557,28.05,0.0,34.4,3.0,3.0,0.6692903895412567,-0.7430009249440493,5,Florida,34.48873600083557,1036.8400000000001,1183.36,1189.4729109353318,1110.5372992269056,0.3120306667014822,0.9180618721924451,0.5471390209928393
2024-05-20,31.1,23.3,0.0,32.39278539805116,27.200000000000003,0.0,32.2,3.0,4.0,0.6564105761979381,-0.7544038410927472,5,Florida,32.39278539805116,967.21,1036.8400000000001,1049.2925458441964,1007.4156258793911,0.224699391585465,0.5739964192818924,0.32101455478544905
2024-05-21,31.1,20.6,0.0,33.19595416537561,25.85,0.0,31.1,2.0,4.0,0.6433365204044917,-0.765583517007675,5,Florida,33.19595416537561,967.21,967.21,1101.9713729497184,1032.3941745431816,0.25816475689065044,0.389559977840092,0.26082293318988586
2024-05-22,32.2,22.8,0.0,32.78368005370444,27.5,0.0,31.1,1.0,4.0,0.6300720909843687,-0.7765366444428655,5,Florida,32.78368005370444,1036.8400000000001,967.21,1074.7696778636582,1055.6344977292829,0.24098666890435153,0.30393248682873986,0.21667885216082267
2024-05-23,32.8,21.7,0.0,33.680797364284345,27.25,0.0,32.2,1.0,5.0,0.6166212130956382,-0.7872599821916922,5,Florida,33.680797364284345,1075.84,1036.8400000000001,1134.3961110939833,1104.7301535485265,0.278366556845181,0.281595586384825,0.18598991380559585
2024-05-24,33.9,22.2,0.0,35.513380247404434,28.049999999999997,0.0,32.8,2.0,5.0,0.6029878670694714,-0.7977503570459932,5,Florida,35.513380247404434,1149.2099999999998,1075.84,1261.2001765967354,1203.9035903870104,0.35472417697518477,0.3980166258609497,0.34262622913060103
2024-05-25,33.3,23.9,0.0,36.60358037643559,28.599999999999998,0.0,33.9,3.0,5.0,0.5891760872322963,-0.8080046647350754,5,Florida,36.60358037643559,1108.8899999999999,1149.2099999999998,1339.8220963741803,1218.899226535305,0.40014918235148283,0.590095997282821,0.4256352072536717
2024-05-26,35.6,23.9,0.0,36.558321442275684,29.75,0.0,33.3,3.0,5.0,0.5751899607119775,-0.8180198708443174,5,Florida,36.558321442275684,1267.3600000000001,1108.8899999999999,1336.510866676754,1301.4762433450144,0.3982633934281535,0.5415061576624102,0.5964363806196935
2024-05-27,35.6,25.0,0.0,37.71805098215121,30.3,0.0,35.6,3.0,5.0,0.5610336262283677,-0.8277930117131022,5,Florida,37.71805098215121,1267.3600000000001,1267.3600000000001,1422.651369892158,1342.7626149645832,0.4465854575896338,0.7480231160219735,0.6175887072773221
2024-05-28,33.3,26.1,0.0,37.235683568124536,29.7,0.0,35.6,3.0,6.0,0.5467112728685939,-0.8373211953118121,5,Florida,37.235683568124536,1108.8899999999999,1267.3600000000001,1386.4961307854996,1239.948262818547,0.42648681533852234,0.6131391894920559,0.31493374037211447
2024-05-29,36.1,25.6,0.0,36.316484243971146,30.85,0.0,33.3,3.0,7.0,0.5322271388474397,-0.8466016020976267,5,Florida,36.316484243971146,1303.21,1108.8899999999999,1318.8870278426045,1311.0250812073584,0.3881868434987978,0.3405195311468209,0.3634006733296673
2024-05-30,34.4,22.8,0.0,34.01955023811552,28.6,0.0,36.1,3.0,7.0,0.5175855102531889,-0.8556314858488706,5,Florida,34.01955023811552,1183.36,1303.21,1157.3297984036658,1170.272528191174,0.29248125992148005,0.5348291530948112,0.23291102763282343
2024-05-31,32.8,22.8,0.0,33.680797364284345,27.799999999999997,0.0,34.4,3.0,7.0,0.5027907197793043,-0.8644081744776648,5,Florida,33.680797364284345,1075.84,1183.36,1134.3961110939833,1104.7301535485265,0.278366556845181,0.4076219410984993,0.1713185110469861
2024-06-01,30.6,22.2,0.0,30.406492212515545,26.4,0.0,32.8,3.0,7.0,0.4878471454423119,-0.8729290708206411,6,Florida,30.406492212515545,936.3600000000001,1075.84,924.5547686697685,930.4386617029758,0.14193717552148102,0.31429875029941096,0.09355299203931292
2024-06-02,31.1,21.1,0.0,31.04908144444437,26.1,0.0,30.6,2.0,6.0,0.47275920928627757,-0.881191653407483,6,Florida,31.04908144444437,967.21,936.3600000000001,964.0454585437396,965.6264329222199,0.16871172685184868,0.2192848935490231,0.11120333031284886
2024-06-03,32.2,22.2,0.0,33.57033428108443,27.200000000000003,0.0,31.1,1.0,5.0,0.4575313760742512,-0.8891934772070711,6,Florida,33.57033428108443,1036.8400000000001,967.21,1126.9673437437523,1080.9647638509186,0.2737639283785178,0.23682148517353727,0.15688755422340725
2024-06-04,32.8,22.8,0.0,34.48873600083557,27.799999999999997,0.0,32.2,1.0,5.0,0.44216815196707204,-0.8969321743510065,6,Florida,34.48873600083557,1075.84,1036.8400000000001,1189.4729109353318,1131.2305408274067,0.3120306667014822,0.28322814429757615,0.1824748228857922
2024-06-05,35.0,22.8,0.0,37.20667336761786,28.9,0.0,32.8,2.0,5.0,0.42667408318992467,-0.9044054548343001,6,Florida,37.20667336761786,1225.0,1075.84,1384.336543084604,1302.2335678666252,0.4252780569840775,0.4001812737586466,0.4344337967021285
2024-06-06,36.7,22.8,28.2,40.19811777359115,29.75,1.0,35.0,3.0,5.0,0.4110537546870351,-0.9116111071930239,6,Florida,40.19811777359115,1346.89,1225.0,1615.8886725395048,1475.2709222907954,0.5499215738996313,0.691894669004892,0.823904532598706
2024-06-07,35.0,23.3,0.0,39.9103602111111,29.15,0.0,36.7,3.0,5.0,0.3953117887649151,-0.9185469991587165,6,Florida,39.9103602111111,1225.0,1346.89,1592.8368521806399,1396.8626073888884,0.5379316754629624,0.8670510897173656,0.6366273524049001
2024-06-08,35.6,25.0,0.0,39.9103602111111,30.3,0.0,35.0,3.0,5.0,0.37945284372454435,-0.925211078289358,6,Florida,39.9103602111111,1267.3600000000001,1225.0,1592.8368521806399,1420.808823515555,0.5379316754629624,0.6924154660841242,0.681163870638111
2024-06-09,36.1,26.7,0.0,40.12194125900458,31.4,0.0,35.6,3.0,6.0,0.36348161248290634,-0.9316013725767187,6,Florida,40.12194125900458,1303.21,1267.3600000000001,1609.770170391014,1448.4020794500655,0.5467475524585241,0.6160654137155609,0.5736449597994993
2024-06-10,35.6,25.0,0.0,40.50424907331573,30.3,0.0,36.1,3.0,7.0,0.3474028211842774,-0.9377159910299093,6,Florida,40.50424907331573,1267.3600000000001,1303.21,1640.5941929931978,1441.9512670100398,0.5626770447214886,0.5372891532599131,0.4297866099280894
2024-06-11,30.0,25.0,0.0,35.52997874444458,27.5,0.0,35.6,3.0,7.0,0.3312212278016865,-0.9435531242349544,6,Florida,35.52997874444458,900.0,1267.3600000000001,1262.3793895806834,1065.8993623333372,0.35541578101852406,0.49667759792575117,0.10391727050478339
2024-06-12,30.6,23.9,0.0,38.603445149564514,27.25,0.0,30.0,2.0,6.0,0.31494162072895193,-0.9491110448902284,6,Florida,38.603445149564514,936.3600000000001,900.0,1490.225977415436,1181.2654215766743,0.4834768812318548,0.20025731144293366,0.160564972169321
2024-06-13,33.3,25.0,1.0,41.06150013175797,29.15,1.0,30.6,1.0,5.0,0.2985688173637202,-0.9543881083175908,6,Florida,41.06150013175797,1108.8899999999999,936.3600000000001,1686.0467930703596,1367.34795438754,0.5858958388232486,0.219602691705455,0.3250867550461039
2024-06-14,32.8,24.4,0.0,38.33124403731548,28.599999999999998,0.0,33.3,1.0,5.0,0.2821076626819194,-0.9593827529490743,6,Florida,38.33124403731548,1075.84,1108.8899999999999,1469.2842694482333,1257.2648044239477,0.4721351682214783,0.3404899408372085,0.2266024273100808
2024-06-15,32.8,25.0,0.0,39.011986261617736,28.9,0.0,32.8,2.0,5.0,0.26556302780405594,-0.9640935007889755,6,Florida,39.011986261617736,1075.84,1075.84,1521.935072076651,1279.5931493810617,0.5004994275674056,0.40198301488608573,0.32222674540166174
2024-06-16,33.3,24.4,0.0,39.36290717779544,28.849999999999998,0.0,32.8,3.0,5.0,0.24893980855376657,-0.9685189578512204,6,Florida,39.36290717779544,1108.8899999999999,1075.84,1549.43846148774,1310.7848090205882,0.5151211324081434,0.5080044785910413,0.4764069754772377
2024-06-17,31.1,24.4,0.0,34.24562740051562,27.75,0.0,33.3,3.0,5.0,0.23224292400907015,-0.9726578145718654,6,Florida,34.24562740051562,967.21,1108.8899999999999,1172.7629960549464,1065.0390121560358,0.30190114168815096,0.5464465111604428,0.22955309557299464
2024-06-18,30.6,22.8,0.0,32.6347006444444,26.700000000000003,0.0,31.1,2.0,4.0,0.21547731504673012,-0.976508846196619,6,Florida,32.6347006444444,936.3600000000001,967.21,1065.0236861524997,998.6218397199987,0.2347791935185167,0.39451186542109823,0.1981488230416485
2024-06-19,28.9,23.9,0.0,32.69051061163565,26.4,0.0,30.6,1.0,4.0,0.19864794288017112,-0.9800709131432666,6,Florida,32.69051061163565,835.2099999999999,936.3600000000001,1068.669484049463,944.7557566762703,0.23710460881815218,0.2849991158633271,0.10197354414759897
2024-06-20,31.7,23.9,0.0,35.286900788051064,27.799999999999997,0.0,28.9,0.0,4.0,0.18175978759137534,-0.9833429613388902,6,Florida,35.286900788051064,1004.89,835.2099999999999,1245.1653672257587,1118.5947549812188,0.345287532835461,0.1677077868381393,0.15035728334219275
2024-06-21,31.1,24.4,0.0,37.86849669121564,27.75,0.0,31.7,0.0,3.0,0.16481784665719793,-0.9863240225317866,6,Florida,37.86849669121564,967.21,1004.89,1434.02304165261,1177.7102470968064,0.4528540288006517,0.33713934767023096,0.21863022252384484
2024-06-22,32.8,26.7,0.0,40.45786914243551,29.75,0.0,31.1,0.0,2.0,0.14782713347053048,-0.9890132145779883,6,Florida,40.45786914243551,1075.84,967.21,1636.8391755464356,1327.0181078718847,0.5607445476014797,0.3923115946194701,0.46349101905924395
2024-06-23,32.8,26.1,0.0,38.33124403731548,29.45,0.0,32.8,1.0,2.0,0.13079267585675922,-0.9914097417023038,6,Florida,38.33124403731548,1075.84,1075.84,1469.2842694482333,1257.2648044239477,0.4721351682214783,0.6272350597410561,0.5139867416571953
2024-06-24,33.9,24.4,0.0,38.16772704802459,29.15,0.0,32.8,2.0,2.0,0.11371951458594969,-0.9935128947338007,6,Florida,38.16772704802459,1149.2099999999998,1075.84,1456.7753880125078,1293.8859469280335,0.46532196033435785,0.7664017796357206,0.7500249639172866
2024-06-25,33.9,25.0,24.4,41.06150013175797,29.45,1.0,33.9,3.0,3.0,0.0966127018812031,-0.9953220513156602,6,Florida,41.06150013175797,1149.2099999999998,1149.2099999999998,1686.0467930703596,1391.984854466595,0.5858958388232486,0.8768729255945543,0.8684995121204834
2024-06-26,34.4,24.4,5.1,39.64739735793769,29.4,1.0,33.9,3.0,4.0,0.07947729992362097,-0.9968366760893436,6,Florida,39.64739735793769,1183.36,1149.2099999999998,1571.9161172582046,1363.8704691130565,0.5269748899140705,0.7309698636994644,0.7081925377493069
2024-06-27,33.3,25.0,0.0,39.53985497449563,29.15,0.0,34.4,3.0,5.0,0.062318379354325076,-0.998056320853012,6,Florida,39.53985497449563,1108.8899999999999,1183.36,1563.400131404147,1316.6771706507045,0.5224939572706514,0.6415390077369191,0.46078966971649826
2024-06-28,31.7,24.4,0.0,37.8871695441513,28.049999999999997,0.0,33.3,3.0,6.0,0.04514101777397193,-0.9989806246941579,6,Florida,37.8871695441513,1004.89,1108.8899999999999,1435.4376160672657,1201.0232745495962,0.45363206433963743,0.43830063851267875,0.23538327090710465
2024-06-29,33.3,23.9,0.0,39.011986261617736,28.599999999999998,0.0,31.7,2.0,6.0,0.02795029824021032,-0.999609314096404,6,Florida,39.011986261617736,1108.8899999999999,1004.89,1521.935072076651,1299.0991425118705,0.5004994275674056,0.2652527462600748,0.25749833343610506
2024-06-30,31.7,24.4,6.6,37.86849669121564,28.049999999999997,1.0,33.3,2.0,6.0,0.01075130776352193,-0.9999422030204416,6,Florida,37.86849669121564,1004.89,1108.8899999999999,1434.02304165261,1200.4313451115358,0.4528540288006517,0.34420249459598556,0.17435808937110966
2024-07-01,33.3,24.4,0.0,38.33124403731548,28.849999999999998,0.0,31.7,1.0,5.0,-0.00645086419810515,-0.9999791929590823,7,Florida,38.33124403731548,1108.8899999999999,1004.89,1469.2842694482333,1276.4304264426053,0.4721351682214783,0.26444095707372667,0.24108434402868673
2024-07-02,34.4,25.6,0.0,40.45786914243551,30.0,0.0,33.3,2.0,5.0,-0.023651127245231586,-0.9997202729664083,7,Florida,40.45786914243551,1183.36,1108.8899999999999,1636.8391755464356,1391.7506984997815,0.5607445476014797,0.43742924267695404,0.4458547382063794
2024-07-03,35.0,25.6,0.0,41.07169827777786,30.3,0.0,34.4,2.0,5.0,-0.04084439154329611,-0.9991655196610109,7,Florida,41.07169827777786,1225.0,1183.36,1686.884399420821,1437.5094397222251,0.5863207615740776,0.517872808500418,0.507161204122033
2024-07-04,34.4,26.1,1.0,41.59088422567101,30.25,1.0,35.0,3.0,5.0,-0.05802556932878035,-0.9983150972033183,7,Florida,41.59088422567101,1183.36,1225.0,1729.80165067317,1430.7264173630826,0.6079535094029588,0.6988368869471326,0.6186952666333784
2024-07-05,33.9,26.1,0.0,40.31313256477118,30.0,0.0,34.4,3.0,5.0,-0.07518957641475855,-0.9971692572470178,7,Florida,40.31313256477118,1149.2099999999998,1183.36,1625.1486571848145,1366.615193945743,0.5547138568654658,0.6433117049106304,0.5189321826233474
2024-07-06,33.9,25.6,0.0,38.33124403731548,29.75,0.0,33.9,3.0,6.0,-0.09233133369539122,-0.9957283388645872,7,Florida,38.33124403731548,1149.2099999999998,1149.2099999999998,1469.2842694482333,1299.4291728649946,0.4721351682214783,0.48208305106686994,0.3455967915224997
2024-07-07,35.6,26.7,0.0,40.50424907331573,31.15,0.0,33.9,3.0,6.0,-0.10944576864891556,-0.993992768446958,7,Florida,40.50424907331573,1267.3600000000001,1149.2099999999998,1640.5941929931978,1441.9512670100398,0.5626770447214886,0.48225734609639453,0.5241336363745555
2024-07-08,36.1,24.4,43.5,41.8917068777778,30.25,1.0,35.6,3.0,7.0,-0.12652781683868314,-0.9919630595773397,7,Florida,41.8917068777778,1303.21,1267.3600000000001,1754.9151051336557,1512.2906182877787,0.620487786574075,0.5019972314552499,0.5052752217431229
2024-07-09,33.9,25.0,0.0,40.31313256477118,29.45,0.0,36.1,3.0,7.0,-0.1435724234118113,-0.9896398128792412,7,Florida,40.31313256477118,1149.2099999999998,1303.21,1625.1486571848145,1366.615193945743,0.5547138568654658,0.5433084820008084,0.29669873345123227
2024-07-10,33.9,25.0,0.0,39.554438450015674,29.45,0.0,33.9,3.0,7.0,-0.16057454459499376,-0.9870237158387383,7,Florida,39.554438450015674,1149.2099999999998,1149.2099999999998,1564.5536010960784,1340.8954634555314,0.5231016020839864,0.3823615880038041,0.2838589723418861
2024-07-11,31.1,24.4,0.0,37.263807475384425,27.75,0.0,33.9,3.0,7.0,-0.17752914918703497,-0.984115542601034,7,Florida,37.263807475384425,967.21,1149.2099999999998,1388.5913475625161,1158.9044124844556,0.4276586448076844,0.38250122011079973,0.14045619706281787
2024-07-12,34.4,25.0,0.0,37.20667336761786,29.7,0.0,31.1,2.0,6.0,-0.19443122004766195,-0.9809161537413774,7,Florida,37.20667336761786,1183.36,967.21,1384.336543084604,1279.9095638460544,0.4252780569840775,0.24205924289555714,0.26421142411083587
2024-07-13,34.4,26.1,4.4,40.018925928675564,30.25,1.0,34.4,2.0,6.0,-0.2112757555821793,-0.9774264960104055,7,Florida,40.018925928675564,1183.36,1183.36,1601.5144324848213,1376.6510519464393,0.5424552470281485,0.4135100262792326,0.32316379743107027
2024-07-14,34.4,23.3,0.0,40.78773627436432,28.85,0.0,34.4,2.0,6.0,-0.2280577712215198,-0.9736476020539838,7,Florida,40.78773627436432,1183.36,1183.36,1663.639430387095,1403.0981278381325,0.5744890114318467,0.41365235425517083,0.35005802730068525
2024-07-15,33.9,23.9,0.0,40.45786914243551,28.9,0.0,34.4,3.0,6.0,-0.24477230089725957,-0.9695805901076308,7,Florida,40.45786914243551,1149.2099999999998,1183.36,1636.8391755464356,1371.5217639285638,0.5607445476014797,0.5217765358129358,0.41167604172835004
2024-07-16,35.0,24.4,0.0,44.20635371329767,29.7,0.0,33.9,3.0,6.0,-0.2614143985111562,-0.965226663665613,7,Florida,44.20635371329767,1225.0,1149.2099999999998,1954.201708625187,1547.2223799654187,0.7169314047207364,0.4837323074953452,0.6418214206517927
2024-07-17,34.4,23.9,0.0,37.598498363004396,29.15,0.0,35.0,3.0,6.0,-0.2779791393987801,-0.9605871111248129,7,Florida,37.598498363004396,1183.36,1225.0,1413.6470791528443,1293.3883436873512,0.4416040984585165,0.5713659345221567,0.35883332095972625
2024-07-18,35.0,25.0,0.0,38.58431805415117,30.0,0.0,34.4,3.0,6.0,-0.2944616217868012,-0.9556633054034704,7,Florida,38.58431805415117,1225.0,1183.36,1488.749599703896,1350.451131895291,0.48267991892296536,0.5222588816105332,0.4208457889898663
2024-07-19,35.0,25.6,0.0,41.59088422567101,30.3,0.0,35.0,3.0,7.0,-0.3108569682435036,-0.9504567035349151,7,Florida,41.59088422567101,1225.0,1225.0,1729.80165067317,1455.6809478984853,0.6079535094029588,0.4579183217098357,0.3972578306909102
2024-07-20,35.6,25.6,0.0,41.90100301223787,30.6,0.0,35.0,3.0,7.0,-0.3271603271220951,-0.9449688462364056,7,Florida,41.90100301223787,1267.3600000000001,1225.0,1755.6940534315672,1491.6757072356684,0.6208751255099113,0.4580577244632276,0.44945696333197066
2024-07-21,35.0,25.0,0.0,41.59088422567101,30.0,0.0,35.6,3.0,7.0,-0.34336687399638804,-0.939201357453208,7,Florida,41.59088422567101,1225.0,1267.3600000000001,1729.80165067317,1455.6809478984853,0.6079535094029588,0.5040952778193274,0.3986743365851828
2024-07-22,34.4,26.1,0.0,40.31313256477118,30.25,0.0,35.0,3.0,7.0,-0.3594718130884232,-0.9331559438780432,7,Florida,40.31313256477118,1183.36,1225.0,1625.1486571848145,1386.7717602281286,0.5547138568654658,0.4583290599555136,0.32012894932372343
2024-07-23,33.9,25.6,0.0,38.85491958937559,29.75,0.0,34.4,3.0,7.0,-0.3754703786876202,-0.9268343944460494,7,Florida,38.85491958937559,1149.2099999999998,1183.36,1509.704776296843,1317.1817740798324,0.4939549828906496,0.41634078381051937,0.2631213878705104
2024-07-24,34.4,25.6,0.0,41.90100301223787,30.0,0.0,33.9,3.0,7.0,-0.3913578365610259,-0.9202385798054075,7,Florida,41.90100301223787,1183.36,1149.2099999999998,1755.6940534315672,1441.3945036209827,0.6208751255099113,0.3841376246592938,0.3721551444684095
2024-07-25,33.3,26.1,0.0,38.16772704802459,29.7,0.0,34.4,3.0,7.0,-0.4071294853542516,-0.9133704517637858,7,Florida,38.16772704802459,1108.8899999999999,1183.36,1456.7753880125078,1270.9853106992186,0.46532196033435785,0.4165789714975379,0.22120919056953534
2024-07-26,35.0,25.6,0.0,38.15792965555557,30.3,0.0,33.3,3.0,7.0,-0.4227806579826773,-0.9062320427107697,7,Florida,38.15792965555557,1225.0,1108.8899999999999,1456.0275955983273,1335.527537944445,0.46491373564814875,0.34872425819817193,0.30654391081189275
2024-07-27,33.3,25.6,0.0,39.554438450015674,29.45,0.0,35.0,3.0,7.0,-0.4383067230125192,-0.898825465016444,7,Florida,39.554438450015674,1108.8899999999999,1225.0,1564.5536010960784,1317.162800385522,0.5231016020839864,0.4589619091503111,0.2490270356568674
2024-07-28,32.8,25.0,0.0,38.33124403731548,28.9,0.0,33.3,3.0,7.0,-0.45370308603134424,-0.8911529104063088,7,Florida,38.33124403731548,1075.84,1108.8899999999999,1469.2842694482333,1257.2648044239477,0.4721351682214783,0.3489183739638292,0.21059981211808793
2024-07-29,33.3,25.0,0.0,39.554438450015674,29.15,0.0,32.8,3.0,7.0,-0.46896519100763184,-0.8832166493127127,7,Florida,39.554438450015674,1108.8899999999999,1075.84,1564.5536010960784,1317.162800385522,0.5231016020839864,0.3217976569519368,0.25705495315269616
2024-07-30,34.4,24.4,0.0,40.018925928675564,29.4,0.0,33.3,3.0,7.0,-0.48408852163897587,-0.8750190302029955,7,Florida,40.018925928675564,1183.36,1108.8899999999999,1601.5144324848213,1376.6510519464393,0.5424552470281485,0.34910345914744084,0.3269601882601335
2024-07-31,34.4,25.6,0.0,39.011986261617736,30.0,0.0,34.4,3.0,7.0,-0.4990686026885319,-0.8665624788845385,7,Florida,39.011986261617736,1183.36,1183.36,1521.935072076651,1342.01232739965,0.5004994275674056,0.4172325991575225,0.29318649085428944
2024-08-01,35.0,25.0,0.0,41.07169827777786,30.0,0.0,34.4,3.0,7.0,-0.5139010013093103,-0.8578494977869301,8,Florida,41.07169827777786,1225.0,1183.36,1686.884399420821,1437.5094397222251,0.5863207615740776,0.4173322938308738,0.3884504941951783
2024-08-02,33.9,24.4,61.9,38.85491958937559,29.15,1.0,35.0,3.0,7.0,-0.5285813283559292,-0.8488826652214553,8,Florida,38.85491958937559,1149.2099999999998,1225.0,1509.704776296843,1317.1817740798324,0.4939549828906496,0.45963007899272956,0.27584311345605944
2024-08-03,32.8,24.4,2.3,39.011986261617736,28.599999999999998,1.0,33.9,3.0,7.0,-0.5431052396834317,-0.8396646346181327,8,Florida,39.011986261617736,1075.84,1149.2099999999998,1521.935072076651,1279.5931493810617,0.5004994275674056,0.38513600256102515,0.2313281537635036
2024-08-04,31.7,24.4,23.7,37.8871695441513,28.049999999999997,1.0,32.8,3.0,7.0,-0.5574684374327892,-0.8301981337405212,8,Florida,37.8871695441513,1004.89,1075.84,1435.4376160672657,1201.0232745495962,0.45363206433963743,0.3222779770880337,0.1736740682689665
2024-08-05,30.0,25.0,13.6,35.52997874444458,27.5,1.0,31.7,2.0,6.0,-0.5716666713027052,-0.8204859638785327,8,Florida,35.52997874444458,900.0,1004.89,1262.3793895806834,1065.8993623333372,0.35541578101852406,0.26866063771428966,0.1044003030316533
2024-08-06,33.3,25.6,23.3,37.51950270193562,29.45,1.0,30.0,1.0,5.0,-0.5856957398073508,-0.8105309990194823,8,Florida,37.51950270193562,1108.8899999999999,900.0,1407.7130830005544,1249.399439974456,0.4383126125806509,0.20379988489888792,0.23051252111986495
2024-08-07,34.4,28.3,0.0,40.45786914243551,31.35,0.0,33.3,1.0,5.0,-0.5995514915196489,-0.8003361849976323,8,Florida,40.45786914243551,1183.36,1108.8899999999999,1636.8391755464356,1391.7506984997815,0.5607445476014797,0.34712754598840845,0.32382627806038883
2024-08-08,35.0,28.3,0.0,41.8917068777778,31.65,0.0,34.4,2.0,5.0,-0.6132298262997502,-0.7899045386224707,8,Florida,41.8917068777778,1225.0,1183.36,1754.9151051336557,1466.209740722223,0.620487786574075,0.523130272843303,0.521996543643629
2024-08-09,35.0,26.7,6.2,41.07169827777786,30.85,1.0,35.0,3.0,5.0,-0.6267266965083301,-0.7792391467859886,8,Florida,41.07169827777786,1225.0,1225.0,1686.884399420821,1437.5094397222251,0.5863207615740776,0.7050117134277516,0.6470532674715344
2024-08-10,33.9,26.1,0.0,41.090860604495596,30.0,0.0,35.0,3.0,5.0,-0.6400381082043503,-0.7683431655492202,8,Florida,41.090860604495596,1149.2099999999998,1225.0,1688.4588252180881,1392.9801744924007,0.5871191918539832,0.7051158719631145,0.5501721344058048
2024-08-11,33.3,25.0,29.1,39.554438450015674,29.15,1.0,33.9,3.0,5.0,-0.65316012232693,-0.7572198192083127,8,Florida,39.554438450015674,1108.8899999999999,1149.2099999999998,1564.5536010960784,1317.162800385522,0.5231016020839864,0.6051660891159567,0.47266909495864606
2024-08-12,33.3,25.0,0.0,39.36290717779544,29.15,0.0,33.3,3.0,6.0,-0.666088855860977,-0.7458723993404063,8,Florida,39.36290717779544,1108.8899999999999,1108.8899999999999,1549.43846148774,1310.7848090205882,0.5151211324081434,0.4441462324811652,0.34773883126999294
2024-08-13,35.0,26.1,0.0,40.78773627436432,30.55,0.0,33.3,3.0,7.0,-0.6788204829862355,-0.734304263829602,8,Florida,40.78773627436432,1225.0,1108.8899999999999,1663.639430387095,1427.5707696027512,0.5744890114318467,0.35012826862551455,0.384388799051753
2024-08-14,35.6,27.2,0.5,41.22300979895104,31.4,1.0,35.0,3.0,7.0,-0.6913512362094071,-0.722518835873311,8,Florida,41.22300979895104,1267.3600000000001,1225.0,1699.3365368844134,1467.5391488426571,0.5926254082896266,0.4606405683853867,0.4375500581330535
2024-08-15,32.8,26.7,0.0,39.541848642951145,29.75,0.0,35.6,3.0,7.0,-0.7036774074790128,-0.7105196029692745,8,Florida,39.541848642951145,1075.84,1267.3600000000001,1563.5577941020572,1296.9726354887973,0.522577026789631,0.5067801319952309,0.22858834958340393
2024-08-16,32.2,25.6,0.0,34.48873600083557,28.900000000000002,0.0,32.8,3.0,7.0,-0.7157953492826642,-0.6983101158835584,8,Florida,34.48873600083557,1036.8400000000001,1075.84,1189.4729109353318,1110.5372992269056,0.3120306667014822,0.3229869790747752,0.14379235202485516
2024-08-17,33.3,24.4,0.0,35.75535508329567,28.849999999999998,0.0,32.2,3.0,7.0,-0.7277014757264236,-0.6858939875998223,8,Florida,35.75535508329567,1108.8899999999999,1036.8400000000001,1278.4454171325574,1190.6533242737457,0.3648064618039862,0.2930794450073763,0.199998587534897
2024-08-18,34.4,23.9,0.0,36.32746605479784,29.15,0.0,33.3,3.0,7.0,-0.7393922635959241,-0.673274892250183,8,Florida,36.32746605479784,1183.36,1108.8899999999999,1319.6847899624893,1249.6648322850456,0.3886444189499099,0.3503720009564399,0.25559729725281194
2024-08-19,34.4,25.6,0.0,38.9300934206755,30.0,0.0,34.4,3.0,7.0,-0.7508642533989489,-0.6604565640279754,8,Florida,38.9300934206755,1183.36,1183.36,1515.5521737425217,1339.195213671237,0.4970872258614791,0.4186347715541726,0.3021200062566935
2024-08-20,32.8,26.1,3.5,39.36290717779544,29.45,1.0,34.4,3.0,7.0,-0.7621140503891487,-0.6474427960827475,8,Florida,39.36290717779544,1075.84,1183.36,1549.43846148774,1291.1033554316905,0.5151211324081434,0.41867836503225664,0.23945597838772517
2024-08-21,32.8,25.0,25.0,39.011986261617736,28.9,1.0,32.8,3.0,7.0,-0.7731383255706026,-0.6342374393978054,8,Florida,39.011986261617736,1075.84,1075.84,1521.935072076651,1279.5931493810617,0.5004994275674056,0.3231772650986621,0.24105844940983495
2024-08-22,28.3,23.3,0.6,32.69051061163565,25.8,1.0,32.8,3.0,7.0,-0.7839338166829201,-0.620844401650647,8,Florida,32.69051061163565,800.89,1075.84,1068.669484049463,925.141450309289,0.23710460881815218,0.32320764638390864,0.06535309545419545
2024-08-23,33.3,23.3,32.3,37.20667336761786,28.299999999999997,1.0,28.3,2.0,6.0,-0.7944973291665992,-0.6072676460566135,8,Florida,37.20667336761786,1108.8899999999999,800.89,1384.336543084604,1238.9822231416747,0.4252780569840775,0.15735810866713304,0.247100431218937
2024-08-24,33.9,22.8,0.3,38.16772704802459,28.35,1.0,33.3,2.0,6.0,-0.8048257371083452,-0.593511190196115,8,Florida,38.16772704802459,1149.2099999999998,1108.8899999999999,1456.7753880125078,1293.8859469280335,0.46532196033435785,0.3492596457646137,0.2862684527916187
2024-08-25,34.4,24.4,20.7,39.64739735793769,29.4,1.0,33.9,2.0,6.0,-0.8149159841660791,-0.5795791048257612,8,Florida,39.64739735793769,1183.36,1149.2099999999998,1571.9161172582046,1363.8704691130565,0.5269748899140705,0.3849611241948607,0.3419713482657169
2024-08-26,31.7,24.4,10.1,37.8871695441513,28.049999999999997,1.0,34.4,3.0,6.0,-0.8247650844733614,-0.5654755126737576,8,Florida,37.8871695441513,1004.89,1183.36,1435.4376160672657,1201.0232745495962,0.45363206433963743,0.5259927835607355,0.24961376938503357
2024-08-27,32.8,25.0,0.0,39.47375485087112,28.9,0.0,31.7,2.0,5.0,-0.8343701235229538,-0.5512045872199277,8,Florida,39.47375485087112,1075.84,1004.89,1558.1773220266712,1294.7391591085725,0.5197397854529632,0.34611018438043,0.3406050579938251
2024-08-28,33.3,25.6,0.3,40.2929255059178,29.45,1.0,32.8,2.0,5.0,-0.8437282590292712,-0.5367705514607103,8,Florida,40.2929255059178,1108.8899999999999,1075.84,1623.5198458254413,1341.7544193470626,0.5538718960799084,0.4103896414432619,0.3982196554727381
2024-08-29,31.1,24.4,2.3,36.68049771557119,27.75,1.0,33.3,2.0,5.0,-0.8528367217694595,-0.522177676659508,8,Florida,36.68049771557119,967.21,1108.8899999999999,1345.4589126620235,1140.7634789542642,0.40335407148213304,0.4432815444504553,0.208852226322166
2024-08-30,31.7,25.0,6.6,37.8871695441513,28.35,1.0,31.1,2.0,5.0,-0.8616928164028522,-0.5074302810827518,8,Florida,37.8871695441513,1004.89,967.21,1435.4376160672657,1201.0232745495962,0.45363206433963743,0.3154304472427773,0.2590247789233174
2024-08-31,32.8,25.0,0.0,37.05415802092446,28.9,0.0,31.7,1.0,4.0,-0.8702939222685674,-0.49253272872205434,8,Florida,37.05415802092446,1075.84,1004.89,1373.0106266396406,1215.3763830863222,0.41892325087185256,0.34485412243495334,0.28789410387280445
2024-09-01,32.2,23.3,43.7,37.267713707404496,27.75,1.0,32.8,1.0,4.0,-0.8786374941610001,-0.4774894280028391,9,Florida,37.267713707404496,1036.8400000000001,1075.84,1388.882484977065,1200.0203813784249,0.42782140447518735,0.40894092448019775,0.27558581469307886
2024-09-02,31.1,24.4,4.3,36.68049771557119,27.75,1.0,32.2,2.0,4.0,-0.886721063082993,-0.46230483047981086,9,Florida,36.68049771557119,967.21,1036.8400000000001,1345.4589126620235,1140.7634789542642,0.40335407148213304,0.472860885947033,0.2929445740096962
2024-09-03,33.3,23.9,0.0,39.554438450015674,28.599999999999998,0.0,31.1,2.0,4.0,-0.8945422369764496,-0.4469834295196741,9,Florida,39.554438450015674,1108.8899999999999,967.21,1564.5536010960784,1317.162800385522,0.5231016020839864,0.4023065925715861,0.5095069229709189
2024-09-04,33.3,25.6,0.0,41.06150013175797,29.45,0.0,33.3,2.0,4.0,-0.9020987014301837,-0.43152975897147144,9,Florida,41.06150013175797,1108.8899999999999,1108.8899999999999,1686.0467930703596,1367.34795438754,0.5858958388232486,0.5546534290182299,0.5459562398082057
2024-09-05,32.8,24.4,0.0,40.45786914243551,28.599999999999998,0.0,33.3,2.0,4.0,-0.9093882203647925,-0.4159483918249421,9,Florida,40.45786914243551,1075.84,1108.8899999999999,1636.8391755464356,1327.0181078718847,0.5607445476014797,0.5546440341331084,0.49521897022078126
2024-09-06,33.3,24.4,0.0,40.2929255059178,28.849999999999998,0.0,32.8,3.0,5.0,-0.9164086366943458,-0.4002439388573056,9,Florida,40.2929255059178,1108.8899999999999,1075.84,1623.5198458254413,1341.7544193470626,0.5538718960799084,0.5177732726337707,0.5304274071451628
2024-09-07,32.8,24.4,0.0,39.36290717779544,28.599999999999998,0.0,33.3,3.0,6.0,-0.9231578729647039,-0.38442104726885545,9,Florida,39.36290717779544,1075.84,1108.8899999999999,1549.43846148774,1291.1033554316905,0.5151211324081434,0.44485102336098775,0.34936779426650705
2024-09-08,32.2,25.0,20.2,39.541848642951145,28.6,1.0,32.8,3.0,6.0,-0.9296339319682695,-0.3684843993077793,9,Florida,39.541848642951145,1036.8400000000001,1075.84,1563.5577941020572,1273.247526303027,0.522577026789631,0.4118685521192492,0.3276567901299227
2024-09-09,31.7,24.4,0.0,39.47375485087112,28.049999999999997,0.0,32.2,3.0,6.0,-0.9358348973349941,-0.35243871088460327,9,Florida,39.47375485087112,1004.89,1036.8400000000001,1558.1773220266712,1251.3180287726143,0.5197397854529632,0.3753672545401359,0.2969627201368962
2024-09-10,33.3,25.0,0.0,39.554438450015674,29.15,0.0,31.7,2.0,6.0,-0.9417589340994617,-0.33628873017668287,9,Florida,39.554438450015674,1108.8899999999999,1004.89,1564.5536010960784,1317.162800385522,0.5231016020839864,0.26946559300515804,0.29314390551307495
2024-09-11,31.1,25.6,0.0,37.263807475384425,28.35,0.0,33.3,2.0,6.0,-0.9474042892438845,-0.32003923622313857,9,Florida,37.263807475384425,967.21,1108.8899999999999,1388.5913475625161,1158.9044124844556,0.4276586448076844,0.3492654738021022,0.15883312289082988
2024-09-12,31.7,25.0,0.0,37.267713707404496,28.35,0.0,31.1,1.0,5.0,-0.9527692922168511,-0.30369503751065885,9,Florida,37.267713707404496,1004.89,967.21,1388.882484977065,1181.3865245247225,0.42782140447518735,0.24361388685342758,0.18490823465093795
2024-09-13,32.2,26.1,0.0,37.99095214327119,29.150000000000002,0.0,31.7,1.0,4.0,-0.9578523554276669,-0.28726097055059635,9,Florida,37.99095214327119,1036.8400000000001,1004.89,1443.3124447523217,1223.3086590133323,0.45795633930296614,0.34469642244868753,0.28843772409944457
2024-09-14,32.2,25.0,0.0,37.86849669121564,28.6,0.0,32.2,1.0,4.0,-0.9626519747161487,-0.2707418984477642,9,Florida,37.86849669121564,1036.8400000000001,1036.8400000000001,1434.02304165261,1219.3655934571436,0.4528540288006517,0.37245589857789796,0.2907165243683831
2024-09-15,32.2,25.0,0.0,36.931999601315574,28.6,0.0,32.2,2.0,4.0,-0.9671667297977312,-0.2541427094613622,9,Florida,36.931999601315574,1036.8400000000001,1036.8400000000001,1363.9725945515738,1189.2103871623617,0.41383331672148227,0.4725688237703712,0.36612009542357277
2024-09-16,31.1,25.0,0.0,35.31575843611568,28.05,0.0,32.2,3.0,4.0,-0.97139528468375,-0.23746831555846842,9,Florida,35.31575843611568,967.21,1036.8400000000001,1247.2027939180757,1098.3200873631977,0.3464899348381533,0.5905772964588197,0.3675262935765622
2024-09-17,32.8,24.4,0.0,37.05415802092446,28.599999999999998,0.0,31.1,2.0,4.0,-0.9753363880767837,-0.2207236509605022,9,Florida,37.05415802092446,1075.84,967.21,1373.0106266396406,1215.3763830863222,0.41892325087185256,0.40196261783588333,0.41760595473115814
2024-09-18,33.9,24.4,0.0,38.17443465370449,29.15,0.0,32.8,2.0,4.0,-0.9789888737409319,-0.20391367068311472,9,Florida,38.17443465370449,1149.2099999999998,1075.84,1457.287461129954,1294.1133347605821,0.46560144390435365,0.5155695004826082,0.5263725188091692
2024-09-19,33.3,24.4,0.0,37.05415802092446,28.849999999999998,0.0,33.9,2.0,5.0,-0.9823516608469237,-0.18704334906991657,9,Florida,37.05415802092446,1108.8899999999999,1149.2099999999998,1373.0106266396406,1233.9034620967846,0.41892325087185256,0.4854700317823877,0.3363186618409329
2024-09-20,32.2,24.4,0.0,34.016651047591154,28.3,0.0,33.3,3.0,6.0,-0.9854237542919524,-0.17011767832049052,9,Florida,34.016651047591154,1036.8400000000001,1108.8899999999999,1157.1325484935844,1095.3361637324354,0.2923604603162981,0.4443550946652451,0.22677936808064297
2024-09-21,31.7,24.4,0.0,35.55203763279115,28.049999999999997,0.0,32.2,3.0,6.0,-0.9882042449941422,-0.15314166701312007,9,Florida,35.55203763279115,1004.89,1036.8400000000001,1263.947379843398,1126.9995929594793,0.3563349013662978,0.3749128301553948,0.23394750060693514
2024-09-22,31.1,23.3,0.0,34.80727677236455,27.200000000000003,0.0,31.7,2.0,5.0,-0.9906923101615609,-0.13612033862266704,9,Florida,34.80727677236455,967.21,1004.89,1211.546516307989,1082.5063076205377,0.32530319884852305,0.3456174538843709,0.20519240265847083
2024-09-23,32.8,24.4,0.0,37.267713707404496,28.599999999999998,0.0,31.1,1.0,4.0,-0.9928872135356962,-0.11905873003404988,9,Florida,37.267713707404496,1075.84,967.21,1388.882484977065,1222.3810096028674,0.42782140447518735,0.31368173285656503,0.32820946815375873
2024-09-24,32.8,23.3,0.0,35.286900788051064,28.049999999999997,0.0,32.8,1.0,5.0,-0.994788305609327,-0.10196189005174576,9,Florida,35.286900788051064,1075.84,1075.84,1245.1653672257587,1157.4103458480747,0.345287532835461,0.3202915995578403,0.21024781292374423
2024-09-25,31.1,25.0,0.0,37.263807475384425,28.05,0.0,32.8,2.0,5.0,-0.9963950238187231,-0.08483487790576538,9,Florida,37.263807475384425,967.21,1075.84,1388.5913475625161,1158.9044124844556,0.4276586448076844,0.4096092013592705,0.2397161769246869
2024-09-26,31.7,25.6,0.0,36.68049771557119,28.65,0.0,31.1,2.0,4.0,-0.9977068927101168,-0.06768276175455162,9,Florida,36.68049771557119,1004.89,967.21,1345.4589126620235,1162.7717775836068,0.40335407148213304,0.40142701853838186,0.3491613648043318
2024-09-27,31.7,26.7,0.0,35.31575843611568,29.2,0.0,31.7,1.0,3.0,-0.9987235240803972,-0.050510617185222886,9,Florida,35.31575843611568,1004.89,1004.89,1247.2027939180757,1119.509542424867,0.3464899348381533,0.43685987289091993,0.31371701710189953
2024-09-28,29.4,25.6,0.0,36.37220317587565,27.5,0.0,31.7,0.0,2.0,-0.9994446170919858,-0.033323525711631344,9,Florida,36.37220317587565,864.3599999999999,1004.89,1322.9371638671785,1069.342773370744,0.3905084656614853,0.4352180531168871,0.23174483915026645
2024-09-29,33.3,25.6,0.0,39.554438450015674,29.45,0.0,29.4,0.0,2.0,-0.9998699583618592,-0.016126573270657762,9,Florida,39.554438450015674,1108.8899999999999,864.3599999999999,1564.5536010960784,1317.162800385522,0.5231016020839864,0.30991615573777337,0.5590333121077384
2024-09-30,33.9,25.6,0.0,39.011986261617736,29.75,0.0,33.3,1.0,3.0,-0.9999994220246925,0.001075151282798226,9,Florida,39.011986261617736,1149.2099999999998,1108.8899999999999,1521.935072076651,1322.506334268841,0.5004994275674056,0.5513178542717436,0.5730477318847473
2024-10-01,33.3,24.4,0.0,39.011986261617736,28.849999999999998,0.0,33.9,2.0,3.0,-0.999832969770105,0.018276557681691223,10,Florida,39.011986261617736,1108.8899999999999,1149.2099999999998,1521.935072076651,1299.0991425118705,0.5004994275674056,0.7364697572412037,0.6727025920877111
2024-10-02,32.8,24.4,0.0,37.67863462375107,28.599999999999998,0.0,33.3,3.0,3.0,-0.9993706508539969,0.03547255575312556,10,Florida,37.67863462375107,1075.84,1108.8899999999999,1419.679507110133,1235.859215659035,0.4449431093229614,0.8250374179256027,0.7312446417992848
2024-10-03,30.6,25.0,0.0,35.21891191607106,27.8,0.0,32.8,3.0,4.0,-0.9986126020839734,0.052658056924614005,10,Florida,35.21891191607106,936.3600000000001,1075.84,1240.3717565519719,1077.6987046317745,0.3424546631696274,0.6387770251152957,0.36383417058353756
2024-10-04,31.7,24.4,0.0,36.68049771557119,28.049999999999997,0.0,30.6,2.0,4.0,-0.9975590477788613,0.06982797572987089,10,Florida,36.68049771557119,1004.89,936.3600000000001,1345.4589126620235,1162.7717775836068,0.40335407148213304,0.37225548790857366,0.37157112228865297
2024-10-05,31.7,24.4,0.0,34.7744635280245,28.049999999999997,0.0,31.7,1.0,4.0,-0.9962102997023297,0.0869772313136861,10,Florida,34.7744635280245,1004.89,1004.89,1209.263313661906,1102.3504938383765,0.32393598033435406,0.34340152542499935,0.24105447801778987
2024-10-06,25.6,22.2,0.0,28.78770131289555,23.9,0.0,31.7,0.0,4.0,-0.9945667569706337,0.1041007489354256,10,Florida,28.78770131289555,655.3600000000001,1004.89,828.7317468804881,736.9651536101261,0.07448755470398123,0.26617490324713966,0.03972008832046275
2024-10-07,25.6,22.2,0.0,25.900000000000002,23.9,0.0,25.6,0.0,3.0,-0.9926289059345095,0.121193461470736,10,Florida,25.900000000000002,655.3600000000001,655.3600000000001,670.8100000000001,663.0400000000001,0.0,0.1370089824394233,0.05384289317798302
2024-10-08,30.0,23.3,0.0,33.44940924444435,26.65,0.0,25.6,0.0,2.0,-0.9903973200352558,0.1382503109109819,10,Florida,33.44940924444435,900.0,655.3600000000001,1118.8629788023188,1003.4822773333304,0.26872538518518113,0.17953130508448942,0.24646704419552834
2024-10-09,26.1,23.3,65.9,28.64234278149107,24.700000000000003,1.0,30.0,0.0,1.0,-0.9878726596350429,0.15526624985999563,10,Florida,28.64234278149107,681.21,900.0,820.3838000124337,747.565146596917,0.0684309492287946,0.4292739311527357,0.1303793112916869
2024-10-10,26.1,21.1,61.1,26.660000000000007,23.6,1.0,26.1,0.0,0.0,-0.9850556718215013,0.172236243027682,10,Florida,26.660000000000007,681.21,681.21,710.7556000000004,695.8260000000002,0.0,0.32191169777120987,0.18188257037271627
2024-10-11,27.2,20.6,0.0,28.030491895751087,23.9,0.0,26.1,0.0,0.0,-0.981947190186646,0.18915526872004093,10,Florida,28.030491895751087,739.8399999999999,681.21,785.7084759177674,762.4293795644295,0.042937162322961964,0.32181813606681103,0.22865077225494018
2024-10-12,28.9,21.1,0.0,30.294298970771212,25.0,0.0,27.2,0.0,0.0,-0.9785481345802031,0.20601832032517084,10,Florida,30.294298970771212,835.2099999999999,739.8399999999999,917.7445501304697,875.505240255288,0.13726245711546717,0.3715860085409971,0.33073082697458306
2024-10-13,30.0,21.1,0.0,31.539548077777795,25.55,0.0,28.9,0.0,0.0,-0.9748595108374125,0.22282040779479959,10,Florida,31.539548077777795,900.0,835.2099999999999,994.743092950457,946.1864423333338,0.18914783657407477,0.4650853593674853,0.4130034462416443
2024-10-14,30.0,21.1,0.0,29.689165055555495,25.55,0.0,30.0,0.0,0.0,-0.9708824104813836,0.23955655912092708,10,Florida,29.689165055555495,900.0,900.0,881.4465216960175,890.6749516666648,0.11204854398147897,0.5375158470639806,0.3770461924584804
2024-10-15,30.0,21.1,0.0,31.557488575164523,25.55,0.0,30.0,0.0,0.0,-0.9666180104000972,0.2562218218071163,10,Florida,31.557488575164523,900.0,900.0,995.8750851716394,946.7246572549357,0.1898953572985218,0.5373663192697637,0.41381615769897506
2024-10-16,23.9,16.7,0.0,25.900000000000002,20.299999999999997,0.0,30.0,0.0,0.0,-0.9620675724981452,0.27281126433401914,10,Florida,25.900000000000002,571.2099999999999,900.0,670.8100000000001,619.01,0.0,0.5372139627221958,0.12662096882136492
2024-10-17,23.3,13.9,0.0,23.119444444444444,18.6,0.0,23.9,0.0,0.0,-0.957232443323312,0.28931997761869527,10,Florida,23.119444444444444,542.89,571.2099999999999,534.508711419753,538.6830555555556,0.0,0.24254807353864488,0.11818223597221045
2024-10-18,26.7,17.2,0.0,26.986454903191134,21.95,0.0,23.3,0.0,0.0,-0.9521140536681102,0.3057430764672831,10,Florida,26.986454903191134,712.89,542.89,728.2687482419689,720.5383459152033,0.0,0.2251021540107279,0.2279607363433898
2024-10-19,27.8,20.6,0.0,27.987237679591207,24.200000000000003,0.0,26.7,0.0,0.0,-0.9467139181463862,0.3220757010206104,10,Florida,27.987237679591207,772.84,712.89,783.2854729339298,778.0452074926355,0.041134903316300285,0.3471830604470578,0.2626409016651207
2024-10-20,28.9,21.1,0.0,30.294298970771212,25.0,0.0,27.8,0.0,0.0,-0.9410336347451197,0.3383130181923076,10,Florida,30.294298970771212,835.2099999999999,772.84,917.7445501304697,875.505240255288,0.13726245711546717,0.4012078020916509,0.34354747591508794
2024-10-21,28.9,21.1,0.0,31.015885100115636,25.0,0.0,28.9,0.0,0.0,-0.9350748843515574,0.3544502230989869,10,Florida,31.015885100115636,835.2099999999999,835.2099999999999,961.9851285435751,896.3590793933419,0.1673285458381515,0.46395413878561487,0.3541749921736754
2024-10-22,29.4,21.7,0.0,30.194046724604465,25.549999999999997,0.0,28.9,0.0,0.0,-0.9288394302558068,0.3704825404820963,10,Florida,30.194046724604465,864.3599999999999,835.2099999999999,911.6804576075976,887.7049737033713,0.13308528019185273,0.4638019637491611,0.3669686528815075
2024-10-23,30.0,21.1,0.0,30.454350755555513,25.55,0.0,29.4,0.0,0.0,-0.9223291176290545,0.3864052261209853,10,Florida,30.454350755555513,900.0,864.3599999999999,927.4674799424047,913.6305226666653,0.1439312814814797,0.49533848986959317,0.4110918267231677
2024-10-24,29.4,19.4,0.0,28.655171081404482,24.4,0.0,30.0,0.0,0.0,-0.9155458729775467,0.40221356823680365,10,Florida,28.655171081404482,864.3599999999999,900.0,821.1188297045597,842.4620297932918,0.06896546172518676,0.53589904739968,0.354957487511381
2024-10-25,30.0,18.3,0.0,29.689165055555495,24.15,0.0,29.4,0.0,0.0,-0.9084917035725082,0.41790288888678667,10,Florida,29.689165055555495,900.0,864.3599999999999,881.4465216960175,890.6749516666648,0.11204854398147897,0.49500794122856895,0.417443273686666
2024-10-26,29.4,19.4,0.0,29.083513312415594,24.4,0.0,30.0,0.0,0.0,-0.9011686968561569,0.4334685453485363,10,Florida,29.083513312415594,864.3599999999999,900.0,845.850746593455,855.0552913850184,0.08681305468398308,0.5355454837114146,0.36536894193816477
2024-10-27,28.9,18.3,0.0,29.083513312415594,23.6,0.0,29.4,0.0,0.0,-0.8935790198239952,0.4489059314938798,10,Florida,29.083513312415594,835.2099999999999,864.3599999999999,845.850746593455,840.5135347288107,0.08681305468398308,0.4946685865431084,0.3471795213465809
2024-10-28,27.8,21.1,0.0,28.957169045315645,24.450000000000003,0.0,28.9,0.0,0.0,-0.8857249183835637,0.4642104791518923,10,Florida,28.957169045315645,772.84,835.2099999999999,838.5176391189866,805.009299459775,0.0815487102214852,0.4628435027170061,0.28022164324294707
2024-10-29,29.4,21.1,0.0,30.6159912848178,25.25,0.0,27.8,0.0,0.0,-0.8776087166898392,0.4793776594606945,10,Florida,30.6159912848178,864.3599999999999,772.84,937.3389223520394,900.1101437736432,0.15066630353407495,0.3999276014561948,0.39516936097880695
2024-10-30,30.0,21.7,0.0,32.25272841111113,25.85,0.0,29.4,0.0,0.0,-0.8692328164574792,0.49440298420761813,10,Florida,32.25272841111113,900.0,864.3599999999999,1040.238489960895,967.5818523333338,0.21886368379629703,0.49414395202403405,0.4597817864018066
2024-10-31,29.4,20.0,0.0,29.682065621315626,24.7,0.0,30.0,0.0,0.0,-0.8605996962501181,0.5092820071573356,10,Florida,29.682065621315626,864.3599999999999,900.0,881.025019548087,872.6527292666793,0.11175273422148442,0.534622778654076,0.3816065252981796
2024-11-01,28.9,20.0,0.0,30.294298970771212,24.45,0.0,29.4,0.0,0.0,-0.8517119107469189,0.5240103253675756,11,Florida,30.294298970771212,835.2099999999999,864.3599999999999,917.7445501304697,875.505240255288,0.13726245711546717,0.49378441556669295,0.36699869613917
2024-11-02,27.8,21.7,0.0,29.697203661351164,24.75,0.0,28.9,0.0,0.0,-0.8425720899866032,0.5385835804920232,11,Florida,29.697203661351164,772.84,835.2099999999999,881.923905303769,825.5822617855624,0.11238348588963183,0.46199075859334643,0.295115240901293
2024-11-03,28.9,21.7,0.0,30.717955184364623,25.299999999999997,0.0,27.8,0.0,0.0,-0.8331829385891785,0.5529974600700271,11,Florida,30.717955184364623,835.2099999999999,772.84,943.5927707086335,887.7489048281376,0.15491479934852595,0.39915488099330165,0.37401511093975903
2024-11-04,28.9,21.1,0.0,31.015885100115636,25.0,0.0,28.9,0.0,0.0,-0.8235472349556007,0.5672476988027229,11,Florida,31.015885100115636,835.2099999999999,835.2099999999999,961.9851285435751,896.3590793933419,0.1673285458381515,0.46163746830511515,0.38103857022345405
2024-11-05,28.3,21.1,0.0,31.55937428402463,24.700000000000003,0.0,28.9,0.0,0.0,-0.8136678304455991,0.5813300798152042,11,Florida,31.55937428402463,800.89,835.2099999999999,995.9941051991552,893.130292237897,0.18997392850102632,0.46145842324339886,0.35833951760201166
2024-11-06,32.2,23.9,0.0,38.85073410243562,28.05,0.0,28.3,0.0,0.0,-0.8035476485339116,0.5952404359043674,11,Florida,38.85073410243562,1036.8400000000001,800.89,1509.3795402981539,1250.993638098427,0.493780587601484,0.42599309232215593,0.847251622410315
2024-11-07,32.8,24.4,0.0,36.931999601315574,28.599999999999998,0.0,32.2,1.0,1.0,-0.7931896839451843,0.6089746507720486,11,Florida,36.931999601315574,1075.84,1036.8400000000001,1363.9725945515738,1211.3695869231508,0.41383331672148227,0.710371111157748,0.8081203783582637
2024-11-08,34.4,23.3,0.0,36.127153572515546,28.85,0.0,32.8,2.0,2.0,-0.7825970017677834,0.6225286602431057,11,Florida,36.127153572515546,1183.36,1075.84,1305.1712252521227,1242.7740828945348,0.3802980655214811,0.7672207749177262,0.9246638456118704
2024-11-09,32.2,22.8,0.0,34.48873600083557,27.5,0.0,34.4,3.0,3.0,-0.7717727365467836,0.6358984534680745,11,Florida,34.48873600083557,1036.8400000000001,1183.36,1189.4729109353318,1110.5372992269056,0.3120306667014822,0.9290160255091507,0.6810347291643843
2024-11-10,32.2,23.3,0.0,34.73444154748442,27.75,0.0,32.2,3.0,4.0,-0.7607200913564104,0.6490800741100398,11,Florida,34.73444154748442,1036.8400000000001,1036.8400000000001,1206.4814296156121,1118.4490178289984,0.32226839781185096,0.5823616404448096,0.5557835681273111
2024-11-11,36.1,21.2,0.0,38.49010247777784,28.65,0.0,32.2,3.0,5.0,-0.7494423368521954,0.6620696215153815,11,Florida,38.49010247777784,1303.21,1036.8400000000001,1481.4879887498398,1389.49269944778,0.47875426990740994,0.46690318630488437,0.8903179329656837
2024-11-12,29.4,20.3,0.0,30.915363245315625,24.85,0.0,36.1,3.0,6.0,-0.7379428103031386,0.6748632518680403,11,Florida,30.915363245315625,864.3599999999999,1303.21,955.7596845898122,908.9116794122793,0.16314013522148438,0.6662793430660338,0.15998090837955442
2024-11-13,27.8,21.1,0.0,28.957169045315645,24.450000000000003,0.0,29.4,2.0,6.0,-0.7262249146041543,0.6874571793269664,11,Florida,28.957169045315645,772.84,864.3599999999999,838.5176391189866,805.009299459775,0.0815487102214852,0.18305979603770178,0.08081100564407119
2024-11-14,27.8,19.4,0.0,28.39887615283563,23.6,0.0,27.8,1.0,5.0,-0.7142921172691032,0.699847677146407,11,Florida,28.39887615283563,772.84,772.84,806.4961667440963,789.4887570488305,0.05828650636815125,0.1422612222762521,0.08302114739319144
2024-11-15,23.9,17.2,0.3,25.691111111111113,20.549999999999997,1.0,27.8,0.0,4.0,-0.7021479494046978,0.7120310787787131,11,Florida,25.691111111111113,571.2099999999999,772.84,660.0331901234568,614.0175555555555,0.0,0.14159520208372503,0.03876230483540702
2024-11-16,25.6,15.0,0.0,25.612777777777776,20.3,0.0,23.9,0.0,3.0,-0.6897960046655887,0.7240037789593305,11,Florida,25.612777777777776,655.3600000000001,571.2099999999999,656.014385493827,655.6871111111111,0.0,0.10669012928894499,0.0797926062002966
2024-11-17,26.1,17.2,0.0,26.02027777777778,21.65,0.0,25.6,0.0,2.0,-0.6772399381909491,0.7357622347736527,11,Florida,26.02027777777778,681.21,655.3600000000001,677.0548556327161,679.1292500000001,0.0,0.1766026569659961,0.11915708140100591
2024-11-18,25.0,16.1,0.0,24.930555555555557,20.55,0.0,26.1,0.0,1.0,-0.6644834655228552,0.7473029667054296,11,Florida,24.930555555555557,625.0,681.21,621.532600308642,623.2638888888889,0.0,0.2459981398581851,0.13555406993104907
2024-11-19,26.7,16.1,0.0,27.195764459617777,21.4,0.0,25.0,0.0,0.0,-0.6515303615068021,0.75862255966641,11,Florida,27.195764459617777,712.89,625.0,739.6096045430094,726.1269110717947,0.00815685248407405,0.27489746971403,0.27477495771752986
2024-11-20,26.7,21.7,0.0,28.430175718017736,24.2,0.0,26.7,0.0,0.0,-0.6383844591746642,0.7697176640069211,11,Florida,28.430175718017736,712.89,712.89,808.2748913573653,759.0856916710735,0.05959065491740567,0.3426811308726963,0.26147285494981365
2024-11-21,21.1,13.3,0.0,24.27166666666666,17.200000000000003,0.0,26.7,0.0,0.0,-0.6250496486104377,0.7805849965070866,11,Florida,24.27166666666666,445.21000000000004,712.89,589.1138027777776,512.1321666666665,0.0,0.34252398460905514,0.10150233081616554
2024-11-22,19.4,11.7,0.0,18.75027777777778,15.549999999999999,0.0,21.1,0.0,0.0,-0.6115298757991053,0.7912213413483807,11,Florida,18.75027777777778,376.35999999999996,445.21000000000004,351.5729167438272,363.7553888888889,0.0,0.17057826003732854,0.07628727244745233
2024-11-23,18.3,8.3,0.0,17.72583333333333,13.3,0.0,19.4,0.0,0.0,-0.5978291414589552,0.801623551065242,11,Florida,17.72583333333333,334.89000000000004,376.35999999999996,314.205167361111,324.38275,0.0,0.14109577816497262,0.06900467193825263
2024-11-24,22.8,7.2,0.0,22.29416666666667,15.0,0.0,18.3,0.0,0.0,-0.5839514998576998,0.8117885474764613,11,Florida,22.29416666666667,519.84,334.89000000000004,497.0298673611112,508.3070000000001,0.0,0.12562235322907908,0.15860101460764017
2024-11-25,24.4,10.6,0.0,24.248333333333335,17.5,0.0,22.8,0.0,0.0,-0.5699010576127624,0.8217133225960589,11,Florida,24.248333333333335,595.3599999999999,519.84,587.9816694444445,591.6593333333333,0.0,0.2082349889761251,0.19671330466897002
2024-11-26,25.6,12.8,0.0,25.39083333333333,19.200000000000003,0.0,24.4,0.0,0.0,-0.5556819724760489,0.8313949395234058,11,Florida,25.39083333333333,655.3600000000001,595.3599999999999,644.6944173611109,650.0053333333333,0.0,0.2538250313756897,0.23654479475083934
2024-11-27,26.7,13.9,0.0,26.558888888888895,20.3,0.0,25.6,0.0,0.0,-0.5412984521036173,0.8408305333122887,11,Florida,26.558888888888895,712.89,655.3600000000001,705.374579012346,709.1223333333335,0.0,0.29585683750250946,0.28680486504940006
2024-11-28,27.2,13.9,0.0,27.676087608817763,20.55,0.0,26.7,0.0,0.0,-0.5267547528105542,0.8500173118187018,11,Florida,27.676087608817763,739.8399999999999,712.89,765.9658253309561,752.7895829598432,0.028170317034073467,0.34141314846703985,0.32170626709477057
2024-11-29,22.8,12.2,0.0,22.920833333333334,17.5,0.0,27.2,0.0,0.0,-0.5120551783114646,0.8589525565270845,11,Florida,22.920833333333334,519.84,739.8399999999999,525.3646006944444,522.595,0.0,0.3645227884623473,0.13829527390955884
2024-11-30,18.9,8.3,0.0,18.525555555555556,13.6,0.0,22.8,0.0,0.0,-0.4972040784469378,0.8676336233547726,11,Florida,18.525555555555556,357.2099999999999,519.84,343.1962086419753,350.133,0.0,0.2077132653405801,0.07636374185726488
2024-12-01,19.0,8.9,0.0,17.122500000000006,13.95,0.0,18.9,0.0,0.0,-0.4822058478963526,0.8760579434344281,12,Florida,17.122500000000006,361.0,357.2099999999999,293.1800062500002,325.3275000000001,0.0,0.13322314475849986,0.08016553064601935
2024-12-02,18.3,8.3,0.0,17.595277777777774,13.3,0.0,19.0,0.0,0.0,-0.46706492487743034,0.8842230238742036,12,Florida,17.595277777777774,334.89000000000004,361.0,309.5938000771604,321.9935833333333,0.0,0.13456737425197937,0.07255017985539398
2024-12-03,17.0,7.8,0.0,14.83861111111111,12.4,0.0,18.3,0.0,0.0,-0.451785789832884,0.8921264484954345,12,Florida,14.83861111111111,289.0,334.89000000000004,220.18437970679008,252.25638888888886,0.0,0.1250318203631489,0.06086679870378437
2024-12-04,18.9,5.6,0.0,18.551666666666666,12.25,0.0,17.0,0.0,0.0,-0.4363729641045924,0.8997658785476209,12,Florida,18.551666666666666,357.2099999999999,289.0,344.1643361111111,350.62649999999996,0.0,0.10979771998637083,0.08684718278708468
2024-12-05,21.3,8.3,0.0,20.796388888888895,14.8,0.0,18.9,0.0,0.0,-0.42083100859565564,0.9071390534005044,12,Florida,20.796388888888895,453.69000000000005,357.2099999999999,432.4897908179015,442.9630833333335,0.0,0.13294467121636414,0.12380357559608461
2024-12-06,20.0,10.6,0.1,20.02,15.3,1.0,21.3,0.0,0.0,-0.4051645224207563,0.9142437912130223,12,Florida,20.02,400.0,453.69000000000005,400.80039999999997,400.4,0.0,0.17331470294166865,0.09570292000100085
2024-12-07,19.4,6.7,0.0,19.03750000000001,13.049999999999999,0.0,20.0,0.0,0.0,-0.3893781415452015,0.9210779895789526,12,Florida,19.03750000000001,376.35999999999996,400.0,362.4264062500003,369.32750000000016,0.0,0.14954136943713242,0.09104903530395092
2024-12-08,23.3,10.0,0.0,23.054166666666667,16.65,0.0,19.4,0.0,0.0,-0.37347653741307074,0.9276396261490467,12,Florida,23.054166666666667,542.89,376.35999999999996,531.4946006944444,537.1620833333334,0.0,0.14000042631607001,0.17607615678764604
2024-12-09,25.6,12.8,0.0,25.586666666666662,19.200000000000003,0.0,23.3,0.0,0.0,-0.3574644155648614,0.9339267592294762,12,Florida,25.586666666666662,655.3600000000001,542.89,654.6775111111109,655.0186666666666,0.0,0.21981984840404548,0.254024662177869
2024-12-10,26.1,14.4,0.0,26.1638888888889,20.25,0.0,25.6,0.0,0.0,-0.34134651424503615,0.9399375283564133,12,Florida,26.1638888888889,681.21,655.3600000000001,684.549081790124,682.8775000000003,0.0,0.29401687429573475,0.26876482150891134
2024-12-11,25.0,11.7,0.0,25.283055555555556,18.35,0.0,26.1,0.0,0.0,-0.3251276029999093,0.9456701548465688,12,Florida,25.283055555555556,625.0,681.21,639.2328982253086,632.0763888888889,0.0,0.31364657394177176,0.22800085991277738
2024-12-12,17.2,7.2,0.0,16.662222222222216,12.2,0.0,25.0,0.0,0.0,-0.30881248126625377,0.9511229423235357,12,Florida,16.662222222222216,295.84,625.0,277.62964938271585,286.5902222222221,0.0,0.27185948924763875,0.060734170422363204
2024-12-13,23.3,10.0,0.0,23.09333333333333,16.65,0.0,17.2,0.0,0.0,-0.29240597695107734,0.9562942772197719,12,Florida,23.09333333333333,542.89,295.84,533.3020444444443,538.0746666666666,0.0,0.11141821152058125,0.18354468458869388
2024-12-14,23.9,13.9,0.0,23.90611111111111,18.9,0.0,23.3,0.0,0.0,-0.27591294500296043,0.9611826292540837,12,Florida,23.90611111111111,571.2099999999999,542.89,571.50214845679,571.3560555555555,0.0,0.21927709819061297,0.1830725017238559
2024-12-15,25.6,17.8,0.0,25.665000000000003,21.700000000000003,0.0,23.9,0.0,0.0,-0.2593382659754056,0.9657865518844574,12,Florida,25.665000000000003,655.3600000000001,571.2099999999999,658.6922250000001,657.0240000000001,0.0,0.23613015381368635,0.2386808690207004
2024-12-16,25.0,16.1,0.0,25.283055555555556,20.55,0.0,25.6,0.0,0.0,-0.2426868445825954,0.9701046827361175,12,Florida,25.283055555555556,625.0,655.3600000000001,639.2328982253086,632.0763888888889,0.0,0.2931833365595331,0.21690878157576685
2024-12-17,27.2,17.2,0.0,28.92591493923561,22.2,0.0,25.0,0.0,0.0,-0.22596360824801906,0.974135744004672,12,Florida,28.92591493923561,739.8399999999999,625.0,836.7085550718939,786.7848863472086,0.08024645580148378,0.2712125957050745,0.34972192375720285
2024-12-18,25.6,18.0,0.0,25.808611111111112,21.8,0.0,27.2,0.0,0.0,-0.20917350564635637,0.9778785428342386,12,Florida,25.808611111111112,655.3600000000001,739.8399999999999,666.0844074845679,660.7004444444445,0.0,0.3613601162596187,0.23391138412770912
2024-12-19,26.7,17.2,0.0,27.360965654024444,21.95,0.0,25.6,0.0,0.0,-0.19232150523909483,0.9813319716704275,12,Florida,27.360965654024444,712.89,655.3600000000001,748.6224415207053,730.5377829624526,0.015040235584351821,0.29277433515492446,0.3041508554425518
2024-12-20,20.6,12.8,0.0,21.201111111111114,16.700000000000003,0.0,26.7,0.0,0.0,-0.17541259380427843,0.9844950085880858,12,Florida,21.201111111111114,424.36000000000007,712.89,449.4871123456791,436.74288888888896,0.0,0.33794937989019314,0.1000217800196435
2024-12-21,16.1,8.9,0.0,16.16333333333333,12.5,0.0,20.6,0.0,0.0,-0.15845177496083632,0.9873667175937016,12,Florida,16.16333333333333,259.21000000000004,424.36000000000007,261.25334444444434,260.2296666666666,0.0,0.15877350024254536,0.05347577555065366
2024-12-22,18.9,7.8,0.0,18.656111111111105,13.35,0.0,16.1,0.0,0.0,-0.14144406768794202,0.9899462489023779,12,Florida,18.656111111111105,357.2099999999999,259.21000000000004,348.05048179012323,352.60049999999984,0.0,0.099930972118568,0.0902922305865333
2024-12-23,22.2,12.2,0.0,22.17333333333332,17.2,0.0,18.9,0.0,0.0,-0.12439450483979998,0.9922328391893008,12,Florida,22.17333333333332,492.84,357.2099999999999,491.65671111111055,492.2479999999997,0.0,0.13172731754343964,0.14674182710207925
2024-12-24,16.7,11.7,0.0,17.814444444444447,14.2,0.0,22.2,0.0,0.0,-0.10730813165636247,0.9942258118156161,12,Florida,17.814444444444447,278.89,492.84,317.35443086419764,297.5012222222223,0.0,0.1909501893060466,0.05522650891059595
2024-12-25,19.4,12.2,0.0,19.285555555555554,15.799999999999999,0.0,16.7,0.0,0.0,-0.09019000427034513,0.9959245770286599,12,Florida,19.285555555555554,376.35999999999996,278.89,371.9326530864197,374.13977777777774,0.0,0.10554083912900872,0.09117405121753315
2024-12-26,24.4,13.9,0.0,24.43111111111111,19.15,0.0,19.4,0.0,0.0,-0.07304518821104743,0.9973286321364752,12,Florida,24.43111111111111,595.3599999999999,376.35999999999996,596.8791901234567,596.1191111111111,0.0,0.13873786943529284,0.21687380250781232
2024-12-27,25.0,17.2,0.0,25.20472222222223,21.1,0.0,24.4,0.0,0.0,-0.05587875690537313,0.9984375616565666,12,Florida,25.20472222222223,625.0,595.3599999999999,635.2780222993831,630.1180555555558,0.0,0.2500723804927466,0.22156158454394828
2024-12-28,25.0,16.7,0.0,25.178611111111113,20.85,0.0,25.0,0.0,0.0,-0.03869579017652689,0.9992510374388481,12,Florida,25.178611111111113,625.0,625.0,633.9624574845681,629.4652777777778,0.0,0.2698499674195028,0.22240540395486647
2024-12-29,25.0,18.3,0.0,25.20472222222223,21.65,0.0,25.0,0.0,0.0,-0.021501372740813793,0.999768818762748,12,Florida,25.20472222222223,625.0,625.0,635.2780222993831,630.1180555555558,0.0,0.26973144436331553,0.21729544690872815
2024-12-30,23.9,18.3,0.1,24.08888888888888,21.1,1.0,25.0,0.0,0.0,-0.004300592702981974,0.9999907524084426,12,Florida,24.08888888888888,571.2099999999999,625.0,580.2745679012343,575.7244444444442,0.0,0.26961396388173114,0.18058616517415374
2024-12-31,18.9,18.9,0.0,25.178611111111113,18.9,0.0,23.9,0.0,0.0,0.012901459949419653,0.9999167727021953,12,Florida,25.178611111111113,357.2099999999999,571.2099999999999,633.9624574845681,475.87575,0.0,0.23438241577386884,0.07777975705751562
2025-01-01,22.8,13.9,0.0,22.398611111111116,18.35,0.0,18.9,0.0,0.0,0.017201575418260506,0.9998520419557735,1,Florida,22.398611111111116,519.84,357.2099999999999,501.69777970679036,510.68833333333345,0.0,0.13121026478504136,0.16118513988996713
2025-01-02,19.4,10.0,0.0,18.841666666666672,14.7,0.0,22.8,0.0,0.0,0.03439806061360801,0.9994082116062598,1,Florida,18.841666666666672,376.35999999999996,519.84,355.008402777778,365.5283333333334,0.0,0.20449637040049246,0.09017237153306003
2025-01-03,18.3,7.8,0.0,17.58222222222222,13.05,0.0,19.4,0.0,0.0,0.051584366869408364,0.9986686402879997,1,Florida,17.58222222222222,334.89000000000004,376.35999999999996,309.13453827160487,321.75466666666665,0.0,0.13827048333891379,0.0809902708813451
2025-01-04,17.2,8.3,0.0,16.38805555555555,12.75,0.0,18.3,0.0,0.0,0.06875540848113941,0.9976335468520451,1,Florida,16.38805555555555,295.84,334.89000000000004,268.56836489197514,281.87455555555545,0.0,0.12309619165043319,0.06823041951388101
2025-01-05,21.1,7.2,0.0,20.600555555555566,14.15,0.0,17.2,0.0,0.0,0.08590610426133272,0.9963032375991965,1,Florida,20.600555555555566,445.21000000000004,295.84,424.3828891975313,434.67172222222246,0.0,0.11021096432334612,0.13576575220932907
2025-01-06,25.0,11.1,0.5,25.035,18.05,1.0,21.1,0.0,0.0,0.10303137904317879,0.9946781061893646,1,Florida,25.035,625.0,445.21000000000004,626.751225,625.875,0.0,0.166908469091899,0.2618276438158601
2025-01-07,13.9,5.0,0.0,20.832777777777775,9.45,0.0,25.0,0.0,0.0,0.1201261651823505,0.9927586335250793,1,Florida,20.832777777777775,193.21,625.0,434.0046299382715,289.5756111111111,0.0,0.26879645876816866,0.039885073468952176
2025-01-08,15.0,5.6,0.0,14.195555555555554,10.3,0.0,13.9,0.0,0.0,0.13718540405660057,0.9905453876091833,1,Florida,14.195555555555554,225.0,193.21,201.51379753086417,212.9333333333333,0.0,0.08198652122075388,0.05438077130791828
2025-01-09,12.2,3.3,0.0,11.425277777777778,7.75,0.0,15.0,0.0,0.0,0.1542040475626894,0.988039023376751,1,Florida,11.425277777777778,148.83999999999997,225.0,130.5369722993827,139.38838888888887,0.0,0.08985261529874265,0.038640778182417394
2025-01-10,21.1,4.4,0.0,20.796388888888895,12.75,0.0,12.2,0.0,0.0,0.17117705961019986,0.985240282501282,1,Florida,20.796388888888895,445.21000000000004,148.83999999999997,432.4897908179015,438.8038055555557,0.0,0.07193806271511743,0.15122196558782391
2025-01-11,17.8,10.0,0.0,18.64305555555556,13.9,0.0,21.1,0.0,0.0,0.18809941761179758,0.9821499931752291,1,Florida,18.64305555555556,316.84000000000003,445.21000000000004,347.563520447531,331.84638888888895,0.0,0.16656071897917493,0.07140714999503645
2025-01-12,16.7,5.0,0.0,16.006666666666668,10.85,0.0,17.8,0.0,0.0,0.20496611396949532,0.9787690698649216,1,Florida,16.006666666666668,278.89,316.84000000000003,256.2133777777778,267.3113333333333,0.0,0.11660052510741728,0.06803151203672299
2025-01-13,19.4,10.6,0.0,19.141944444444444,15.0,0.0,16.7,0.0,0.0,0.22177215755648186,0.975098513039961,1,Florida,19.141944444444444,376.35999999999996,278.89,366.4140371141975,371.3537222222222,0.0,0.10467427494852224,0.09664396981505953
2025-01-14,18.3,10.0,0.0,18.13055555555555,14.15,0.0,19.4,0.0,0.0,0.23851257519407648,0.9711394088771653,1,Florida,18.13055555555555,334.89000000000004,376.35999999999996,328.7170447530862,331.7891666666666,0.0,0.13762902052402595,0.07895533242106897
2025-01-15,15.6,8.3,0.0,14.929999999999998,11.95,0.0,18.3,0.0,0.0,0.2551824131233728,0.9668929289391521,1,Florida,14.929999999999998,243.35999999999999,334.89000000000004,222.90489999999994,232.90799999999996,0.0,0.12252801611830638,0.054098470712088016
2025-01-16,15.6,10.0,0.0,14.98222222222222,12.8,0.0,15.6,0.0,0.0,0.2717767384711357,0.9623603298276545,1,Florida,14.98222222222222,243.35999999999999,243.35999999999999,224.4669827160493,233.7226666666666,0.0,0.09445462853030934,0.053970396532625524
2025-01-17,20.0,10.6,0.0,19.510833333333338,15.3,0.0,15.6,0.0,0.0,0.2882906407095177,0.9575429528116719,1,Florida,19.510833333333338,400.0,243.35999999999999,380.6726173611113,390.21666666666675,0.0,0.09441820610195671,0.10840274063912007
2025-01-18,23.9,14.4,0.0,23.879999999999995,19.15,0.0,20.0,0.0,0.0,0.3047192331091634,0.9524422234305676,1,Florida,23.879999999999995,571.2099999999999,400.0,570.2543999999998,570.7319999999999,0.0,0.14672169870813834,0.19968176718819997
2025-01-19,22.8,13.9,0.0,23.10361111111111,18.35,0.0,23.9,0.0,0.0,0.321057654185271,0.9470596510722283,1,Florida,23.10361111111111,519.84,571.2099999999999,533.7768463734568,526.7623333333333,0.0,0.23270104254717575,0.1585669635145425
2025-01-20,13.9,6.1,0.0,17.06694444444444,10.0,0.0,22.8,0.0,0.0,0.3373010691361842,0.9413968285264122,1,Florida,17.06694444444444,193.21,519.84,291.280592669753,237.23052777777775,0.0,0.20304844265476113,0.04019311149380544
2025-01-21,14.4,5.0,0.0,14.283611111111108,9.7,0.0,13.9,0.0,0.0,0.3534446712740877,0.9354554315134164,1,Florida,14.283611111111108,207.36,193.21,204.02154637345672,205.68399999999997,0.0,0.08156154753190693,0.050322904299804974
2025-01-22,7.2,3.9,0.0,10.35888888888889,5.55,0.0,14.4,0.0,0.0,0.3694836834473831,0.9292372181882051,1,Florida,10.35888888888889,51.84,207.36,107.3065790123457,74.584,0.0,0.08495153164333351,0.01902853319583837
2025-01-23,9.4,4.4,0.0,8.903055555555556,6.9,0.0,7.2,0.0,0.0,0.38541335945432564,0.9227440286201427,1,Florida,8.903055555555556,88.36000000000001,51.84,79.26439822530864,83.68872222222222,0.0,0.05341862707696486,0.029759464045323897
2025-01-24,13.3,5.0,0.0,12.371388888888886,9.15,0.0,9.4,0.0,0.0,0.4012289854475009,0.9159777842484877,1,Florida,12.371388888888886,176.89000000000001,88.36000000000001,153.0512630401234,164.5394722222222,0.0,0.05973421240234227,0.04615443533184003
2025-01-25,17.8,3.9,0.0,17.30527777777778,10.85,0.0,13.3,0.0,0.0,0.4169258813287287,0.908940487313808,1,Florida,17.30527777777778,316.84000000000003,176.89000000000001,299.47263896604943,308.03394444444444,0.0,0.07766458529198225,0.08652580538970729
2025-01-26,20.6,7.2,0.0,20.34972222222222,13.9,0.0,17.8,0.0,0.0,0.4324994021339788,0.901634220265486,1,Florida,20.34972222222222,424.36000000000007,316.84000000000003,414.11119452160483,419.20427777777775,0.0,0.116006779548183,0.12499802335223989
2025-01-27,22.2,8.9,0.0,21.912222222222212,15.55,0.0,20.6,0.0,0.0,0.44794493940789115,0.8940611451454876,1,Florida,21.912222222222212,492.84,424.36000000000007,480.14548271604895,486.4513333333331,0.0,0.15642829829338523,0.15712331485194583
2025-01-28,22.8,13.3,0.0,22.711944444444455,18.05,0.0,22.2,0.0,0.0,0.4632579225674917,0.88622350294858,1,Florida,22.711944444444455,519.84,492.84,515.8324204475314,517.8323333333336,0.0,0.18838975935947325,0.16083784425689276
2025-01-29,22.2,11.1,0.0,21.96444444444444,16.65,0.0,22.8,0.0,0.0,0.4784338202547012,0.8781236129591848,1,Florida,21.96444444444444,492.84,519.84,482.4368197530862,487.61066666666653,0.0,0.20247615818866915,0.14788114670374036
2025-01-30,25.6,12.2,0.0,25.50833333333333,18.9,0.0,22.2,0.0,0.0,0.49346814167723735,0.8697638720650646,1,Florida,25.50833333333333,655.3600000000001,492.84,650.6750694444443,653.0133333333333,0.0,0.18828260548738524,0.27778739405435715
2025-01-31,27.8,15.0,0.0,27.624331573457855,21.4,0.0,25.6,0.0,0.0,0.5083564379375122,0.8611467540480452,1,Florida,27.624331573457855,772.84,655.3600000000001,763.1036948803405,767.9564177421283,0.026013815560743964,0.2881617127693591,0.3894989383425347
2025-02-01,21.1,15.6,0.0,23.82777777777777,18.35,0.0,27.8,0.0,0.0,0.5230943033491326,0.8522748088519838,2,Florida,23.82777777777777,445.21000000000004,772.84,567.76299382716,502.76611111111094,0.0,0.38522076637502123,0.11228374091913432
2025-02-02,26.7,15.6,0.0,27.962515993535547,21.15,0.0,21.1,0.0,0.0,0.5376773767406141,0.8431506618282,2,Florida,27.962515993535547,712.89,445.21000000000004,781.9023006887312,746.599177027399,0.040104833063981125,0.16533795091362394,0.3433825795951898
2025-02-03,27.8,18.3,0.0,28.957169045315645,23.05,0.0,26.7,0.0,0.0,0.5521013427459208,0.8337770129585915,2,Florida,28.957169045315645,772.84,712.89,838.5176391189866,805.009299459775,0.0815487102214852,0.3326645732033006,0.3862211550497839
2025-02-04,27.8,20.0,0.0,28.39887615283563,23.9,0.0,27.8,0.0,0.0,0.5663619330814524,0.8241566360566663,2,Florida,28.39887615283563,772.84,772.84,806.4961667440963,789.4887570488305,0.05828650636815125,0.3849600963136945,0.3644668039004305
2025-02-05,27.8,16.7,0.0,28.39887615283563,22.25,0.0,27.8,0.0,0.0,0.580454927809098,0.8142923779467267,2,Florida,28.39887615283563,772.84,772.84,806.4961667440963,789.4887570488305,0.05828650636815125,0.384878547868195,0.3818549284566558
2025-02-06,27.8,18.3,0.0,28.146045184835597,23.05,0.0,27.8,0.0,0.0,0.5943761565849831,0.804187157621448,2,Florida,28.146045184835597,772.84,772.84,792.199859546807,782.4600561384296,0.04775188270148319,0.38479970884541753,0.3688312377814288
2025-02-07,26.7,17.8,0.0,27.25004875993561,22.25,0.0,27.8,0.0,0.0,0.6081214998935418,0.7938439653781019,2,Florida,27.25004875993561,712.89,772.84,742.5651574188682,727.5763018902808,0.010418698330650381,0.3847236012761293,0.30233751231442035
2025-02-08,27.8,17.8,0.0,27.910757868995592,22.8,0.0,26.7,0.0,0.0,0.6216868902665479,0.7832658619336791,2,Florida,27.910757868995592,772.84,712.89,779.0104048216994,775.9190687580775,0.03794824454148301,0.33231392509111485,0.3704072776041287
2025-02-09,28.3,16.7,0.0,28.164564010515555,22.5,0.0,27.8,0.0,0.0,0.6350683134867438,0.7724559775191742,2,Florida,28.164564010515555,800.89,772.84,793.242665902428,797.0571614975902,0.048523500438148126,0.3845796647463017,0.40502425395007624
2025-02-10,27.8,16.7,0.0,28.146045184835597,22.25,0.0,28.3,0.0,0.0,0.6482618097757122,0.7614175109532997,2,Florida,28.146045184835597,772.84,800.89,792.199859546807,782.4600561384296,0.04775188270148319,0.4110907945093343,0.3733067400807717
2025-02-11,28.3,18.3,0.0,28.41927290529559,23.3,0.0,27.8,0.0,0.0,0.6612634749656386,0.7501537286959042,2,Florida,28.41927290529559,800.89,772.84,807.655072465668,804.2654232198652,0.059136371053982874,0.38444689895978623,0.3983467238820639
2025-02-12,28.9,18.3,0.0,29.083513312415594,23.6,0.0,28.3,0.0,0.0,0.6740694616546161,0.7386679638813748,2,Florida,29.083513312415594,835.2099999999999,800.89,845.850746593455,840.5135347288107,0.08681305468398308,0.41095694454012116,0.4439408034554375
2025-02-13,30.0,20.0,0.0,32.25272841111113,25.0,0.0,28.9,0.0,0.0,0.6866759803451553,0.726963615332308,2,Florida,32.25272841111113,900.0,835.2099999999999,1040.238489960895,967.5818523333338,0.21886368379629703,0.44525423349730653,0.5746724081309241
2025-02-14,23.9,17.8,0.0,25.834722222222222,20.85,0.0,30.0,0.0,0.0,0.6990793005655562,0.7150441465537444,2,Florida,25.834722222222222,571.2099999999999,900.0,667.4328722993827,617.4498611111111,0.0,0.5156215784568798,0.17539894046761378
2025-02-15,28.9,20.6,0.0,29.083513312415594,24.75,0.0,23.9,0.0,0.0,0.7112757519738152,0.7029130847082615,2,Florida,29.083513312415594,835.2099999999999,571.2099999999999,845.850746593455,840.5135347288107,0.08681305468398308,0.23113223858246917,0.4428400418872195
2025-02-16,28.3,16.1,0.0,28.89326381961784,22.200000000000003,0.0,28.9,0.0,0.0,0.7232617254437388,0.6905740195722293,2,Florida,28.89326381961784,800.89,835.2099999999999,834.8206941500373,817.6793660951848,0.07888599248407664,0.4450745792605917,0.4105476221699351
2025-02-17,19.4,11.1,0.0,19.063611111111115,15.25,0.0,28.3,0.0,0.0,0.7350336741329413,0.6780306024735382,2,Florida,19.063611111111115,376.35999999999996,800.89,363.4212685956792,369.8340555555556,0.0,0.41067506738288123,0.08124655561728315
2025-02-18,22.8,11.1,0.0,22.711944444444455,16.95,0.0,19.4,0.0,0.0,0.746588114532413,0.6652865452111116,2,Florida,22.711944444444455,519.84,376.35999999999996,515.8324204475314,517.8323333333336,0.0,0.13633933463003878,0.16469081377484146
2025-02-19,26.7,16.7,0.0,27.47501360605107,21.7,0.0,22.8,0.0,0.0,0.7579216274973472,0.6523456189565257,2,Florida,27.47501360605107,712.89,519.84,754.8763726526915,733.5828632815636,0.0197922335854613,0.20162101632219848,0.315548311959543
2025-02-20,18.9,11.1,0.0,20.16361111111111,15.0,0.0,26.7,0.0,0.0,0.7690308592589181,0.6392116531380588,2,Florida,20.16361111111111,357.2099999999999,712.89,406.5712130401234,381.0922499999999,0.0,0.3317277113192592,0.07603509164075427
2025-02-21,15.6,5.0,0.0,15.191111111111107,10.3,0.0,18.9,0.0,0.0,0.7799125224167177,0.6258885343075018,2,Florida,15.191111111111107,243.35999999999999,357.2099999999999,230.76985679012333,236.98133333333325,0.0,0.12920817831571188,0.05371362259577235
2025-02-22,21.1,7.8,0.0,20.822500000000005,14.450000000000001,0.0,15.6,0.0,0.0,0.7905633969115482,0.612380204990065,2,Florida,20.822500000000005,445.21000000000004,243.35999999999999,433.5765062500002,439.35475000000014,0.0,0.0935819674318657,0.1304992192213501
2025-02-23,24.4,11.1,0.0,24.07861111111111,17.75,0.0,21.1,0.0,0.0,0.8009803309782905,0.5986906625177214,2,Florida,24.07861111111111,595.3599999999999,445.21000000000004,579.7795130401233,587.518111111111,0.0,0.164739552332719,0.2143253710302634
2025-02-24,17.8,15.0,0.0,18.065277777777776,16.4,0.0,24.4,0.0,0.0,0.8111602420785621,0.5848239578463322,2,Florida,18.065277777777776,316.84000000000003,595.3599999999999,326.35426118827155,321.5619444444444,0.0,0.24595422930999677,0.05885015178235291
2025-02-25,20.0,14.4,0.0,19.85027777777778,17.2,0.0,17.8,0.0,0.0,0.8211001178128892,0.5707841943569036,2,Florida,19.85027777777778,400.0,316.84000000000003,394.03352785493837,397.0055555555556,0.0,0.11532339578286276,0.09250481969891863
2025-02-26,26.1,12.2,0.0,25.90277777777778,19.15,0.0,20.0,0.0,0.0,0.8307970168121247,0.5565755266413303,2,Florida,25.90277777777778,681.21,400.0,670.9538966049383,676.0625000000001,0.0,0.14546498450502754,0.2921919019155657
2025-02-27,27.8,15.0,0.0,27.557598236284473,21.4,0.0,26.1,0.0,0.0,0.8402480696078469,0.5422021592729844,2,Florida,27.557598236284473,772.84,681.21,759.4212205524691,766.1012309687084,0.02323325984518639,0.3063516814613522,0.3647274173638887
2025-02-28,25.0,15.6,0.0,24.682499999999997,20.3,0.0,27.8,0.0,0.0,0.8494504794814806,0.527668345562516,2,Florida,24.682499999999997,625.0,772.84,609.2258062499999,617.0624999999999,0.0,0.3837869211821754,0.20572707164310375
2025-03-01,23.9,13.9,0.0,23.475277777777777,18.9,0.0,25.0,0.0,0.0,0.8584015232918917,0.512978386299228,3,Florida,23.475277777777777,571.2099999999999,625.0,551.088666743827,561.0591388888888,0.0,0.26550309585705195,0.17466855224301975
2025-03-02,25.0,13.9,0.0,24.65638888888889,19.45,0.0,23.9,0.0,0.0,0.8670985522812081,0.4981366284784055,3,Florida,24.65638888888889,625.0,571.2099999999999,607.9375130401236,616.4097222222223,0.0,0.2308381563472567,0.21780610430355812
2025-03-03,24.4,11.1,0.0,24.23527777777778,17.75,0.0,25.0,0.0,0.0,0.8755389928586302,0.4831474640149687,3,Florida,24.23527777777778,595.3599999999999,625.0,587.3486889660496,591.3407777777778,0.0,0.26549198135584506,0.2012906057279453
2025-03-04,25.6,15.6,0.0,25.56055555555555,20.6,0.0,24.4,0.0,0.0,0.8837203473619977,0.4680153284438345,3,Florida,25.56055555555555,655.3600000000001,595.3599999999999,653.3420003086417,654.3502222222221,0.0,0.24587931668008983,0.23732100403443365
2025-03-05,26.7,18.3,0.0,27.835943809757786,22.5,0.0,25.6,0.0,0.0,0.8916401947968874,0.45274469960737107,3,Florida,27.835943809757786,712.89,655.3600000000001,774.8397677799928,743.2196997205328,0.034830992073241106,0.28693369617304376,0.2904735201667357
2025-03-06,20.6,11.7,0.0,20.90083333333333,16.15,0.0,26.7,0.0,0.0,0.8992961915530253,0.4373400963303323,3,Florida,20.90083333333333,424.36000000000007,712.89,436.84483402777767,430.55716666666666,0.0,0.33152179540468546,0.09540683811872294
2025-03-07,24.4,9.4,0.0,23.921944444444446,16.9,0.0,20.6,0.0,0.0,0.9066860720977985,0.4218060770826634,3,Florida,23.921944444444446,595.3599999999999,424.36000000000007,572.2594260030864,583.6954444444444,0.0,0.15553851671148025,0.21062784249786595
2025-03-08,27.2,13.3,0.0,26.323888888888895,20.25,0.0,24.4,0.0,0.0,0.9138076496466615,0.4061472386305789,3,Florida,26.323888888888895,739.8399999999999,595.3599999999999,692.9471262345683,716.0097777777779,0.0,0.24589192035173485,0.3205122616582654
2025-03-09,28.3,15.6,0.0,29.10017681673787,21.95,0.0,27.2,0.0,0.0,0.9206588168102428,0.3903682146763026,3,Florida,29.10017681673787,800.89,739.8399999999999,846.8202907654082,823.5350039136817,0.08750736736407798,0.3542840733941743,0.39607463733826065
2025-03-10,23.9,16.7,0.0,24.02361111111111,20.299999999999997,0.0,28.3,0.0,0.0,0.9272375462179537,0.374473674486883,3,Florida,24.02361111111111,571.2099999999999,800.89,577.1338908179011,574.1643055555554,0.0,0.41034364624062764,0.15734887276065707
2025-03-11,25.0,10.6,0.0,24.578055555555554,17.8,0.0,23.9,0.0,0.0,0.9335418911179212,0.35846832151248087,3,Florida,24.578055555555554,625.0,571.2099999999999,604.0808148919753,614.4513888888889,0.0,0.23087385283229303,0.2208082772442877
2025-03-12,26.1,11.7,0.0,25.77222222222223,18.9,0.0,25.0,0.0,0.0,0.9395699859530622,0.342356891994542,3,Florida,25.77222222222223,681.21,625.0,664.2074382716053,672.6550000000002,0.0,0.26555234002507805,0.26507776834327085
2025-03-13,25.6,12.2,0.0,25.469166666666663,18.9,0.0,26.1,0.0,0.0,0.945320046913132,0.3261441535642696,3,Florida,25.469166666666663,655.3600000000001,681.21,648.6784506944442,652.0106666666666,0.0,0.30640477004147254,0.23663867433611344
2025-03-14,27.8,15.6,0.0,27.624331573457855,21.7,0.0,25.6,0.0,0.0,0.9507903724625832,0.3098349038318025,3,Florida,27.624331573457855,772.84,655.3600000000001,763.1036948803405,767.9564177421283,0.026013815560743964,0.28704096412943814,0.34379371563215017
2025-03-15,30.6,17.8,0.0,29.505452476764454,24.200000000000003,0.0,27.8,0.0,0.0,0.9559793438440766,0.2934339689665273,3,Florida,29.505452476764454,936.3600000000001,772.84,870.5717258586056,902.8668457889924,0.1043938531985189,0.38392291070248924,0.5285050773544641
2025-03-16,30.0,21.7,0.0,31.887677555555513,25.85,0.0,30.6,0.0,0.0,0.9608854255574977,0.27694620226893646,3,Florida,31.887677555555513,900.0,936.3600000000001,1016.8239798870788,956.6303266666654,0.2036532314814797,0.5578879774000646,0.4996062397090241
2025-03-17,22.8,15.0,0.0,24.71833333333333,18.9,0.0,30.0,0.0,0.0,0.9655071658143364,0.2603764827344581,3,Florida,24.71833333333333,519.84,900.0,610.9960027777777,563.578,0.0,0.515277773250507,0.13027485738034308
2025-03-18,25.0,11.7,0.0,24.551944444444445,18.35,0.0,22.8,0.0,0.0,0.969843196967294,0.24372971360968387,3,Florida,24.551944444444445,625.0,519.84,602.7979760030864,613.7986111111111,0.0,0.2016214424791385,0.21181574321322527
2025-03-19,28.3,10.0,0.0,26.907821456904497,19.15,0.0,25.0,0.0,0.0,0.9738922359149924,0.22701082094141847,3,Florida,26.907821456904497,800.89,625.0,724.0308555566501,761.4913472303973,0.0,0.26572327866433626,0.3856798403798245
2025-03-20,28.3,13.3,0.0,27.656826412984522,20.8,0.0,28.3,0.0,0.0,0.9776530844816641,0.2102247521189836,3,Florida,27.656826412984522,800.89,800.89,764.9000472379583,782.688187487462,0.02736776720768841,0.4106759537635174,0.3657771220192389
2025-03-21,20.0,8.9,0.0,19.32805555555556,14.45,0.0,28.3,0.0,0.0,0.981124629771712,0.19337647441020586,3,Florida,19.32805555555556,400.0,800.89,373.5737315586422,386.56111111111125,0.0,0.4107262911701054,0.08112629049231575
2025-03-22,23.9,8.9,0.0,23.44916666666666,16.4,0.0,20.0,0.0,0.0,0.984305844499033,0.17647097349152166,3,Florida,23.44916666666666,571.2099999999999,400.0,549.8634173611108,560.4350833333332,0.0,0.14563565112828417,0.18083248870603175
2025-03-23,26.7,12.2,0.0,26.53277777777778,19.45,0.0,23.9,0.0,0.0,0.9871957872910085,0.15951325197263655,3,Florida,26.53277777777778,712.89,571.2099999999999,703.9882966049385,708.4251666666668,0.0,0.2311679261380115,0.2849532778837676
2025-03-24,28.3,16.7,0.0,28.41927290529559,22.5,0.0,26.7,0.0,0.0,0.9897936029670716,0.14250832791617088,3,Florida,28.41927290529559,800.89,712.89,807.655072465668,804.2654232198652,0.059136371053982874,0.3320258824386855,0.3568289004117821
2025-03-25,27.8,18.9,0.0,27.910757868995592,23.35,0.0,28.3,0.0,0.0,0.992098522791769,0.12546123335273648,3,Florida,27.910757868995592,772.84,800.89,779.0104048216994,775.9190687580775,0.03794824454148301,0.4109581070286478,0.30683896501382113
2025-03-26,30.0,17.2,0.0,28.553710244444435,23.6,0.0,27.8,0.0,0.0,0.9941098647022418,0.10837701279187609,3,Florida,28.553710244444435,900.0,772.84,815.3143687236911,856.611307333333,0.06473792685185147,0.38444805461418763,0.45082949740524014
2025-03-27,28.3,16.1,0.0,27.4763316527378,22.200000000000003,0.0,30.0,0.0,0.0,0.9958270335100595,0.09126072172931188,3,Florida,27.4763316527378,800.89,900.0,754.9488010912412,777.5801857724798,0.019847152197408402,0.5159245064717193,0.33211725848578016
2025-03-28,26.7,16.7,0.0,26.637222222222224,21.7,0.0,28.3,0.0,0.0,0.9972495210773451,0.07411742515094437,3,Florida,26.637222222222224,712.89,800.89,709.5416077160495,711.2138333333334,0.0,0.41116349369605226,0.24927396486426392
2025-03-29,28.3,16.7,0.0,27.932119356095637,22.5,0.0,26.7,0.0,0.0,0.998376906467142,0.056952196034039754,3,Florida,27.932119356095637,800.89,712.89,780.2032917231725,790.4789777775065,0.038838306503984864,0.3323150892598499,0.34148803455657034
2025-03-30,30.0,20.0,0.0,30.743255411111097,25.0,0.0,28.3,0.0,0.0,0.9992088560679753,0.03977011384605572,3,Florida,30.743255411111097,900.0,800.89,945.1477532728118,922.2976623333329,0.15596897546296237,0.41131514928441837,0.46545613453296947
2025-03-31,30.6,19.4,7.4,32.15124504993779,25.0,1.0,30.0,0.0,0.0,0.9997451236925734,0.022576263041545485,3,Florida,32.15124504993779,936.3600000000001,900.0,1033.7025582611493,983.8280985280965,0.21463521041407466,0.5162819683043895,0.5459673040509024
2025-04-01,31.7,20.6,29.3,33.16821562719118,26.15,1.0,30.6,0.0,0.0,0.9999855506507186,0.005375731557583884,4,Florida,33.16821562719118,1004.89,936.3600000000001,1100.1305278918492,1051.4324353819604,0.2570089844662992,0.5590970182629826,0.6449113534766054
2025-04-02,31.7,21.1,0.0,33.820934725784504,26.4,0.0,31.7,0.0,0.0,0.9999300657962057,-0.011826390691832589,4,Florida,33.820934725784504,1004.89,1004.89,1143.8556257257762,1072.1236308073687,0.2842056135743543,0.6456002557660648,0.640885129090207
2025-04-03,30.4,21.7,0.8,28.430175718017736,26.049999999999997,1.0,31.7,0.0,0.0,0.9995786855478958,-0.029025013321975237,4,Florida,28.430175718017736,924.16,1004.89,808.2748913573653,864.2773418277392,0.05959065491740567,0.645720564249073,0.42692139724263384
2025-04-04,30.8,21.0,0.0,30.53243818123107,25.9,0.0,30.4,0.0,0.0,0.9989315138848577,-0.046215046983708354,4,Florida,30.53243818123107,948.6400000000001,924.16,932.2297812906968,940.399095981917,0.14718492421796117,0.5448410710193891,0.490565745284213
2025-04-05,31.0,19.5,0.0,32.6347006444444,25.25,0.0,30.8,0.0,0.0,0.9979887423155984,-0.06339140486951038,4,Florida,32.6347006444444,961.0,948.6400000000001,1065.0236861524997,1011.6757199777765,0.2347791935185167,0.5744783482710086,0.5610466541134599
2025-04-06,31.1,20.0,0.0,31.87245595155562,25.55,0.0,31.0,0.0,0.0,0.9967506498213929,-0.08054900421874167,4,Florida,31.87245595155562,967.21,961.0,1015.8534483838532,991.2333800933798,0.20301899798148412,0.5898827296271445,0.5426036390536346
2025-04-07,30.6,21.7,3.3,33.34978949943118,26.15,1.0,31.1,0.0,0.0,0.9952176027737294,-0.09768276782171598,4,Florida,33.34978949943118,936.3600000000001,967.21,1112.2084596563702,1020.5035586825942,0.26457456247629924,0.5977829610280828,0.5399942779734157
2025-04-08,25.6,17.2,0.0,28.274843087111044,21.4,0.0,30.6,0.0,0.0,0.9933900548258936,-0.11478762552212701,4,Florida,28.274843087111044,655.3600000000001,936.3600000000001,799.4667516007512,723.8359830300428,0.05311846196296018,0.5599167602263362,0.20213293348396705
2025-04-09,25.0,16.7,0.0,24.865277777777774,20.85,0.0,25.6,0.0,0.0,0.9912685467787256,-0.13185851571739118,4,Florida,24.865277777777774,625.0,655.3600000000001,618.2820389660492,621.6319444444443,0.0,0.2883935643218006,0.1693699357421313
2025-04-10,26.7,16.7,0.0,27.195764459617777,21.7,0.0,25.0,0.0,0.0,0.9888537064205885,-0.1488903868564548,4,Florida,27.195764459617777,712.89,625.0,739.6096045430094,726.1269110717947,0.00815685248407405,0.2669319607643239,0.24436349397719304
2025-04-11,27.8,18.3,0.0,27.044716462524498,23.05,0.0,26.7,0.0,0.0,0.986146248341595,-0.16587819893463143,4,Florida,27.044716462524498,772.84,712.89,731.4166885383436,751.8431176581811,0.0018631859385207505,0.3333493558098864,0.2774229497963128
2025-04-12,25.0,15.6,0.0,24.786944444444444,20.3,0.0,27.8,0.0,0.0,0.9831469737221499,-0.1828169249850199,4,Florida,24.786944444444444,625.0,772.84,614.3926148919753,619.6736111111111,0.0,0.3859211812126736,0.16538872119529674
2025-04-13,25.6,14.4,0.0,25.24722222222222,20.0,0.0,25.0,0.0,0.0,0.9798567700958665,-0.1997015525660636,4,Florida,25.24722222222222,655.3600000000001,625.0,637.4222299382715,646.3288888888889,0.0,0.26716985879963806,0.19362722375695007
2025-04-14,29.0,15.0,0.0,28.352715167555544,22.0,0.0,25.6,0.0,0.0,0.9762766110869321,-0.21652708524481437,4,Florida,28.352715167555544,841.0,655.3600000000001,803.8764573725342,822.2287398591108,0.05636313198148102,0.2888170387476667,0.36881340606793506
2025-04-15,29.0,17.2,0.0,28.199663933777813,23.1,0.0,29.0,0.0,0.0,0.9724075561219968,-0.23328854407545518,4,Florida,28.199663933777813,841.0,841.0,795.2210459780092,817.7902540795566,0.04998599724074223,0.4534341385778262,0.34270339509483494
2025-04-16,27.8,17.8,0.0,26.632283376551136,22.8,0.0,29.0,0.0,0.0,0.9682507501166718,-0.2499809690726521,4,Florida,26.632283376551136,772.84,841.0,709.278517848922,740.3774778681216,0.0,0.4535659745570608,0.26196199591931335
2025-04-17,30.0,15.0,0.0,28.495979977777786,22.5,0.0,27.8,0.0,0.0,0.9638074231367307,-0.26659942067929354,4,Florida,28.495979977777786,900.0,772.84,812.0208748939125,854.8793993333336,0.06233249907407442,0.38649335180836814,0.4169993585381908
2025-04-18,28.9,17.2,0.0,28.78069813099559,23.049999999999997,0.0,30.0,0.0,0.0,0.9590788900341131,-0.28313898122818354,4,Florida,28.78069813099559,835.2099999999999,900.0,828.328584907493,831.7621759857725,0.07419575545814953,0.5185317538927718,0.337175937761839
2025-04-19,29.0,17.8,0.0,28.78069813099559,23.4,0.0,28.9,0.0,0.0,0.9540665500578387,-0.2995947563972602,4,Florida,28.78069813099559,841.0,835.2099999999999,828.328584907493,834.6402457988721,0.07419575545814953,0.4479517310090215,0.3408926530010467
2025-04-20,30.6,17.2,0.0,30.03229921107551,23.9,0.0,29.0,0.0,0.0,0.9487718864399473,-0.31596187665790293,4,Florida,30.03229921107551,936.3600000000001,841.0,901.9389959035667,918.9883558589107,0.1263458004614796,0.4541187447473038,0.4596670573271153
2025-04-21,30.6,19.4,0.0,29.917249037404456,25.0,0.0,30.6,0.0,0.0,0.9431964659565866,-0.33223549871590435,4,Florida,29.917249037404456,936.3600000000001,936.3600000000001,895.0417899660779,915.4678205445764,0.12155204322518569,0.561858164611818,0.43597699655420996
2025-04-22,30.6,18.3,0.0,30.03229921107551,24.450000000000003,0.0,30.6,0.0,0.0,0.9373419384643772,-0.3484108069446808,4,Florida,30.03229921107551,936.3600000000001,936.3600000000001,901.9389959035667,918.9883558589107,0.1263458004614796,0.5620280430207779,0.4426723905472109
2025-04-23,31.1,18.9,0.0,31.043001335615575,25.0,0.0,30.6,0.0,0.0,0.9312100364121947,-0.3644830148102912,4,Florida,31.043001335615575,967.21,936.3600000000001,963.6679319230303,965.4373415376444,0.16845838898398227,0.5622006248111893,0.4914970836015208
2025-04-24,29.4,19.4,0.0,29.56310813900446,24.4,0.0,31.1,0.0,0.0,0.9248025743285089,-0.38044736628785164,4,Florida,29.56310813900446,864.3599999999999,967.21,873.9773628384717,869.1553792867311,0.10679617245851913,0.6004780471876289,0.350332026798749
2025-04-25,30.6,17.8,0.0,30.680156280497766,24.200000000000003,0.0,29.4,0.0,0.0,0.9181214482844364,-0.39629913726891813,4,Florida,30.680156280497766,936.3600000000001,864.3599999999999,941.2719893957665,938.8127821832317,0.15333984502074025,0.47979887367378343,0.45640792144590603
2025-04-26,31.1,18.9,0.0,31.043001335615575,25.0,0.0,30.6,0.0,0.0,0.9111686353326631,-0.41203363695942635,4,Florida,31.043001335615575,967.21,936.3600000000001,963.6679319230303,965.4373415376444,0.16845838898398227,0.5627340914320412,0.484509366259832
2025-04-27,33.9,20.0,0.0,33.89747241697559,26.95,0.0,31.1,0.0,0.0,0.9039461929224011,-0.42764620926777464,4,Florida,33.89747241697559,1149.2099999999998,967.21,1149.038636259621,1149.1243149354725,0.28739468404064955,0.6010418325032002,0.7703760525653625
2025-04-28,31.1,20.0,0.0,31.5090838789956,25.55,0.0,33.9,1.0,1.0,0.8964562582905575,-0.44313223418263453,4,Florida,31.5090838789956,967.21,1149.2099999999998,992.8223668935805,979.9325086367633,0.18787849495815,0.8561335182678619,0.470390889260444
2025-04-29,29.4,20.6,0.0,29.336038526595594,25.0,0.0,31.1,1.0,1.0,0.8887010478292915,-0.45848712914008766,4,Florida,29.336038526595594,864.3599999999999,967.21,860.603156433901,862.4795326819104,0.09733493860814975,0.6033747375155882,0.3311224951479682
2025-04-30,30.0,18.3,0.0,29.263648144444492,24.15,0.0,29.4,1.0,1.0,0.8806828564301475,-0.47370635037968,4,Florida,29.263648144444492,900.0,864.3599999999999,856.3611027218495,877.9094443333347,0.09431867268518716,0.4823070709258259,0.3786573831454472
2025-05-01,30.6,18.3,0.0,29.807039277137847,24.450000000000003,0.0,30.0,0.0,1.0,0.8724040568049612,-0.48878539428899265,5,Florida,29.807039277137847,936.3600000000001,900.0,888.4595904688383,912.0954018804182,0.1169599698807436,0.41439913996856104,0.3164252127904102
2025-05-02,30.0,18.9,0.0,29.927305577777776,24.45,0.0,30.6,0.0,1.0,0.8638670987837349,-0.503719798736334,5,Florida,29.927305577777776,900.0,936.3600000000001,895.6436191456888,897.8191673333333,0.12197106574074068,0.45119574041637406,0.28258872390455275
2025-05-03,31.1,20.0,0.0,30.898330215831233,25.55,0.0,30.0,0.0,1.0,0.8550745085896932,-0.518505144391157,5,Florida,30.898330215831233,967.21,900.0,954.7068101265494,960.9380697123514,0.16243042565963473,0.4147141881758388,0.3491412655743188
2025-05-04,30.6,20.0,5.9,31.20833997777773,25.3,1.0,31.1,0.0,1.0,0.8460288880917339,-0.533137056031809,5,Florida,31.20833997777773,936.3600000000001,967.21,973.9604841685597,954.9752033199985,0.17534749907407207,0.4844389119987809,0.3304422200762487
2025-05-05,31.1,21.1,0.0,32.02327019841567,26.1,0.0,30.6,0.0,0.0,0.8367329140344921,-0.5476112038402312,5,Florida,32.02327019841567,967.21,936.3600000000001,1025.4898342007375,995.9237031707274,0.2093029249339864,0.564463681945576,0.472106052252517
2025-05-06,32.8,20.0,0.0,33.89808742945776,26.4,0.0,31.1,0.0,0.0,0.8271893372462497,-0.5619233046832195,5,Florida,33.89808742945776,1075.84,967.21,1149.0803313751621,1111.8572676862145,0.28742030956074,0.6028645705188982,0.6540450436133577
2025-05-07,33.9,22.2,0.0,34.77222676805112,28.049999999999997,0.0,32.8,1.0,1.0,0.8174009818249189,-0.5760691233798758,5,Florida,34.77222676805112,1149.2099999999998,1075.84,1209.1077544087707,1178.778487436933,0.32384278200212996,0.7512381290943682,0.7466304927088974
2025-05-08,32.2,21.1,0.0,34.28580817393564,26.650000000000002,0.0,33.9,2.0,2.0,0.8073707443023492,-0.5900444739548627,5,Florida,34.28580817393564,1036.8400000000001,1149.2099999999998,1175.5166421399122,1104.0030232007277,0.3035753405806518,0.8608858190157846,0.5912993330173492
2025-05-09,33.3,21.7,4.3,35.75535508329567,27.5,1.0,32.2,3.0,3.0,0.7971015927871943,-0.6038452208771035,5,Florida,35.75535508329567,1108.8899999999999,1036.8400000000001,1278.4454171325574,1190.6533242737457,0.3648064618039862,0.7015410575440109,0.7407829910093878
2025-05-10,30.6,21.7,0.0,31.96842908860448,26.15,0.0,33.3,3.0,4.0,0.7865965660866021,-0.6174672802835514,5,Florida,31.96842908860448,936.3600000000001,1108.8899999999999,1021.9804583931331,978.2339301112971,0.20701787869185337,0.6636300267739191,0.3095024123524722
2025-05-11,28.9,22.8,0.0,31.326208967884572,25.85,0.0,30.6,2.0,4.0,0.7758587728069828,-0.6309066211876704,5,Florida,31.326208967884572,835.2099999999999,936.3600000000001,981.3313682995717,905.3274391718641,0.1802587069951905,0.3599418447423992,0.1622042821409773
2025-05-12,24.4,20.6,0.0,24.757500000000004,22.5,0.0,28.9,1.0,4.0,0.7648913904341225,-0.6441592666722685,5,Florida,24.757500000000004,595.3599999999999,835.2099999999999,612.9338062500002,604.0830000000001,0.0,0.21539218785252795,0.03880646428380413
2025-05-13,28.9,20.6,0.0,29.898529149217854,24.75,0.0,24.4,0.0,4.0,0.753697664392914,-0.6572212950663319,5,Florida,29.898529149217854,835.2099999999999,595.3599999999999,893.9220452866297,864.067492412396,0.12077204788407725,0.0846689293568237,0.08280595553735598
2025-05-14,31.1,20.0,0.0,31.846529894604444,25.55,0.0,28.9,0.0,3.0,0.742280907086982,-0.6700888411055113,5,Florida,31.846529894604444,967.21,835.2099999999999,1014.2014663279346,990.4270797221983,0.20193874560851852,0.214723659942824,0.1884515290367583
2025-05-15,33.3,21.1,0.0,33.882145611111156,27.2,0.0,31.1,0.0,2.0,0.7306444969184916,-0.6827580970759147,5,Florida,33.882145611111156,1108.8899999999999,967.21,1147.9997912125389,1128.2754488500013,0.2867560671296315,0.3855180733340317,0.40348950354173785
2025-05-16,34.4,22.2,0.0,35.85863781863108,28.299999999999997,0.0,33.3,1.0,2.0,0.7187918772884232,-0.6952253139408722,5,Florida,35.85863781863108,1183.36,1108.8899999999999,1285.8419062077592,1233.537140960909,0.3691099091096284,0.6609448928341721,0.6536379197486828
2025-05-17,33.9,22.8,0.0,37.21448419023117,28.35,0.0,34.4,2.0,2.0,0.7067265555776158,-0.7074868024503348,5,Florida,37.21448419023117,1149.2099999999998,1183.36,1384.9178335449656,1261.5710140488366,0.4256035079262987,0.9148679349696474,0.793845861285968
2025-05-18,33.9,23.9,0.0,36.91070788641558,28.9,0.0,33.9,3.0,3.0,0.6944521021088763,-0.719538934232584,5,Florida,36.91070788641558,1149.2099999999998,1149.2099999999998,1362.4003566763013,1251.2729973494882,0.4129461619339825,0.8658660247042569,0.7733856614690942
2025-05-19,34.4,25.6,0.0,38.58431805415117,30.0,0.0,33.9,3.0,4.0,0.6819721490904629,-0.7313781428679254,5,Florida,38.58431805415117,1183.36,1149.2099999999998,1488.749599703896,1327.3005410628002,0.48267991892296536,0.7207559579610703,0.7158280279107654
2025-05-20,34.4,24.4,0.0,36.98420724259553,29.4,0.0,34.4,3.0,5.0,0.6692903895412567,-0.7430009249440493,5,Florida,36.98420724259553,1183.36,1183.36,1367.8315853632557,1272.2567291452863,0.4160086351081471,0.6320245367188109,0.5225797907704779
2025-05-21,34.4,24.4,0.0,36.45781422883556,29.4,0.0,34.4,3.0,6.0,0.6564105761979381,-0.7544038410927472,5,Florida,36.45781422883556,1183.36,1183.36,1329.1722183442846,1254.1488094719432,0.3940755928681483,0.5103627238820899,0.38528465999142203
2025-05-22,33.3,25.6,0.0,33.19595416537561,29.45,0.0,34.4,3.0,7.0,0.6433365204044917,-0.765583517007675,5,Florida,33.19595416537561,1108.8899999999999,1183.36,1101.9713729497184,1105.4252737070078,0.25816475689065044,0.40580329981083224,0.18242162871360498
2025-05-23,33.9,22.8,0.0,35.25822549561561,28.35,0.0,33.3,3.0,7.0,0.6300720909843687,-0.7765366444428655,5,Florida,35.25822549561561,1149.2099999999998,1108.8899999999999,1243.1424650996787,1195.253844301369,0.34409272898398385,0.33941496606378757,0.2472927140268573
2025-05-24,35.0,23.9,0.0,37.84634757387565,29.45,0.0,33.9,3.0,7.0,0.6166212130956382,-0.7872599821916922,5,Florida,37.84634757387565,1225.0,1149.2099999999998,1432.346024682603,1324.6221650856476,0.4519311489114853,0.3744645132062678,0.35259571249326055
2025-05-25,32.8,22.8,0.0,36.343957807751195,27.799999999999997,0.0,35.0,3.0,7.0,0.6029878670694714,-0.7977503570459932,5,Florida,36.343957807751195,1075.84,1225.0,1320.883269131599,1192.081816094239,0.38933157532296647,0.44771541848081264,0.21342286657104628
2025-05-26,33.9,23.3,0.0,37.20667336761786,28.6,0.0,32.8,3.0,7.0,0.5891760872322963,-0.8080046647350754,5,Florida,37.20667336761786,1149.2099999999998,1075.84,1384.336543084604,1261.3062271622455,0.4252780569840775,0.31325811425950584,0.2802655149898447
2025-05-27,34.4,23.9,0.0,37.91852052531555,29.15,0.0,33.9,3.0,7.0,0.5751899607119775,-0.8180198708443174,5,Florida,37.91852052531555,1183.36,1149.2099999999998,1437.8141988287766,1304.3971060708548,0.45493835522148124,0.374975105347685,0.31543765159641357
2025-05-28,32.8,23.3,0.0,36.45781422883556,28.049999999999997,0.0,34.4,3.0,7.0,0.5610336262283677,-0.8277930117131022,5,Florida,36.45781422883556,1075.84,1183.36,1329.1722183442846,1195.8163067058063,0.3940755928681483,0.406888878944185,0.21163770443508853
2025-05-29,33.3,22.8,0.0,38.33124403731548,28.049999999999997,0.0,32.8,3.0,7.0,0.5467112728685939,-0.8373211953118121,5,Florida,38.33124403731548,1108.8899999999999,1075.84,1469.2842694482333,1276.4304264426053,0.4721351682214783,0.31370230339827165,0.27302640207777773
2025-05-30,31.1,22.8,0.0,35.31575843611568,26.950000000000003,0.0,33.3,3.0,7.0,0.5322271388474397,-0.8466016020976267,5,Florida,35.31575843611568,967.21,1108.8899999999999,1247.2027939180757,1098.3200873631977,0.3464899348381533,0.3405195311468209,0.1424817738533757
2025-05-31,28.9,21.7,0.0,31.326208967884572,25.299999999999997,0.0,31.1,2.0,6.0,0.5175855102531889,-0.8556314858488706,5,Florida,31.326208967884572,835.2099999999999,967.21,981.3313682995717,905.3274391718641,0.1802587069951905,0.2372987226722905,0.07411196546933081
2025-06-01,31.1,22.2,0.0,32.39278539805116,26.65,0.0,28.9,1.0,5.0,0.5027907197793043,-0.8644081744776648,6,Florida,32.39278539805116,967.21,835.2099999999999,1049.2925458441964,1007.4156258793911,0.224699391585465,0.16670213105395942,0.12209320235360836
2025-06-02,28.9,23.3,0.0,31.20833997777773,26.1,0.0,31.1,0.0,4.0,0.4878471454423119,-0.8729290708206411,6,Florida,31.20833997777773,835.2099999999999,967.21,973.9604841685597,901.9210253577763,0.17534749907407207,0.2356426057352791,0.0710071690973661
2025-06-03,28.3,22.8,0.0,30.28317007140459,25.55,0.0,28.9,0.0,3.0,0.47275920928627757,-0.881191653407483,6,Florida,30.28317007140459,800.89,835.2099999999999,917.0703895736148,857.01371302075,0.13679875297519128,0.21684080617677967,0.08765274171046744
2025-06-04,30.0,22.8,0.0,33.44940924444435,26.4,0.0,28.3,0.0,2.0,0.4575313760742512,-0.8891934772070711,6,Florida,33.44940924444435,900.0,800.89,1118.8629788023188,1003.4822773333304,0.26872538518518113,0.25727093516858207,0.2041199221334893
2025-06-05,31.7,23.3,0.0,35.55203763279115,27.5,0.0,30.0,0.0,1.0,0.44216815196707204,-0.8969321743510065,6,Florida,35.55203763279115,1004.89,900.0,1263.947379843398,1126.9995929594793,0.3563349013662978,0.42060833956696836,0.4094571696729214
2025-06-06,33.9,25.0,0.0,38.17443465370449,29.45,0.0,31.7,0.0,0.0,0.42667408318992467,-0.9044054548343001,6,Florida,38.17443465370449,1149.2099999999998,1004.89,1457.287461129954,1294.1133347605821,0.46560144390435365,0.6591218061170797,0.7818971820249312
2025-06-07,33.9,25.0,0.0,38.33124403731548,29.45,0.0,33.9,1.0,1.0,0.4110537546870351,-0.9116111071930239,6,Florida,38.33124403731548,1149.2099999999998,1149.2099999999998,1469.2842694482333,1299.4291728649946,0.4721351682214783,0.8669163232808578,0.7754947465419388
2025-06-08,33.3,25.0,0.0,37.05415802092446,29.15,0.0,33.9,2.0,2.0,0.3953117887649151,-0.9185469991587165,6,Florida,37.05415802092446,1108.8899999999999,1149.2099999999998,1373.0106266396406,1233.9034620967846,0.41892325087185256,0.8695198531636258,0.6740603508852865
2025-06-09,33.9,23.9,0.0,37.84634757387565,28.9,0.0,33.3,3.0,3.0,0.37945284372454435,-0.925211078289358,6,Florida,37.84634757387565,1149.2099999999998,1108.8899999999999,1432.346024682603,1282.9911827543845,0.4519311489114853,0.8122379689111339,0.7629998015970824
2025-06-10,33.9,23.3,3.2,37.20667336761786,28.6,1.0,33.9,3.0,4.0,0.36348161248290634,-0.9316013725767187,6,Florida,37.20667336761786,1149.2099999999998,1149.2099999999998,1384.336543084604,1261.3062271622455,0.4252780569840775,0.7265754893699001,0.6066181290933139
2025-06-11,32.2,23.9,0.0,36.931999601315574,28.05,0.0,33.9,3.0,5.0,0.3474028211842774,-0.9377159910299093,6,Florida,36.931999601315574,1036.8400000000001,1149.2099999999998,1363.9725945515738,1189.2103871623617,0.41383331672148227,0.5939043513476833,0.34231273810703555
2025-06-12,33.3,25.0,0.0,37.05415802092446,29.15,0.0,32.2,3.0,6.0,0.3312212278016865,-0.9435531242349544,6,Florida,37.05415802092446,1108.8899999999999,1036.8400000000001,1373.0106266396406,1233.9034620967846,0.41892325087185256,0.36688799919137044,0.30840853663067835
2025-06-13,34.4,24.4,0.0,37.91852052531555,29.4,0.0,33.3,3.0,7.0,0.31494162072895193,-0.9491110448902284,6,Florida,37.91852052531555,1183.36,1108.8899999999999,1437.8141988287766,1304.3971060708548,0.45493835522148124,0.3427546064032614,0.29417150402478787
2025-06-14,34.4,25.6,0.0,38.16772704802459,30.0,0.0,34.4,3.0,7.0,0.2985688173637202,-0.9543881083175908,6,Florida,38.16772704802459,1183.36,1183.36,1456.7753880125078,1312.9698104520457,0.46532196033435785,0.41001018199746025,0.29049475157613336
2025-06-15,33.9,26.1,0.0,36.91070788641558,30.0,0.0,34.4,3.0,7.0,0.2821076626819194,-0.9593827529490743,6,Florida,36.91070788641558,1149.2099999999998,1183.36,1362.4003566763013,1251.2729973494882,0.4129461619339825,0.41019196784297596,0.23802529585388751
2025-06-16,34.4,24.4,0.0,35.889603247484416,29.4,0.0,33.9,3.0,7.0,0.26556302780405594,-0.9640935007889755,6,Florida,35.889603247484416,1183.36,1149.2099999999998,1288.063621261844,1234.6023517134638,0.3704001353118507,0.3784182688548589,0.24851478866557092
2025-06-17,33.9,25.0,0.0,36.91070788641558,29.45,0.0,34.4,3.0,7.0,0.24893980855376657,-0.9685189578512204,6,Florida,36.91070788641558,1149.2099999999998,1183.36,1362.4003566763013,1251.2729973494882,0.4129461619339825,0.41055384204194184,0.24069036418071027
2025-06-18,33.9,25.0,0.0,37.05415802092446,29.45,0.0,33.9,3.0,7.0,0.23224292400907015,-0.9726578145718654,6,Florida,37.05415802092446,1149.2099999999998,1149.2099999999998,1373.0106266396406,1256.1359569093393,0.41892325087185256,0.37875696669081144,0.2437334977602818
2025-06-19,33.9,25.0,0.0,37.84634757387565,29.45,0.0,33.9,3.0,7.0,0.21547731504673012,-0.976508846196619,6,Florida,37.84634757387565,1149.2099999999998,1149.2099999999998,1432.346024682603,1282.9911827543845,0.4519311489114853,0.37892534458274324,0.2584474371815207
2025-06-20,31.7,23.9,0.0,36.100147751724435,27.799999999999997,0.0,33.9,3.0,7.0,0.19864794288017112,-0.9800709131432666,6,Florida,36.100147751724435,1004.89,1149.2099999999998,1303.2206676963349,1144.3746837296646,0.3791728229885181,0.3790930076053232,0.15182445549863757
2025-06-21,33.9,23.9,0.0,38.17443465370449,28.9,0.0,31.7,2.0,6.0,0.18175978759137534,-0.9833429613388902,6,Florida,38.17443465370449,1149.2099999999998,1004.89,1457.287461129954,1294.1133347605821,0.46560144390435365,0.26416934492591343,0.27420252933394096
2025-06-22,32.2,25.0,0.0,36.343957807751195,28.6,0.0,33.9,2.0,6.0,0.16481784665719793,-0.9863240225317866,6,Florida,36.343957807751195,1036.8400000000001,1149.2099999999998,1320.883269131599,1170.2754414095887,0.38933157532296647,0.37802543209911194,0.16622740211487588
2025-06-23,32.8,24.4,0.0,36.45781422883556,28.599999999999998,0.0,32.2,2.0,6.0,0.14782713347053048,-0.9890132145779883,6,Florida,36.45781422883556,1075.84,1036.8400000000001,1329.1722183442846,1195.8163067058063,0.3940755928681483,0.2867711314395545,0.19234962544149517
2025-06-24,34.4,24.4,0.0,38.58431805415117,29.4,0.0,32.8,3.0,6.0,0.13079267585675922,-0.9914097417023038,6,Florida,38.58431805415117,1183.36,1075.84,1488.749599703896,1327.3005410628002,0.48267991892296536,0.40485728969093887,0.402522303480324
2025-06-25,32.8,24.4,0.0,36.45781422883556,28.599999999999998,0.0,34.4,3.0,6.0,0.11371951458594969,-0.9935128947338007,6,Florida,36.45781422883556,1075.84,1183.36,1329.1722183442846,1195.8163067058063,0.3940755928681483,0.517857168292944,0.25726836104800543
2025-06-26,33.3,24.4,0.0,35.75535508329567,28.849999999999998,0.0,32.8,3.0,6.0,0.0966127018812031,-0.9953220513156602,6,Florida,35.75535508329567,1108.8899999999999,1075.84,1278.4454171325574,1190.6533242737457,0.3648064618039862,0.40519950736031635,0.27065006325894714
2025-06-27,32.8,22.2,17.5,37.235683568124536,27.5,1.0,33.3,3.0,6.0,0.07947729992362097,-0.9968366760893436,6,Florida,37.235683568124536,1075.84,1108.8899999999999,1386.4961307854996,1221.3304210344847,0.42648681533852234,0.4379451676178688,0.2909946923254394
2025-06-28,32.8,22.8,0.0,36.45781422883556,27.799999999999997,0.0,32.8,3.0,7.0,0.062318379354325076,-0.998056320853012,6,Florida,36.45781422883556,1075.84,1075.84,1329.1722183442846,1195.8163067058063,0.3940755928681483,0.3181030320487255,0.19361504081870126
2025-06-29,30.0,22.2,0.0,33.25453213293112,26.1,0.0,32.8,3.0,7.0,0.04514101777397193,-0.9989806246941579,6,Florida,33.25453213293112,900.0,1075.84,1105.8639073801482,997.6359639879336,0.2606055055387966,0.3182406980374145,0.09040868527245946
2025-06-30,30.0,22.2,0.0,32.6347006444444,26.1,0.0,30.0,2.0,6.0,0.02795029824021032,-0.999609314096404,6,Florida,32.6347006444444,900.0,900.0,1065.0236861524997,979.041019333332,0.2347791935185167,0.20189990248128908,0.0892364551082934
2025-07-01,32.8,21.7,0.0,35.09003579559113,27.25,0.0,30.0,1.0,5.0,0.01075130776352193,-0.9999422030204416,7,Florida,35.09003579559113,1075.84,900.0,1231.3106121358667,1150.953174095389,0.337084824816297,0.20117076868599043,0.18231265311541608
2025-07-02,32.2,23.3,0.0,35.24517878083567,27.75,0.0,32.8,1.0,5.0,-0.00645086419810515,-0.9999791929590823,7,Florida,35.24517878083567,1036.8400000000001,1075.84,1242.222627293069,1134.8947567429088,0.343549115868153,0.3162176270289209,0.15553767597206686
2025-07-03,31.1,23.9,0.0,35.99969964348455,27.5,0.0,32.2,2.0,5.0,-0.023651127245231586,-0.9997202729664083,7,Florida,35.99969964348455,967.21,1036.8400000000001,1295.9783744211015,1119.5906589123695,0.3749874851451895,0.36888634265039977,0.1847900730243086
2025-07-04,31.1,23.3,0.0,35.03801755555546,27.200000000000003,0.0,31.1,2.0,4.0,-0.04084439154329611,-0.9991655196610109,7,Florida,35.03801755555546,967.21,967.21,1227.6626742234128,1089.682345977775,0.3349173981481443,0.39700070118215447,0.24238117427891737
2025-07-05,31.7,24.4,0.0,37.267713707404496,28.049999999999997,0.0,31.1,1.0,3.0,-0.05802556932878035,-0.9983150972033183,7,Florida,37.267713707404496,1004.89,967.21,1388.882484977065,1181.3865245247225,0.42782140447518735,0.39570525459113676,0.30932991168702434
2025-07-06,32.2,24.4,0.3,36.67203977659556,28.3,1.0,31.7,0.0,2.0,-0.07518957641475855,-0.9971692572470178,7,Florida,36.67203977659556,1036.8400000000001,1004.89,1344.838501376207,1180.8396808063771,0.40300165735814836,0.4310007393608635,0.3292460769952054
2025-07-07,32.8,24.4,0.0,37.05415802092446,28.599999999999998,0.0,32.2,1.0,3.0,-0.09233133369539122,-0.9957283388645872,7,Florida,37.05415802092446,1075.84,1036.8400000000001,1373.0106266396406,1215.3763830863222,0.41892325087185256,0.4657568225291614,0.3622109834077621
2025-07-08,33.3,24.4,0.0,36.60358037643559,28.849999999999998,0.0,32.8,2.0,4.0,-0.10944576864891556,-0.993992768446958,7,Florida,36.60358037643559,1108.8899999999999,1075.84,1339.8220963741803,1218.899226535305,0.40014918235148283,0.5104108327616196,0.3784128586877244
2025-07-09,34.4,23.9,0.0,37.84634757387565,29.15,0.0,33.3,3.0,4.0,-0.12652781683868314,-0.9919630595773397,7,Florida,37.84634757387565,1183.36,1108.8899999999999,1432.346024682603,1301.9143565413221,0.4519311489114853,0.6783045793749358,0.6237382972199308
2025-07-10,34.4,23.9,0.0,37.51950270193562,29.15,0.0,34.4,3.0,4.0,-0.1435724234118113,-0.9896398128792412,7,Florida,37.51950270193562,1183.36,1183.36,1407.7130830005544,1290.6708929465854,0.4383126125806509,0.7826233387717333,0.6069208548120048
2025-07-11,34.4,25.0,0.0,38.9300934206755,29.7,0.0,34.4,3.0,5.0,-0.16057454459499376,-0.9870237158387383,7,Florida,38.9300934206755,1183.36,1183.36,1515.5521737425217,1339.195213671237,0.4970872258614791,0.6443493533197473,0.513073655760088
2025-07-12,34.4,24.4,0.0,38.58431805415117,29.4,0.0,34.4,3.0,6.0,-0.17752914918703497,-0.984115542601034,7,Florida,38.58431805415117,1183.36,1183.36,1488.749599703896,1327.3005410628002,0.48267991892296536,0.5210989685880842,0.38610516082319346
2025-07-13,32.8,25.0,0.0,37.67863462375107,28.9,0.0,34.4,3.0,7.0,-0.19443122004766195,-0.9809161537413774,7,Florida,37.67863462375107,1075.84,1183.36,1419.679507110133,1235.859215659035,0.4449431093229614,0.4148662897265008,0.1975798726355834
2025-07-14,33.3,22.8,0.0,39.554438450015674,28.049999999999997,0.0,32.8,3.0,7.0,-0.2112757555821793,-0.9774264960104055,7,Florida,39.554438450015674,1108.8899999999999,1075.84,1564.5536010960784,1317.162800385522,0.5231016020839864,0.3201578016956708,0.2657502325330891
2025-07-15,30.0,23.3,0.0,35.03801755555546,26.65,0.0,33.3,3.0,7.0,-0.2280577712215198,-0.9736476020539838,7,Florida,35.03801755555546,900.0,1108.8899999999999,1227.6626742234128,1051.1405266666638,0.3349173981481443,0.3473841863270002,0.09770965476055304
2025-07-16,33.3,23.3,0.0,38.846038964051104,28.299999999999997,0.0,30.0,2.0,6.0,-0.24477230089725957,-0.9695805901076308,7,Florida,38.846038964051104,1108.8899999999999,900.0,1509.0147431965765,1293.5730975029016,0.49358495683546266,0.20325754628082313,0.25532183211593246
2025-07-17,33.9,23.9,0.0,38.85491958937559,28.9,0.0,33.3,2.0,6.0,-0.2614143985111562,-0.965226663665613,7,Florida,38.85491958937559,1149.2099999999998,1108.8899999999999,1509.704776296843,1317.1817740798324,0.4939549828906496,0.34632073311059847,0.2735063439723123
2025-07-18,35.6,25.0,0.0,41.090860604495596,30.3,0.0,33.9,2.0,6.0,-0.2779791393987801,-0.9605871111248129,7,Florida,41.090860604495596,1267.3600000000001,1149.2099999999998,1688.4588252180881,1462.8346375200433,0.5871191918539832,0.3818879668742106,0.42936453000881236
2025-07-19,35.0,26.1,0.0,41.8917068777778,30.55,0.0,35.6,3.0,6.0,-0.2944616217868012,-0.9556633054034704,7,Florida,41.8917068777778,1225.0,1267.3600000000001,1754.9151051336557,1466.209740722223,0.620487786574075,0.6245626835062386,0.524023149000147
2025-07-20,36.1,26.7,0.0,42.5015134520513,31.4,0.0,35.0,3.0,6.0,-0.3108569682435036,-0.9504567035349151,7,Florida,42.5015134520513,1303.21,1225.0,1806.3786457148974,1534.3046356190519,0.6458963938354708,0.5716988772593994,0.6385810445706825
2025-07-21,34.4,26.7,0.0,40.018925928675564,30.549999999999997,0.0,36.1,3.0,6.0,-0.3271603271220951,-0.9449688462364056,7,Florida,40.018925928675564,1183.36,1303.21,1601.5144324848213,1376.6510519464393,0.5424552470281485,0.6719641229339782,0.40887024762183016
2025-07-22,32.2,26.7,0.0,38.18538774865792,29.450000000000003,0.0,34.4,3.0,6.0,-0.34336687399638804,-0.939201357453208,7,Florida,38.18538774865792,1036.8400000000001,1183.36,1458.1238375153541,1229.569485506785,0.46605782286074654,0.5227176066625043,0.2456890035668728
2025-07-23,33.3,24.4,9.1,37.51950270193562,28.849999999999998,1.0,32.2,3.0,7.0,-0.3594718130884232,-0.9331559438780432,7,Florida,37.51950270193562,1108.8899999999999,1036.8400000000001,1407.7130830005544,1249.399439974456,0.4383126125806509,0.2913368105357975,0.22624819084153414
2025-07-24,34.4,23.9,0.0,38.9300934206755,29.15,0.0,33.3,3.0,7.0,-0.3754703786876202,-0.9268343944460494,7,Florida,38.9300934206755,1183.36,1108.8899999999999,1515.5521737425217,1339.195213671237,0.4970872258614791,0.34841668410165844,0.30037820397645243
2025-07-25,33.3,25.0,0.0,38.33124403731548,29.15,0.0,34.4,3.0,7.0,-0.3913578365610259,-0.9202385798054075,7,Florida,38.33124403731548,1108.8899999999999,1183.36,1469.2842694482333,1276.4304264426053,0.4721351682214783,0.4164611056834973,0.22812432912421376
2025-07-26,35.6,24.4,0.0,40.50424907331573,30.0,0.0,33.3,3.0,7.0,-0.4071294853542516,-0.9133704517637858,7,Florida,40.50424907331573,1267.3600000000001,1108.8899999999999,1640.5941929931978,1441.9512670100398,0.5626770447214886,0.3486238889966031,0.4152518023556945
2025-07-27,36.1,26.7,0.0,43.392586119704546,31.4,0.0,35.6,3.0,7.0,-0.4227806579826773,-0.9062320427107697,7,Florida,43.392586119704546,1303.21,1267.3600000000001,1882.9165301559756,1566.4723589213343,0.6830244216543561,0.5047865745143212,0.5371855648045157
2025-07-28,37.2,27.8,0.0,43.08158596929559,32.5,0.0,36.1,3.0,7.0,-0.4383067230125192,-0.898825465016444,7,Florida,43.08158596929559,1383.8400000000001,1303.21,1856.0230496298066,1602.634998057796,0.6700660820539829,0.5462019975832294,0.6058966258391013
2025-07-29,36.7,26.7,33.1,43.392586119704546,31.700000000000003,1.0,37.2,3.0,7.0,-0.45370308603134424,-0.8911529104063088,7,Florida,43.392586119704546,1346.89,1383.8400000000001,1882.9165301559756,1592.507910593157,0.6830244216543561,0.64689759754254,0.5923844729445095
2025-07-30,36.1,25.6,0.0,42.5015134520513,30.85,0.0,36.7,3.0,7.0,-0.46896519100763184,-0.8832166493127127,7,Florida,42.5015134520513,1303.21,1346.89,1806.3786457148974,1534.3046356190519,0.6458963938354708,0.5996700458948132,0.5049024123164572
2025-07-31,35.0,26.7,0.0,40.288316255555614,30.85,0.0,36.1,3.0,7.0,-0.48408852163897587,-0.8750190302029955,7,Florida,40.288316255555614,1225.0,1303.21,1623.1484267076667,1410.0910689444465,0.553679843981484,0.5465934195644261,0.3496616422325964
2025-08-01,33.9,26.7,0.0,38.85491958937559,30.299999999999997,0.0,35.0,3.0,7.0,-0.4990686026885319,-0.8665624788845385,8,Florida,38.85491958937559,1149.2099999999998,1225.0,1509.704776296843,1317.1817740798324,0.4939549828906496,0.4594188478919122,0.2585607323119495
2025-08-02,34.4,26.1,0.0,37.91852052531555,30.25,0.0,33.9,3.0,7.0,-0.5139010013093103,-0.8578494977869301,8,Florida,37.91852052531555,1183.36,1149.2099999999998,1437.8141988287766,1304.3971060708548,0.45493835522148124,0.3849563306309046,0.2681191273889997
2025-08-03,35.6,26.7,0.0,38.49010247777784,31.15,0.0,34.4,3.0,7.0,-0.5285813283559292,-0.8488826652214553,8,Florida,38.49010247777784,1267.3600000000001,1183.36,1481.4879887498398,1370.2476482088912,0.47875426990740994,0.4174292622451832,0.3423112977638042
2025-08-04,35.6,23.3,0.0,41.70951489267559,29.450000000000003,0.0,35.6,3.0,7.0,-0.5431052396834317,-0.8396646346181327,8,Florida,41.70951489267559,1267.3600000000001,1267.3600000000001,1739.683632582327,1484.858730179251,0.6128964538614831,0.5057394370195524,0.4583730615886842
2025-08-05,35.0,23.3,0.0,40.288316255555614,29.15,0.0,35.6,3.0,7.0,-0.5574684374327892,-0.8301981337405212,8,Florida,40.288316255555614,1225.0,1267.3600000000001,1623.1484267076667,1410.0910689444465,0.553679843981484,0.5058444951889478,0.3712894746208074
2025-08-06,34.4,24.4,0.0,40.018925928675564,29.4,0.0,35.0,3.0,7.0,-0.5716666713027052,-0.8204859638785327,8,Florida,40.018925928675564,1183.36,1225.0,1601.5144324848213,1376.6510519464393,0.5424552470281485,0.45992463662198785,0.32444024022350115
2025-08-07,32.8,26.1,0.0,37.67863462375107,29.45,0.0,34.4,3.0,7.0,-0.5856957398073508,-0.8105309990194823,8,Florida,37.67863462375107,1075.84,1183.36,1419.679507110133,1235.859215659035,0.4449431093229614,0.41778928302195684,0.19627375361923657
2025-08-08,30.6,23.9,0.0,35.21891191607106,27.25,0.0,32.8,3.0,7.0,-0.5995514915196489,-0.8003361849976323,8,Florida,35.21891191607106,936.3600000000001,1075.84,1240.3717565519719,1077.6987046317745,0.3424546631696274,0.32248754701260185,0.11242796545313079
2025-08-09,30.0,23.9,0.0,34.331803355555614,26.95,0.0,30.6,2.0,6.0,-0.6132298262997502,-0.7899045386224707,8,Florida,34.331803355555614,900.0,936.3600000000001,1178.6727216445397,1029.9541006666684,0.30549180648148394,0.22523983908829043,0.09629565449300695
2025-08-10,32.2,23.3,0.0,37.1085157343645,27.75,0.0,30.0,1.0,5.0,-0.6267266965083301,-0.7792391467859886,8,Florida,37.1085157343645,1036.8400000000001,900.0,1377.0419400075778,1194.894206646537,0.4211881555985209,0.2039315442890769,0.1848480455880057
2025-08-11,33.3,23.9,2.1,39.011986261617736,28.599999999999998,1.0,32.2,1.0,5.0,-0.6400381082043503,-0.7683431655492202,8,Florida,39.011986261617736,1108.8899999999999,1036.8400000000001,1521.935072076651,1299.0991425118705,0.5004994275674056,0.2904890279964164,0.2635062047889172
2025-08-12,33.3,25.0,0.0,40.2929255059178,29.15,0.0,33.3,2.0,5.0,-0.65316012232693,-0.7572198192083127,8,Florida,40.2929255059178,1108.8899999999999,1108.8899999999999,1623.5198458254413,1341.7544193470626,0.5538718960799084,0.44249582384849745,0.37367703754585463
2025-08-13,34.4,25.6,0.0,40.31313256477118,30.0,0.0,33.3,3.0,5.0,-0.666088855860977,-0.7458723993404063,8,Florida,40.31313256477118,1183.36,1108.8899999999999,1625.1486571848145,1386.7717602281286,0.5547138568654658,0.5556376527126691,0.5727024505789856
2025-08-14,36.7,27.2,0.0,42.63741197588451,31.950000000000003,0.0,34.4,3.0,5.0,-0.6788204829862355,-0.734304263829602,8,Florida,42.63741197588451,1346.89,1183.36,1817.9489000013,1564.7930195149618,0.6515588323285213,0.6493763963762468,0.8585713799551029
2025-08-15,35.6,25.0,7.1,42.31544614444459,30.3,1.0,36.7,3.0,5.0,-0.6913512362094071,-0.722518835873311,8,Florida,42.31544614444459,1267.3600000000001,1346.89,1790.5969824033907,1506.4298827422276,0.638143589351858,0.8816987259803544,0.76453507033984
2025-08-16,35.6,23.9,0.0,40.288316255555614,29.75,0.0,35.6,3.0,6.0,-0.7036774074790128,-0.7105196029692745,8,Florida,40.288316255555614,1267.3600000000001,1267.3600000000001,1623.1484267076667,1434.26405869778,0.553679843981484,0.628157697579014,0.538735857751918
2025-08-17,33.3,24.4,1.1,41.06150013175797,28.849999999999998,1.0,35.6,3.0,7.0,-0.7157953492826642,-0.6983101158835584,8,Florida,41.06150013175797,1108.8899999999999,1267.3600000000001,1686.0467930703596,1367.34795438754,0.5858958388232486,0.506844504190489,0.30409813179549405
2025-08-18,35.0,25.0,0.0,41.8917068777778,30.0,0.0,33.3,3.0,7.0,-0.7277014757264236,-0.6858939875998223,8,Florida,41.8917068777778,1225.0,1108.8899999999999,1754.9151051336557,1466.209740722223,0.620487786574075,0.35032862338706094,0.43067535288885617
2025-08-19,33.9,25.7,0.0,38.846038964051104,29.799999999999997,0.0,35.0,3.0,7.0,-0.7393922635959241,-0.673274892250183,8,Florida,38.846038964051104,1149.2099999999998,1225.0,1509.0147431965765,1316.8807208813323,0.49358495683546266,0.4608746011592806,0.2717654809323641
2025-08-20,31.5,24.7,0.0,34.464367656637954,28.1,0.0,33.9,3.0,7.0,-0.7508642533989489,-0.6604565640279754,8,Florida,34.464367656637954,992.25,1149.2099999999998,1187.7926379719122,1085.6275811840956,0.3110153190265814,0.3861804644834534,0.12720207539200126
2025-08-21,33.3,24.4,0.0,37.51950270193562,28.849999999999998,0.0,31.5,2.0,6.0,-0.7621140503891487,-0.6474427960827475,8,Florida,37.51950270193562,1108.8899999999999,992.25,1407.7130830005544,1249.399439974456,0.4383126125806509,0.26078144980335016,0.23284072672712577
2025-08-22,28.9,24.4,0.0,34.89243406857565,26.65,0.0,33.3,2.0,6.0,-0.7731383255706026,-0.6342374393978054,8,Florida,34.89243406857565,835.2099999999999,1108.8899999999999,1217.4819552298989,1008.3913445818363,0.32885141952398556,0.34917084442246293,0.08085728509320851
2025-08-23,29.4,23.9,0.0,34.48061279223114,26.65,0.0,28.9,1.0,5.0,-0.7839338166829201,-0.620844401650647,8,Florida,34.48061279223114,864.3599999999999,835.2099999999999,1188.9126585277738,1013.7300160915955,0.3116921996762976,0.1719100057453228,0.09184459054430938
2025-08-24,30.0,24.4,0.0,35.52997874444458,27.2,0.0,29.4,1.0,4.0,-0.7944973291665992,-0.6072676460566135,8,Florida,35.52997874444458,900.0,864.3599999999999,1262.3793895806834,1065.8993623333372,0.35541578101852406,0.24182143388134783,0.1548621174830734
2025-08-25,31.1,24.4,0.0,36.68049771557119,27.75,0.0,30.0,0.0,3.0,-0.8048257371083452,-0.593511190196115,8,Florida,36.68049771557119,967.21,900.0,1345.4589126620235,1140.7634789542642,0.40335407148213304,0.2640544633403944,0.20670295363187488
2025-08-26,30.6,24.4,0.0,36.29964811111102,27.5,0.0,31.1,0.0,2.0,-0.8149159841660791,-0.5795791048257612,8,Florida,36.29964811111102,936.3600000000001,967.21,1317.6644529904856,1110.7692321999973,0.3874853379629591,0.3992779551730068,0.25054984715092815
2025-08-27,34.0,24.0,0.0,29.79736311848017,29.0,0.0,30.6,0.0,1.0,-0.8247650844733614,-0.5654755126737576,8,Florida,29.79736311848017,1156.0,936.3600000000001,887.8828488145623,1013.1103460283258,0.11655679660334044,0.4690805557019864,0.4095108333875873
2025-08-28,33.0,23.0,1.2,29.79736311848017,28.0,1.0,34.0,1.0,2.0,-0.8343701235229538,-0.5512045872199277,8,Florida,29.79736311848017,1089.0,1156.0,887.8828488145623,983.3129829098456,0.11655679660334044,0.7456740185391821,0.35365790011045883
2025-08-29,32.0,23.0,2.8,29.79736311848017,27.5,1.0,33.0,2.0,2.0,-0.8437282590292712,-0.5367705514607103,8,Florida,29.79736311848017,1024.0,1089.0,887.8828488145623,953.5156197913655,0.11655679660334044,0.7956790947719931,0.40529715036279035
2025-08-30,32.0,24.0,0.5,29.79736311848017,28.0,1.0,32.0,2.0,2.0,-0.8528367217694595,-0.522177676659508,8,Florida,29.79736311848017,1024.0,1024.0,887.8828488145623,953.5156197913655,0.11655679660334044,0.7035923108482115,0.4042221315383319
2025-08-31,30.0,24.0,10.0,29.79736311848017,27.0,1.0,32.0,1.0,2.0,-0.8616928164028522,-0.5074302810827518,8,Florida,29.79736311848017,900.0,1024.0,887.8828488145623,893.9208935544051,0.11655679660334044,0.5713096865961375,0.21625996570163158
