date,tmax,tmin,prcp,heat_index
1991-01-01,27.2,18.3,0.0,27.884784716924493
1991-01-02,25.0,17.8,0.0,24.5225
1991-01-03,24.4,17.8,0.0,24.48333333333333
1991-01-04,23.9,17.8,0.0,24.02361111111111
1991-01-05,27.2,18.3,0.0,28.181459693315517
1991-01-06,27.8,18.3,0.0,28.39887615283563
1991-01-07,28.9,16.7,0.0,30.454350755555513
1991-01-08,25.0,16.7,0.0,25.113333333333337
1991-01-09,22.8,16.1,0.0,22.26472222222221
1991-01-10,24.4,15.6,1.8,24.54861111111111
1991-01-11,27.8,19.4,0.0,28.181459693315517
1991-01-12,26.1,13.3,0.5,26.2813888888889
1991-01-13,13.9,6.7,0.0,17.02777777777777
1991-01-14,20.6,5.6,0.0,20.362777777777772
1991-01-15,21.1,13.9,34.8,21.253333333333334
1991-01-16,27.2,15.6,2.3,25.834722222222222
1991-01-17,18.9,11.1,0.0,19.494444444444447
1991-01-18,21.7,8.9,0.0,21.41333333333334
1991-01-19,26.7,12.2,0.0,25.74333333333333
1991-01-20,22.8,13.3,13.0,23.485
1991-01-21,20.0,9.4,0.0,19.602222222222217
1991-01-22,13.9,5.6,0.0,16.293888888888887
1991-01-23,19.4,3.9,0.0,17.49083333333333
1991-01-24,26.7,10.0,0.0,27.195764459617777
1991-01-25,21.7,12.8,6.6,23.984444444444442
1991-01-26,20.0,12.2,0.0,20.02
1991-01-27,23.3,12.8,0.0,23.45888888888889
1991-01-28,22.8,18.3,0.0,23.025277777777784
1991-01-29,27.8,17.8,0.0,28.15824500283553
1991-01-30,30.6,19.4,0.0,30.6159912848178
1991-01-31,26.1,14.4,1.3,26.333611111111118
1991-02-01,20.0,13.9,0.5,18.378611111111113
1991-02-02,22.2,17.2,8.9,21.87027777777778
1991-02-03,23.9,17.8,0.0,23.958333333333332
1991-02-04,24.4,15.6,0.0,23.749444444444443
1991-02-05,24.4,14.4,0.0,24.300555555555555
1991-02-06,26.1,13.9,0.0,24.904444444444447
1991-02-07,25.6,15.6,0.8,23.879999999999995
1991-02-08,16.1,12.2,0.0,19.494444444444447
1991-02-09,19.4,11.1,0.0,18.946111111111115
1991-02-10,23.3,8.9,0.0,22.806111111111104
1991-02-11,23.3,10.6,0.0,22.779999999999994
1991-02-12,22.2,8.9,0.0,19.536944444444444
1991-02-13,24.4,13.3,0.0,24.23527777777778
1991-02-14,27.2,14.4,13.7,25.638888888888893
1991-02-15,19.4,5.6,0.0,18.906944444444445
1991-02-16,9.4,-0.5,0.0,9.023888888888889
1991-02-17,20.0,3.3,0.0,19.549999999999997
1991-02-18,25.6,8.9,0.0,24.32666666666667
1991-02-19,28.3,16.1,0.0,27.360965654024444
1991-02-20,28.9,15.0,0.0,27.910757868995592
1991-02-21,28.9,14.4,0.0,28.164564010515555
1991-02-22,28.9,17.8,0.0,29.65017504153784
1991-02-23,26.1,18.3,0.0,26.21611111111112
1991-02-24,26.1,14.4,0.0,24.248333333333335
1991-02-25,24.4,15.0,0.8,24.300555555555555
1991-02-26,23.9,12.8,0.3,23.054166666666667
1991-02-27,18.3,10.0,0.0,18.985277777777778
1991-02-28,21.1,9.4,0.0,21.07055555555556
1991-03-01,29.4,17.2,0.0,30.194046724604465
1991-03-02,28.3,18.3,0.0,30.026780984595675
1991-03-03,25.6,16.7,19.6,25.50833333333333
1991-03-04,18.3,9.4,0.0,20.90083333333333
1991-03-05,22.2,7.2,0.0,21.08694444444445
1991-03-06,26.7,8.3,0.0,25.45611111111111
1991-03-07,28.3,16.1,0.0,28.246993170957833
1991-03-08,30.6,13.3,0.0,29.56310813900446
1991-03-09,22.8,11.7,20.3,26.24222222222223
1991-03-10,17.2,9.4,0.0,16.649166666666662
1991-03-11,21.1,6.1,0.0,19.945
1991-03-12,23.9,6.1,0.0,22.34638888888889
1991-03-13,23.3,15.6,1.0,23.276111111111106
1991-03-14,27.8,16.7,0.0,27.49281419379563
1991-03-15,21.1,13.3,3.6,23.59277777777777
1991-03-16,16.7,13.9,11.9,16.816111111111113
1991-03-17,19.4,16.1,41.7,19.08694444444444
1991-03-18,25.6,18.3,42.7,25.873888888888885
1991-03-19,25.6,12.2,0.0,24.59111111111112
1991-03-20,25.0,11.1,0.0,24.669444444444444
1991-03-21,28.3,15.6,0.0,27.23515810385777
1991-03-22,29.4,16.7,0.0,29.682065621315626
1991-03-23,29.4,16.7,0.0,28.696246040435614
1991-03-24,28.3,19.4,0.0,28.89326381961784
1991-03-25,28.9,16.1,0.0,27.71250268391774
1991-03-26,28.3,15.0,0.0,28.007127103084443
1991-03-27,30.6,17.8,0.0,29.576440311111114
1991-03-28,30.6,17.8,0.0,29.56310813900446
1991-03-29,31.7,21.1,0.0,32.023305295084555
1991-03-30,25.0,18.3,8.6,28.76327423575113
1991-03-31,19.4,15.6,19.8,20.832777777777775
1991-04-01,24.4,12.8,0.0,23.080277777777777
1991-04-02,24.4,12.2,0.0,24.15694444444445
1991-04-03,25.6,16.1,0.0,25.41694444444444
1991-04-04,26.7,18.9,0.3,25.061111111111114
1991-04-05,27.2,18.9,5.6,28.957169045315645
1991-04-06,29.4,18.9,29.7,28.499177144657796
1991-04-07,28.3,19.4,0.0,29.543688464791305
1991-04-08,30.0,21.1,0.0,30.159277208915682
1991-04-09,29.4,19.4,0.3,30.6159912848178
1991-04-10,30.6,18.3,0.5,28.925280710631114
1991-04-11,30.0,18.9,0.0,30.316243944444384
1991-04-12,28.9,20.6,0.0,29.083513312415594
1991-04-13,29.4,19.4,0.0,29.10017681673787
1991-04-14,29.4,19.4,2.0,30.194046724604465
1991-04-15,30.0,20.0,0.0,30.454350755555513
1991-04-16,31.1,22.2,0.0,32.39278539805116
1991-04-17,27.2,20.6,21.6,28.751274357351114
1991-04-18,29.4,20.0,0.0,29.336038526595594
1991-04-19,28.9,20.0,0.0,28.76327423575113
1991-04-20,28.9,18.9,29.5,27.624331573457855
1991-04-21,25.0,18.9,0.0,24.956666666666663
1991-04-22,28.3,16.1,0.0,27.78952527557118
1991-04-23,23.3,18.9,95.3,26.611111111111114
1991-04-24,31.1,21.7,0.0,34.80727677236455
1991-04-25,27.8,20.0,11.4,31.900241944515585
1991-04-26,31.1,20.6,0.0,31.900241944515585
1991-04-27,32.8,21.1,0.0,35.616047560835526
1991-04-28,32.8,23.9,0.0,34.73444154748442
1991-04-29,33.3,23.9,0.0,36.60358037643559
1991-04-30,32.8,23.9,0.0,35.24517878083567
1991-05-01,32.2,21.7,3.6,34.7744635280245
1991-05-02,32.8,20.6,0.0,33.379843183571246
1991-05-03,31.7,19.4,0.0,31.617318406151192
1991-05-04,31.7,20.0,0.0,32.023305295084555
1991-05-05,31.1,20.6,0.0,32.39278539805116
1991-05-06,32.2,21.1,0.8,32.94917448145782
1991-05-07,31.1,21.7,0.0,32.930913029315576
1991-05-08,30.6,21.7,0.0,31.96842908860448
1991-05-09,30.0,21.1,0.0,32.930913029315576
1991-05-10,31.1,22.8,0.0,32.39278539805116
1991-05-11,30.6,20.0,0.0,31.96842908860448
1991-05-12,30.6,19.4,0.0,31.043001335615575
1991-05-13,30.6,20.6,7.6,31.557488575164523
1991-05-14,30.6,21.7,0.3,32.53139821281776
1991-05-15,32.2,22.2,16.5,33.820934725784504
1991-05-16,33.9,20.0,49.3,36.32746605479784
1991-05-17,32.2,21.7,0.0,34.48873600083557
1991-05-18,31.1,22.2,3.8,33.34978949943118
1991-05-19,30.6,22.8,2.5,31.648926787671186
1991-05-20,30.0,22.2,31.0,32.78368005370444
1991-05-21,29.4,22.8,2.5,31.900241944515585
1991-05-22,31.1,25.6,0.0,33.6296077330646
1991-05-23,27.2,23.9,14.7,29.878027129724483
1991-05-24,28.9,23.3,33.5,32.876041529064565
1991-05-25,31.7,23.3,0.0,33.19595416537561
1991-05-26,32.2,22.8,30.5,36.67203977659556
1991-05-27,31.1,23.9,29.7,34.80727677236455
1991-05-28,31.7,23.3,0.5,34.28580817393564
1991-05-29,32.8,22.8,0.0,33.89808742945776
1991-05-30,33.3,22.8,14.0,37.51950270193562
1991-05-31,31.1,21.7,0.0,33.6296077330646
1991-06-01,30.6,21.1,0.8,33.34978949943118
1991-06-02,30.6,22.8,0.0,33.03359425555552
1991-06-03,31.7,23.9,0.0,34.7744635280245
1991-06-04,33.3,24.4,0.0,37.20667336761786
1991-06-05,32.2,21.7,18.0,34.48873600083557
1991-06-06,25.0,22.2,7.4,30.284278656195674
1991-06-07,28.9,21.1,2.8,31.326208967884572
1991-06-08,31.1,22.2,0.0,31.5090838789956
1991-06-09,31.1,21.7,0.0,31.348378167197765
1991-06-10,31.1,22.2,0.0,31.043001335615575
1991-06-11,31.7,22.2,0.0,32.023305295084555
1991-06-12,32.2,21.1,0.0,31.96842908860448
1991-06-13,32.8,21.1,0.0,32.02327019841567
1991-06-14,33.3,23.3,0.0,35.781684200924495
1991-06-15,33.9,23.9,3.3,35.616047560835526
1991-06-16,33.3,24.4,0.0,35.75535508329567
1991-06-17,33.9,24.4,4.6,37.84634757387565
1991-06-18,32.8,24.4,14.2,35.616047560835526
1991-06-19,31.7,24.4,2.3,35.31575843611568
1991-06-20,33.9,23.3,0.0,37.51950270193562
1991-06-21,32.8,23.9,8.9,36.67203977659556
1991-06-22,32.8,24.4,1.5,37.05415802092446
1991-06-23,33.9,25.0,7.6,38.85491958937559
1991-06-24,33.9,23.9,6.4,36.91070788641558
1991-06-25,32.2,23.9,39.4,35.24517878083567
1991-06-26,34.4,20.6,32.5,36.100147751724435
1991-06-27,33.9,21.1,2.3,36.91070788641558
1991-06-28,34.4,25.0,0.0,36.98420724259553
1991-06-29,32.2,25.6,0.0,38.18538774865792
1991-06-30,31.7,25.0,0.0,35.55203763279115
1991-07-01,30.6,23.9,6.4,33.34978949943118
1991-07-02,34.4,24.4,14.2,38.58431805415117
1991-07-03,33.3,25.6,7.6,37.67863462375107
1991-07-04,32.8,26.1,20.3,37.67863462375107
1991-07-05,33.3,23.9,11.4,37.51950270193562
1991-07-06,33.3,23.3,0.0,36.100147751724435
1991-07-07,35.6,23.9,0.0,38.9300934206755
1991-07-08,35.0,24.4,0.0,37.21635105555562
1991-07-09,33.3,25.6,2.8,36.60358037643559
1991-07-10,31.1,24.4,2.0,35.845619555884504
1991-07-11,33.3,24.4,7.6,35.75535508329567
1991-07-12,30.6,23.3,17.3,37.1085157343645
1991-07-13,25.6,21.7,104.4,29.011609843635508
1991-07-14,32.2,23.3,0.8,36.343957807751195
1991-07-15,33.3,21.7,11.4,36.931999601315574
1991-07-16,32.8,23.3,13.2,36.45781422883556
1991-07-17,33.9,22.8,8.4,37.51950270193562
1991-07-18,33.9,23.9,0.0,37.05415802092446
1991-07-19,33.3,25.6,1.8,37.20667336761786
1991-07-20,30.6,25.0,1.0,34.722588831484536
1991-07-21,33.3,25.0,0.0,37.20667336761786
1991-07-22,33.9,25.6,0.0,38.17443465370449
1991-07-23,33.3,24.4,0.0,38.16772704802459
1991-07-24,33.3,22.8,28.2,37.67863462375107
1991-07-25,33.3,23.9,1.8,37.20667336761786
1991-07-26,32.2,23.3,0.0,34.7744635280245
1991-07-27,32.2,23.9,2.0,35.24517878083567
1991-07-28,32.8,23.3,2.8,36.343957807751195
1991-07-29,33.3,23.3,3.0,38.33124403731548
1991-07-30,32.2,23.9,0.0,35.31575843611568
1991-07-31,31.7,23.3,5.3,37.267713707404496
1991-08-01,30.0,23.9,6.4,33.25453213293112
1991-08-02,33.9,23.3,2.5,37.51950270193562
1991-08-03,33.9,23.9,3.6,38.58431805415117
1991-08-04,34.4,25.0,0.0,38.58431805415117
1991-08-05,31.1,26.1,0.0,35.889603247484416
1991-08-06,34.4,25.6,0.0,37.91852052531555
1991-08-07,33.9,25.0,0.0,38.16772704802459
1991-08-08,35.6,24.4,0.0,38.17443465370449
1991-08-09,34.4,25.0,18.3,38.9300934206755
1991-08-10,34.4,25.0,9.1,38.16772704802459
1991-08-11,34.4,23.9,1.8,39.181918055555634
1991-08-12,35.0,25.0,14.7,37.83491347777776
1991-08-13,33.3,25.0,0.0,38.846038964051104
1991-08-14,33.3,24.4,0.0,36.68049771557119
1991-08-15,32.2,24.4,28.4,34.48873600083557
1991-08-16,32.8,23.3,0.0,35.889603247484416
1991-08-17,34.4,23.9,0.0,36.45781422883556
1991-08-18,31.7,26.1,1.0,35.55203763279115
1991-08-19,32.2,23.9,0.0,36.931999601315574
1991-08-20,26.1,23.3,2.8,38.33124403731548
1991-08-21,33.3,23.3,0.0,41.22300979895104
1991-08-22,31.1,23.9,0.0,35.31575843611568
1991-08-23,31.1,24.4,0.5,34.80727677236455
1991-08-24,31.1,23.9,15.2,35.31575843611568
1991-08-25,32.8,22.8,39.4,35.845619555884504
1991-08-26,33.3,22.8,0.0,37.05415802092446
1991-08-27,32.8,23.9,0.8,36.100147751724435
1991-08-28,31.1,24.4,0.0,35.21891191607106
1991-08-29,32.8,23.9,1.0,34.80727677236455
1991-08-30,32.8,23.9,1.3,35.286900788051064
1991-08-31,32.8,22.8,34.3,35.24517878083567
1991-09-01,33.9,24.4,0.0,36.60358037643559
1991-09-02,31.7,25.0,0.0,36.100147751724435
1991-09-03,31.7,23.9,4.6,35.889603247484416
1991-09-04,33.9,25.6,0.3,38.17443465370449
1991-09-05,33.3,25.0,0.0,37.67863462375107
1991-09-06,34.4,26.1,0.0,39.64739735793769
1991-09-07,33.9,23.3,6.4,38.85491958937559
1991-09-08,31.1,23.3,1.8,33.34978949943118
1991-09-09,31.7,22.8,1.8,34.73444154748442
1991-09-10,31.7,22.8,0.0,35.31575843611568
1991-09-11,32.8,24.4,0.0,35.09003579559113
1991-09-12,33.3,24.4,0.0,35.75535508329567
1991-09-13,33.9,24.4,0.0,36.343957807751195
1991-09-14,33.9,24.4,0.0,35.616047560835526
1991-09-15,34.4,24.4,0.0,37.20667336761786
1991-09-16,32.8,23.9,0.0,37.21448419023117
1991-09-17,33.3,25.0,0.0,35.22748101695786
1991-09-18,31.7,23.3,0.5,41.24134715060444
1991-09-19,34.4,22.8,0.0,37.05415802092446
1991-09-20,33.9,24.4,37.8,36.32746605479784
1991-09-21,31.7,22.8,0.0,36.100147751724435
1991-09-22,28.9,23.9,37.8,33.84550669876458
1991-09-23,32.8,23.3,0.0,34.7744635280245
1991-09-24,32.8,22.8,0.0,35.616047560835526
1991-09-25,31.7,25.0,13.2,36.67203977659556
1991-09-26,28.9,20.6,0.0,30.403401525635665
1991-09-27,30.6,20.0,0.0,30.406492212515545
1991-09-28,31.1,22.8,0.0,33.34978949943118
1991-09-29,29.4,22.2,8.4,32.50994487721565
1991-09-30,27.8,22.2,2.5,31.20833997777773
1991-10-01,27.2,23.3,12.7,26.58166666666667
1991-10-02,30.6,23.3,3.0,35.21891191607106
1991-10-03,31.1,22.8,39.1,34.722588831484536
1991-10-04,32.2,22.2,0.0,34.722588831484536
1991-10-05,32.8,23.9,7.1,37.05415802092446
1991-10-06,30.6,20.0,11.7,33.03359425555552
1991-10-07,26.7,17.8,0.0,27.592192616015534
1991-10-08,27.8,19.4,0.0,28.146045184835597
1991-10-09,29.4,21.7,0.0,30.6159912848178
1991-10-10,30.0,21.1,0.0,31.557488575164523
1991-10-11,29.4,19.4,0.0,29.336038526595594
1991-10-12,29.4,18.3,0.0,29.02254748851555
1991-10-13,30.6,16.1,0.0,30.680156280497766
1991-10-14,29.4,21.1,0.0,30.194046724604465
1991-10-15,27.8,20.0,35.6,29.926185775235595
1991-10-16,23.9,15.6,0.0,24.104722222222218
1991-10-17,25.6,10.0,0.0,25.43
1991-10-18,27.8,18.3,0.0,27.763646131857854
1991-10-19,28.9,17.8,0.0,29.41421488587567
1991-10-20,29.4,18.9,0.0,29.930825938151138
1991-10-21,29.4,21.7,0.0,31.229195675431228
1991-10-22,31.1,22.2,0.0,31.846529894604444
1991-10-23,31.1,23.3,0.0,32.930913029315576
1991-10-24,29.4,21.1,2.5,31.258456716495616
1991-10-25,29.4,21.7,0.0,32.39278539805116
1991-10-26,28.9,21.7,8.9,31.557488575164523
1991-10-27,29.4,20.6,0.0,30.194046724604465
1991-10-28,30.6,21.1,0.0,32.33789784339563
1991-10-29,27.8,19.4,0.3,29.930825938151138
1991-10-30,27.8,17.8,0.0,27.763646131857854
1991-10-31,26.7,14.4,0.0,26.986454903191134
1991-11-01,27.2,15.0,0.0,27.763646131857854
1991-11-02,27.8,20.0,0.0,29.15886103361784
1991-11-03,23.9,17.2,0.0,25.309166666666666
1991-11-04,17.8,12.2,0.0,17.44888888888889
1991-11-05,17.8,9.4,0.0,16.4375
1991-11-06,26.7,12.8,0.0,24.45722222222222
1991-11-07,25.0,15.6,0.0,25.008888888888894
1991-11-08,23.3,13.9,0.0,22.988888888888887
1991-11-09,15.0,8.3,3.3,16.32
1991-11-10,18.3,6.7,0.0,17.79111111111111
1991-11-11,21.7,7.8,0.0,21.664166666666663
1991-11-12,24.4,8.3,0.0,23.48833333333333
1991-11-13,22.8,8.9,0.0,21.859999999999992
1991-11-14,25.6,12.2,0.0,26.57194444444444
1991-11-15,28.3,15.0,0.0,27.910757868995592
1991-11-16,24.4,18.3,0.0,24.5225
1991-11-17,27.2,17.8,0.0,28.146045184835597
1991-11-18,26.7,17.2,0.0,27.592192616015534
1991-11-19,27.8,20.0,0.0,28.601447857571216
1991-11-20,25.6,19.4,0.0,25.808611111111112
1991-11-21,28.3,17.8,0.0,28.39887615283563
1991-11-22,28.9,18.9,0.0,28.577176604924507
1991-11-23,26.7,17.2,2.8,26.333611111111118
1991-11-24,19.4,9.4,0.0,24.5225
1991-11-25,14.4,6.1,0.0,13.69611111111111
1991-11-26,17.8,7.2,0.0,17.200833333333335
1991-11-27,25.0,11.1,0.0,24.37888888888889
1991-11-28,26.7,15.0,0.0,27.416236963591118
1991-11-29,27.2,17.8,0.8,29.31698503179564
1991-11-30,29.4,21.1,0.0,30.915363245315625
1991-12-01,28.3,20.6,0.0,30.026780984595675
1991-12-02,29.4,22.2,0.0,31.015885100115636
1991-12-03,29.4,18.3,1.3,30.915363245315625
1991-12-04,17.2,8.9,3.0,26.333611111111118
1991-12-05,21.7,5.0,0.0,21.426388888888887
1991-12-06,24.4,11.7,0.0,24.23527777777778
1991-12-07,25.6,14.4,0.0,25.45611111111111
1991-12-08,26.7,15.6,0.0,26.637222222222224
1991-12-09,26.7,16.7,0.0,27.08954415243555
1991-12-10,27.2,16.7,0.0,28.030491895751087
1991-12-11,27.2,15.0,0.0,27.360965654024444
1991-12-12,25.6,18.3,0.5,25.834722222222222
1991-12-13,28.3,16.7,0.0,28.39887615283563
1991-12-14,28.9,18.3,0.0,29.10017681673787
1991-12-15,20.6,11.1,0.0,24.54861111111111
1991-12-16,17.2,8.3,0.0,15.850000000000001
1991-12-17,21.1,8.3,0.0,20.95305555555556
1991-12-18,22.2,8.9,0.0,20.75722222222222
1991-12-19,19.4,7.8,0.0,18.486388888888886
1991-12-20,21.7,15.0,0.0,22.05583333333332
1991-12-21,23.3,13.3,0.0,23.14555555555555
1991-12-22,24.4,11.1,0.0,24.23527777777778
1991-12-23,24.4,10.0,0.0,24.865277777777774
1991-12-24,24.4,15.0,0.0,24.405
1991-12-25,23.9,10.6,0.0,25.34833333333334
1991-12-26,24.4,14.4,1.3,24.5225
1991-12-27,27.2,17.2,0.0,27.676087608817763
1991-12-28,24.4,17.2,0.0,24.57472222222222
1991-12-29,20.6,14.4,0.0,21.804999999999996
1991-12-30,17.2,10.0,0.0,17.56638888888889
1991-12-31,10.6,10.6,0.0,19.311666666666664
1992-01-01,21.1,16.7,0.3,21.175000000000004
1992-01-02,22.8,16.1,2.3,22.19944444444444
1992-01-03,20.6,9.4,0.0,21.01833333333333
1992-01-04,16.7,9.4,0.0,16.16333333333333
1992-01-05,20.0,10.0,0.0,19.6675
1992-01-06,22.8,12.8,0.0,22.568333333333342
1992-01-07,22.2,6.1,0.0,21.15222222222222
1992-01-08,24.4,7.8,0.0,24.300555555555555
1992-01-09,26.7,12.8,0.0,26.558888888888895
1992-01-10,24.4,8.9,0.0,24.37888888888889
1992-01-11,17.2,6.1,0.0,19.61527777777778
1992-01-12,25.0,10.0,0.0,24.786944444444444
1992-01-13,27.8,14.4,0.0,28.39887615283563
1992-01-14,22.2,11.1,13.7,23.984444444444442
1992-01-15,11.7,6.1,0.0,13.957222222222224
1992-01-16,12.8,4.4,0.0,12.253888888888886
1992-01-17,17.2,0.6,0.0,15.745555555555553
1992-01-18,21.7,7.2,0.0,20.470000000000002
1992-01-19,16.7,11.7,7.6,16.737777777777776
1992-01-20,16.1,7.8,0.0,15.337500000000002
1992-01-21,21.7,3.3,0.0,20.483055555555566
1992-01-22,25.0,5.0,0.0,25.39083333333333
1992-01-23,25.6,17.8,9.4,25.74333333333333
1992-01-24,18.9,8.9,0.0,19.572777777777773
1992-01-25,18.9,3.9,0.0,17.240000000000006
1992-01-26,20.0,5.6,0.0,19.393333333333334
1992-01-27,23.3,11.7,0.3,23.171666666666667
1992-01-28,21.1,17.2,0.8,21.396944444444443
1992-01-29,22.2,16.1,0.0,22.525833333333324
1992-01-30,27.8,15.6,0.0,27.47501360605107
1992-01-31,20.0,12.8,0.0,23.45888888888889
1992-02-01,20.0,11.1,0.0,19.458611111111107
1992-02-02,19.4,7.2,0.0,18.434166666666666
1992-02-03,21.7,10.0,0.0,21.256666666666668
1992-02-04,24.4,9.4,0.0,24.130833333333335
1992-02-05,23.3,14.4,34.5,23.354444444444443
1992-02-06,21.1,9.4,0.0,21.201111111111114
1992-02-07,17.8,7.8,0.0,16.346111111111114
1992-02-08,18.3,8.9,0.0,17.67361111111111
1992-02-09,17.8,5.6,0.0,17.213888888888892
1992-02-10,22.8,11.1,0.0,22.46388888888889
1992-02-11,22.2,10.0,0.0,19.680555555555557
1992-02-12,21.1,10.6,0.0,20.84861111111111
1992-02-13,22.2,11.7,0.0,21.96444444444444
1992-02-14,25.6,12.2,0.0,25.45611111111111
1992-02-15,28.9,16.1,0.0,27.987237679591207
1992-02-16,25.0,17.2,0.0,25.113333333333337
1992-02-17,29.4,16.7,0.0,27.763646131857854
1992-02-18,26.1,17.2,0.0,26.190000000000005
1992-02-19,25.0,19.4,0.0,25.178611111111113
1992-02-20,22.8,12.8,0.0,22.26472222222221
1992-02-21,23.3,12.8,0.0,23.184722222222216
1992-02-22,23.9,18.3,0.5,24.049722222222226
1992-02-23,27.2,19.4,1.3,28.181459693315517
1992-02-24,26.7,19.4,8.9,27.47501360605107
1992-02-25,25.6,19.4,16.3,24.679166666666667
1992-02-26,24.4,15.6,0.0,23.775555555555552
1992-02-27,20.0,12.8,0.0,19.602222222222217
1992-02-28,21.1,10.6,0.0,20.639722222222222
1992-02-29,24.4,11.1,0.0,24.104722222222218
1992-03-01,26.7,11.1,0.0,25.273333333333326
1992-03-02,26.7,13.3,0.0,26.45444444444444
1992-03-03,27.8,13.9,0.0,25.90277777777778
1992-03-04,25.6,16.1,0.0,25.586666666666662
1992-03-05,27.8,18.9,0.0,27.065915636284476
1992-03-06,30.0,18.9,0.0,28.39887615283563
1992-03-07,28.3,17.8,0.0,26.37277777777778
1992-03-08,29.4,16.1,0.0,26.762939877617825
1992-03-09,28.3,15.6,0.0,27.78952527557118
1992-03-10,29.4,16.7,6.6,29.02254748851555
1992-03-11,16.7,11.1,0.5,26.24222222222223
1992-03-12,12.8,7.2,0.5,12.094444444444441
1992-03-13,20.6,8.3,0.0,20.23222222222222
1992-03-14,19.4,10.6,0.0,17.67361111111111
1992-03-15,25.0,11.7,0.0,24.747777777777774
1992-03-16,17.8,10.0,0.0,20.783333333333342
1992-03-17,25.0,7.8,0.0,23.54055555555555
1992-03-18,26.7,12.8,0.0,26.53277777777778
1992-03-19,29.4,18.9,1.0,29.930825938151138
1992-03-20,22.8,13.9,0.0,24.405
1992-03-21,21.1,10.0,0.0,20.522222222222222
1992-03-22,22.2,14.4,2.8,22.02972222222221
1992-03-23,27.2,16.1,0.5,27.8139038595378
1992-03-24,23.3,10.6,0.0,23.171666666666667
1992-03-25,23.9,13.3,81.0,23.775555555555552
1992-03-26,25.0,13.9,0.0,24.799999999999997
1992-03-27,26.1,12.2,0.0,25.85055555555556
1992-03-28,23.3,14.4,0.0,22.806111111111104
1992-03-29,24.4,12.2,0.0,24.248333333333335
1992-03-30,28.3,15.6,0.3,27.557598236284473
1992-03-31,26.1,15.6,0.0,25.94194444444445
1992-04-01,24.4,12.8,0.0,24.15694444444445
1992-04-02,24.4,13.9,0.0,23.014999999999997
1992-04-03,17.8,8.3,0.0,20.73111111111111
1992-04-04,22.2,8.9,0.0,21.638055555555553
1992-04-05,22.2,11.7,0.0,21.873055555555553
1992-04-06,22.8,13.3,0.0,22.54222222222223
1992-04-07,25.0,17.2,5.3,24.956666666666663
1992-04-08,27.8,18.3,0.0,27.987237679591207
1992-04-09,28.3,16.1,0.0,29.697203661351164
1992-04-10,29.4,19.4,8.4,29.336038526595594
1992-04-11,28.9,18.9,130.3,29.65017504153784
1992-04-12,25.6,17.8,14.2,25.691111111111113
1992-04-13,25.6,17.8,0.5,25.665000000000003
1992-04-14,25.0,18.3,0.8,24.982777777777773
1992-04-15,26.1,16.1,0.0,26.08555555555556
1992-04-16,26.7,16.1,0.0,27.23515810385777
1992-04-17,26.1,17.2,0.0,26.059444444444452
1992-04-18,28.3,17.2,0.0,28.007127103084443
1992-04-19,27.2,18.9,7.6,27.8139038595378
1992-04-20,30.6,17.8,6.1,32.6347006444444
1992-04-21,26.7,19.4,55.9,25.34833333333334
1992-04-22,30.0,20.6,0.0,30.743255411111097
1992-04-23,28.3,21.1,2.0,29.66075088801562
1992-04-24,28.9,21.7,0.0,29.543688464791305
1992-04-25,30.0,19.4,0.0,31.20833997777773
1992-04-26,24.4,17.2,0.0,26.307500000000005
1992-04-27,20.0,12.2,0.0,20.75722222222222
1992-04-28,19.4,13.3,0.0,18.776388888888896
1992-04-29,24.4,11.1,0.0,23.948055555555563
1992-04-30,24.4,11.7,0.0,22.910555555555558
1992-05-01,28.9,15.0,0.0,27.790741763971212
1992-05-02,28.9,16.7,0.0,27.97271591321781
1992-05-03,30.6,15.6,0.0,28.493173582275574
1992-05-04,28.9,19.4,0.0,28.89326381961784
1992-05-05,30.0,17.2,0.0,28.1825764545045
1992-05-06,30.6,17.8,0.0,29.099616077564477
1992-05-07,18.9,13.9,8.1,26.858671178435525
1992-05-08,22.8,10.6,0.0,22.49
1992-05-09,26.7,14.4,0.0,26.57194444444444
1992-05-10,28.9,15.6,0.0,27.656826412984522
1992-05-11,30.0,16.1,0.0,28.655171081404482
1992-05-12,29.4,18.3,0.0,28.655171081404482
1992-05-13,29.4,18.9,0.0,29.02254748851555
1992-05-14,27.8,19.4,8.4,28.312649868817804
1992-05-15,30.6,20.6,0.0,31.539548077777795
1992-05-16,30.0,20.6,0.0,31.5090838789956
1992-05-17,30.0,21.1,0.3,31.20833997777773
1992-05-18,29.4,21.1,0.0,30.194046724604465
1992-05-19,29.4,20.6,0.0,30.331079793937747
1992-05-20,29.4,18.3,0.0,30.316243944444384
1992-05-21,28.9,20.6,0.0,29.898529149217854
1992-05-22,29.4,20.0,1.3,29.56310813900446
1992-05-23,30.6,20.6,0.0,29.917249037404456
1992-05-24,31.7,18.9,0.0,29.87279721940449
1992-05-25,32.2,19.4,0.0,31.167626144195612
1992-05-26,32.2,18.3,0.0,32.56727818179556
1992-05-27,30.0,21.1,2.3,31.229195675431228
1992-05-28,30.6,21.1,0.5,31.617318406151192
1992-05-29,32.2,20.0,8.4,32.94917448145782
1992-05-30,32.8,21.1,1.0,34.32017456463127
1992-05-31,32.8,21.1,0.0,33.07112638487102
1992-06-01,31.7,22.8,0.0,32.25745578348452
1992-06-02,32.8,22.2,13.5,34.7744635280245
1992-06-03,28.9,21.7,37.6,30.78902595639117
1992-06-04,31.7,22.8,0.0,35.55203763279115
1992-06-05,31.7,23.3,2.0,35.31575843611568
1992-06-06,30.6,22.8,2.8,35.21891191607106
1992-06-07,33.3,22.2,6.9,37.20667336761786
1992-06-08,31.7,23.3,5.6,34.32017456463127
1992-06-09,32.8,23.3,20.8,35.889603247484416
1992-06-10,33.3,23.3,6.1,37.51950270193562
1992-06-11,33.9,25.0,2.0,36.931999601315574
1992-06-12,33.3,23.9,15.5,37.51950270193562
1992-06-13,31.1,23.3,9.7,34.722588831484536
1992-06-14,32.2,22.8,1.8,34.28580817393564
1992-06-15,31.7,22.2,6.4,33.6296077330646
1992-06-16,33.3,21.1,0.0,34.48873600083557
1992-06-17,32.2,23.3,5.6,35.781684200924495
1992-06-18,31.7,23.9,4.3,34.7744635280245
1992-06-19,33.3,22.8,3.8,34.016651047591154
1992-06-20,32.8,23.9,19.1,35.781684200924495
1992-06-21,34.4,22.8,7.1,36.931999601315574
1992-06-22,33.3,25.0,0.0,37.05415802092446
1992-06-23,32.8,22.8,1.0,36.83724503482447
1992-06-24,27.2,22.8,0.3,30.532753716924603
1992-06-25,31.6,22.7,1.0,35.879383497564554
1992-06-26,31.1,22.8,5.3,36.83391274444452
1992-06-27,29.4,23.3,14.0,34.04386637036451
1992-06-28,27.2,23.3,14.2,30.084231424035554
1992-06-29,28.8,23.8,1.5,33.017220703591164
1992-06-30,32.2,23.8,12.7,37.235683568124536
1992-07-01,34.4,23.3,0.0,38.288741326417735
1992-07-02,34.4,25.0,0.0,37.91852052531555
1992-07-03,34.4,25.5,0.0,37.28706060209775
1992-07-04,35.0,26.6,0.0,37.83491347777776
1992-07-05,36.1,25.0,0.0,37.21635105555562
1992-07-06,35.0,25.5,0.0,38.15792965555557
1992-07-07,35.0,24.4,2.5,38.15792965555557
1992-07-08,34.4,25.0,0.0,37.91852052531555
1992-07-09,35.0,25.5,0.0,38.24712708903112
1992-07-10,35.0,25.0,0.0,38.288741326417735
1992-07-11,34.4,24.4,0.0,38.288741326417735
1992-07-12,34.4,23.9,0.0,35.22748101695786
1992-07-13,33.9,23.3,3.0,36.343957807751195
1992-07-14,33.8,22.2,39.4,37.31990941927126
1992-07-15,34.4,22.8,0.0,36.343957807751195
1992-07-16,33.8,23.3,1.0,36.396860131671104
1992-07-17,32.2,24.4,3.3,35.081508328871045
1992-07-18,32.7,23.8,0.0,36.251057508735634
1992-07-19,32.8,22.8,2.3,33.85445181291555
1992-07-20,31.1,23.3,0.8,34.80727677236455
1992-07-21,32.2,24.4,0.0,35.781684200924495
1992-07-22,33.3,23.9,0.0,35.781684200924495
1992-07-23,32.7,24.4,0.5,36.343957807751195
1992-07-24,33.3,23.9,2.5,36.83724503482447
1992-07-25,33.8,23.8,0.0,35.86532957971556
1992-07-26,34.4,25.0,0.0,36.40425372780442
1992-07-27,34.4,25.0,0.0,36.40425372780442
1992-07-28,35.5,25.0,0.0,36.94399968594446
1992-07-29,35.6,22.8,0.0,37.84361964911116
1992-07-30,33.8,25.0,0.0,36.60358037643559
1992-07-31,34.4,25.0,10.7,37.28706060209775
1992-08-01,34.4,24.4,3.3,38.9300934206755
1992-08-02,35.0,23.3,5.6,38.15792965555557
1992-08-03,33.9,22.2,12.2,36.901365925784546
1992-08-04,33.3,22.2,1.3,34.57882021276444
1992-08-05,31.6,23.3,0.0,35.081508328871045
1992-08-06,32.7,23.3,1.5,35.42378898123564
1992-08-07,31.6,23.3,0.0,35.31575843611568
1992-08-08,31.6,22.7,12.4,36.72987025969787
1992-08-09,33.3,22.2,25.4,35.24517878083567
1992-08-10,31.6,22.2,0.0,35.081508328871045
1992-08-11,32.8,22.8,1.3,35.24018513261102
1992-08-12,31.1,21.1,35.6,33.59052070244432
1992-08-13,33.3,22.7,3.0,38.16772704802459
1992-08-14,32.7,23.8,4.3,37.4511727004512
1992-08-15,31.6,23.8,0.0,35.60757937539554
1992-08-16,32.2,22.8,0.0,35.31575843611568
1992-08-17,32.7,23.3,54.1,36.83724503482447
1992-08-18,33.9,22.8,24.4,35.781684200924495
1992-08-19,32.7,23.8,0.3,37.4511727004512
1992-08-20,34.4,22.8,6.4,35.69261012218454
1992-08-21,32.7,22.7,3.0,37.4511727004512
1992-08-22,32.8,22.8,0.0,35.879383497564554
1992-08-23,30.5,25.5,2.8,36.287110577055415
1992-08-24,32.2,25.5,1.3,36.343957807751195
1992-08-25,32.2,25.0,0.0,37.235683568124536
1992-08-26,31.6,24.4,0.0,34.57882021276444
1992-08-27,32.2,23.3,0.0,34.80727677236455
1992-08-28,31.7,23.3,1.3,35.75416966794443
1992-08-29,29.4,22.2,4.6,32.35495978132455
1992-08-30,30.5,22.2,0.0,33.161839849111075
1992-08-31,33.3,22.2,0.0,35.24517878083567
1992-09-01,33.3,22.8,3.6,36.343957807751195
1992-09-02,33.3,23.3,0.0,35.781684200924495
1992-09-03,30.5,23.3,0.3,34.50475153044439
1992-09-04,31.1,23.8,9.4,35.845619555884504
1992-09-05,33.9,23.9,0.0,35.42378898123564
1992-09-06,32.7,24.4,7.9,36.251057508735634
1992-09-07,32.2,25.0,0.0,35.52997874444458
1992-09-08,32.2,22.8,12.2,33.03359425555552
1992-09-09,31.1,23.3,0.0,33.85445181291555
1992-09-10,32.2,21.7,13.2,34.038157929555396
1992-09-11,33.3,21.7,0.0,35.081508328871045
1992-09-12,31.6,23.8,0.0,35.60757937539554
1992-09-13,31.1,23.8,10.2,33.44940924444435
1992-09-14,30.6,21.7,7.4,34.32017456463127
1992-09-15,34.4,22.8,3.0,36.343957807751195
1992-09-16,32.2,23.3,19.6,35.24018513261102
1992-09-17,32.7,23.8,0.0,35.69261012218454
1992-09-18,31.1,22.8,0.5,33.882145611111156
1992-09-19,32.8,22.2,3.6,34.099515027075626
1992-09-20,33.3,22.8,0.0,37.263807475384425
1992-09-21,32.2,24.4,1.0,36.343957807751195
1992-09-22,33.9,22.8,25.1,36.901365925784546
1992-09-23,31.1,23.3,40.4,35.845619555884504
1992-09-24,30.5,25.0,4.1,35.24018513261102
1992-09-25,30.0,24.4,8.6,34.331803355555614
1992-09-26,30.6,23.9,3.6,35.03801755555546
1992-09-27,31.6,23.8,0.0,34.57882021276444
1992-09-28,28.3,23.8,5.1,32.35495978132455
1992-09-29,27.2,23.3,2.5,30.084231424035554
1992-09-30,28.3,21.7,0.0,29.105816139857836
1992-10-01,27.2,22.2,0.0,27.884784716924493
1992-10-02,23.9,20.0,18.5,24.08833333333334
1992-10-03,26.1,22.2,31.8,29.385531600924462
1992-10-04,28.9,19.4,16.0,33.59052070244432
1992-10-05,26.6,17.7,0.0,26.623611111111114
1992-10-06,24.4,18.8,10.2,24.54861111111111
1992-10-07,28.8,20.0,18.8,31.45986535895108
1992-10-08,31.1,22.2,0.0,33.03359425555552
1992-10-09,30.5,22.7,0.0,32.752115369555526
1992-10-10,28.8,23.8,0.0,32.295115449795645
1992-10-11,25.6,20.6,29.0,25.768888888888892
1992-10-12,25.0,18.3,0.0,24.904444444444447
1992-10-13,26.1,15.5,0.0,26.111666666666668
1992-10-14,27.7,18.3,0.0,28.37011782633774
1992-10-15,29.4,19.4,0.0,30.6159912848178
1992-10-16,30.0,18.3,0.0,29.51946449841784
1992-10-17,30.6,18.9,0.0,28.601447857571216
1992-10-18,28.9,17.8,0.0,29.42909984605113
1992-10-19,25.0,15.0,0.0,25.113333333333337
1992-10-20,26.7,14.4,0.0,26.597499999999993
1992-10-21,27.2,17.2,0.0,27.676087608817763
1992-10-22,27.2,17.2,0.3,28.041252997235524
1992-10-23,22.7,17.7,6.9,22.933333333333334
1992-10-24,25.5,16.1,0.0,25.66444444444444
1992-10-25,27.2,16.7,0.0,26.636666666666667
1992-10-26,27.7,17.7,0.0,28.499177144657796
1992-10-27,27.2,19.4,0.0,28.33768810961774
1992-10-28,28.3,18.8,0.0,29.31698503179564
1992-10-29,29.4,17.8,0.0,30.026780984595675
1992-10-30,28.9,17.8,0.0,29.31698503179564
1992-10-31,28.3,20.0,0.0,29.10017681673787
1992-11-01,28.8,20.0,0.0,30.27919129239121
1992-11-02,30.0,19.4,0.0,31.04908144444437
1992-11-03,30.5,21.1,0.0,32.6347006444444
1992-11-04,30.5,21.6,0.0,35.24018513261102
1992-11-05,31.7,22.2,1.5,35.75416966794443
1992-11-06,22.7,16.1,0.0,24.679166666666667
1992-11-07,17.2,13.3,0.0,18.864444444444448
1992-11-08,20.0,12.7,0.0,20.006944444444443
1992-11-09,25.0,20.5,0.0,25.243888888888886
1992-11-10,26.1,20.0,0.0,26.190000000000005
1992-11-11,28.9,18.3,0.0,30.28317007140459
1992-11-12,29.4,21.7,1.3,31.557488575164523
1992-11-13,25.0,17.7,0.0,25.309166666666666
1992-11-14,21.1,13.3,0.0,21.77833333333333
1992-11-15,21.6,11.1,0.0,21.39972222222222
1992-11-16,23.3,11.6,0.0,23.210833333333326
1992-11-17,22.2,14.4,0.0,22.724444444444444
1992-11-18,25.0,18.3,0.8,25.113333333333337
1992-11-19,26.7,17.8,0.0,28.8226880276156
1992-11-20,26.1,21.1,5.8,26.333611111111118
1992-11-21,27.2,21.7,2.8,28.666465699964647
1992-11-22,27.7,22.2,2.5,30.962878330124468
1992-11-23,30.0,20.6,39.9,32.65017861212461
1992-11-24,29.4,21.6,10.9,33.01526487027556
1992-11-25,30.5,21.6,0.5,34.038157929555396
1992-11-26,28.8,21.6,0.0,31.45986535895108
1992-11-27,24.4,12.8,3.6,26.39888888888889
1992-11-28,15.6,9.4,0.0,15.177500000000002
1992-11-29,16.1,6.7,0.0,15.742222222222226
1992-11-30,18.9,6.1,0.0,17.72583333333333
1992-12-01,17.2,8.8,0.0,16.766666666666666
1992-12-02,21.7,5.6,0.3,20.34916666666667
1992-12-03,20.0,7.2,0.0,18.417777777777776
1992-12-04,23.8,10.5,0.0,23.605277777777772
1992-12-05,22.7,12.7,0.0,22.724444444444444
1992-12-06,23.3,8.9,0.0,22.554722222222225
1992-12-07,25.5,15.0,0.0,25.560000000000006
1992-12-08,19.4,12.2,0.0,21.63472222222222
1992-12-09,23.9,8.3,0.0,23.119444444444444
1992-12-10,23.9,13.3,18.3,23.670555555555556
1992-12-11,16.7,9.4,0.0,16.466388888888886
1992-12-12,13.8,5.5,0.0,13.10527777777778
1992-12-13,19.4,6.6,0.0,19.12888888888889
1992-12-14,21.6,10.0,0.0,21.451944444444436
1992-12-15,23.9,13.3,0.0,23.670555555555556
1992-12-16,24.4,16.1,0.0,23.892500000000002
1992-12-17,26.1,15.0,0.0,26.02027777777778
1992-12-18,26.7,16.1,0.0,24.48333333333333
1992-12-19,26.7,15.6,0.0,25.533888888888896
1992-12-20,25.0,16.1,0.0,25.061111111111114
1992-12-21,25.0,16.6,0.0,24.982777777777773
1992-12-22,27.8,15.0,0.0,27.884784716924493
1992-12-23,26.1,17.2,0.0,26.21611111111112
1992-12-24,25.6,13.9,0.0,23.82722222222223
1992-12-25,24.4,14.4,0.0,24.509444444444448
1992-12-26,26.1,17.2,0.5,23.94472222222223
1992-12-27,23.9,15.0,2.3,24.54861111111111
1992-12-28,15.5,12.7,0.0,20.24194444444444
1992-12-29,18.8,11.6,0.0,19.034166666666675
1992-12-30,21.1,11.7,0.0,18.864444444444448
1992-12-31,25.6,16.1,1.0,24.57472222222222
1993-01-01,26.7,17.8,0.0,26.307500000000005
1993-01-02,25.0,17.2,1.8,25.139444444444447
1993-01-03,25.0,18.9,0.0,25.533888888888896
1993-01-04,25.6,20.0,2.8,26.333611111111118
1993-01-05,28.9,18.3,0.0,30.27919129239121
1993-01-06,26.6,20.0,0.0,28.330734100764637
1993-01-07,27.2,18.8,1.0,28.92591493923561
1993-01-08,28.8,17.7,19.8,30.013970098595514
1993-01-09,22.2,17.2,3.3,22.29083333333332
1993-01-10,23.8,17.2,0.0,23.94472222222223
1993-01-11,27.2,18.3,9.7,28.751274357351114
1993-01-12,28.3,19.4,0.0,29.116357702995465
1993-01-13,27.2,18.9,0.0,26.307500000000005
1993-01-14,21.1,9.4,14.7,25.165555555555557
1993-01-15,23.3,12.2,21.6,20.545
1993-01-16,17.2,9.4,11.4,17.30194444444444
1993-01-17,17.2,8.3,0.0,16.714444444444446
1993-01-18,20.5,10.0,0.0,20.24472222222223
1993-01-19,23.8,13.3,0.0,23.618333333333336
1993-01-20,23.8,14.4,0.0,23.775000000000002
1993-01-21,26.1,15.0,0.0,26.0463888888889
1993-01-22,26.7,16.7,0.0,26.08555555555556
1993-01-23,25.0,16.1,0.0,24.982777777777773
1993-01-24,26.1,16.1,0.0,25.560000000000006
1993-01-25,19.4,15.6,8.9,22.26472222222221
1993-01-26,16.7,6.7,13.5,16.186111111111114
1993-01-27,17.7,5.5,15.7,16.965277777777775
1993-01-28,21.1,3.9,0.0,19.654444444444444
1993-01-29,23.3,9.4,0.0,20.796388888888895
1993-01-30,22.7,13.3,0.0,22.51555555555555
1993-01-31,21.6,10.5,0.0,21.25611111111111
1993-02-01,21.1,10.5,0.0,20.639722222222222
1993-02-02,20.0,8.3,0.0,20.718055555555566
1993-02-03,20.5,7.7,0.0,20.12722222222223
1993-02-04,22.2,11.1,0.0,24.209166666666672
1993-02-05,23.8,13.3,0.0,23.644444444444446
1993-02-06,24.4,11.1,0.3,23.722777777777775
1993-02-07,22.8,15.0,0.0,24.15694444444445
1993-02-08,19.4,10.0,0.0,19.102777777777778
1993-02-09,22.7,9.4,1.3,22.51555555555555
1993-02-10,22.8,13.9,0.0,20.479722222222232
1993-02-11,25.5,12.2,7.6,25.586111111111116
1993-02-12,25.0,15.0,0.0,24.865277777777774
1993-02-13,19.4,11.1,0.0,19.03750000000001
1993-02-14,21.1,9.4,0.0,20.626666666666676
1993-02-15,23.8,8.8,0.0,23.461666666666662
1993-02-16,27.2,13.3,0.0,26.02027777777778
1993-02-17,20.6,12.2,1.8,22.698333333333334
1993-02-18,17.7,9.4,0.0,17.056666666666665
1993-02-19,15.0,2.2,0.0,14.300000000000002
1993-02-20,23.3,7.7,0.0,23.014999999999997
1993-02-21,24.4,10.0,0.0,23.210833333333326
1993-02-22,23.3,16.1,16.5,22.395277777777775
1993-02-23,19.4,10.0,0.0,18.776388888888896
1993-02-24,19.4,6.7,0.0,17.017500000000002
1993-02-25,22.2,8.3,0.0,21.873055555555553
1993-02-26,20.5,15.0,10.2,20.649444444444452
1993-02-27,17.8,7.8,0.0,20.16361111111111
1993-02-28,18.8,6.6,0.0,18.198611111111113
1993-03-01,18.8,8.3,0.0,18.18555555555556
1993-03-02,23.8,8.3,0.0,23.487777777777772
1993-03-03,28.3,15.0,8.9,27.416236963591118
1993-03-04,22.8,13.3,8.1,23.393611111111106
1993-03-05,22.8,10.6,0.0,21.25611111111111
1993-03-06,22.2,9.4,0.0,20.048888888888897
1993-03-07,20.6,12.8,2.5,19.82416666666667
1993-03-08,23.3,10.5,0.0,22.962777777777777
1993-03-09,26.1,13.8,0.0,25.785277777777782
1993-03-10,26.6,12.2,0.0,26.323333333333338
1993-03-11,26.7,11.1,0.0,24.747777777777774
1993-03-12,28.3,15.0,0.0,27.0707745991356
1993-03-13,22.8,4.4,38.6,23.45888888888889
1993-03-14,10.0,0.0,0.0,9.076111111111112
1993-03-15,13.9,1.7,0.0,12.488888888888887
1993-03-16,22.2,8.9,0.0,21.938333333333325
1993-03-17,23.9,15.0,20.8,23.419722222222216
1993-03-18,20.5,13.8,0.3,20.727777777777778
1993-03-19,21.7,15.0,0.3,19.85027777777778
1993-03-20,21.7,15.0,0.3,21.09666666666668
1993-03-21,22.2,15.6,2.0,22.17333333333332
1993-03-22,25.5,15.5,0.0,25.351111111111113
1993-03-23,28.3,17.8,54.6,26.307500000000005
1993-03-24,24.4,17.8,8.9,24.010000000000005
1993-03-25,25.0,17.2,2.0,25.008888888888894
1993-03-26,27.8,17.2,0.0,27.48057455139572
1993-03-27,26.6,15.0,0.0,26.571388888888883
1993-03-28,25.5,11.6,0.0,25.311944444444443
1993-03-29,28.3,12.2,0.0,27.176200201384443
1993-03-30,28.8,15.0,0.0,27.721938942035614
1993-03-31,29.4,17.7,11.7,29.930825938151138
1993-04-01,28.3,17.8,16.0,27.744338156835607
1993-04-02,23.8,14.4,0.0,23.540000000000003
1993-04-03,23.3,10.0,0.0,22.003611111111102
1993-04-04,26.6,13.8,0.0,26.571388888888883
1993-04-05,27.2,16.1,11.2,27.884784716924493
1993-04-06,21.6,12.2,0.0,21.42583333333333
1993-04-07,22.7,10.0,0.0,22.554722222222225
1993-04-08,25.6,13.3,0.0,25.325000000000003
1993-04-09,26.1,16.1,0.0,26.24222222222223
1993-04-10,22.7,13.3,0.0,22.855000000000004
1993-04-11,26.6,13.8,0.0,26.375555555555554
1993-04-12,28.9,12.2,0.0,27.78952527557118
1993-04-13,30.6,13.3,0.0,28.212559992871135
1993-04-14,29.4,15.5,0.0,28.831629050151108
1993-04-15,27.7,18.3,17.8,28.456943940824445
1993-04-16,26.6,15.0,0.3,26.597499999999993
1993-04-17,22.2,12.8,0.0,20.691944444444445
1993-04-18,23.8,13.8,0.0,23.500833333333336
1993-04-19,25.6,12.8,0.0,24.15694444444445
1993-04-20,27.2,14.4,0.0,26.466944444444447
1993-04-21,25.5,17.7,0.0,25.455555555555552
1993-04-22,22.2,11.1,0.0,23.670555555555556
1993-04-23,24.4,10.5,0.0,23.88277777777778
1993-04-24,26.6,12.7,0.0,26.466944444444447
1993-04-25,28.3,17.2,0.0,28.37011782633774
1993-04-26,29.4,18.8,0.0,29.336038526595594
1993-04-27,25.6,15.0,0.0,25.66444444444444
1993-04-28,25.0,15.0,0.0,24.799999999999997
1993-04-29,26.1,14.4,0.0,25.94194444444445
1993-04-30,26.7,13.9,0.0,26.908509560871103
1993-05-01,27.7,15.0,0.0,27.67166112575778
1993-05-02,28.3,17.7,0.0,28.41927290529559
1993-05-03,26.1,18.3,0.0,26.21611111111112
1993-05-04,31.1,19.4,5.8,31.846529894604444
1993-05-05,30.5,19.4,0.0,31.142940337055492
1993-05-06,31.1,20.6,0.0,29.682065621315626
1993-05-07,30.0,19.4,0.0,29.927305577777776
1993-05-08,30.0,18.3,0.0,29.576440311111114
1993-05-09,27.2,18.9,0.0,25.612222222222226
1993-05-10,28.3,16.7,0.0,27.53673211735772
1993-05-11,28.3,17.7,0.0,27.656826412984522
1993-05-12,30.6,19.4,0.0,29.076271755555542
1993-05-13,27.7,21.1,0.0,28.030491895751087
1993-05-14,28.8,20.5,0.0,28.37011782633774
1993-05-15,30.6,16.7,0.0,29.076271755555542
1993-05-16,32.2,18.3,0.0,29.65970892249557
1993-05-17,31.6,18.8,0.0,29.917499334915565
1993-05-18,32.2,22.2,0.0,31.576198403235576
1993-05-19,31.1,18.3,0.0,31.043001335615575
1993-05-20,31.7,18.9,0.0,30.759003960051196
1993-05-21,29.4,17.8,0.0,27.943133147715557
1993-05-22,27.7,17.2,0.0,27.0707745991356
1993-05-23,28.3,16.1,0.0,27.67166112575778
1993-05-24,30.0,16.7,0.0,29.263648144444492
1993-05-25,29.4,17.2,0.0,30.182367477777778
1993-05-26,30.0,18.3,0.0,30.182367477777778
1993-05-27,28.8,20.0,0.0,28.674200447715577
1993-05-28,28.3,21.7,2.0,28.666465699964647
1993-05-29,29.4,21.6,44.2,32.25745578348452
1993-05-30,27.2,21.6,6.9,29.385531600924462
1993-05-31,31.1,22.2,0.0,32.62913009207105
1993-06-01,34.4,21.7,0.0,33.73622197135785
1993-06-02,33.9,22.8,26.2,34.261995594095616
1993-06-03,33.3,22.2,0.0,33.57033428108443
1993-06-04,32.7,22.2,0.0,34.18370879975788
1993-06-05,34.4,21.7,0.0,36.251057508735634
1993-06-06,33.3,23.3,0.0,34.492084111084516
1993-06-07,35.0,25.0,0.0,36.343957807751195
1993-06-08,35.0,25.0,0.0,36.089105944444455
1993-06-09,34.4,23.3,0.0,36.40425372780442
1993-06-10,35.0,22.8,0.0,36.92080481111116
1993-06-11,34.4,23.3,0.0,36.40425372780442
1993-06-12,33.3,23.3,25.1,36.03057495519112
1993-06-13,32.7,23.3,0.0,35.69261012218454
1993-06-14,30.5,22.7,3.3,32.752115369555526
1993-06-15,31.6,23.3,0.5,33.19595416537561
1993-06-16,31.7,22.8,2.5,32.752115369555526
1993-06-17,31.1,21.7,0.0,33.03359425555552
1993-06-18,31.1,20.0,0.0,33.19595416537561
1993-06-19,31.6,22.2,0.0,33.85445181291555
1993-06-20,31.1,21.1,0.3,32.39278539805116
1993-06-21,33.3,22.7,0.0,36.03057495519112
1993-06-22,33.3,22.7,2.8,35.22748101695786
1993-06-23,30.0,22.7,0.0,31.557488575164523
1993-06-24,32.2,22.8,15.2,33.85445181291555
1993-06-25,33.3,21.7,0.5,34.57882021276444
1993-06-26,33.3,22.8,1.8,35.42378898123564
1993-06-27,31.7,21.7,9.9,35.879383497564554
1993-06-28,31.1,22.2,18.3,34.04386637036451
1993-06-29,31.7,23.3,0.5,35.845619555884504
1993-06-30,30.0,22.2,6.6,33.44940924444435
1993-07-01,33.3,22.7,1.5,38.16772704802459
1993-07-02,33.8,22.7,6.4,37.6348463880356
1993-07-03,33.3,22.2,0.0,38.846038964051104
1993-07-04,34.4,25.0,0.0,42.428369782595546
1993-07-05,33.9,23.9,5.1,39.541848642951145
1993-07-06,33.8,23.8,14.0,40.82959411971574
1993-07-07,34.4,23.3,0.0,39.541848642951145
1993-07-08,33.9,22.8,0.8,34.50475153044439
1993-07-09,34.4,23.8,0.0,38.9300934206755
1993-07-10,34.4,23.3,7.6,38.9300934206755
1993-07-11,35.0,23.3,5.1,38.49010247777784
1993-07-12,33.9,22.8,3.8,37.28706060209775
1993-07-13,32.8,23.3,0.0,36.71405648259565
1993-07-14,31.7,22.2,10.2,35.52997874444458
1993-07-15,32.7,22.7,12.2,36.83724503482447
1993-07-16,33.9,22.2,0.5,36.901365925784546
1993-07-17,35.5,23.8,1.0,39.902858058444515
1993-07-18,34.4,25.0,0.0,38.9300934206755
1993-07-19,33.8,25.5,0.0,38.288741326417735
1993-07-20,32.8,25.0,2.5,38.588678564284464
1993-07-21,33.9,24.4,22.9,37.02505731228452
1993-07-22,31.1,24.4,0.0,35.31575843611568
1993-07-23,31.6,25.0,0.0,35.879383497564554
1993-07-24,34.4,23.9,5.1,38.62769929603572
1993-07-25,34.4,23.8,0.0,36.396860131671104
1993-07-26,32.7,25.5,0.0,36.83724503482447
1993-07-27,33.8,25.0,0.3,40.2929255059178
1993-07-28,34.4,23.8,0.0,41.59088422567101
1993-07-29,35.5,25.5,0.0,39.17792696155557
1993-07-30,34.4,26.6,0.0,39.64739735793769
1993-07-31,35.6,22.2,66.0,39.9103602111111
1993-08-01,34.4,24.4,0.0,37.235683568124536
1993-08-02,34.4,25.0,0.0,38.09284050561563
1993-08-03,35.0,25.0,0.8,38.62769929603572
1993-08-04,35.0,24.4,3.8,38.49010247777784
1993-08-05,35.0,26.1,0.0,40.018925928675564
1993-08-06,35.0,25.0,0.0,36.71405648259565
1993-08-07,35.5,25.0,0.0,36.94399968594446
1993-08-08,35.0,22.2,0.0,37.91852052531555
1993-08-09,33.8,24.4,0.0,35.86532957971556
1993-08-10,31.1,23.3,4.6,34.32017456463127
1993-08-11,32.7,23.3,0.0,35.42378898123564
1993-08-12,32.7,23.8,0.0,34.658935767695574
1993-08-13,33.3,23.8,0.0,36.901365925784546
1993-08-14,33.3,24.4,12.2,38.16772704802459
1993-08-15,31.1,24.4,1.5,34.04386637036451
1993-08-16,32.7,25.0,1.0,36.83724503482447
1993-08-17,33.9,23.3,0.0,36.03057495519112
1993-08-18,35.6,21.1,0.0,35.83018627777781
1993-08-19,35.5,25.5,0.0,38.162752117055625
1993-08-20,35.0,24.4,3.3,38.9300934206755
1993-08-21,34.4,23.9,0.8,36.396860131671104
1993-08-22,34.4,23.8,12.2,39.64739735793769
1993-08-23,33.3,23.8,0.0,37.51950270193562
1993-08-24,31.1,24.4,0.0,35.03801755555546
1993-08-25,30.0,22.8,3.6,34.04386637036451
1993-08-26,32.8,21.7,2.3,35.781684200924495
1993-08-27,32.8,22.2,31.0,35.24517878083567
1993-08-28,31.1,22.2,22.6,33.03359425555552
1993-08-29,29.4,22.7,46.2,33.621580418115514
1993-08-30,30.6,21.7,1.5,33.44940924444435
1993-08-31,31.1,22.2,3.8,35.24018513261102
1993-09-01,33.3,22.7,20.8,37.862377641795575
1993-09-02,32.2,22.8,1.3,35.879383497564554
1993-09-03,32.8,22.8,0.0,35.879383497564554
1993-09-04,32.2,23.8,0.0,36.343957807751195
1993-09-05,32.7,23.8,1.3,36.251057508735634
1993-09-06,33.3,22.2,8.1,35.31575843611568
1993-09-07,32.8,21.7,26.2,35.24018513261102
1993-09-08,29.4,22.2,0.8,32.62913009207105
1993-09-09,30.5,23.3,8.1,35.24018513261102
1993-09-10,32.2,23.8,2.5,37.263807475384425
1993-09-11,31.1,21.7,37.3,34.48061279223114
1993-09-12,31.6,21.6,0.0,33.64359277180446
1993-09-13,32.7,24.4,0.0,35.69261012218454
1993-09-14,28.9,22.2,0.0,33.017220703591164
1993-09-15,32.2,22.8,0.0,35.69261012218454
1993-09-16,32.2,23.9,0.0,36.63475768119113
1993-09-17,32.2,23.9,0.0,36.72987025969787
1993-09-18,33.3,23.9,0.0,35.42378898123564
1993-09-19,33.3,23.3,0.0,35.781684200924495
1993-09-20,32.2,22.8,0.0,34.80727677236455
1993-09-21,32.8,22.8,0.0,36.251057508735634
1993-09-22,33.3,22.2,0.0,34.48873600083557
1993-09-23,32.7,24.4,0.0,34.18370879975788
1993-09-24,32.2,22.2,0.0,32.755005308284495
1993-09-25,32.2,22.7,12.7,34.73444154748442
1993-09-26,32.2,23.3,16.0,35.24517878083567
1993-09-27,31.6,22.7,0.0,35.879383497564554
1993-09-28,32.2,22.2,0.8,34.32017456463127
1993-09-29,28.3,21.1,0.0,28.246993170957833
1993-09-30,28.3,20.0,0.0,27.932119356095637
1993-10-01,29.4,17.7,0.0,30.060628772675575
1993-10-02,30.6,20.0,0.0,31.810738305944458
1993-10-03,30.0,20.5,0.0,31.20833997777773
1993-10-04,31.1,20.6,0.0,32.1730718510555
1993-10-05,28.9,21.7,2.0,31.95203121660452
1993-10-06,25.0,21.6,2.5,25.768888888888892
1993-10-07,29.4,21.7,0.0,30.82563389883556
1993-10-08,30.0,21.1,2.3,33.882145611111156
1993-10-09,31.1,20.0,11.4,34.80727677236455
1993-10-10,29.4,19.4,6.6,31.95203121660452
1993-10-11,29.4,19.4,0.0,29.56310813900446
1993-10-12,28.8,18.8,0.0,28.968713974595556
1993-10-13,28.3,14.4,0.0,28.201997486017756
1993-10-14,28.3,17.8,0.0,29.105816139857836
1993-10-15,28.9,21.1,20.3,31.870187069491244
1993-10-16,27.2,22.2,3.0,29.578584348391068
1993-10-17,28.3,20.0,0.0,29.98061120425771
1993-10-18,29.4,20.0,0.0,31.900241944515585
1993-10-19,30.5,21.1,0.0,34.038157929555396
1993-10-20,31.1,20.6,0.0,34.80727677236455
1993-10-21,32.8,21.7,0.0,36.72987025969787
1993-10-22,31.7,20.0,57.7,37.02505731228452
1993-10-23,28.9,20.6,0.0,30.962878330124468
1993-10-24,28.3,21.1,0.0,31.55937428402463
1993-10-25,27.2,21.1,0.0,29.776897714595595
1993-10-26,22.8,20.0,0.3,25.413611111111113
1993-10-27,26.6,18.3,0.0,27.709960147697913
1993-10-28,26.6,18.3,0.0,28.462999170631267
1993-10-29,27.2,17.8,0.0,30.335131654824472
1993-10-30,30.6,18.9,8.4,40.298443131395636
1993-10-31,18.9,6.7,2.5,20.33333333333333
1993-11-01,15.6,2.8,0.0,13.565555555555555
1993-11-02,23.3,7.8,0.0,23.119444444444444
1993-11-03,26.7,13.3,0.0,25.377222222222223
1993-11-04,27.2,16.1,0.0,27.744338156835607
1993-11-05,28.3,16.1,0.0,29.42909984605113
1993-11-06,28.3,17.8,0.0,30.28317007140459
1993-11-07,21.1,13.3,0.0,24.127500000000005
1993-11-08,26.1,11.7,0.0,26.21611111111112
1993-11-09,30.0,17.8,0.0,30.580698436291087
1993-11-10,20.0,12.8,1.0,21.396944444444443
1993-11-11,25.0,12.2,0.0,24.930555555555557
1993-11-12,26.7,13.3,0.0,26.636666666666667
1993-11-13,28.3,17.7,0.3,31.258456716495616
1993-11-14,30.0,20.0,0.0,31.887677555555513
1993-11-15,30.5,18.8,0.0,33.59052070244432
1993-11-16,28.8,20.5,0.0,30.84557046739562
1993-11-17,28.3,19.4,0.0,31.258456716495616
1993-11-18,30.0,20.5,0.0,32.25272841111113
1993-11-19,28.9,18.9,0.0,30.549454376151076
1993-11-20,22.8,17.2,0.0,23.45888888888889
1993-11-21,23.9,16.1,0.0,23.892500000000002
1993-11-22,23.3,17.8,1.3,23.563333333333325
1993-11-23,24.4,17.2,0.0,22.933333333333334
1993-11-24,21.7,16.1,0.5,21.80444444444444
1993-11-25,23.3,18.9,0.5,23.050833333333333
1993-11-26,25.6,18.9,0.8,26.503333333333345
1993-11-27,27.7,19.4,0.0,31.226884740435462
1993-11-28,21.1,8.9,0.0,24.822777777777784
1993-11-29,18.8,7.7,0.0,18.159444444444446
1993-11-30,23.8,10.0,0.0,23.618333333333336
1993-12-01,25.5,15.5,0.0,25.390277777777776
1993-12-02,26.1,15.0,0.0,25.90277777777778
1993-12-03,26.6,17.2,0.0,26.623611111111114
1993-12-04,26.1,17.8,0.3,26.1638888888889
1993-12-05,21.1,13.3,0.0,22.75055555555555
1993-12-06,22.2,11.1,0.0,21.84694444444444
1993-12-07,23.9,10.0,0.0,22.358888888888895
1993-12-08,23.3,11.1,0.0,21.833888888888882
1993-12-09,23.3,11.1,0.0,23.158611111111107
1993-12-10,25.6,12.2,1.8,24.37888888888889
1993-12-11,19.4,8.9,0.0,21.044444444444448
1993-12-12,15.6,3.3,0.0,13.81361111111111
1993-12-13,21.7,3.3,0.0,21.282222222222217
1993-12-14,22.2,11.1,0.5,22.134166666666665
1993-12-15,17.8,7.8,0.0,18.195833333333333
1993-12-16,15.0,4.4,0.0,13.839722222222225
1993-12-17,23.3,7.2,0.0,21.42583333333333
1993-12-18,23.8,12.7,0.0,23.644444444444446
1993-12-19,19.4,10.0,0.0,19.941666666666674
1993-12-20,24.4,10.0,0.0,23.328333333333326
1993-12-21,20.0,9.4,1.5,21.63472222222222
1993-12-22,18.8,6.6,0.0,18.23777777777778
1993-12-23,13.3,7.2,2.0,14.417499999999999
1993-12-24,12.7,7.2,10.2,12.459444444444443
1993-12-25,13.9,7.2,3.0,13.761388888888888
1993-12-26,13.3,3.8,0.0,12.449722222222219
1993-12-27,20.5,2.2,0.0,19.918333333333337
1993-12-28,24.4,7.8,0.0,23.644444444444446
1993-12-29,25.0,11.1,0.0,24.904444444444447
1993-12-30,18.3,7.7,0.0,21.54333333333333
1993-12-31,7.7,7.7,0.0,20.29694444444445
1994-01-01,21.7,11.1,0.8,21.80444444444444
1994-01-02,23.3,17.2,10.4,22.815833333333334
1994-01-03,21.1,13.9,8.9,20.610277777777778
1994-01-04,18.3,10.0,0.0,17.895555555555557
1994-01-05,13.8,3.8,0.0,13.092222222222224
1994-01-06,22.2,3.9,0.0,21.96444444444444
1994-01-07,25.0,10.0,0.0,25.390277777777776
1994-01-08,18.9,9.4,0.5,20.505833333333342
1994-01-09,18.9,5.0,0.0,17.973888888888887
1994-01-10,22.8,10.0,0.0,22.134166666666665
1994-01-11,22.2,15.5,0.3,22.329999999999995
1994-01-12,26.1,17.2,0.0,26.24222222222223
1994-01-13,20.6,13.3,26.4,22.724444444444444
1994-01-14,16.7,7.8,2.0,15.914722222222224
1994-01-15,20.0,5.6,0.0,19.536944444444444
1994-01-16,17.8,5.0,0.0,17.86944444444444
1994-01-17,24.4,12.2,3.6,24.32666666666667
1994-01-18,18.9,10.0,25.1,21.59555555555555
1994-01-19,13.3,5.0,0.0,13.131388888888893
1994-01-20,18.3,6.1,0.0,16.3325
1994-01-21,17.7,8.8,0.0,17.200277777777774
1994-01-22,21.7,6.1,0.0,19.654444444444444
1994-01-23,21.6,7.7,0.0,21.25611111111111
1994-01-24,24.4,10.6,0.0,22.554722222222225
1994-01-25,25.0,11.7,0.0,23.14555555555555
1994-01-26,23.9,11.1,0.0,23.302222222222216
1994-01-27,25.6,17.2,0.0,25.612222222222226
1994-01-28,26.7,20.6,0.0,28.011898916675698
1994-01-29,26.6,16.1,0.0,28.137405420497984
1994-01-30,26.1,13.9,23.6,25.808055555555555
1994-01-31,20.0,13.3,0.0,19.168055555555554
1994-02-01,15.6,10.0,0.0,16.936388888888885
1994-02-02,13.3,5.0,0.0,12.606388888888887
1994-02-03,17.2,2.8,0.0,16.032222222222224
1994-02-04,23.9,7.8,0.0,21.37361111111111
1994-02-05,25.5,11.1,0.0,25.429444444444442
1994-02-06,27.8,13.9,0.8,28.181459693315517
1994-02-07,26.1,15.5,0.0,25.889722222222233
1994-02-08,27.8,13.3,0.0,27.67166112575778
1994-02-09,28.9,16.1,0.0,28.89326381961784
1994-02-10,30.0,17.8,0.0,30.026780984595675
1994-02-11,30.6,20.6,0.0,31.539548077777795
1994-02-12,27.2,20.5,45.7,28.92591493923561
1994-02-13,25.0,17.8,0.0,25.638333333333335
1994-02-14,20.6,8.9,0.0,25.82444444444445
1994-02-15,23.3,10.5,0.0,23.09333333333333
1994-02-16,22.2,14.4,0.0,22.108055555555545
1994-02-17,19.4,15.6,6.6,19.455277777777773
1994-02-18,23.8,17.2,25.1,23.80111111111111
1994-02-19,23.9,18.3,4.1,25.113333333333337
1994-02-20,28.9,18.3,0.0,28.456943940824445
1994-02-21,27.2,18.3,0.0,28.030491895751087
1994-02-22,26.7,17.8,0.0,27.48057455139572
1994-02-23,28.9,18.9,0.0,29.40332492908447
1994-02-24,22.2,14.4,8.6,26.21611111111112
1994-02-25,25.6,12.8,0.0,23.302222222222216
1994-02-26,22.8,12.8,0.0,22.241388888888892
1994-02-27,22.2,10.5,0.0,22.003611111111102
1994-02-28,22.2,12.8,0.0,22.003611111111102
1994-03-01,23.8,16.6,0.0,23.82722222222223
1994-03-02,23.9,15.6,21.3,24.08833333333334
1994-03-03,16.1,11.6,0.0,18.590277777777782
1994-03-04,22.2,6.7,0.0,21.073333333333327
1994-03-05,25.6,10.6,0.0,25.272777777777776
1994-03-06,27.2,11.7,0.0,25.429444444444442
1994-03-07,26.6,17.2,0.0,26.545277777777773
1994-03-08,27.8,13.9,0.0,27.48057455139572
1994-03-09,27.8,16.1,3.8,28.011898916675698
1994-03-10,28.3,11.7,0.0,29.116357702995465
1994-03-11,17.2,6.1,0.0,17.18444444444444
1994-03-12,22.7,9.4,0.0,22.60694444444444
1994-03-13,24.4,12.2,0.0,24.15694444444445
1994-03-14,23.8,14.4,0.0,23.605277777777772
1994-03-15,25.0,9.4,0.0,24.643333333333334
1994-03-16,26.6,16.1,0.0,26.493055555555557
1994-03-17,22.2,10.0,0.0,22.28055555555556
1994-03-18,27.2,9.4,0.0,26.858671178435525
1994-03-19,27.2,14.4,0.0,28.030491895751087
1994-03-20,29.4,17.2,0.0,30.060628772675575
1994-03-21,30.0,17.2,0.0,31.539548077777795
1994-03-22,28.3,20.0,0.0,30.026780984595675
1994-03-23,27.2,17.2,0.0,27.744338156835607
1994-03-24,31.7,19.4,0.0,30.478555001315637
1994-03-25,28.9,20.0,0.3,30.026780984595675
1994-03-26,30.0,18.8,0.0,30.182367477777778
1994-03-27,33.3,22.2,0.0,34.492084111084516
1994-03-28,33.3,22.8,0.0,35.75535508329567
1994-03-29,25.5,15.5,5.3,30.28317007140459
1994-03-30,24.4,12.2,0.0,24.209166666666672
1994-03-31,26.1,15.0,0.0,25.507777777777775
1994-04-01,23.3,11.7,0.0,23.370277777777783
1994-04-02,26.1,8.3,0.0,25.377222222222223
1994-04-03,28.9,13.3,0.0,27.765672245795567
1994-04-04,28.3,15.5,0.0,27.78952527557118
1994-04-05,28.8,16.6,0.0,28.32344199719118
1994-04-06,30.5,17.2,0.0,30.15674898911109
1994-04-07,26.7,18.9,0.0,28.728486061591177
1994-04-08,26.7,17.2,0.0,27.676087608817763
1994-04-09,26.6,18.8,0.0,27.36993689287118
1994-04-10,28.3,16.6,0.0,28.696246040435614
1994-04-11,29.4,18.8,0.0,30.060628772675575
1994-04-12,31.1,20.0,0.0,30.898330215831233
1994-04-13,31.1,20.0,0.0,31.04908144444437
1994-04-14,32.2,20.6,0.0,32.94917448145782
1994-04-15,32.2,22.2,0.0,33.57033428108443
1994-04-16,31.7,20.0,0.0,32.41612358849779
1994-04-17,28.8,21.6,0.0,30.026780984595675
1994-04-18,28.8,20.0,0.0,29.180029987271137
1994-04-19,27.7,19.4,8.9,29.116357702995465
1994-04-20,30.5,20.0,0.0,32.1730718510555
1994-04-21,31.7,18.9,58.4,32.25272841111113
1994-04-22,30.0,20.0,0.0,30.743255411111097
1994-04-23,26.1,19.4,3.8,25.808055555555555
1994-04-24,27.8,18.9,3.8,29.42909984605113
1994-04-25,28.3,20.0,0.3,29.66075088801562
1994-04-26,28.3,20.0,0.0,31.45986535895108
1994-04-27,28.8,20.0,0.0,29.760727833937747
1994-04-28,30.5,19.4,0.0,30.98783857844444
1994-04-29,29.4,18.9,0.0,29.682065621315626
1994-04-30,28.3,18.9,1.8,28.92591493923561
1994-05-01,31.1,20.5,0.0,32.25272841111113
1994-05-02,31.1,20.0,0.0,31.557488575164523
1994-05-03,31.6,21.6,15.7,35.081508328871045
1994-05-04,31.7,21.1,0.0,35.69261012218454
1994-05-05,28.3,20.5,1.0,28.37011782633774
1994-05-06,29.4,17.2,0.0,28.572364773137767
1994-05-07,30.0,18.8,0.0,30.743255411111097
1994-05-08,31.6,20.5,0.0,32.25272841111113
1994-05-09,32.2,22.7,0.8,34.48873600083557
1994-05-10,31.7,20.6,0.0,31.887677555555513
1994-05-11,31.1,22.2,0.0,32.02327019841567
1994-05-12,31.7,20.0,0.0,32.38599310199109
1994-05-13,31.1,22.7,0.0,34.32017456463127
1994-05-14,32.2,22.2,0.0,34.48873600083557
1994-05-15,33.3,21.1,0.0,34.492084111084516
1994-05-16,33.3,21.1,0.0,35.3395466458845
1994-05-17,33.9,21.1,11.9,36.71405648259565
1994-05-18,29.4,22.2,0.3,31.887677555555513
1994-05-19,30.5,20.5,6.4,31.142940337055492
1994-05-20,25.0,18.8,0.0,24.956666666666663
1994-05-21,26.1,15.6,0.0,25.351111111111113
1994-05-22,27.2,15.5,0.0,26.672469195537772
1994-05-23,31.1,15.0,0.0,29.83680901797119
1994-05-24,32.7,19.4,0.0,31.63384393125112
1994-05-25,32.2,20.5,0.0,31.576198403235576
1994-05-26,32.8,20.0,0.0,33.82438423757118
1994-05-27,32.7,20.0,0.0,34.18370879975788
1994-05-28,31.1,23.8,1.5,33.410108517217864
1994-05-29,30.0,20.6,29.5,33.59052070244432
1994-05-30,31.6,21.1,1.3,34.099515027075626
1994-05-31,32.8,21.1,4.6,35.22748101695786
1994-06-01,32.8,22.8,0.3,36.251057508735634
1994-06-02,27.7,23.3,0.3,30.962878330124468
1994-06-03,30.0,23.8,0.0,33.44940924444435
1994-06-04,31.1,21.7,14.2,33.44940924444435
1994-06-05,32.2,20.6,46.2,33.882145611111156
1994-06-06,31.1,22.2,4.8,34.32017456463127
1994-06-07,26.6,22.7,22.1,29.01909371427564
1994-06-08,27.2,22.2,63.5,30.403401525635665
1994-06-09,31.7,22.8,2.5,35.845619555884504
1994-06-10,33.8,22.2,3.6,38.846038964051104
1994-06-11,34.4,21.7,15.7,37.6348463880356
1994-06-12,33.9,21.7,0.0,36.901365925784546
1994-06-13,35.6,23.3,33.5,38.09284050561563
1994-06-14,33.3,23.8,1.8,38.7622484503178
1994-06-15,32.7,23.8,0.0,36.83724503482447
1994-06-16,32.7,22.7,23.9,37.02505731228452
1994-06-17,30.6,21.1,24.1,35.75416966794443
1994-06-18,30.0,21.7,0.0,31.95203121660452
1994-06-19,31.6,23.8,1.0,35.60757937539554
1994-06-20,32.2,23.3,0.0,36.83724503482447
1994-06-21,31.7,22.8,1.5,36.251057508735634
1994-06-22,31.7,23.9,0.0,35.879383497564554
1994-06-23,33.3,25.0,0.0,38.16772704802459
1994-06-24,34.4,25.0,0.0,38.9300934206755
1994-06-25,34.4,25.5,0.0,39.64739735793769
1994-06-26,33.9,23.9,0.0,40.82959411971574
1994-06-27,34.4,24.4,0.0,39.64739735793769
1994-06-28,33.3,23.3,0.0,38.288741326417735
1994-06-29,34.4,25.0,2.0,38.9300934206755
1994-06-30,32.7,23.3,0.0,36.63475768119113
1994-07-01,31.1,22.2,12.7,35.24517878083567
1994-07-02,32.8,22.2,53.1,36.343957807751195
1994-07-03,30.0,23.3,33.3,36.29964811111102
1994-07-04,29.4,21.7,0.0,34.331803355555614
1994-07-05,32.8,22.8,0.0,37.02505731228452
1994-07-06,31.1,21.1,55.6,37.235683568124536
1994-07-07,32.2,21.1,0.0,37.4511727004512
1994-07-08,33.3,23.8,0.3,38.846038964051104
1994-07-09,33.3,25.0,0.0,38.85073410243562
1994-07-10,33.3,23.3,0.0,38.16772704802459
1994-07-11,34.4,23.3,0.0,38.7622484503178
1994-07-12,33.8,25.0,0.0,37.31990941927126
1994-07-13,33.3,22.8,0.0,38.16772704802459
1994-07-14,33.3,22.2,14.2,38.288741326417735
1994-07-15,33.8,23.8,0.3,39.554438450015674
1994-07-16,33.3,25.0,22.1,39.45939653455793
1994-07-17,33.3,24.4,0.0,38.846038964051104
1994-07-18,33.9,23.3,1.5,38.16772704802459
1994-07-19,33.8,23.8,0.0,38.62769929603572
1994-07-20,32.7,23.8,32.0,38.7622484503178
1994-07-21,31.1,22.2,0.8,35.52997874444458
1994-07-22,32.2,22.2,0.5,35.75416966794443
1994-07-23,33.3,23.8,5.8,39.554438450015674
1994-07-24,32.7,22.7,6.9,39.45939653455793
1994-07-25,30.5,22.7,3.6,36.287110577055415
1994-07-26,32.2,21.7,25.4,37.945692865671134
1994-07-27,32.7,23.3,17.5,40.18428475833564
1994-07-28,32.8,21.7,21.6,39.45939653455793
1994-07-29,31.1,22.2,15.5,36.396860131671104
1994-07-30,31.6,22.7,14.5,36.72987025969787
1994-07-31,33.3,22.2,0.0,42.688912093251126
1994-08-01,32.8,23.9,0.0,40.18428475833564
1994-08-02,32.2,24.4,0.0,40.25873137020457
1994-08-03,31.7,23.9,1.5,41.001382284195564
1994-08-04,32.8,23.3,0.0,40.93691312165117
1994-08-05,32.7,25.0,0.3,41.717281624504615
1994-08-06,32.2,23.3,3.8,41.001382284195564
1994-08-07,30.5,23.3,6.4,37.70239698511106
1994-08-08,30.5,23.8,5.1,37.70239698511106
1994-08-09,32.2,23.3,2.5,41.769801384924484
1994-08-10,32.2,23.3,7.9,41.769801384924484
1994-08-11,30.6,22.8,0.5,40.15327216276463
1994-08-12,27.8,21.1,8.1,32.06315908059552
1994-08-13,31.1,23.8,17.3,40.15327216276463
1994-08-14,30.5,22.7,10.2,38.30168520244436
1994-08-15,32.2,22.7,8.9,41.769801384924484
1994-08-16,31.1,21.7,0.0,38.49456536306462
1994-08-17,32.2,21.7,4.3,40.298443131395636
1994-08-18,33.3,21.7,26.2,37.02505731228452
1994-08-19,31.7,22.2,1.3,33.882145611111156
1994-08-20,32.7,23.8,0.0,36.251057508735634
1994-08-21,33.3,25.0,0.0,38.16772704802459
1994-08-22,30.6,22.8,4.6,33.621580418115514
1994-08-23,32.2,22.2,0.0,33.59052070244432
1994-08-24,31.7,21.7,16.3,34.32017456463127
1994-08-25,28.9,22.2,12.2,31.45986535895108
1994-08-26,31.1,22.2,2.3,35.24018513261102
1994-08-27,32.8,23.3,0.8,36.287110577055415
1994-08-28,32.7,23.8,18.0,36.251057508735634
1994-08-29,32.2,21.1,0.0,32.41612358849779
1994-08-30,32.2,23.3,0.0,35.24517878083567
1994-08-31,32.7,23.3,0.0,34.73444154748442
1994-09-01,33.9,23.3,2.3,37.51950270193562
1994-09-02,33.9,22.8,0.0,36.72987025969787
1994-09-03,33.3,23.9,0.3,36.63475768119113
1994-09-04,28.8,23.8,12.7,32.295115449795645
1994-09-05,30.5,22.7,0.0,35.8776148755378
1994-09-06,30.5,23.3,0.0,35.250075564995505
1994-09-07,32.2,23.3,0.0,34.57882021276444
1994-09-08,31.1,22.2,29.5,35.845619555884504
1994-09-09,33.3,21.7,0.0,36.251057508735634
1994-09-10,31.7,21.1,1.8,35.31575843611568
1994-09-11,31.1,24.4,1.8,35.31575843611568
1994-09-12,28.3,23.8,21.8,31.870187069491244
1994-09-13,27.7,22.7,24.9,30.580698436291087
1994-09-14,31.1,22.2,1.5,34.80727677236455
1994-09-15,30.6,21.7,4.8,34.50475153044439
1994-09-16,30.0,21.7,5.1,35.24018513261102
1994-09-17,31.6,23.3,0.0,36.72987025969787
1994-09-18,31.1,24.4,3.3,36.396860131671104
1994-09-19,28.8,22.2,15.0,33.017220703591164
1994-09-20,29.4,21.6,5.6,32.25745578348452
1994-09-21,28.3,21.6,0.0,30.82563389883556
1994-09-22,30.6,20.0,0.0,31.557488575164523
1994-09-23,31.7,19.4,0.0,36.29964811111102
1994-09-24,32.2,21.7,21.3,35.879383497564554
1994-09-25,28.3,21.7,31.8,32.35495978132455
1994-09-26,25.5,22.2,11.4,25.977777777777778
1994-09-27,26.1,21.1,0.5,26.60777777777778
1994-09-28,28.9,21.1,0.0,31.258456716495616
1994-09-29,29.4,22.2,0.0,32.35495978132455
1994-09-30,31.6,22.2,3.8,35.081508328871045
1994-10-01,28.3,22.2,13.5,33.59024433292455
1994-10-02,29.4,22.7,2.0,34.48061279223114
1994-10-03,31.6,25.5,5.3,38.49456536306462
1994-10-04,30.0,23.3,0.0,35.03801755555546
1994-10-05,28.3,20.0,8.9,29.238780802115727
1994-10-06,29.4,20.5,0.0,33.017220703591164
1994-10-07,30.5,22.7,0.0,35.03801755555546
1994-10-08,28.9,21.7,8.6,33.59024433292455
1994-10-09,31.1,21.1,0.0,36.287110577055415
1994-10-10,30.6,21.1,10.7,35.03801755555546
1994-10-11,27.7,22.7,0.0,31.278584238648754
1994-10-12,29.4,22.2,0.0,36.37220317587565
1994-10-13,28.8,22.2,0.0,34.605178360835716
1994-10-14,29.4,20.5,0.0,32.62913009207105
1994-10-15,25.6,18.9,0.0,29.385531600924462
1994-10-16,27.8,18.3,9.4,30.82563389883556
1994-10-17,27.2,20.0,0.0,29.578584348391068
1994-10-18,26.6,18.8,0.0,28.462999170631267
1994-10-19,27.7,19.4,0.0,30.335131654824472
1994-10-20,28.8,18.8,0.0,30.84557046739562
1994-10-21,29.4,19.4,0.0,32.62913009207105
1994-10-22,29.4,21.1,0.0,33.01526487027556
1994-10-23,30.5,20.0,0.0,35.24018513261102
1994-10-24,30.5,21.1,30.7,34.50475153044439
1994-10-25,29.4,20.0,0.0,29.385531600924462
1994-10-26,28.3,18.3,3.8,30.335131654824472
1994-10-27,25.0,18.8,6.9,25.27
1994-10-28,22.2,17.8,9.1,22.643333333333324
1994-10-29,28.9,19.4,5.1,32.35495978132455
1994-10-30,30.0,20.6,17.5,36.83391274444452
1994-10-31,30.6,19.4,0.0,37.86849669121564
1994-11-01,28.8,21.1,0.0,31.95203121660452
1994-11-02,25.0,14.4,0.0,25.139444444444447
1994-11-03,27.8,15.6,0.0,28.330734100764637
1994-11-04,28.3,17.2,0.0,31.258456716495616
1994-11-05,28.3,20.0,0.0,31.55937428402463
1994-11-06,28.8,18.8,0.0,31.95203121660452
1994-11-07,29.4,20.0,0.0,33.621580418115514
1994-11-08,29.4,20.6,0.0,30.026780984595675
1994-11-09,30.0,20.5,0.0,31.539548077777795
1994-11-10,29.4,19.4,32.8,30.6159912848178
1994-11-11,26.1,19.4,1.3,25.808055555555555
1994-11-12,27.2,17.2,0.0,28.751274357351114
1994-11-13,27.7,22.2,0.5,29.321357301004404
1994-11-14,27.2,21.6,3.8,27.676087608817763
1994-11-15,25.0,21.1,47.5,25.37444444444445
1994-11-16,27.2,20.0,97.3,29.464550599395743
1994-11-17,20.5,17.2,0.0,23.72
1994-11-18,23.3,15.6,0.0,23.328333333333326
1994-11-19,22.8,16.1,0.0,21.77833333333333
1994-11-20,26.1,20.0,1.8,26.46416666666667
1994-11-21,26.6,21.1,0.0,28.137405420497984
1994-11-22,27.8,17.8,0.0,27.709960147697913
1994-11-23,25.0,13.3,0.0,24.35277777777778
1994-11-24,21.1,10.5,0.0,20.95305555555556
1994-11-25,23.8,13.3,0.0,23.775000000000002
1994-11-26,25.5,14.4,0.0,25.507777777777775
1994-11-27,28.3,16.1,0.0,29.31698503179564
1994-11-28,29.4,20.0,0.0,35.8776148755378
1994-11-29,29.4,20.6,0.0,31.55937428402463
1994-11-30,27.7,18.3,1.0,29.98061120425771
1994-12-01,23.9,15.6,0.0,23.918611111111108
1994-12-02,25.5,18.8,0.0,25.638333333333335
1994-12-03,27.2,19.4,0.0,28.92591493923561
1994-12-04,29.4,19.4,15.7,32.25272841111113
1994-12-05,26.7,20.6,0.8,26.39888888888889
1994-12-06,26.1,18.3,0.0,25.66444444444444
1994-12-07,25.6,16.1,0.0,26.307500000000005
1994-12-08,27.2,15.6,0.0,25.560000000000006
1994-12-09,25.5,18.8,0.0,25.703611111111115
1994-12-10,28.3,18.8,1.8,29.42909984605113
1994-12-11,21.7,10.0,7.1,25.139444444444447
1994-12-12,23.3,9.4,0.0,23.067222222222213
1994-12-13,15.5,13.3,0.0,19.915555555555557
1994-12-14,16.6,12.2,0.0,16.397777777777783
1994-12-15,20.0,13.3,0.0,19.350833333333338
1994-12-16,25.0,14.4,1.8,20.76694444444445
1994-12-17,23.9,15.0,0.0,21.77833333333333
1994-12-18,18.9,12.2,0.0,18.90361111111111
1994-12-19,19.4,8.3,0.0,17.317777777777778
1994-12-20,22.8,10.6,2.8,22.46333333333333
1994-12-21,18.9,15.6,30.5,18.378611111111113
1994-12-22,17.7,14.4,12.2,17.87916666666667
1994-12-23,15.6,11.1,4.6,16.10777777777778
1994-12-24,17.7,10.0,0.0,17.265555555555558
1994-12-25,17.8,6.7,0.0,19.576111111111107
1994-12-26,18.3,7.2,0.0,17.79111111111111
1994-12-27,23.3,9.4,0.0,22.554722222222225
1994-12-28,25.0,11.7,0.0,23.80111111111111
1994-12-29,25.6,14.4,0.0,24.956666666666663
1994-12-30,25.6,16.1,0.0,23.419722222222216
1994-12-31,25.6,14.4,0.0,23.94472222222223
1995-01-01,26.1,14.4,0.0,25.061111111111114
1995-01-02,20.0,13.9,0.0,22.789722222222224
1995-01-03,19.4,13.3,0.0,19.941666666666674
1995-01-04,14.4,10.0,1.8,17.132222222222218
1995-01-05,17.2,6.7,0.0,15.624722222222225
1995-01-06,24.4,8.9,0.0,25.087222222222227
1995-01-07,23.3,12.2,4.8,24.64
1995-01-08,16.7,6.7,0.0,17.02777777777777
1995-01-09,19.4,4.4,0.0,18.29
1995-01-10,20.5,8.3,0.0,20.21861111111112
1995-01-11,23.3,11.1,0.0,23.09333333333333
1995-01-12,25.0,11.6,0.0,24.904444444444447
1995-01-13,25.6,16.7,0.0,26.21611111111112
1995-01-14,22.2,17.2,8.1,22.395277777777775
1995-01-15,20.6,12.2,5.8,19.82416666666667
1995-01-16,16.7,8.9,0.0,15.742222222222226
1995-01-17,18.3,8.3,0.0,17.461388888888887
1995-01-18,24.4,6.7,0.0,23.236944444444443
1995-01-19,23.3,13.3,0.0,23.236944444444443
1995-01-20,17.7,8.8,0.0,21.63472222222222
1995-01-21,16.1,8.3,0.0,15.507222222222225
1995-01-22,18.3,8.9,0.0,17.86944444444444
1995-01-23,22.7,7.7,2.8,22.672222222222224
1995-01-24,13.3,3.9,0.0,16.436944444444446
1995-01-25,16.1,3.9,0.0,14.208611111111114
1995-01-26,19.4,4.4,0.0,18.880833333333335
1995-01-27,22.2,5.6,0.0,21.164722222222217
1995-01-28,26.1,12.2,0.8,26.08555555555556
1995-01-29,23.8,18.3,0.0,23.983888888888885
1995-01-30,19.4,10.5,14.0,21.56944444444444
1995-01-31,15.0,6.1,0.0,14.22166666666667
1995-02-01,17.2,2.8,0.0,17.174166666666665
1995-02-02,22.7,8.3,0.0,22.541666666666668
1995-02-03,25.0,12.2,0.0,24.760833333333338
1995-02-04,17.2,8.8,3.8,19.82416666666667
1995-02-05,17.8,6.1,0.0,17.108888888888888
1995-02-06,13.3,3.3,0.0,14.96861111111111
1995-02-07,20.6,1.7,0.3,20.10111111111112
1995-02-08,15.5,4.4,0.0,17.343888888888884
1995-02-09,14.4,-1.7,0.0,12.488888888888887
1995-02-10,22.8,3.3,0.0,23.028055555555557
1995-02-11,27.2,13.3,0.0,27.416236963591118
1995-02-12,22.2,12.7,2.8,22.17333333333332
1995-02-13,21.1,11.7,1.0,22.724444444444444
1995-02-14,24.4,13.9,0.0,26.111666666666668
1995-02-15,27.2,18.3,0.0,28.181459693315517
1995-02-16,28.9,16.7,0.0,30.013970098595514
1995-02-17,28.3,16.7,0.0,28.33768810961774
1995-02-18,28.9,18.3,0.0,29.180029987271137
1995-02-19,26.1,17.8,0.0,26.662777777777777
1995-02-20,18.3,15.0,11.4,21.318611111111114
1995-02-21,25.5,13.3,0.0,24.985555555555557
1995-02-22,19.4,6.7,0.0,19.44555555555556
1995-02-23,23.3,9.4,0.0,22.988888888888887
1995-02-24,24.4,12.8,0.0,25.181388888888893
1995-02-25,24.4,11.6,0.0,24.02638888888889
1995-02-26,27.7,13.3,0.0,27.813965985695543
1995-02-27,28.3,14.4,0.0,28.164564010515555
1995-02-28,26.1,16.1,9.4,27.676087608817763
1995-03-01,27.2,17.2,0.8,27.36993689287118
1995-03-02,17.8,11.7,0.0,23.419722222222216
1995-03-03,26.7,10.6,0.0,26.02027777777778
1995-03-04,27.7,14.4,0.0,27.813965985695543
1995-03-05,25.6,14.4,0.0,28.164564010515555
1995-03-06,28.3,15.5,0.0,28.601447857571216
1995-03-07,28.3,18.3,0.0,30.454350755555513
1995-03-08,22.2,17.2,15.0,24.64
1995-03-09,18.9,8.3,0.0,21.72611111111111
1995-03-10,20.0,8.3,0.0,21.912222222222212
1995-03-11,22.2,10.6,0.0,24.117777777777782
1995-03-12,27.2,15.0,0.3,26.672469195537772
1995-03-13,23.9,14.4,0.0,26.02027777777778
1995-03-14,25.0,15.6,0.0,26.50611111111111
1995-03-15,26.1,15.0,0.0,26.137777777777778
1995-03-16,27.7,15.5,0.0,28.728486061591177
1995-03-17,22.2,17.2,27.4,22.473611111111104
1995-03-18,23.3,15.5,0.3,23.210833333333326
1995-03-19,23.9,12.8,0.0,24.35277777777778
1995-03-20,26.7,12.2,0.0,25.99416666666667
1995-03-21,27.2,12.2,0.0,26.858671178435525
1995-03-22,29.4,16.6,0.0,29.56310813900446
1995-03-23,28.8,17.7,0.0,29.51946449841784
1995-03-24,27.8,19.4,0.0,30.28317007140459
1995-03-25,25.6,16.1,0.0,27.543531976835535
1995-03-26,25.6,13.3,0.0,25.351111111111113
1995-03-27,28.3,15.5,0.0,28.41927290529559
1995-03-28,28.9,18.3,0.0,32.1730718510555
1995-03-29,29.4,16.1,0.0,26.882050949251095
1995-03-30,30.0,18.3,0.0,30.331079793937747
1995-03-31,27.2,16.7,10.2,26.662777777777777
1995-04-01,20.5,16.6,1.5,20.479722222222232
1995-04-02,22.2,11.7,0.0,22.28055555555556
1995-04-03,27.2,11.6,0.0,26.717046959235613
1995-04-04,25.6,12.8,0.0,26.571388888888883
1995-04-05,22.8,18.3,10.2,22.789722222222224
1995-04-06,26.7,18.3,2.5,26.24222222222223
1995-04-07,25.0,17.7,0.0,25.035
1995-04-08,27.2,16.6,0.0,28.181459693315517
1995-04-09,29.4,16.1,0.0,30.060628772675575
1995-04-10,31.6,18.3,0.0,32.752115369555526
1995-04-11,28.3,19.4,1.5,33.85445181291555
1995-04-12,26.6,21.1,0.0,27.59391563633792
1995-04-13,30.0,18.8,0.0,31.04908144444437
1995-04-14,27.2,16.1,0.0,27.59391563633792
1995-04-15,28.8,16.6,0.0,28.40663951139554
1995-04-16,30.0,15.5,0.0,29.167844777777734
1995-04-17,29.4,18.8,0.0,29.682065621315626
1995-04-18,31.7,17.2,0.0,32.0537330548978
1995-04-19,32.2,19.4,0.0,31.887677555555513
1995-04-20,31.7,20.0,0.0,32.755005308284495
1995-04-21,32.2,19.4,0.0,33.73622197135785
1995-04-22,32.7,21.1,0.0,34.016651047591154
1995-04-23,32.2,20.0,0.0,33.00355238343117
1995-04-24,29.4,20.0,0.0,32.62913009207105
1995-04-25,24.4,15.0,0.0,24.300555555555555
1995-04-26,25.0,16.7,0.3,28.601447857571216
1995-04-27,31.1,19.4,0.5,34.32017456463127
1995-04-28,26.7,18.9,4.1,28.499177144657796
1995-04-29,29.4,17.8,0.0,30.98783857844444
1995-04-30,31.1,16.7,0.0,32.41612358849779
1995-05-01,32.2,18.3,0.0,32.560202323384516
1995-05-02,32.7,21.1,0.0,34.906951803991234
1995-05-03,31.1,20.0,0.0,31.846529894604444
1995-05-04,32.7,21.6,40.9,36.251057508735634
1995-05-05,32.2,20.0,0.0,34.492084111084516
1995-05-06,32.2,21.1,0.0,33.64359277180446
1995-05-07,32.2,21.6,0.0,34.016651047591154
1995-05-08,31.1,18.9,0.0,32.752115369555526
1995-05-09,32.8,19.4,0.0,34.038157929555396
1995-05-10,32.2,22.7,1.8,35.781684200924495
1995-05-11,33.8,21.6,10.4,38.62769929603572
1995-05-12,32.8,19.4,16.8,37.862377641795575
1995-05-13,32.7,22.2,0.0,36.251057508735634
1995-05-14,35.0,25.0,0.0,40.288316255555614
1995-05-15,34.4,25.0,0.0,37.91852052531555
1995-05-16,35.0,24.4,0.0,37.6348463880356
1995-05-17,33.9,23.3,0.0,37.28706060209775
1995-05-18,35.0,23.3,0.0,38.15792965555557
1995-05-19,35.0,22.2,0.0,37.91852052531555
1995-05-20,30.0,20.5,30.7,33.882145611111156
1995-05-21,32.2,21.1,1.3,34.57882021276444
1995-05-22,30.5,21.6,0.0,32.752115369555526
1995-05-23,31.1,20.5,1.5,34.80727677236455
1995-05-24,30.6,21.1,0.0,34.016651047591154
1995-05-25,32.2,22.2,0.0,35.24517878083567
1995-05-26,33.8,18.8,0.0,34.099515027075626
1995-05-27,32.8,20.0,0.0,33.356838967857776
1995-05-28,32.2,21.1,0.0,36.60358037643559
1995-05-29,32.2,22.2,0.0,35.24517878083567
1995-05-30,33.3,22.2,2.8,34.492084111084516
1995-05-31,33.8,23.3,1.5,35.86532957971556
1995-06-01,33.8,23.8,0.0,36.71405648259565
1995-06-02,29.4,22.2,45.7,33.621580418115514
1995-06-03,30.6,22.8,15.5,35.31575843611568
1995-06-04,30.5,23.3,15.2,35.52997874444458
1995-06-05,31.1,25.0,4.1,35.31575843611568
1995-06-06,34.4,24.4,0.0,38.9300934206755
1995-06-07,32.8,22.2,0.0,37.28706060209775
1995-06-08,33.9,22.8,0.0,38.9300934206755
1995-06-09,35.5,25.5,0.0,40.2929255059178
1995-06-10,34.4,24.4,0.3,38.9300934206755
1995-06-11,33.9,21.7,15.7,37.53411675461114
1995-06-12,30.6,21.7,17.3,34.50475153044439
1995-06-13,28.9,21.7,0.8,32.41612358849779
1995-06-14,31.1,18.9,0.0,31.20833997777773
1995-06-15,29.4,22.2,0.0,30.27919129239121
1995-06-16,31.6,22.2,0.0,32.41612358849779
1995-06-17,30.0,21.1,0.0,32.78368005370444
1995-06-18,30.5,22.2,0.0,32.1730718510555
1995-06-19,31.1,21.1,0.0,32.02327019841567
1995-06-20,31.1,21.1,0.0,32.94917448145782
1995-06-21,28.9,21.7,1.0,31.557488575164523
1995-06-22,31.1,23.3,4.8,35.845619555884504
1995-06-23,26.6,22.2,0.0,33.017220703591164
1995-06-24,23.9,20.0,20.8,25.413611111111113
1995-06-25,32.2,21.1,49.5,35.31575843611568
1995-06-26,31.1,21.7,4.3,36.396860131671104
1995-06-27,33.3,21.7,0.0,36.71405648259565
1995-06-28,32.2,25.0,0.0,36.343957807751195
1995-06-29,34.4,22.8,13.0,38.16772704802459
1995-06-30,32.7,23.8,1.0,36.83724503482447
1995-07-01,34.4,22.8,0.0,36.03057495519112
1995-07-02,32.8,23.9,0.0,35.42378898123564
1995-07-03,34.4,22.2,0.0,36.03057495519112
1995-07-04,35.0,25.5,0.0,38.7622484503178
1995-07-05,35.0,25.5,0.0,38.288741326417735
1995-07-06,35.0,25.0,0.0,38.49010247777784
1995-07-07,35.0,24.4,4.8,38.15792965555557
1995-07-08,34.4,22.8,0.0,39.9103602111111
1995-07-09,34.4,24.4,0.0,36.40425372780442
1995-07-10,33.9,22.8,0.0,38.49010247777784
1995-07-11,31.7,22.8,2.0,35.081508328871045
1995-07-12,33.3,23.3,0.5,36.60358037643559
1995-07-13,33.3,21.7,3.6,36.251057508735634
1995-07-14,33.3,22.8,6.4,37.862377641795575
1995-07-15,35.0,23.3,0.0,39.64739735793769
1995-07-16,35.0,22.2,19.8,39.9103602111111
1995-07-17,26.1,23.8,10.4,26.46416666666667
1995-07-18,28.9,21.7,4.8,34.50475153044439
1995-07-19,33.9,23.3,0.0,38.9300934206755
1995-07-20,35.5,23.8,26.7,41.47712425555566
1995-07-21,32.8,24.4,8.9,41.06150013175797
1995-07-22,34.4,25.5,0.0,40.018925928675564
1995-07-23,34.4,24.4,0.3,42.400736190204526
1995-07-24,34.4,22.8,21.6,39.32963623612454
1995-07-25,32.2,22.2,17.0,39.45939653455793
1995-07-26,32.2,23.3,0.0,37.862377641795575
1995-07-27,30.5,23.8,0.5,34.331803355555614
1995-07-28,31.1,22.2,2.3,36.343957807751195
1995-07-29,30.5,23.8,0.0,34.038157929555396
1995-07-30,33.3,25.0,0.0,38.846038964051104
1995-07-31,33.3,24.4,0.0,38.7622484503178
1995-08-01,30.6,23.3,3.6,35.845619555884504
1995-08-02,26.7,23.3,71.6,30.084231424035554
1995-08-03,30.5,23.8,0.0,33.161839849111075
1995-08-04,32.2,23.3,6.1,45.82647588651561
1995-08-05,32.8,23.9,0.0,42.31544614444459
1995-08-06,33.9,22.8,0.0,38.16772704802459
1995-08-07,33.9,23.3,0.0,39.181918055555634
1995-08-08,34.4,23.9,0.0,38.9300934206755
1995-08-09,32.8,25.0,0.0,42.45766400785797
1995-08-10,32.2,25.0,0.0,37.945692865671134
1995-08-11,33.3,25.0,4.3,37.51950270193562
1995-08-12,32.8,22.8,11.7,37.02505731228452
1995-08-13,33.8,24.4,0.0,37.6348463880356
1995-08-14,36.1,24.4,0.0,40.0636011773511
1995-08-15,35.6,26.1,0.0,44.31858439299562
1995-08-16,35.0,25.0,0.0,36.98420724259553
1995-08-17,35.0,24.4,0.0,40.288316255555614
1995-08-18,35.6,25.6,3.0,41.06247650461122
1995-08-19,34.4,23.3,1.3,35.03801755555546
1995-08-20,33.3,22.8,25.9,33.621580418115514
1995-08-21,31.7,23.3,5.8,35.24018513261102
1995-08-22,33.9,24.4,0.0,40.82959411971574
1995-08-23,29.4,24.4,2.0,35.75416966794443
1995-08-24,27.2,23.3,75.7,33.017220703591164
1995-08-25,31.1,24.4,1.5,36.839007859944346
1995-08-26,31.7,24.4,11.4,36.29964811111102
1995-08-27,33.3,24.4,0.8,41.06150013175797
1995-08-28,34.4,25.0,0.0,40.018925928675564
1995-08-29,28.3,23.9,9.4,37.02505731228452
1995-08-30,28.9,25.0,6.6,35.8776148755378
1995-08-31,32.8,25.6,0.0,37.86849669121564
1995-09-01,29.4,24.4,1.3,33.621580418115514
1995-09-02,33.3,23.9,0.0,37.4511727004512
1995-09-03,32.7,24.4,0.0,36.83724503482447
1995-09-04,31.1,23.3,0.0,34.50475153044439
1995-09-05,31.7,22.8,0.0,35.31575843611568
1995-09-06,30.5,23.3,19.3,33.59052070244432
1995-09-07,28.9,22.8,0.0,31.55937428402463
1995-09-08,32.8,22.2,0.0,33.882145611111156
1995-09-09,31.7,21.7,15.5,33.44940924444435
1995-09-10,31.7,22.2,0.8,35.31575843611568
1995-09-11,32.2,22.2,0.0,38.16772704802459
1995-09-12,32.2,23.3,0.0,36.396860131671104
1995-09-13,33.9,23.9,0.0,38.09284050561563
1995-09-14,33.9,23.9,0.0,36.343957807751195
1995-09-15,33.9,24.4,0.0,40.018925928675564
1995-09-16,31.7,23.9,2.3,34.80727677236455
1995-09-17,33.9,22.8,0.0,37.862377641795575
1995-09-18,32.7,25.0,0.0,40.18428475833564
1995-09-19,33.3,23.3,0.0,36.343957807751195
1995-09-20,32.2,21.1,0.0,34.48873600083557
1995-09-21,33.3,22.2,0.0,35.781684200924495
1995-09-22,33.9,23.3,0.0,36.83724503482447
1995-09-23,33.3,22.2,4.8,40.0636011773511
1995-09-24,32.7,22.7,30.7,38.7622484503178
1995-09-25,33.9,23.3,0.0,39.255047193315676
1995-09-26,33.3,23.3,15.2,37.235683568124536
1995-09-27,34.4,22.8,0.0,39.554438450015674
1995-09-28,32.2,22.8,1.3,36.839007859944346
1995-09-29,31.7,22.8,0.0,37.86849669121564
1995-09-30,32.8,23.3,0.0,40.18428475833564
1995-10-01,31.7,23.9,0.0,42.688912093251126
1995-10-02,33.8,23.8,0.0,40.82959411971574
1995-10-03,32.7,24.4,14.5,41.717281624504615
1995-10-04,35.0,26.1,0.5,44.10196965555562
1995-10-05,28.9,24.4,16.5,35.8776148755378
1995-10-06,28.3,23.8,7.9,33.21239039073565
1995-10-07,31.1,22.8,0.0,38.49456536306462
1995-10-08,30.0,22.8,27.2,35.8776148755378
1995-10-09,31.1,23.9,0.3,40.15327216276463
1995-10-10,30.6,23.3,10.9,33.21239039073565
1995-10-11,32.2,23.3,0.0,38.588678564284464
1995-10-12,32.2,23.3,0.0,36.396860131671104
1995-10-13,31.1,23.3,1.0,35.845619555884504
1995-10-14,31.1,23.9,13.5,35.845619555884504
1995-10-15,25.0,20.5,0.0,25.008888888888894
1995-10-16,27.2,16.7,0.0,30.052721355555555
1995-10-17,25.6,21.1,0.0,29.51946449841784
1995-10-18,26.6,23.3,18.3,27.889095839271207
1995-10-19,28.8,23.3,0.0,31.95203121660452
1995-10-20,28.8,21.6,0.0,31.45986535895108
1995-10-21,23.9,13.9,0.0,26.333611111111118
1995-10-22,27.2,13.3,0.0,28.164564010515555
1995-10-23,29.4,18.8,0.0,30.915363245315625
1995-10-24,30.6,20.0,0.0,30.27919129239121
1995-10-25,30.0,21.1,0.0,33.19595416537561
1995-10-26,30.0,21.1,0.0,30.743255411111097
1995-10-27,30.5,21.1,0.0,33.161839849111075
1995-10-28,29.4,18.3,0.0,33.882145611111156
1995-10-29,25.0,14.4,0.0,26.111666666666668
1995-10-30,29.4,16.1,0.0,28.741592507075584
1995-10-31,27.8,19.4,0.0,29.66075088801562
1995-11-01,30.0,22.2,0.5,33.03359425555552
1995-11-02,31.1,21.1,0.0,32.55436176994443
1995-11-03,30.6,21.7,0.0,33.59052070244432
1995-11-04,26.7,15.6,0.0,25.612222222222226
1995-11-05,26.7,15.0,0.0,26.597499999999993
1995-11-06,28.9,17.2,0.0,27.813965985695543
1995-11-07,29.4,17.8,0.0,31.229195675431228
1995-11-08,23.3,11.7,6.4,25.638333333333335
1995-11-09,21.1,8.3,0.0,21.25611111111111
1995-11-10,26.7,12.8,0.0,27.48057455139572
1995-11-11,28.9,16.1,3.8,30.013970098595514
1995-11-12,21.1,6.6,0.0,25.638333333333335
1995-11-13,23.8,10.5,0.0,23.644444444444446
1995-11-14,19.4,11.1,0.0,19.85027777777778
1995-11-15,15.0,6.1,0.0,15.559444444444447
1995-11-16,21.7,5.6,0.0,19.432499999999997
1995-11-17,23.3,7.8,0.0,22.358888888888895
1995-11-18,25.6,12.8,0.0,24.839166666666664
1995-11-19,24.4,13.3,0.0,24.839166666666664
1995-11-20,22.8,13.9,0.5,23.276111111111106
1995-11-21,23.8,16.1,0.0,23.500833333333336
1995-11-22,18.8,9.4,0.0,19.73277777777778
1995-11-23,23.9,6.1,0.0,23.09333333333333
1995-11-24,25.6,11.1,0.0,25.416388888888896
1995-11-25,20.0,9.4,0.0,20.926944444444448
1995-11-26,21.7,8.3,0.0,20.29694444444445
1995-11-27,25.6,10.6,0.0,24.930555555555557
1995-11-28,27.7,16.6,0.0,28.201997486017756
1995-11-29,27.8,18.3,33.0,29.116357702995465
1995-11-30,21.6,13.3,0.0,23.485
1995-12-01,25.6,12.2,0.0,24.17
1995-12-02,23.9,15.6,0.0,23.775000000000002
1995-12-03,26.6,17.2,0.0,26.636666666666667
1995-12-04,23.8,17.2,0.0,23.74888888888889
1995-12-05,27.2,12.8,0.0,26.597499999999993
1995-12-06,26.6,15.5,0.0,26.532222222222217
1995-12-07,26.7,13.9,0.0,26.532222222222217
1995-12-08,26.1,15.6,0.0,26.190000000000005
1995-12-09,27.7,16.6,0.0,28.37011782633774
1995-12-10,20.6,5.0,0.3,23.589444444444435
1995-12-11,18.9,2.2,0.0,17.921666666666667
1995-12-12,21.1,8.3,0.0,21.742499999999993
1995-12-13,22.8,13.3,0.3,27.40917896049557
1995-12-14,26.1,15.0,0.0,26.137777777777778
1995-12-15,26.1,15.0,0.0,26.137777777777778
1995-12-16,26.1,15.0,0.0,26.059444444444452
1995-12-17,26.1,16.1,0.0,25.560000000000006
1995-12-18,27.2,17.2,0.0,26.662777777777777
1995-12-19,24.4,18.3,10.7,24.679166666666667
1995-12-20,18.9,8.9,0.0,21.77833333333333
1995-12-21,12.2,5.0,0.0,10.283333333333328
1995-12-22,12.7,7.2,0.3,12.05472222222222
1995-12-23,13.3,5.5,0.0,12.606388888888887
1995-12-24,10.0,2.2,0.0,9.705555555555556
1995-12-25,11.7,0.0,0.0,10.19194444444444
1995-12-26,15.0,0.6,0.0,13.630833333333333
1995-12-27,13.3,2.2,0.0,11.360000000000005
1995-12-28,12.8,5.6,0.0,10.886666666666665
1995-12-29,18.3,6.6,0.0,18.000000000000004
1995-12-30,25.6,13.9,0.8,23.918611111111108
1995-12-31,18.3,18.3,7.1,24.08833333333334
1996-01-01,21.1,19.4,84.3,21.935000000000002
1996-01-02,27.8,18.9,23.1,26.503333333333345
1996-01-03,20.6,8.9,7.9,23.090000000000007
1996-01-04,15.0,4.4,0.0,12.65861111111111
1996-01-05,17.2,6.6,0.0,16.68833333333333
1996-01-06,21.6,7.7,0.0,21.3475
1996-01-07,21.7,3.9,5.3,20.085277777777783
1996-01-08,7.2,0.0,0.0,5.845555555555551
1996-01-09,13.9,-2.2,0.0,11.91111111111111
1996-01-10,18.9,5.6,0.0,17.004444444444445
1996-01-11,20.0,3.3,0.0,12.580277777777773
1996-01-12,15.6,7.8,11.4,14.87722222222222
1996-01-13,15.0,5.0,0.0,13.591666666666669
1996-01-14,20.6,2.8,0.0,18.841666666666672
1996-01-15,22.2,5.6,0.0,20.022777777777776
1996-01-16,23.3,9.4,0.0,22.554722222222225
1996-01-17,24.4,11.7,0.0,24.405
1996-01-18,28.3,13.9,0.0,27.884784716924493
1996-01-19,20.6,7.8,0.0,22.554722222222225
1996-01-20,17.8,3.9,0.0,16.936388888888885
1996-01-21,23.9,12.8,0.0,22.698333333333334
1996-01-22,23.3,9.4,0.0,22.02972222222221
1996-01-23,25.6,10.0,0.0,24.300555555555555
1996-01-24,26.7,16.7,2.5,26.059444444444452
1996-01-25,19.4,7.8,0.0,22.26472222222221
1996-01-26,24.4,13.9,2.3,25.507777777777775
1996-01-27,26.7,12.2,0.0,26.597499999999993
1996-01-28,21.1,6.1,0.0,21.308333333333326
1996-01-29,26.1,11.1,0.0,25.955000000000002
1996-01-30,26.1,11.1,0.0,25.429444444444442
1996-01-31,27.2,12.8,0.0,27.23515810385777
1996-02-01,26.7,16.1,0.0,26.111666666666668
1996-02-02,29.4,16.1,10.2,29.180029987271137
1996-02-03,20.0,10.0,26.2,26.137777777777778
1996-02-04,10.0,0.0,0.0,12.82833333333333
1996-02-05,11.1,-3.3,0.0,9.285
1996-02-06,17.2,2.8,0.0,14.851111111111111
1996-02-07,20.6,6.7,0.0,18.159444444444446
1996-02-08,23.9,8.3,0.0,19.102777777777778
1996-02-09,24.4,8.9,0.0,23.067222222222213
1996-02-10,23.9,11.1,0.0,23.236944444444443
1996-02-11,25.0,12.8,0.0,23.696666666666665
1996-02-12,17.8,9.4,0.0,20.479722222222232
1996-02-13,15.6,3.9,0.0,13.461111111111114
1996-02-14,22.8,1.7,0.0,21.977499999999992
1996-02-15,22.8,13.3,2.3,22.329999999999995
1996-02-16,17.7,4.4,0.0,18.456944444444442
1996-02-17,12.2,0.6,0.0,10.508055555555554
1996-02-18,19.4,1.7,0.0,18.198611111111113
1996-02-19,23.3,9.4,0.0,22.34583333333333
1996-02-20,26.7,10.6,0.0,25.507777777777775
1996-02-21,25.6,14.4,0.0,24.196111111111108
1996-02-22,27.8,15.6,0.0,27.543531976835535
1996-02-23,27.8,16.7,0.0,26.21611111111112
1996-02-24,28.9,17.8,0.0,28.89326381961784
1996-02-25,28.9,16.1,0.0,28.601447857571216
1996-02-26,28.3,17.2,0.0,28.201997486017756
1996-02-27,29.4,15.0,0.0,27.887884359991105
1996-02-28,28.9,15.0,0.0,28.164564010515555
1996-02-29,21.7,13.9,0.0,23.80111111111111
1996-03-01,16.1,11.7,17.3,14.97888888888889
1996-03-02,17.2,11.7,30.0,15.977222222222224
1996-03-03,21.7,10.0,0.0,19.78777777777778
1996-03-04,24.4,10.5,0.0,24.091666666666672
1996-03-05,26.6,12.7,0.0,26.493055555555557
1996-03-06,30.0,16.1,0.0,28.601447857571216
1996-03-07,30.6,17.2,5.1,30.743255411111097
1996-03-08,17.2,4.4,0.0,26.24222222222223
1996-03-09,13.9,0.6,0.0,11.60805555555556
1996-03-10,14.4,5.0,12.4,13.20694444444444
1996-03-11,11.7,6.7,53.6,10.319166666666668
1996-03-12,20.0,6.1,0.0,17.67361111111111
1996-03-13,22.2,5.0,0.0,19.918333333333337
1996-03-14,25.0,7.8,0.0,22.832222222222214
1996-03-15,26.1,10.0,0.0,24.669444444444444
1996-03-16,27.2,12.2,0.0,25.981111111111122
1996-03-17,28.9,12.8,0.0,28.007127103084443
1996-03-18,29.4,16.7,22.1,29.40332492908447
1996-03-19,22.7,12.2,0.0,23.050833333333333
1996-03-20,18.3,7.2,0.0,16.623055555555553
1996-03-21,15.6,6.1,0.0,14.798888888888891
1996-03-22,19.4,5.0,0.0,18.081111111111113
1996-03-23,22.8,5.6,0.0,20.522222222222222
1996-03-24,24.4,13.3,0.0,23.605277777777772
1996-03-25,28.3,15.0,0.0,26.95966309799115
1996-03-26,29.4,17.8,0.0,28.601447857571216
1996-03-27,27.7,17.2,9.9,28.728486061591177
1996-03-28,30.0,17.2,51.1,30.6159912848178
1996-03-29,26.7,17.2,0.0,25.74277777777778
1996-03-30,26.7,17.8,39.1,25.74277777777778
1996-03-31,26.7,15.6,10.2,25.612222222222226
1996-04-01,26.1,13.9,0.0,25.507777777777775
1996-04-02,21.1,10.6,0.0,20.140277777777776
1996-04-03,25.0,11.1,0.0,24.760833333333338
1996-04-04,27.2,13.3,0.0,25.99416666666667
1996-04-05,28.3,16.1,0.0,27.67166112575778
1996-04-06,26.1,16.1,0.0,25.035
1996-04-07,23.9,14.4,0.0,22.554722222222225
1996-04-08,23.3,14.4,0.0,22.58083333333333
1996-04-09,25.0,15.0,0.0,24.17
1996-04-10,21.1,9.4,0.0,21.96444444444444
1996-04-11,25.0,7.8,0.0,21.690277777777773
1996-04-12,27.2,10.6,0.0,26.414722222222217
1996-04-13,30.0,17.2,0.0,28.164564010515555
1996-04-14,28.8,17.7,0.0,28.968713974595556
1996-04-15,32.2,18.3,3.8,31.348378167197765
1996-04-16,24.4,14.4,0.0,22.936666666666667
1996-04-17,27.2,11.7,0.0,25.142222222222223
1996-04-18,28.3,16.1,0.0,26.427777777777774
1996-04-19,29.4,15.6,0.0,27.35456218899553
1996-04-20,30.6,17.2,0.0,29.167844777777734
1996-04-21,30.6,17.2,0.0,29.180029987271137
1996-04-22,31.7,18.9,0.0,30.550967863277705
1996-04-23,31.7,17.8,0.0,28.831629050151108
1996-04-24,27.2,17.8,0.0,27.744338156835607
1996-04-25,31.7,16.7,0.0,29.56310813900446
1996-04-26,33.3,20.0,0.0,30.838000224675568
1996-04-27,33.3,18.9,0.0,30.03482088461109
1996-04-28,32.8,21.1,0.0,33.19595416537561
1996-04-29,34.4,22.8,0.0,35.22748101695786
1996-04-30,26.7,20.6,13.5,30.28317007140459
1996-05-01,28.9,17.8,0.0,26.137777777777778
1996-05-02,27.7,17.2,0.0,29.116357702995465
1996-05-03,32.2,20.0,0.0,32.6347006444444
1996-05-04,33.9,21.7,0.0,32.752115369555526
1996-05-05,33.3,21.1,0.0,32.60608745420442
1996-05-06,32.8,20.6,0.0,32.60608745420442
1996-05-07,33.9,18.9,0.0,32.560202323384516
1996-05-08,31.7,21.1,0.0,31.043001335615575
1996-05-09,32.8,21.1,0.0,31.043001335615575
1996-05-10,31.7,20.0,0.0,30.15674898911109
1996-05-11,32.2,21.1,0.0,30.69185234155549
1996-05-12,32.2,21.1,0.0,30.55639141532456
1996-05-13,33.3,21.1,0.0,30.550967863277705
1996-05-14,32.2,20.6,0.0,30.182367477777778
1996-05-15,31.1,20.0,0.0,30.550967863277705
1996-05-16,31.1,20.0,0.0,31.348378167197765
1996-05-17,33.3,20.6,0.0,32.02327019841567
1996-05-18,32.8,20.0,0.0,31.04908144444437
1996-05-19,34.4,20.0,0.0,31.399100778951137
1996-05-20,33.3,22.8,0.0,32.39278539805116
1996-05-21,25.6,22.8,17.8,29.105816139857836
1996-05-22,32.8,23.3,0.0,32.25272841111113
1996-05-23,33.3,21.7,0.0,33.59052070244432
1996-05-24,33.9,22.8,0.0,34.80727677236455
1996-05-25,32.8,22.8,17.8,32.65017861212461
1996-05-26,32.8,22.8,0.5,32.65017861212461
1996-05-27,34.4,22.2,0.0,29.96776519201776
1996-05-28,33.9,22.2,23.1,35.081508328871045
1996-05-29,32.8,22.2,35.1,36.287110577055415
1996-05-30,32.2,21.6,2.3,34.57882021276444
1996-05-31,31.7,21.1,33.5,30.27919129239121
1996-06-01,28.9,20.0,0.0,28.696246040435614
1996-06-02,28.9,20.0,0.0,26.662777777777777
1996-06-03,31.1,18.3,0.0,29.40332492908447
1996-06-04,30.5,20.0,0.0,30.15674898911109
1996-06-05,33.9,20.0,0.0,32.65017861212461
1996-06-06,34.4,20.6,0.0,32.1730718510555
1996-06-07,35.0,22.2,0.0,33.356838967857776
1996-06-08,33.3,22.2,13.7,34.038157929555396
1996-06-09,33.9,22.8,2.5,35.24517878083567
1996-06-10,32.8,22.2,14.0,35.31575843611568
1996-06-11,32.2,21.7,33.0,32.62913009207105
1996-06-12,31.7,22.2,0.0,31.229195675431228
1996-06-13,33.9,22.2,0.0,36.396860131671104
1996-06-14,34.4,23.3,0.0,34.57882021276444
1996-06-15,33.9,22.2,21.1,33.410108517217864
1996-06-16,32.2,22.2,2.3,31.258456716495616
1996-06-17,30.6,23.3,7.6,31.226884740435462
1996-06-18,33.9,23.3,3.8,33.85445181291555
1996-06-19,32.8,22.2,19.6,35.24018513261102
1996-06-20,32.8,22.8,20.3,31.900241944515585
1996-06-21,31.7,22.8,10.2,32.35495978132455
1996-06-22,31.7,24.4,0.0,34.331803355555614
1996-06-23,35.0,24.4,0.0,37.862377641795575
1996-06-24,35.0,24.4,4.8,44.15640221095119
1996-06-25,36.7,25.0,0.0,41.769801384924484
1996-06-26,35.6,25.6,0.0,29.464550599395743
1996-06-27,31.7,23.3,2.5,23.74611111111111
1996-06-28,31.7,23.9,5.6,22.643333333333324
1996-06-29,31.7,23.3,4.3,36.396860131671104
1996-06-30,31.1,22.2,0.0,32.25272841111113
1996-07-01,32.2,20.6,0.0,22.355000000000004
1996-07-02,33.9,21.7,0.0,25.37444444444445
1996-07-03,33.9,23.9,0.0,25.37444444444445
1996-07-04,31.7,21.7,35.1,26.42444444444444
1996-07-05,30.0,22.8,9.1,24.455000000000002
1996-07-06,31.7,22.2,14.0,23.483333333333338
1996-07-07,31.1,22.8,0.0,23.483333333333338
1996-07-08,32.8,24.4,0.0,26.555000000000003
1996-07-09,31.7,23.9,1.3,25.43972222222222
1996-07-10,33.9,22.2,0.0,39.162484632444624
1996-07-11,32.8,25.0,1.3,36.4345424671111
1996-07-12,33.9,23.3,33.5,38.139577415111084
1996-07-13,33.3,23.3,0.0,36.775126332444664
1996-07-14,33.9,23.3,0.0,39.441867661777856
1996-07-15,32.8,24.4,0.8,35.91511605511118
1996-07-16,32.8,24.4,1.0,39.34321640355578
1996-07-17,32.8,24.4,0.0,36.87690864355567
1996-07-18,33.3,23.3,0.0,36.87690864355567
1996-07-19,33.9,21.7,0.0,36.51626202977783
1996-07-20,34.4,23.3,0.0,49.389561887111284
1996-07-21,34.4,23.3,0.0,38.39286542044457
1996-07-22,35.0,23.3,0.0,37.417663543111225
1996-07-23,34.4,24.4,0.5,38.39286542044457
1996-07-24,32.8,23.9,1.3,38.139577415111084
1996-07-25,35.0,21.7,0.0,38.39286542044457
1996-07-26,35.6,23.3,0.0,32.72727353155561
1996-07-27,36.1,21.7,0.0,26.42444444444444
1996-07-28,35.6,20.0,0.0,30.66645219955549
1996-07-29,34.4,22.8,0.0,30.66645219955549
1996-07-30,34.4,23.3,0.0,37.417663543111225
1996-07-31,34.4,23.3,5.3,34.59919833644446
1996-08-01,33.9,22.8,120.1,37.417663543111225
1996-08-02,33.3,22.8,0.5,35.91511605511118
1996-08-03,32.8,22.2,38.6,35.35430882977785
1996-08-04,32.8,22.2,0.3,36.775126332444664
1996-08-05,32.8,23.9,2.8,38.39286542044457
1996-08-06,32.2,23.9,3.0,36.775126332444664
1996-08-07,32.8,23.9,3.3,36.4345424671111
1996-08-08,31.7,22.8,1.5,33.49447846311105
1996-08-09,33.3,22.8,0.0,35.35430882977785
1996-08-10,33.3,22.8,19.6,36.005812703555684
1996-08-11,30.6,23.9,2.8,35.03801755555546
1996-08-12,31.1,22.8,11.2,36.4345424671111
1996-08-13,32.8,22.8,7.9,36.005812703555684
1996-08-14,31.7,22.2,0.3,34.59919833644446
1996-08-15,32.2,22.8,6.6,36.87690864355567
1996-08-16,33.3,21.1,0.0,35.91511605511118
1996-08-17,33.3,22.8,10.4,36.87690864355567
1996-08-18,30.6,23.3,0.0,33.239386577777815
1996-08-19,33.3,23.3,4.1,40.627568440444726
1996-08-20,31.7,23.9,5.3,35.35430882977785
1996-08-21,31.1,23.9,0.0,34.59919833644446
1996-08-22,31.7,22.8,0.0,33.45426527955562
1996-08-23,31.7,21.7,0.0,32.45798420844449
1996-08-24,31.7,20.6,0.0,33.239386577777815
1996-08-25,32.8,21.1,9.7,34.00097096844453
1996-08-26,32.8,21.1,18.3,33.45426527955562
1996-08-27,32.8,21.7,0.0,34.855849563555616
1996-08-28,32.8,23.3,3.8,36.4345424671111
1996-08-29,33.3,22.8,0.0,36.4345424671111
1996-08-30,31.7,23.9,3.3,35.35430882977785
1996-08-31,32.8,23.3,14.5,35.35430882977785
1996-09-01,33.3,23.9,0.0,35.91511605511118
1996-09-02,34.4,25.0,0.0,38.139577415111084
1996-09-03,34.4,21.7,38.9,39.34321640355578
1996-09-04,32.8,23.9,0.0,36.775126332444664
1996-09-05,33.3,24.4,0.0,36.87690864355567
1996-09-06,32.8,23.3,20.6,38.139577415111084
1996-09-07,33.3,23.3,4.1,37.417663543111225
1996-09-08,33.9,22.8,0.0,36.005812703555684
1996-09-09,29.4,22.2,6.4,34.1048593111111
1996-09-10,31.1,22.2,51.3,34.1048593111111
1996-09-11,30.6,22.2,8.4,35.35430882977785
1996-09-12,31.7,21.7,0.0,34.59919833644446
1996-09-13,32.8,22.2,0.0,33.45426527955562
1996-09-14,31.7,21.7,0.0,33.02082296755563
1996-09-15,32.2,22.8,0.0,35.35430882977785
1996-09-16,33.3,22.8,8.1,38.139577415111084
1996-09-17,33.3,23.9,2.0,39.34321640355578
1996-09-18,31.1,23.9,1.3,33.7775135702222
1996-09-19,31.7,22.8,0.0,35.35430882977785
1996-09-20,29.4,22.8,0.0,31.34656448977779
1996-09-21,30.0,22.2,5.8,34.1048593111111
1996-09-22,27.8,21.7,1.0,31.946091963555528
1996-09-23,30.6,19.4,0.0,29.42344713511115
1996-09-24,30.6,17.8,0.0,30.912882311555524
1996-09-25,30.6,18.9,0.0,31.87245595155562
1996-09-26,31.1,20.6,0.0,34.126960103555646
1996-09-27,31.1,21.1,0.0,34.855849563555616
1996-09-28,32.2,20.6,0.0,34.855849563555616
1996-09-29,33.3,21.7,4.6,38.39286542044457
1996-09-30,31.7,22.2,1.0,36.775126332444664
1996-10-01,29.4,23.9,6.9,35.63663782311095
1996-10-02,27.8,23.3,0.3,32.72727353155561
1996-10-03,27.8,22.2,13.0,30.12494065911117
1996-10-04,28.3,21.7,18.3,25.37444444444445
1996-10-05,27.2,22.2,5.3,31.34656448977779
1996-10-06,26.7,21.1,17.5,26.42444444444444
1996-10-07,26.7,21.7,14.2,31.803961143555494
1996-10-08,27.8,20.0,5.6,33.7775135702222
1996-10-09,27.8,17.2,0.0,29.19618301911106
1996-10-10,26.1,15.6,0.0,26.03277777777778
1996-10-11,26.7,14.4,0.0,30.15387115511095
1996-10-12,27.2,16.7,0.0,33.7775135702222
1996-10-13,27.2,18.9,0.0,30.12494065911117
1996-10-14,28.9,17.8,0.0,29.232366431555484
1996-10-15,27.8,18.3,0.0,29.90886722755556
1996-10-16,27.8,20.6,0.0,26.359166666666667
1996-10-17,29.4,21.7,2.3,31.946091963555528
1996-10-18,28.9,21.1,0.0,30.15387115511095
1996-10-19,22.8,11.1,0.0,24.311388888888892
1996-10-20,23.3,8.9,0.0,22.556388888888897
1996-10-21,26.7,9.4,0.0,25.745555555555562
1996-10-22,28.3,13.3,0.0,28.53942504177774
1996-10-23,29.4,15.6,0.0,30.052721355555555
1996-10-24,30.0,18.9,0.0,30.15387115511095
1996-10-25,30.0,17.8,0.0,31.371828855555602
1996-10-26,31.1,18.9,0.0,31.36906995955557
1996-10-27,30.0,21.1,0.0,31.887677555555513
1996-10-28,30.0,20.0,0.0,30.052721355555555
1996-10-29,30.0,17.8,0.0,30.30655435155552
1996-10-30,30.0,18.9,0.0,30.30655435155552
1996-10-31,30.6,16.1,0.0,30.733060379555532
1996-11-01,30.0,18.3,0.0,30.894053255555573
1996-11-02,29.4,16.7,0.0,31.371828855555602
1996-11-03,23.9,10.0,0.0,26.176388888888894
1996-11-04,27.8,14.4,0.0,27.66945627244443
1996-11-05,30.6,17.8,0.0,30.733060379555532
1996-11-06,30.6,18.9,0.0,30.30655435155552
1996-11-07,31.1,20.0,3.8,32.42304028755553
1996-11-08,30.6,14.4,1.3,30.733060379555532
1996-11-09,18.9,9.4,0.0,17.37166666666667
1996-11-10,20.6,7.8,0.0,18.291111111111114
1996-11-11,20.6,8.9,0.0,19.549999999999997
1996-11-12,22.2,10.0,0.0,13.485000000000001
1996-11-13,24.4,13.3,0.0,15.898333333333332
1996-11-14,25.6,14.4,0.0,24.076388888888893
1996-11-15,25.0,17.8,2.5,23.0263888888889
1996-11-16,25.0,17.2,0.0,24.891388888888894
1996-11-17,26.1,16.7,0.0,25.954444444444448
1996-11-18,25.6,15.6,0.0,24.930555555555557
1996-11-19,26.7,13.3,0.0,27.126322248444506
1996-11-20,25.6,16.1,0.8,24.128611111111113
1996-11-21,28.3,16.7,0.0,27.939517511555696
1996-11-22,22.8,11.1,0.0,24.128611111111113
1996-11-23,24.4,9.4,0.0,23.84138888888889
1996-11-24,25.0,13.9,0.0,25.87611111111111
1996-11-25,28.3,15.6,0.0,28.274843087111044
1996-11-26,22.8,11.7,9.9,25.074166666666667
1996-11-27,21.7,10.0,0.0,21.871944444444438
1996-11-28,23.3,11.7,0.0,21.819722222222218
1996-11-29,23.9,11.1,0.0,22.869722222222226
1996-11-30,26.7,15.0,0.0,27.297443267111174
1996-12-01,28.3,16.7,14.7,27.66945627244443
1996-12-02,21.7,11.7,0.0,21.305
1996-12-03,22.8,10.6,0.0,21.871944444444438
1996-12-04,22.2,8.9,0.0,21.728333333333328
1996-12-05,23.9,11.1,0.5,23.0263888888889
1996-12-06,26.1,13.3,0.0,25.074166666666667
1996-12-07,20.6,16.1,37.1,22.14611111111111
1996-12-08,19.4,10.0,0.0,19.28333333333334
1996-12-09,17.2,5.0,0.0,16.13888888888889
1996-12-10,21.1,2.8,0.0,20.508611111111115
1996-12-11,23.9,6.7,0.0,23.84138888888889
1996-12-12,25.6,10.6,0.0,25.87611111111111
1996-12-13,26.1,12.8,0.0,24.076388888888893
1996-12-14,22.8,10.0,0.0,21.62388888888889
1996-12-15,23.3,10.6,0.0,21.819722222222218
1996-12-16,23.3,10.6,0.0,21.819722222222218
1996-12-17,25.0,11.1,0.0,24.891388888888894
1996-12-18,25.0,12.2,0.0,23.880555555555556
1996-12-19,18.3,2.8,1.0,19.915555555555557
1996-12-20,7.8,1.1,0.0,6.017499999999999
1996-12-21,14.4,4.4,1.0,12.748333333333335
1996-12-22,23.3,8.3,0.0,21.819722222222218
1996-12-23,23.9,10.0,0.0,23.80222222222222
1996-12-24,25.6,11.1,0.0,25.954444444444448
1996-12-25,20.0,8.9,0.0,20.80888888888889
1996-12-26,26.7,12.8,0.0,27.478487941777765
1996-12-27,25.0,16.1,0.0,23.19611111111112
1996-12-28,25.6,15.6,0.0,24.128611111111113
1996-12-29,27.8,16.1,0.0,27.939517511555696
1996-12-30,27.2,17.2,0.0,28.22722080577791
1996-12-31,20.0,20.0,0.0,26.176388888888894
1997-01-01,26.7,15.0,0.0,26.085
1997-01-02,26.7,14.4,0.0,25.954444444444448
1997-01-03,26.1,12.2,0.0,25.021944444444447
1997-01-04,27.2,11.7,0.0,27.126322248444506
1997-01-05,27.8,14.4,0.0,28.274843087111044
1997-01-06,27.8,14.4,0.0,27.939517511555696
1997-01-07,27.8,13.3,0.0,28.274843087111044
1997-01-08,26.7,15.0,0.0,27.478487941777765
1997-01-09,28.9,12.2,8.6,28.22722080577791
1997-01-10,15.0,9.4,0.0,15.833055555555555
1997-01-11,21.1,2.8,0.0,18.617500000000007
1997-01-12,21.1,10.0,0.0,20.678333333333335
1997-01-13,20.0,10.0,0.8,18.813333333333336
1997-01-14,19.4,12.2,2.8,19.06138888888889
1997-01-15,20.0,12.8,5.1,19.126666666666665
1997-01-16,23.9,9.4,0.0,23.19611111111112
1997-01-17,11.7,2.2,0.0,13.55027777777778
1997-01-18,8.9,0.0,0.0,7.751944444444447
1997-01-19,13.9,-3.3,0.0,12.905
1997-01-20,18.3,2.2,0.0,17.34555555555556
1997-01-21,22.2,2.8,0.0,22.608611111111117
1997-01-22,25.0,9.4,0.0,24.813055555555554
1997-01-23,26.1,8.3,0.0,26.085
1997-01-24,27.8,11.1,1.3,28.274843087111044
1997-01-25,24.4,13.9,4.1,23.19611111111112
1997-01-26,22.8,10.0,0.0,22.7913888888889
1997-01-27,21.1,11.7,3.0,22.08083333333333
1997-01-28,27.2,11.1,0.0,26.81385117911107
1997-01-29,26.7,13.9,0.5,26.085
1997-01-30,16.7,9.4,2.5,21.096111111111114
1997-01-31,17.2,7.8,0.0,16.504444444444445
1997-02-01,22.2,1.7,0.0,21.50638888888889
1997-02-02,23.9,5.6,0.0,21.780555555555548
1997-02-03,25.6,10.0,0.0,23.880555555555556
1997-02-04,27.2,10.6,0.0,27.297443267111174
1997-02-05,27.8,17.2,0.0,28.53942504177774
1997-02-06,26.7,16.1,0.0,26.085
1997-02-07,26.1,16.1,4.8,25.126388888888894
1997-02-08,27.8,15.0,6.1,26.176388888888894
1997-02-09,23.9,11.7,0.0,22.921944444444446
1997-02-10,18.0,13.0,0.8,17.946111111111108
1997-02-11,18.3,8.9,0.0,16.46527777777778
1997-02-12,23.9,6.7,0.0,22.713055555555563
1997-02-13,30.0,13.3,0.0,29.90886722755556
1997-02-14,31.1,18.3,17.3,31.87245595155562
1997-02-15,23.9,13.3,7.1,23.326666666666668
1997-02-16,18.9,12.8,21.1,17.880833333333335
1997-02-17,22.8,11.1,0.0,21.689166666666665
1997-02-18,25.6,11.7,0.0,25.91527777777778
1997-02-19,27.8,17.2,0.0,26.176388888888894
1997-02-20,27.8,17.8,0.0,28.922434379555526
1997-02-21,30.6,18.9,0.0,30.63497851511113
1997-02-22,30.6,16.1,2.3,29.689165055555495
1997-02-23,24.4,15.0,0.0,24.076388888888893
1997-02-24,25.6,15.0,0.0,24.076388888888893
1997-02-25,26.1,15.6,1.8,26.124166666666675
1997-02-26,29.4,17.2,0.0,29.42344713511115
1997-02-27,30.6,17.2,0.8,30.454350755555513
1997-02-28,30.6,18.3,0.0,31.36906995955557
1997-03-01,30.0,18.3,0.0,29.90886722755556
1997-03-02,31.1,18.3,0.0,31.87245595155562
1997-03-03,30.6,18.3,0.0,30.912882311555524
1997-03-04,30.6,17.8,0.0,30.894053255555573
1997-03-05,30.6,17.2,0.0,29.90886722755556
1997-03-06,28.9,14.4,0.0,29.093004120444423
1997-03-07,26.1,10.6,0.0,24.852222222222228
1997-03-08,28.9,13.9,0.0,27.66431045955554
1997-03-09,27.2,14.4,0.0,27.297443267111174
1997-03-10,28.9,14.4,0.0,28.029696888444366
1997-03-11,30.0,15.6,0.0,28.199663933777813
1997-03-12,30.0,17.8,15.5,29.093004120444423
1997-03-13,25.0,18.9,14.5,24.193888888888893
1997-03-14,23.9,17.8,31.2,24.311388888888892
1997-03-15,26.7,16.7,0.0,27.126322248444506
1997-03-16,25.6,13.9,0.0,23.72388888888889
1997-03-17,26.1,13.9,0.0,25.91527777777778
1997-03-18,26.7,17.8,0.0,26.81385117911107
1997-03-19,28.3,15.0,0.0,27.803986445777756
1997-03-20,26.1,16.1,1.8,25.074166666666667
1997-03-21,27.8,17.2,12.2,26.124166666666675
1997-03-22,28.9,17.2,0.0,27.352912241777727
1997-03-23,27.2,17.2,0.0,25.87611111111111
1997-03-24,28.9,16.7,0.0,27.803986445777756
1997-03-25,28.9,19.4,0.0,29.42344713511115
1997-03-26,29.4,17.2,0.3,29.90886722755556
1997-03-27,29.4,18.3,0.0,28.274843087111044
1997-03-28,30.6,16.1,0.0,30.052721355555555
1997-03-29,30.6,17.8,12.4,31.34656448977779
1997-03-30,30.0,16.1,0.0,30.30655435155552
1997-03-31,25.6,16.1,0.0,27.66945627244443
1997-04-01,23.3,11.1,0.0,21.48027777777778
1997-04-02,25.0,11.7,0.0,24.786944444444444
1997-04-03,26.1,11.1,0.0,24.747777777777774
1997-04-04,27.2,12.2,0.0,26.49947119244446
1997-04-05,28.9,12.2,0.0,28.274843087111044
1997-04-06,30.6,15.0,0.0,29.093004120444423
1997-04-07,27.8,18.9,1.8,26.359166666666667
1997-04-08,28.3,16.1,0.0,26.419571995111113
1997-04-09,27.8,17.2,0.0,26.965124885777826
1997-04-10,27.8,15.6,0.0,26.81385117911107
1997-04-11,26.7,16.7,0.5,25.021944444444447
1997-04-12,29.4,19.4,5.3,29.42344713511115
1997-04-13,30.0,19.4,0.0,29.232366431555484
1997-04-14,22.8,15.0,23.4,26.085
1997-04-15,20.0,16.7,4.8,20.04611111111111
1997-04-16,21.7,17.2,2.0,22.08083333333333
1997-04-17,26.7,16.7,0.0,26.965124885777826
1997-04-18,21.7,11.7,0.0,20.35194444444444
1997-04-19,26.1,7.8,0.0,23.6325
1997-04-20,27.2,10.6,0.0,26.58378090355558
1997-04-21,28.3,12.2,0.0,28.88871927955556
1997-04-22,32.2,17.8,0.0,30.912882311555524
1997-04-23,26.7,15.6,22.6,24.311388888888892
1997-04-24,26.1,12.2,0.0,24.813055555555554
1997-04-25,28.3,13.3,0.0,27.478487941777765
1997-04-26,24.4,18.9,22.4,24.389722222222222
1997-04-27,32.8,21.1,0.5,35.91511605511118
1997-04-28,25.6,21.1,18.8,30.30655435155552
1997-04-29,26.7,17.8,0.0,26.03277777777778
1997-04-30,27.2,13.9,0.0,27.478487941777765
1997-05-01,29.4,15.0,0.0,28.88871927955556
1997-05-02,31.1,17.2,0.0,33.02082296755563
1997-05-03,33.3,21.7,0.0,34.59919833644446
1997-05-04,28.3,16.7,0.8,30.66645219955549
1997-05-05,26.7,12.8,0.0,26.085
1997-05-06,28.9,14.4,0.0,27.126322248444506
1997-05-07,30.6,15.0,0.0,28.352715167555544
1997-05-08,30.6,16.1,0.0,29.093004120444423
1997-05-09,31.7,16.7,0.0,31.36906995955557
1997-05-10,30.6,16.7,0.0,28.922434379555526
1997-05-11,27.2,17.8,0.0,27.478487941777765
1997-05-12,22.2,20.0,24.1,23.07861111111112
1997-05-13,28.9,16.7,0.0,28.53942504177774
1997-05-14,30.0,16.1,0.0,28.60630777155556
1997-05-15,30.6,17.2,0.0,29.46794591111108
1997-05-16,28.3,20.0,0.0,28.922434379555526
1997-05-17,30.0,20.6,0.0,29.42344713511115
1997-05-18,31.1,18.3,0.0,29.90886722755556
1997-05-19,31.7,21.7,0.8,32.42304028755553
1997-05-20,33.3,21.7,0.0,35.199778739555654
1997-05-21,33.9,21.7,0.0,34.698568305777826
1997-05-22,32.2,21.1,20.6,33.665803991555485
1997-05-23,29.4,22.2,0.0,31.34656448977779
1997-05-24,29.4,21.7,0.0,30.30655435155552
1997-05-25,31.7,20.0,6.4,31.87245595155562
1997-05-26,33.3,21.1,0.0,34.698568305777826
1997-05-27,33.9,21.1,15.0,35.199778739555654
1997-05-28,29.4,20.6,2.0,30.66645219955549
1997-05-29,28.9,19.4,0.0,29.232366431555484
1997-05-30,28.9,19.4,0.0,30.15387115511095
1997-05-31,31.1,21.7,10.9,32.6347006444444
1997-06-01,28.3,20.6,27.4,31.213585699111068
1997-06-02,30.0,18.9,1.8,30.454350755555513
1997-06-03,30.6,16.1,0.0,30.378051760444457
1997-06-04,30.6,20.6,0.0,30.30655435155552
1997-06-05,31.7,21.7,0.0,31.34656448977779
1997-06-06,28.9,20.6,0.0,29.232366431555484
1997-06-07,29.4,18.3,0.0,29.42344713511115
1997-06-08,29.4,19.4,0.0,29.675842565777796
1997-06-09,27.2,22.2,5.3,29.19618301911106
1997-06-10,30.0,21.7,9.7,30.66645219955549
1997-06-11,29.4,22.8,3.6,26.359166666666667
1997-06-12,31.7,21.7,0.8,35.35430882977785
1997-06-13,30.0,22.2,2.5,33.239386577777815
1997-06-14,32.2,22.2,32.0,35.35430882977785
1997-06-15,32.2,22.2,0.0,35.91511605511118
1997-06-16,33.9,21.7,0.0,36.005812703555684
1997-06-17,31.1,22.8,5.8,36.4345424671111
1997-06-18,34.4,22.8,0.0,43.471544428444616
1997-06-19,35.0,22.8,0.0,42.33395740311118
1997-06-20,33.3,22.2,0.3,34.698568305777826
1997-06-21,33.3,20.6,0.8,34.855849563555616
1997-06-22,32.8,22.2,1.3,34.126960103555646
1997-06-23,33.3,22.2,0.0,35.35430882977785
1997-06-24,31.1,21.7,3.3,32.72727353155561
1997-06-25,32.8,23.3,0.0,35.91511605511118
1997-06-26,33.9,22.2,6.9,42.1583627555556
1997-06-27,32.2,23.3,3.3,34.59919833644446
1997-06-28,33.3,21.7,53.3,34.855849563555616
1997-06-29,33.9,22.2,49.5,36.005812703555684
1997-06-30,32.8,23.9,0.8,37.417663543111225
1997-07-01,32.8,22.8,0.0,38.0092205804447
1997-07-02,35.0,24.4,26.4,39.54156081111111
1997-07-03,36.1,24.4,0.0,39.441867661777856
1997-07-04,35.6,22.8,25.7,42.17654097377778
1997-07-05,32.8,22.8,15.7,38.139577415111084
1997-07-06,30.6,21.7,31.5,31.213585699111068
1997-07-07,33.9,22.2,24.9,38.39286542044457
1997-07-08,35.0,22.8,0.3,38.139577415111084
1997-07-09,33.3,22.2,0.0,36.005812703555684
1997-07-10,33.9,22.2,0.0,38.39286542044457
1997-07-11,31.1,22.2,9.7,36.4345424671111
1997-07-12,32.2,21.1,0.3,35.199778739555654
1997-07-13,32.8,22.8,0.0,33.45426527955562
1997-07-14,32.8,22.2,2.0,36.775126332444664
1997-07-15,33.3,22.2,0.0,34.855849563555616
1997-07-16,33.3,21.7,8.9,38.139577415111084
1997-07-17,33.3,22.2,0.3,36.775126332444664
1997-07-18,33.3,22.2,21.8,36.775126332444664
1997-07-19,32.2,22.2,4.3,34.59919833644446
1997-07-20,32.8,22.2,0.0,24.455000000000002
1997-07-21,33.9,22.2,0.0,24.455000000000002
1997-07-22,32.8,23.9,18.8,36.775126332444664
1997-07-23,32.8,23.9,0.0,25.43972222222222
1997-07-24,34.4,23.3,1.3,36.775126332444664
1997-07-25,33.9,23.3,0.5,38.39286542044457
1997-07-26,32.2,22.8,35.6,36.87690864355567
1997-07-27,32.8,22.8,2.5,38.0092205804447
1997-07-28,33.9,22.8,8.1,38.39286542044457
1997-07-29,33.3,22.2,48.0,39.162484632444624
1997-07-30,33.9,22.8,0.0,36.87690864355567
1997-07-31,33.9,23.3,5.8,38.0092205804447
1997-08-01,30.6,23.3,0.0,33.665803991555485
1997-08-02,33.3,22.2,37.3,38.139577415111084
1997-08-03,33.3,22.8,32.3,26.489722222222223
1997-08-04,32.2,22.8,11.4,38.0092205804447
1997-08-05,31.1,24.4,4.1,36.4345424671111
1997-08-06,32.8,22.8,50.0,39.441867661777856
1997-08-07,32.8,22.8,1.8,35.91511605511118
1997-08-08,31.1,22.8,2.8,36.775126332444664
1997-08-09,32.2,23.9,6.1,36.775126332444664
1997-08-10,32.2,23.9,30.5,38.139577415111084
1997-08-11,32.8,23.3,0.0,39.162484632444624
1997-08-12,34.4,23.9,0.0,39.162484632444624
1997-08-13,34.4,24.4,8.6,39.162484632444624
1997-08-14,33.9,23.9,0.0,39.441867661777856
1997-08-15,34.4,24.4,0.0,38.39286542044457
1997-08-16,33.3,23.9,5.6,39.162484632444624
1997-08-17,33.3,23.9,0.0,29.646778983555564
1997-08-18,34.4,23.9,1.5,30.12494065911117
1997-08-19,33.9,24.4,0.0,30.12494065911117
1997-08-20,35.0,23.9,9.9,30.12494065911117
1997-08-21,33.3,24.4,0.3,30.9151124902222
1997-08-22,32.8,23.9,0.0,34.59919833644446
1997-08-23,32.8,23.3,0.0,35.91511605511118
1997-08-24,32.8,22.8,0.0,33.665803991555485
1997-08-25,33.3,23.3,0.8,36.775126332444664
1997-08-26,31.7,22.8,0.0,35.91511605511118
1997-08-27,32.2,21.1,0.0,33.45426527955562
1997-08-28,33.3,18.3,0.0,34.04459294755566
1997-08-29,33.9,21.7,0.0,34.47332644044452
1997-08-30,34.4,21.7,0.0,36.005812703555684
1997-08-31,33.3,21.1,0.0,38.39286542044457
1997-09-01,29.4,22.8,10.4,31.946091963555528
1997-09-02,32.8,23.9,8.1,36.87690864355567
1997-09-03,32.2,23.9,4.6,38.139577415111084
1997-09-04,32.8,23.3,0.0,35.91511605511118
1997-09-05,29.4,21.7,0.0,30.733060379555532
1997-09-06,30.6,20.0,0.0,34.126960103555646
1997-09-07,30.6,21.1,0.3,33.02082296755563
1997-09-08,31.1,19.4,0.0,30.052721355555555
1997-09-09,31.7,21.1,0.0,34.59919833644446
1997-09-10,33.3,21.1,0.0,34.00097096844453
1997-09-11,33.9,21.7,0.0,36.005812703555684
1997-09-12,33.9,22.8,1.5,36.87690864355567
1997-09-13,33.3,21.7,0.0,36.005812703555684
1997-09-14,33.9,22.2,0.0,36.005812703555684
1997-09-15,33.3,21.1,0.3,36.87690864355567
1997-09-16,33.9,21.1,0.0,35.199778739555654
1997-09-17,33.3,21.7,0.0,36.005812703555684
1997-09-18,33.9,21.7,0.0,33.665803991555485
1997-09-19,32.2,19.4,5.6,33.665803991555485
1997-09-20,32.2,20.6,0.0,34.855849563555616
1997-09-21,33.3,19.4,0.0,34.126960103555646
1997-09-22,32.8,21.1,0.0,34.698568305777826
1997-09-23,33.9,22.8,4.6,36.4345424671111
1997-09-24,33.3,22.8,0.0,36.87690864355567
1997-09-25,32.8,23.3,0.0,38.139577415111084
1997-09-26,28.3,23.3,5.3,33.49447846311105
1997-09-27,25.6,23.3,24.1,26.489722222222223
1997-09-28,32.8,22.2,1.0,34.855849563555616
1997-09-29,31.7,21.1,0.0,32.42304028755553
1997-09-30,32.8,20.0,0.0,33.02082296755563
1997-10-01,32.8,20.0,0.0,34.126960103555646
1997-10-02,32.8,18.9,0.0,33.45426527955562
1997-10-03,30.6,20.0,0.0,30.894053255555573
1997-10-04,31.1,20.6,0.0,33.45426527955562
1997-10-05,29.4,21.1,8.4,31.946091963555528
1997-10-06,30.6,20.0,0.0,31.87245595155562
1997-10-07,31.1,18.9,0.0,32.42304028755553
1997-10-08,31.1,21.1,0.3,32.42304028755553
1997-10-09,31.7,21.1,0.0,33.45426527955562
1997-10-10,30.6,20.6,0.0,32.42304028755553
1997-10-11,30.0,19.4,3.8,29.42344713511115
1997-10-12,29.4,21.1,3.6,32.011302207111086
1997-10-13,30.6,20.6,0.0,31.371828855555602
1997-10-14,30.6,20.6,0.3,30.454350755555513
1997-10-15,30.0,18.9,0.0,29.42344713511115
1997-10-16,30.0,19.4,0.0,29.42344713511115
1997-10-17,28.9,18.9,0.0,28.922434379555526
1997-10-18,25.0,18.9,2.5,25.178611111111113
1997-10-19,23.9,15.0,0.0,19.205000000000002
1997-10-20,26.1,13.3,0.0,16.817777777777778
1997-10-21,26.7,11.7,0.0,17.880833333333335
1997-10-22,27.2,10.6,0.0,16.883055555555554
1997-10-23,26.7,14.4,0.0,19.98083333333333
1997-10-24,30.0,12.8,0.0,15.898333333333332
1997-10-25,31.7,20.0,0.0,31.887677555555513
1997-10-26,32.2,19.4,0.0,34.59919833644446
1997-10-27,23.9,14.4,44.2,28.855553559555556
1997-10-28,20.6,9.4,0.0,20.678333333333335
1997-10-29,24.4,12.8,0.0,22.974166666666672
1997-10-30,26.7,16.1,0.0,26.085
1997-10-31,25.6,20.0,44.2,26.359166666666667
1997-11-01,30.6,20.6,0.0,31.371828855555602
1997-11-02,27.8,11.7,5.1,29.646778983555564
1997-11-03,25.0,10.0,0.0,23.80222222222222
1997-11-04,22.2,11.7,0.0,22.647777777777783
1997-11-05,25.0,11.7,0.0,23.932777777777783
1997-11-06,27.2,15.0,0.0,27.478487941777765
1997-11-07,23.9,11.7,0.0,22.921944444444446
1997-11-08,19.4,7.2,0.0,18.578333333333333
1997-11-09,20.0,8.3,0.0,18.930833333333336
1997-11-10,23.9,6.7,0.0,22.830555555555556
1997-11-11,25.0,15.6,0.0,24.747777777777774
1997-11-12,27.2,13.3,0.0,28.22722080577791
1997-11-13,24.4,21.1,36.1,24.455000000000002
1997-11-14,27.8,16.7,33.5,26.293888888888894
1997-11-15,23.3,14.4,0.0,22.713055555555563
1997-11-16,21.1,11.7,0.0,19.628333333333337
1997-11-17,19.4,6.7,0.0,18.578333333333333
1997-11-18,23.9,9.4,0.0,23.80222222222222
1997-11-19,22.2,14.4,0.0,21.91111111111111
1997-11-20,25.0,14.4,0.0,25.021944444444447
1997-11-21,28.3,15.0,0.0,28.922434379555526
1997-11-22,27.8,18.9,0.0,30.66645219955549
1997-11-23,25.0,17.8,0.0,26.293888888888894
1997-11-24,19.4,12.8,0.0,21.226666666666667
1997-11-25,23.3,11.7,0.0,22.7913888888889
1997-11-26,25.0,12.8,0.0,22.974166666666672
1997-11-27,24.4,12.2,0.0,23.84138888888889
1997-11-28,27.2,15.6,0.0,26.085
1997-11-29,23.9,17.2,0.8,24.455000000000002
1997-11-30,22.2,16.7,4.6,24.389722222222222
1997-12-01,20.0,12.2,0.0,22.355000000000004
1997-12-02,25.0,10.0,0.0,25.99361111111111
1997-12-03,26.7,16.1,0.3,26.085
1997-12-04,22.8,18.3,40.9,23.26138888888889
1997-12-05,18.3,11.1,0.0,22.211388888888887
1997-12-06,15.6,5.6,0.0,14.313055555555556
1997-12-07,13.9,2.8,0.0,12.213055555555554
1997-12-08,21.1,5.0,0.0,20.599999999999998
1997-12-09,28.3,14.4,24.6,28.532566155111038
1997-12-10,27.8,19.4,18.3,26.42444444444444
1997-12-11,22.8,20.6,49.5,23.405000000000012
1997-12-12,20.6,15.6,5.8,23.405000000000012
1997-12-13,19.4,15.0,50.3,20.255000000000003
1997-12-14,17.8,10.6,20.1,19.28333333333334
1997-12-15,10.6,7.8,4.8,11.776666666666667
1997-12-16,18.3,7.8,0.0,17.763333333333335
1997-12-17,18.9,7.2,0.0,17.34555555555556
1997-12-18,19.4,5.6,0.0,19.58916666666667
1997-12-19,21.7,6.7,0.0,20.469444444444445
1997-12-20,23.9,8.9,0.0,22.830555555555556
1997-12-21,23.9,12.8,0.0,25.126388888888894
1997-12-22,28.3,18.9,3.6,30.30655435155552
1997-12-23,24.4,19.4,0.3,25.243888888888886
1997-12-24,26.1,19.4,0.0,26.293888888888894
1997-12-25,25.6,20.6,11.9,25.37444444444445
1997-12-26,22.2,17.2,6.6,23.405000000000012
1997-12-27,22.8,10.6,82.6,23.326666666666668
1997-12-28,10.6,6.1,0.0,13.73305555555556
1997-12-29,16.1,6.7,0.0,13.66777777777778
1997-12-30,15.0,5.6,1.3,15.336944444444441
1997-12-31,11.0,11.0,0.0,19.41944444444444
1998-01-01,17.2,3.9,0.0,16.556666666666665
1998-01-02,21.7,8.9,0.0,22.713055555555563
1998-01-03,25.0,14.4,0.0,21.91111111111111
1998-01-04,27.2,15.6,1.3,25.178611111111113
1998-01-05,26.7,18.9,0.0,27.939517511555696
1998-01-06,27.2,18.3,1.8,28.855553559555556
1998-01-07,28.9,22.2,0.0,30.733060379555532
1998-01-08,23.9,18.3,24.1,26.293888888888894
1998-01-09,21.1,13.3,0.0,21.096111111111114
1998-01-10,20.0,9.4,0.0,18.578333333333333
1998-01-11,21.1,8.3,0.0,20.678333333333335
1998-01-12,23.9,9.4,0.0,22.830555555555556
1998-01-13,25.0,11.7,0.0,25.074166666666667
1998-01-14,23.9,15.0,0.0,23.971944444444446
1998-01-15,22.2,17.8,10.2,23.143888888888892
1998-01-16,20.0,11.1,0.3,21.226666666666667
1998-01-17,18.9,8.9,0.0,18.500000000000007
1998-01-18,20.0,8.3,0.0,18.617500000000007
1998-01-19,23.3,11.1,0.0,23.0263888888889
1998-01-20,20.6,7.2,0.0,20.678333333333335
1998-01-21,21.1,12.2,0.3,21.963333333333328
1998-01-22,25.0,15.6,0.0,26.085
1998-01-23,22.2,17.2,9.9,23.326666666666668
1998-01-24,20.0,11.7,0.0,22.276666666666657
1998-01-25,16.1,7.8,0.0,17.105
1998-01-26,19.4,8.3,0.0,19.98083333333333
1998-01-27,23.3,13.3,2.8,23.0263888888889
1998-01-28,18.3,9.4,0.0,17.410833333333333
1998-01-29,18.9,5.6,0.0,18.395555555555553
1998-01-30,20.0,4.4,0.0,18.369444444444444
1998-01-31,18.9,8.3,0.0,18.317222222222224
1998-02-01,22.2,7.2,0.0,22.02861111111111
1998-02-02,22.2,17.8,30.5,22.921944444444446
1998-02-03,24.4,16.7,4.1,24.128611111111113
1998-02-04,16.7,9.4,0.0,20.97861111111111
1998-02-05,18.3,7.2,0.0,17.450000000000006
1998-02-06,13.9,3.9,4.6,13.55027777777778
1998-02-07,13.9,6.7,0.0,12.487222222222224
1998-02-08,16.1,6.1,0.0,16.34777777777778
1998-02-09,17.8,5.0,0.0,17.476111111111113
1998-02-10,22.2,5.0,0.0,21.780555555555548
1998-02-11,25.0,11.1,0.0,25.87611111111111
1998-02-12,23.9,12.2,0.0,22.673888888888897
1998-02-13,19.4,6.7,5.3,19.549999999999997
1998-02-14,18.3,7.2,0.0,17.567500000000003
1998-02-15,21.7,8.3,26.9,22.921944444444446
1998-02-16,23.3,18.3,49.5,24.311388888888892
1998-02-17,28.3,17.2,12.2,28.60630777155556
1998-02-18,26.1,12.8,0.0,25.83694444444445
1998-02-19,26.1,10.6,15.7,25.83694444444445
1998-02-20,22.8,13.3,10.9,23.72388888888889
1998-02-21,23.3,10.6,0.0,22.713055555555563
1998-02-22,26.7,13.9,17.0,30.15387115511095
1998-02-23,23.3,12.8,36.6,25.296111111111113
1998-02-24,21.7,11.1,0.0,22.530277777777787
1998-02-25,25.0,7.8,0.0,23.69777777777778
1998-02-26,26.1,8.3,0.0,24.930555555555557
1998-02-27,28.3,15.6,0.0,29.232366431555484
1998-02-28,24.4,17.8,8.6,25.178611111111113
1998-03-01,25.0,15.6,11.9,25.178611111111113
1998-03-02,18.9,9.4,0.0,20.176666666666662
1998-03-03,20.0,7.2,0.0,18.343333333333334
1998-03-04,17.8,5.6,0.0,17.267222222222227
1998-03-05,24.4,6.1,0.0,23.6325
1998-03-06,26.7,14.4,0.0,27.126322248444506
1998-03-07,28.9,16.1,0.0,28.88871927955556
1998-03-08,30.0,19.4,0.0,31.371828855555602
1998-03-09,23.9,12.8,58.4,26.359166666666667
1998-03-10,15.6,7.2,0.0,15.336944444444441
1998-03-11,15.0,5.0,0.0,15.180277777777778
1998-03-12,12.8,5.0,0.0,12.173888888888888
1998-03-13,18.3,4.4,0.0,17.567500000000003
1998-03-14,21.7,5.0,0.0,20.37805555555555
1998-03-15,23.9,7.8,0.0,23.6325
1998-03-16,25.6,11.1,0.0,25.87611111111111
1998-03-17,27.2,15.6,0.0,27.470992943555565
1998-03-18,27.2,19.4,4.8,26.176388888888894
1998-03-19,21.1,17.2,55.1,22.355000000000004
1998-03-20,25.6,15.6,3.3,26.359166666666667
1998-03-21,18.3,12.2,0.0,21.161388888888883
1998-03-22,17.2,8.3,0.0,15.545833333333336
1998-03-23,20.6,8.3,0.0,20.534722222222225
1998-03-24,24.4,7.8,0.0,23.60638888888889
1998-03-25,26.1,11.1,0.0,26.965124885777826
1998-03-26,26.1,14.4,0.0,25.954444444444448
1998-03-27,26.7,15.6,0.0,26.03277777777778
1998-03-28,28.9,15.0,0.0,31.371828855555602
1998-03-29,28.9,17.8,0.0,29.90886722755556
1998-03-30,28.9,17.2,0.0,30.15387115511095
1998-03-31,30.0,20.0,0.0,34.1048593111111
1998-04-01,30.6,20.6,0.0,35.35430882977785
1998-04-02,30.6,19.4,2.0,34.59919833644446
1998-04-03,30.6,18.9,0.0,33.665803991555485
1998-04-04,27.8,16.7,1.0,30.15387115511095
1998-04-05,23.9,13.3,0.0,23.932777777777783
1998-04-06,26.1,14.4,0.0,27.478487941777765
1998-04-07,30.0,16.7,0.0,30.454350755555513
1998-04-08,28.9,18.3,0.0,31.34656448977779
1998-04-09,30.0,18.3,0.0,33.49447846311105
1998-04-10,24.4,15.0,0.0,24.852222222222228
1998-04-11,21.1,10.6,0.0,28.88871927955556
1998-04-12,25.0,8.9,0.0,25.178611111111113
1998-04-13,24.4,10.6,0.0,26.359166666666667
1998-04-14,26.7,11.7,0.0,31.803961143555494
1998-04-15,28.3,13.3,0.0,34.92754002355548
1998-04-16,30.0,17.2,0.0,30.454350755555513
1998-04-17,30.6,18.3,0.0,30.894053255555573
1998-04-18,31.1,17.2,0.0,31.36906995955557
1998-04-19,30.6,19.4,0.0,30.894053255555573
1998-04-20,26.7,18.9,3.0,28.22722080577791
1998-04-21,29.4,18.9,0.0,28.60630777155556
1998-04-22,27.2,15.0,0.0,27.007654931555564
1998-04-23,24.4,12.8,0.0,22.647777777777783
1998-04-24,25.0,10.6,0.0,24.643333333333334
1998-04-25,27.2,11.1,0.0,25.745555555555562
1998-04-26,27.0,14.0,0.0,27.478487941777765
1998-04-27,30.0,17.2,0.0,30.733060379555532
1998-04-28,28.9,19.4,0.0,30.15387115511095
1998-04-29,30.0,18.3,0.3,31.34656448977779
1998-04-30,27.8,20.0,6.9,30.66645219955549
1998-05-01,28.9,16.1,0.0,31.371828855555602
1998-05-02,30.6,13.9,0.0,34.59919833644446
1998-05-03,31.7,12.8,0.0,38.0092205804447
1998-05-04,27.8,14.4,3.8,29.232366431555484
1998-05-05,28.9,15.6,6.4,31.946091963555528
1998-05-06,31.7,15.6,0.0,40.524792567555586
1998-05-07,32.2,20.0,0.0,35.91511605511118
1998-05-08,32.8,22.2,0.0,35.91511605511118
1998-05-09,32.2,21.1,0.0,36.775126332444664
1998-05-10,32.8,19.4,0.0,36.775126332444664
1998-05-11,31.1,21.1,0.0,35.35430882977785
1998-05-12,32.2,17.2,0.0,40.77711380177801
1998-05-13,33.9,17.2,0.0,49.389561887111284
1998-05-14,32.8,18.9,0.0,38.0092205804447
1998-05-15,32.2,19.4,0.0,30.63497851511113
1998-05-16,32.8,15.6,0.0,32.29855081244453
1998-05-17,31.7,15.0,0.0,31.935141747111157
1998-05-18,33.3,18.3,13.2,32.837765091555625
1998-05-19,32.2,19.4,0.0,33.45426527955562
1998-05-20,33.9,15.0,0.0,32.95519343955562
1998-05-21,34.4,19.4,0.0,35.17792698311114
1998-05-22,33.9,19.4,0.0,35.68866088044452
1998-05-23,33.9,18.9,0.0,35.17792698311114
1998-05-24,32.8,20.0,0.0,34.855849563555616
1998-05-25,33.9,20.6,0.0,35.199778739555654
1998-05-26,33.3,22.8,0.0,36.005812703555684
1998-05-27,29.4,23.9,0.0,32.72727353155561
1998-05-28,29.4,22.2,5.6,32.011302207111086
1998-05-29,32.8,20.0,0.0,34.855849563555616
1998-05-30,32.2,21.7,24.4,33.665803991555485
1998-05-31,33.3,21.7,27.2,35.199778739555654
1998-06-01,34.4,22.2,0.0,38.39286542044457
1998-06-02,35.6,23.9,0.0,44.274228749777826
1998-06-03,35.6,23.9,0.0,40.62008964977786
1998-06-04,36.7,23.3,0.0,41.21324525955556
1998-06-05,36.7,22.8,0.0,42.03768066577773
1998-06-06,36.7,23.9,0.0,40.62008964977786
1998-06-07,34.4,23.3,0.8,38.0092205804447
1998-06-08,30.0,22.8,0.0,32.6347006444444
1998-06-09,32.8,21.1,0.0,35.91511605511118
1998-06-10,35.0,22.2,0.0,37.417663543111225
1998-06-11,36.7,23.3,7.9,39.86203106977781
1998-06-12,36.1,23.9,0.0,41.21324525955556
1998-06-13,35.6,22.2,0.0,38.49010247777784
1998-06-14,36.1,25.0,0.0,43.136639480444444
1998-06-15,36.0,25.0,0.0,41.83291942311117
1998-06-16,36.7,22.2,0.0,42.03768066577773
1998-06-17,37.0,26.0,0.0,39.34512694177781
1998-06-18,37.8,24.4,0.0,41.21324525955556
1998-06-19,38.0,26.0,0.0,41.28474100177777
1998-06-20,37.2,22.2,3.8,39.34512694177781
1998-06-21,36.7,22.2,21.6,39.86203106977781
1998-06-22,35.6,21.7,0.0,39.86203106977781
1998-06-23,36.0,25.0,0.0,40.62008964977786
1998-06-24,36.1,24.4,0.0,40.62008964977786
1998-06-25,35.0,23.9,6.1,38.39286542044457
1998-06-26,33.9,22.8,0.0,36.87690864355567
1998-06-27,35.0,21.7,0.0,37.52694203377783
1998-06-28,36.1,22.2,0.0,38.143615727555556
1998-06-29,37.2,22.2,0.0,42.03768066577773
1998-06-30,37.2,22.2,0.0,41.21324525955556
1998-07-01,37.2,23.3,0.0,42.03768066577773
1998-07-02,38.3,25.6,0.0,41.21324525955556
1998-07-03,37.0,27.0,0.0,40.62008964977786
1998-07-04,36.1,24.4,0.0,39.86203106977781
1998-07-05,35.6,23.3,0.0,39.162484632444624
1998-07-06,35.6,23.3,14.2,41.8917068777778
1998-07-07,32.2,23.9,22.1,40.77711380177801
1998-07-08,33.0,24.0,0.0,39.34321640355578
1998-07-09,33.9,24.4,4.3,39.34321640355578
1998-07-10,30.0,24.4,4.1,34.525531887555445
1998-07-11,34.0,24.0,3.3,39.162484632444624
1998-07-12,36.0,23.0,9.1,43.136639480444444
1998-07-13,32.8,23.3,0.0,36.775126332444664
1998-07-14,32.2,23.9,88.1,36.775126332444664
1998-07-15,28.0,23.0,0.0,31.946091963555528
1998-07-16,31.1,23.9,0.0,34.1048593111111
1998-07-17,32.0,24.0,0.0,35.91511605511118
1998-07-18,34.0,25.0,11.7,38.39286542044457
1998-07-19,34.0,23.0,33.3,39.162484632444624
1998-07-20,31.7,21.7,0.0,36.4345424671111
1998-07-21,32.8,23.3,7.4,36.4345424671111
1998-07-22,32.8,23.9,0.0,36.005812703555684
1998-07-23,33.9,24.4,0.0,37.417663543111225
1998-07-24,34.0,24.0,0.0,38.39286542044457
1998-07-25,34.0,25.0,0.0,39.441867661777856
1998-07-26,35.6,23.9,0.0,38.0092205804447
1998-07-27,35.0,24.0,0.0,39.54156081111111
1998-07-28,35.0,24.4,0.0,38.39286542044457
1998-07-29,33.0,26.0,7.4,37.59868427155554
1998-07-30,34.0,24.0,0.0,38.39286542044457
1998-07-31,35.0,23.9,13.7,39.441867661777856
1998-08-01,30.6,22.8,0.3,36.29964811111102
1998-08-02,32.0,24.0,0.0,36.775126332444664
1998-08-03,32.0,24.0,0.5,36.775126332444664
1998-08-04,33.3,23.3,22.4,36.775126332444664
1998-08-05,32.2,21.1,34.8,36.775126332444664
1998-08-06,31.0,21.0,0.0,35.35430882977785
1998-08-07,32.8,22.2,2.0,36.4345424671111
1998-08-08,33.3,23.9,9.7,38.0092205804447
1998-08-09,33.3,24.4,0.3,38.0092205804447
1998-08-10,34.0,24.0,7.6,39.441867661777856
1998-08-11,34.0,25.0,0.0,38.39286542044457
1998-08-12,35.0,24.4,12.7,39.162484632444624
1998-08-13,35.0,23.9,0.0,38.139577415111084
1998-08-14,33.3,23.9,0.0,39.17185738711117
1998-08-15,35.0,23.3,0.0,39.441867661777856
1998-08-16,35.0,24.4,5.6,39.17185738711117
1998-08-17,33.0,26.0,0.0,40.77711380177801
1998-08-18,34.4,25.6,0.0,38.0092205804447
1998-08-19,31.0,25.0,2.8,36.4345424671111
1998-08-20,30.0,25.0,0.0,37.385098755555596
1998-08-21,29.0,23.0,3.3,33.49447846311105
1998-08-22,31.0,23.0,10.7,36.4345424671111
1998-08-23,32.0,24.0,0.0,36.775126332444664
1998-08-24,32.0,24.0,0.0,34.855849563555616
1998-08-25,34.4,25.0,0.0,38.139577415111084
1998-08-26,35.0,22.2,0.0,38.0092205804447
1998-08-27,35.6,22.8,0.0,39.54156081111111
1998-08-28,34.0,26.0,0.0,40.564670267111154
1998-08-29,34.0,26.0,0.0,39.441867661777856
1998-08-30,34.0,23.0,29.5,39.441867661777856
1998-08-31,34.4,22.2,0.0,38.139577415111084
1998-09-01,33.0,25.0,0.0,38.139577415111084
1998-09-02,29.0,24.0,5.8,33.49447846311105
1998-09-03,30.6,24.4,3.0,36.952240714222256
1998-09-04,31.0,23.0,0.0,39.17185738711117
1998-09-05,32.0,26.0,20.8,38.0092205804447
1998-09-06,33.9,23.3,6.1,36.775126332444664
1998-09-07,31.0,23.0,1.5,35.35430882977785
1998-09-08,31.7,23.3,1.8,35.35430882977785
1998-09-09,30.0,24.0,1.5,34.525531887555445
1998-09-10,28.0,24.0,0.0,31.213585699111068
1998-09-11,30.0,21.7,0.0,29.232366431555484
1998-09-12,30.0,20.6,0.0,29.90886722755556
1998-09-13,30.0,21.0,0.0,32.011302207111086
1998-09-14,31.7,22.2,2.8,35.35430882977785
1998-09-15,31.7,23.3,2.3,33.49447846311105
1998-09-16,28.3,23.3,4.6,31.946091963555528
1998-09-17,31.0,22.0,1.3,36.4345424671111
1998-09-18,28.0,22.0,36.8,32.732586439111
1998-09-19,31.7,22.8,9.9,33.49447846311105
1998-09-20,24.0,22.0,13.7,24.53333333333333
1998-09-21,28.0,22.0,9.4,33.7775135702222
1998-09-22,31.7,23.3,4.6,26.555000000000003
1998-09-23,32.8,23.3,0.0,38.0092205804447
1998-09-24,28.0,25.0,5.1,33.7775135702222
1998-09-25,31.0,24.0,1.3,37.59868427155554
1998-09-26,30.0,23.0,0.3,35.63663782311095
1998-09-27,32.0,24.0,0.0,35.91511605511118
1998-09-28,32.2,22.2,0.0,36.4345424671111
1998-09-29,31.0,24.0,0.0,34.59919833644446
1998-09-30,32.2,23.3,3.6,34.59919833644446
1998-10-01,32.2,25.0,1.0,36.775126332444664
1998-10-02,33.0,25.0,0.0,36.005812703555684
1998-10-03,32.2,23.3,1.3,35.91511605511118
1998-10-04,32.0,22.0,3.8,34.855849563555616
1998-10-05,32.0,23.0,0.0,35.91511605511118
1998-10-06,32.0,23.0,0.0,35.91511605511118
1998-10-07,32.0,23.0,0.0,35.91511605511118
1998-10-08,32.0,23.0,0.0,35.91511605511118
1998-10-09,31.0,24.0,0.0,34.59919833644446
1998-10-10,31.0,23.0,0.0,33.02082296755563
1998-10-11,31.0,21.0,0.0,33.665803991555485
1998-10-12,31.0,24.0,0.0,34.59919833644446
1998-10-13,31.0,23.0,0.0,32.42304028755553
1998-10-14,30.6,21.1,0.0,30.15387115511095
1998-10-15,29.0,20.0,0.0,29.42344713511115
1998-10-16,29.0,22.0,0.0,29.90886722755556
1998-10-17,28.0,22.0,5.8,30.15387115511095
1998-10-18,29.0,22.0,0.0,29.90886722755556
1998-10-19,29.0,21.0,0.0,30.733060379555532
1998-10-20,27.0,23.0,3.0,30.12494065911117
1998-10-21,30.6,21.7,0.8,32.011302207111086
1998-10-22,27.0,19.0,0.0,27.478487941777765
1998-10-23,24.0,18.0,0.0,23.880555555555556
1998-10-24,27.0,16.0,0.5,27.478487941777765
1998-10-25,27.0,19.0,0.0,27.939517511555696
1998-10-26,28.0,19.0,0.0,28.53942504177774
1998-10-27,27.0,18.0,0.0,27.478487941777765
1998-10-28,28.0,19.0,0.0,28.53942504177774
1998-10-29,28.0,17.0,0.0,27.66431045955554
1998-10-30,28.9,12.8,0.0,27.66431045955554
1998-10-31,29.0,17.0,0.0,29.093004120444423
1998-11-01,29.4,16.1,0.0,27.939517511555696
1998-11-02,30.0,16.7,0.0,29.90886722755556
1998-11-03,25.6,18.9,0.0,26.176388888888894
1998-11-04,24.4,18.3,23.9,24.193888888888893
1998-11-05,20.0,14.0,16.3,20.255000000000003
1998-11-06,21.0,11.0,0.0,20.639166666666664
1998-11-07,24.0,13.0,0.0,23.84138888888889
1998-11-08,26.0,14.0,0.0,25.87611111111111
1998-11-09,27.0,15.0,0.0,27.478487941777765
1998-11-10,29.0,16.0,0.0,30.30655435155552
1998-11-11,29.0,20.0,0.0,29.42344713511115
1998-11-12,28.0,18.0,0.0,29.232366431555484
1998-11-13,27.0,19.0,0.0,28.22722080577791
1998-11-14,27.8,17.8,0.0,27.66945627244443
1998-11-15,28.9,15.0,0.0,27.66945627244443
1998-11-16,28.0,19.0,0.0,29.232366431555484
1998-11-17,29.0,19.0,0.0,29.90886722755556
1998-11-18,29.0,18.0,2.0,30.30655435155552
1998-11-19,30.6,18.9,0.0,31.34656448977779
1998-11-20,29.0,21.0,0.0,29.90886722755556
1998-11-21,26.0,21.0,0.0,28.22722080577791
1998-11-22,26.0,20.0,0.0,26.176388888888894
1998-11-23,28.0,19.0,0.0,29.675842565777796
1998-11-24,28.9,18.3,0.0,28.922434379555526
1998-11-25,27.0,17.0,0.0,27.939517511555696
1998-11-26,27.0,18.0,0.3,27.66945627244443
1998-11-27,24.0,16.0,0.0,23.84138888888889
1998-11-28,25.6,10.6,0.0,23.69777777777778
1998-11-29,26.0,14.0,0.0,25.91527777777778
1998-11-30,28.0,16.0,0.0,28.274843087111044
1998-12-01,27.8,13.9,0.0,27.297443267111174
1998-12-02,27.0,18.0,0.0,27.66945627244443
1998-12-03,27.8,16.7,0.0,28.53942504177774
1998-12-04,28.0,18.0,0.0,28.922434379555526
1998-12-05,28.0,17.0,0.3,28.53942504177774
1998-12-06,28.0,16.0,0.0,28.53942504177774
1998-12-07,28.0,15.0,0.0,28.274843087111044
1998-12-08,30.0,15.0,0.0,28.274843087111044
1998-12-09,28.9,14.4,0.0,28.274843087111044
1998-12-10,27.8,17.8,0.0,27.939517511555696
1998-12-11,26.1,18.3,0.0,24.076388888888893
1998-12-12,27.0,20.0,0.0,28.22722080577791
1998-12-13,27.0,19.0,5.8,28.855553559555556
1998-12-14,20.0,13.0,0.0,22.355000000000004
1998-12-15,18.0,11.0,0.0,17.60666666666667
1998-12-16,18.0,6.0,0.0,17.450000000000006
1998-12-17,21.1,5.6,0.0,20.599999999999998
1998-12-18,20.6,4.4,0.0,19.628333333333337
1998-12-19,24.0,12.0,0.0,24.076388888888893
1998-12-20,26.7,17.8,0.0,28.22722080577791
1998-12-21,28.0,17.0,0.0,29.232366431555484
1998-12-22,28.0,17.0,0.0,28.53942504177774
1998-12-23,27.8,15.0,0.0,28.274843087111044
1998-12-24,27.8,16.7,0.0,27.939517511555696
1998-12-25,23.3,16.1,0.0,22.276666666666657
1998-12-26,17.0,12.0,0.3,19.06138888888889
1998-12-27,23.0,12.0,0.0,23.07861111111112
1998-12-28,20.0,15.0,6.1,20.111388888888893
1998-12-29,25.6,16.1,3.3,23.143888888888892
1998-12-30,16.7,8.9,0.0,19.205000000000002
1998-12-31,8.0,8.0,0.0,21.66305555555555
1999-01-01,23.0,12.0,0.0,22.869722222222226
1999-01-02,26.0,14.0,0.0,26.176388888888894
1999-01-03,22.8,10.0,28.4,24.193888888888893
1999-01-04,12.2,3.3,0.0,15.833055555555555
1999-01-05,8.9,0.6,0.0,8.039166666666667
1999-01-06,16.0,0.0,0.0,15.376111111111108
1999-01-07,21.0,7.0,0.0,20.639166666666664
1999-01-08,23.0,10.0,0.0,22.974166666666672
1999-01-09,27.2,10.6,7.1,26.03277777777778
1999-01-10,15.6,7.2,0.0,21.096111111111114
1999-01-11,17.0,6.0,0.0,16.46527777777778
1999-01-12,22.8,7.2,0.0,21.689166666666665
1999-01-13,24.0,12.0,0.0,23.84138888888889
1999-01-14,27.0,16.0,0.0,26.965124885777826
1999-01-15,25.6,15.6,0.0,24.024166666666673
1999-01-16,26.0,13.0,0.0,25.99361111111111
1999-01-17,27.0,16.0,4.6,27.66945627244443
1999-01-18,26.0,16.0,0.5,26.085
1999-01-19,25.0,16.0,0.0,24.982777777777773
1999-01-20,27.0,14.0,0.0,27.297443267111174
1999-01-21,27.2,13.9,0.0,26.965124885777826
1999-01-22,28.9,17.2,0.0,28.922434379555526
1999-01-23,28.0,21.0,2.5,28.922434379555526
1999-01-24,22.2,12.2,30.0,24.193888888888893
1999-01-25,23.0,11.0,0.0,22.752222222222226
1999-01-26,26.0,12.0,0.0,25.91527777777778
1999-01-27,26.0,13.0,0.0,25.954444444444448
1999-01-28,26.1,12.2,0.0,24.930555555555557
1999-01-29,27.8,12.8,0.0,27.126322248444506
1999-01-30,26.0,15.0,0.0,26.085
1999-01-31,22.0,17.0,2.8,22.211388888888887
1999-02-01,22.2,17.2,1.5,21.096111111111114
1999-02-02,24.0,18.0,3.3,24.193888888888893
1999-02-03,26.0,19.0,3.6,26.124166666666675
1999-02-04,28.3,16.7,0.0,28.53942504177774
1999-02-05,25.6,13.9,0.0,24.695555555555554
1999-02-06,26.1,12.2,0.0,25.771666666666672
1999-02-07,26.0,12.0,0.0,25.87611111111111
1999-02-08,28.3,12.8,0.0,28.029696888444366
1999-02-09,27.2,13.9,0.0,25.91527777777778
1999-02-10,27.2,15.0,0.0,25.91527777777778
1999-02-11,27.0,17.0,0.0,27.66945627244443
1999-02-12,27.0,16.0,0.0,27.478487941777765
1999-02-13,19.0,10.0,0.0,24.076388888888893
1999-02-14,16.0,5.0,0.0,15.376111111111108
1999-02-15,21.0,7.0,0.0,20.599999999999998
1999-02-16,23.0,11.0,0.0,22.673888888888897
1999-02-17,26.0,12.0,0.0,25.87611111111111
1999-02-18,27.0,18.0,0.0,27.126322248444506
1999-02-19,27.0,13.0,0.0,26.344083311555565
1999-02-20,19.0,12.0,0.0,19.86333333333333
1999-02-21,15.0,9.0,0.0,17.410833333333333
1999-02-22,15.0,4.4,0.0,13.22388888888889
1999-02-23,19.0,5.0,0.0,18.578333333333333
1999-02-24,22.0,7.0,0.0,21.58472222222222
1999-02-25,22.0,9.0,0.0,21.55861111111111
1999-02-26,25.0,9.0,0.0,24.721666666666664
1999-02-27,27.0,9.0,0.0,26.344083311555565
1999-02-28,26.0,14.0,0.8,26.03277777777778
1999-03-01,23.0,11.0,0.0,22.438888888888897
1999-03-02,26.0,11.0,0.0,25.601944444444445
1999-03-03,23.0,14.0,0.0,22.869722222222226
1999-03-04,19.0,8.0,0.0,18.21277777777778
1999-03-05,24.4,4.4,0.0,22.673888888888897
1999-03-06,26.0,11.0,0.0,25.79777777777778
1999-03-07,24.0,13.0,0.0,23.932777777777783
1999-03-08,23.3,10.6,0.0,21.66305555555555
1999-03-09,25.0,10.0,0.0,24.852222222222228
1999-03-10,28.0,16.0,0.0,26.742646855111104
1999-03-11,24.0,11.0,0.0,23.475833333333338
1999-03-12,26.0,11.0,0.0,25.71944444444445
1999-03-13,26.7,12.8,0.0,25.074166666666667
1999-03-14,23.0,16.0,13.5,23.19611111111112
1999-03-15,16.0,8.0,0.0,17.105
1999-03-16,21.0,8.0,0.0,20.678333333333335
1999-03-17,25.6,7.8,0.0,25.79777777777778
1999-03-18,27.2,10.0,0.0,26.58378090355558
1999-03-19,28.0,13.0,0.0,26.928445741777793
1999-03-20,28.0,14.0,0.0,27.352912241777727
1999-03-21,26.0,15.0,0.8,25.91527777777778
1999-03-22,24.0,12.0,0.0,23.58027777777778
1999-03-23,27.0,11.0,0.0,26.49947119244446
1999-03-24,28.0,16.0,0.0,27.19198765244444
1999-03-25,27.0,14.0,0.0,26.81385117911107
1999-03-26,24.0,17.0,0.0,24.076388888888893
1999-03-27,22.0,13.0,0.0,22.921944444444446
1999-03-28,25.0,11.0,0.0,24.59111111111112
1999-03-29,28.0,12.0,0.0,27.095502235111056
1999-03-30,28.3,12.8,0.0,26.965124885777826
1999-03-31,27.0,20.0,0.0,27.126322248444506
1999-04-01,31.1,17.8,0.0,30.052721355555555
1999-04-02,30.0,19.0,0.0,30.454350755555513
1999-04-03,31.0,19.0,0.0,31.36906995955557
1999-04-04,30.0,17.0,0.0,30.052721355555555
1999-04-05,32.8,16.1,0.0,31.87245595155562
1999-04-06,30.6,18.3,0.0,30.30655435155552
1999-04-07,29.0,18.0,0.0,29.093004120444423
1999-04-08,31.7,15.6,0.0,30.912882311555524
1999-04-09,32.0,20.0,0.0,32.45798420844449
1999-04-10,33.0,21.0,0.0,33.368435607111174
1999-04-11,33.0,21.0,0.0,33.368435607111174
1999-04-12,33.0,22.0,0.0,30.65038385244444
1999-04-13,28.0,17.0,0.0,28.210317755555543
1999-04-14,31.0,15.0,0.0,30.052721355555555
1999-04-15,35.0,17.8,0.0,33.368435607111174
1999-04-16,27.0,21.0,0.0,28.22722080577791
1999-04-17,22.0,12.0,22.4,23.60638888888889
1999-04-18,22.0,12.0,0.0,21.454166666666666
1999-04-19,24.0,10.0,0.0,23.58027777777778
1999-04-20,27.2,10.0,0.0,26.344083311555565
1999-04-21,29.0,14.0,0.0,28.05942110177776
1999-04-22,31.0,16.0,0.0,30.03199358177777
1999-04-23,33.0,20.0,0.0,32.98289090844457
1999-04-24,33.9,19.4,0.0,32.98289090844457
1999-04-25,33.0,22.0,0.0,34.00097096844453
1999-04-26,32.0,21.0,0.5,32.837765091555625
1999-04-27,33.9,20.0,0.0,32.626262643555634
1999-04-28,31.0,19.0,31.2,32.42304028755553
1999-04-29,29.0,19.0,6.9,29.093004120444423
1999-04-30,21.0,13.0,0.0,21.226666666666667
1999-05-01,20.6,11.7,0.0,19.70666666666667
1999-05-02,24.0,13.0,0.0,23.880555555555556
1999-05-03,28.0,16.0,0.0,27.19198765244444
1999-05-04,29.0,14.0,0.0,28.05942110177776
1999-05-05,29.0,18.0,0.0,30.30655435155552
1999-05-06,34.4,18.9,30.7,34.00097096844453
1999-05-07,30.0,21.0,1.0,32.6347006444444
1999-05-08,29.0,20.0,1.0,32.011302207111086
1999-05-09,30.0,17.8,23.6,30.63497851511113
1999-05-10,30.6,16.7,0.0,28.922434379555526
1999-05-11,30.0,19.0,16.5,29.167844777777734
1999-05-12,30.0,17.2,2.0,29.093004120444423
1999-05-13,31.7,18.3,0.0,31.87245595155562
1999-05-14,27.2,20.0,62.0,30.733060379555532
1999-05-15,28.0,19.0,0.0,28.922434379555526
1999-05-16,28.9,16.1,0.0,27.803986445777756
1999-05-17,29.4,18.3,0.0,29.42344713511115
1999-05-18,27.0,20.0,0.0,28.532566155111038
1999-05-19,30.0,20.0,0.0,30.052721355555555
1999-05-20,31.0,19.0,0.0,30.912882311555524
1999-05-21,29.0,20.0,0.0,30.30655435155552
1999-05-22,30.0,20.0,0.0,30.30655435155552
1999-05-23,31.1,17.2,0.0,30.454350755555513
1999-05-24,32.0,20.0,0.0,32.45798420844449
1999-05-25,33.3,20.0,0.0,34.00097096844453
1999-05-26,33.3,19.4,0.0,32.837765091555625
1999-05-27,31.0,22.0,0.8,32.6347006444444
1999-05-28,32.2,21.1,0.3,32.6347006444444
1999-05-29,29.0,22.0,0.0,31.34656448977779
1999-05-30,29.0,22.0,0.0,31.34656448977779
1999-05-31,29.0,19.0,0.0,29.42344713511115
1999-06-01,31.0,20.0,0.0,30.912882311555524
1999-06-02,31.0,21.0,0.0,33.02082296755563
1999-06-03,33.0,22.0,0.0,34.698568305777826
1999-06-04,33.0,22.0,31.2,36.005812703555684
1999-06-05,32.2,20.6,1.5,33.02082296755563
1999-06-06,31.0,22.0,0.3,32.42304028755553
1999-06-07,26.0,23.0,1.5,26.359166666666667
1999-06-08,27.8,21.7,0.0,30.15387115511095
1999-06-09,30.6,21.1,32.5,34.59919833644446
1999-06-10,33.0,22.0,5.6,36.005812703555684
1999-06-11,33.0,22.0,0.3,36.4345424671111
1999-06-12,31.1,21.7,0.0,33.665803991555485
1999-06-13,32.0,22.0,4.6,35.91511605511118
1999-06-14,32.0,22.0,0.0,34.855849563555616
1999-06-15,33.0,24.0,1.5,36.005812703555684
1999-06-16,31.0,23.0,96.5,35.35430882977785
1999-06-17,28.0,23.0,34.3,31.213585699111068
1999-06-18,29.0,23.0,8.1,32.72727353155561
1999-06-19,29.0,23.0,37.3,33.49447846311105
1999-06-20,29.0,23.0,4.3,32.011302207111086
1999-06-21,29.4,23.9,0.0,30.66645219955549
1999-06-22,32.2,22.8,8.4,34.59919833644446
1999-06-23,31.1,23.3,0.0,32.72727353155561
1999-06-24,31.0,23.0,0.0,32.42304028755553
1999-06-25,31.0,23.0,61.5,34.59919833644446
1999-06-26,31.7,22.8,7.6,34.59919833644446
1999-06-27,31.0,22.0,1.8,35.35430882977785
1999-06-28,29.0,23.0,0.3,32.72727353155561
1999-06-29,29.0,23.0,0.0,32.72727353155561
1999-06-30,31.0,23.0,12.4,34.59919833644446
1999-07-01,30.0,22.0,1.3,32.6347006444444
1999-07-02,30.0,21.0,0.0,33.239386577777815
1999-07-03,30.0,22.0,0.5,32.72727353155561
1999-07-04,31.0,23.0,6.9,34.59919833644446
1999-07-05,32.0,24.0,0.0,34.855849563555616
1999-07-06,32.2,22.8,0.3,34.855849563555616
1999-07-07,32.2,21.1,0.0,35.91511605511118
1999-07-08,33.0,23.0,1.5,36.87690864355567
1999-07-09,34.0,23.0,1.3,39.441867661777856
1999-07-10,32.0,23.0,0.0,39.17185738711117
1999-07-11,33.0,25.0,0.0,35.91511605511118
1999-07-12,33.0,23.0,0.0,36.87690864355567
1999-07-13,34.0,23.0,0.0,38.39286542044457
1999-07-14,34.0,23.0,4.8,38.39286542044457
1999-07-15,32.0,23.0,0.3,36.775126332444664
1999-07-16,32.0,23.0,0.0,35.91511605511118
1999-07-17,31.7,23.3,4.3,34.59919833644446
1999-07-18,31.0,23.0,18.5,34.59919833644446
1999-07-19,33.0,23.0,0.0,39.162484632444624
1999-07-20,33.0,24.0,0.0,38.139577415111084
1999-07-21,35.0,23.9,49.5,38.39286542044457
1999-07-22,33.0,24.0,19.6,39.162484632444624
1999-07-23,33.0,24.0,0.0,39.17185738711117
1999-07-24,33.0,26.0,0.0,38.139577415111084
1999-07-25,33.9,23.3,0.0,39.441867661777856
1999-07-26,33.0,25.0,17.5,39.162484632444624
1999-07-27,34.0,25.0,3.0,38.39286542044457
1999-07-28,35.0,26.0,1.3,39.54156081111111
1999-07-29,34.4,24.4,0.0,39.441867661777856
1999-07-30,36.0,26.0,0.0,40.564670267111154
1999-07-31,35.0,26.0,0.0,40.564670267111154
1999-08-01,34.0,25.0,0.3,40.627568440444726
1999-08-02,35.0,23.0,4.8,43.904733261777864
1999-08-03,33.3,23.3,27.4,34.855849563555616
1999-08-04,30.0,22.8,0.3,35.35430882977785
1999-08-05,33.0,23.0,0.8,36.005812703555684
1999-08-06,33.0,24.0,0.0,38.139577415111084
1999-08-07,34.0,25.0,0.0,38.39286542044457
1999-08-08,34.4,23.9,0.0,39.441867661777856
1999-08-09,33.0,25.0,1.5,36.87690864355567
1999-08-10,33.3,23.3,20.3,38.0092205804447
1999-08-11,32.8,24.4,0.3,38.39286542044457
1999-08-12,34.4,23.9,0.0,40.77711380177801
1999-08-13,35.0,22.2,0.0,39.86203106977781
1999-08-14,35.0,24.0,0.0,39.54156081111111
1999-08-15,34.0,24.0,23.9,38.39286542044457
1999-08-16,33.0,23.0,0.5,38.139577415111084
1999-08-17,32.0,26.0,0.5,35.91511605511118
1999-08-18,33.0,24.0,0.3,36.87690864355567
1999-08-19,33.0,23.0,3.0,36.87690864355567
1999-08-20,33.0,23.0,25.7,38.139577415111084
1999-08-21,32.0,23.0,0.5,35.91511605511118
1999-08-22,32.0,23.0,4.3,36.775126332444664
1999-08-23,32.0,22.0,0.0,35.91511605511118
1999-08-24,33.3,21.7,0.0,35.35430882977785
1999-08-25,34.0,24.0,0.0,36.87690864355567
1999-08-26,35.0,23.9,0.0,38.139577415111084
1999-08-27,34.0,25.0,0.0,38.39286542044457
1999-08-28,34.0,26.0,0.0,38.39286542044457
1999-08-29,34.0,26.0,0.0,37.417663543111225
1999-08-30,34.0,24.0,0.0,39.441867661777856
1999-08-31,29.0,24.0,0.0,32.72727353155561
1999-09-01,31.0,23.0,0.0,34.59919833644446
1999-09-02,33.0,22.0,0.0,31.99975541511118
1999-09-03,34.0,21.0,0.0,34.59919833644446
1999-09-04,35.0,21.1,0.0,35.17792698311114
1999-09-05,34.0,24.0,0.0,36.005812703555684
1999-09-06,33.0,25.0,3.0,36.87690864355567
1999-09-07,32.8,22.8,0.3,36.005812703555684
1999-09-08,31.0,24.0,0.0,35.35430882977785
1999-09-09,33.0,24.0,0.0,36.87690864355567
1999-09-10,33.0,23.0,47.5,36.87690864355567
1999-09-11,33.0,24.0,0.0,36.87690864355567
1999-09-12,31.0,24.0,0.3,35.35430882977785
1999-09-13,32.2,23.9,0.0,34.59919833644446
1999-09-14,30.0,23.0,27.9,35.63663782311095
1999-09-15,28.0,23.0,3.3,29.675842565777796
1999-09-16,33.0,21.0,0.0,36.005812703555684
1999-09-17,33.0,21.0,0.0,35.199778739555654
1999-09-18,27.0,23.0,19.3,30.66645219955549
1999-09-19,29.0,23.0,20.8,33.49447846311105
1999-09-20,28.0,23.0,7.4,31.946091963555528
1999-09-21,31.0,23.0,0.0,35.35430882977785
1999-09-22,27.0,21.0,0.0,27.66945627244443
1999-09-23,29.0,19.0,7.6,31.34656448977779
1999-09-24,30.0,22.0,0.0,31.371828855555602
1999-09-25,30.0,22.2,18.0,32.011302207111086
1999-09-26,28.0,23.0,6.6,31.946091963555528
1999-09-27,31.1,23.9,0.5,37.385098755555596
1999-09-28,32.2,23.9,0.0,36.775126332444664
1999-09-29,32.8,22.8,0.0,35.91511605511118
1999-09-30,32.2,22.8,0.0,34.855849563555616
1999-10-01,31.1,23.3,0.0,33.239386577777815
1999-10-02,31.7,23.9,0.0,34.1048593111111
1999-10-03,28.9,23.3,2.3,31.946091963555528
1999-10-04,29.4,21.1,69.6,32.72727353155561
1999-10-05,24.0,22.0,3.6,24.455000000000002
1999-10-06,28.0,22.0,0.0,30.66645219955549
1999-10-07,25.6,22.2,59.9,26.359166666666667
1999-10-08,27.2,22.8,24.4,30.66645219955549
1999-10-09,30.0,22.2,1.5,32.6347006444444
1999-10-10,30.6,20.0,0.0,31.36906995955557
1999-10-11,31.7,20.6,2.0,33.665803991555485
1999-10-12,31.7,21.7,0.0,34.1048593111111
1999-10-13,30.0,22.0,0.0,31.371828855555602
1999-10-14,28.0,23.0,0.0,30.66645219955549
1999-10-15,26.0,23.0,14.2,26.42444444444444
1999-10-16,25.6,21.7,29.0,25.37444444444445
1999-10-17,29.0,22.0,0.0,30.733060379555532
1999-10-18,30.6,18.9,0.0,30.052721355555555
1999-10-19,29.0,19.0,0.0,32.011302207111086
1999-10-20,32.0,21.0,0.3,32.837765091555625
1999-10-21,25.0,20.0,6.4,29.646778983555564
1999-10-22,24.0,17.0,0.0,23.80222222222222
1999-10-23,26.0,14.0,0.0,25.771666666666672
1999-10-24,22.0,12.0,0.0,21.689166666666665
1999-10-25,25.6,11.7,0.0,23.84138888888889
1999-10-26,25.0,16.0,0.0,24.930555555555557
1999-10-27,26.0,17.0,0.0,25.954444444444448
1999-10-28,27.2,15.6,0.0,27.126322248444506
1999-10-29,28.3,17.8,0.3,27.66945627244443
1999-10-30,28.0,20.0,0.0,29.232366431555484
1999-10-31,29.0,21.0,0.0,30.30655435155552
1999-11-01,28.0,21.0,13.5,30.15387115511095
1999-11-02,25.0,18.0,25.1,25.021944444444447
1999-11-03,18.3,8.9,0.0,20.86111111111111
1999-11-04,23.9,8.3,0.0,23.84138888888889
1999-11-05,25.0,14.0,0.0,24.930555555555557
1999-11-06,26.0,17.0,0.0,25.954444444444448
1999-11-07,26.7,16.1,0.0,23.932777777777783
1999-11-08,26.0,16.0,0.0,25.99361111111111
1999-11-09,26.0,17.0,0.0,26.03277777777778
1999-11-10,27.0,17.0,0.0,27.66945627244443
1999-11-11,27.0,18.0,0.0,27.478487941777765
1999-11-12,27.2,15.6,0.0,26.085
1999-11-13,25.0,19.0,2.3,25.126388888888894
1999-11-14,27.0,17.0,0.0,27.478487941777765
1999-11-15,26.0,16.0,0.0,25.954444444444448
1999-11-16,22.0,14.0,0.0,21.58472222222222
1999-11-17,22.0,13.0,0.0,21.819722222222218
1999-11-18,25.0,12.2,0.0,23.84138888888889
1999-11-19,24.0,17.0,4.6,24.128611111111113
1999-11-20,24.0,17.0,0.0,24.076388888888893
1999-11-21,25.0,18.0,0.0,25.126388888888894
1999-11-22,26.0,17.0,0.0,26.085
1999-11-23,26.0,18.0,0.0,26.124166666666675
1999-11-24,25.0,19.0,6.1,25.178611111111113
1999-11-25,27.0,19.0,2.5,28.22722080577791
1999-11-26,27.0,19.0,0.0,27.66945627244443
1999-11-27,23.0,14.0,0.0,23.143888888888892
1999-11-28,24.0,13.0,0.0,23.932777777777783
1999-11-29,25.0,15.0,0.0,24.852222222222228
1999-11-30,20.6,8.9,0.0,20.678333333333335
1999-12-01,16.0,7.0,0.0,15.41527777777778
1999-12-02,19.0,5.0,0.0,18.539166666666663
1999-12-03,21.0,9.0,0.0,20.769722222222228
1999-12-04,25.0,14.4,0.0,20.86111111111111
1999-12-05,24.4,13.9,0.3,24.024166666666673
1999-12-06,26.7,12.2,0.0,26.81385117911107
1999-12-07,22.0,9.0,0.0,21.819722222222218
1999-12-08,24.0,14.0,0.0,23.971944444444446
1999-12-09,25.0,14.0,0.0,24.982777777777773
1999-12-10,26.7,12.8,0.0,27.126322248444506
1999-12-11,24.0,17.0,0.0,24.076388888888893
1999-12-12,26.7,15.6,0.0,27.297443267111174
1999-12-13,27.0,18.0,0.0,27.939517511555696
1999-12-14,23.3,15.6,2.8,24.128611111111113
1999-12-15,22.0,15.0,0.3,21.689166666666665
1999-12-16,17.0,12.0,1.0,17.763333333333335
1999-12-17,21.0,12.0,30.7,20.913333333333338
1999-12-18,18.0,17.0,32.0,18.155
1999-12-19,24.0,15.0,0.0,23.880555555555556
1999-12-20,22.0,11.0,0.0,21.780555555555548
1999-12-21,27.2,15.0,0.0,26.124166666666675
1999-12-22,26.1,15.6,0.0,24.193888888888893
1999-12-23,17.8,13.9,0.3,21.226666666666667
1999-12-24,17.0,8.0,0.0,16.230277777777776
1999-12-25,14.0,6.0,0.0,13.393611111111115
1999-12-26,15.0,3.3,0.0,13.067222222222222
1999-12-27,20.6,3.9,0.0,18.421666666666667
1999-12-28,19.0,11.0,0.0,18.369444444444444
1999-12-29,18.3,5.6,0.0,17.410833333333333
1999-12-30,21.0,6.0,0.0,20.717499999999998
1999-12-31,12.0,12.0,0.0,22.830555555555556
2000-01-01,25.0,11.1,0.0,24.35277777777778
2000-01-02,26.1,13.9,0.0,26.0463888888889
2000-01-03,27.2,12.8,0.0,27.25004875993561
2000-01-04,27.8,14.4,0.0,28.577176604924507
2000-01-05,18.3,12.2,0.0,22.96
2000-01-06,25.0,13.9,0.0,25.061111111111114
2000-01-07,25.6,16.7,0.0,25.76944444444444
2000-01-08,25.6,16.1,0.0,25.035
2000-01-09,27.2,12.8,0.0,27.360965654024444
2000-01-10,27.8,15.0,0.3,27.478487941777765
2000-01-11,25.0,11.7,0.0,24.617222222222225
2000-01-12,25.6,8.9,0.0,25.377777777777776
2000-01-13,26.7,9.4,0.0,26.45444444444444
2000-01-14,18.3,7.8,0.0,19.680555555555557
2000-01-15,19.4,6.7,0.0,17.804166666666667
2000-01-16,21.7,7.2,0.0,20.206111111111106
2000-01-17,21.1,6.1,0.0,20.84861111111111
2000-01-18,23.9,9.4,0.0,23.09333333333333
2000-01-19,20.6,15.0,0.8,19.39
2000-01-20,24.4,11.7,0.0,23.958333333333332
2000-01-21,14.4,5.0,0.0,15.585555555555556
2000-01-22,20.6,2.8,0.0,19.458611111111107
2000-01-23,25.0,8.9,0.0,24.891388888888894
2000-01-24,20.0,7.8,15.0,19.87638888888889
2000-01-25,13.9,4.4,0.0,12.54111111111111
2000-01-26,10.0,2.2,0.0,8.919444444444444
2000-01-27,13.9,0.0,0.0,11.991111111111113
2000-01-28,17.8,5.0,2.3,16.346111111111114
2000-01-29,23.9,11.7,0.0,23.236944444444443
2000-01-30,26.7,13.3,0.0,26.111666666666668
2000-01-31,16.1,7.2,13.0,21.109722222222224
2000-02-01,18.3,7.2,0.0,17.67361111111111
2000-02-02,18.9,9.4,1.5,17.804166666666667
2000-02-03,17.8,10.6,0.8,16.37222222222222
2000-02-04,21.7,6.7,0.0,21.256666666666668
2000-02-05,15.0,3.9,0.0,16.16333333333333
2000-02-06,19.4,1.7,0.0,18.394999999999996
2000-02-07,22.2,6.1,0.0,21.820833333333326
2000-02-08,20.0,9.4,0.0,19.458611111111107
2000-02-09,20.0,8.9,0.0,18.828611111111115
2000-02-10,21.7,5.0,0.0,20.574444444444445
2000-02-11,25.0,5.0,0.0,23.723333333333333
2000-02-12,26.1,9.4,0.0,25.41694444444444
2000-02-13,25.6,9.4,0.0,24.982777777777773
2000-02-14,23.9,17.2,0.5,23.485
2000-02-15,26.1,12.8,0.0,25.24722222222222
2000-02-16,27.8,10.6,0.0,26.672469195537772
2000-02-17,28.3,11.7,0.0,27.198133401617845
2000-02-18,27.8,13.9,0.0,28.146045184835597
2000-02-19,29.4,16.7,0.0,28.87853803679785
2000-02-20,23.3,10.6,0.0,24.982777777777773
2000-02-21,22.2,8.9,0.0,21.348055555555558
2000-02-22,25.0,11.7,0.0,24.196111111111108
2000-02-23,25.6,11.7,0.0,24.826111111111118
2000-02-24,26.1,12.2,0.0,24.904444444444447
2000-02-25,26.7,13.3,0.0,26.611111111111114
2000-02-26,26.7,13.3,0.0,26.007222222222232
2000-02-27,28.3,13.3,6.4,27.49281419379563
2000-02-28,25.6,12.8,0.0,25.43
2000-02-29,26.7,11.1,0.0,26.493611111111115
2000-03-01,28.3,10.6,0.0,27.421114341624484
2000-03-02,28.9,14.4,0.0,28.246993170957833
2000-03-03,28.3,16.1,0.0,27.49281419379563
2000-03-04,29.4,15.6,0.0,27.987237679591207
2000-03-05,25.6,11.1,0.0,24.682499999999997
2000-03-06,26.1,11.7,0.0,25.377777777777776
2000-03-07,26.7,12.8,0.0,25.96805555555556
2000-03-08,26.1,15.0,0.0,25.53444444444444
2000-03-09,28.3,11.7,0.0,27.145045127235615
2000-03-10,28.9,14.4,0.0,28.33797592205119
2000-03-11,29.4,15.6,0.0,28.78069813099559
2000-03-12,26.1,12.8,0.0,25.155833333333327
2000-03-13,25.0,8.9,0.0,24.617222222222225
2000-03-14,26.1,12.2,0.0,25.94194444444445
2000-03-15,27.8,12.8,0.0,27.08954415243555
2000-03-16,31.1,18.3,7.9,30.454350755555513
2000-03-17,23.9,16.7,0.0,23.958333333333332
2000-03-18,28.3,13.9,0.0,27.910757868995592
2000-03-19,23.3,18.9,0.0,23.276111111111106
2000-03-20,31.1,17.8,0.0,29.682065621315626
2000-03-21,29.4,12.2,0.0,27.668524419964463
2000-03-22,29.4,14.4,0.0,28.007127103084443
2000-03-23,25.0,13.9,0.5,24.27444444444445
2000-03-24,26.1,15.6,1.0,24.37888888888889
2000-03-25,27.2,12.8,0.0,26.65027777777778
2000-03-26,27.2,13.3,0.0,26.81385117911107
2000-03-27,28.3,15.6,1.8,27.47501360605107
2000-03-28,27.8,16.7,0.0,26.908509560871103
2000-03-29,30.6,10.6,0.0,28.701979335875574
2000-03-30,32.8,17.2,0.0,33.356838967857776
2000-03-31,29.4,18.3,0.3,31.015885100115636
2000-04-01,30.0,17.8,0.0,29.930825938151138
2000-04-02,29.4,17.8,0.0,28.87853803679785
2000-04-03,30.0,16.1,0.0,30.052721355555555
2000-04-04,28.9,15.6,0.0,28.957169045315645
2000-04-05,22.2,8.9,0.0,21.08694444444445
2000-04-06,26.1,5.0,0.0,25.195
2000-04-07,28.3,11.1,0.0,27.145045127235615
2000-04-08,31.1,13.9,0.0,30.03229921107551
2000-04-09,21.7,7.2,0.0,24.904444444444447
2000-04-10,25.0,10.0,0.0,24.15694444444445
2000-04-11,27.2,13.9,0.0,26.65027777777778
2000-04-12,29.4,15.6,2.0,29.02254748851555
2000-04-13,29.4,16.7,0.0,28.76327423575113
2000-04-14,21.1,17.8,10.4,22.43444444444443
2000-04-15,28.9,16.7,15.0,28.76327423575113
2000-04-16,30.0,17.2,29.0,30.316243944444384
2000-04-17,30.0,17.2,0.0,29.36368185555555
2000-04-18,28.3,17.8,0.0,27.318101132851165
2000-04-19,28.9,13.9,0.0,27.543531976835535
2000-04-20,29.4,13.3,0.0,29.083513312415594
2000-04-21,30.6,15.6,0.0,30.052721355555555
2000-04-22,27.8,15.6,0.0,26.43262086172445
2000-04-23,28.3,11.7,0.0,26.867450669315588
2000-04-24,31.7,17.2,0.0,32.023305295084555
2000-04-25,31.1,17.2,0.0,29.576440311111114
2000-04-26,26.1,14.4,0.0,25.36472222222222
2000-04-27,27.8,12.8,0.0,26.908843175591166
2000-04-28,28.3,12.2,0.0,27.987237679591207
2000-04-29,30.0,17.8,0.0,28.03957093897562
2000-04-30,29.4,14.4,0.0,27.636654006764484
2000-05-01,28.3,14.4,0.0,27.763646131857854
2000-05-02,29.4,14.4,0.0,27.78952527557118
2000-05-03,30.0,14.4,0.0,28.655171081404482
2000-05-04,29.4,15.6,0.0,28.33797592205119
2000-05-05,29.4,16.7,0.0,28.50576934161565
2000-05-06,29.4,16.7,0.0,28.696246040435614
2000-05-07,31.1,16.7,0.0,28.212559992871135
2000-05-08,31.7,13.3,0.0,30.276932588015573
2000-05-09,32.8,18.9,25.4,33.07112638487102
2000-05-10,31.7,18.3,0.0,31.285569377315557
2000-05-11,33.9,20.0,0.0,33.61686139803551
2000-05-12,33.9,18.9,0.0,34.7744635280245
2000-05-13,33.9,20.6,0.0,34.104005616737815
2000-05-14,34.4,20.6,0.0,33.680797364284345
2000-05-15,32.8,21.7,0.0,33.820934725784504
2000-05-16,30.6,20.6,0.0,30.316243944444384
2000-05-17,30.6,18.3,0.0,30.316243944444384
2000-05-18,31.7,17.2,0.0,29.933376361715634
2000-05-19,32.8,16.7,0.0,30.817032305315607
2000-05-20,33.3,14.4,0.0,33.16821562719118
2000-05-21,32.2,17.8,0.0,32.04274908243562
2000-05-22,33.3,18.3,0.0,32.04274908243562
2000-05-23,35.6,20.0,0.0,34.492084111084516
2000-05-24,35.6,20.0,0.0,35.5804232555556
2000-05-25,35.0,20.0,0.0,35.34735951507558
2000-05-26,36.1,20.0,0.0,36.29269838081786
2000-05-27,36.1,22.2,0.0,37.11799434521783
2000-05-28,37.2,22.2,0.0,36.950664021777825
2000-05-29,33.3,22.8,0.0,35.22748101695786
2000-05-30,31.7,21.1,0.0,32.39278539805116
2000-05-31,32.8,18.9,0.0,32.21115006887111
2000-06-01,34.4,20.0,0.0,34.3537671678578
2000-06-02,34.4,18.3,0.0,32.86198896473778
2000-06-03,36.1,18.9,0.0,36.8336682331378
2000-06-04,36.7,20.6,0.0,36.573461917715555
2000-06-05,36.1,19.4,0.0,36.8336682331378
2000-06-06,36.1,21.1,0.0,36.40425372780442
2000-06-07,33.9,23.3,0.0,35.09003579559113
2000-06-08,32.2,21.7,0.0,31.53111406157112
2000-06-09,31.7,20.6,0.0,31.689232329591157
2000-06-10,31.7,18.3,0.0,31.04908144444437
2000-06-11,30.6,20.6,16.5,31.229195675431228
2000-06-12,31.7,21.7,0.0,34.525531887555445
2000-06-13,34.4,22.2,1.8,35.77663859119783
2000-06-14,34.4,22.2,0.0,36.91070788641558
2000-06-15,33.9,22.8,0.0,34.59215684108437
2000-06-16,35.0,22.2,0.5,36.127153572515546
2000-06-17,32.8,23.3,12.7,34.722588831484536
2000-06-18,35.0,21.7,0.0,36.127153572515546
2000-06-19,35.0,21.7,0.0,36.91070788641558
2000-06-20,35.0,21.7,0.0,35.616047560835526
2000-06-21,35.6,21.1,0.0,37.11873875340457
2000-06-22,35.6,22.8,0.3,37.21635105555562
2000-06-23,32.2,21.7,21.6,35.24517878083567
2000-06-24,32.2,21.7,0.5,34.24562740051562
2000-06-25,32.8,20.0,0.3,33.6296077330646
2000-06-26,31.1,21.7,31.0,32.930913029315576
2000-06-27,29.4,21.1,29.2,33.25453213293112
2000-06-28,32.8,21.1,11.9,35.845619555884504
2000-06-29,31.7,21.7,8.9,36.100147751724435
2000-06-30,30.0,23.3,22.1,33.25453213293112
2000-07-01,31.7,22.2,3.6,34.722588831484536
2000-07-02,32.2,21.1,0.0,32.53139821281776
2000-07-03,31.7,21.1,0.0,33.820934725784504
2000-07-04,32.2,22.2,0.0,34.32017456463127
2000-07-05,34.4,22.8,0.0,36.343957807751195
2000-07-06,35.6,22.8,0.0,38.15792965555557
2000-07-07,36.1,23.3,6.4,40.78773627436432
2000-07-08,33.9,22.8,5.6,39.567818893064526
2000-07-09,31.1,22.8,1.3,35.99969964348455
2000-07-10,33.3,22.2,0.0,34.7744635280245
2000-07-11,35.0,22.2,0.0,37.05415802092446
2000-07-12,36.1,23.3,4.3,40.288316255555614
2000-07-13,32.2,23.3,0.5,37.263807475384425
2000-07-14,33.9,24.4,0.0,37.67863462375107
2000-07-15,29.4,22.2,0.8,34.48061279223114
2000-07-16,35.6,21.1,0.0,41.07169827777786
2000-07-17,36.1,25.6,0.0,38.85491958937559
2000-07-18,35.6,24.4,0.8,40.2929255059178
2000-07-19,36.1,23.3,17.0,40.78773627436432
2000-07-20,35.6,22.8,0.5,41.090860604495596
2000-07-21,34.4,22.2,1.8,39.554438450015674
2000-07-22,31.7,22.8,0.3,35.21891191607106
2000-07-23,33.9,22.2,10.7,37.05415802092446
2000-07-24,31.7,21.7,14.5,35.845619555884504
2000-07-25,32.8,21.1,6.4,36.343957807751195
2000-07-26,34.4,22.2,29.2,37.20667336761786
2000-07-27,33.9,21.1,0.0,37.20667336761786
2000-07-28,33.9,23.9,0.0,37.20667336761786
2000-07-29,33.9,22.8,0.0,35.24517878083567
2000-07-30,30.0,21.7,0.0,34.04386637036451
2000-07-31,33.9,21.7,0.0,38.33124403731548
2000-08-01,34.4,23.3,0.8,38.17443465370449
2000-08-02,33.3,21.7,1.3,37.51950270193562
2000-08-03,33.9,22.2,3.8,37.67863462375107
2000-08-04,33.3,23.3,0.0,38.33124403731548
2000-08-05,33.3,23.3,11.9,38.18538774865792
2000-08-06,32.8,22.2,19.3,36.67203977659556
2000-08-07,34.4,23.9,0.0,39.011986261617736
2000-08-08,33.9,22.8,0.0,37.20667336761786
2000-08-09,33.3,22.2,0.0,36.931999601315574
2000-08-10,33.9,22.8,1.8,36.91070788641558
2000-08-11,33.3,23.3,0.0,36.931999601315574
2000-08-12,30.0,22.2,12.4,33.34978949943118
2000-08-13,31.1,22.8,0.3,34.722588831484536
2000-08-14,32.2,22.8,1.5,36.67203977659556
2000-08-15,34.4,22.8,0.0,35.845619555884504
2000-08-16,33.3,22.2,0.0,35.781684200924495
2000-08-17,33.3,20.0,0.0,33.89808742945776
2000-08-18,33.9,19.4,0.0,35.286900788051064
2000-08-19,35.6,21.7,0.0,35.83018627777781
2000-08-20,34.4,22.8,0.0,37.21448419023117
2000-08-21,34.4,22.8,0.0,36.03057495519112
2000-08-22,32.2,23.9,3.6,35.21891191607106
2000-08-23,32.2,23.9,0.3,37.263807475384425
2000-08-24,33.3,23.3,0.0,37.20667336761786
2000-08-25,35.0,22.2,23.9,35.513380247404434
2000-08-26,34.4,21.7,0.0,36.91070788641558
2000-08-27,33.3,22.8,3.8,37.67863462375107
2000-08-28,33.3,21.7,0.0,35.616047560835526
2000-08-29,30.6,22.8,28.4,35.21891191607106
2000-08-30,32.8,21.7,0.8,34.28580817393564
2000-08-31,32.8,22.2,0.0,34.80727677236455
2000-09-01,34.4,23.9,0.0,38.85491958937559
2000-09-02,33.9,22.8,0.0,36.68049771557119
2000-09-03,34.4,22.8,0.5,38.17443465370449
2000-09-04,33.9,23.3,0.0,38.17443465370449
2000-09-05,33.9,22.2,21.8,37.20667336761786
2000-09-06,32.8,22.8,38.6,37.235683568124536
2000-09-07,32.8,22.8,6.9,36.343957807751195
2000-09-08,33.3,23.9,0.0,36.931999601315574
2000-09-09,27.8,25.0,1.5,31.892086701635677
2000-09-10,32.2,23.9,0.0,34.7744635280245
2000-09-11,31.7,22.8,0.0,32.78368005370444
2000-09-12,33.3,21.1,0.0,35.24517878083567
2000-09-13,33.3,22.2,0.0,36.60358037643559
2000-09-14,33.9,21.7,0.0,35.09003579559113
2000-09-15,33.3,22.2,0.0,35.24517878083567
2000-09-16,28.9,22.2,1.0,31.463819212035617
2000-09-17,24.4,20.0,31.5,24.875000000000004
2000-09-18,31.7,21.1,0.0,33.85445181291555
2000-09-19,33.3,21.7,11.9,37.67863462375107
2000-09-20,31.1,24.4,1.3,37.86849669121564
2000-09-21,33.3,23.9,0.0,38.18538774865792
2000-09-22,31.7,25.0,18.3,35.99969964348455
2000-09-23,32.8,24.4,0.0,37.67863462375107
2000-09-24,32.8,23.3,7.4,38.18538774865792
2000-09-25,32.8,22.8,0.0,37.235683568124536
2000-09-26,32.8,22.8,0.0,37.05415802092446
2000-09-27,31.1,23.9,21.1,36.544426862115614
2000-09-28,29.4,22.2,0.0,31.557488575164523
2000-09-29,31.1,21.1,0.0,32.930913029315576
2000-09-30,30.0,22.2,0.0,32.25745578348452
2000-10-01,29.4,21.7,0.0,29.926185775235595
2000-10-02,30.0,20.6,0.0,31.900241944515585
2000-10-03,26.7,22.8,28.4,26.503333333333345
2000-10-04,30.0,22.8,2.8,33.621580418115514
2000-10-05,32.2,21.7,0.0,34.7744635280245
2000-10-06,31.7,22.2,0.0,35.286900788051064
2000-10-07,30.6,21.7,0.0,31.887677555555513
2000-10-08,28.9,18.9,0.0,31.326208967884572
2000-10-09,20.6,11.7,0.0,23.025277777777784
2000-10-10,25.0,11.7,0.0,24.865277777777774
2000-10-11,27.2,16.7,0.0,26.007222222222232
2000-10-12,27.8,16.7,0.0,27.12101463745771
2000-10-13,28.3,16.7,0.0,27.910757868995592
2000-10-14,28.9,17.2,0.0,29.10017681673787
2000-10-15,27.8,15.0,0.0,27.35456218899553
2000-10-16,28.3,11.7,0.0,26.867450669315588
2000-10-17,28.3,12.2,0.0,27.35456218899553
2000-10-18,28.9,15.6,0.0,27.656826412984522
2000-10-19,28.9,14.4,0.0,28.246993170957833
2000-10-20,29.4,18.9,0.0,29.66075088801562
2000-10-21,28.3,16.7,1.5,27.962515993535547
2000-10-22,27.8,17.2,0.0,27.987237679591207
2000-10-23,28.9,17.8,0.0,28.007127103084443
2000-10-24,28.3,18.3,0.0,27.25004875993561
2000-10-25,28.3,18.3,1.0,27.987237679591207
2000-10-26,28.3,18.3,0.0,28.312649868817804
2000-10-27,26.7,15.0,0.0,26.57194444444444
2000-10-28,29.4,12.2,0.0,27.78952527557118
2000-10-29,30.0,13.3,0.0,28.50576934161565
2000-10-30,27.8,16.1,0.0,27.592192616015534
2000-10-31,27.8,13.9,0.0,26.629206586524436
2000-11-01,27.8,11.7,0.0,26.717046959235613
2000-11-02,27.2,11.1,0.0,26.858671178435525
2000-11-03,27.8,12.8,0.0,27.369093992871175
2000-11-04,28.9,13.3,0.0,27.97271591321781
2000-11-05,28.3,13.9,0.0,28.246993170957833
2000-11-06,28.9,15.0,0.0,28.76327423575113
2000-11-07,29.4,15.6,0.0,29.300882540051173
2000-11-08,31.1,17.2,0.0,31.5090838789956
2000-11-09,28.9,17.8,0.0,28.89326381961784
2000-11-10,28.9,16.7,0.0,28.87853803679785
2000-11-11,25.6,11.1,0.0,24.839166666666664
2000-11-12,25.6,11.1,0.0,25.33861111111111
2000-11-13,26.7,11.7,0.0,26.59805555555556
2000-11-14,25.0,14.4,2.8,24.27166666666666
2000-11-15,21.1,8.3,0.0,20.075555555555553
2000-11-16,26.1,9.4,0.0,25.50833333333333
2000-11-17,30.0,16.7,0.0,31.04908144444437
2000-11-18,25.0,13.9,0.0,23.840833333333332
2000-11-19,30.0,15.6,0.0,29.930825938151138
2000-11-20,16.7,7.8,0.0,24.54861111111111
2000-11-21,16.7,6.1,0.0,15.285277777777784
2000-11-22,18.3,4.4,0.0,17.200833333333335
2000-11-23,20.0,5.6,0.0,19.458611111111107
2000-11-24,26.1,10.0,0.0,25.469166666666663
2000-11-25,28.3,20.6,2.8,29.578584348391068
2000-11-26,22.2,14.4,22.4,23.641666666666666
2000-11-27,20.6,8.3,0.0,19.6675
2000-11-28,22.2,9.4,0.0,21.36111111111111
2000-11-29,22.8,11.7,0.0,22.05583333333332
2000-11-30,22.2,8.3,0.0,21.47861111111111
2000-12-01,25.6,8.3,0.0,24.196111111111108
2000-12-02,25.6,9.4,0.0,24.786944444444444
2000-12-03,16.7,7.8,0.0,18.825833333333335
2000-12-04,18.9,6.1,0.0,18.64305555555556
2000-12-05,20.0,7.2,0.0,19.484722222222217
2000-12-06,21.1,6.1,0.0,19.61527777777778
2000-12-07,19.4,10.6,0.0,18.972222222222225
2000-12-08,26.7,11.7,0.0,26.08555555555556
2000-12-09,26.7,13.9,0.0,26.08555555555556
2000-12-10,28.3,13.9,0.0,28.39887615283563
2000-12-11,28.3,17.2,10.4,28.957169045315645
2000-12-12,23.9,17.8,14.7,24.219444444444445
2000-12-13,29.4,17.8,0.0,30.717955184364623
2000-12-14,28.3,18.3,0.0,29.15886103361784
2000-12-15,28.9,20.0,0.0,29.543688464791305
2000-12-16,29.4,16.7,0.0,29.65017504153784
2000-12-17,22.2,7.8,1.8,23.524166666666662
2000-12-18,20.0,3.3,0.0,19.102777777777778
2000-12-19,16.7,3.9,0.8,15.347777777777777
2000-12-20,7.8,-2.2,0.0,7.379722222222221
2000-12-21,15.6,1.7,0.0,15.09972222222222
2000-12-22,19.4,7.8,0.0,17.804166666666667
2000-12-23,22.8,6.1,0.0,22.516111111111115
2000-12-24,21.1,10.6,0.0,20.454166666666666
2000-12-25,21.7,9.4,0.0,21.426388888888887
2000-12-26,22.8,9.4,0.0,21.912222222222212
2000-12-27,23.9,10.0,0.0,23.749444444444443
2000-12-28,21.7,12.8,12.4,21.357777777777788
2000-12-29,13.3,6.1,0.0,17.853611111111118
2000-12-30,11.1,1.7,0.0,9.666944444444441
2000-12-31,8.9,-1.7,0.0,7.147499999999998
2001-01-01,13.9,-1.1,0.0,12.332222222222219
2001-01-02,10.6,5.0,0.0,9.036944444444446
2001-01-03,15.6,1.7,0.0,13.565555555555555
2001-01-04,11.1,0.0,0.0,9.93083333333333
2001-01-05,17.2,-1.7,0.0,16.07194444444444
2001-01-06,19.4,4.4,0.0,18.671944444444442
2001-01-07,21.1,-0.6,0.0,19.91888888888888
2001-01-08,21.1,7.8,6.6,21.201111111111114
2001-01-09,14.4,3.3,0.0,17.931944444444447
2001-01-10,16.1,0.0,0.0,14.24777777777778
2001-01-11,21.7,5.6,0.0,20.783333333333342
2001-01-12,25.0,9.4,0.5,24.904444444444447
2001-01-13,18.9,7.8,0.0,18.603888888888886
2001-01-14,23.9,10.0,0.0,23.840833333333332
2001-01-15,25.6,12.2,0.0,24.904444444444447
2001-01-16,25.0,13.9,0.0,24.37888888888889
2001-01-17,26.1,14.4,0.0,26.02027777777778
2001-01-18,28.3,15.0,0.0,26.95966309799115
2001-01-19,29.4,13.9,0.0,29.300882540051173
2001-01-20,21.1,5.6,5.8,23.801666666666662
2001-01-21,12.8,0.6,0.0,11.477500000000001
2001-01-22,15.0,5.6,0.0,14.613333333333335
2001-01-23,17.2,5.0,0.3,16.098055555555554
2001-01-24,19.4,3.9,0.0,18.711111111111116
2001-01-25,17.8,5.6,0.0,17.161666666666672
2001-01-26,19.4,1.7,0.0,17.79111111111111
2001-01-27,21.7,3.9,0.0,21.12611111111111
2001-01-28,23.9,5.6,0.0,23.054166666666667
2001-01-29,25.0,9.4,0.0,24.930555555555557
2001-01-30,26.1,15.6,0.0,25.691111111111113
2001-01-31,28.3,17.2,3.6,28.957169045315645
2001-02-01,22.8,16.1,0.0,21.948611111111106
2001-02-02,19.4,12.2,0.5,19.008611111111108
2001-02-03,14.4,11.1,2.3,13.928333333333335
2001-02-04,15.0,11.7,1.5,14.913611111111107
2001-02-05,19.4,5.6,0.3,17.73888888888889
2001-02-06,22.8,2.8,0.0,22.333333333333343
2001-02-07,25.0,8.3,0.0,24.23527777777778
2001-02-08,25.6,10.6,0.0,25.495277777777776
2001-02-09,27.2,12.8,0.0,27.35456218899553
2001-02-10,28.9,12.2,0.0,28.87853803679785
2001-02-11,27.8,14.4,0.0,28.181459693315517
2001-02-12,28.9,15.6,0.0,28.164564010515555
2001-02-13,27.8,16.7,0.0,27.360965654024444
2001-02-14,28.3,16.7,0.0,27.987237679591207
2001-02-15,29.4,15.6,0.0,28.246993170957833
2001-02-16,30.6,16.1,0.0,29.167844777777734
2001-02-17,27.8,15.0,0.5,28.146045184835597
2001-02-18,24.4,11.1,0.0,23.605833333333333
2001-02-19,25.0,9.4,0.0,24.27444444444445
2001-02-20,26.7,11.7,0.0,24.891388888888894
2001-02-21,27.2,13.3,0.0,26.611111111111114
2001-02-22,27.8,11.7,0.0,27.49281419379563
2001-02-23,25.6,15.0,0.0,25.061111111111114
2001-02-24,27.2,16.7,0.5,27.884784716924493
2001-02-25,30.6,17.2,0.0,29.927305577777776
2001-02-26,30.0,16.7,0.0,29.689165055555495
2001-02-27,30.6,17.2,0.0,30.052721355555555
2001-02-28,29.4,17.2,0.0,28.87853803679785
2001-03-01,29.4,17.2,0.0,29.300882540051173
2001-03-02,29.4,17.8,0.0,28.925280710631114
2001-03-03,31.7,16.1,0.0,30.759003960051196
2001-03-04,26.7,16.7,14.0,26.65027777777778
2001-03-05,20.6,12.2,0.0,19.41944444444444
2001-03-06,18.3,8.3,0.0,17.477777777777774
2001-03-07,20.6,7.2,0.0,19.223611111111108
2001-03-08,21.1,6.1,0.0,20.443888888888893
2001-03-09,25.6,5.6,0.3,24.59111111111112
2001-03-10,23.9,12.8,0.0,23.749444444444443
2001-03-11,27.8,11.7,0.0,26.908509560871103
2001-03-12,31.7,12.8,0.0,31.846529894604444
2001-03-13,28.3,20.6,1.5,30.284278656195674
2001-03-14,24.4,16.1,1.0,23.82777777777777
2001-03-15,31.7,16.1,0.0,31.126955483004483
2001-03-16,30.0,19.4,0.0,31.20833997777773
2001-03-17,27.2,16.7,0.0,26.519722222222224
2001-03-18,19.4,13.9,1.0,20.574444444444445
2001-03-19,21.7,16.7,9.1,21.909444444444446
2001-03-20,23.3,12.2,5.8,22.620555555555562
2001-03-21,18.3,11.1,0.0,17.37055555555556
2001-03-22,22.2,8.9,0.0,21.79472222222221
2001-03-23,26.1,8.9,0.0,25.26027777777778
2001-03-24,27.2,10.0,0.0,26.629206586524436
2001-03-25,27.8,10.6,0.0,26.519722222222224
2001-03-26,23.9,11.1,0.0,23.080277777777777
2001-03-27,23.3,8.9,0.0,22.359444444444453
2001-03-28,25.6,10.0,0.0,24.865277777777774
2001-03-29,26.7,16.1,60.2,25.76944444444444
2001-03-30,28.3,16.7,0.0,29.31698503179564
2001-03-31,28.3,17.8,1.5,30.28317007140459
2001-04-01,26.1,15.6,0.0,25.299444444444436
2001-04-02,25.6,11.1,0.0,24.669444444444444
2001-04-03,29.4,11.1,0.0,27.900093130897783
2001-04-04,28.9,16.1,0.0,28.33797592205119
2001-04-05,27.2,16.7,12.4,27.71250268391774
2001-04-06,28.3,16.7,0.0,27.910757868995592
2001-04-07,30.0,15.6,0.0,29.167844777777734
2001-04-08,30.0,16.7,0.0,29.227926396497807
2001-04-09,31.1,17.2,0.0,30.824248934595516
2001-04-10,30.6,17.2,0.0,30.743255411111097
2001-04-11,31.1,17.2,0.0,30.03229921107551
2001-04-12,31.1,19.4,0.0,31.557488575164523
2001-04-13,32.8,21.7,0.0,33.89808742945776
2001-04-14,32.8,20.6,0.0,33.89808742945776
2001-04-15,32.8,20.0,0.0,33.57033428108443
2001-04-16,30.6,18.3,0.0,29.336038526595594
2001-04-17,29.4,12.8,0.0,27.790741763971212
2001-04-18,20.6,9.4,0.0,22.54222222222223
2001-04-19,24.4,6.7,0.0,24.07861111111111
2001-04-20,27.2,10.6,0.0,26.02027777777778
2001-04-21,28.3,14.4,0.0,26.611111111111114
2001-04-22,29.4,15.6,0.0,28.50576934161565
2001-04-23,30.6,16.1,0.0,30.194046724604465
2001-04-24,30.6,16.1,0.0,29.689165055555495
2001-04-25,27.8,16.7,24.9,27.592192616015534
2001-04-26,24.4,13.3,13.7,23.984444444444442
2001-04-27,26.7,12.8,0.0,25.928888888888896
2001-04-28,27.2,13.9,0.0,26.53277777777778
2001-04-29,26.7,16.7,0.0,25.469166666666663
2001-04-30,25.6,18.3,2.0,24.405
2001-05-01,25.6,18.3,14.2,25.035
2001-05-02,27.8,18.3,0.0,27.416236963591118
2001-05-03,24.4,17.2,5.1,23.45888888888889
2001-05-04,27.2,16.1,0.0,27.8139038595378
2001-05-05,27.8,16.7,0.0,27.763646131857854
2001-05-06,29.4,17.2,0.0,27.736280690231215
2001-05-07,28.9,16.1,2.5,28.258726944275562
2001-05-08,27.2,17.2,0.8,26.57194444444444
2001-05-09,27.8,16.1,0.0,27.12101463745771
2001-05-10,28.3,17.2,0.0,27.721938942035614
2001-05-11,28.9,16.7,0.0,28.41927290529559
2001-05-12,29.4,14.4,0.0,28.33797592205119
2001-05-13,32.2,15.0,7.1,31.232713954984572
2001-05-14,31.7,18.3,0.0,31.285569377315557
2001-05-15,30.6,19.4,0.0,30.276920798631156
2001-05-16,32.8,18.9,0.0,31.43356560353779
2001-05-17,33.9,17.8,0.0,32.692075587624466
2001-05-18,33.3,18.3,0.0,31.167626144195612
2001-05-19,31.7,17.2,0.0,30.37309437673785
2001-05-20,32.8,17.2,0.0,31.37722273372446
2001-05-21,33.9,20.6,0.0,35.286900788051064
2001-05-22,34.4,22.2,14.2,36.343957807751195
2001-05-23,32.8,22.8,0.8,33.21375493548445
2001-05-24,30.6,20.0,0.0,29.689165055555495
2001-05-25,33.3,18.9,38.6,34.722588831484536
2001-05-26,32.8,19.4,0.0,32.04274908243562
2001-05-27,33.3,19.4,0.0,32.37481451085111
2001-05-28,29.4,18.9,13.0,30.915363245315625
2001-05-29,32.8,20.0,4.3,34.28580817393564
2001-05-30,34.4,20.0,0.0,34.31864240850442
2001-05-31,33.9,20.6,47.8,34.97482682251561
2001-06-01,30.0,20.0,15.2,33.882145611111156
2001-06-02,32.8,20.6,0.0,33.820934725784504
2001-06-03,33.9,20.6,38.6,36.91070788641558
2001-06-04,33.3,21.7,0.0,35.781684200924495
2001-06-05,33.3,22.2,0.5,35.286900788051064
2001-06-06,32.8,22.2,0.3,35.24517878083567
2001-06-07,30.0,22.2,18.3,34.04386637036451
2001-06-08,31.1,22.2,1.0,34.722588831484536
2001-06-09,33.9,22.2,0.0,35.25822549561561
2001-06-10,32.8,21.1,0.0,35.616047560835526
2001-06-11,33.9,20.6,0.0,37.21448419023117
2001-06-12,34.4,22.2,0.0,37.51950270193562
2001-06-13,35.0,22.2,0.0,37.91852052531555
2001-06-14,33.3,21.7,2.0,35.889603247484416
2001-06-15,35.0,21.7,6.6,36.60358037643559
2001-06-16,33.9,20.6,0.0,35.77663859119783
2001-06-17,33.9,21.7,0.0,36.91070788641558
2001-06-18,33.9,21.1,21.3,35.09003579559113
2001-06-19,31.7,21.7,13.2,34.80727677236455
2001-06-20,32.2,22.8,0.0,34.722588831484536
2001-06-21,33.9,20.0,46.0,35.75535508329567
2001-06-22,29.4,20.0,3.3,30.78902595639117
2001-06-23,28.3,21.7,4.3,29.878027129724483
2001-06-24,28.9,20.6,15.7,31.55937428402463
2001-06-25,31.7,20.0,0.0,32.02327019841567
2001-06-26,33.3,22.2,0.0,36.100147751724435
2001-06-27,31.1,22.8,5.1,34.722588831484536
2001-06-28,28.3,22.8,2.8,30.532753716924603
2001-06-29,32.2,23.3,0.0,34.80727677236455
2001-06-30,33.3,23.3,0.0,35.845619555884504
2001-07-01,32.8,23.3,0.0,34.7744635280245
2001-07-02,32.8,23.3,0.0,35.55203763279115
2001-07-03,33.3,23.3,0.0,37.51950270193562
2001-07-04,32.8,23.3,0.0,37.67863462375107
2001-07-05,30.6,22.8,10.9,35.21891191607106
2001-07-06,32.8,22.8,0.0,35.24517878083567
2001-07-07,33.3,22.8,0.8,37.67863462375107
2001-07-08,32.8,22.2,22.9,37.05415802092446
2001-07-09,28.3,22.2,16.0,33.21239039073565
2001-07-10,32.8,23.3,0.0,39.53985497449563
2001-07-11,30.6,21.7,0.0,33.882145611111156
2001-07-12,32.8,23.9,5.1,36.67203977659556
2001-07-13,30.6,23.9,9.4,33.84550669876458
2001-07-14,30.6,22.2,134.1,35.21891191607106
2001-07-15,29.4,22.8,0.0,30.294298970771212
2001-07-16,32.2,22.8,0.0,35.845619555884504
2001-07-17,32.2,23.3,36.6,35.21891191607106
2001-07-18,33.3,22.2,87.4,36.931999601315574
2001-07-19,32.8,22.8,0.0,36.67203977659556
2001-07-20,31.7,23.3,15.7,35.845619555884504
2001-07-21,31.1,23.3,3.3,33.78802762316448
2001-07-22,31.7,23.3,4.8,35.03801755555546
2001-07-23,28.3,22.2,1.3,30.284278656195674
2001-07-24,32.8,21.1,0.0,36.931999601315574
2001-07-25,32.8,22.2,53.3,37.235683568124536
2001-07-26,31.7,22.8,0.0,36.68049771557119
2001-07-27,32.2,23.9,0.0,36.68049771557119
2001-07-28,33.9,22.8,0.3,36.03057495519112
2001-07-29,33.9,22.2,0.0,34.97482682251561
2001-07-30,34.4,24.4,0.0,37.84634757387565
2001-07-31,30.0,22.2,62.2,37.235683568124536
2001-08-01,29.4,21.7,1.3,34.04386637036451
2001-08-02,25.0,22.2,7.1,25.37444444444445
2001-08-03,27.8,22.2,2.5,30.78902595639117
2001-08-04,30.6,21.7,2.3,33.44940924444435
2001-08-05,32.2,21.7,11.9,37.235683568124536
2001-08-06,32.8,22.8,0.0,35.24517878083567
2001-08-07,33.3,23.3,0.0,37.20667336761786
2001-08-08,33.9,24.4,0.0,38.33124403731548
2001-08-09,32.8,23.9,1.5,36.931999601315574
2001-08-10,33.9,23.3,1.5,37.05415802092446
2001-08-11,33.3,22.2,0.5,37.67863462375107
2001-08-12,33.9,23.9,0.0,39.554438450015674
2001-08-13,33.9,24.4,1.0,37.20667336761786
2001-08-14,33.9,24.4,0.0,38.33124403731548
2001-08-15,32.8,23.9,19.6,35.55203763279115
2001-08-16,32.2,25.0,4.8,37.8871695441513
2001-08-17,34.4,25.6,0.0,39.541848642951145
2001-08-18,34.4,22.8,4.6,40.018925928675564
2001-08-19,33.9,23.3,5.1,38.846038964051104
2001-08-20,33.9,24.4,0.0,37.20667336761786
2001-08-21,33.3,22.8,1.0,37.67863462375107
2001-08-22,33.3,21.1,0.0,35.24517878083567
2001-08-23,33.3,22.8,0.0,36.03057495519112
2001-08-24,33.3,22.2,0.0,33.820934725784504
2001-08-25,33.9,21.1,7.1,37.21448419023117
2001-08-26,32.2,22.8,0.0,33.6296077330646
2001-08-27,32.8,20.6,0.0,34.48873600083557
2001-08-28,33.3,22.2,0.0,35.889603247484416
2001-08-29,33.9,22.8,0.0,35.616047560835526
2001-08-30,34.4,23.9,0.0,37.67863462375107
2001-08-31,33.9,24.4,0.0,37.263807475384425
2001-09-01,33.9,23.3,0.3,37.20667336761786
2001-09-02,32.8,22.2,16.0,36.931999601315574
2001-09-03,33.9,22.8,0.0,36.60358037643559
2001-09-04,33.9,23.3,0.0,36.67203977659556
2001-09-05,33.9,23.9,2.3,37.267713707404496
2001-09-06,31.7,22.8,26.4,35.52997874444458
2001-09-07,31.1,22.2,21.8,33.44940924444435
2001-09-08,31.1,21.7,15.7,33.34978949943118
2001-09-09,30.6,22.2,0.3,33.21375493548445
2001-09-10,30.6,22.2,0.0,33.44940924444435
2001-09-11,30.6,22.8,6.4,34.722588831484536
2001-09-12,28.3,21.1,13.5,29.878027129724483
2001-09-13,25.6,21.7,37.6,25.939166666666658
2001-09-14,25.6,20.6,56.9,26.00444444444444
2001-09-15,23.3,20.6,7.4,23.064444444444447
2001-09-16,28.3,18.9,0.0,28.89326381961784
2001-09-17,31.1,18.9,0.0,30.316243944444384
2001-09-18,31.1,20.6,0.0,30.824248934595516
2001-09-19,31.7,21.1,0.0,32.930913029315576
2001-09-20,31.7,21.7,0.0,33.85445181291555
2001-09-21,31.7,23.3,35.1,34.80727677236455
2001-09-22,31.1,23.3,9.4,34.80727677236455
2001-09-23,31.7,22.8,0.8,34.80727677236455
2001-09-24,31.7,22.8,8.6,34.80727677236455
2001-09-25,29.4,22.2,3.3,32.25745578348452
2001-09-26,28.3,22.2,0.0,29.926185775235595
2001-09-27,26.7,22.2,2.8,28.292644831457842
2001-09-28,27.8,22.2,0.0,28.751274357351114
2001-09-29,25.0,21.1,1.5,24.219444444444445
2001-09-30,27.2,17.8,0.0,27.47501360605107
2001-10-01,25.6,16.1,0.0,25.495277777777776
2001-10-02,27.2,15.0,0.0,26.986454903191134
2001-10-03,28.9,16.7,0.0,28.164564010515555
2001-10-04,29.4,18.9,0.0,29.083513312415594
2001-10-05,31.7,19.4,0.0,30.824248934595516
2001-10-06,32.2,20.6,0.0,35.55203763279115
2001-10-07,29.4,22.2,0.0,32.25745578348452
2001-10-08,28.9,22.2,0.0,30.549454376151076
2001-10-09,27.2,21.1,0.0,26.190000000000005
2001-10-10,28.3,20.6,0.0,28.957169045315645
2001-10-11,29.4,18.9,0.0,29.682065621315626
2001-10-12,30.0,21.1,0.0,29.56310813900446
2001-10-13,30.6,20.6,0.0,31.04908144444437
2001-10-14,31.1,21.7,8.6,33.882145611111156
2001-10-15,27.8,21.7,0.0,28.76327423575113
2001-10-16,27.8,20.0,0.0,30.284278656195674
2001-10-17,23.9,14.4,0.0,23.45888888888889
2001-10-18,27.2,13.9,0.0,27.676087608817763
2001-10-19,28.9,20.0,2.8,30.967434366904588
2001-10-20,30.0,21.1,0.0,33.03359425555552
2001-10-21,26.1,22.8,13.0,26.04361111111111
2001-10-22,28.3,21.7,0.8,30.549454376151076
2001-10-23,28.3,21.1,0.0,30.284278656195674
2001-10-24,31.1,21.1,0.0,35.03801755555546
2001-10-25,31.1,22.8,0.3,33.621580418115514
2001-10-26,23.9,13.3,0.0,24.349999999999998
2001-10-27,18.9,10.6,0.0,17.595277777777774
2001-10-28,21.1,10.0,0.0,20.271388888888882
2001-10-29,23.9,14.4,0.0,22.711944444444455
2001-10-30,26.7,16.7,0.3,25.586666666666662
2001-10-31,26.1,15.6,0.0,25.612777777777776
2001-11-01,28.3,18.3,0.0,29.543688464791305
2001-11-02,28.3,20.6,8.6,28.430175718017736
2001-11-03,28.9,20.0,0.0,29.66075088801562
2001-11-04,26.1,20.0,3.3,25.834722222222222
2001-11-05,22.8,16.7,0.0,22.803333333333335
2001-11-06,24.4,13.3,0.0,22.685833333333335
2001-11-07,25.0,12.2,0.0,24.196111111111108
2001-11-08,25.6,11.7,0.0,24.760833333333338
2001-11-09,25.6,12.8,0.0,24.839166666666664
2001-11-10,25.6,11.7,0.0,24.747777777777774
2001-11-11,26.1,10.6,0.0,25.45611111111111
2001-11-12,25.0,13.3,0.0,24.248333333333335
2001-11-13,24.4,15.6,10.9,23.958333333333332
2001-11-14,21.7,17.8,5.1,21.357777777777788
2001-11-15,21.7,18.3,0.3,21.87027777777778
2001-11-16,25.6,16.1,0.0,25.061111111111114
2001-11-17,27.2,16.7,0.0,28.030491895751087
2001-11-18,26.7,17.2,0.0,26.1638888888889
2001-11-19,23.9,17.2,8.6,23.984444444444442
2001-11-20,25.6,14.4,0.0,24.865277777777774
2001-11-21,25.0,13.9,0.0,24.956666666666663
2001-11-22,26.1,13.9,0.0,25.586666666666662
2001-11-23,27.2,15.6,5.8,27.592192616015534
2001-11-24,28.3,16.1,0.0,28.751274357351114
2001-11-25,27.8,17.2,0.0,28.030491895751087
2001-11-26,27.2,17.2,0.0,28.030491895751087
2001-11-27,27.2,15.6,0.0,27.360965654024444
2001-11-28,27.2,13.9,0.0,26.137777777777778
2001-11-29,27.2,16.7,0.0,26.21611111111112
2001-11-30,27.2,13.9,0.0,27.25004875993561
2001-12-01,27.2,13.9,0.0,27.08954415243555
2001-12-02,27.8,16.1,0.0,27.8139038595378
2001-12-03,26.7,16.7,0.0,27.25004875993561
2001-12-04,26.7,17.8,1.5,27.195764459617777
2001-12-05,26.1,17.2,0.0,25.087222222222227
2001-12-06,27.2,18.3,0.0,28.292644831457842
2001-12-07,26.7,17.8,0.0,25.834722222222222
2001-12-08,28.3,17.8,0.0,29.47601872620456
2001-12-09,27.8,17.2,0.3,28.292644831457842
2001-12-10,27.8,18.9,0.0,27.962515993535547
2001-12-11,28.3,17.2,0.0,28.577176604924507
2001-12-12,27.8,18.9,0.0,28.92591493923561
2001-12-13,28.3,16.7,0.0,28.751274357351114
2001-12-14,28.9,20.0,0.0,30.28317007140459
2001-12-15,28.9,17.8,0.0,30.026780984595675
2001-12-16,28.3,18.9,0.0,28.751274357351114
2001-12-17,27.8,16.7,0.0,28.181459693315517
2001-12-18,22.8,12.2,1.8,21.98777777777778
2001-12-19,21.7,9.4,0.0,20.87472222222222
2001-12-20,20.0,10.0,0.0,19.576111111111107
2001-12-21,22.2,8.9,0.0,21.504722222222224
2001-12-22,23.3,7.8,0.0,22.594444444444452
2001-12-23,24.4,12.8,0.0,24.35277777777778
2001-12-24,23.3,13.3,3.0,23.354444444444443
2001-12-25,13.3,9.4,4.6,16.47666666666667
2001-12-26,13.9,6.1,1.0,12.3975
2001-12-27,13.3,2.2,0.0,12.029166666666669
2001-12-28,20.6,5.0,0.0,19.64138888888889
2001-12-29,24.4,12.2,0.0,23.71027777777777
2001-12-30,21.7,12.2,0.0,20.822500000000005
2001-12-31,17.8,10.6,0.0,17.106111111111108
2002-01-01,18.3,6.1,0.0,17.72583333333333
2002-01-02,16.1,10.0,16.3,16.238333333333337
2002-01-03,13.9,2.8,0.3,15.66111111111111
2002-01-04,10.0,-0.6,0.0,8.433055555555558
2002-01-05,18.3,1.7,0.0,17.501111111111115
2002-01-06,21.7,10.6,0.5,20.926944444444448
2002-01-07,12.8,4.4,0.0,16.47666666666667
2002-01-08,11.1,1.1,0.0,9.666944444444441
2002-01-09,16.1,-3.9,0.0,14.773333333333332
2002-01-10,21.1,1.1,0.0,20.06249999999999
2002-01-11,22.8,3.9,0.0,21.833888888888882
2002-01-12,23.3,7.2,0.0,23.080277777777777
2002-01-13,18.9,10.0,0.8,18.264444444444436
2002-01-14,20.0,10.6,9.7,18.548333333333332
2002-01-15,20.0,8.9,0.5,20.33333333333333
2002-01-16,22.8,6.7,0.0,21.609166666666667
2002-01-17,24.4,11.1,0.0,24.48333333333333
2002-01-18,22.2,12.8,0.0,21.859999999999992
2002-01-19,27.2,9.4,0.0,27.543531976835535
2002-01-20,26.7,16.7,0.0,26.21611111111112
2002-01-21,28.9,16.7,0.0,29.10017681673787
2002-01-22,25.6,17.2,0.0,25.76944444444444
2002-01-23,28.3,18.9,0.0,28.696246040435614
2002-01-24,28.3,16.7,0.0,27.987237679591207
2002-01-25,28.9,14.4,0.0,28.89326381961784
2002-01-26,27.8,17.2,0.0,27.884784716924493
2002-01-27,25.6,16.1,0.0,25.178611111111113
2002-01-28,27.8,17.8,0.0,27.592192616015534
2002-01-29,27.8,18.3,0.0,27.8139038595378
2002-01-30,28.9,17.2,0.0,28.89326381961784
2002-01-31,28.9,18.3,0.0,28.41927290529559
2002-02-01,28.3,16.1,0.0,28.146045184835597
2002-02-02,26.1,15.6,0.0,25.74333333333333
2002-02-03,25.0,13.3,0.0,24.15694444444445
2002-02-04,18.3,10.6,0.0,19.85027777777778
2002-02-05,18.9,6.7,0.0,17.921666666666667
2002-02-06,25.0,11.1,0.0,24.23527777777778
2002-02-07,23.3,11.7,12.2,23.064444444444447
2002-02-08,17.8,5.6,0.0,16.818888888888885
2002-02-09,24.4,10.6,0.0,24.32666666666667
2002-02-10,24.4,15.6,11.4,24.613888888888894
2002-02-11,23.3,13.9,0.3,22.620555555555562
2002-02-12,22.2,11.1,0.0,21.873055555555553
2002-02-13,18.9,11.7,0.0,18.000000000000004
2002-02-14,21.1,11.1,0.0,20.101666666666663
2002-02-15,26.1,8.9,0.0,25.53444444444444
2002-02-16,18.9,12.2,0.5,22.08194444444444
2002-02-17,20.6,10.6,0.0,19.380277777777778
2002-02-18,20.0,7.8,0.0,18.985277777777778
2002-02-19,23.3,7.8,0.0,22.54222222222223
2002-02-20,26.7,13.3,0.0,25.981111111111122
2002-02-21,27.8,17.2,0.0,27.8139038595378
2002-02-22,20.6,16.7,19.8,24.5225
2002-02-23,17.2,11.1,42.7,18.023333333333337
2002-02-24,19.4,8.3,1.5,19.01138888888889
2002-02-25,23.3,8.3,0.0,22.49
2002-02-26,25.0,10.0,0.0,23.71027777777777
2002-02-27,16.1,4.4,0.0,18.49944444444445
2002-02-28,15.6,1.1,0.0,14.091111111111113
2002-03-01,18.9,7.2,0.0,18.03916666666667
2002-03-02,28.3,17.8,0.0,28.89326381961784
2002-03-03,29.4,14.4,1.3,30.194046724604465
2002-03-04,14.4,5.6,4.6,25.74333333333333
2002-03-05,17.2,3.3,0.0,16.189444444444444
2002-03-06,23.9,8.3,0.0,22.97583333333333
2002-03-07,22.8,12.8,0.0,22.73805555555556
2002-03-08,27.8,13.9,0.0,27.763646131857854
2002-03-09,28.3,16.1,0.0,28.312649868817804
2002-03-10,27.8,14.4,0.0,28.39887615283563
2002-03-11,26.7,12.2,0.0,25.981111111111122
2002-03-12,28.9,15.6,0.0,28.601447857571216
2002-03-13,27.8,15.0,5.1,26.986454903191134
2002-03-14,26.1,12.8,0.0,25.495277777777776
2002-03-15,29.4,13.9,0.0,28.78069813099559
2002-03-16,31.7,18.3,0.0,32.56900581695783
2002-03-17,30.6,18.3,0.0,30.824248934595516
2002-03-18,30.6,15.0,0.0,29.689165055555495
2002-03-19,29.4,17.2,0.0,29.300882540051173
2002-03-20,30.6,16.7,0.0,29.689165055555495
2002-03-21,30.0,17.2,1.3,29.898529149217854
2002-03-22,25.0,13.3,0.0,24.64
2002-03-23,25.0,10.6,0.0,23.71027777777777
2002-03-24,28.3,13.3,0.0,27.310157834435607
2002-03-25,30.0,16.1,0.0,30.316243944444384
2002-03-26,31.7,17.8,1.0,31.846529894604444
2002-03-27,30.0,16.1,0.0,29.65017504153784
2002-03-28,28.9,15.0,0.0,27.49281419379563
2002-03-29,30.0,15.6,0.0,29.263648144444492
2002-03-30,31.1,19.4,0.0,31.126955483004483
2002-03-31,30.6,18.3,0.0,30.406492212515545
2002-04-01,30.0,18.9,0.3,30.6159912848178
2002-04-02,30.6,17.8,10.2,30.454350755555513
2002-04-03,26.1,17.2,0.8,26.37277777777778
2002-04-04,29.4,14.4,0.0,29.65017504153784
2002-04-05,25.0,17.8,0.0,26.21611111111112
2002-04-06,25.6,13.3,0.0,24.65638888888889
2002-04-07,26.1,13.3,0.0,24.891388888888894
2002-04-08,27.8,14.4,0.0,27.49281419379563
2002-04-09,29.4,16.7,0.0,28.78069813099559
2002-04-10,28.9,16.7,1.0,29.41421488587567
2002-04-11,28.9,17.2,0.0,28.601447857571216
2002-04-12,21.7,17.2,6.6,23.419722222222216
2002-04-13,27.8,18.9,0.0,27.25004875993561
2002-04-14,26.7,17.2,2.5,25.76944444444444
2002-04-15,30.0,16.7,1.0,29.65017504153784
2002-04-16,29.4,18.9,0.0,29.15886103361784
2002-04-17,30.6,18.3,0.0,30.454350755555513
2002-04-18,30.0,17.8,0.3,31.04908144444437
2002-04-19,30.6,16.7,0.0,29.930825938151138
2002-04-20,32.2,16.1,0.0,32.56900581695783
2002-04-21,33.3,17.8,0.0,34.261995594095616
2002-04-22,33.3,18.3,0.0,33.57033428108443
2002-04-23,32.2,17.8,0.0,32.94917448145782
2002-04-24,30.0,19.4,0.0,30.454350755555513
2002-04-25,31.7,20.0,0.0,32.023305295084555
2002-04-26,32.8,19.4,4.6,32.94917448145782
2002-04-27,31.7,20.0,0.0,31.846529894604444
2002-04-28,31.7,18.9,0.0,30.824248934595516
2002-04-29,32.2,18.3,0.0,31.689232329591157
2002-04-30,33.9,19.4,3.3,34.7744635280245
2002-05-01,33.9,20.0,0.0,34.97482682251561
2002-05-02,34.4,17.8,0.0,35.77663859119783
2002-05-03,35.6,19.4,0.0,36.089105944444455
2002-05-04,35.0,21.7,0.0,37.598498363004396
2002-05-05,34.4,20.6,0.0,37.05415802092446
2002-05-06,32.2,22.2,0.0,32.930913029315576
2002-05-07,33.3,20.6,0.0,33.356838967857776
2002-05-08,33.3,18.3,0.0,33.267316841991125
2002-05-09,33.9,17.8,0.0,34.31864240850442
2002-05-10,33.3,19.4,0.0,32.94917448145782
2002-05-11,32.8,20.0,0.0,34.3537671678578
2002-05-12,32.8,20.0,0.0,33.356838967857776
2002-05-13,33.3,19.4,0.0,32.88196913043552
2002-05-14,31.1,18.9,8.4,32.25272841111113
2002-05-15,28.9,17.2,0.0,28.007127103084443
2002-05-16,30.6,19.4,0.0,31.887677555555513
2002-05-17,34.4,21.1,0.5,34.31864240850442
2002-05-18,34.4,21.1,0.0,34.492084111084516
2002-05-19,25.0,20.6,17.5,30.284278656195674
2002-05-20,26.7,17.8,0.0,26.21611111111112
2002-05-21,27.8,16.7,0.0,27.195764459617777
2002-05-22,27.2,17.8,0.3,27.195764459617777
2002-05-23,29.4,17.8,0.0,28.41927290529559
2002-05-24,29.4,17.2,0.0,28.41927290529559
2002-05-25,29.4,16.1,0.0,28.59431378340449
2002-05-26,31.1,17.8,0.0,30.052721355555555
2002-05-27,31.7,21.1,3.8,33.19595416537561
2002-05-28,31.7,21.7,0.0,30.496386040504504
2002-05-29,32.2,20.6,0.0,33.6296077330646
2002-05-30,34.4,20.6,32.3,35.889603247484416
2002-05-31,32.2,20.6,0.0,33.34978949943118
2002-06-01,33.3,19.4,6.9,35.09003579559113
2002-06-02,35.0,20.6,0.0,36.32746605479784
2002-06-03,36.1,22.8,0.0,38.03229269063124
2002-06-04,32.8,23.3,0.0,35.616047560835526
2002-06-05,32.8,23.3,0.0,36.343957807751195
2002-06-06,33.3,21.7,14.5,35.781684200924495
2002-06-07,32.2,22.2,14.7,37.267713707404496
2002-06-08,29.4,21.7,19.1,30.915363245315625
2002-06-09,31.1,21.1,0.0,33.44940924444435
2002-06-10,31.7,21.1,3.0,34.24562740051562
2002-06-11,30.0,22.8,5.8,33.84550669876458
2002-06-12,32.2,22.2,0.0,35.781684200924495
2002-06-13,33.9,22.2,0.0,36.45781422883556
2002-06-14,32.8,23.3,12.7,37.05415802092446
2002-06-15,30.6,23.3,5.8,35.99969964348455
2002-06-16,31.7,22.2,7.4,35.31575843611568
2002-06-17,30.6,21.1,20.8,33.882145611111156
2002-06-18,28.3,20.6,8.6,30.78902595639117
2002-06-19,30.0,21.1,15.0,34.331803355555614
2002-06-20,27.2,21.7,45.5,28.430175718017736
2002-06-21,28.9,21.7,20.3,30.549454376151076
2002-06-22,26.7,21.1,40.6,25.452777777777776
2002-06-23,30.0,21.7,5.6,34.331803355555614
2002-06-24,30.0,21.1,41.4,33.621580418115514
2002-06-25,27.2,22.2,0.8,29.878027129724483
2002-06-26,28.9,22.2,4.6,31.55937428402463
2002-06-27,31.1,22.2,6.4,33.882145611111156
2002-06-28,30.6,23.3,0.8,33.44940924444435
2002-06-29,31.1,22.8,5.6,33.78802762316448
2002-06-30,28.3,21.7,24.6,31.55937428402463
2002-07-01,29.4,21.7,1.5,30.967434366904588
2002-07-02,30.0,21.7,14.7,31.900241944515585
2002-07-03,31.1,22.8,0.0,33.44940924444435
2002-07-04,30.6,22.8,1.8,34.331803355555614
2002-07-05,31.1,21.7,14.0,32.930913029315576
2002-07-06,31.7,21.7,0.0,34.7744635280245
2002-07-07,31.7,22.2,7.1,35.31575843611568
2002-07-08,30.0,22.8,8.9,33.44940924444435
2002-07-09,28.3,23.9,0.0,31.463819212035617
2002-07-10,30.0,21.7,4.8,33.21375493548445
2002-07-11,31.1,21.7,5.3,32.6347006444444
2002-07-12,30.0,22.8,22.1,34.331803355555614
2002-07-13,29.4,23.3,17.8,33.25453213293112
2002-07-14,32.8,24.4,0.0,38.33124403731548
2002-07-15,34.4,23.9,0.0,39.567818893064526
2002-07-16,35.0,25.0,0.0,39.64739735793769
2002-07-17,35.6,24.4,25.9,41.8917068777778
2002-07-18,34.4,23.9,0.3,39.554438450015674
2002-07-19,33.9,23.9,3.3,40.2929255059178
2002-07-20,32.8,21.7,17.3,39.541848642951145
2002-07-21,31.7,21.7,44.2,35.99969964348455
2002-07-22,32.2,21.7,4.8,35.55203763279115
2002-07-23,32.8,23.9,0.0,35.24517878083567
2002-07-24,32.8,25.0,0.0,36.931999601315574
2002-07-25,33.9,23.9,0.0,38.85491958937559
2002-07-26,33.9,23.9,0.0,37.05415802092446
2002-07-27,33.9,24.4,0.0,37.05415802092446
2002-07-28,33.3,22.2,13.2,37.235683568124536
2002-07-29,33.9,23.3,0.3,36.544426862115614
2002-07-30,33.9,21.1,52.1,37.84634757387565
2002-07-31,32.8,23.3,0.0,37.67863462375107
2002-08-01,31.7,24.4,0.3,36.67203977659556
2002-08-02,30.0,22.8,0.0,33.21375493548445
2002-08-03,31.7,22.2,22.6,34.722588831484536
2002-08-04,33.3,22.8,0.0,37.267713707404496
2002-08-05,33.9,22.8,0.0,37.51950270193562
2002-08-06,33.9,23.9,0.0,37.05415802092446
2002-08-07,30.0,23.9,19.6,35.55203763279115
2002-08-08,31.1,21.7,0.0,33.78802762316448
2002-08-09,31.7,22.8,0.0,34.28580817393564
2002-08-10,31.7,22.2,2.3,33.19595416537561
2002-08-11,31.7,22.2,0.3,31.98403855947564
2002-08-12,31.7,22.2,6.6,35.845619555884504
2002-08-13,31.7,22.2,54.6,36.544426862115614
2002-08-14,31.1,22.2,13.5,37.99095214327119
2002-08-15,30.6,22.8,40.9,35.16284580556445
2002-08-16,32.8,24.4,1.3,37.235683568124536
2002-08-17,33.3,23.3,6.6,38.18538774865792
2002-08-18,33.9,22.8,0.0,36.67203977659556
2002-08-19,32.8,23.3,2.5,37.267713707404496
2002-08-20,30.6,22.8,4.3,34.331803355555614
2002-08-21,33.9,22.2,0.3,38.17443465370449
2002-08-22,30.6,22.8,0.0,34.331803355555614
2002-08-23,31.7,22.8,0.0,36.100147751724435
2002-08-24,33.9,22.2,0.0,35.75535508329567
2002-08-25,33.3,21.7,0.0,38.33124403731548
2002-08-26,31.1,22.8,1.3,35.99969964348455
2002-08-27,31.1,22.8,6.1,33.882145611111156
2002-08-28,32.2,22.8,34.3,37.235683568124536
2002-08-29,32.2,22.8,18.0,36.931999601315574
2002-08-30,31.1,22.8,42.7,35.03801755555546
2002-08-31,31.1,23.3,0.8,36.68049771557119
2002-09-01,33.3,23.9,14.7,38.33124403731548
2002-09-02,32.8,24.4,2.0,38.18538774865792
2002-09-03,32.8,24.4,0.0,38.33124403731548
2002-09-04,32.2,23.9,19.1,37.8871695441513
2002-09-05,32.2,23.3,0.5,36.100147751724435
2002-09-06,32.2,22.8,0.0,36.100147751724435
2002-09-07,31.7,24.4,2.0,34.24562740051562
2002-09-08,32.2,23.3,5.1,35.55203763279115
2002-09-09,32.2,22.8,0.0,35.55203763279115
2002-09-10,32.8,22.2,0.0,35.286900788051064
2002-09-11,27.8,22.2,1.3,29.578584348391068
2002-09-12,30.6,22.8,0.8,33.59052070244432
2002-09-13,32.2,24.4,5.6,37.8871695441513
2002-09-14,32.8,25.0,1.0,36.931999601315574
2002-09-15,32.8,24.4,0.0,35.781684200924495
2002-09-16,33.9,23.3,30.2,37.235683568124536
2002-09-17,33.3,23.9,0.0,37.67863462375107
2002-09-18,32.8,23.3,0.0,37.67863462375107
2002-09-19,32.8,23.3,0.8,35.616047560835526
2002-09-20,31.7,23.9,17.0,35.03801755555546
2002-09-21,31.7,23.9,0.0,35.845619555884504
2002-09-22,31.1,23.9,1.0,35.21891191607106
2002-09-23,31.1,23.3,7.1,35.03801755555546
2002-09-24,31.7,23.9,7.4,35.845619555884504
2002-09-25,31.7,23.9,4.6,37.267713707404496
2002-09-26,32.8,25.0,0.3,38.33124403731548
2002-09-27,32.8,23.9,0.0,37.05415802092446
2002-09-28,32.8,21.7,0.0,35.286900788051064
2002-09-29,31.1,23.3,0.0,35.16284580556445
2002-09-30,32.2,23.9,0.0,35.55203763279115
2002-10-01,32.2,24.4,0.5,36.67203977659556
2002-10-02,30.6,23.3,0.0,33.34978949943118
2002-10-03,31.1,21.1,0.0,31.617318406151192
2002-10-04,32.2,21.1,0.0,33.19595416537561
2002-10-05,32.2,21.1,0.0,34.7744635280245
2002-10-06,31.7,21.1,0.0,33.6296077330646
2002-10-07,32.2,21.1,0.0,35.286900788051064
2002-10-08,31.7,21.7,0.0,33.85445181291555
2002-10-09,31.7,21.7,0.0,35.286900788051064
2002-10-10,31.7,22.8,0.0,37.86849669121564
2002-10-11,33.9,22.2,0.0,38.16772704802459
2002-10-12,33.3,22.8,0.0,38.33124403731548
2002-10-13,32.8,21.1,65.5,37.267713707404496
2002-10-14,30.0,22.2,0.5,33.621580418115514
2002-10-15,29.4,21.1,1.3,31.870187069491244
2002-10-16,25.6,17.2,0.0,25.74333333333333
2002-10-17,26.1,16.1,0.0,26.02027777777778
2002-10-18,26.7,14.4,0.0,27.47501360605107
2002-10-19,28.9,15.6,0.0,28.76327423575113
2002-10-20,30.0,18.3,0.0,31.557488575164523
2002-10-21,31.7,21.1,0.0,34.32017456463127
2002-10-22,30.6,20.6,0.0,32.6347006444444
2002-10-23,30.6,22.2,40.4,33.03359425555552
2002-10-24,30.0,21.1,14.0,32.50994487721565
2002-10-25,30.6,19.4,0.0,32.930913029315576
2002-10-26,30.6,21.1,0.0,31.98403855947564
2002-10-27,31.7,20.0,0.0,33.820934725784504
2002-10-28,31.1,20.6,0.0,33.34978949943118
2002-10-29,31.1,21.7,0.0,34.80727677236455
2002-10-30,29.4,21.7,4.3,32.50994487721565
2002-10-31,27.2,20.0,0.0,27.47501360605107
2002-11-01,25.6,17.8,0.0,25.808611111111112
2002-11-02,26.7,15.6,0.0,26.02027777777778
2002-11-03,27.2,14.4,0.0,26.007222222222232
2002-11-04,29.4,15.6,0.0,30.915363245315625
2002-11-05,30.0,17.8,2.5,33.03359425555552
2002-11-06,29.4,15.0,1.3,32.35495978132455
2002-11-07,21.1,10.6,0.0,20.796388888888895
2002-11-08,26.1,12.8,0.0,24.904444444444447
2002-11-09,28.3,15.6,0.0,27.910757868995592
2002-11-10,30.0,19.4,0.0,31.04908144444437
2002-11-11,30.6,20.0,0.0,32.15124504993779
2002-11-12,31.1,20.6,4.8,32.6347006444444
2002-11-13,22.2,14.4,4.3,22.999166666666675
2002-11-14,23.9,11.7,0.0,22.620555555555562
2002-11-15,24.4,17.2,0.0,24.37888888888889
2002-11-16,21.1,17.8,34.8,21.44916666666667
2002-11-17,18.3,9.4,11.2,19.611944444444447
2002-11-18,18.3,5.6,0.0,17.122500000000006
2002-11-19,22.2,10.0,0.0,22.08194444444444
2002-11-20,26.1,15.0,0.0,25.087222222222227
2002-11-21,25.0,16.7,0.0,24.613888888888894
2002-11-22,22.2,12.2,0.0,21.279444444444444
2002-11-23,16.7,6.1,0.0,17.37055555555556
2002-11-24,23.3,7.2,0.0,22.568333333333342
2002-11-25,25.6,10.0,0.0,23.801666666666662
2002-11-26,23.3,12.8,0.0,22.685833333333335
2002-11-27,23.9,11.1,0.0,22.988888888888887
2002-11-28,20.6,10.0,0.0,19.745833333333326
2002-11-29,16.7,5.0,0.0,16.11111111111111
2002-11-30,21.7,3.9,0.0,20.90083333333333
2002-12-01,19.4,8.9,1.0,19.259444444444444
2002-12-02,20.6,5.6,0.0,19.99722222222222
2002-12-03,20.0,6.1,0.0,18.972222222222225
2002-12-04,26.7,12.2,0.0,26.08555555555556
2002-12-05,27.8,17.8,25.4,29.697203661351164
2002-12-06,19.4,10.0,3.3,23.025277777777784
2002-12-07,22.2,8.3,0.0,22.00305555555556
2002-12-08,24.4,12.2,0.0,23.840833333333332
2002-12-09,19.4,16.7,55.4,19.915555555555557
2002-12-10,25.6,17.2,8.1,25.283055555555556
2002-12-11,21.7,14.4,0.3,21.98777777777778
2002-12-12,18.3,13.9,32.3,18.195833333333333
2002-12-13,22.2,15.0,24.9,22.118333333333332
2002-12-14,16.1,8.9,0.0,18.235000000000003
2002-12-15,13.9,6.1,0.0,12.146666666666668
2002-12-16,17.8,5.0,0.0,16.492499999999996
2002-12-17,21.1,5.6,0.0,20.362777777777772
2002-12-18,25.0,12.2,0.0,24.300555555555555
2002-12-19,26.1,11.7,0.0,25.638888888888893
2002-12-20,21.1,11.7,11.2,21.396944444444443
2002-12-21,16.7,6.7,0.0,15.980555555555554
2002-12-22,20.0,6.1,0.0,19.6675
2002-12-23,23.9,8.3,0.0,23.749444444444443
2002-12-24,25.0,15.0,32.8,25.309166666666666
2002-12-25,21.1,9.4,11.2,23.680833333333325
2002-12-26,15.6,5.0,0.0,14.286944444444442
2002-12-27,18.3,6.7,0.0,17.621388888888887
2002-12-28,16.7,5.6,0.0,15.967500000000001
2002-12-29,19.4,2.2,0.0,18.880833333333335
2002-12-30,23.3,3.3,0.0,22.65972222222223
2002-12-31,26.7,13.3,83.6,26.111666666666668
2003-01-01,24.4,13.3,19.6,24.35277777777778
2003-01-02,22.8,11.7,0.0,22.08194444444444
2003-01-03,18.9,7.2,0.0,18.378611111111113
2003-01-04,13.9,2.8,0.0,13.118888888888891
2003-01-05,17.8,0.6,0.0,16.492499999999996
2003-01-06,20.6,3.3,0.0,19.6675
2003-01-07,13.9,3.9,0.0,15.21722222222222
2003-01-08,17.2,0.0,0.0,16.54472222222222
2003-01-09,21.7,6.7,0.0,20.87472222222222
2003-01-10,23.9,10.0,0.0,23.879999999999995
2003-01-11,18.9,9.4,0.0,20.571666666666665
2003-01-12,16.7,6.7,0.0,15.073611111111108
2003-01-13,16.7,10.0,0.3,16.54194444444444
2003-01-14,17.2,7.2,0.5,16.54472222222222
2003-01-15,18.3,3.9,0.0,17.109444444444446
2003-01-16,22.2,6.1,0.0,21.269722222222224
2003-01-17,15.0,5.0,0.0,15.846666666666668
2003-01-18,11.1,1.7,0.0,9.497222222222222
2003-01-19,14.4,1.1,0.0,13.500277777777777
2003-01-20,20.6,0.6,0.0,19.35416666666667
2003-01-21,22.2,4.4,0.0,21.703333333333326
2003-01-22,25.0,10.6,0.0,23.82777777777777
2003-01-23,17.8,1.7,0.0,18.695277777777775
2003-01-24,6.1,-2.8,0.0,7.751388888888889
2003-01-25,17.8,1.1,0.0,15.980555555555554
2003-01-26,20.6,6.7,0.0,19.576111111111107
2003-01-27,17.2,6.1,0.0,16.006666666666668
2003-01-28,20.0,4.4,0.0,19.01138888888889
2003-01-29,22.8,9.4,0.0,21.96444444444444
2003-01-30,24.4,8.9,0.0,23.71027777777777
2003-01-31,25.0,10.6,0.0,24.196111111111108
2003-02-01,20.6,8.9,0.0,19.61527777777778
2003-02-02,22.2,6.7,0.0,21.204444444444448
2003-02-03,25.0,5.6,0.0,24.23527777777778
2003-02-04,26.1,12.2,0.0,24.45722222222222
2003-02-05,20.0,7.8,0.0,21.279444444444444
2003-02-06,25.6,7.8,0.0,25.586666666666662
2003-02-07,22.8,13.9,0.3,22.329999999999995
2003-02-08,13.9,10.6,0.0,18.93027777777778
2003-02-09,13.9,10.6,3.8,12.773333333333335
2003-02-10,23.9,12.8,1.5,24.15416666666666
2003-02-11,21.1,8.3,0.0,20.127777777777773
2003-02-12,20.6,6.1,0.0,19.945
2003-02-13,20.6,6.7,0.0,19.35416666666667
2003-02-14,23.3,7.2,0.0,22.568333333333342
2003-02-15,27.2,11.7,0.0,27.416236963591118
2003-02-16,29.4,17.8,7.1,30.194046724604465
2003-02-17,24.4,11.7,0.3,23.775555555555552
2003-02-18,20.6,11.1,0.0,20.179999999999993
2003-02-19,25.6,10.0,0.0,25.53444444444444
2003-02-20,28.9,16.7,0.3,28.89326381961784
2003-02-21,29.4,18.3,0.0,29.66075088801562
2003-02-22,31.1,19.4,13.0,31.348378167197765
2003-02-23,22.2,11.1,0.0,23.641666666666666
2003-02-24,25.0,9.4,0.0,24.891388888888894
2003-02-25,26.1,13.3,0.0,25.035
2003-02-26,27.8,15.6,0.0,27.676087608817763
2003-02-27,26.7,18.3,1.0,26.24222222222223
2003-02-28,21.1,16.7,13.0,23.142777777777784
2003-03-01,28.3,16.7,0.5,28.64234278149107
2003-03-02,27.8,17.8,1.5,29.385531600924462
2003-03-03,20.0,14.4,0.3,21.201111111111114
2003-03-04,26.7,14.4,1.8,25.834722222222222
2003-03-05,30.6,18.3,0.0,31.96842908860448
2003-03-06,31.7,18.3,0.0,33.16821562719118
2003-03-07,31.7,18.9,5.8,32.39278539805116
2003-03-08,26.1,17.8,2.0,26.28083333333333
2003-03-09,30.6,18.3,37.1,31.126955483004483
2003-03-10,26.7,16.1,0.0,26.007222222222232
2003-03-11,27.8,14.4,0.0,27.910757868995592
2003-03-12,28.3,17.8,0.0,29.15886103361784
2003-03-13,30.6,20.0,0.0,30.454350755555513
2003-03-14,28.9,16.1,2.3,28.246993170957833
2003-03-15,27.8,18.3,0.3,27.71250268391774
2003-03-16,25.6,16.7,6.6,25.283055555555556
2003-03-17,27.2,17.2,13.0,28.15824500283553
2003-03-18,28.9,16.7,0.0,30.294298970771212
2003-03-19,31.7,20.6,0.0,35.31575843611568
2003-03-20,32.8,21.7,0.0,36.343957807751195
2003-03-21,26.7,21.7,22.1,31.326208967884572
2003-03-22,28.3,20.0,0.0,29.543688464791305
2003-03-23,20.6,15.6,34.0,25.612777777777776
2003-03-24,25.0,15.0,0.0,24.196111111111108
2003-03-25,26.1,12.2,0.0,25.50833333333333
2003-03-26,26.7,15.6,0.0,26.611111111111114
2003-03-27,28.3,17.8,5.6,27.835943809757786
2003-03-28,28.3,17.2,0.0,28.39887615283563
2003-03-29,29.4,17.2,0.0,29.083513312415594
2003-03-30,24.4,12.2,1.3,25.76944444444444
2003-03-31,16.1,7.2,0.0,14.734166666666665
2003-04-01,20.6,6.7,0.0,19.61527777777778
2003-04-02,24.4,9.4,0.0,23.080277777777777
2003-04-03,25.6,11.1,0.0,24.839166666666664
2003-04-04,28.3,15.0,0.0,28.146045184835597
2003-04-05,29.4,15.6,0.0,29.083513312415594
2003-04-06,30.6,18.3,0.0,31.557488575164523
2003-04-07,31.1,21.7,0.0,32.930913029315576
2003-04-08,31.1,21.7,0.0,32.15124504993779
2003-04-09,28.9,17.2,3.6,29.47601872620456
2003-04-10,19.4,12.8,0.0,21.396944444444443
2003-04-11,20.6,10.6,0.0,19.6675
2003-04-12,26.7,9.4,0.0,25.87666666666667
2003-04-13,28.3,10.6,0.0,26.908843175591166
2003-04-14,29.4,11.7,0.0,27.78952527557118
2003-04-15,27.8,16.1,0.0,27.23515810385777
2003-04-16,26.7,17.2,0.0,25.691111111111113
2003-04-17,29.4,16.7,12.4,28.601447857571216
2003-04-18,29.4,18.3,0.0,28.89326381961784
2003-04-19,27.2,17.8,0.0,27.835943809757786
2003-04-20,28.9,17.2,0.0,28.577176604924507
2003-04-21,28.9,17.2,0.0,28.601447857571216
2003-04-22,30.6,17.8,0.0,31.285569377315557
2003-04-23,27.2,15.6,0.0,26.441388888888895
2003-04-24,29.4,15.0,0.0,29.02254748851555
2003-04-25,31.7,17.8,15.2,33.19595416537561
2003-04-26,27.8,17.8,17.8,28.92591493923561
2003-04-27,29.4,15.6,0.0,28.59431378340449
2003-04-28,29.4,17.8,0.0,29.930825938151138
2003-04-29,28.9,20.0,0.0,30.28317007140459
2003-04-30,30.6,19.4,60.7,30.717955184364623
2003-05-01,27.8,20.6,3.3,28.499177144657796
2003-05-02,30.6,19.4,0.0,31.04908144444437
2003-05-03,31.7,21.1,0.0,32.19925999255788
2003-05-04,32.2,20.6,0.0,32.56900581695783
2003-05-05,32.8,21.1,0.0,34.73444154748442
2003-05-06,33.3,22.8,0.0,35.24517878083567
2003-05-07,33.3,22.2,0.0,32.755005308284495
2003-05-08,32.8,22.8,0.0,34.016651047591154
2003-05-09,33.9,21.1,0.0,35.75535508329567
2003-05-10,34.4,22.8,0.0,35.889603247484416
2003-05-11,33.9,22.2,0.0,36.03057495519112
2003-05-12,33.9,21.1,0.0,35.616047560835526
2003-05-13,31.7,19.4,0.0,31.900241944515585
2003-05-14,32.8,17.8,1.0,32.69984507868445
2003-05-15,32.2,18.9,0.0,32.78368005370444
2003-05-16,32.8,21.1,0.0,33.89808742945776
2003-05-17,34.4,21.7,0.0,35.55203763279115
2003-05-18,33.9,22.8,0.0,35.286900788051064
2003-05-19,34.4,22.8,0.0,35.55203763279115
2003-05-20,31.7,22.2,9.4,32.53139821281776
2003-05-21,30.0,21.1,0.0,30.454350755555513
2003-05-22,28.9,20.6,48.0,30.026780984595675
2003-05-23,26.7,20.6,0.0,26.307500000000005
2003-05-24,31.7,19.4,0.0,33.19595416537561
2003-05-25,32.2,20.0,0.0,34.016651047591154
2003-05-26,32.8,21.1,0.0,33.57033428108443
2003-05-27,33.3,20.6,0.0,33.356838967857776
2003-05-28,31.7,21.7,0.0,32.53139821281776
2003-05-29,30.6,18.9,0.0,30.276920798631156
2003-05-30,32.2,20.6,0.0,31.285569377315557
2003-05-31,32.2,20.6,0.0,32.755005308284495
2003-06-01,32.2,21.7,0.0,35.781684200924495
2003-06-02,33.3,21.1,1.8,36.45781422883556
2003-06-03,32.2,21.1,0.3,34.24562740051562
2003-06-04,31.1,21.1,26.7,35.03801755555546
2003-06-05,31.1,21.7,5.1,33.882145611111156
2003-06-06,33.3,21.7,2.0,36.343957807751195
2003-06-07,32.8,22.8,9.1,36.931999601315574
2003-06-08,31.1,23.3,17.5,35.52997874444458
2003-06-09,30.0,22.2,37.8,33.621580418115514
2003-06-10,32.8,23.3,0.0,35.286900788051064
2003-06-11,33.3,22.8,0.0,38.16772704802459
2003-06-12,33.3,22.8,0.0,36.45781422883556
2003-06-13,32.8,22.8,0.0,36.45781422883556
2003-06-14,33.9,22.8,0.0,37.05415802092446
2003-06-15,33.3,23.3,0.0,36.343957807751195
2003-06-16,33.9,23.3,15.7,37.20667336761786
2003-06-17,32.2,24.4,0.0,35.21891191607106
2003-06-18,32.2,23.3,1.3,35.55203763279115
2003-06-19,26.1,23.3,8.9,26.16111111111111
2003-06-20,26.7,22.8,16.5,26.58166666666667
2003-06-21,30.6,22.8,1.0,35.99969964348455
2003-06-22,27.8,21.7,8.6,30.734408019395566
2003-06-23,30.6,22.2,0.0,33.78802762316448
2003-06-24,31.1,20.0,0.0,32.15124504993779
2003-06-25,30.6,21.1,0.0,31.887677555555513
2003-06-26,31.7,21.1,0.0,33.16821562719118
2003-06-27,32.2,22.2,0.3,35.55203763279115
2003-06-28,31.1,22.2,2.8,34.722588831484536
2003-06-29,32.2,21.1,10.9,36.68049771557119
2003-06-30,33.3,25.0,0.3,37.05415802092446
2003-07-01,32.8,23.3,4.3,36.931999601315574
2003-07-02,32.2,23.3,1.3,35.55203763279115
2003-07-03,31.7,22.8,0.3,35.52997874444458
2003-07-04,33.3,23.3,0.0,37.05415802092446
2003-07-05,33.3,23.3,0.0,37.05415802092446
2003-07-06,33.9,25.0,0.0,37.67863462375107
2003-07-07,33.9,22.8,0.0,36.45781422883556
2003-07-08,35.6,23.9,0.0,39.011986261617736
2003-07-09,35.0,24.4,9.7,40.018925928675564
2003-07-10,34.4,23.3,0.0,37.20667336761786
2003-07-11,33.9,24.4,0.0,36.60358037643559
2003-07-12,32.8,22.8,17.0,37.235683568124536
2003-07-13,31.1,22.8,18.5,35.21891191607106
2003-07-14,32.8,22.8,17.0,36.67203977659556
2003-07-15,31.1,22.8,11.4,34.722588831484536
2003-07-16,29.4,23.3,0.0,33.25453213293112
2003-07-17,33.3,22.2,0.0,35.616047560835526
2003-07-18,33.9,21.7,32.8,36.60358037643559
2003-07-19,33.9,21.7,0.5,38.846038964051104
2003-07-20,32.2,23.3,0.0,36.343957807751195
2003-07-21,33.9,23.3,0.0,38.17443465370449
2003-07-22,33.3,22.2,4.6,36.931999601315574
2003-07-23,33.3,22.8,0.5,38.33124403731548
2003-07-24,33.9,22.2,4.1,35.889603247484416
2003-07-25,31.7,21.1,20.6,36.100147751724435
2003-07-26,31.7,21.7,0.8,36.100147751724435
2003-07-27,33.3,23.9,0.0,36.100147751724435
2003-07-28,33.3,22.8,0.3,35.781684200924495
2003-07-29,33.9,21.7,62.0,37.67863462375107
2003-07-30,32.8,22.2,1.5,36.343957807751195
2003-07-31,33.9,22.2,2.8,38.16772704802459
2003-08-01,32.8,22.8,5.1,35.21891191607106
2003-08-02,30.0,22.2,33.5,33.621580418115514
2003-08-03,31.1,22.8,0.3,36.544426862115614
2003-08-04,33.3,22.2,31.5,36.931999601315574
2003-08-05,32.8,22.8,22.1,39.011986261617736
2003-08-06,33.3,23.3,0.0,38.33124403731548
2003-08-07,32.2,22.8,31.0,36.67203977659556
2003-08-08,31.7,23.3,8.1,37.263807475384425
2003-08-09,31.1,22.8,35.6,35.21891191607106
2003-08-10,28.9,22.2,0.8,31.258456716495616
2003-08-11,29.4,23.3,0.3,33.25453213293112
2003-08-12,32.8,22.2,0.0,37.05415802092446
2003-08-13,32.8,24.4,0.0,35.31575843611568
2003-08-14,31.1,23.3,5.3,36.544426862115614
2003-08-15,31.7,23.9,7.6,34.04386637036451
2003-08-16,32.8,22.2,3.0,36.100147751724435
2003-08-17,32.8,23.3,0.0,35.889603247484416
2003-08-18,33.3,23.3,5.6,38.16772704802459
2003-08-19,31.7,22.2,8.9,35.31575843611568
2003-08-20,31.1,21.7,7.4,33.882145611111156
2003-08-21,30.6,22.8,3.3,34.48061279223114
2003-08-22,31.7,22.8,19.6,35.52997874444458
2003-08-23,31.1,22.8,43.4,35.99969964348455
2003-08-24,32.8,22.8,0.0,38.33124403731548
2003-08-25,31.7,23.9,1.0,35.99969964348455
2003-08-26,31.1,23.9,1.8,35.21891191607106
2003-08-27,32.8,23.3,1.8,37.67863462375107
2003-08-28,31.7,23.9,0.0,35.845619555884504
2003-08-29,32.2,24.4,25.1,37.267713707404496
2003-08-30,33.3,24.4,0.3,39.011986261617736
2003-08-31,32.8,24.4,0.0,37.267713707404496
2003-09-01,32.8,24.4,0.0,37.267713707404496
2003-09-02,31.7,23.9,0.0,35.31575843611568
2003-09-03,31.7,24.4,9.4,35.21891191607106
2003-09-04,30.0,23.3,19.1,33.84550669876458
2003-09-05,29.4,23.3,0.5,32.50994487721565
2003-09-06,30.6,23.3,9.9,35.52997874444458
2003-09-07,31.1,23.3,0.0,35.21891191607106
2003-09-08,30.0,22.8,0.0,31.648926787671186
2003-09-09,31.1,22.2,0.0,33.34978949943118
2003-09-10,32.2,22.2,0.0,35.31575843611568
2003-09-11,30.6,21.7,0.0,32.25745578348452
2003-09-12,31.7,20.6,0.0,32.78368005370444
2003-09-13,31.7,22.2,0.0,33.85445181291555
2003-09-14,32.8,22.8,0.0,34.7744635280245
2003-09-15,31.7,22.2,0.0,33.6296077330646
2003-09-16,32.2,23.3,6.6,33.85445181291555
2003-09-17,30.0,22.2,0.8,33.44940924444435
2003-09-18,32.2,20.6,0.0,32.19925999255788
2003-09-19,32.8,22.8,0.0,37.235683568124536
2003-09-20,32.8,24.4,0.3,37.267713707404496
2003-09-21,32.8,23.9,0.0,35.781684200924495
2003-09-22,32.8,23.3,0.0,34.7744635280245
2003-09-23,31.1,22.8,0.3,33.34978949943118
2003-09-24,32.8,21.7,0.0,36.931999601315574
2003-09-25,32.8,20.0,84.6,37.05415802092446
2003-09-26,27.8,20.6,0.3,30.532753716924603
2003-09-27,30.0,22.2,11.4,31.892086701635677
2003-09-28,31.1,23.3,0.5,36.68049771557119
2003-09-29,26.1,21.7,1.8,25.808611111111112
2003-09-30,27.8,21.1,0.8,30.532753716924603
2003-10-01,26.1,21.1,3.6,26.503333333333345
2003-10-02,27.2,20.0,0.0,28.15824500283553
2003-10-03,29.4,20.6,0.0,31.900241944515585
2003-10-04,30.6,21.1,0.0,33.03359425555552
2003-10-05,30.6,20.6,0.0,31.229195675431228
2003-10-06,31.1,21.1,0.0,32.930913029315576
2003-10-07,30.6,20.6,14.2,32.25272841111113
2003-10-08,31.1,20.6,0.0,32.930913029315576
2003-10-09,30.0,21.1,0.0,31.900241944515585
2003-10-10,27.8,21.7,0.0,29.697203661351164
2003-10-11,30.6,22.2,15.7,33.03359425555552
2003-10-12,30.6,22.8,0.0,33.882145611111156
2003-10-13,32.8,23.9,0.0,36.343957807751195
2003-10-14,31.1,23.3,0.0,33.621580418115514
2003-10-15,25.6,16.1,0.0,25.426666666666666
2003-10-16,27.8,13.3,0.0,28.146045184835597
2003-10-17,28.3,20.0,1.3,29.543688464791305
2003-10-18,28.9,18.9,0.0,28.89326381961784
2003-10-19,27.8,18.9,0.0,28.39887615283563
2003-10-20,26.7,20.6,0.0,27.592192616015534
2003-10-21,29.4,18.9,0.0,29.10017681673787
2003-10-22,30.6,17.8,0.0,30.276920798631156
2003-10-23,28.9,15.6,0.0,28.258726944275562
2003-10-24,30.6,14.4,0.0,28.75228311111112
2003-10-25,30.0,18.9,0.0,30.159277208915682
2003-10-26,30.0,20.6,0.0,30.6159912848178
2003-10-27,30.6,18.9,0.0,31.04908144444437
2003-10-28,27.2,20.6,8.1,29.011609843635508
2003-10-29,25.0,15.6,3.3,24.982777777777773
2003-10-30,28.9,15.0,0.0,28.696246040435614
2003-10-31,28.9,18.9,0.0,28.89326381961784
2003-11-01,29.4,19.4,0.0,29.65017504153784
2003-11-02,29.4,19.4,0.0,30.294298970771212
2003-11-03,30.6,22.2,2.8,31.20833997777773
2003-11-04,30.6,22.8,0.0,33.621580418115514
2003-11-05,30.0,22.2,42.2,34.331803355555614
2003-11-06,27.2,22.2,7.6,29.480561546195574
2003-11-07,30.0,21.7,0.0,32.25745578348452
2003-11-08,29.4,21.1,0.0,31.98403855947564
2003-11-09,25.0,21.1,0.3,25.34833333333334
2003-11-10,27.2,20.6,2.8,28.292644831457842
2003-11-11,27.2,18.9,0.0,27.71250268391774
2003-11-12,28.3,18.3,0.0,28.696246040435614
2003-11-13,27.8,15.6,0.0,28.76327423575113
2003-11-14,25.0,10.6,0.0,25.178611111111113
2003-11-15,26.1,13.3,0.0,25.53444444444444
2003-11-16,26.7,13.3,0.0,26.08555555555556
2003-11-17,27.2,15.6,0.0,27.47501360605107
2003-11-18,29.4,19.4,0.0,29.65017504153784
2003-11-19,23.9,15.6,5.8,23.524166666666662
2003-11-20,23.3,12.2,0.0,22.711944444444455
2003-11-21,25.0,11.1,0.0,24.956666666666663
2003-11-22,26.1,13.9,0.0,25.56055555555555
2003-11-23,26.7,14.4,0.0,25.665000000000003
2003-11-24,27.2,13.3,0.0,27.543531976835535
2003-11-25,22.8,17.2,0.0,23.932222222222222
2003-11-26,26.7,17.2,0.0,26.21611111111112
2003-11-27,27.2,16.7,0.0,27.08954415243555
2003-11-28,28.9,11.7,0.0,29.31698503179564
2003-11-29,15.0,6.1,0.0,20.111388888888893
2003-11-30,21.1,6.7,0.0,20.822500000000005
2003-12-01,21.7,10.6,0.0,21.452499999999997
2003-12-02,24.4,9.4,0.0,24.209166666666672
2003-12-03,24.4,10.6,0.3,24.209166666666672
2003-12-04,27.2,14.4,0.0,26.137777777777778
2003-12-05,22.2,15.0,0.0,22.369166666666658
2003-12-06,15.0,7.2,0.0,19.429166666666664
2003-12-07,18.3,4.4,0.0,17.25305555555556
2003-12-08,21.7,7.2,0.0,20.783333333333342
2003-12-09,23.3,11.1,0.0,22.633611111111115
2003-12-10,23.9,13.9,1.3,23.419722222222216
2003-12-11,17.8,8.3,0.0,17.26277777777777
2003-12-12,21.7,7.2,0.0,20.90083333333333
2003-12-13,24.4,12.8,0.0,23.840833333333332
2003-12-14,21.1,12.8,34.0,20.963333333333328
2003-12-15,16.7,6.7,0.0,17.853611111111118
2003-12-16,25.0,8.3,2.0,23.932222222222222
2003-12-17,20.6,6.1,2.0,20.87194444444444
2003-12-18,16.1,4.4,0.0,15.389722222222227
2003-12-19,15.6,6.1,0.0,14.734166666666665
2003-12-20,12.8,2.2,0.0,11.177222222222222
2003-12-21,17.8,2.8,0.0,16.189444444444444
2003-12-22,21.7,8.3,0.0,20.926944444444448
2003-12-23,23.9,11.7,0.0,23.801666666666662
2003-12-24,25.6,11.1,0.0,25.612777777777776
2003-12-25,17.8,8.3,0.0,16.401111111111106
2003-12-26,22.2,9.4,0.0,21.47861111111111
2003-12-27,22.8,7.8,0.0,21.938333333333325
2003-12-28,23.9,8.9,0.0,23.119444444444444
2003-12-29,24.4,13.3,0.0,23.775555555555552
2003-12-30,26.7,12.8,0.0,25.981111111111122
2003-12-31,27.2,15.0,0.0,26.65027777777778
2004-01-01,26.1,14.4,0.0,25.99361111111111
2004-01-02,26.0,14.0,0.0,25.99361111111111
2004-01-03,27.2,13.9,0.0,26.03277777777778
2004-01-04,27.8,13.9,0.0,27.939517511555696
2004-01-05,27.2,14.4,0.0,27.478487941777765
2004-01-06,25.0,14.0,0.0,25.021944444444447
2004-01-07,14.0,7.0,0.0,13.55027777777778
2004-01-08,21.7,6.1,0.0,20.639166666666664
2004-01-09,23.0,11.0,0.8,22.869722222222226
2004-01-10,18.0,4.0,0.3,19.06138888888889
2004-01-11,17.0,4.0,0.0,16.504444444444445
2004-01-12,21.1,6.1,0.0,19.628333333333337
2004-01-13,19.0,7.0,0.0,18.395555555555553
2004-01-14,20.6,6.1,0.0,20.469444444444445
2004-01-15,22.0,11.0,0.0,21.819722222222218
2004-01-16,21.1,7.8,0.0,20.443333333333335
2004-01-17,23.0,9.0,0.0,22.921944444444446
2004-01-18,22.0,16.0,26.7,21.963333333333328
2004-01-19,20.0,11.7,7.1,19.06138888888889
2004-01-20,17.0,6.0,0.0,16.386944444444442
2004-01-21,21.1,6.7,0.0,20.639166666666664
2004-01-22,20.0,7.8,0.0,18.421666666666667
2004-01-23,18.0,8.0,0.0,17.319444444444446
2004-01-24,21.0,6.0,0.0,20.508611111111115
2004-01-25,25.0,6.1,0.0,23.67166666666667
2004-01-26,27.0,14.0,0.0,28.22722080577791
2004-01-27,24.0,12.0,26.2,24.193888888888893
2004-01-28,16.0,6.0,0.0,17.476111111111113
2004-01-29,20.0,2.8,0.0,18.539166666666663
2004-01-30,18.9,10.6,3.6,17.65888888888889
2004-01-31,16.0,12.0,18.5,15.650277777777777
2004-02-01,21.0,15.0,12.2,21.030833333333337
2004-02-02,22.8,12.8,0.0,22.921944444444446
2004-02-03,22.2,12.2,0.0,21.819722222222218
2004-02-04,23.0,13.0,0.0,23.0263888888889
2004-02-05,28.0,16.0,0.0,28.274843087111044
2004-02-06,29.0,19.0,0.0,29.90886722755556
2004-02-07,21.7,9.4,1.3,26.124166666666675
2004-02-08,14.0,4.0,0.0,13.393611111111115
2004-02-09,23.0,11.0,0.0,22.7913888888889
2004-02-10,25.6,12.2,0.0,24.930555555555557
2004-02-11,25.0,14.4,0.0,23.07861111111112
2004-02-12,28.9,15.0,0.0,28.922434379555526
2004-02-13,21.0,14.0,0.0,26.03277777777778
2004-02-14,24.4,13.9,4.6,24.128611111111113
2004-02-15,22.0,13.0,0.0,21.871944444444438
2004-02-16,19.0,9.0,0.0,18.656666666666663
2004-02-17,14.0,9.0,0.0,13.73305555555556
2004-02-18,16.1,5.0,0.0,15.232499999999996
2004-02-19,20.6,2.8,0.0,19.32805555555556
2004-02-20,22.0,8.0,0.0,21.689166666666665
2004-02-21,27.0,16.0,0.0,26.718515183555557
2004-02-22,26.0,16.0,0.0,25.771666666666672
2004-02-23,26.0,14.0,0.0,26.085
2004-02-24,23.0,18.0,62.7,23.971944444444446
2004-02-25,20.0,16.1,33.0,21.161388888888883
2004-02-26,22.8,10.6,1.3,20.97861111111111
2004-02-27,11.0,7.0,0.0,12.826666666666666
2004-02-28,19.0,6.0,0.0,18.656666666666663
2004-02-29,23.0,10.0,0.0,22.752222222222226
2004-03-01,25.0,13.0,0.0,24.813055555555554
2004-03-02,27.0,18.0,0.0,27.478487941777765
2004-03-03,27.0,16.0,0.0,27.126322248444506
2004-03-04,27.2,16.1,0.0,26.124166666666675
2004-03-05,28.0,18.0,0.0,28.53942504177774
2004-03-06,30.6,16.1,0.0,30.052721355555555
2004-03-07,28.0,20.0,0.0,30.15387115511095
2004-03-08,21.0,14.0,0.0,24.128611111111113
2004-03-09,21.0,10.0,0.0,20.417222222222225
2004-03-10,18.0,9.0,0.0,18.343333333333334
2004-03-11,22.0,9.0,0.0,21.58472222222222
2004-03-12,24.0,10.0,0.0,23.72388888888889
2004-03-13,25.0,13.0,0.0,24.813055555555554
2004-03-14,26.0,14.0,0.0,25.91527777777778
2004-03-15,26.0,16.0,4.6,26.176388888888894
2004-03-16,23.0,20.0,12.4,23.326666666666668
2004-03-17,26.0,16.0,0.0,25.693333333333335
2004-03-18,27.0,12.0,0.0,26.81385117911107
2004-03-19,28.0,14.0,0.0,27.470992943555565
2004-03-20,27.0,16.0,0.0,27.126322248444506
2004-03-21,28.0,14.0,0.0,28.029696888444366
2004-03-22,21.0,12.0,0.0,23.932777777777783
2004-03-23,21.0,10.0,0.0,20.57388888888889
2004-03-24,23.0,13.0,0.0,22.713055555555563
2004-03-25,23.0,16.0,1.3,22.921944444444446
2004-03-26,27.2,17.2,0.0,25.954444444444448
2004-03-27,26.0,16.0,0.0,25.954444444444448
2004-03-28,27.0,16.0,0.0,26.965124885777826
2004-03-29,26.1,13.9,0.0,24.024166666666673
2004-03-30,27.0,13.0,0.0,26.718515183555557
2004-03-31,27.0,17.0,0.0,26.419571995111113
2004-04-01,20.0,12.0,0.0,22.713055555555563
2004-04-02,23.0,11.0,0.0,22.608611111111117
2004-04-03,24.0,13.0,0.0,23.541111111111107
2004-04-04,25.0,8.9,0.0,23.6325
2004-04-05,25.0,11.7,0.0,23.541111111111107
2004-04-06,26.0,13.0,0.0,25.83694444444445
2004-04-07,28.0,15.0,0.0,27.66431045955554
2004-04-08,28.0,19.0,2.3,30.15387115511095
2004-04-09,29.0,20.0,0.0,28.88871927955556
2004-04-10,30.0,18.0,0.0,28.988929077777737
2004-04-11,31.0,20.0,24.6,31.36906995955557
2004-04-12,27.0,19.0,21.8,27.939517511555696
2004-04-13,25.0,17.0,0.0,24.930555555555557
2004-04-14,19.0,10.0,0.0,19.81111111111111
2004-04-15,22.0,12.0,0.0,21.62388888888889
2004-04-16,24.0,12.0,0.0,23.80222222222222
2004-04-17,26.0,14.0,0.0,25.83694444444445
2004-04-18,26.0,14.0,0.0,25.91527777777778
2004-04-19,26.0,16.0,0.0,25.954444444444448
2004-04-20,28.0,14.0,0.0,27.095502235111056
2004-04-21,27.0,17.0,0.0,27.126322248444506
2004-04-22,29.0,18.0,0.0,28.60630777155556
2004-04-23,29.0,18.0,0.0,28.88871927955556
2004-04-24,29.4,15.6,0.0,29.093004120444423
2004-04-25,29.0,20.0,0.0,29.90886722755556
2004-04-26,31.0,19.0,0.0,31.36906995955557
2004-04-27,25.0,17.0,2.8,29.42344713511115
2004-04-28,27.0,14.0,0.0,27.297443267111174
2004-04-29,27.0,18.0,0.0,27.939517511555696
2004-04-30,29.0,21.0,9.7,31.34656448977779
2004-05-01,32.2,21.1,0.0,34.59919833644446
2004-05-02,32.0,22.0,30.0,33.45426527955562
2004-05-03,24.0,22.0,14.7,24.389722222222222
2004-05-04,26.7,15.6,0.0,25.91527777777778
2004-05-05,27.0,14.0,0.0,26.49947119244446
2004-05-06,29.0,17.0,0.0,28.88871927955556
2004-05-07,30.0,19.0,0.0,30.052721355555555
2004-05-08,29.0,17.0,0.0,29.093004120444423
2004-05-09,28.0,17.0,0.0,28.029696888444366
2004-05-10,28.0,18.0,0.0,28.53942504177774
2004-05-11,29.0,21.0,0.0,29.90886722755556
2004-05-12,30.0,22.0,0.0,30.894053255555573
2004-05-13,29.0,21.0,0.0,29.90886722755556
2004-05-14,29.0,19.0,0.0,29.90886722755556
2004-05-15,28.0,20.0,2.5,29.232366431555484
2004-05-16,29.0,21.0,0.0,29.90886722755556
2004-05-17,30.0,21.0,1.3,32.6347006444444
2004-05-18,29.0,19.0,0.0,29.42344713511115
2004-05-19,29.0,19.0,0.0,29.90886722755556
2004-05-20,31.0,19.0,0.0,30.912882311555524
2004-05-21,32.0,19.0,0.0,32.45798420844449
2004-05-22,32.0,19.0,0.0,32.837765091555625
2004-05-23,32.0,20.0,0.0,32.837765091555625
2004-05-24,32.0,21.0,0.0,32.837765091555625
2004-05-25,33.0,20.0,0.0,33.368435607111174
2004-05-26,35.0,18.9,0.0,35.17792698311114
2004-05-27,34.0,24.0,0.0,36.005812703555684
2004-05-28,34.0,23.0,0.0,34.04459294755566
2004-05-29,35.0,22.0,0.0,36.3571822555555
2004-05-30,35.0,21.0,0.0,38.49010247777784
2004-05-31,36.0,23.0,0.0,39.86203106977781
2004-06-01,36.0,24.0,0.0,38.80068510311119
2004-06-02,36.1,21.7,0.0,36.92080481111116
2004-06-03,35.6,20.6,2.3,37.417663543111225
2004-06-04,33.0,22.0,59.9,36.005812703555684
2004-06-05,31.0,22.0,2.0,33.665803991555485
2004-06-06,33.0,22.0,65.5,31.488913921777844
2004-06-07,33.0,21.0,0.0,36.005812703555684
2004-06-08,32.0,22.0,0.0,35.91511605511118
2004-06-09,31.0,23.0,0.5,34.59919833644446
2004-06-10,32.0,23.0,8.1,35.91511605511118
2004-06-11,33.0,22.0,0.0,36.005812703555684
2004-06-12,34.0,24.0,0.0,36.51626202977783
2004-06-13,33.0,25.0,6.9,38.139577415111084
2004-06-14,32.8,22.8,54.9,35.35430882977785
2004-06-15,32.0,23.0,11.9,36.775126332444664
2004-06-16,32.0,24.0,0.0,34.59919833644446
2004-06-17,31.0,23.0,0.0,34.59919833644446
2004-06-18,32.0,24.0,0.0,36.775126332444664
2004-06-19,34.0,26.0,0.0,39.441867661777856
2004-06-20,33.0,24.0,9.4,39.162484632444624
2004-06-21,33.0,24.0,0.0,36.87690864355567
2004-06-22,33.0,24.0,0.0,38.139577415111084
2004-06-23,35.0,23.3,0.0,36.005812703555684
2004-06-24,34.0,25.0,0.0,38.139577415111084
2004-06-25,35.0,22.8,0.0,37.417663543111225
2004-06-26,34.0,23.0,0.3,39.441867661777856
2004-06-27,33.0,23.0,0.3,38.0092205804447
2004-06-28,33.9,23.3,0.0,36.87690864355567
2004-06-29,33.9,21.1,0.5,36.005812703555684
2004-06-30,32.0,24.0,0.0,34.855849563555616
2004-07-01,33.9,23.3,0.8,36.87690864355567
2004-07-02,34.4,21.1,33.8,36.87690864355567
2004-07-03,33.0,23.0,0.3,36.87690864355567
2004-07-04,33.0,23.0,1.0,38.139577415111084
2004-07-05,34.0,23.0,0.0,38.39286542044457
2004-07-06,35.0,26.0,0.0,39.441867661777856
2004-07-07,33.3,22.8,2.3,38.0092205804447
2004-07-08,33.9,21.7,0.0,36.87690864355567
2004-07-09,34.0,24.0,0.0,36.51626202977783
2004-07-10,34.0,24.0,0.0,36.87690864355567
2004-07-11,33.0,22.0,24.6,38.139577415111084
2004-07-12,32.0,23.0,0.0,35.91511605511118
2004-07-13,34.0,25.0,0.0,39.441867661777856
2004-07-14,35.0,23.9,0.0,38.39286542044457
2004-07-15,33.0,26.0,3.0,38.139577415111084
2004-07-16,31.0,26.0,0.0,35.35430882977785
2004-07-17,32.0,24.0,0.0,35.03801755555546
2004-07-18,28.0,26.0,8.9,32.011302207111086
2004-07-19,28.0,24.0,5.1,31.213585699111068
2004-07-20,29.0,24.0,2.5,33.49447846311105
2004-07-21,34.0,24.0,0.0,36.87690864355567
2004-07-22,33.0,23.0,0.0,36.005812703555684
2004-07-23,34.0,24.0,0.0,35.68866088044452
2004-07-24,34.0,25.0,0.0,37.417663543111225
2004-07-25,33.0,24.0,0.0,36.87690864355567
2004-07-26,34.0,23.0,25.4,37.417663543111225
2004-07-27,33.0,23.0,1.8,36.87690864355567
2004-07-28,31.0,24.0,5.3,35.35430882977785
2004-07-29,32.0,24.0,0.0,36.775126332444664
2004-07-30,33.0,24.0,0.0,36.87690864355567
2004-07-31,32.0,24.0,1.0,35.91511605511118
2004-08-01,30.0,24.0,31.5,35.03801755555546
2004-08-02,32.0,25.0,0.0,38.0092205804447
2004-08-03,32.0,26.0,4.6,38.0092205804447
2004-08-04,31.0,26.0,16.0,37.385098755555596
2004-08-05,33.3,23.9,0.0,39.162484632444624
2004-08-06,32.8,25.0,0.0,39.34321640355578
2004-08-07,31.0,24.0,58.2,35.35430882977785
2004-08-08,32.0,23.0,67.6,38.0092205804447
2004-08-09,33.3,23.9,1.3,36.775126332444664
2004-08-10,33.0,24.0,0.0,38.0092205804447
2004-08-11,33.9,23.3,3.0,38.139577415111084
2004-08-12,32.0,24.0,6.9,38.0092205804447
2004-08-13,28.9,21.1,46.2,34.1048593111111
2004-08-14,32.2,23.3,9.7,24.389722222222222
2004-08-15,32.8,23.3,5.1,38.83709481111111
2004-08-16,33.3,22.8,27.4,38.139577415111084
2004-08-17,33.3,23.9,25.1,38.0092205804447
2004-08-18,33.0,24.0,3.6,36.87690864355567
2004-08-19,33.3,22.8,0.0,34.1048593111111
2004-08-20,33.9,25.0,0.0,39.441867661777856
2004-08-21,32.0,22.0,48.3,40.77711380177801
2004-08-22,32.0,23.0,13.2,38.0092205804447
2004-08-23,32.0,23.0,0.0,38.0092205804447
2004-08-24,31.0,24.0,0.8,37.59868427155554
2004-08-25,31.0,24.0,1.3,36.4345424671111
2004-08-26,33.0,23.0,0.3,38.139577415111084
2004-08-27,33.0,24.0,0.0,39.162484632444624
2004-08-28,32.0,24.0,0.0,36.775126332444664
2004-08-29,33.0,25.0,0.0,38.139577415111084
2004-08-30,33.0,24.0,0.0,39.162484632444624
2004-08-31,34.0,24.0,8.1,40.627568440444726
2004-09-01,33.9,23.3,2.5,38.139577415111084
2004-09-02,32.0,25.0,0.0,36.775126332444664
2004-09-03,32.0,26.0,0.0,38.0092205804447
2004-09-04,31.1,23.9,1.5,36.4345424671111
2004-09-05,25.6,23.9,102.1,30.12494065911117
2004-09-06,28.3,23.9,61.2,32.732586439111
2004-09-07,32.0,26.0,3.8,38.0092205804447
2004-09-08,31.7,24.4,2.3,39.34321640355578
2004-09-09,32.0,24.0,0.0,38.0092205804447
2004-09-10,32.0,23.0,0.8,36.775126332444664
2004-09-11,32.0,25.0,1.5,36.775126332444664
2004-09-12,31.0,24.0,0.0,36.4345424671111
2004-09-13,32.0,24.0,0.3,38.0092205804447
2004-09-14,29.0,26.0,0.0,33.7775135702222
2004-09-15,31.0,26.0,3.0,39.17185738711117
2004-09-16,33.3,25.6,1.5,39.17185738711117
2004-09-17,33.3,25.0,0.0,38.0092205804447
2004-09-18,32.8,23.3,0.0,35.199778739555654
2004-09-19,31.0,24.0,0.0,33.665803991555485
2004-09-20,28.9,22.2,8.4,30.12494065911117
2004-09-21,28.3,22.8,4.1,30.66645219955549
2004-09-22,30.0,23.0,0.0,33.239386577777815
2004-09-23,31.7,21.1,0.0,33.665803991555485
2004-09-24,30.0,23.0,0.3,31.371828855555602
2004-09-25,30.0,22.2,8.1,32.011302207111086
2004-09-26,25.6,23.9,129.0,30.12494065911117
2004-09-27,31.7,24.4,0.0,36.775126332444664
2004-09-28,31.0,24.0,0.3,35.35430882977785
2004-09-29,31.0,23.0,0.0,35.35430882977785
2004-09-30,32.0,23.0,0.0,35.91511605511118
2004-10-01,31.0,24.0,0.0,36.4345424671111
2004-10-02,32.0,23.0,0.0,34.855849563555616
2004-10-03,32.0,23.0,0.0,34.855849563555616
2004-10-04,31.0,24.0,6.4,34.59919833644446
2004-10-05,29.0,24.0,0.0,32.72727353155561
2004-10-06,28.3,22.2,0.0,30.66645219955549
2004-10-07,28.0,23.0,0.0,28.922434379555526
2004-10-08,28.0,21.0,0.0,30.15387115511095
2004-10-09,30.0,22.0,0.0,31.887677555555513
2004-10-10,29.0,22.0,0.0,30.733060379555532
2004-10-11,25.0,21.7,8.9,26.293888888888894
2004-10-12,27.8,21.7,0.0,29.646778983555564
2004-10-13,29.0,22.0,0.0,30.733060379555532
2004-10-14,28.3,16.7,0.0,27.66945627244443
2004-10-15,26.7,13.3,7.4,25.43972222222222
2004-10-16,25.6,11.7,0.0,23.763055555555564
2004-10-17,28.0,15.0,0.0,27.803986445777756
2004-10-18,29.0,18.0,0.0,30.30655435155552
2004-10-19,30.0,22.0,7.4,34.1048593111111
2004-10-20,31.1,21.1,0.0,35.35430882977785
2004-10-21,30.6,21.1,1.5,31.34656448977779
2004-10-22,28.0,21.0,0.0,29.232366431555484
2004-10-23,28.0,20.0,0.0,28.53942504177774
2004-10-24,27.8,16.7,0.0,28.53942504177774
2004-10-25,28.0,20.0,0.0,28.922434379555526
2004-10-26,27.0,18.0,0.0,28.22722080577791
2004-10-27,27.8,18.3,0.0,27.66945627244443
2004-10-28,28.3,17.8,0.0,29.232366431555484
2004-10-29,28.0,20.0,0.0,29.675842565777796
2004-10-30,29.0,21.0,0.0,30.733060379555532
2004-10-31,30.0,18.3,0.0,29.90886722755556
2004-11-01,29.0,21.0,0.0,32.011302207111086
2004-11-02,30.0,19.0,0.0,32.6347006444444
2004-11-03,30.0,18.3,0.0,29.42344713511115
2004-11-04,30.0,22.0,0.0,31.371828855555602
2004-11-05,23.3,17.8,0.0,28.855553559555556
2004-11-06,25.0,15.0,0.0,24.930555555555557
2004-11-07,24.0,16.0,0.0,23.84138888888889
2004-11-08,26.0,12.0,0.0,25.83694444444445
2004-11-09,24.0,17.0,1.8,24.193888888888893
2004-11-10,26.0,18.0,0.0,26.085
2004-11-11,24.0,18.0,1.8,24.076388888888893
2004-11-12,27.0,17.0,0.0,27.939517511555696
2004-11-13,28.0,19.0,26.9,30.15387115511095
2004-11-14,26.0,20.0,1.5,26.124166666666675
2004-11-15,26.1,16.7,0.0,24.891388888888894
2004-11-16,25.0,16.1,1.0,23.932777777777783
2004-11-17,24.0,14.0,0.0,23.932777777777783
2004-11-18,26.1,13.3,0.0,23.971944444444446
2004-11-19,26.1,14.4,0.0,25.91527777777778
2004-11-20,27.0,18.0,0.0,27.478487941777765
2004-11-21,27.0,17.0,0.0,27.939517511555696
2004-11-22,27.0,18.0,0.0,27.939517511555696
2004-11-23,27.0,18.0,0.0,27.939517511555696
2004-11-24,27.0,21.0,4.8,28.855553559555556
2004-11-25,23.0,14.0,4.1,25.243888888888886
2004-11-26,19.0,9.0,0.0,18.656666666666663
2004-11-27,26.0,14.0,13.5,26.176388888888894
2004-11-28,23.9,13.9,0.0,22.921944444444446
2004-11-29,24.0,13.0,0.0,24.024166666666673
2004-11-30,26.0,15.0,0.0,26.124166666666675
2004-12-01,26.0,18.0,0.0,26.176388888888894
2004-12-02,23.0,15.0,0.0,24.193888888888893
2004-12-03,20.0,12.0,0.0,20.717499999999998
2004-12-04,18.0,13.0,0.0,17.567500000000003
2004-12-05,24.0,12.0,0.0,23.880555555555556
2004-12-06,26.0,16.0,0.0,26.176388888888894
2004-12-07,26.0,18.0,0.0,26.293888888888894
2004-12-08,28.3,16.7,0.0,28.922434379555526
2004-12-09,28.0,18.0,0.0,29.232366431555484
2004-12-10,27.2,17.8,8.6,26.359166666666667
2004-12-11,18.9,9.4,0.0,21.161388888888883
2004-12-12,16.0,7.0,0.0,15.41527777777778
2004-12-13,23.0,8.0,0.0,22.921944444444446
2004-12-14,18.0,7.0,0.0,19.915555555555557
2004-12-15,13.0,3.0,0.0,12.34361111111111
2004-12-16,18.0,8.0,0.0,17.880833333333335
2004-12-17,21.0,12.0,0.0,20.86111111111111
2004-12-18,21.0,13.0,0.0,20.80888888888889
2004-12-19,18.0,9.0,0.0,17.815555555555562
2004-12-20,11.7,2.8,0.0,14.352222222222224
2004-12-21,21.1,2.8,0.0,20.639166666666664
2004-12-22,24.0,11.0,0.0,23.880555555555556
2004-12-23,22.0,18.0,0.0,22.276666666666657
2004-12-24,18.0,10.0,0.0,20.255000000000003
2004-12-25,16.0,10.0,33.5,12.983333333333336
2004-12-26,19.4,5.0,2.5,19.28333333333334
2004-12-27,16.0,4.0,0.0,15.376111111111108
2004-12-28,20.0,9.0,0.0,19.70666666666667
2004-12-29,22.2,11.1,0.0,20.80888888888889
2004-12-30,23.0,13.0,0.0,22.830555555555556
2004-12-31,14.0,14.0,0.0,22.974166666666672
2005-01-01,24.4,13.3,0.0,24.32666666666667
2005-01-02,24.4,12.0,0.3,24.32666666666667
2005-01-03,25.0,15.0,0.0,24.904444444444447
2005-01-04,25.0,15.0,0.0,24.982777777777773
2005-01-05,26.7,16.0,0.0,27.08954415243555
2005-01-06,25.6,15.6,0.3,25.691111111111113
2005-01-07,27.2,16.7,0.5,27.676087608817763
2005-01-08,26.7,17.2,0.3,27.360965654024444
2005-01-09,26.7,15.0,0.0,27.195764459617777
2005-01-10,26.1,15.0,0.0,26.137777777777778
2005-01-11,23.9,15.0,0.6,24.02361111111111
2005-01-12,26.7,15.6,0.3,26.986454903191134
2005-01-13,27.8,18.3,0.0,28.957169045315645
2005-01-14,23.3,13.9,74.4,24.114999999999995
2005-01-15,19.4,13.3,0.0,19.494444444444447
2005-01-16,14.4,8.9,8.9,16.14694444444445
2005-01-17,11.1,5.6,0.0,11.738611111111116
2005-01-18,15.0,5.0,0.0,14.391388888888887
2005-01-19,17.8,6.1,0.0,17.30527777777778
2005-01-20,19.4,8.3,0.0,19.01138888888889
2005-01-21,21.7,8.9,0.0,21.53083333333333
2005-01-22,22.2,11.7,0.0,22.19944444444444
2005-01-23,18.3,3.9,0.3,20.61083333333333
2005-01-24,13.3,0.6,0.0,12.554166666666665
2005-01-25,18.9,5.0,0.0,18.421111111111102
2005-01-26,21.7,10.6,0.0,21.58305555555556
2005-01-27,22.8,13.9,0.0,22.73805555555556
2005-01-28,17.8,13.9,0.0,17.736111111111114
2005-01-29,21.7,15.6,0.0,21.504722222222224
2005-01-30,25.0,12.8,0.0,24.865277777777774
2005-01-31,18.9,8.9,0.0,20.179999999999993
2005-02-01,22.2,9.4,0.0,22.003611111111102
2005-02-02,18.9,13.3,0.0,18.96944444444444
2005-02-03,23.9,13.9,1.5,23.879999999999995
2005-02-04,13.3,7.8,1.5,21.67444444444445
2005-02-05,18.9,8.3,0.0,18.577777777777776
2005-02-06,22.8,12.2,0.0,22.711944444444455
2005-02-07,21.1,14.4,0.0,21.044444444444448
2005-02-08,23.9,14.4,0.0,23.605833333333333
2005-02-09,23.9,11.7,0.0,23.775555555555552
2005-02-10,23.9,11.7,0.0,23.54055555555555
2005-02-11,14.4,5.0,0.0,15.559444444444447
2005-02-12,18.3,6.7,0.0,17.595277777777774
2005-02-13,22.8,7.2,0.0,22.25500000000001
2005-02-14,26.1,11.1,0.0,26.007222222222232
2005-02-15,26.1,15.6,0.0,26.02027777777778
2005-02-16,26.7,16.1,0.0,26.986454903191134
2005-02-17,25.0,17.2,0.0,24.982777777777773
2005-02-18,20.0,10.6,0.0,23.276111111111106
2005-02-19,21.7,9.4,0.0,21.348055555555558
2005-02-20,23.9,10.6,0.0,23.749444444444443
2005-02-21,26.1,14.4,0.0,26.007222222222232
2005-02-22,26.7,17.2,0.0,27.25004875993561
2005-02-23,27.2,18.3,0.8,27.416236963591118
2005-02-24,23.9,18.9,0.0,23.984444444444442
2005-02-25,20.6,15.6,1.8,22.329999999999995
2005-02-26,22.2,15.0,0.0,22.19944444444444
2005-02-27,23.9,18.3,27.2,23.6025
2005-02-28,24.4,15.6,0.0,24.248333333333335
2005-03-01,21.7,11.1,0.0,21.269722222222224
2005-03-02,16.1,6.7,0.0,15.95444444444444
2005-03-03,11.7,8.0,4.3,13.474166666666669
2005-03-04,19.4,8.3,0.3,19.01138888888889
2005-03-05,22.2,8.9,0.0,21.7686111111111
2005-03-06,22.2,12.2,0.0,21.6511111111111
2005-03-07,25.0,14.4,0.0,24.682499999999997
2005-03-08,23.3,14.4,1.3,22.32027777777778
2005-03-09,14.4,8.9,12.2,16.215555555555554
2005-03-10,17.8,7.2,0.0,17.213888888888892
2005-03-11,22.2,8.9,0.0,21.899166666666662
2005-03-12,23.3,12.2,0.0,22.76694444444444
2005-03-13,26.1,11.7,0.0,26.08555555555556
2005-03-14,25.6,17.2,14.0,25.74333333333333
2005-03-15,22.8,18.3,1.8,22.920833333333334
2005-03-16,28.3,18.3,9.1,29.543688464791305
2005-03-17,20.6,13.3,41.9,25.178611111111113
2005-03-18,15.0,9.4,0.0,19.664166666666667
2005-03-19,19.4,6.1,0.0,18.920000000000005
2005-03-20,23.9,10.0,0.8,23.605833333333333
2005-03-21,23.3,15.6,3.3,23.328333333333326
2005-03-22,29.4,18.3,0.0,31.900241944515585
2005-03-23,25.6,18.9,28.2,29.10017681673787
2005-03-24,24.4,17.8,0.0,24.405
2005-03-25,28.3,20.0,29.5,30.967434366904588
2005-03-26,25.0,20.6,2.8,25.426666666666666
2005-03-27,30.6,19.4,0.0,32.930913029315576
2005-03-28,24.4,16.7,1.3,27.962515993535547
2005-03-29,27.2,14.4,0.0,26.672469195537772
2005-03-30,27.2,12.8,0.0,26.672469195537772
2005-03-31,30.0,18.3,10.7,31.557488575164523
2005-04-01,30.0,20.0,0.0,31.20833997777773
2005-04-02,24.4,16.1,2.8,28.33768810961774
2005-04-03,22.8,11.7,0.0,22.281111111111116
2005-04-04,26.1,12.2,0.0,25.785277777777782
2005-04-05,27.2,15.0,0.0,26.762939877617825
2005-04-06,26.7,16.7,0.0,27.08954415243555
2005-04-07,27.8,18.3,7.4,29.15886103361784
2005-04-08,26.1,19.4,0.0,26.007222222222232
2005-04-09,26.1,16.7,0.0,25.981111111111122
2005-04-10,26.1,15.6,0.0,26.111666666666668
2005-04-11,27.2,13.9,0.0,27.195764459617777
2005-04-12,27.8,15.6,0.0,27.624331573457855
2005-04-13,28.3,18.9,6.9,27.141760369117826
2005-04-14,25.6,15.0,0.0,25.377777777777776
2005-04-15,22.2,12.2,0.0,21.833888888888882
2005-04-16,20.0,13.3,0.0,19.510833333333338
2005-04-17,22.8,12.2,0.0,22.516111111111115
2005-04-18,25.0,12.8,0.0,24.786944444444444
2005-04-19,25.6,14.4,0.0,25.41694444444444
2005-04-20,26.1,16.1,0.0,25.981111111111122
2005-04-21,27.8,16.1,0.0,27.093906147537833
2005-04-22,28.9,17.8,0.0,27.790741763971212
2005-04-23,26.1,16.7,1.3,26.059444444444452
2005-04-24,21.7,12.8,0.0,21.831111111111106
2005-04-25,23.9,11.7,0.0,23.436111111111114
2005-04-26,29.4,15.0,10.4,29.41421488587567
2005-04-27,28.9,17.8,0.3,29.65017504153784
2005-04-28,26.7,16.1,0.0,26.506666666666668
2005-04-29,28.9,15.0,0.0,28.1825764545045
2005-04-30,31.1,18.9,6.4,31.846529894604444
2005-05-01,27.0,18.9,5.6,28.22722080577791
2005-05-02,28.3,20.0,0.0,29.10017681673787
2005-05-03,28.3,18.3,5.9,28.601447857571216
2005-05-04,25.0,20.0,10.9,25.34833333333334
2005-05-05,27.8,20.0,2.4,29.697203661351164
2005-05-06,22.8,17.2,0.0,22.685833333333335
2005-05-07,26.1,14.4,0.0,25.981111111111122
2005-05-08,28.3,16.7,0.0,27.368370834995595
2005-05-09,28.9,17.2,0.0,28.03957093897562
2005-05-10,29.4,19.4,0.0,28.696246040435614
2005-05-11,28.3,19.4,1.3,28.246993170957833
2005-05-12,29.4,18.3,0.0,29.56310813900446
2005-05-13,28.9,18.9,0.0,28.78069813099559
2005-05-14,28.9,18.3,0.0,29.300882540051173
2005-05-15,31.1,19.4,0.0,30.255147576975546
2005-05-16,30.0,20.0,0.0,29.930825938151138
2005-05-17,32.2,22.2,0.0,32.21115006887111
2005-05-18,30.0,21.1,0.0,30.454350755555513
2005-05-19,30.0,20.6,0.0,30.052721355555555
2005-05-20,31.7,20.0,0.0,31.53111406157112
2005-05-21,32.2,22.2,3.3,32.023305295084555
2005-05-22,29.4,21.1,0.0,30.331079793937747
2005-05-23,32.2,21.1,0.0,32.21115006887111
2005-05-24,33.3,22.8,0.0,36.03057495519112
2005-05-25,30.6,21.1,0.0,31.648926787671186
2005-05-26,27.8,20.0,0.0,27.987237679591207
2005-05-27,29.4,20.0,7.9,30.915363245315625
2005-05-28,32.2,22.2,0.0,34.016651047591154
2005-05-29,31.7,21.1,0.0,31.53111406157112
2005-05-30,33.9,23.3,5.1,35.286900788051064
2005-05-31,27.8,21.1,40.5,33.21375493548445
2005-06-01,25.6,21.7,21.1,29.105816139857836
2005-06-02,28.3,22.8,1.8,30.28317007140459
2005-06-03,26.7,22.0,58.9,29.24256325473562
2005-06-04,27.8,22.2,14.7,29.697203661351164
2005-06-05,29.4,22.2,16.5,32.62913009207105
2005-06-06,31.1,22.2,0.0,34.80727677236455
2005-06-07,32.2,23.3,0.3,35.781684200924495
2005-06-08,31.7,23.9,0.5,35.55203763279115
2005-06-09,28.9,24.0,7.4,32.876041529064565
2005-06-10,27.8,24.4,1.8,30.532753716924603
2005-06-11,30.0,25.0,16.3,35.52997874444458
2005-06-12,31.1,23.9,57.4,37.263807475384425
2005-06-13,32.2,23.9,0.3,35.781684200924495
2005-06-14,33.9,22.8,0.0,36.45781422883556
2005-06-15,33.9,24.4,25.9,38.17443465370449
2005-06-16,33.9,22.8,42.4,38.846038964051104
2005-06-17,32.2,23.9,4.1,36.931999601315574
2005-06-18,31.7,24.4,0.0,34.7744635280245
2005-06-19,31.1,23.0,5.8,33.6296077330646
2005-06-20,29.4,23.3,0.0,31.900241944515585
2005-06-21,29.4,22.8,1.5,31.326208967884572
2005-06-22,31.1,22.8,43.4,34.80727677236455
2005-06-23,28.9,22.2,1.5,31.648926787671186
2005-06-24,27.2,22.8,1.0,28.92591493923561
2005-06-25,30.0,22.8,0.3,32.876041529064565
2005-06-26,32.8,24.4,0.0,34.48873600083557
2005-06-27,31.7,24.0,33.3,36.100147751724435
2005-06-28,29.4,23.9,28.7,34.04386637036451
2005-06-29,30.0,24.4,36.1,36.29964811111102
2005-06-30,29.4,25.0,8.4,33.621580418115514
2005-07-01,31.1,23.9,4.3,36.68049771557119
2005-07-02,31.7,25.0,2.0,37.8871695441513
2005-07-03,32.2,25.6,0.5,37.235683568124536
2005-07-04,33.3,25.0,2.3,37.67863462375107
2005-07-05,33.9,25.0,0.0,37.05415802092446
2005-07-06,33.9,25.0,0.0,36.91070788641558
2005-07-07,34.4,26.1,0.0,38.58431805415117
2005-07-08,33.3,26.1,0.0,39.011986261617736
2005-07-09,32.8,23.9,25.7,39.011986261617736
2005-07-10,30.0,23.0,19.6,34.48061279223114
2005-07-11,33.3,23.9,19.8,37.86849669121564
2005-07-12,32.8,24.4,1.3,37.67863462375107
2005-07-13,33.3,25.0,3.1,37.51950270193562
2005-07-14,34.4,24.4,8.9,37.67863462375107
2005-07-15,33.9,24.4,0.8,37.84634757387565
2005-07-16,32.8,25.0,2.3,37.67863462375107
2005-07-17,31.7,25.6,0.0,37.86849669121564
2005-07-18,32.8,25.6,0.0,37.67863462375107
2005-07-19,31.1,26.1,9.4,36.83391274444452
2005-07-20,33.3,25.6,0.0,39.554438450015674
2005-07-21,33.3,25.0,0.0,39.011986261617736
2005-07-22,33.3,25.6,4.8,38.846038964051104
2005-07-23,33.3,26.7,0.3,40.2929255059178
2005-07-24,33.9,26.1,0.0,40.31313256477118
2005-07-25,32.2,26.1,0.0,36.343957807751195
2005-07-26,32.8,24.4,0.0,35.09003579559113
2005-07-27,35.0,25.0,0.0,37.83491347777776
2005-07-28,33.9,26.1,0.0,38.85491958937559
2005-07-29,35.0,24.4,0.3,38.846038964051104
2005-07-30,33.9,23.3,8.4,37.21448419023117
2005-07-31,33.3,23.3,0.0,37.51950270193562
2005-08-01,32.8,24.4,10.2,37.67863462375107
2005-08-02,33.9,24.4,0.0,38.17443465370449
2005-08-03,33.3,25.0,0.0,37.20667336761786
2005-08-04,34.4,25.0,10.4,37.20667336761786
2005-08-05,33.9,23.3,42.2,36.343957807751195
2005-08-06,32.2,23.3,14.7,36.343957807751195
2005-08-07,32.8,24.4,3.6,35.616047560835526
2005-08-08,31.7,23.3,0.0,34.7744635280245
2005-08-09,32.8,24.4,2.8,37.05415802092446
2005-08-10,33.3,25.6,0.0,38.33124403731548
2005-08-11,33.9,26.1,0.0,37.84634757387565
2005-08-12,32.2,25.6,0.0,38.18538774865792
2005-08-13,34.4,24.4,18.3,37.91852052531555
2005-08-14,33.3,24.4,16.4,38.16772704802459
2005-08-15,33.9,23.9,0.0,37.84634757387565
2005-08-16,34.4,25.6,0.0,38.58431805415117
2005-08-17,35.0,26.7,0.0,39.64739735793769
2005-08-18,35.0,25.0,0.5,40.288316255555614
2005-08-19,35.0,25.6,0.0,40.288316255555614
2005-08-20,34.4,25.0,51.6,38.9300934206755
2005-08-21,33.9,25.6,0.0,38.18538774865792
2005-08-22,33.3,26.1,0.0,37.67863462375107
2005-08-23,32.8,26.1,0.0,37.235683568124536
2005-08-24,33.3,26.1,9.7,39.554438450015674
2005-08-25,30.6,26.7,9.9,35.52997874444458
2005-08-26,32.8,26.7,0.3,38.33124403731548
2005-08-27,33.3,25.6,0.0,37.267713707404496
2005-08-28,32.8,25.6,0.3,38.33124403731548
2005-08-29,33.9,26.1,0.0,39.567818893064526
2005-08-30,33.9,26.1,11.9,39.567818893064526
2005-08-31,32.2,25.6,6.9,38.85073410243562
2005-09-01,30.6,25.6,0.0,36.544426862115614
2005-09-02,32.8,25.6,1.0,38.33124403731548
2005-09-03,32.2,25.0,0.0,35.24517878083567
2005-09-04,32.2,25.0,0.0,33.820934725784504
2005-09-05,30.6,23.3,7.9,32.62913009207105
2005-09-06,31.1,23.9,7.4,34.80727677236455
2005-09-07,30.0,24.4,0.8,33.882145611111156
2005-09-08,27.2,25.0,0.5,29.878027129724483
2005-09-09,28.3,24.4,4.1,31.55937428402463
2005-09-10,31.7,22.8,0.0,34.32017456463127
2005-09-11,32.2,22.8,0.0,31.576198403235576
2005-09-12,32.2,23.9,1.0,35.24517878083567
2005-09-13,32.2,23.3,0.0,32.755005308284495
2005-09-14,32.2,23.3,0.0,33.356838967857776
2005-09-15,32.8,23.9,0.0,33.07112638487102
2005-09-16,33.3,22.8,0.0,32.88196913043552
2005-09-17,33.3,24.4,0.0,34.97482682251561
2005-09-18,33.3,23.3,0.0,35.286900788051064
2005-09-19,32.2,24.4,0.0,34.48873600083557
2005-09-20,30.6,25.0,6.4,36.544426862115614
2005-09-21,28.3,23.9,3.3,32.35495978132455
2005-09-22,30.0,24.4,5.8,34.331803355555614
2005-09-23,31.1,24.4,0.0,35.31575843611568
2005-09-24,31.1,23.9,0.0,33.78802762316448
2005-09-25,31.1,23.3,0.0,32.6347006444444
2005-09-26,31.7,22.8,0.0,32.78368005370444
2005-09-27,32.2,22.2,6.3,34.016651047591154
2005-09-28,30.6,22.2,0.0,33.44940924444435
2005-09-29,32.2,21.1,0.0,34.28580817393564
2005-09-30,31.1,23.3,0.0,33.85445181291555
2005-10-01,31.1,23.9,7.6,34.32017456463127
2005-10-02,31.1,24.4,9.4,35.52997874444458
2005-10-03,31.1,23.9,10.2,34.32017456463127
2005-10-04,28.3,23.3,18.8,31.55937428402463
2005-10-05,28.9,23.9,9.4,32.876041529064565
2005-10-06,31.1,23.3,14.7,35.99969964348455
2005-10-07,28.3,24.0,9.9,31.946091963555528
2005-10-08,30.0,23.3,1.8,35.03801755555546
2005-10-09,30.6,23.9,0.0,35.21891191607106
2005-10-10,31.1,23.9,0.0,34.80727677236455
2005-10-11,29.4,23.9,0.0,33.21375493548445
2005-10-12,29.4,23.9,1.3,33.621580418115514
2005-10-13,28.3,23.9,3.8,30.549454376151076
2005-10-14,28.3,22.2,2.3,30.026780984595675
2005-10-15,28.9,20.6,0.0,29.41421488587567
2005-10-16,28.3,17.8,0.0,28.007127103084443
2005-10-17,28.3,18.9,0.0,28.41927290529559
2005-10-18,28.9,19.4,0.0,29.083513312415594
2005-10-19,28.3,21.1,0.0,30.026780984595675
2005-10-20,31.7,22.8,0.0,34.7744635280245
2005-10-21,29.4,23.3,0.0,32.50994487721565
2005-10-22,29.4,22.8,37.3,32.62913009207105
2005-10-23,27.8,22.8,11.9,31.188054025724526
2005-10-24,24.4,14.4,119.4,26.04361111111111
2005-10-25,17.8,10.0,0.0,17.318333333333335
2005-10-26,18.9,10.6,0.0,18.264444444444436
2005-10-27,23.9,11.1,0.0,23.723333333333333
2005-10-28,24.4,14.4,0.0,24.196111111111108
2005-10-29,23.3,13.9,0.0,23.09333333333333
2005-10-30,23.3,13.3,0.0,23.171666666666667
2005-10-31,26.1,16.7,0.0,26.059444444444452
2005-11-01,26.1,17.2,6.4,26.2813888888889
2005-11-02,25.6,17.8,0.3,25.612777777777776
2005-11-03,26.1,17.8,0.0,26.1638888888889
2005-11-04,26.7,16.1,0.0,27.195764459617777
2005-11-05,27.8,17.2,0.0,27.987237679591207
2005-11-06,29.4,17.8,0.0,29.02254748851555
2005-11-07,27.2,18.3,0.3,27.543531976835535
2005-11-08,27.8,20.0,0.0,28.76327423575113
2005-11-09,27.8,18.3,0.0,27.763646131857854
2005-11-10,26.7,17.2,0.3,27.195764459617777
2005-11-11,26.1,15.0,0.0,25.87666666666667
2005-11-12,25.6,15.0,0.0,25.56055555555555
2005-11-13,25.6,16.1,0.0,25.612777777777776
2005-11-14,25.6,18.9,0.0,25.74333333333333
2005-11-15,26.7,18.3,0.0,27.71250268391774
2005-11-16,28.3,17.8,0.0,28.577176604924507
2005-11-17,21.1,14.4,0.0,23.393611111111106
2005-11-18,23.3,13.9,0.0,23.302222222222216
2005-11-19,25.6,17.8,0.3,25.74333333333333
2005-11-20,25.6,20.0,1.0,25.834722222222222
2005-11-21,26.7,16.7,0.5,27.592192616015534
2005-11-22,19.4,11.1,0.0,18.920000000000005
2005-11-23,16.1,7.8,0.0,15.742222222222226
2005-11-24,25.6,11.1,0.0,25.50833333333333
2005-11-25,25.6,15.0,0.0,25.36472222222222
2005-11-26,25.0,13.3,0.0,24.799999999999997
2005-11-27,26.7,15.0,0.0,27.360965654024444
2005-11-28,26.1,18.9,2.3,26.307500000000005
2005-11-29,22.8,19.4,4.3,23.142777777777784
2005-11-30,20.0,12.2,0.3,20.832777777777775
2005-12-01,18.3,8.9,0.0,17.621388888888887
2005-12-02,18.9,10.0,0.0,18.146944444444447
2005-12-03,21.7,7.2,0.0,21.348055555555558
2005-12-04,23.9,12.8,0.0,23.71027777777777
2005-12-05,26.1,15.0,3.6,26.137777777777778
2005-12-06,19.4,13.3,0.0,22.29083333333332
2005-12-07,20.6,13.9,1.6,20.519444444444446
2005-12-08,20.6,16.7,34.5,19.941666666666674
2005-12-09,24.4,15.0,2.5,24.64
2005-12-10,21.7,11.7,0.0,21.70055555555556
2005-12-11,14.4,10.6,2.3,17.814444444444447
2005-12-12,16.1,6.7,0.0,15.402777777777784
2005-12-13,17.2,10.0,0.0,16.518611111111106
2005-12-14,22.2,8.9,0.0,21.96444444444444
2005-12-15,24.4,12.2,3.0,24.405
2005-12-16,18.3,11.7,0.0,22.17333333333332
2005-12-17,20.6,12.8,0.5,20.793611111111105
2005-12-18,18.3,14.4,0.3,20.87194444444444
2005-12-19,17.8,10.6,0.3,17.631666666666675
2005-12-20,19.4,9.4,0.0,19.168055555555554
2005-12-21,15.0,7.8,0.0,15.807500000000005
2005-12-22,16.7,6.1,0.0,16.098055555555554
2005-12-23,18.9,6.7,0.0,18.355833333333333
2005-12-24,22.8,8.9,0.0,22.65972222222223
2005-12-25,21.7,13.9,0.0,21.47861111111111
2005-12-26,17.2,8.9,0.0,18.603888888888886
2005-12-27,18.3,5.6,0.0,17.608333333333334
2005-12-28,20.6,5.6,0.0,20.362777777777772
2005-12-29,21.7,12.2,3.6,21.269722222222224
2005-12-30,20.6,8.3,0.0,20.127777777777773
2005-12-31,13.9,13.9,0.0,24.32666666666667
2006-01-01,25.6,13.3,0.0,25.691111111111113
2006-01-02,26.7,19.4,0.0,27.47501360605107
2006-01-03,26.1,15.6,0.0,25.87666666666667
2006-01-04,21.7,11.7,0.0,21.36111111111111
2006-01-05,22.8,11.1,0.0,22.594444444444452
2006-01-06,17.8,7.8,0.0,18.721388888888885
2006-01-07,11.7,3.9,0.0,10.821944444444446
2006-01-08,17.8,3.3,0.0,16.978888888888893
2006-01-09,22.2,6.1,0.0,21.899166666666662
2006-01-10,24.4,12.2,0.0,24.300555555555555
2006-01-11,26.1,12.8,0.0,26.0463888888889
2006-01-12,26.7,13.9,0.0,26.637222222222224
2006-01-13,25.6,15.0,0.8,25.71722222222222
2006-01-14,20.6,10.0,0.0,21.318611111111114
2006-01-15,16.7,4.4,0.0,15.823888888888888
2006-01-16,22.2,10.0,0.0,21.6511111111111
2006-01-17,25.6,11.7,0.0,25.53444444444444
2006-01-18,21.1,8.3,5.1,23.184722222222216
2006-01-19,21.1,7.8,0.0,20.822500000000005
2006-01-20,23.9,11.7,0.0,24.049722222222226
2006-01-21,26.7,16.7,0.0,27.47501360605107
2006-01-22,27.2,17.2,0.0,27.543531976835535
2006-01-23,27.2,20.0,0.0,27.8139038595378
2006-01-24,25.0,19.4,1.0,25.113333333333337
2006-01-25,21.7,11.7,0.0,22.855555555555565
2006-01-26,20.6,7.8,0.0,20.206111111111106
2006-01-27,20.0,11.1,0.0,19.64138888888889
2006-01-28,22.2,11.1,0.0,21.938333333333325
2006-01-29,24.4,13.3,0.0,24.300555555555555
2006-01-30,21.1,17.2,4.1,22.108055555555545
2006-01-31,18.9,11.7,0.0,18.891111111111105
2006-02-01,21.7,7.8,0.0,21.08694444444445
2006-02-02,26.7,12.8,0.0,27.25004875993561
2006-02-03,20.6,17.2,34.8,24.45722222222222
2006-02-04,19.4,11.7,6.6,19.533611111111117
2006-02-05,17.2,7.2,0.0,16.479444444444443
2006-02-06,20.6,6.7,0.0,20.023333333333333
2006-02-07,23.3,11.1,0.0,23.119444444444444
2006-02-08,17.2,7.8,0.0,16.296666666666667
2006-02-09,20.0,6.7,0.0,19.458611111111107
2006-02-10,20.6,6.7,0.0,20.23222222222222
2006-02-11,24.4,8.3,4.6,24.32666666666667
2006-02-12,12.2,4.4,0.5,17.06694444444444
2006-02-13,12.2,2.8,0.0,11.138055555555558
2006-02-14,16.1,2.8,0.0,15.220000000000002
2006-02-15,22.2,3.3,0.0,21.256666666666668
2006-02-16,22.8,10.0,0.0,22.685833333333335
2006-02-17,26.1,13.3,0.0,25.96805555555556
2006-02-18,27.2,15.0,0.0,27.065915636284476
2006-02-19,18.3,13.3,0.0,24.27444444444445
2006-02-20,25.6,12.2,0.0,25.586666666666662
2006-02-21,27.2,15.0,0.0,27.12101463745771
2006-02-22,27.2,16.1,0.0,27.23515810385777
2006-02-23,28.9,18.9,0.0,28.89326381961784
2006-02-24,21.1,16.7,0.0,25.638888888888893
2006-02-25,26.1,18.3,0.0,26.190000000000005
2006-02-26,21.1,11.7,6.6,23.025277777777784
2006-02-27,20.6,8.9,0.0,20.049444444444443
2006-02-28,23.9,9.4,0.0,23.475277777777777
2006-03-01,25.6,10.6,0.0,25.325555555555557
2006-03-02,28.3,12.2,0.0,27.656826412984522
2006-03-03,27.2,18.3,0.0,27.35456218899553
2006-03-04,22.2,13.3,0.0,24.982777777777773
2006-03-05,23.9,11.1,0.0,23.462222222222223
2006-03-06,25.0,12.2,0.0,24.734722222222228
2006-03-07,21.1,10.6,0.0,20.822500000000005
2006-03-08,22.8,8.9,0.0,22.46388888888889
2006-03-09,25.0,11.1,0.0,24.826111111111118
2006-03-10,27.8,17.2,0.0,27.624331573457855
2006-03-11,28.9,18.3,0.0,28.59431378340449
2006-03-12,28.3,16.7,0.0,28.246993170957833
2006-03-13,28.9,17.2,0.0,28.50576934161565
2006-03-14,29.4,20.0,0.0,28.741592507075584
2006-03-15,22.2,13.3,0.0,25.586666666666662
2006-03-16,25.6,11.7,0.0,25.36472222222222
2006-03-17,27.8,15.6,0.0,27.093906147537833
2006-03-18,27.2,15.0,0.0,26.376111111111115
2006-03-19,25.0,14.4,0.0,24.904444444444447
2006-03-20,29.4,16.1,0.0,29.02254748851555
2006-03-21,30.6,20.0,0.0,31.617318406151192
2006-03-22,27.2,15.6,0.0,26.307500000000005
2006-03-23,25.0,16.1,0.0,24.904444444444447
2006-03-24,21.7,13.9,0.0,21.191388888888884
2006-03-25,18.9,8.9,0.0,18.133888888888883
2006-03-26,18.9,8.3,0.0,18.12083333333333
2006-03-27,21.7,8.9,0.0,21.191388888888884
2006-03-28,25.0,9.4,0.0,24.617222222222225
2006-03-29,27.8,14.4,0.0,26.952184976551163
2006-03-30,26.7,15.6,0.0,26.558888888888895
2006-03-31,28.3,15.6,0.0,27.78952527557118
2006-04-01,29.4,15.6,0.0,28.493173582275574
2006-04-02,30.6,17.2,0.0,29.328596676871125
2006-04-03,30.0,19.4,0.0,29.576440311111114
2006-04-04,30.6,18.9,0.0,29.336038526595594
2006-04-05,28.3,15.6,0.0,26.889711213057822
2006-04-06,29.4,15.0,0.0,28.151444389031152
2006-04-07,31.7,19.4,0.0,30.016614937395584
2006-04-08,31.7,20.6,0.0,31.09243211641781
2006-04-09,24.4,17.2,33.8,27.49281419379563
2006-04-10,25.6,15.6,0.0,25.469166666666663
2006-04-11,26.1,16.7,0.0,25.94194444444445
2006-04-12,26.1,17.8,0.5,26.007222222222232
2006-04-13,25.6,17.2,0.0,25.495277777777776
2006-04-14,28.9,16.7,0.0,27.97271591321781
2006-04-15,30.6,17.2,0.0,29.247429397031137
2006-04-16,30.0,17.2,0.0,29.263648144444492
2006-04-17,31.1,19.4,0.0,30.37309437673785
2006-04-18,29.4,21.1,7.4,30.331079793937747
2006-04-19,31.1,21.7,0.0,31.5090838789956
2006-04-20,33.9,21.7,0.0,33.3264943697156
2006-04-21,33.3,21.1,10.7,33.07112638487102
2006-04-22,31.1,21.1,0.0,31.126955483004483
2006-04-23,31.7,20.0,0.0,31.09243211641781
2006-04-24,31.7,22.2,0.0,31.09243211641781
2006-04-25,32.2,20.6,0.0,32.04274908243562
2006-04-26,32.8,22.2,0.0,32.195672139537734
2006-04-27,31.7,22.8,0.0,31.09243211641781
2006-04-28,27.8,18.9,0.0,26.68972755820452
2006-04-29,27.8,17.2,0.0,26.952184976551163
2006-04-30,25.0,18.9,0.0,24.826111111111118
2006-05-01,26.7,16.7,0.0,26.53277777777778
2006-05-02,28.3,15.6,0.0,27.224983142015567
2006-05-03,31.7,15.6,0.0,29.87279721940449
2006-05-04,33.9,19.4,0.0,31.771905461075605
2006-05-05,32.2,18.3,0.0,31.04431948455111
2006-05-06,32.8,20.0,0.0,32.195672139537734
2006-05-07,33.3,21.1,0.0,32.22746681119117
2006-05-08,33.3,21.1,0.0,33.416860450984544
2006-05-09,30.6,22.2,8.4,31.126955483004483
2006-05-10,32.8,22.2,0.0,33.267316841991125
2006-05-11,28.9,22.0,8.1,31.348378167197765
2006-05-12,28.3,18.3,10.7,29.697203661351164
2006-05-13,28.9,16.7,0.0,27.684918104495598
2006-05-14,33.3,18.3,0.0,31.50134035540451
2006-05-15,31.1,19.4,0.0,30.759003960051196
2006-05-16,24.4,17.8,7.9,28.246993170957833
2006-05-17,27.2,18.3,2.5,26.546626832551105
2006-05-18,28.9,17.8,0.0,27.848301325715614
2006-05-19,31.1,18.9,0.0,30.496386040504504
2006-05-20,32.8,21.1,0.0,31.894722860195557
2006-05-21,33.3,21.1,0.0,32.087641004015545
2006-05-22,32.8,22.8,0.0,31.62190639159107
2006-05-23,31.1,25.0,0.0,31.043001335615575
2006-05-24,32.2,23.3,0.0,32.56727818179556
2006-05-25,33.3,22.2,0.0,32.692075587624466
2006-05-26,32.8,22.8,9.4,32.88196913043552
2006-05-27,34.4,22.8,0.0,34.97482682251561
2006-05-28,35.0,23.9,22.1,35.5804232555556
2006-05-29,31.7,23.9,0.0,33.820934725784504
2006-05-30,31.1,23.0,0.0,32.39278539805116
2006-05-31,32.2,22.8,0.0,33.16821562719118
2006-06-01,30.0,22.8,5.3,31.04908144444437
2006-06-02,32.8,22.2,4.1,33.07112638487102
2006-06-03,32.8,23.3,0.0,33.356838967857776
2006-06-04,32.2,23.0,11.4,32.56900581695783
2006-06-05,33.3,22.8,0.0,31.955337089324523
2006-06-06,31.7,22.2,0.0,30.707259459624495
2006-06-07,31.7,20.0,0.0,30.3755960911912
2006-06-08,33.3,21.7,0.0,32.529684102995624
2006-06-09,34.4,23.9,0.0,33.828294096871105
2006-06-10,34.4,25.0,0.0,35.25822549561561
2006-06-11,32.8,23.9,6.1,36.45781422883556
2006-06-12,26.7,21.1,41.7,29.79736311848017
2006-06-13,28.9,23.0,24.9,30.284278656195674
2006-06-14,31.1,24.4,4.6,35.845619555884504
2006-06-15,33.9,24.4,0.5,35.77663859119783
2006-06-16,32.8,25.0,0.0,36.45781422883556
2006-06-17,30.6,24.4,0.0,32.53139821281776
2006-06-18,28.9,23.3,2.5,31.648926787671186
2006-06-19,31.1,23.3,0.0,33.6296077330646
2006-06-20,33.3,23.3,0.0,35.24517878083567
2006-06-21,32.8,23.9,0.0,35.616047560835526
2006-06-22,32.8,24.4,0.0,34.59215684108437
2006-06-23,33.9,25.0,0.0,35.25822549561561
2006-06-24,31.1,24.4,25.1,34.32017456463127
2006-06-25,30.0,23.3,13.7,32.6347006444444
2006-06-26,30.0,22.8,17.8,33.03359425555552
2006-06-27,31.7,23.3,8.9,35.55203763279115
2006-06-28,32.2,23.3,5.6,35.24517878083567
2006-06-29,32.8,22.8,2.1,34.3537671678578
2006-06-30,32.8,24.4,0.0,34.59215684108437
2006-07-01,32.8,24.4,0.0,35.889603247484416
2006-07-02,30.0,24.4,1.3,33.621580418115514
2006-07-03,31.7,24.4,18.5,35.55203763279115
2006-07-04,31.7,25.0,4.8,34.7744635280245
2006-07-05,32.2,23.3,0.0,34.73444154748442
2006-07-06,33.9,24.4,0.3,37.20667336761786
2006-07-07,31.7,23.9,22.9,35.286900788051064
2006-07-08,31.1,23.3,1.0,32.78368005370444
2006-07-09,31.7,22.8,0.0,32.76279694388453
2006-07-10,31.1,23.3,0.0,33.6296077330646
2006-07-11,30.6,23.9,0.3,33.78802762316448
2006-07-12,30.6,23.9,14.0,34.331803355555614
2006-07-13,32.2,23.9,2.0,35.24517878083567
2006-07-14,33.3,23.9,0.0,37.20667336761786
2006-07-15,34.4,25.0,0.0,35.889603247484416
2006-07-16,35.0,25.0,0.0,38.15792965555557
2006-07-17,33.3,23.3,57.7,37.20667336761786
2006-07-18,33.3,23.9,5.3,35.75535508329567
2006-07-19,33.3,22.8,0.0,35.286900788051064
2006-07-20,32.2,23.9,1.3,35.24517878083567
2006-07-21,31.1,22.8,0.0,33.85445181291555
2006-07-22,33.3,23.3,0.0,35.75535508329567
2006-07-23,32.2,25.0,12.4,36.343957807751195
2006-07-24,33.3,24.4,1.1,37.51950270193562
2006-07-25,34.4,25.0,0.0,36.91070788641558
2006-07-26,33.9,25.6,6.6,37.20667336761786
2006-07-27,32.8,25.6,0.0,37.67863462375107
2006-07-28,31.7,25.0,0.0,35.55203763279115
2006-07-29,32.8,25.0,2.3,36.45781422883556
2006-07-30,33.3,25.0,2.5,36.60358037643559
2006-07-31,33.3,24.4,24.9,37.05415802092446
2006-08-01,34.4,23.9,0.0,36.98420724259553
2006-08-02,34.4,26.1,0.0,37.598498363004396
2006-08-03,35.0,25.6,10.7,38.15792965555557
2006-08-04,33.3,25.0,0.0,37.05415802092446
2006-08-05,34.4,24.4,0.0,36.127153572515546
2006-08-06,35.0,25.0,0.0,37.67863462375107
2006-08-07,33.3,25.6,11.2,37.20667336761786
2006-08-08,34.4,25.0,0.0,37.21448419023117
2006-08-09,34.4,24.4,0.0,34.5413827922756
2006-08-10,35.0,25.0,0.0,37.21635105555562
2006-08-11,36.1,26.1,0.0,37.20667336761786
2006-08-12,35.6,25.6,0.0,38.356258128515606
2006-08-13,33.9,25.6,0.0,37.84634757387565
2006-08-14,33.3,25.6,0.0,37.20667336761786
2006-08-15,32.8,25.0,0.8,35.889603247484416
2006-08-16,34.4,23.3,0.0,35.85863781863108
2006-08-17,32.2,22.8,0.3,34.7744635280245
2006-08-18,31.1,23.3,0.0,34.32017456463127
2006-08-19,31.1,23.3,1.0,33.85445181291555
2006-08-20,33.3,21.7,0.0,35.24517878083567
2006-08-21,32.2,22.8,24.1,34.48873600083557
2006-08-22,33.3,24.4,0.0,36.60358037643559
2006-08-23,34.4,25.0,0.5,36.98420724259553
2006-08-24,32.2,24.4,9.7,35.781684200924495
2006-08-25,30.0,23.9,4.3,34.331803355555614
2006-08-26,31.1,23.9,9.7,34.80727677236455
2006-08-27,32.2,23.9,0.0,36.931999601315574
2006-08-28,33.9,25.0,0.0,37.20667336761786
2006-08-29,34.4,24.4,0.0,38.58431805415117
2006-08-30,28.9,25.0,30.5,33.25453213293112
2006-08-31,32.2,24.4,16.8,37.267713707404496
2006-09-01,31.1,23.0,29.0,35.845619555884504
2006-09-02,32.8,24.0,0.5,35.889603247484416
2006-09-03,31.7,23.9,0.3,34.7744635280245
2006-09-04,31.7,22.8,0.5,34.28580817393564
2006-09-05,31.1,22.8,1.5,33.6296077330646
2006-09-06,32.2,22.0,0.3,35.781684200924495
2006-09-07,31.1,22.0,24.4,34.32017456463127
2006-09-08,32.2,22.2,0.0,35.24517878083567
2006-09-09,33.9,23.3,51.9,36.32746605479784
2006-09-10,31.7,23.9,0.0,33.882145611111156
2006-09-11,31.1,23.9,0.0,32.78368005370444
2006-09-12,30.6,23.9,0.0,32.53139821281776
2006-09-13,30.0,22.8,0.0,31.887677555555513
2006-09-14,31.7,23.9,5.3,35.55203763279115
2006-09-15,32.8,23.3,0.0,35.616047560835526
2006-09-16,32.2,24.4,0.0,34.73444154748442
2006-09-17,31.7,23.9,1.5,33.820934725784504
2006-09-18,32.8,23.3,0.0,34.3537671678578
2006-09-19,32.8,23.3,25.9,36.45781422883556
2006-09-20,31.7,23.3,1.8,33.6296077330646
2006-09-21,31.7,21.1,0.0,30.829704868737778
2006-09-22,31.7,22.2,0.0,33.16821562719118
2006-09-23,31.7,21.7,0.0,32.56900581695783
2006-09-24,32.8,23.3,0.0,35.616047560835526
2006-09-25,32.8,23.9,0.0,33.680797364284345
2006-09-26,31.0,23.9,2.0,34.59919833644446
2006-09-27,28.9,23.3,0.0,29.41421488587567
2006-09-28,29.4,20.0,0.0,28.87853803679785
2006-09-29,31.1,18.9,0.0,31.5090838789956
2006-09-30,30.0,21.7,0.0,30.052721355555555
2006-10-01,31.1,21.1,0.0,31.043001335615575
2006-10-02,31.1,22.8,0.0,32.02327019841567
2006-10-03,30.0,22.8,0.8,30.743255411111097
2006-10-04,29.4,22.2,0.0,29.65017504153784
2006-10-05,28.9,22.2,0.0,29.898529149217854
2006-10-06,30.6,20.0,0.0,30.406492212515545
2006-10-07,31.1,20.6,41.4,31.043001335615575
2006-10-08,27.2,20.0,0.0,28.030491895751087
2006-10-09,26.1,17.2,0.0,25.90277777777778
2006-10-10,27.8,17.8,0.0,27.369093992871175
2006-10-11,27.8,18.9,0.0,28.39887615283563
2006-10-12,28.9,21.1,0.0,31.015885100115636
2006-10-13,31.1,20.6,0.0,30.255147576975546
2006-10-14,25.6,19.4,0.0,27.49281419379563
2006-10-15,27.2,16.1,0.0,26.95966309799115
2006-10-16,27.2,17.8,0.0,27.35456218899553
2006-10-17,28.3,19.4,0.0,28.76327423575113
2006-10-18,31.7,22.2,0.0,34.28580817393564
2006-10-19,32.2,23.3,0.0,34.73444154748442
2006-10-20,32.2,23.3,0.0,34.73444154748442
2006-10-21,32.2,23.9,0.0,33.57033428108443
2006-10-22,32.8,23.9,0.0,33.89808742945776
2006-10-23,26.1,16.7,0.0,31.229195675431228
2006-10-24,20.0,10.0,0.0,21.62499999999999
2006-10-25,23.9,11.1,0.0,23.436111111111114
2006-10-26,26.1,14.4,0.0,26.0463888888889
2006-10-27,28.9,17.8,0.0,29.083513312415594
2006-10-28,24.4,16.7,7.9,27.360965654024444
2006-10-29,25.0,13.3,0.0,24.839166666666664
2006-10-30,26.7,16.7,0.0,26.65027777777778
2006-10-31,29.4,17.2,0.0,29.02254748851555
2006-11-01,24.4,21.1,9.1,24.57472222222222
2006-11-02,26.7,19.0,0.0,27.08954415243555
2006-11-03,24.4,16.7,0.3,24.48333333333333
2006-11-04,25.0,17.2,0.0,24.839166666666664
2006-11-05,26.7,17.2,0.0,26.57194444444444
2006-11-06,26.1,17.2,0.0,25.612777777777776
2006-11-07,24.0,19.4,10.4,24.193888888888893
2006-11-08,22.8,16.7,0.0,22.564999999999994
2006-11-09,24.4,13.9,0.0,24.0525
2006-11-10,26.7,13.9,0.0,26.558888888888895
2006-11-11,26.7,16.7,0.0,27.195764459617777
2006-11-12,24.4,13.9,0.0,23.98722222222222
2006-11-13,23.9,12.2,0.0,23.527499999999993
2006-11-14,25.0,13.3,0.0,24.643333333333334
2006-11-15,28.9,13.3,0.0,29.65017504153784
2006-11-16,23.9,16.1,10.2,26.24222222222223
2006-11-17,18.3,11.1,0.0,18.695277777777775
2006-11-18,18.9,9.4,0.0,18.355833333333333
2006-11-19,20.6,8.9,0.0,20.06249999999999
2006-11-20,15.6,8.3,0.0,15.468055555555557
2006-11-21,13.3,6.1,0.0,12.65861111111111
2006-11-22,16.1,6.1,0.0,15.507222222222225
2006-11-23,20.0,7.8,0.0,19.549999999999997
2006-11-24,22.8,11.7,0.0,22.65972222222223
2006-11-25,23.9,15.0,0.0,23.879999999999995
2006-11-26,25.6,16.1,0.0,25.53444444444444
2006-11-27,26.1,16.7,0.8,24.5225
2006-11-28,27.8,19.4,1.8,28.577176604924507
2006-11-29,24.4,20.6,6.4,24.613888888888894
2006-11-30,28.3,19.4,0.5,29.66075088801562
2006-12-01,27.8,20.6,0.0,29.15886103361784
2006-12-02,27.8,20.0,1.0,28.39887615283563
2006-12-03,27.8,19.4,0.0,28.39887615283563
2006-12-04,21.7,13.9,0.0,24.049722222222226
2006-12-05,22.8,11.1,0.0,22.594444444444452
2006-12-06,24.4,11.7,0.0,24.196111111111108
2006-12-07,23.3,15.0,0.0,23.276111111111106
2006-12-08,14.4,8.9,0.0,16.32
2006-12-09,20.6,8.3,0.0,20.166944444444443
2006-12-10,23.3,11.1,0.0,23.09333333333333
2006-12-11,23.9,15.6,0.0,23.82777777777777
2006-12-12,24.4,15.0,1.0,24.43111111111111
2006-12-13,23.9,17.0,1.0,23.958333333333332
2006-12-14,23.9,17.2,42.7,24.27166666666666
2006-12-15,21.1,18.0,0.3,21.396944444444443
2006-12-16,22.8,17.2,0.0,22.894722222222228
2006-12-17,26.7,17.2,0.0,27.360965654024444
2006-12-18,26.7,17.8,0.0,26.986454903191134
2006-12-19,25.6,16.7,0.0,25.56055555555555
2006-12-20,25.0,17.2,0.0,24.930555555555557
2006-12-21,27.2,16.7,0.0,27.12101463745771
2006-12-22,26.7,19.4,10.9,27.835943809757786
2006-12-23,26.7,18.9,14.7,27.360965654024444
2006-12-24,27.2,18.9,0.8,28.92591493923561
2006-12-25,25.0,19.0,18.5,25.309166666666666
2006-12-26,19.4,10.6,0.5,20.255000000000003
2006-12-27,15.0,6.1,0.0,14.32611111111111
2006-12-28,23.9,10.0,0.0,23.71027777777777
2006-12-29,25.0,15.0,0.0,25.061111111111114
2006-12-30,26.7,16.0,0.0,27.592192616015534
2006-12-31,20.6,20.6,0.0,28.030491895751087
2007-01-01,23.9,20.0,0.0,24.02361111111111
2007-01-02,19.4,16.1,2.8,22.369166666666658
2007-01-03,27.2,16.7,10.9,28.181459693315517
2007-01-04,26.1,19.4,0.0,26.190000000000005
2007-01-05,26.7,18.3,0.0,27.835943809757786
2007-01-06,27.8,21.1,0.0,28.957169045315645
2007-01-07,28.3,18.3,0.0,29.543688464791305
2007-01-08,26.7,15.6,0.0,27.592192616015534
2007-01-09,17.2,10.0,0.0,20.085277777777783
2007-01-10,16.7,8.3,0.0,16.16333333333333
2007-01-11,23.3,9.4,0.0,23.080277777777777
2007-01-12,25.0,13.9,0.0,24.904444444444447
2007-01-13,26.1,15.0,0.0,26.08555555555556
2007-01-14,25.6,16.1,0.3,25.691111111111113
2007-01-15,25.6,14.4,0.0,25.53444444444444
2007-01-16,26.7,17.2,0.0,27.835943809757786
2007-01-17,21.1,16.0,0.0,24.43111111111111
2007-01-18,21.1,15.0,0.0,21.135833333333334
2007-01-19,22.8,13.9,0.0,22.633611111111115
2007-01-20,20.6,12.2,0.0,19.984166666666663
2007-01-21,26.1,11.7,0.0,26.0463888888889
2007-01-22,26.7,17.8,8.1,27.835943809757786
2007-01-23,21.1,15.6,0.0,23.524166666666662
2007-01-24,16.7,12.2,5.1,18.577777777777776
2007-01-25,13.3,7.8,11.2,14.6525
2007-01-26,18.9,6.1,0.0,18.421111111111102
2007-01-27,22.2,10.0,0.0,21.912222222222212
2007-01-28,18.9,11.7,5.6,19.168055555555554
2007-01-29,12.2,3.9,0.0,12.82833333333333
2007-01-30,13.9,5.6,0.0,12.988333333333337
2007-01-31,18.9,10.0,0.0,18.342777777777776
2007-02-01,26.1,11.7,2.8,26.08555555555556
2007-02-02,23.9,17.2,7.4,24.15416666666666
2007-02-03,16.7,10.0,0.3,20.636944444444445
2007-02-04,16.1,9.4,0.0,15.663888888888891
2007-02-05,13.3,10.0,0.0,13.288611111111111
2007-02-06,18.3,8.3,0.0,17.608333333333334
2007-02-07,22.2,7.8,0.0,21.72944444444444
2007-02-08,23.3,8.3,0.0,22.819166666666668
2007-02-09,22.8,10.0,0.0,22.42472222222223
2007-02-10,21.7,11.7,0.0,21.504722222222224
2007-02-11,19.4,9.4,0.0,19.01138888888889
2007-02-12,21.1,14.4,0.8,21.07055555555556
2007-02-13,24.4,15.6,6.4,24.48333333333333
2007-02-14,25.6,11.7,0.0,24.248333333333335
2007-02-15,13.9,7.2,0.3,16.91027777777777
2007-02-16,13.3,6.1,0.5,12.358333333333333
2007-02-17,15.0,2.2,0.0,14.117222222222223
2007-02-18,13.3,7.8,4.3,12.449722222222219
2007-02-19,17.2,4.4,0.0,16.440277777777776
2007-02-20,22.2,7.2,0.0,21.820833333333326
2007-02-21,26.7,10.6,0.0,26.506666666666668
2007-02-22,26.1,14.4,0.0,25.79833333333334
2007-02-23,23.3,13.3,0.0,22.845277777777778
2007-02-24,23.3,10.6,0.0,22.988888888888887
2007-02-25,27.8,14.4,0.0,27.49281419379563
2007-02-26,26.7,16.7,0.3,27.592192616015534
2007-02-27,28.3,18.3,0.0,28.41927290529559
2007-02-28,27.2,17.2,0.0,26.858671178435525
2007-03-01,28.9,17.2,0.0,29.65017504153784
2007-03-02,30.6,19.4,0.0,31.285569377315557
2007-03-03,19.4,11.7,1.0,24.049722222222226
2007-03-04,22.2,12.2,0.0,21.664166666666663
2007-03-05,19.4,8.9,0.0,18.60666666666667
2007-03-06,22.2,7.8,0.0,21.67722222222221
2007-03-07,25.0,11.7,0.0,24.708611111111118
2007-03-08,25.6,13.9,0.0,25.299444444444436
2007-03-09,26.7,13.9,0.0,26.519722222222224
2007-03-10,27.2,15.6,0.0,26.717046959235613
2007-03-11,27.2,15.6,0.0,26.858671178435525
2007-03-12,26.7,15.6,0.0,26.558888888888895
2007-03-13,28.3,15.6,0.0,27.318101132851165
2007-03-14,26.1,16.1,0.0,25.96805555555556
2007-03-15,28.3,17.2,9.1,28.007127103084443
2007-03-16,26.7,19.4,1.8,27.08954415243555
2007-03-17,19.4,10.0,0.0,21.58305555555556
2007-03-18,20.6,10.0,0.0,19.971111111111107
2007-03-19,21.1,11.7,0.0,20.84861111111111
2007-03-20,22.8,15.0,0.5,22.65972222222223
2007-03-21,24.4,14.4,0.0,24.27444444444445
2007-03-22,26.7,17.8,0.5,26.65027777777778
2007-03-23,27.8,17.8,0.0,27.763646131857854
2007-03-24,27.8,16.7,0.0,27.49281419379563
2007-03-25,27.8,15.6,0.0,27.49281419379563
2007-03-26,28.3,16.7,0.0,28.246993170957833
2007-03-27,27.2,18.9,0.0,27.12101463745771
2007-03-28,28.3,16.1,0.0,28.007127103084443
2007-03-29,28.3,16.1,0.0,27.78952527557118
2007-03-30,25.6,18.9,0.3,25.638888888888893
2007-03-31,26.7,16.1,0.0,26.57194444444444
2007-04-01,28.9,13.9,0.0,28.03957093897562
2007-04-02,30.0,18.3,0.0,28.826934755555587
2007-04-03,30.0,18.3,0.0,29.167844777777734
2007-04-04,30.0,18.9,0.0,29.263648144444492
2007-04-05,27.2,17.8,1.3,27.065915636284476
2007-04-06,23.9,15.0,0.0,23.34472222222222
2007-04-07,20.0,11.7,0.0,20.391666666666673
2007-04-08,20.0,10.0,0.0,19.35416666666667
2007-04-09,16.7,11.1,1.3,17.122500000000006
2007-04-10,21.7,15.0,9.9,21.765833333333333
2007-04-11,31.7,15.6,14.5,32.023305295084555
2007-04-12,30.6,19.4,3.3,30.824248934595516
2007-04-13,30.0,17.8,0.0,28.681861811111155
2007-04-14,32.2,17.8,0.5,32.21115006887111
2007-04-15,26.1,15.0,15.8,29.697203661351164
2007-04-16,22.8,8.9,0.0,22.25500000000001
2007-04-17,29.4,14.4,0.0,27.685917222915585
2007-04-18,27.2,15.6,0.8,26.493611111111115
2007-04-19,26.7,16.1,0.0,26.59805555555556
2007-04-20,27.2,16.1,1.0,26.507309687591107
2007-04-21,24.4,16.7,0.5,24.248333333333335
2007-04-22,27.2,16.1,0.0,26.546626832551105
2007-04-23,26.7,14.4,0.0,26.506666666666668
2007-04-24,28.3,16.1,0.0,27.932119356095637
2007-04-25,30.6,17.8,0.0,29.917249037404456
2007-04-26,30.6,20.6,0.0,29.917249037404456
2007-04-27,32.2,21.1,0.0,32.21115006887111
2007-04-28,28.9,20.0,0.0,27.908959375464487
2007-04-29,31.1,18.9,0.0,29.27700910977778
2007-04-30,30.6,18.3,0.0,29.171102530595565
2007-05-01,31.1,17.8,0.0,29.57917617076451
2007-05-02,32.2,18.3,0.0,30.165565455751107
2007-05-03,32.8,21.1,0.0,30.972253850204456
2007-05-04,33.9,21.1,0.0,33.82438423757118
2007-05-05,32.2,21.1,0.0,31.576198403235576
2007-05-06,31.7,21.1,9.9,32.023305295084555
2007-05-07,22.2,18.3,0.0,23.485
2007-05-08,26.7,16.1,0.0,26.53277777777778
2007-05-09,28.9,20.6,0.0,28.258726944275562
2007-05-10,27.2,20.6,0.0,27.676087608817763
2007-05-11,31.1,20.6,0.0,31.348378167197765
2007-05-12,31.7,21.1,0.0,32.023305295084555
2007-05-13,33.3,21.7,0.0,31.603556700157796
2007-05-14,26.1,20.6,0.3,26.24222222222223
2007-05-15,28.3,20.0,0.0,27.721938942035614
2007-05-16,30.6,20.6,0.0,30.331079793937747
2007-05-17,31.7,21.1,2.0,30.958095754335634
2007-05-18,29.4,20.6,0.0,30.194046724604465
2007-05-19,27.8,21.1,0.0,27.557598236284473
2007-05-20,27.8,18.3,0.0,27.763646131857854
2007-05-21,28.3,16.7,0.0,27.656826412984522
2007-05-22,28.9,18.9,0.0,29.083513312415594
2007-05-23,28.9,20.0,2.0,28.59431378340449
2007-05-24,28.9,20.6,1.0,28.33797592205119
2007-05-25,28.3,20.6,0.0,28.164564010515555
2007-05-26,28.3,20.0,0.3,28.007127103084443
2007-05-27,29.4,19.4,0.0,29.682065621315626
2007-05-28,30.6,18.9,0.0,30.276920798631156
2007-05-29,30.0,21.1,0.0,29.336038526595594
2007-05-30,30.6,20.0,0.0,29.70166993027563
2007-05-31,30.6,21.1,0.0,30.276920798631156
2007-06-01,28.3,18.9,16.0,28.601447857571216
2007-06-02,30.0,20.0,32.8,32.6347006444444
2007-06-03,31.1,21.1,0.0,31.348378167197765
2007-06-04,32.2,22.8,0.0,32.21115006887111
2007-06-05,32.2,23.3,0.0,32.56727818179556
2007-06-06,30.6,21.1,28.2,34.24562740051562
2007-06-07,32.2,21.1,0.0,32.94917448145782
2007-06-08,31.7,22.8,0.0,33.19595416537561
2007-06-09,34.4,21.7,0.0,36.127153572515546
2007-06-10,34.4,25.0,6.9,37.598498363004396
2007-06-11,35.0,23.9,15.0,37.21635105555562
2007-06-12,31.1,22.8,3.8,33.34978949943118
2007-06-13,28.9,20.6,11.2,29.898529149217854
2007-06-14,28.9,20.0,0.0,29.65017504153784
2007-06-15,31.7,21.7,0.0,32.76279694388453
2007-06-16,31.1,22.2,0.0,32.39278539805116
2007-06-17,32.2,22.8,0.0,32.94917448145782
2007-06-18,33.9,21.7,0.0,34.5413827922756
2007-06-19,32.8,23.9,2.3,34.59215684108437
2007-06-20,33.9,21.7,0.0,35.09003579559113
2007-06-21,32.2,25.0,0.0,34.48873600083557
2007-06-22,31.1,25.0,11.7,33.85445181291555
2007-06-23,33.9,23.3,0.0,33.22438139641778
2007-06-24,33.9,24.0,0.0,35.25822549561561
2007-06-25,32.2,24.4,29.2,34.73444154748442
2007-06-26,32.2,23.9,0.0,34.016651047591154
2007-06-27,32.8,23.9,0.0,34.59215684108437
2007-06-28,31.1,23.9,0.5,33.85445181291555
2007-06-29,30.0,23.9,1.0,33.03359425555552
2007-06-30,32.2,24.4,0.0,34.73444154748442
2007-07-01,35.6,23.9,10.0,38.356258128515606
2007-07-02,32.2,23.3,5.7,34.48873600083557
2007-07-03,33.3,22.8,10.4,34.28580817393564
2007-07-04,31.1,22.8,12.4,31.870187069491244
2007-07-05,28.9,22.8,28.7,33.44940924444435
2007-07-06,33.9,23.3,0.0,36.03057495519112
2007-07-07,33.3,24.4,0.0,36.03057495519112
2007-07-08,33.9,24.4,0.0,37.21448419023117
2007-07-09,34.4,25.6,0.0,37.598498363004396
2007-07-10,34.4,26.7,0.0,37.598498363004396
2007-07-11,34.4,26.1,0.0,37.91852052531555
2007-07-12,33.9,26.1,0.5,37.05415802092446
2007-07-13,34.4,24.4,1.5,37.91852052531555
2007-07-14,32.8,24.0,0.0,35.889603247484416
2007-07-15,33.3,23.9,16.0,37.20667336761786
2007-07-16,33.9,23.3,3.3,36.03057495519112
2007-07-17,33.9,24.4,0.3,36.91070788641558
2007-07-18,35.0,23.9,1.0,36.98420724259553
2007-07-19,34.4,24.4,33.8,38.17443465370449
2007-07-20,33.3,24.4,0.0,37.67863462375107
2007-07-21,33.9,22.8,7.1,35.77663859119783
2007-07-22,30.0,22.8,0.8,31.887677555555513
2007-07-23,27.8,22.8,7.4,30.284278656195674
2007-07-24,30.6,22.8,4.8,32.930913029315576
2007-07-25,32.8,23.3,7.2,34.59215684108437
2007-07-26,33.3,23.3,8.4,37.20667336761786
2007-07-27,32.8,25.6,0.0,35.889603247484416
2007-07-28,31.1,23.9,4.1,34.722588831484536
2007-07-29,32.2,23.9,0.8,35.24517878083567
2007-07-30,31.7,24.4,1.8,35.286900788051064
2007-07-31,32.2,23.9,9.9,36.343957807751195
2007-08-01,31.7,23.3,93.7,34.80727677236455
2007-08-02,27.2,23.3,3.6,30.084231424035554
2007-08-03,33.3,23.9,0.0,35.22748101695786
2007-08-04,33.9,24.4,0.0,36.60358037643559
2007-08-05,34.4,26.1,0.0,37.598498363004396
2007-08-06,35.6,27.2,0.0,38.58431805415117
2007-08-07,35.0,26.7,0.0,39.9103602111111
2007-08-08,35.6,26.1,0.0,40.12194125900458
2007-08-09,35.0,25.6,0.0,38.49010247777784
2007-08-10,35.6,26.1,0.0,39.386496818595646
2007-08-11,35.6,26.7,0.0,39.386496818595646
2007-08-12,35.6,25.0,0.0,39.386496818595646
2007-08-13,33.9,25.0,0.0,36.91070788641558
2007-08-14,36.1,26.1,0.0,38.58431805415117
2007-08-15,33.9,24.4,0.0,37.21448419023117
2007-08-16,33.9,25.0,0.0,36.32746605479784
2007-08-17,33.9,23.3,0.0,34.104005616737815
2007-08-18,33.3,23.3,0.0,33.89808742945776
2007-08-19,33.9,25.6,0.0,37.51950270193562
2007-08-20,34.4,25.6,0.0,37.598498363004396
2007-08-21,33.9,25.6,0.0,37.21448419023117
2007-08-22,33.3,24.4,0.0,35.75535508329567
2007-08-23,32.2,24.4,0.0,35.781684200924495
2007-08-24,32.8,23.9,6.4,37.235683568124536
2007-08-25,34.4,23.9,0.3,36.127153572515546
2007-08-26,33.9,23.9,2.5,36.45781422883556
2007-08-27,34.4,24.4,0.0,36.67203977659556
2007-08-28,33.9,25.0,0.0,37.21448419023117
2007-08-29,33.9,26.1,0.0,36.91070788641558
2007-08-30,34.4,24.4,0.0,35.34735951507558
2007-08-31,33.3,24.4,0.3,36.60358037643559
2007-09-01,32.2,24.4,0.0,36.343957807751195
2007-09-02,33.9,24.4,0.0,37.20667336761786
2007-09-03,33.9,24.4,0.0,36.03057495519112
2007-09-04,33.3,25.0,0.0,36.03057495519112
2007-09-05,32.2,24.4,11.9,34.48873600083557
2007-09-06,32.8,24.4,0.0,35.616047560835526
2007-09-07,31.1,25.0,1.3,34.32017456463127
2007-09-08,31.7,23.3,0.0,34.28580817393564
2007-09-09,32.2,23.9,37.3,34.016651047591154
2007-09-10,32.2,22.8,0.3,34.48873600083557
2007-09-11,33.3,23.9,1.8,35.616047560835526
2007-09-12,33.9,23.9,26.9,37.20667336761786
2007-09-13,32.8,23.3,74.9,35.616047560835526
2007-09-14,33.3,23.9,0.0,36.45781422883556
2007-09-15,32.8,24.4,0.0,35.889603247484416
2007-09-16,33.9,25.6,9.7,37.21448419023117
2007-09-17,31.7,24.4,0.0,34.7744635280245
2007-09-18,28.9,23.3,2.8,31.326208967884572
2007-09-19,26.1,22.2,14.2,26.39888888888889
2007-09-20,31.7,22.2,3.3,34.28580817393564
2007-09-21,32.2,23.3,0.0,34.016651047591154
2007-09-22,30.0,24.4,5.3,32.50994487721565
2007-09-23,29.4,24.4,36.8,34.04386637036451
2007-09-24,31.7,23.9,0.3,35.286900788051064
2007-09-25,31.1,23.3,0.5,33.6296077330646
2007-09-26,30.0,22.8,5.6,32.25272841111113
2007-09-27,31.7,23.3,0.0,33.6296077330646
2007-09-28,32.8,23.9,0.0,34.3537671678578
2007-09-29,31.1,23.9,2.8,34.32017456463127
2007-09-30,29.4,23.3,0.0,29.227926396497807
2007-10-01,28.9,23.3,17.8,29.65017504153784
2007-10-02,29.4,23.3,17.3,33.84550669876458
2007-10-03,31.1,23.9,1.3,34.331803355555614
2007-10-04,32.2,24.4,0.0,36.931999601315574
2007-10-05,30.0,25.0,6.6,34.331803355555614
2007-10-06,31.1,25.0,3.6,34.80727677236455
2007-10-07,28.3,24.4,2.0,31.946091963555528
2007-10-08,30.6,23.9,0.0,32.6347006444444
2007-10-09,31.1,22.8,0.0,32.78368005370444
2007-10-10,32.2,22.2,0.0,32.755005308284495
2007-10-11,32.2,22.8,0.0,34.016651047591154
2007-10-12,30.6,19.4,0.0,29.171102530595565
2007-10-13,29.4,20.6,0.0,29.227926396497807
2007-10-14,28.3,20.0,0.0,28.696246040435614
2007-10-15,30.0,20.6,0.0,30.454350755555513
2007-10-16,30.0,22.2,0.0,31.539548077777795
2007-10-17,31.1,22.2,0.0,33.6296077330646
2007-10-18,31.7,23.9,7.9,34.7744635280245
2007-10-19,31.1,23.9,0.0,34.32017456463127
2007-10-20,26.7,20.6,3.3,28.15824500283553
2007-10-21,29.4,22.8,31.0,33.21375493548445
2007-10-22,31.7,23.3,0.0,35.286900788051064
2007-10-23,31.7,23.3,0.0,34.7744635280245
2007-10-24,28.3,21.7,0.0,29.926185775235595
2007-10-25,22.2,18.3,0.8,22.96
2007-10-26,25.0,18.9,0.0,25.178611111111113
2007-10-27,27.2,22.2,26.9,29.105816139857836
2007-10-28,28.9,21.7,0.8,31.015885100115636
2007-10-29,25.6,22.2,8.6,25.808611111111112
2007-10-30,26.1,22.8,8.9,26.2813888888889
2007-10-31,28.3,22.2,0.8,29.543688464791305
2007-11-01,28.3,23.3,4.8,30.967434366904588
2007-11-02,26.7,19.4,0.3,27.47501360605107
2007-11-03,24.4,16.1,0.0,24.065555555555562
2007-11-04,25.6,13.9,0.0,25.325555555555557
2007-11-05,25.0,14.4,0.0,24.747777777777774
2007-11-06,25.6,13.3,0.0,25.24722222222222
2007-11-07,22.2,12.8,0.0,21.859999999999992
2007-11-08,23.3,10.6,0.0,22.962777777777777
2007-11-09,22.8,12.2,0.0,22.34638888888889
2007-11-10,23.9,11.1,0.0,23.605833333333333
2007-11-11,24.4,13.3,0.0,24.196111111111108
2007-11-12,25.6,15.6,0.0,25.469166666666663
2007-11-13,26.7,17.2,0.0,26.611111111111114
2007-11-14,26.7,16.7,0.0,26.611111111111114
2007-11-15,27.2,14.4,0.0,27.23515810385777
2007-11-16,16.7,7.2,0.0,22.17333333333332
2007-11-17,22.8,10.0,0.0,22.516111111111115
2007-11-18,25.0,13.3,0.0,24.904444444444447
2007-11-19,25.6,16.1,0.0,25.53444444444444
2007-11-20,25.6,17.2,0.0,25.586666666666662
2007-11-21,26.1,13.9,0.5,25.981111111111122
2007-11-22,25.0,17.2,0.0,25.008888888888894
2007-11-23,22.8,13.9,0.0,22.76416666666667
2007-11-24,26.7,13.3,0.0,27.08954415243555
2007-11-25,27.2,18.9,1.8,28.181459693315517
2007-11-26,28.3,20.0,0.0,28.696246040435614
2007-11-27,28.3,17.8,0.0,28.577176604924507
2007-11-28,26.1,17.2,0.5,26.2813888888889
2007-11-29,28.9,17.8,3.0,29.10017681673787
2007-11-30,22.2,18.3,0.0,24.15416666666666
2007-12-01,25.0,17.0,0.0,25.126388888888894
2007-12-02,27.8,16.1,0.0,28.39887615283563
2007-12-03,27.8,18.3,0.0,28.39887615283563
2007-12-04,21.7,10.0,0.0,22.96
2007-12-05,21.7,10.6,0.0,21.282777777777778
2007-12-06,22.2,12.8,0.0,21.781666666666663
2007-12-07,26.1,12.8,0.0,26.0463888888889
2007-12-08,26.7,16.1,0.0,27.25004875993561
2007-12-09,27.2,17.2,0.0,27.35456218899553
2007-12-10,28.0,16.0,0.0,28.577176604924507
2007-12-11,26.7,18.3,0.0,27.592192616015534
2007-12-12,27.2,16.7,0.0,27.676087608817763
2007-12-13,28.3,17.0,0.0,28.601447857571216
2007-12-14,27.8,19.4,0.0,29.15886103361784
2007-12-15,28.3,21.1,0.3,30.026780984595675
2007-12-16,23.9,11.1,11.9,24.29777777777777
2007-12-17,12.8,3.3,0.0,13.931111111111111
2007-12-18,20.6,7.2,0.0,20.245277777777773
2007-12-19,23.9,11.7,0.0,23.65805555555555
2007-12-20,23.9,13.9,0.0,23.775555555555552
2007-12-21,22.8,16.1,1.8,22.620555555555562
2007-12-22,20.6,13.9,0.0,20.61083333333333
2007-12-23,25.6,16.7,0.3,25.638888888888893
2007-12-24,22.2,15.0,0.0,22.19944444444444
2007-12-25,24.0,15.0,10.7,24.076388888888893
2007-12-26,21.1,13.9,0.0,21.161388888888883
2007-12-27,27.2,12.8,0.0,26.762939877617825
2007-12-28,27.8,16.7,0.0,28.146045184835597
2007-12-29,27.8,19.4,0.0,28.76327423575113
2007-12-30,27.8,21.1,1.5,28.312649868817804
2007-12-31,23.3,23.3,0.0,25.087222222222227
2008-01-01,21.7,11.1,0.0,21.58305555555556
2008-01-02,10.0,1.7,0.0,18.421111111111102
2008-01-03,11.1,0.0,0.0,10.178888888888887
2008-01-04,17.2,5.6,0.0,16.766666666666666
2008-01-05,21.1,10.0,0.0,20.926944444444448
2008-01-06,23.9,13.0,0.0,23.82777777777777
2008-01-07,24.4,13.9,0.5,24.37888888888889
2008-01-08,25.0,15.6,0.0,24.904444444444447
2008-01-09,26.1,12.8,0.0,25.889722222222233
2008-01-10,26.7,14.0,0.0,27.08954415243555
2008-01-11,26.7,17.2,0.0,26.637222222222224
2008-01-12,26.7,17.8,0.0,27.360965654024444
2008-01-13,24.4,17.2,5.6,24.5225
2008-01-14,17.8,11.1,0.0,19.533611111111117
2008-01-15,15.0,6.7,0.0,14.182500000000001
2008-01-16,20.6,10.6,0.0,20.271388888888882
2008-01-17,23.9,17.2,18.3,24.049722222222226
2008-01-18,20.0,15.6,0.0,22.40833333333332
2008-01-19,25.6,15.6,17.5,25.71722222222222
2008-01-20,19.4,7.2,0.0,24.54861111111111
2008-01-21,21.1,6.7,0.0,20.75722222222222
2008-01-22,24.4,13.9,0.0,24.405
2008-01-23,24.4,17.2,60.5,24.5225
2008-01-24,23.3,15.0,0.8,23.276111111111106
2008-01-25,17.8,6.7,0.0,18.78666666666667
2008-01-26,17.8,9.4,0.8,17.65777777777778
2008-01-27,18.3,11.7,0.0,17.67361111111111
2008-01-28,19.4,6.7,0.0,18.880833333333335
2008-01-29,23.3,7.8,0.0,22.97583333333333
2008-01-30,26.1,14.4,0.0,26.059444444444452
2008-01-31,26.1,16.1,0.0,26.0463888888889
2008-02-01,24.4,15.0,0.0,24.45722222222222
2008-02-02,27.2,11.1,0.0,27.08954415243555
2008-02-03,27.2,15.6,0.0,27.23515810385777
2008-02-04,27.8,16.0,0.0,28.146045184835597
2008-02-05,28.3,17.8,0.0,28.41927290529559
2008-02-06,28.3,18.9,0.0,28.696246040435614
2008-02-07,28.9,20.6,0.0,29.41421488587567
2008-02-08,22.8,16.1,8.1,25.665000000000003
2008-02-09,24.4,16.1,0.0,23.974166666666672
2008-02-10,21.7,12.2,0.0,21.139166666666668
2008-02-11,23.3,8.9,0.0,22.88444444444444
2008-02-12,23.3,14.4,7.9,23.302222222222216
2008-02-13,23.3,12.2,1.0,23.14555555555555
2008-02-14,18.3,3.9,0.0,17.660555555555554
2008-02-15,23.9,11.1,0.0,23.65805555555555
2008-02-16,25.0,12.8,0.0,24.826111111111118
2008-02-17,28.3,13.9,0.0,28.41927290529559
2008-02-18,28.9,17.8,2.5,29.31698503179564
2008-02-19,21.7,12.2,0.0,21.021666666666665
2008-02-20,21.7,10.0,0.0,21.308888888888887
2008-02-21,24.4,16.1,4.1,24.45722222222222
2008-02-22,28.9,20.6,0.3,29.65017504153784
2008-02-23,24.4,18.3,1.3,26.190000000000005
2008-02-24,25.0,17.2,0.0,25.087222222222227
2008-02-25,25.6,17.8,0.0,25.495277777777776
2008-02-26,30.0,16.7,12.2,30.052721355555555
2008-02-27,19.4,8.9,4.8,19.703333333333337
2008-02-28,15.0,4.4,0.0,14.065000000000001
2008-02-29,21.1,7.8,0.0,20.691944444444445
2008-03-01,23.9,11.7,0.0,23.553611111111113
2008-03-02,24.4,11.7,0.0,24.196111111111108
2008-03-03,26.1,15.0,0.0,26.08555555555556
2008-03-04,27.2,19.4,1.5,27.676087608817763
2008-03-05,23.3,16.1,0.0,23.485
2008-03-06,24.4,12.8,42.2,24.07861111111111
2008-03-07,29.4,16.7,39.6,30.159277208915682
2008-03-08,21.0,10.0,3.0,21.175000000000004
2008-03-09,18.9,7.2,0.0,18.355833333333333
2008-03-10,22.2,11.1,0.0,21.912222222222212
2008-03-11,25.0,16.7,0.0,24.865277777777774
2008-03-12,24.4,17.8,0.0,24.23527777777778
2008-03-13,23.9,13.9,0.0,23.501388888888886
2008-03-14,21.7,14.4,1.5,21.308888888888887
2008-03-15,30.0,16.7,0.0,30.743255411111097
2008-03-16,29.4,17.8,0.0,29.227926396497807
2008-03-17,25.0,15.6,0.0,24.865277777777774
2008-03-18,25.0,16.1,0.0,24.891388888888894
2008-03-19,30.0,18.3,0.0,29.576440311111114
2008-03-20,25.0,14.4,8.6,27.23515810385777
2008-03-21,23.9,13.3,0.0,23.68416666666666
2008-03-22,22.8,14.4,1.0,22.803333333333335
2008-03-23,26.1,18.3,0.0,26.02027777777778
2008-03-24,20.0,13.9,0.0,21.387222222222224
2008-03-25,18.9,7.8,0.0,18.342777777777776
2008-03-26,22.2,11.1,0.0,21.912222222222212
2008-03-27,26.1,12.2,0.0,25.94194444444445
2008-03-28,28.3,14.4,0.0,27.368370834995595
2008-03-29,28.3,17.2,0.0,27.4763316527378
2008-03-30,28.3,17.8,0.0,28.007127103084443
2008-03-31,26.1,18.3,29.2,26.1638888888889
2008-04-01,29.4,18.3,0.0,29.682065621315626
2008-04-02,29.4,18.3,0.0,29.41421488587567
2008-04-03,30.6,20.6,0.0,30.276920798631156
2008-04-04,30.6,20.6,1.3,30.824248934595516
2008-04-05,28.9,19.4,18.3,30.294298970771212
2008-04-06,25.0,18.3,53.6,25.113333333333337
2008-04-07,26.7,18.9,0.3,27.360965654024444
2008-04-08,27.2,20.0,0.0,27.884784716924493
2008-04-09,27.2,19.4,0.0,27.676087608817763
2008-04-10,28.3,18.3,0.0,28.007127103084443
2008-04-11,28.3,17.2,0.0,27.78952527557118
2008-04-12,31.1,20.6,0.0,30.37309437673785
2008-04-13,23.3,15.6,1.8,27.8139038595378
2008-04-14,21.7,12.8,0.0,21.204444444444448
2008-04-15,18.9,8.9,0.0,18.225277777777777
2008-04-16,21.1,11.7,0.0,20.522222222222222
2008-04-17,23.9,12.8,0.0,23.644999999999996
2008-04-18,26.7,14.4,0.0,26.558888888888895
2008-04-19,27.8,15.0,0.0,27.369093992871175
2008-04-20,29.4,18.9,0.0,27.943133147715557
2008-04-21,28.9,17.2,0.0,27.848301325715614
2008-04-22,28.9,17.2,0.0,27.591488397037843
2008-04-23,26.7,16.7,0.0,26.59805555555556
2008-04-24,28.9,18.3,0.0,28.50576934161565
2008-04-25,28.3,18.9,0.0,28.007127103084443
2008-04-26,28.9,16.7,0.0,27.97271591321781
2008-04-27,29.4,17.8,0.0,28.741592507075584
2008-04-28,30.0,21.1,0.3,30.052721355555555
2008-04-29,26.1,18.3,0.0,25.73305555555556
2008-04-30,27.2,15.6,0.0,26.350000000000005
2008-05-01,27.8,14.4,0.0,27.198133401617845
2008-05-02,27.8,16.1,0.0,27.198133401617845
2008-05-03,30.6,17.2,0.0,29.917249037404456
2008-05-04,30.6,21.1,0.0,30.03229921107551
2008-05-05,31.1,20.6,0.0,29.57917617076451
2008-05-06,32.8,20.0,0.0,30.575796605457768
2008-05-07,31.1,19.0,0.0,30.898330215831233
2008-05-08,32.8,21.7,0.0,31.894722860195557
2008-05-09,32.8,22.8,0.0,33.267316841991125
2008-05-10,33.9,24.4,0.0,34.104005616737815
2008-05-11,33.9,23.3,0.0,34.77222676805112
2008-05-12,30.6,21.7,0.0,30.717955184364623
2008-05-13,30.0,17.8,0.0,28.553710244444435
2008-05-14,27.8,16.7,0.0,27.369093992871175
2008-05-15,30.6,17.8,0.0,29.414604370115587
2008-05-16,32.8,21.1,0.0,33.680797364284345
2008-05-17,32.2,23.9,0.0,33.356838967857776
2008-05-18,33.3,23.3,0.0,34.492084111084516
2008-05-19,30.0,23.9,0.0,31.887677555555513
2008-05-20,32.8,22.2,0.0,34.016651047591154
2008-05-21,33.3,22.2,0.0,32.86198896473778
2008-05-22,27.8,24.4,0.3,30.084231424035554
2008-05-23,33.3,22.8,15.6,34.492084111084516
2008-05-24,33.9,22.2,30.0,34.77222676805112
2008-05-25,30.6,22.8,0.0,31.285569377315557
2008-05-26,28.3,20.0,0.0,28.007127103084443
2008-05-27,30.0,21.7,0.0,29.076271755555542
2008-05-28,29.4,21.1,0.0,29.682065621315626
2008-05-29,31.1,20.6,0.0,31.5090838789956
2008-05-30,31.7,21.7,0.0,31.53111406157112
2008-05-31,33.3,21.7,0.0,35.75535508329567
2008-06-01,34.4,22.8,0.0,35.10459696540446
2008-06-02,35.6,23.3,0.0,36.29269838081786
2008-06-03,35.0,22.2,15.0,35.108367144444465
2008-06-04,34.4,24.4,0.0,35.34735951507558
2008-06-05,33.9,23.9,0.0,35.25822549561561
2008-06-06,33.9,23.9,0.0,36.32746605479784
2008-06-07,33.3,23.3,0.0,34.261995594095616
2008-06-08,32.8,23.3,0.0,34.59215684108437
2008-06-09,32.2,23.9,10.7,33.356838967857776
2008-06-10,33.3,22.8,22.9,34.261995594095616
2008-06-11,32.2,22.2,0.0,33.57033428108443
2008-06-12,31.7,22.8,19.3,34.28580817393564
2008-06-13,30.0,23.3,2.5,31.539548077777795
2008-06-14,32.2,23.3,0.0,33.57033428108443
2008-06-15,33.3,23.3,0.0,33.6296077330646
2008-06-16,31.7,22.8,29.2,34.28580817393564
2008-06-17,32.8,23.3,0.0,35.09003579559113
2008-06-18,33.3,22.2,19.8,34.97482682251561
2008-06-19,32.8,22.2,0.0,33.07112638487102
2008-06-20,33.3,21.1,0.3,35.24517878083567
2008-06-21,30.0,22.2,8.1,31.887677555555513
2008-06-22,28.9,22.2,1.8,31.326208967884572
2008-06-23,32.8,21.7,0.0,34.73444154748442
2008-06-24,33.3,22.8,0.0,34.97482682251561
2008-06-25,31.7,22.8,44.2,34.7744635280245
2008-06-26,31.1,22.0,5.6,33.85445181291555
2008-06-27,32.8,22.8,13.5,35.616047560835526
2008-06-28,33.3,22.8,12.7,36.03057495519112
2008-06-29,32.2,22.2,1.0,35.286900788051064
2008-06-30,33.3,22.2,32.8,35.781684200924495
2008-07-01,32.2,21.1,5.3,40.8420562768711
2008-07-02,31.7,21.7,0.0,33.16821562719118
2008-07-03,31.1,23.3,0.0,31.846529894604444
2008-07-04,31.1,23.3,11.7,32.78368005370444
2008-07-05,32.8,22.8,0.0,35.286900788051064
2008-07-06,32.2,23.3,0.0,34.7744635280245
2008-07-07,31.1,23.3,0.5,33.85445181291555
2008-07-08,31.7,22.8,17.3,35.55203763279115
2008-07-09,31.7,22.8,0.0,35.31575843611568
2008-07-10,33.9,24.4,0.0,35.77663859119783
2008-07-11,32.2,23.9,15.7,34.7744635280245
2008-07-12,31.1,23.9,0.0,35.31575843611568
2008-07-13,28.9,23.3,19.6,31.648926787671186
2008-07-14,32.8,23.3,0.0,35.616047560835526
2008-07-15,31.1,23.9,15.7,33.85445181291555
2008-07-16,28.9,23.9,16.8,31.98403855947564
2008-07-17,30.6,23.3,0.3,33.78802762316448
2008-07-18,31.7,24.4,5.3,35.55203763279115
2008-07-19,32.8,23.9,0.0,35.09003579559113
2008-07-20,34.4,24.4,0.0,37.20667336761786
2008-07-21,35.6,25.6,0.0,36.92080481111116
2008-07-22,32.8,24.4,10.9,36.45781422883556
2008-07-23,31.1,22.8,31.2,33.6296077330646
2008-07-24,32.2,23.3,0.0,33.6296077330646
2008-07-25,32.8,24.0,16.0,35.889603247484416
2008-07-26,32.8,24.4,0.0,35.889603247484416
2008-07-27,32.8,23.3,10.2,35.91511605511118
2008-07-28,32.8,24.4,0.0,35.889603247484416
2008-07-29,32.2,25.0,8.1,36.343957807751195
2008-07-30,31.1,25.0,2.3,34.80727677236455
2008-07-31,30.6,23.9,0.0,33.78802762316448
2008-08-01,31.1,23.9,2.5,34.80727677236455
2008-08-02,31.7,23.9,0.0,33.820934725784504
2008-08-03,33.9,23.9,0.0,35.25822549561561
2008-08-04,33.3,25.0,0.0,35.24517878083567
2008-08-05,34.4,25.0,0.0,36.127153572515546
2008-08-06,34.4,25.6,0.0,36.98420724259553
2008-08-07,35.0,24.4,0.0,37.598498363004396
2008-08-08,31.7,24.4,6.9,35.286900788051064
2008-08-09,32.2,25.0,7.9,35.781684200924495
2008-08-10,33.3,23.9,0.0,34.492084111084516
2008-08-11,33.3,23.3,0.0,33.680797364284345
2008-08-12,31.7,23.9,0.0,34.32017456463127
2008-08-13,31.7,23.3,1.0,34.28580817393564
2008-08-14,27.2,23.3,1.3,32.25745578348452
2008-08-15,31.1,24.4,0.0,33.85445181291555
2008-08-16,30.0,24.4,5.6,34.331803355555614
2008-08-17,32.2,24.4,0.0,34.016651047591154
2008-08-18,30.0,24.4,23.1,34.331803355555614
2008-08-19,25.6,23.0,48.8,26.37277777777778
2008-08-20,25.6,24.0,20.8,26.08277777777778
2008-08-21,25.6,23.9,56.4,26.00444444444444
2008-08-22,29.4,23.9,40.4,34.04386637036451
2008-08-23,31.1,23.3,18.0,35.31575843611568
2008-08-24,32.8,22.8,0.0,36.45781422883556
2008-08-25,32.2,23.3,0.5,35.781684200924495
2008-08-26,32.2,23.9,0.0,36.343957807751195
2008-08-27,33.9,24.4,0.0,36.60358037643559
2008-08-28,33.3,25.0,16.3,37.51950270193562
2008-08-29,32.8,24.4,0.0,35.889603247484416
2008-08-30,30.0,25.0,18.3,35.03801755555546
2008-08-31,30.0,23.9,1.0,34.331803355555614
2008-09-01,31.7,25.6,0.0,35.55203763279115
2008-09-02,31.7,25.6,0.0,35.286900788051064
2008-09-03,31.7,25.0,0.0,34.28580817393564
2008-09-04,31.1,25.0,0.0,32.78368005370444
2008-09-05,29.0,24.0,0.3,32.011302207111086
2008-09-06,33.9,24.4,0.0,35.513380247404434
2008-09-07,32.8,23.3,0.0,34.59215684108437
2008-09-08,32.8,24.4,0.0,36.45781422883556
2008-09-09,32.2,25.6,0.0,35.781684200924495
2008-09-10,31.7,22.8,26.9,36.68049771557119
2008-09-11,30.0,23.3,23.1,34.331803355555614
2008-09-12,32.2,24.4,0.0,35.286900788051064
2008-09-13,32.8,23.9,0.0,34.7744635280245
2008-09-14,32.8,23.9,0.0,34.59215684108437
2008-09-15,32.8,23.0,14.2,35.286900788051064
2008-09-16,32.2,23.9,0.0,34.73444154748442
2008-09-17,32.2,25.0,0.0,34.73444154748442
2008-09-18,31.7,23.9,0.0,33.820934725784504
2008-09-19,30.0,23.3,0.0,30.743255411111097
2008-09-20,32.2,23.3,0.0,34.48873600083557
2008-09-21,32.8,23.3,4.3,34.48873600083557
2008-09-22,32.2,23.0,3.3,35.24517878083567
2008-09-23,28.9,23.9,0.3,31.326208967884572
2008-09-24,28.3,22.8,0.0,29.66075088801562
2008-09-25,28.3,19.4,0.0,27.721938942035614
2008-09-26,30.0,20.0,0.0,29.927305577777776
2008-09-27,30.6,18.9,0.0,30.406492212515545
2008-09-28,30.0,22.2,0.0,31.887677555555513
2008-09-29,29.4,24.4,0.0,31.900241944515585
2008-09-30,28.3,21.7,6.9,30.026780984595675
2008-10-01,31.7,21.1,0.0,31.232713954984572
2008-10-02,28.3,20.6,0.0,27.78952527557118
2008-10-03,28.3,20.6,0.0,28.41927290529559
2008-10-04,27.8,21.7,0.0,28.957169045315645
2008-10-05,28.9,23.3,0.3,30.717955184364623
2008-10-06,30.6,23.3,0.3,32.930913029315576
2008-10-07,29.4,23.3,2.3,31.015885100115636
2008-10-08,30.6,22.2,0.5,33.03359425555552
2008-10-09,32.2,21.7,8.2,33.6296077330646
2008-10-10,31.7,22.2,1.8,33.820934725784504
2008-10-11,29.4,23.0,0.0,31.900241944515585
2008-10-12,31.0,23.0,1.0,33.665803991555485
2008-10-13,29.0,23.0,20.3,31.34656448977779
2008-10-14,28.9,23.3,5.6,29.083513312415594
2008-10-15,28.9,20.6,0.0,29.65017504153784
2008-10-16,29.4,20.6,0.0,28.59431378340449
2008-10-17,29.4,18.9,0.0,29.227926396497807
2008-10-18,28.9,21.1,0.0,28.246993170957833
2008-10-19,24.4,15.6,0.0,24.35277777777778
2008-10-20,26.7,18.3,0.0,26.611111111111114
2008-10-21,27.2,17.8,0.0,26.762939877617825
2008-10-22,26.7,18.3,0.0,26.65027777777778
2008-10-23,27.2,21.7,2.8,27.884784716924493
2008-10-24,26.7,21.0,12.2,28.64234278149107
2008-10-25,27.2,21.7,8.1,28.499177144657796
2008-10-26,25.6,15.6,0.0,25.325555555555557
2008-10-27,25.6,13.9,0.0,25.43
2008-10-28,17.2,8.3,0.0,22.05583333333332
2008-10-29,17.8,6.1,0.0,17.057222222222222
2008-10-30,22.2,9.4,0.0,21.938333333333325
2008-10-31,25.0,16.7,0.0,24.839166666666664
2008-11-01,24.4,16.7,0.0,24.405
2008-11-02,23.9,18.3,11.2,23.958333333333332
2008-11-03,26.7,17.2,0.0,27.195764459617777
2008-11-04,20.0,17.8,0.0,21.804999999999996
2008-11-05,20.0,16.7,0.0,19.85027777777778
2008-11-06,25.6,13.9,0.0,25.56055555555555
2008-11-07,26.1,16.7,0.0,26.137777777777778
2008-11-08,26.1,16.1,0.0,25.981111111111122
2008-11-09,23.9,12.2,0.0,23.775555555555552
2008-11-10,24.4,12.2,0.0,24.117777777777782
2008-11-11,26.1,13.9,0.0,26.02027777777778
2008-11-12,28.3,19.4,0.5,30.026780984595675
2008-11-13,29.4,21.0,0.0,31.34656448977779
2008-11-14,30.0,21.7,0.0,31.539548077777795
2008-11-15,28.3,18.3,1.0,29.31698503179564
2008-11-16,16.7,8.9,0.0,21.765833333333333
2008-11-17,18.3,6.7,0.0,17.595277777777774
2008-11-18,18.9,8.9,0.0,18.225277777777777
2008-11-19,16.1,4.4,0.0,15.441944444444447
2008-11-20,20.0,6.7,0.0,19.549999999999997
2008-11-21,20.0,9.4,0.0,19.602222222222217
2008-11-22,18.9,6.1,0.0,18.460277777777776
2008-11-23,21.1,7.8,0.0,20.691944444444445
2008-11-24,22.8,11.1,0.0,22.49
2008-11-25,21.7,12.8,0.0,21.70055555555556
2008-11-26,20.0,8.9,0.0,19.35416666666667
2008-11-27,20.6,7.8,0.0,19.958055555555553
2008-11-28,23.9,9.4,0.0,23.61888888888889
2008-11-29,25.0,11.1,0.0,24.865277777777774
2008-11-30,25.6,15.6,15.5,25.834722222222222
2008-12-01,18.9,13.3,0.3,18.525555555555556
2008-12-02,16.1,8.3,1.8,15.807500000000005
2008-12-03,20.0,6.0,0.0,19.64138888888889
2008-12-04,22.2,12.8,0.0,21.977499999999992
2008-12-05,23.9,11.0,0.0,23.723333333333333
2008-12-06,24.4,15.0,0.0,24.27444444444445
2008-12-07,18.3,10.0,0.0,21.01833333333333
2008-12-08,22.8,8.3,0.0,22.503055555555562
2008-12-09,25.6,15.0,0.0,25.665000000000003
2008-12-10,27.2,18.3,0.0,28.181459693315517
2008-12-11,22.8,16.0,13.5,24.049722222222226
2008-12-12,18.3,10.6,0.0,18.85194444444444
2008-12-13,18.3,6.7,0.0,17.947777777777773
2008-12-14,23.9,13.9,0.0,23.801666666666662
2008-12-15,25.0,17.2,0.0,25.035
2008-12-16,26.1,15.0,0.0,26.137777777777778
2008-12-17,25.6,15.6,0.0,25.665000000000003
2008-12-18,26.7,15.6,0.0,27.25004875993561
2008-12-19,26.1,14.0,0.0,26.137777777777778
2008-12-20,24.4,15.0,0.0,24.405
2008-12-21,25.6,13.9,0.0,25.638888888888893
2008-12-22,16.7,7.8,0.0,22.829444444444455
2008-12-23,22.2,7.8,0.0,21.96444444444444
2008-12-24,27.2,13.9,0.0,27.676087608817763
2008-12-25,26.1,19.4,0.9,26.333611111111118
2008-12-26,26.1,16.1,0.0,26.21611111111112
2008-12-27,25.6,15.6,0.0,25.56055555555555
2008-12-28,26.1,14.4,0.0,26.0463888888889
2008-12-29,26.1,15.6,0.0,26.0463888888889
2008-12-30,22.8,12.2,0.0,22.307222222222226
2008-12-31,11.7,11.7,0.0,23.71027777777777
2009-01-01,19.4,11.7,0.0,19.063611111111115
2009-01-02,23.3,12.8,0.0,23.184722222222216
2009-01-03,23.9,12.8,0.0,23.82777777777777
2009-01-04,25.6,16.1,0.0,25.43
2009-01-05,25.6,13.3,0.0,25.56055555555555
2009-01-06,26.7,16.7,0.0,27.195764459617777
2009-01-07,23.9,12.2,1.3,24.114999999999995
2009-01-08,21.7,8.3,0.0,21.165277777777774
2009-01-09,21.7,10.6,0.0,21.15222222222222
2009-01-10,24.4,10.0,0.0,24.196111111111108
2009-01-11,26.1,13.3,0.0,26.007222222222232
2009-01-12,20.0,15.0,0.0,22.134166666666665
2009-01-13,23.3,10.6,4.6,23.393611111111106
2009-01-14,17.8,6.1,0.0,17.174722222222226
2009-01-15,15.0,6.7,0.0,14.417499999999999
2009-01-16,14.4,6.7,0.0,13.722222222222223
2009-01-17,16.7,4.4,0.0,16.11111111111111
2009-01-18,21.7,5.6,0.0,21.269722222222224
2009-01-19,21.7,13.9,0.3,21.321944444444448
2009-01-20,16.7,5.0,6.6,17.921666666666667
2009-01-21,8.9,0.0,0.0,7.660000000000003
2009-01-22,14.4,0.6,0.0,13.382777777777777
2009-01-23,20.0,1.1,0.0,19.223611111111108
2009-01-24,21.7,5.6,0.0,21.178333333333338
2009-01-25,23.9,10.6,0.0,23.605833333333333
2009-01-26,26.1,11.1,0.0,25.94194444444445
2009-01-27,26.7,13.3,0.0,27.195764459617777
2009-01-28,27.8,15.6,0.0,28.146045184835597
2009-01-29,27.8,16.7,13.0,28.76327423575113
2009-01-30,16.7,10.0,25.9,20.281111111111112
2009-01-31,15.6,5.0,0.0,14.747222222222225
2009-02-01,18.9,6.1,0.0,18.421111111111102
2009-02-02,18.3,13.3,11.2,17.762222222222228
2009-02-03,15.6,8.3,0.0,18.456944444444442
2009-02-04,11.1,3.3,0.0,11.333888888888891
2009-02-05,10.6,-1.1,0.0,9.366666666666667
2009-02-06,17.8,2.2,0.0,17.083333333333336
2009-02-07,20.6,5.6,0.0,20.206111111111106
2009-02-08,22.2,9.4,0.0,21.859999999999992
2009-02-09,22.8,8.9,0.0,22.516111111111115
2009-02-10,25.0,11.7,0.0,24.826111111111118
2009-02-11,27.8,15.0,0.0,27.910757868995592
2009-02-12,27.8,19.4,0.0,28.76327423575113
2009-02-13,26.7,13.9,0.0,26.31083333333333
2009-02-14,27.8,14.4,0.0,27.310157834435607
2009-02-15,20.6,17.8,0.0,23.775555555555552
2009-02-16,21.7,11.1,0.0,21.12611111111111
2009-02-17,21.1,9.4,0.0,20.652777777777786
2009-02-18,25.6,11.1,0.0,25.33861111111111
2009-02-19,22.8,16.1,3.8,22.829444444444455
2009-02-20,16.1,7.8,0.0,19.510833333333338
2009-02-21,21.1,5.6,0.0,20.652777777777786
2009-02-22,23.9,11.7,0.0,23.357777777777773
2009-02-23,20.0,10.6,0.0,21.321944444444448
2009-02-24,19.4,8.3,0.0,19.01138888888889
2009-02-25,21.7,11.1,0.0,21.426388888888887
2009-02-26,23.3,10.0,0.0,22.97583333333333
2009-02-27,25.0,11.1,0.5,24.865277777777774
2009-02-28,27.2,13.3,0.0,26.95966309799115
2009-03-01,21.1,8.9,3.6,24.904444444444447
2009-03-02,15.6,5.0,0.0,14.708055555555555
2009-03-03,16.1,5.6,0.0,15.128611111111114
2009-03-04,20.0,5.6,0.0,19.510833333333338
2009-03-05,22.2,8.3,0.0,21.79472222222221
2009-03-06,25.0,10.6,0.0,24.747777777777774
2009-03-07,25.6,11.1,0.0,25.41694444444444
2009-03-08,26.1,12.2,0.0,25.96805555555556
2009-03-09,27.8,15.0,0.0,27.198133401617845
2009-03-10,28.9,15.0,0.0,28.1825764545045
2009-03-11,27.8,16.7,0.0,27.624331573457855
2009-03-12,28.3,15.6,0.0,27.721938942035614
2009-03-13,26.7,15.6,0.0,26.637222222222224
2009-03-14,28.3,18.3,0.0,28.164564010515555
2009-03-15,29.4,19.4,0.0,29.227926396497807
2009-03-16,30.6,19.4,0.0,30.03229921107551
2009-03-17,26.7,17.8,0.0,27.624331573457855
2009-03-18,26.7,17.2,0.0,26.53277777777778
2009-03-19,25.6,16.7,0.0,25.495277777777776
2009-03-20,26.7,15.6,0.0,26.415277777777785
2009-03-21,24.4,15.6,0.0,24.196111111111108
2009-03-22,22.8,13.9,1.8,22.594444444444452
2009-03-23,22.8,15.6,4.8,22.594444444444452
2009-03-24,25.0,13.3,0.0,24.786944444444444
2009-03-25,26.1,13.3,0.0,25.837500000000002
2009-03-26,26.7,16.7,0.0,26.57194444444444
2009-03-27,28.9,17.8,0.0,29.083513312415594
2009-03-28,31.7,20.6,0.0,31.689232329591157
2009-03-29,25.6,16.7,3.3,28.39887615283563
2009-03-30,26.7,13.9,0.0,26.493611111111115
2009-03-31,29.4,16.1,0.5,30.6159912848178
2009-04-01,28.9,20.6,0.0,30.294298970771212
2009-04-02,31.1,18.9,0.0,31.5090838789956
2009-04-03,28.3,20.0,11.2,28.696246040435614
2009-04-04,28.9,15.0,0.0,27.736280690231215
2009-04-05,31.1,18.3,0.0,31.5090838789956
2009-04-06,28.3,16.7,0.3,29.66075088801562
2009-04-07,17.2,10.0,0.0,20.153888888888883
2009-04-08,21.7,8.3,0.0,21.113055555555558
2009-04-09,26.7,11.7,0.0,26.45444444444444
2009-04-10,28.9,15.6,0.0,27.97271591321781
2009-04-11,28.9,20.0,0.0,28.87853803679785
2009-04-12,28.3,17.8,0.0,27.932119356095637
2009-04-13,27.8,17.8,0.0,28.76327423575113
2009-04-14,23.3,17.2,15.0,24.57472222222222
2009-04-15,27.2,16.1,0.0,26.42833333333333
2009-04-16,27.2,13.9,0.0,26.762939877617825
2009-04-17,23.9,17.8,0.0,23.65805555555555
2009-04-18,26.1,15.6,0.0,25.85055555555556
2009-04-19,27.2,13.3,0.0,26.762939877617825
2009-04-20,27.2,18.3,0.5,27.543531976835535
2009-04-21,27.2,17.2,0.0,26.507309687591107
2009-04-22,27.8,16.7,0.0,26.660030820035605
2009-04-23,31.1,16.1,0.0,29.16510310077114
2009-04-24,31.7,18.3,0.0,30.016614937395584
2009-04-25,28.3,17.8,0.0,27.932119356095637
2009-04-26,27.8,17.2,0.0,27.49281419379563
2009-04-27,29.4,17.8,0.0,28.345636552764503
2009-04-28,28.3,17.2,0.0,27.763646131857854
2009-04-29,28.9,17.2,0.0,28.03957093897562
2009-04-30,30.0,17.8,0.0,29.36368185555555
2009-05-01,31.1,17.8,0.0,29.83680901797119
2009-05-02,32.2,20.0,0.0,30.92745487159113
2009-05-03,32.2,20.0,0.0,31.43356560353779
2009-05-04,32.2,21.7,0.0,31.348378167197765
2009-05-05,32.8,21.7,0.0,31.894722860195557
2009-05-06,32.8,20.6,0.0,31.689232329591157
2009-05-07,32.8,21.7,0.0,32.195672139537734
2009-05-08,33.3,22.2,0.0,32.86198896473778
2009-05-09,34.4,22.2,0.0,34.644825070275566
2009-05-10,35.6,23.3,0.0,34.70560137393786
2009-05-11,35.0,23.3,0.0,35.25822549561561
2009-05-12,30.6,22.2,19.6,32.930913029315576
2009-05-13,31.7,21.7,0.0,32.56900581695783
2009-05-14,31.7,21.1,0.0,31.689232329591157
2009-05-15,31.1,21.1,0.0,31.846529894604444
2009-05-16,31.7,21.1,0.0,32.023305295084555
2009-05-17,32.2,21.1,14.2,32.19925999255788
2009-05-18,25.6,20.0,15.2,27.71250268391774
2009-05-19,21.1,19.0,97.8,21.396944444444443
2009-05-20,22.8,18.3,53.6,23.195000000000004
2009-05-21,26.7,19.0,6.1,27.835943809757786
2009-05-22,24.0,20.0,81.5,24.389722222222222
2009-05-23,27.8,21.1,0.3,29.697203661351164
2009-05-24,30.6,20.0,24.1,31.96842908860448
2009-05-25,31.1,19.4,12.4,32.39278539805116
2009-05-26,31.1,21.1,21.3,32.39278539805116
2009-05-27,30.6,20.6,6.1,32.15124504993779
2009-05-28,28.9,22.2,2.5,31.648926787671186
2009-05-29,31.1,21.7,7.4,34.24562740051562
2009-05-30,32.2,23.3,0.0,33.85445181291555
2009-05-31,31.1,20.0,0.0,29.745586538231123
2009-06-01,31.1,21.1,0.0,31.043001335615575
2009-06-02,31.1,22.2,0.0,32.6347006444444
2009-06-03,30.6,22.8,0.0,32.15124504993779
2009-06-04,29.4,22.0,10.7,32.25745578348452
2009-06-05,31.1,22.2,3.0,32.78368005370444
2009-06-06,28.9,21.1,5.1,31.015885100115636
2009-06-07,29.0,21.7,29.5,32.011302207111086
2009-06-08,31.1,20.6,11.1,32.39278539805116
2009-06-09,32.2,22.2,5.8,34.016651047591154
2009-06-10,34.4,23.9,9.7,35.85863781863108
2009-06-11,33.9,25.0,0.0,37.05415802092446
2009-06-12,33.3,25.6,0.0,35.22748101695786
2009-06-13,33.9,23.0,3.5,36.60358037643559
2009-06-14,33.9,22.8,0.0,36.32746605479784
2009-06-15,33.9,26.1,0.6,35.513380247404434
2009-06-16,35.0,22.8,27.2,37.84634757387565
2009-06-17,34.4,22.8,0.3,38.85491958937559
2009-06-18,33.3,22.8,36.2,35.889603247484416
2009-06-19,34.4,22.8,0.0,36.98420724259553
2009-06-20,36.1,25.6,0.0,39.181918055555634
2009-06-21,36.1,27.8,0.0,40.50424907331573
2009-06-22,36.7,28.3,0.0,41.24134715060444
2009-06-23,36.1,24.4,37.8,39.03336019249782
2009-06-24,32.2,24.4,3.0,35.286900788051064
2009-06-25,33.3,25.0,0.0,37.05415802092446
2009-06-26,31.1,23.9,0.5,35.35430882977785
2009-06-27,31.7,25.0,0.0,35.286900788051064
2009-06-28,32.2,25.6,0.0,36.931999601315574
2009-06-29,32.8,26.1,0.0,37.67863462375107
2009-06-30,30.0,24.0,4.6,35.03801755555546
2009-07-01,27.2,24.4,4.6,30.403401525635665
2009-07-02,31.7,23.3,4.6,35.99969964348455
2009-07-03,33.9,24.4,0.5,37.84634757387565
2009-07-04,33.9,25.0,13.0,37.84634757387565
2009-07-05,33.3,23.9,0.3,37.20667336761786
2009-07-06,32.2,25.6,1.3,36.68049771557119
2009-07-07,32.2,24.4,19.3,36.931999601315574
2009-07-08,32.8,23.3,3.8,36.67203977659556
2009-07-09,29.4,23.9,4.8,33.21375493548445
2009-07-10,31.7,21.7,20.3,33.820934725784504
2009-07-11,32.2,21.7,7.1,34.48873600083557
2009-07-12,32.2,22.2,0.0,34.73444154748442
2009-07-13,32.2,23.0,0.0,34.73444154748442
2009-07-14,32.8,23.9,2.1,37.05415802092446
2009-07-15,33.9,23.3,34.3,36.91070788641558
2009-07-16,34.4,24.4,0.0,37.91852052531555
2009-07-17,33.9,25.6,0.0,37.84634757387565
2009-07-18,32.8,25.6,5.6,37.67863462375107
2009-07-19,30.0,22.8,14.2,33.44940924444435
2009-07-20,29.4,22.8,7.6,31.015885100115636
2009-07-21,32.2,23.3,0.0,34.48873600083557
2009-07-22,33.9,23.3,0.0,36.45781422883556
2009-07-23,33.9,24.4,2.3,37.05415802092446
2009-07-24,33.3,24.4,0.0,37.20667336761786
2009-07-25,33.9,24.4,0.0,35.77663859119783
2009-07-26,31.7,23.9,6.4,35.31575843611568
2009-07-27,31.1,23.3,0.0,34.32017456463127
2009-07-28,33.3,23.9,0.0,38.33124403731548
2009-07-29,34.4,24.4,2.8,37.91852052531555
2009-07-30,33.3,23.9,7.9,38.846038964051104
2009-07-31,32.8,23.9,12.1,37.267713707404496
2009-08-01,34.4,24.4,0.0,37.21448419023117
2009-08-02,33.3,25.0,12.9,36.931999601315574
2009-08-03,32.2,24.4,3.6,36.343957807751195
2009-08-04,34.4,23.9,29.5,38.58431805415117
2009-08-05,31.7,23.9,4.1,35.55203763279115
2009-08-06,32.2,23.3,0.0,35.31575843611568
2009-08-07,32.8,23.3,0.3,35.889603247484416
2009-08-08,33.9,24.4,2.3,37.21448419023117
2009-08-09,33.9,23.9,0.0,38.17443465370449
2009-08-10,33.3,25.6,0.0,37.235683568124536
2009-08-11,34.4,25.6,0.0,37.598498363004396
2009-08-12,33.9,25.6,0.0,39.011986261617736
2009-08-13,34.4,23.9,17.3,37.21448419023117
2009-08-14,32.2,23.9,2.1,36.100147751724435
2009-08-15,33.3,24.0,10.7,36.68049771557119
2009-08-16,32.8,23.3,0.0,37.67863462375107
2009-08-17,32.2,25.6,1.3,37.235683568124536
2009-08-18,32.2,25.6,11.2,39.541848642951145
2009-08-19,31.1,24.4,4.1,35.845619555884504
2009-08-20,33.9,23.9,0.3,38.846038964051104
2009-08-21,33.9,24.0,16.3,38.85491958937559
2009-08-22,31.7,22.8,0.0,35.55203763279115
2009-08-23,31.0,23.9,11.2,33.78802762316448
2009-08-24,31.1,23.9,0.3,34.32017456463127
2009-08-25,33.3,23.3,0.5,37.20667336761786
2009-08-26,32.2,25.0,3.0,36.931999601315574
2009-08-27,31.1,25.0,0.0,35.31575843611568
2009-08-28,32.8,25.0,0.0,36.45781422883556
2009-08-29,32.8,25.0,0.0,36.45781422883556
2009-08-30,33.3,24.4,0.0,35.75535508329567
2009-08-31,33.9,23.0,9.1,36.91070788641558
2009-09-01,31.1,23.3,18.8,34.80727677236455
2009-09-02,28.9,22.8,14.2,32.50994487721565
2009-09-03,30.0,22.8,0.0,33.03359425555552
2009-09-04,31.7,23.3,0.0,35.286900788051064
2009-09-05,30.6,23.3,7.2,34.24562740051562
2009-09-06,32.2,22.8,0.0,34.73444154748442
2009-09-07,31.7,23.9,0.0,33.820934725784504
2009-09-08,31.1,23.3,0.0,34.32017456463127
2009-09-09,31.1,23.3,0.0,33.85445181291555
2009-09-10,31.7,24.4,0.0,34.7744635280245
2009-09-11,31.7,24.4,0.0,35.31575843611568
2009-09-12,28.3,24.4,1.5,31.870187069491244
2009-09-13,30.6,23.9,4.3,35.21891191607106
2009-09-14,31.1,24.4,0.0,34.32017456463127
2009-09-15,32.2,23.9,0.0,35.24517878083567
2009-09-16,32.8,23.3,0.0,35.616047560835526
2009-09-17,32.2,23.3,0.0,35.24517878083567
2009-09-18,32.2,23.9,0.0,36.100147751724435
2009-09-19,32.8,24.4,0.0,35.781684200924495
2009-09-20,32.8,23.9,0.0,38.33124403731548
2009-09-21,31.1,25.0,17.5,35.845619555884504
2009-09-22,33.3,25.6,1.5,37.51950270193562
2009-09-23,30.6,24.4,0.3,33.882145611111156
2009-09-24,31.1,24.4,1.8,35.31575843611568
2009-09-25,32.2,23.9,0.0,35.55203763279115
2009-09-26,31.7,24.4,20.1,35.31575843611568
2009-09-27,31.7,24.4,2.3,35.55203763279115
2009-09-28,32.2,22.8,0.0,32.04274908243562
2009-09-29,32.8,22.8,0.0,37.05415802092446
2009-09-30,27.2,19.4,0.0,31.015885100115636
2009-10-01,28.9,18.3,0.0,28.33797592205119
2009-10-02,31.1,21.1,0.0,31.126955483004483
2009-10-03,30.6,21.7,0.0,31.285569377315557
2009-10-04,31.7,23.3,0.0,32.78368005370444
2009-10-05,32.2,23.9,0.0,34.73444154748442
2009-10-06,32.8,24.4,0.3,37.67863462375107
2009-10-07,32.8,24.4,0.0,37.05415802092446
2009-10-08,34.4,23.9,0.0,38.58431805415117
2009-10-09,33.9,25.6,0.0,38.17443465370449
2009-10-10,33.3,23.9,68.1,38.16772704802459
2009-10-11,33.3,24.4,0.3,37.67863462375107
2009-10-12,32.8,24.4,0.0,35.09003579559113
2009-10-13,33.3,24.4,0.0,36.03057495519112
2009-10-14,31.7,24.4,0.0,34.24562740051562
2009-10-15,31.1,24.4,1.0,33.85445181291555
2009-10-16,28.9,24.4,0.9,31.98403855947564
2009-10-17,23.3,13.9,0.0,26.58166666666667
2009-10-18,18.9,9.4,0.0,18.421111111111102
2009-10-19,23.9,10.6,0.0,23.028055555555557
2009-10-20,26.7,14.4,0.0,26.986454903191134
2009-10-21,27.8,18.9,2.3,28.39887615283563
2009-10-22,27.2,19.4,0.0,28.33768810961774
2009-10-23,31.1,19.4,0.0,32.02327019841567
2009-10-24,31.7,20.6,0.0,32.56900581695783
2009-10-25,28.3,18.3,0.0,29.10017681673787
2009-10-26,30.6,20.0,0.0,31.617318406151192
2009-10-27,31.1,23.9,4.8,34.32017456463127
2009-10-28,31.1,23.3,0.0,34.32017456463127
2009-10-29,32.2,23.3,0.0,35.24517878083567
2009-10-30,27.8,22.8,0.0,30.78902595639117
2009-10-31,31.1,21.1,0.0,32.78368005370444
2009-11-01,29.0,23.0,0.0,31.34656448977779
2009-11-02,28.3,20.0,0.0,26.176388888888894
2009-11-03,23.3,18.9,0.0,23.328333333333326
2009-11-04,28.9,18.3,0.0,29.300882540051173
2009-11-05,26.7,18.3,0.0,26.493611111111115
2009-11-06,25.6,15.0,0.0,25.469166666666663
2009-11-07,27.2,15.6,0.0,26.02027777777778
2009-11-08,27.8,18.3,0.0,28.146045184835597
2009-11-09,29.4,21.1,0.0,29.930825938151138
2009-11-10,28.3,21.7,4.8,29.66075088801562
2009-11-11,27.2,20.0,1.3,27.884784716924493
2009-11-12,18.9,13.9,0.0,22.329999999999995
2009-11-13,23.3,11.7,0.0,23.054166666666667
2009-11-14,25.6,13.9,0.0,25.469166666666663
2009-11-15,26.1,13.9,0.0,25.94194444444445
2009-11-16,26.7,13.9,0.0,26.65027777777778
2009-11-17,26.7,17.2,0.0,26.986454903191134
2009-11-18,27.8,16.7,0.0,27.557598236284473
2009-11-19,26.7,16.7,0.0,27.195764459617777
2009-11-20,26.1,17.8,3.8,26.21611111111112
2009-11-21,26.1,17.8,0.0,26.190000000000005
2009-11-22,26.7,18.3,0.0,27.962515993535547
2009-11-23,26.7,20.0,0.0,27.71250268391774
2009-11-24,26.0,18.9,1.0,26.176388888888894
2009-11-25,20.6,16.1,18.8,21.98777777777778
2009-11-26,20.6,12.8,0.3,20.323611111111106
2009-11-27,17.2,7.8,0.0,16.479444444444443
2009-11-28,19.4,8.9,0.0,18.724166666666672
2009-11-29,23.9,8.9,0.0,23.59277777777777
2009-11-30,25.0,12.8,0.0,24.865277777777774
2009-12-01,24.4,15.0,0.0,24.43111111111111
2009-12-02,27.8,18.3,0.3,29.47601872620456
2009-12-03,24.4,17.2,18.8,26.333611111111118
2009-12-04,17.2,12.8,31.2,20.61083333333333
2009-12-05,16.7,9.4,23.6,16.816111111111113
2009-12-06,19.4,6.7,0.0,19.259444444444444
2009-12-07,26.1,16.1,31.8,26.333611111111118
2009-12-08,27.2,19.0,0.0,29.105816139857836
2009-12-09,28.9,21.7,0.0,30.294298970771212
2009-12-10,23.9,13.3,1.3,25.873888888888885
2009-12-11,16.1,11.7,0.0,15.768333333333338
2009-12-12,26.1,15.0,0.0,26.1638888888889
2009-12-13,27.8,18.9,0.0,29.47601872620456
2009-12-14,27.8,18.9,0.0,29.15886103361784
2009-12-15,27.8,19.4,0.0,28.312649868817804
2009-12-16,22.8,18.3,0.0,25.691111111111113
2009-12-17,22.2,18.3,0.8,22.225555555555545
2009-12-18,22.8,18.3,7.9,22.999166666666675
2009-12-19,17.2,8.9,0.0,21.98777777777778
2009-12-20,13.9,6.7,0.0,13.957222222222224
2009-12-21,15.6,5.0,0.0,14.786388888888887
2009-12-22,18.3,7.8,0.0,17.73888888888889
2009-12-23,21.7,8.9,0.0,21.426388888888887
2009-12-24,25.0,13.3,0.0,24.982777777777773
2009-12-25,25.0,15.0,20.6,25.283055555555556
2009-12-26,15.0,10.6,0.0,18.300277777777776
2009-12-27,13.3,10.0,0.3,12.932777777777776
2009-12-28,19.4,8.9,0.0,19.01138888888889
2009-12-29,16.1,3.9,0.0,15.337500000000002
2009-12-30,22.8,7.2,0.0,22.594444444444452
2009-12-31,13.9,13.9,0.0,23.276111111111106
2010-01-01,18.9,9.4,15.0,19.455277777777773
2010-01-02,13.9,3.9,0.0,13.014444444444445
2010-01-03,7.8,2.2,0.0,9.154444444444445
2010-01-04,11.1,0.6,0.0,9.93083333333333
2010-01-05,8.3,1.7,0.0,7.108333333333334
2010-01-06,9.4,0.0,0.0,8.132777777777775
2010-01-07,15.0,0.0,0.0,13.960555555555558
2010-01-08,14.4,3.9,0.0,13.983333333333334
2010-01-09,5.6,-0.6,1.0,9.07277777777778
2010-01-10,6.7,-1.7,0.0,5.480555555555557
2010-01-11,10.6,-1.1,0.0,9.471111111111112
2010-01-12,15.0,1.1,0.0,14.208611111111114
2010-01-13,16.1,2.2,0.0,15.324444444444445
2010-01-14,20.6,5.6,0.0,20.245277777777773
2010-01-15,23.3,8.9,0.0,23.14555555555555
2010-01-16,23.9,16.1,1.8,23.984444444444442
2010-01-17,25.0,15.6,4.6,24.799999999999997
2010-01-18,18.3,11.1,0.0,19.85027777777778
2010-01-19,20.6,8.3,0.0,20.245277777777773
2010-01-20,23.3,8.9,0.0,22.962777777777777
2010-01-21,28.3,14.4,1.0,28.89326381961784
2010-01-22,26.1,17.2,62.2,26.190000000000005
2010-01-23,24.4,12.8,0.0,24.300555555555555
2010-01-24,26.1,18.3,1.1,26.21611111111112
2010-01-25,22.8,11.7,4.8,24.08888888888888
2010-01-26,20.0,7.8,0.0,19.510833333333338
2010-01-27,18.3,8.3,0.0,17.621388888888887
2010-01-28,21.1,7.8,0.0,20.639722222222222
2010-01-29,22.8,11.1,0.0,22.620555555555562
2010-01-30,23.3,14.4,0.8,23.393611111111106
2010-01-31,16.1,8.9,0.0,21.318611111111114
2010-02-01,17.2,9.4,15.7,16.776944444444442
2010-02-02,20.6,14.4,30.5,20.571666666666665
2010-02-03,16.7,10.6,0.0,18.261111111111113
2010-02-04,23.9,10.0,0.0,23.749444444444443
2010-02-05,23.9,17.2,13.7,24.08888888888888
2010-02-06,18.3,11.1,0.0,20.24194444444444
2010-02-07,12.2,7.8,0.0,12.238055555555556
2010-02-08,18.9,6.1,0.0,18.49944444444445
2010-02-09,20.0,8.9,7.6,19.915555555555557
2010-02-10,15.0,6.1,0.0,17.105
2010-02-11,11.7,2.8,0.0,10.769722222222226
2010-02-12,11.1,7.2,25.7,10.411111111111108
2010-02-13,11.1,5.0,0.0,10.411111111111108
2010-02-14,13.9,2.8,0.0,13.014444444444445
2010-02-15,21.7,3.9,0.0,21.217499999999994
2010-02-16,13.3,5.6,0.0,17.34444444444445
2010-02-17,14.4,2.8,0.0,13.578611111111114
2010-02-18,15.6,5.0,0.0,14.681944444444444
2010-02-19,17.2,5.0,0.0,16.440277777777776
2010-02-20,21.1,10.6,0.0,20.43083333333334
2010-02-21,24.4,9.4,0.0,24.196111111111108
2010-02-22,23.3,15.0,7.9,23.328333333333326
2010-02-23,25.0,15.0,0.0,24.839166666666664
2010-02-24,21.1,10.0,5.8,21.044444444444448
2010-02-25,13.9,4.4,0.0,13.758611111111113
2010-02-26,15.6,3.3,0.5,14.65583333333333
2010-02-27,10.0,6.7,3.6,12.923055555555559
2010-02-28,18.3,5.0,0.0,17.569166666666668
2010-03-01,21.1,6.7,0.0,20.522222222222222
2010-03-02,22.2,9.4,12.4,22.08194444444444
2010-03-03,15.0,7.2,0.0,14.613333333333335
2010-03-04,14.4,5.0,0.0,13.487222222222222
2010-03-05,16.7,5.0,0.0,15.836944444444448
2010-03-06,17.8,5.6,0.0,17.005000000000006
2010-03-07,20.6,5.6,0.0,19.984166666666663
2010-03-08,21.7,8.9,0.0,21.139166666666668
2010-03-09,22.2,11.7,0.0,21.873055555555553
2010-03-10,26.1,10.6,0.0,25.90277777777778
2010-03-11,21.1,18.3,66.0,21.396944444444443
2010-03-12,18.9,16.7,30.5,19.178333333333327
2010-03-13,21.7,13.9,2.3,21.348055555555558
2010-03-14,22.2,12.8,0.0,21.7686111111111
2010-03-15,22.2,11.7,0.0,21.820833333333326
2010-03-16,18.9,10.6,0.0,18.394999999999996
2010-03-17,20.0,12.2,0.0,19.6675
2010-03-18,17.8,11.7,0.0,17.37055555555556
2010-03-19,22.8,10.0,0.0,22.34638888888889
2010-03-20,23.3,9.4,0.0,22.936666666666667
2010-03-21,21.7,13.9,37.1,21.70055555555556
2010-03-22,21.1,12.2,0.0,20.73111111111111
2010-03-23,21.7,13.3,0.0,21.321944444444448
2010-03-24,23.9,10.0,0.0,23.553611111111113
2010-03-25,26.1,13.9,0.0,26.007222222222232
2010-03-26,26.7,17.2,12.5,26.57194444444444
2010-03-27,26.1,13.3,0.0,25.94194444444445
2010-03-28,23.9,16.1,30.0,23.932222222222222
2010-03-29,23.3,14.4,30.2,23.080277777777777
2010-03-30,22.8,11.7,0.0,22.307222222222226
2010-03-31,25.0,11.7,0.0,24.643333333333334
2010-04-01,27.2,13.3,0.0,26.546626832551105
2010-04-02,27.8,13.9,0.0,27.49281419379563
2010-04-03,28.3,15.0,0.0,27.421114341624484
2010-04-04,27.8,14.0,0.3,27.624331573457855
2010-04-05,27.2,16.1,0.0,27.12101463745771
2010-04-06,27.8,14.4,0.3,27.763646131857854
2010-04-07,27.8,15.6,0.0,27.557598236284473
2010-04-08,28.9,18.9,0.0,28.41927290529559
2010-04-09,27.8,17.8,0.0,26.637222222222224
2010-04-10,24.4,15.6,0.0,24.196111111111108
2010-04-11,26.1,18.3,0.0,26.007222222222232
2010-04-12,25.6,17.2,0.0,25.50833333333333
2010-04-13,26.1,17.8,0.5,26.190000000000005
2010-04-14,25.6,17.2,0.0,25.53444444444444
2010-04-15,25.0,17.8,0.3,24.956666666666663
2010-04-16,26.1,16.7,0.0,25.981111111111122
2010-04-17,26.7,15.6,0.0,26.637222222222224
2010-04-18,23.3,17.8,6.4,23.485
2010-04-19,26.1,17.2,31.5,26.08555555555556
2010-04-20,26.7,16.7,8.4,26.611111111111114
2010-04-21,27.2,17.2,13.5,27.065915636284476
2010-04-22,27.8,17.8,0.0,27.198133401617845
2010-04-23,29.4,17.2,0.0,29.02254748851555
2010-04-24,30.6,18.3,0.0,30.406492212515545
2010-04-25,30.0,20.0,14.3,31.539548077777795
2010-04-26,28.9,18.9,16.0,28.59431378340449
2010-04-27,28.9,18.3,0.0,28.33797592205119
2010-04-28,24.4,15.6,0.0,25.36472222222222
2010-04-29,27.8,13.9,0.0,27.49281419379563
2010-04-30,27.8,19.4,0.0,28.957169045315645
2010-05-01,31.7,20.6,0.0,35.286900788051064
2010-05-02,32.8,21.7,0.0,33.89808742945776
2010-05-03,32.8,22.2,0.0,36.45781422883556
2010-05-04,32.2,24.4,0.0,34.7744635280245
2010-05-05,30.0,24.4,9.4,33.03359425555552
2010-05-06,31.1,22.8,13.7,34.32017456463127
2010-05-07,32.8,22.2,0.3,33.680797364284345
2010-05-08,32.2,23.3,0.0,32.76279694388453
2010-05-09,29.4,21.1,0.0,29.66075088801562
2010-05-10,27.2,18.9,0.0,27.8139038595378
2010-05-11,28.3,18.9,0.0,29.31698503179564
2010-05-12,27.8,18.9,0.0,28.957169045315645
2010-05-13,28.9,19.4,0.0,29.898529149217854
2010-05-14,29.4,20.0,0.0,30.194046724604465
2010-05-15,31.1,19.4,0.0,31.846529894604444
2010-05-16,31.1,21.1,0.8,31.5090838789956
2010-05-17,29.4,21.1,25.9,31.900241944515585
2010-05-18,32.2,21.7,0.0,32.930913029315576
2010-05-19,30.6,22.8,0.0,32.15124504993779
2010-05-20,32.2,23.3,0.0,33.356838967857776
2010-05-21,32.8,22.8,0.0,35.09003579559113
2010-05-22,31.7,22.8,0.0,33.379843183571246
2010-05-23,31.7,21.7,0.0,33.16821562719118
2010-05-24,31.7,22.8,0.0,32.56900581695783
2010-05-25,28.9,22.8,1.5,29.543688464791305
2010-05-26,31.1,21.1,0.0,30.759003960051196
2010-05-27,32.2,22.2,0.0,32.56727818179556
2010-05-28,31.7,22.2,0.0,32.023305295084555
2010-05-29,29.4,22.2,1.0,31.900241944515585
2010-05-30,30.6,21.7,0.0,32.930913029315576
2010-05-31,32.2,23.3,16.8,35.781684200924495
2010-06-01,32.8,23.3,17.8,35.09003579559113
2010-06-02,32.2,23.3,3.8,34.7744635280245
2010-06-03,32.8,22.2,2.9,35.889603247484416
2010-06-04,31.1,22.8,5.8,36.68049771557119
2010-06-05,33.9,23.3,0.0,40.45786914243551
2010-06-06,33.3,25.0,0.0,39.011986261617736
2010-06-07,32.8,24.4,1.0,39.011986261617736
2010-06-08,31.1,24.4,0.0,33.19595416537561
2010-06-09,30.0,22.2,0.0,31.539548077777795
2010-06-10,32.2,21.7,0.0,33.356838967857776
2010-06-11,34.4,21.7,0.0,36.40425372780442
2010-06-12,33.9,23.9,0.0,37.84634757387565
2010-06-13,34.4,25.0,0.3,39.011986261617736
2010-06-14,36.7,25.6,0.0,38.15792965555557
2010-06-15,34.4,25.6,3.6,41.06150013175797
2010-06-16,35.0,25.0,1.5,40.288316255555614
2010-06-17,33.3,23.0,1.3,38.16772704802459
2010-06-18,31.1,23.3,1.1,35.31575843611568
2010-06-19,33.9,23.3,7.6,36.91070788641558
2010-06-20,32.2,22.8,3.6,35.781684200924495
2010-06-21,31.1,23.3,4.8,35.31575843611568
2010-06-22,31.7,23.9,4.6,36.67203977659556
2010-06-23,32.8,24.4,0.0,37.235683568124536
2010-06-24,33.9,23.9,0.0,37.05415802092446
2010-06-25,33.9,23.9,0.0,37.84634757387565
2010-06-26,35.6,24.4,0.0,38.356258128515606
2010-06-27,34.4,25.0,0.0,38.85491958937559
2010-06-28,33.9,25.0,0.0,38.85491958937559
2010-06-29,33.3,26.1,0.0,37.51950270193562
2010-06-30,33.9,25.0,0.0,38.85491958937559
2010-07-01,33.3,23.3,9.9,37.05415802092446
2010-07-02,27.8,22.8,0.0,30.284278656195674
2010-07-03,30.0,23.9,11.4,35.03801755555546
2010-07-04,28.9,23.3,13.2,31.648926787671186
2010-07-05,29.4,23.3,1.0,32.62913009207105
2010-07-06,31.7,22.8,0.5,36.29964811111102
2010-07-07,31.1,24.4,0.0,35.21891191607106
2010-07-08,32.8,22.2,0.0,33.89808742945776
2010-07-09,34.4,23.9,0.8,37.91852052531555
2010-07-10,33.9,26.1,0.0,37.84634757387565
2010-07-11,30.6,23.9,1.5,36.544426862115614
2010-07-12,32.8,25.6,3.3,39.011986261617736
2010-07-13,33.9,25.6,0.0,37.21448419023117
2010-07-14,32.2,25.6,2.3,37.267713707404496
2010-07-15,33.9,23.3,7.7,38.85491958937559
2010-07-16,33.9,22.8,2.8,38.18538774865792
2010-07-17,34.4,24.4,0.0,38.9300934206755
2010-07-18,32.8,24.4,0.0,36.343957807751195
2010-07-19,33.9,25.0,0.0,38.16772704802459
2010-07-20,34.4,25.0,0.0,38.58431805415117
2010-07-21,33.9,25.0,0.0,38.17443465370449
2010-07-22,33.9,23.9,0.0,37.84634757387565
2010-07-23,32.8,25.0,10.7,37.67863462375107
2010-07-24,33.3,25.6,5.1,40.2929255059178
2010-07-25,33.9,25.6,0.0,39.567818893064526
2010-07-26,35.0,25.0,0.0,38.49010247777784
2010-07-27,36.7,27.2,0.8,40.12194125900458
2010-07-28,35.6,26.1,41.4,40.12194125900458
2010-07-29,35.6,25.6,13.9,40.12194125900458
2010-07-30,35.6,26.1,0.0,40.50424907331573
2010-07-31,35.0,27.2,0.0,40.288316255555614
2010-08-01,35.0,24.0,43.9,39.64739735793769
2010-08-02,35.0,24.4,0.0,40.288316255555614
2010-08-03,35.0,25.6,0.0,40.288316255555614
2010-08-04,33.3,25.6,0.0,37.20667336761786
2010-08-05,32.8,24.4,0.0,37.267713707404496
2010-08-06,34.4,25.6,0.0,39.567818893064526
2010-08-07,31.1,25.0,11.4,37.99095214327119
2010-08-08,30.6,23.0,25.9,37.99095214327119
2010-08-09,31.7,24.4,0.0,37.267713707404496
2010-08-10,30.0,24.4,4.6,34.331803355555614
2010-08-11,33.9,23.9,16.0,38.16772704802459
2010-08-12,33.9,23.9,0.0,38.17443465370449
2010-08-13,32.8,25.6,11.7,39.34321640355578
2010-08-14,34.4,25.0,0.0,40.018925928675564
2010-08-15,35.0,26.7,0.0,39.9103602111111
2010-08-16,31.7,25.6,0.8,37.8871695441513
2010-08-17,34.4,25.6,0.0,39.554438450015674
2010-08-18,34.4,25.6,0.0,39.567818893064526
2010-08-19,33.9,24.4,2.0,38.85491958937559
2010-08-20,35.0,24.4,0.0,39.181918055555634
2010-08-21,33.3,25.0,2.0,38.846038964051104
2010-08-22,32.8,23.9,1.0,39.36290717779544
2010-08-23,30.6,24.0,1.5,37.1085157343645
2010-08-24,28.3,23.9,2.5,32.69051061163565
2010-08-25,30.0,24.4,2.0,36.29964811111102
2010-08-26,31.1,23.9,6.1,35.31575843611568
2010-08-27,31.1,23.3,6.6,35.31575843611568
2010-08-28,31.7,24.0,0.0,36.67203977659556
2010-08-29,29.4,24.4,0.3,33.621580418115514
2010-08-30,31.1,23.9,0.0,33.6296077330646
2010-08-31,31.7,23.9,0.0,35.286900788051064
2010-09-01,31.7,23.9,0.0,34.28580817393564
2010-09-02,32.8,22.8,0.0,33.89808742945776
2010-09-03,33.3,24.4,0.0,35.22748101695786
2010-09-04,33.3,23.9,0.0,37.20667336761786
2010-09-05,33.3,23.9,4.5,36.60358037643559
2010-09-06,32.2,22.8,12.5,35.781684200924495
2010-09-07,30.6,22.2,1.6,35.52997874444458
2010-09-08,31.7,23.3,0.0,36.100147751724435
2010-09-09,33.3,23.9,1.3,36.60358037643559
2010-09-10,32.8,25.0,0.0,37.67863462375107
2010-09-11,33.9,24.4,0.0,38.17443465370449
2010-09-12,33.9,24.0,15.5,38.85491958937559
2010-09-13,32.2,24.4,0.0,38.18538774865792
2010-09-14,31.1,23.9,0.0,33.6296077330646
2010-09-15,31.1,22.2,0.0,34.32017456463127
2010-09-16,31.1,22.8,0.0,34.80727677236455
2010-09-17,31.1,22.8,0.0,32.930913029315576
2010-09-18,31.7,23.3,0.0,36.100147751724435
2010-09-19,30.6,23.3,10.9,34.24562740051562
2010-09-20,32.2,22.8,0.0,33.57033428108443
2010-09-21,31.1,22.2,0.0,33.19595416537561
2010-09-22,30.6,22.8,0.0,33.34978949943118
2010-09-23,31.1,23.3,1.5,35.21891191607106
2010-09-24,30.6,23.3,0.8,35.52997874444458
2010-09-25,29.4,23.3,0.0,32.50994487721565
2010-09-26,31.7,22.2,0.0,34.32017456463127
2010-09-27,32.8,23.3,3.6,36.45781422883556
2010-09-28,30.6,21.7,67.6,35.99969964348455
2010-09-29,26.7,21.7,0.0,28.430175718017736
2010-09-30,29.4,21.1,0.0,30.294298970771212
2010-10-01,30.0,20.0,0.0,29.36368185555555
2010-10-02,30.6,20.0,0.0,31.126955483004483
2010-10-03,28.3,20.6,0.0,27.656826412984522
2010-10-04,28.3,17.8,0.0,27.656826412984522
2010-10-05,27.8,17.2,0.0,28.577176604924507
2010-10-06,25.6,16.7,0.0,25.50833333333333
2010-10-07,26.7,15.6,0.0,26.637222222222224
2010-10-08,29.4,16.1,0.0,28.151444389031152
2010-10-09,30.0,17.2,0.0,28.905816744444436
2010-10-10,30.0,16.7,0.0,29.576440311111114
2010-10-11,29.4,18.3,0.0,29.02254748851555
2010-10-12,29.4,18.9,0.0,29.227926396497807
2010-10-13,29.4,20.6,0.0,28.78069813099559
2010-10-14,29.4,20.0,0.0,29.336038526595594
2010-10-15,27.2,17.8,0.0,26.389166666666668
2010-10-16,28.3,15.6,0.0,27.224983142015567
2010-10-17,27.2,18.3,0.0,26.672469195537772
2010-10-18,27.8,14.4,0.0,27.49281419379563
2010-10-19,28.9,18.3,0.0,28.78069813099559
2010-10-20,29.4,20.0,0.0,29.56310813900446
2010-10-21,29.4,18.3,0.0,29.02254748851555
2010-10-22,28.9,17.8,0.0,28.601447857571216
2010-10-23,28.9,17.8,0.0,28.87853803679785
2010-10-24,30.0,18.9,0.0,29.689165055555495
2010-10-25,31.7,20.0,0.0,33.16821562719118
2010-10-26,32.2,22.2,0.0,34.73444154748442
2010-10-27,32.2,21.7,0.0,34.48873600083557
2010-10-28,31.7,22.8,0.0,33.16821562719118
2010-10-29,28.9,21.7,0.0,29.385531600924462
2010-10-30,27.8,17.8,0.0,27.763646131857854
2010-10-31,28.9,16.7,0.0,28.78069813099559
2010-11-01,28.3,17.8,0.0,28.89326381961784
2010-11-02,25.6,20.0,18.5,25.808611111111112
2010-11-03,28.9,19.0,0.5,29.898529149217854
2010-11-04,25.0,20.0,8.1,25.309166666666666
2010-11-05,18.3,11.7,0.0,21.396944444444443
2010-11-06,16.7,7.8,0.0,15.980555555555554
2010-11-07,20.0,8.3,0.0,19.576111111111107
2010-11-08,22.2,8.9,0.0,21.282777777777778
2010-11-09,25.6,10.6,0.0,25.26027777777778
2010-11-10,26.7,11.7,0.0,26.40222222222222
2010-11-11,26.7,14.4,0.0,26.65027777777778
2010-11-12,26.1,15.0,0.0,25.96805555555556
2010-11-13,25.0,13.9,0.0,24.891388888888894
2010-11-14,25.6,12.2,0.0,25.36472222222222
2010-11-15,26.1,12.8,0.0,25.981111111111122
2010-11-16,28.3,15.0,0.0,28.696246040435614
2010-11-17,26.1,17.8,0.0,26.1638888888889
2010-11-18,25.0,14.4,0.0,24.826111111111118
2010-11-19,24.4,12.8,0.0,24.196111111111108
2010-11-20,26.7,15.6,0.0,26.59805555555556
2010-11-21,24.4,16.7,0.0,24.405
2010-11-22,25.0,16.1,2.3,25.061111111111114
2010-11-23,27.8,16.7,0.0,27.310157834435607
2010-11-24,27.8,15.0,0.0,27.557598236284473
2010-11-25,27.8,15.0,0.0,27.557598236284473
2010-11-26,27.2,20.0,11.7,28.499177144657796
2010-11-27,20.6,15.6,0.0,22.43444444444443
2010-11-28,24.4,11.7,0.0,24.37888888888889
2010-11-29,26.1,19.4,1.5,26.37277777777778
2010-11-30,28.3,17.8,0.0,29.543688464791305
2010-12-01,22.2,10.0,0.3,24.08888888888888
2010-12-02,16.1,6.1,0.0,15.402777777777784
2010-12-03,18.3,7.2,0.0,17.55611111111111
2010-12-04,20.6,5.0,0.0,20.088611111111106
2010-12-05,22.8,11.1,1.5,22.620555555555562
2010-12-06,11.7,3.3,0.0,14.717777777777782
2010-12-07,10.6,1.7,0.0,9.471111111111112
2010-12-08,14.4,1.7,0.0,13.408888888888887
2010-12-09,16.7,7.2,0.0,16.098055555555554
2010-12-10,16.7,7.8,0.0,16.58111111111111
2010-12-11,19.4,10.0,0.0,19.102777777777778
2010-12-12,21.7,9.4,0.5,21.504722222222224
2010-12-13,8.9,2.8,0.0,12.893611111111111
2010-12-14,9.4,-1.7,0.0,8.09361111111111
2010-12-15,13.3,0.0,0.0,12.253888888888886
2010-12-16,21.1,1.7,0.0,20.522222222222222
2010-12-17,24.4,10.0,0.0,24.196111111111108
2010-12-18,19.0,10.0,15.0,19.126666666666665
2010-12-19,15.0,7.8,0.0,17.971111111111117
2010-12-20,16.7,3.9,0.0,16.07194444444444
2010-12-21,19.4,5.0,0.0,18.841666666666672
2010-12-22,23.9,8.3,0.0,23.65805555555555
2010-12-23,17.2,7.8,0.0,19.22027777777778
2010-12-24,18.9,5.6,0.0,18.394999999999996
2010-12-25,21.7,6.7,0.0,21.41333333333334
2010-12-26,17.8,2.8,2.5,18.721388888888885
2010-12-27,9.4,-0.6,0.0,8.27638888888889
2010-12-28,12.2,0.0,0.0,11.203333333333335
2010-12-29,17.2,0.0,0.0,16.54472222222222
2010-12-30,22.2,6.1,0.0,21.912222222222212
2010-12-31,12.2,12.2,0.0,24.248333333333335
2011-01-01,24.4,12.2,0.0,24.300555555555555
2011-01-02,24.4,17.2,0.3,24.43111111111111
2011-01-03,20.6,10.6,0.0,21.175000000000004
2011-01-04,23.3,10.6,0.0,23.276111111111106
2011-01-05,24.4,15.0,0.5,24.32666666666667
2011-01-06,20.0,10.6,6.6,22.134166666666665
2011-01-07,18.3,7.2,0.0,17.79111111111111
2011-01-08,21.7,10.6,0.0,21.387222222222224
2011-01-09,17.8,6.1,0.0,17.34444444444445
2011-01-10,21.1,10.0,1.8,21.044444444444448
2011-01-11,18.3,10.0,0.0,19.08694444444444
2011-01-12,11.7,3.3,0.0,13.523611111111112
2011-01-13,11.1,-0.6,0.0,10.178888888888887
2011-01-14,17.2,2.8,0.0,16.766666666666666
2011-01-15,20.6,7.2,0.0,20.166944444444443
2011-01-16,21.1,9.4,0.0,20.783333333333342
2011-01-17,17.0,12.2,51.6,16.9625
2011-01-18,25.0,15.6,0.0,24.930555555555557
2011-01-19,24.4,12.8,0.0,24.209166666666672
2011-01-20,25.6,11.1,0.0,25.56055555555555
2011-01-21,19.4,11.1,55.6,21.67444444444445
2011-01-22,14.4,6.1,0.3,13.797777777777776
2011-01-23,15.6,3.3,0.0,14.82555555555555
2011-01-24,21.7,8.9,0.0,21.41333333333334
2011-01-25,24.4,16.1,33.0,24.48333333333333
2011-01-26,20.0,10.0,0.0,19.510833333333338
2011-01-27,16.1,6.7,0.0,15.402777777777784
2011-01-28,18.3,8.3,0.0,17.686666666666667
2011-01-29,21.7,8.3,0.0,21.230555555555558
2011-01-30,22.2,8.9,0.0,21.703333333333326
2011-01-31,22.8,12.2,0.0,22.620555555555562
2011-02-01,26.7,13.0,0.3,26.986454903191134
2011-02-02,25.6,18.3,0.0,25.76944444444444
2011-02-03,21.1,16.0,0.0,23.485
2011-02-04,26.7,15.0,0.0,27.25004875993561
2011-02-05,26.1,14.4,0.3,26.1638888888889
2011-02-06,16.1,13.3,1.8,17.18444444444444
2011-02-07,26.7,13.3,2.5,27.47501360605107
2011-02-08,13.9,8.3,0.0,13.836944444444448
2011-02-09,22.8,7.2,0.0,22.568333333333342
2011-02-10,19.4,10.6,1.8,19.572777777777773
2011-02-11,14.4,9.4,0.0,13.891944444444443
2011-02-12,15.6,5.6,0.0,14.681944444444444
2011-02-13,18.9,4.4,0.0,18.107777777777773
2011-02-14,21.7,6.7,0.0,21.113055555555558
2011-02-15,23.3,9.4,0.0,22.832222222222214
2011-02-16,23.9,11.7,0.0,23.71027777777777
2011-02-17,26.1,12.8,0.0,26.02027777777778
2011-02-18,26.1,14.4,0.3,25.96805555555556
2011-02-19,27.2,13.9,0.0,26.672469195537772
2011-02-20,26.1,12.8,0.0,26.0463888888889
2011-02-21,27.8,15.6,0.0,27.557598236284473
2011-02-22,27.2,16.1,0.0,27.35456218899553
2011-02-23,26.7,16.1,0.0,26.59805555555556
2011-02-24,26.7,14.0,0.0,26.59805555555556
2011-02-25,28.3,18.9,0.0,27.932119356095637
2011-02-26,28.3,17.2,0.0,27.78952527557118
2011-02-27,28.3,16.1,0.0,28.007127103084443
2011-02-28,28.9,17.8,0.0,28.59431378340449
2011-03-01,25.0,16.1,2.8,26.986454903191134
2011-03-02,23.9,15.0,0.0,23.68416666666666
2011-03-03,24.4,15.6,0.0,24.104722222222218
2011-03-04,21.7,13.3,2.3,21.58305555555556
2011-03-05,25.6,15.0,0.0,25.53444444444444
2011-03-06,27.2,15.6,0.0,27.35456218899553
2011-03-07,21.1,10.6,0.0,21.635277777777777
2011-03-08,26.1,11.0,0.0,26.007222222222232
2011-03-09,27.8,16.7,5.8,28.146045184835597
2011-03-10,20.6,12.8,20.1,22.225555555555545
2011-03-11,18.3,7.2,0.0,17.58222222222222
2011-03-12,23.3,4.4,0.0,22.215833333333343
2011-03-13,25.0,8.9,0.0,23.527499999999993
2011-03-14,26.7,10.0,0.0,25.36472222222222
2011-03-15,25.6,13.3,0.0,25.39083333333333
2011-03-16,27.2,13.9,0.0,26.858671178435525
2011-03-17,27.8,14.4,0.0,27.763646131857854
2011-03-18,28.9,14.0,0.3,27.636654006764484
2011-03-19,30.0,15.6,0.0,28.61567085555551
2011-03-20,27.8,16.7,0.0,27.987237679591207
2011-03-21,27.2,16.7,0.0,27.23515810385777
2011-03-22,28.3,15.6,0.0,27.78952527557118
2011-03-23,29.4,16.7,0.0,28.655171081404482
2011-03-24,30.0,17.8,0.0,29.076271755555542
2011-03-25,28.9,17.8,0.0,27.44181083817559
2011-03-26,29.4,14.4,0.0,28.925280710631114
2011-03-27,32.8,17.8,0.0,31.75479802455107
2011-03-28,25.0,18.3,41.4,28.258726944275562
2011-03-29,26.1,17.8,0.0,26.21611111111112
2011-03-30,28.9,19.4,6.6,30.28317007140459
2011-03-31,20.6,18.0,54.1,21.765833333333333
2011-04-01,25.6,16.1,0.0,25.299444444444436
2011-04-02,28.3,14.4,0.0,27.421114341624484
2011-04-03,27.8,16.1,0.0,27.12101463745771
2011-04-04,30.6,17.2,0.0,30.680156280497766
2011-04-05,23.9,15.6,11.2,28.312649868817804
2011-04-06,23.9,12.2,0.0,23.68416666666666
2011-04-07,28.3,14.4,0.0,28.89326381961784
2011-04-08,31.7,18.9,0.0,31.689232329591157
2011-04-09,31.7,20.6,0.0,31.09243211641781
2011-04-10,32.2,20.6,0.0,31.576198403235576
2011-04-11,32.2,20.6,0.0,32.56727818179556
2011-04-12,31.1,21.7,3.5,31.348378167197765
2011-04-13,27.8,17.8,0.0,26.721373591057827
2011-04-14,28.9,17.8,0.0,28.50576934161565
2011-04-15,27.8,18.3,0.0,29.15886103361784
2011-04-16,31.1,20.6,0.0,30.824248934595516
2011-04-17,28.3,17.8,0.0,28.39887615283563
2011-04-18,30.6,17.2,0.0,30.052721355555555
2011-04-19,32.8,20.0,4.9,33.89808742945776
2011-04-20,31.1,21.1,0.0,31.348378167197765
2011-04-21,30.6,20.0,0.0,30.276920798631156
2011-04-22,31.1,18.9,0.0,30.37309437673785
2011-04-23,31.1,18.3,0.0,31.5090838789956
2011-04-24,30.0,20.6,0.0,30.454350755555513
2011-04-25,30.0,20.0,6.6,30.743255411111097
2011-04-26,31.7,21.1,0.0,32.78368005370444
2011-04-27,33.3,23.9,0.0,35.22748101695786
2011-04-28,33.9,23.9,0.0,35.513380247404434
2011-04-29,28.3,18.3,0.0,31.96842908860448
2011-04-30,29.4,15.0,0.0,28.27729071411561
2011-05-01,29.4,17.8,0.0,29.336038526595594
2011-05-02,30.6,19.4,0.0,31.126955483004483
2011-05-03,31.1,18.9,0.0,30.759003960051196
2011-05-04,30.0,20.6,5.8,30.743255411111097
2011-05-05,26.1,18.9,0.5,26.0463888888889
2011-05-06,27.8,17.8,0.0,28.577176604924507
2011-05-07,30.6,18.3,0.0,28.814790013475562
2011-05-08,31.1,17.8,0.0,29.369647099597817
2011-05-09,33.9,21.1,0.0,33.50871679346449
2011-05-10,32.2,21.1,0.0,33.356838967857776
2011-05-11,35.0,21.7,1.3,35.83018627777781
2011-05-12,33.3,22.8,0.0,34.3537671678578
2011-05-13,32.2,21.7,4.8,33.57033428108443
2011-05-14,31.7,20.0,17.5,32.023305295084555
2011-05-15,28.9,20.0,1.3,28.601447857571216
2011-05-16,26.1,17.2,0.0,25.981111111111122
2011-05-17,26.7,18.3,0.0,26.59805555555556
2011-05-18,28.3,16.7,0.0,27.421114341624484
2011-05-19,31.7,19.4,0.0,30.016614937395584
2011-05-20,33.9,21.1,0.0,34.5413827922756
2011-05-21,33.9,22.8,0.0,34.31864240850442
2011-05-22,33.3,23.3,0.0,34.492084111084516
2011-05-23,32.2,23.3,0.0,34.016651047591154
2011-05-24,32.8,21.7,0.0,33.07112638487102
2011-05-25,33.3,20.0,0.0,32.69984507868445
2011-05-26,32.2,21.1,0.0,32.94917448145782
2011-05-27,31.7,22.8,19.1,33.379843183571246
2011-05-28,33.9,21.1,0.0,34.31864240850442
2011-05-29,32.2,22.2,0.0,33.356838967857776
2011-05-30,32.2,21.7,0.0,32.56900581695783
2011-05-31,32.2,21.7,0.0,32.755005308284495
2011-06-01,27.2,22.0,19.6,29.105816139857836
2011-06-02,30.6,20.6,0.0,31.96842908860448
2011-06-03,32.2,22.2,0.0,33.356838967857776
2011-06-04,32.2,21.1,0.0,34.016651047591154
2011-06-05,32.8,23.3,0.0,33.89808742945776
2011-06-06,33.3,22.8,0.0,34.97482682251561
2011-06-07,32.2,22.2,0.0,33.379843183571246
2011-06-08,31.1,22.2,0.0,31.348378167197765
2011-06-09,30.6,21.7,0.0,31.887677555555513
2011-06-10,32.2,22.2,0.0,32.39278539805116
2011-06-11,32.8,22.8,0.0,33.19595416537561
2011-06-12,35.0,22.8,0.0,36.089105944444455
2011-06-13,35.6,22.8,0.0,36.558321442275684
2011-06-14,35.6,23.9,5.4,40.12194125900458
2011-06-15,35.6,23.9,9.4,40.78773627436432
2011-06-16,33.3,22.2,0.0,35.75535508329567
2011-06-17,35.6,22.8,2.8,37.71805098215121
2011-06-18,33.9,22.2,54.6,37.20667336761786
2011-06-19,34.4,22.8,3.3,36.91070788641558
2011-06-20,35.0,24.4,0.0,36.3571822555555
2011-06-21,35.0,25.0,0.0,38.9300934206755
2011-06-22,35.0,25.0,0.0,37.83491347777776
2011-06-23,35.6,25.0,0.0,38.16772704802459
2011-06-24,33.3,22.8,26.5,37.51950270193562
2011-06-25,31.1,22.8,9.9,34.80727677236455
2011-06-26,31.7,22.8,0.0,34.80727677236455
2011-06-27,31.7,23.3,1.8,34.28580817393564
2011-06-28,31.7,23.3,1.0,35.31575843611568
2011-06-29,30.0,22.8,22.9,34.331803355555614
2011-06-30,30.0,22.8,34.5,31.55937428402463
2011-07-01,28.9,22.8,16.0,32.50994487721565
2011-07-02,31.1,22.2,0.0,34.80727677236455
2011-07-03,32.2,22.8,0.0,35.24517878083567
2011-07-04,33.9,23.3,0.0,36.32746605479784
2011-07-05,33.3,24.4,0.0,37.20667336761786
2011-07-06,32.8,23.9,0.0,35.286900788051064
2011-07-07,31.1,23.0,35.3,35.31575843611568
2011-07-08,30.6,24.4,10.2,34.24562740051562
2011-07-09,33.3,23.9,0.0,37.05415802092446
2011-07-10,32.2,25.6,2.3,38.18538774865792
2011-07-11,32.2,25.6,0.3,36.931999601315574
2011-07-12,34.4,25.6,24.9,37.91852052531555
2011-07-13,33.9,25.0,0.0,37.84634757387565
2011-07-14,34.4,26.1,0.0,38.58431805415117
2011-07-15,34.4,22.2,59.4,38.9300934206755
2011-07-16,31.7,22.8,1.0,36.100147751724435
2011-07-17,31.7,25.0,0.0,35.55203763279115
2011-07-18,31.7,24.4,0.0,32.56900581695783
2011-07-19,33.3,22.8,0.0,34.492084111084516
2011-07-20,33.9,25.0,0.0,35.513380247404434
2011-07-21,35.0,25.6,4.8,38.49010247777784
2011-07-22,33.9,23.0,47.8,38.85491958937559
2011-07-23,32.8,22.8,6.9,37.8871695441513
2011-07-24,34.4,25.0,0.0,38.9300934206755
2011-07-25,33.9,26.1,0.0,36.91070788641558
2011-07-26,30.6,26.1,0.3,35.03801755555546
2011-07-27,31.7,23.9,2.1,36.67203977659556
2011-07-28,32.2,23.9,3.8,37.8871695441513
2011-07-29,34.4,25.0,0.3,38.58431805415117
2011-07-30,35.0,25.0,0.0,38.49010247777784
2011-07-31,35.0,25.6,54.1,40.018925928675564
2011-08-01,33.3,25.6,0.0,38.16772704802459
2011-08-02,33.9,25.0,36.8,38.85491958937559
2011-08-03,32.8,25.6,0.5,40.45786914243551
2011-08-04,35.6,25.0,0.0,39.181918055555634
2011-08-05,33.9,26.1,1.3,39.567818893064526
2011-08-06,35.0,25.6,0.0,39.181918055555634
2011-08-07,34.4,26.1,24.6,40.31313256477118
2011-08-08,32.8,24.4,6.1,39.011986261617736
2011-08-09,28.9,23.9,19.1,34.464367656637954
2011-08-10,29.4,24.4,5.6,35.8776148755378
2011-08-11,35.6,25.6,0.0,40.12194125900458
2011-08-12,36.1,25.6,3.8,41.24134715060444
2011-08-13,33.9,25.0,13.2,38.17443465370449
2011-08-14,33.3,25.0,25.7,38.16772704802459
2011-08-15,33.3,24.4,0.0,38.16772704802459
2011-08-16,33.9,24.4,7.9,37.84634757387565
2011-08-17,31.7,24.0,9.1,36.67203977659556
2011-08-18,33.9,23.3,33.8,37.21448419023117
2011-08-19,32.2,23.9,13.7,36.343957807751195
2011-08-20,32.8,24.4,0.0,37.05415802092446
2011-08-21,34.4,23.9,0.0,38.16772704802459
2011-08-22,34.4,25.6,0.0,38.9300934206755
2011-08-23,34.4,25.6,3.8,38.58431805415117
2011-08-24,32.8,23.9,0.0,36.100147751724435
2011-08-25,31.7,25.6,2.3,35.55203763279115
2011-08-26,34.4,24.4,0.0,37.91852052531555
2011-08-27,33.9,26.7,0.0,42.74355978799784
2011-08-28,33.9,26.7,0.0,38.17443465370449
2011-08-29,32.2,25.6,0.0,37.8871695441513
2011-08-30,31.1,24.4,1.5,37.263807475384425
2011-08-31,31.1,22.8,0.0,32.72727353155561
2011-09-01,32.2,24.4,5.2,36.931999601315574
2011-09-02,31.7,23.9,0.0,33.6296077330646
2011-09-03,32.2,22.8,0.0,34.32017456463127
2011-09-04,31.7,23.3,0.0,36.100147751724435
2011-09-05,33.9,25.0,1.3,38.85491958937559
2011-09-06,31.1,24.4,1.0,36.83391274444452
2011-09-07,30.0,22.8,19.8,32.6347006444444
2011-09-08,31.1,23.3,0.0,33.6296077330646
2011-09-09,31.7,23.3,30.5,34.7744635280245
2011-09-10,30.6,23.3,0.0,34.24562740051562
2011-09-11,32.8,23.9,0.0,37.05415802092446
2011-09-12,33.3,24.4,0.0,32.88196913043552
2011-09-13,33.3,24.4,0.0,33.22438139641778
2011-09-14,32.2,23.3,0.0,32.94917448145782
2011-09-15,32.8,22.2,0.0,33.89808742945776
2011-09-16,33.3,23.3,0.0,34.73444154748442
2011-09-17,32.8,24.4,0.0,35.24517878083567
2011-09-18,30.0,23.9,3.3,33.882145611111156
2011-09-19,31.7,23.9,0.0,35.21891191607106
2011-09-20,31.7,23.9,0.0,36.100147751724435
2011-09-21,32.8,25.0,0.0,36.45781422883556
2011-09-22,31.7,24.4,10.7,37.267713707404496
2011-09-23,32.8,23.9,54.4,37.67863462375107
2011-09-24,33.3,22.8,12.7,38.16772704802459
2011-09-25,32.2,23.9,0.3,36.931999601315574
2011-09-26,31.7,23.9,4.8,35.286900788051064
2011-09-27,32.8,23.3,0.0,36.45781422883556
2011-09-28,32.8,23.9,9.7,35.889603247484416
2011-09-29,32.8,23.9,0.0,35.286900788051064
2011-09-30,32.2,23.9,0.0,33.85445181291555
2011-10-01,28.9,21.1,0.0,29.697203661351164
2011-10-02,27.8,16.7,0.0,27.093906147537833
2011-10-03,28.9,17.8,0.0,28.50576934161565
2011-10-04,30.0,18.9,0.0,29.36368185555555
2011-10-05,28.9,19.4,0.0,28.87853803679785
2011-10-06,30.0,20.6,0.0,30.316243944444384
2011-10-07,27.8,21.7,3.8,29.15886103361784
2011-10-08,22.2,20.0,156.5,23.10361111111111
2011-10-09,26.1,21.1,20.3,26.42444444444444
2011-10-10,28.9,21.1,1.4,31.015885100115636
2011-10-11,31.1,22.2,0.3,34.80727677236455
2011-10-12,30.6,22.2,0.0,32.15124504993779
2011-10-13,30.6,22.8,0.0,31.96842908860448
2011-10-14,28.9,21.7,0.0,28.751274357351114
2011-10-15,27.2,18.9,0.0,27.543531976835535
2011-10-16,28.9,21.1,0.0,30.294298970771212
2011-10-17,28.9,21.7,0.8,31.015885100115636
2011-10-18,26.1,22.2,4.1,26.43805555555556
2011-10-19,28.3,17.8,1.0,30.549454376151076
2011-10-20,20.6,12.2,0.3,20.179999999999993
2011-10-21,21.7,11.1,0.0,21.308888888888887
2011-10-22,23.9,12.8,0.0,23.723333333333333
2011-10-23,26.1,15.0,0.0,25.96805555555556
2011-10-24,25.6,15.0,0.0,25.43
2011-10-25,27.2,15.6,0.0,27.35456218899553
2011-10-26,27.2,20.0,0.0,27.8139038595378
2011-10-27,28.9,16.0,0.0,28.33797592205119
2011-10-28,23.9,20.6,2.8,26.111666666666668
2011-10-29,25.0,18.3,8.4,25.243888888888886
2011-10-30,24.4,13.3,3.3,24.37888888888889
2011-10-31,24.4,19.0,27.2,24.43111111111111
2011-11-01,23.3,16.7,0.0,23.236944444444443
2011-11-02,25.6,15.0,0.0,25.612777777777776
2011-11-03,26.1,17.8,0.0,26.1638888888889
2011-11-04,21.1,15.0,0.0,21.135833333333334
2011-11-05,21.7,13.3,0.8,21.635277777777777
2011-11-06,24.4,15.6,0.0,24.37888888888889
2011-11-07,26.1,17.8,0.0,26.137777777777778
2011-11-08,26.1,17.8,0.0,26.0463888888889
2011-11-09,26.7,17.2,0.0,27.08954415243555
2011-11-10,25.0,15.6,0.0,24.747777777777774
2011-11-11,18.9,9.4,0.0,21.609166666666667
2011-11-12,23.3,10.6,0.0,23.119444444444444
2011-11-13,25.6,12.2,0.0,25.56055555555555
2011-11-14,27.2,15.0,0.0,28.33768810961774
2011-11-15,28.3,21.1,1.0,30.967434366904588
2011-11-16,28.9,22.2,0.0,30.717955184364623
2011-11-17,27.2,19.4,0.6,28.33768810961774
2011-11-18,23.9,13.9,0.0,25.139444444444447
2011-11-19,25.6,17.8,0.0,25.74333333333333
2011-11-20,27.8,18.3,0.0,28.76327423575113
2011-11-21,27.8,17.8,0.3,29.47601872620456
2011-11-22,27.8,19.4,0.0,28.957169045315645
2011-11-23,25.6,17.8,0.0,25.808611111111112
2011-11-24,23.9,14.4,0.0,23.775555555555552
2011-11-25,25.0,16.1,0.0,24.891388888888894
2011-11-26,26.1,15.6,0.0,26.0463888888889
2011-11-27,26.7,16.7,0.0,26.611111111111114
2011-11-28,27.2,15.6,1.3,27.543531976835535
2011-11-29,20.6,13.9,0.0,20.323611111111106
2011-11-30,17.2,10.0,0.0,16.766666666666666
2011-12-01,20.6,7.2,0.0,20.428055555555556
2011-12-02,23.3,11.1,0.0,23.09333333333333
2011-12-03,24.4,14.4,0.3,24.300555555555555
2011-12-04,24.4,15.0,0.0,24.32666666666667
2011-12-05,26.1,14.4,0.0,26.059444444444452
2011-12-06,25.6,15.0,0.0,25.638888888888893
2011-12-07,26.7,12.8,0.3,26.986454903191134
2011-12-08,18.9,6.1,0.0,18.656111111111105
2011-12-09,26.1,14.4,0.0,26.111666666666668
2011-12-10,25.0,16.7,0.0,25.113333333333337
2011-12-11,25.0,17.2,5.1,25.113333333333337
2011-12-12,21.7,18.3,9.9,21.87027777777778
2011-12-13,23.3,16.7,0.5,23.354444444444443
2011-12-14,22.2,15.0,0.0,22.134166666666665
2011-12-15,22.8,14.4,0.0,22.76416666666667
2011-12-16,23.3,16.7,0.0,23.354444444444443
2011-12-17,25.0,15.0,0.0,24.904444444444447
2011-12-18,20.6,11.1,0.0,21.07055555555556
2011-12-19,23.3,10.6,0.0,23.14555555555555
2011-12-20,25.0,12.8,0.0,24.930555555555557
2011-12-21,26.1,14.4,0.0,26.111666666666668
2011-12-22,27.2,13.9,0.0,27.543531976835535
2011-12-23,27.8,17.2,0.0,27.910757868995592
2011-12-24,26.1,18.3,0.0,26.21611111111112
2011-12-25,26.1,18.3,0.3,26.21611111111112
2011-12-26,22.2,17.2,0.0,22.96
2011-12-27,24.4,15.0,4.3,24.45722222222222
2011-12-28,16.7,8.3,0.0,18.195833333333333
2011-12-29,18.9,7.8,0.0,18.460277777777776
2011-12-30,23.3,8.3,0.0,23.054166666666667
2011-12-31,17.2,17.2,0.0,25.495277777777776
2012-01-01,24.4,12.8,0.0,24.209166666666672
2012-01-02,18.3,9.4,0.0,20.401944444444446
2012-01-03,9.4,3.3,0.0,13.210277777777783
2012-01-04,13.9,1.7,0.0,12.988333333333337
2012-01-05,20.0,3.3,0.0,19.576111111111107
2012-01-06,21.7,8.9,0.0,21.321944444444448
2012-01-07,22.2,8.9,0.0,21.912222222222212
2012-01-08,25.0,10.0,0.0,24.760833333333338
2012-01-09,24.4,12.0,0.0,24.27444444444445
2012-01-10,25.6,13.3,0.0,25.50833333333333
2012-01-11,22.8,15.6,2.3,22.920833333333334
2012-01-12,24.4,12.8,0.0,24.27444444444445
2012-01-13,18.3,9.4,0.0,20.480277777777772
2012-01-14,13.9,5.0,0.0,12.923055555555559
2012-01-15,20.0,3.3,0.0,19.32805555555556
2012-01-16,21.1,8.3,0.0,20.796388888888895
2012-01-17,25.0,10.0,0.0,24.839166666666664
2012-01-18,24.4,12.2,0.5,24.300555555555555
2012-01-19,22.2,10.0,0.0,21.572777777777773
2012-01-20,24.4,8.3,0.0,24.130833333333335
2012-01-21,23.9,12.2,0.0,23.71027777777777
2012-01-22,27.2,11.7,0.0,26.672469195537772
2012-01-23,26.7,13.9,0.0,26.65027777777778
2012-01-24,28.3,15.6,0.0,28.164564010515555
2012-01-25,27.2,15.0,0.3,27.35456218899553
2012-01-26,27.8,16.1,0.3,27.910757868995592
2012-01-27,21.7,15.6,0.5,24.405
2012-01-28,22.2,10.6,0.0,21.859999999999992
2012-01-29,22.2,11.7,0.0,21.873055555555553
2012-01-30,22.8,10.0,0.0,22.450833333333343
2012-01-31,23.9,11.1,0.0,23.68416666666666
2012-02-01,26.1,12.8,0.0,25.96805555555556
2012-02-02,27.8,15.6,0.0,27.310157834435607
2012-02-03,23.9,16.7,0.0,23.840833333333332
2012-02-04,26.1,16.7,0.0,26.059444444444452
2012-02-05,27.8,16.7,0.0,28.146045184835597
2012-02-06,26.1,18.3,17.3,26.190000000000005
2012-02-07,21.1,16.1,2.1,22.369166666666658
2012-02-08,25.6,13.9,0.0,25.377777777777776
2012-02-09,21.1,13.9,0.0,20.87472222222222
2012-02-10,26.1,15.6,7.6,26.21611111111112
2012-02-11,20.0,10.6,0.0,22.43444444444443
2012-02-12,11.1,0.6,0.0,13.340833333333338
2012-02-13,19.4,3.9,0.0,18.828611111111115
2012-02-14,25.6,10.0,0.0,25.41694444444444
2012-02-15,27.2,15.0,0.0,27.23515810385777
2012-02-16,27.8,18.3,0.0,28.146045184835597
2012-02-17,24.4,18.3,0.3,24.54861111111111
2012-02-18,25.6,18.0,0.0,25.71722222222222
2012-02-19,30.0,18.3,0.0,30.915363245315625
2012-02-20,20.0,12.2,0.0,21.609166666666667
2012-02-21,24.4,11.1,0.0,24.15694444444445
2012-02-22,25.6,16.1,21.9,25.638888888888893
2012-02-23,29.4,18.9,0.0,30.331079793937747
2012-02-24,31.1,18.3,0.0,31.043001335615575
2012-02-25,22.8,13.3,0.0,26.137777777777778
2012-02-26,20.6,13.3,0.0,20.480277777777772
2012-02-27,27.8,18.9,32.3,28.76327423575113
2012-02-28,25.6,17.8,0.3,25.71722222222222
2012-02-29,29.4,18.3,5.6,29.300882540051173
2012-03-01,29.4,20.0,0.0,29.300882540051173
2012-03-02,29.4,18.3,0.0,29.227926396497807
2012-03-03,31.7,20.0,0.0,31.5090838789956
2012-03-04,23.9,12.8,5.5,27.35456218899553
2012-03-05,23.9,8.3,0.0,23.383888888888887
2012-03-06,23.9,14.4,0.0,23.71027777777777
2012-03-07,25.0,16.1,0.0,24.865277777777774
2012-03-08,28.3,16.7,0.3,28.696246040435614
2012-03-09,28.3,20.6,1.8,28.696246040435614
2012-03-10,26.7,20.0,0.0,27.47501360605107
2012-03-11,21.7,18.9,8.1,21.909444444444446
2012-03-12,25.6,16.7,1.3,25.56055555555555
2012-03-13,27.2,16.1,0.0,27.23515810385777
2012-03-14,27.8,16.1,0.0,27.910757868995592
2012-03-15,28.9,18.3,0.0,28.87853803679785
2012-03-16,28.9,17.2,0.0,28.50576934161565
2012-03-17,27.8,16.1,0.0,27.49281419379563
2012-03-18,28.9,16.7,0.0,28.33797592205119
2012-03-19,28.3,16.7,0.0,28.246993170957833
2012-03-20,28.9,18.3,0.0,28.78069813099559
2012-03-21,26.7,18.9,0.0,27.47501360605107
2012-03-22,30.0,18.3,0.0,29.689165055555495
2012-03-23,30.6,18.3,0.0,29.917249037404456
2012-03-24,30.0,20.0,0.5,29.927305577777776
2012-03-25,28.3,21.1,2.4,27.224983142015567
2012-03-26,28.3,16.7,0.0,27.421114341624484
2012-03-27,30.0,16.7,0.0,28.553710244444435
2012-03-28,28.9,17.8,0.0,28.33797592205119
2012-03-29,28.3,17.8,0.0,27.932119356095637
2012-03-30,31.1,17.8,0.0,30.37309437673785
2012-03-31,28.3,19.4,4.8,28.696246040435614
2012-04-01,30.6,18.9,0.0,29.576440311111114
2012-04-02,31.7,21.1,0.0,30.829704868737778
2012-04-03,32.8,20.6,0.0,31.37722273372446
2012-04-04,32.8,20.6,0.0,31.62190639159107
2012-04-05,30.6,21.1,1.5,30.680156280497766
2012-04-06,29.4,19.4,1.8,29.10017681673787
2012-04-07,25.6,17.2,0.0,25.377777777777776
2012-04-08,26.7,16.7,0.0,26.519722222222224
2012-04-09,28.9,15.6,0.0,27.790741763971212
2012-04-10,30.0,17.8,0.0,28.681861811111155
2012-04-11,30.0,18.3,0.0,28.442480055555563
2012-04-12,28.9,18.3,0.0,27.790741763971212
2012-04-13,30.0,17.8,0.0,28.826934755555587
2012-04-14,26.1,19.4,0.0,26.08555555555556
2012-04-15,28.9,16.7,0.0,28.50576934161565
2012-04-16,28.9,16.1,0.0,28.41927290529559
2012-04-17,28.9,16.7,0.0,28.50576934161565
2012-04-18,30.0,17.8,0.0,29.167844777777734
2012-04-19,28.9,20.6,2.3,29.300882540051173
2012-04-20,29.4,20.0,27.2,30.331079793937747
2012-04-21,27.2,18.9,1.8,28.181459693315517
2012-04-22,26.7,17.2,7.9,27.25004875993561
2012-04-23,22.8,15.0,0.0,22.803333333333335
2012-04-24,22.2,12.2,0.0,21.59888888888888
2012-04-25,27.2,11.7,0.0,26.415277777777785
2012-04-26,30.0,15.0,0.0,28.905816744444436
2012-04-27,31.1,17.2,0.0,29.65970892249557
2012-04-28,31.7,18.9,0.0,32.023305295084555
2012-04-29,30.0,21.1,0.0,30.331079793937747
2012-04-30,31.1,21.1,0.0,31.348378167197765
2012-05-01,31.1,21.7,2.3,32.02327019841567
2012-05-02,31.1,20.0,0.0,31.285569377315557
2012-05-03,32.2,19.4,0.0,33.356838967857776
2012-05-04,30.6,20.6,0.0,30.915363245315625
2012-05-05,32.8,21.1,0.0,32.35669658323555
2012-05-06,33.3,22.8,0.0,32.86198896473778
2012-05-07,31.7,22.2,0.3,32.56900581695783
2012-05-08,30.6,20.0,0.0,31.617318406151192
2012-05-09,30.6,21.7,2.0,31.96842908860448
2012-05-10,31.1,21.1,0.0,29.70166993027563
2012-05-11,30.0,20.0,0.0,29.167844777777734
2012-05-12,30.6,19.4,0.0,30.276920798631156
2012-05-13,28.3,19.4,0.0,28.89326381961784
2012-05-14,28.3,22.2,1.0,29.66075088801562
2012-05-15,33.3,21.1,0.5,33.61686139803551
2012-05-16,27.2,21.0,50.3,28.92591493923561
2012-05-17,30.6,21.1,0.5,31.617318406151192
2012-05-18,30.0,20.0,2.0,30.743255411111097
2012-05-19,30.6,21.1,0.0,31.04908144444437
2012-05-20,31.7,20.6,0.0,29.70166171605114
2012-05-21,31.7,20.0,0.0,30.958095754335634
2012-05-22,32.8,21.1,0.5,31.725273249617764
2012-05-23,33.3,21.7,0.0,32.35669658323555
2012-05-24,31.7,22.2,0.0,35.286900788051064
2012-05-25,33.9,23.9,0.0,35.616047560835526
2012-05-26,33.9,22.2,0.0,34.31864240850442
2012-05-27,32.8,23.3,0.0,33.267316841991125
2012-05-28,28.9,22.0,11.2,32.50994487721565
2012-05-29,28.3,22.8,2.5,31.188054025724526
2012-05-30,32.8,24.4,0.0,35.781684200924495
2012-05-31,33.3,23.9,1.5,35.24517878083567
2012-06-01,26.1,22.2,31.5,26.43805555555556
2012-06-02,32.8,22.2,0.0,33.89808742945776
2012-06-03,33.3,22.2,0.0,32.37481451085111
2012-06-04,33.9,22.8,0.0,36.32746605479784
2012-06-05,31.1,23.3,0.3,33.85445181291555
2012-06-06,29.4,22.0,3.8,32.25745578348452
2012-06-07,28.9,22.2,25.1,31.648926787671186
2012-06-08,28.9,22.0,3.6,31.98403855947564
2012-06-09,29.4,22.8,7.9,32.62913009207105
2012-06-10,33.3,22.2,4.4,37.67863462375107
2012-06-11,32.2,22.2,0.0,36.931999601315574
2012-06-12,33.3,23.3,11.2,35.75535508329567
2012-06-13,33.3,22.8,0.3,35.616047560835526
2012-06-14,32.2,22.8,17.3,36.931999601315574
2012-06-15,30.6,22.8,0.0,31.648926787671186
2012-06-16,30.6,23.3,0.0,31.285569377315557
2012-06-17,29.4,22.8,0.0,30.717955184364623
2012-06-18,30.6,21.7,0.0,30.824248934595516
2012-06-19,30.0,21.1,0.0,31.20833997777773
2012-06-20,27.8,23.3,4.3,29.47601872620456
2012-06-21,30.0,23.3,0.0,33.03359425555552
2012-06-22,29.4,23.9,19.6,34.464367656637954
2012-06-23,28.3,23.3,0.0,31.55937428402463
2012-06-24,26.1,23.3,50.8,29.011609843635508
2012-06-25,27.2,24.4,22.6,29.646778983555564
2012-06-26,28.3,25.0,2.0,31.892086701635677
2012-06-27,30.0,22.8,2.3,32.6347006444444
2012-06-28,32.2,18.9,0.0,31.297374850524463
2012-06-29,32.8,21.7,0.0,34.59215684108437
2012-06-30,32.8,22.2,0.0,35.09003579559113
2012-07-01,33.9,22.8,0.0,35.77663859119783
2012-07-02,33.9,25.0,0.0,35.77663859119783
2012-07-03,33.9,24.4,0.0,36.03057495519112
2012-07-04,32.8,24.4,4.6,35.616047560835526
2012-07-05,33.3,24.4,2.8,35.75535508329567
2012-07-06,33.9,24.4,2.0,36.32746605479784
2012-07-07,33.9,24.4,0.0,36.03057495519112
2012-07-08,35.0,24.4,0.0,38.15792965555557
2012-07-09,34.4,25.6,0.0,38.58431805415117
2012-07-10,33.9,24.4,4.1,36.32746605479784
2012-07-11,27.8,23.9,5.1,31.892086701635677
2012-07-12,30.6,23.3,3.3,34.24562740051562
2012-07-13,32.8,22.8,0.0,36.45781422883556
2012-07-14,32.8,24.4,3.8,35.286900788051064
2012-07-15,30.0,23.3,8.4,33.44940924444435
2012-07-16,31.7,22.8,1.3,35.286900788051064
2012-07-17,30.0,23.9,0.0,33.03359425555552
2012-07-18,32.2,23.9,1.3,35.24517878083567
2012-07-19,33.9,24.4,0.0,38.17443465370449
2012-07-20,34.4,23.9,0.0,37.21448419023117
2012-07-21,33.9,25.0,0.0,37.84634757387565
2012-07-22,32.2,23.9,0.3,37.267713707404496
2012-07-23,31.7,22.8,7.4,37.8871695441513
2012-07-24,32.2,22.8,1.8,36.931999601315574
2012-07-25,32.2,25.0,6.9,38.85073410243562
2012-07-26,34.4,25.0,0.0,37.598498363004396
2012-07-27,33.9,25.0,0.0,37.84634757387565
2012-07-28,33.9,26.1,0.0,36.45781422883556
2012-07-29,34.4,26.1,0.0,37.598498363004396
2012-07-30,33.3,25.6,0.0,36.60358037643559
2012-07-31,33.3,23.9,0.0,36.60358037643559
2012-08-01,30.6,24.4,4.6,34.331803355555614
2012-08-02,33.3,25.6,0.0,36.45781422883556
2012-08-03,32.8,25.0,1.3,35.889603247484416
2012-08-04,31.7,23.9,0.5,36.100147751724435
2012-08-05,31.1,24.4,0.0,35.31575843611568
2012-08-06,32.8,23.9,21.3,36.45781422883556
2012-08-07,32.8,23.3,3.6,38.0092205804447
2012-08-08,33.3,23.3,0.0,36.931999601315574
2012-08-09,33.9,23.3,1.5,38.17443465370449
2012-08-10,33.9,25.0,2.6,36.931999601315574
2012-08-11,32.2,24.4,0.0,35.781684200924495
2012-08-12,32.2,23.9,0.0,35.55203763279115
2012-08-13,33.3,24.4,1.8,36.60358037643559
2012-08-14,33.9,23.9,2.6,36.91070788641558
2012-08-15,33.9,23.3,0.3,37.21448419023117
2012-08-16,34.4,23.9,0.0,38.58431805415117
2012-08-17,32.8,25.0,1.3,37.05415802092446
2012-08-18,29.4,24.4,13.7,34.04386637036451
2012-08-19,34.0,24.4,6.1,39.441867661777856
2012-08-20,33.3,24.4,14.5,37.8871695441513
2012-08-21,32.8,22.2,4.8,37.05415802092446
2012-08-22,31.1,22.8,0.5,33.6296077330646
2012-08-23,31.7,23.3,0.0,33.85445181291555
2012-08-24,32.2,24.4,0.0,35.286900788051064
2012-08-25,30.0,23.9,5.1,33.882145611111156
2012-08-26,28.9,25.0,1.5,33.25453213293112
2012-08-27,26.7,22.8,47.5,29.79736311848017
2012-08-28,30.6,24.4,10.9,36.544426862115614
2012-08-29,32.2,23.3,3.9,36.100147751724435
2012-08-30,33.3,23.9,0.0,37.05415802092446
2012-08-31,33.3,24.4,0.0,36.931999601315574
2012-09-01,31.7,25.0,0.0,34.80727677236455
2012-09-02,31.7,23.3,0.0,32.39278539805116
2012-09-03,33.3,20.6,0.0,33.379843183571246
2012-09-04,32.8,23.3,0.0,34.016651047591154
2012-09-05,32.8,23.0,24.4,35.09003579559113
2012-09-06,33.3,21.7,14.6,35.286900788051064
2012-09-07,32.8,21.7,9.4,35.781684200924495
2012-09-08,32.8,22.8,0.0,35.55203763279115
2012-09-09,27.8,24.4,2.8,31.229195675431228
2012-09-10,30.6,24.4,0.0,35.21891191607106
2012-09-11,30.0,24.4,0.0,32.25272841111113
2012-09-12,31.1,23.3,0.3,32.78368005370444
2012-09-13,31.7,23.3,0.0,33.379843183571246
2012-09-14,28.3,24.4,22.6,31.258456716495616
2012-09-15,29.4,23.3,8.4,31.557488575164523
2012-09-16,30.6,23.9,0.0,33.34978949943118
2012-09-17,31.7,23.3,9.7,33.379843183571246
2012-09-18,32.2,23.3,4.3,35.21891191607106
2012-09-19,30.6,23.3,34.0,34.24562740051562
2012-09-20,31.1,23.3,2.8,33.85445181291555
2012-09-21,31.7,23.3,10.9,34.28580817393564
2012-09-22,30.0,23.3,0.0,32.25272841111113
2012-09-23,31.7,22.8,0.0,32.76279694388453
2012-09-24,30.0,22.8,0.0,29.167844777777734
2012-09-25,30.6,20.6,0.0,31.229195675431228
2012-09-26,32.8,22.2,0.0,34.3537671678578
2012-09-27,32.2,23.9,0.3,35.24517878083567
2012-09-28,31.1,23.9,0.0,33.19595416537561
2012-09-29,31.7,23.3,0.0,35.286900788051064
2012-09-30,32.2,23.3,0.0,35.286900788051064
2012-10-01,31.7,23.3,7.9,35.55203763279115
2012-10-02,30.6,23.9,5.3,34.24562740051562
2012-10-03,31.7,23.3,5.1,35.286900788051064
2012-10-04,32.2,23.3,1.0,36.931999601315574
2012-10-05,31.1,23.3,19.3,35.21891191607106
2012-10-06,31.7,23.3,0.0,34.7744635280245
2012-10-07,31.7,22.8,0.0,35.286900788051064
2012-10-08,30.6,23.9,8.6,33.34978949943118
2012-10-09,30.0,23.3,0.3,33.03359425555552
2012-10-10,29.4,21.7,0.0,29.56310813900446
2012-10-11,29.4,20.6,0.0,30.194046724604465
2012-10-12,29.4,20.6,0.0,28.78069813099559
2012-10-13,28.9,21.7,0.0,29.300882540051173
2012-10-14,30.6,21.7,0.0,32.15124504993779
2012-10-15,30.6,22.8,0.0,32.6347006444444
2012-10-16,28.3,21.7,0.0,29.10017681673787
2012-10-17,27.2,20.6,0.0,29.385531600924462
2012-10-18,30.6,21.1,0.0,32.15124504993779
2012-10-19,30.6,21.1,0.0,30.824248934595516
2012-10-20,28.3,20.6,0.0,30.28317007140459
2012-10-21,27.8,16.7,0.0,27.369093992871175
2012-10-22,28.3,17.8,0.0,28.601447857571216
2012-10-23,28.9,20.0,0.0,29.65017504153784
2012-10-24,30.0,21.7,0.5,30.743255411111097
2012-10-25,28.3,22.8,1.8,30.026780984595675
2012-10-26,29.4,21.7,5.8,29.930825938151138
2012-10-27,23.3,20.0,0.0,24.049722222222226
2012-10-28,22.8,16.7,0.0,22.711944444444455
2012-10-29,20.6,10.6,0.0,20.023333333333333
2012-10-30,19.4,9.4,0.0,18.737222222222226
2012-10-31,21.7,10.6,0.0,21.204444444444448
2012-11-01,26.1,14.4,0.0,26.007222222222232
2012-11-02,25.0,14.4,0.0,24.669444444444444
2012-11-03,28.9,15.0,0.0,28.59431378340449
2012-11-04,27.2,15.0,0.0,27.12101463745771
2012-11-05,26.1,18.3,0.0,26.0463888888889
2012-11-06,25.0,16.7,0.0,24.956666666666663
2012-11-07,18.9,13.0,0.0,20.926944444444448
2012-11-08,20.0,10.0,0.0,19.484722222222217
2012-11-09,22.8,10.0,0.0,22.268055555555563
2012-11-10,23.9,11.7,0.0,23.71027777777777
2012-11-11,26.7,15.6,0.0,26.637222222222224
2012-11-12,26.1,17.8,0.0,26.190000000000005
2012-11-13,26.7,17.2,0.0,26.986454903191134
2012-11-14,25.0,18.9,1.4,25.113333333333337
2012-11-15,18.9,15.6,0.0,20.202777777777783
2012-11-16,21.1,13.9,0.0,20.926944444444448
2012-11-17,25.0,16.1,0.0,24.982777777777773
2012-11-18,21.7,14.4,0.0,21.58305555555556
2012-11-19,15.0,12.8,0.0,16.54194444444444
2012-11-20,22.2,13.3,0.0,22.05583333333332
2012-11-21,22.8,13.3,0.0,22.398611111111116
2012-11-22,21.1,11.1,0.0,20.626666666666676
2012-11-23,22.2,8.3,0.0,21.6511111111111
2012-11-24,22.2,10.6,0.0,21.977499999999992
2012-11-25,21.1,8.3,0.0,20.483055555555566
2012-11-26,25.0,9.4,0.0,24.865277777777774
2012-11-27,25.6,13.3,0.0,25.56055555555555
2012-11-28,19.4,12.8,0.0,22.225555555555545
2012-11-29,23.9,12.2,0.0,23.723333333333333
2012-11-30,24.4,13.3,0.0,24.248333333333335
2012-12-01,23.9,13.9,0.0,23.840833333333332
2012-12-02,25.6,15.6,0.0,25.612777777777776
2012-12-03,25.0,17.2,0.0,24.904444444444447
2012-12-04,25.6,12.8,0.3,25.41694444444444
2012-12-05,24.4,16.1,1.5,24.43111111111111
2012-12-06,26.1,16.7,0.0,26.0463888888889
2012-12-07,25.0,16.7,0.0,25.061111111111114
2012-12-08,27.2,16.7,0.0,28.030491895751087
2012-12-09,26.7,18.9,0.0,27.47501360605107
2012-12-10,26.7,18.9,1.8,28.292644831457842
2012-12-11,27.0,20.0,1.0,28.855553559555556
2012-12-12,25.6,18.3,14.2,25.900000000000002
2012-12-13,17.8,13.3,0.0,20.202777777777783
2012-12-14,21.1,13.9,0.0,21.07055555555556
2012-12-15,26.1,13.9,0.0,26.059444444444452
2012-12-16,25.6,15.6,0.0,25.638888888888893
2012-12-17,27.2,18.0,0.3,27.676087608817763
2012-12-18,27.2,15.6,0.0,27.8139038595378
2012-12-19,25.0,11.7,0.0,24.695555555555554
2012-12-20,26.7,12.8,1.1,27.08954415243555
2012-12-21,21.1,8.9,5.9,23.932222222222222
2012-12-22,16.7,5.0,0.0,15.797777777777773
2012-12-23,18.9,3.9,0.0,18.107777777777773
2012-12-24,21.7,10.6,0.0,21.452499999999997
2012-12-25,23.3,13.3,0.0,23.223888888888887
2012-12-26,26.1,11.7,4.8,26.21611111111112
2012-12-27,16.1,4.4,0.0,15.441944444444447
2012-12-28,22.2,6.1,8.6,21.833888888888882
2012-12-29,24.4,11.7,0.8,24.45722222222222
2012-12-30,13.3,4.4,0.0,15.768333333333338
2012-12-31,10.0,10.0,0.0,23.09333333333333
2013-01-01,24.4,11.7,0.0,24.300555555555555
2013-01-02,26.7,14.4,0.0,27.25004875993561
2013-01-03,23.0,15.0,0.3,23.07861111111112
2013-01-04,15.6,12.8,0.8,15.898333333333332
2013-01-05,23.3,12.8,0.3,23.276111111111106
2013-01-06,25.6,15.6,2.3,25.71722222222222
2013-01-07,21.0,13.9,0.0,21.909444444444446
2013-01-08,26.7,17.8,0.0,27.47501360605107
2013-01-09,27.2,18.9,0.5,28.92591493923561
2013-01-10,27.2,18.0,0.3,27.676087608817763
2013-01-11,27.2,16.1,0.0,27.676087608817763
2013-01-12,27.2,16.1,0.3,27.416236963591118
2013-01-13,27.2,16.1,0.3,27.35456218899553
2013-01-14,27.2,16.1,0.0,27.676087608817763
2013-01-15,26.7,17.8,0.0,27.360965654024444
2013-01-16,26.7,16.7,0.0,26.65027777777778
2013-01-17,26.1,12.8,0.3,26.21611111111112
2013-01-18,18.9,5.6,0.5,18.721388888888885
2013-01-19,22.8,13.9,0.0,22.711944444444455
2013-01-20,22.2,15.6,0.3,22.134166666666665
2013-01-21,23.3,16.7,3.3,23.236944444444443
2013-01-22,17.2,11.1,0.0,18.721388888888885
2013-01-23,20.0,8.9,0.0,19.341111111111108
2013-01-24,22.2,9.4,0.0,21.820833333333326
2013-01-25,23.3,11.7,0.0,22.988888888888887
2013-01-26,23.9,10.0,0.0,23.68416666666666
2013-01-27,26.1,11.7,0.0,25.981111111111122
2013-01-28,25.0,17.2,0.0,25.035
2013-01-29,28.3,16.7,0.3,28.246993170957833
2013-01-30,28.3,17.8,0.0,28.601447857571216
2013-01-31,21.7,11.1,1.0,26.137777777777778
2013-02-01,20.0,6.7,0.0,19.24972222222222
2013-02-02,21.7,7.8,0.0,21.178333333333338
2013-02-03,21.1,8.3,0.0,20.73111111111111
2013-02-04,20.6,7.2,0.0,19.984166666666663
2013-02-05,23.9,7.2,0.0,23.61888888888889
2013-02-06,25.0,15.0,0.0,24.930555555555557
2013-02-07,27.2,18.9,0.0,27.416236963591118
2013-02-08,26.1,17.2,0.0,25.981111111111122
2013-02-09,23.9,13.3,0.0,23.71027777777777
2013-02-10,25.0,13.3,0.0,24.904444444444447
2013-02-11,27.2,14.4,0.0,27.35456218899553
2013-02-12,29.4,16.7,0.0,29.227926396497807
2013-02-13,31.1,18.3,5.6,31.5090838789956
2013-02-14,19.4,13.9,6.6,21.396944444444443
2013-02-15,20.6,11.7,1.3,20.428055555555556
2013-02-16,20.0,10.6,0.0,19.536944444444444
2013-02-17,12.2,3.3,0.0,11.924722222222222
2013-02-18,19.4,3.3,0.0,18.880833333333335
2013-02-19,26.1,8.9,0.0,25.90277777777778
2013-02-20,24.4,16.1,0.0,24.300555555555555
2013-02-21,27.2,15.0,0.0,27.35456218899553
2013-02-22,30.0,16.7,0.0,29.927305577777776
2013-02-23,30.6,21.1,0.0,31.126955483004483
2013-02-24,23.9,18.9,0.0,27.676087608817763
2013-02-25,29.4,17.2,3.0,29.56310813900446
2013-02-26,25.0,19.4,1.3,25.283055555555556
2013-02-27,23.3,14.4,0.0,23.09333333333333
2013-02-28,23.3,11.1,0.0,22.97583333333333
2013-03-01,18.3,10.6,0.0,18.972222222222225
2013-03-02,15.6,8.9,0.0,14.734166666666665
2013-03-03,11.1,3.9,0.0,10.218055555555555
2013-03-04,18.9,2.8,0.0,18.12083333333333
2013-03-05,25.0,7.8,0.0,24.643333333333334
2013-03-06,20.6,11.1,0.3,20.574444444444445
2013-03-07,20.0,5.6,0.0,19.44555555555556
2013-03-08,23.9,7.8,0.0,23.357777777777773
2013-03-09,23.3,10.0,0.0,22.988888888888887
2013-03-10,25.6,13.3,0.0,25.41694444444444
2013-03-11,25.0,13.3,0.0,24.904444444444447
2013-03-12,21.7,15.0,5.6,21.87027777777778
2013-03-13,23.9,11.7,0.0,23.357777777777773
2013-03-14,19.4,9.4,0.0,19.91888888888888
2013-03-15,21.7,7.2,0.0,21.113055555555558
2013-03-16,26.1,9.4,0.0,25.74611111111112
2013-03-17,24.4,10.0,0.0,24.196111111111108
2013-03-18,26.1,18.3,0.0,26.137777777777778
2013-03-19,30.0,17.8,0.0,29.167844777777734
2013-03-20,24.4,16.1,2.3,25.53444444444444
2013-03-21,20.6,11.1,0.0,21.135833333333334
2013-03-22,26.1,10.0,5.6,25.87666666666667
2013-03-23,29.4,17.2,2.1,30.915363245315625
2013-03-24,27.2,19.0,17.0,28.92591493923561
2013-03-25,21.7,13.3,0.0,24.71833333333333
2013-03-26,15.6,8.3,0.0,17.174722222222226
2013-03-27,16.7,6.1,0.0,15.889166666666666
2013-03-28,22.2,6.7,0.0,21.55972222222222
2013-03-29,23.3,9.4,0.0,22.753888888888884
2013-03-30,25.0,10.6,0.0,24.695555555555554
2013-03-31,27.8,16.7,0.0,27.145045127235615
2013-04-01,28.9,17.8,0.0,28.78069813099559
2013-04-02,28.3,17.8,0.0,27.421114341624484
2013-04-03,27.8,16.7,3.3,28.577176604924507
2013-04-04,23.3,20.0,4.6,23.563333333333325
2013-04-05,24.4,15.6,0.5,24.405
2013-04-06,25.0,13.3,0.3,24.891388888888894
2013-04-07,26.1,15.6,0.0,26.02027777777778
2013-04-08,27.2,16.1,0.0,27.416236963591118
2013-04-09,28.3,17.2,0.0,28.246993170957833
2013-04-10,30.0,16.7,0.0,29.576440311111114
2013-04-11,31.1,21.0,0.0,32.39278539805116
2013-04-12,28.9,23.3,0.0,31.015885100115636
2013-04-13,30.6,20.6,0.0,31.126955483004483
2013-04-14,30.6,20.0,20.1,33.34978949943118
2013-04-15,31.1,19.4,0.0,31.126955483004483
2013-04-16,29.4,20.6,0.0,31.229195675431228
2013-04-17,27.8,19.4,0.0,28.577176604924507
2013-04-18,30.0,18.9,0.0,30.6159912848178
2013-04-19,31.1,22.2,0.0,32.15124504993779
2013-04-20,23.9,16.1,0.0,28.78770131289555
2013-04-21,24.4,16.7,37.6,24.679166666666667
2013-04-22,26.1,18.9,1.3,26.21611111111112
2013-04-23,26.1,17.2,0.0,26.02027777777778
2013-04-24,28.9,15.6,0.0,28.78069813099559
2013-04-25,28.9,17.8,0.0,28.59431378340449
2013-04-26,30.0,20.0,0.0,30.316243944444384
2013-04-27,27.8,19.4,0.0,28.39887615283563
2013-04-28,27.2,18.3,0.0,27.8139038595378
2013-04-29,28.9,19.4,11.9,29.300882540051173
2013-04-30,29.4,19.4,13.0,29.56310813900446
2013-05-01,25.0,20.0,3.0,25.283055555555556
2013-05-02,22.8,18.9,43.2,23.10361111111111
2013-05-03,26.1,20.0,0.8,26.307500000000005
2013-05-04,27.8,20.0,1.3,28.957169045315645
2013-05-05,25.0,16.7,0.0,25.71722222222222
2013-05-06,24.4,17.2,0.0,24.196111111111108
2013-05-07,25.6,13.9,0.0,25.469166666666663
2013-05-08,26.7,16.1,0.0,26.637222222222224
2013-05-09,28.9,16.7,0.0,28.03957093897562
2013-05-10,31.1,18.9,0.0,31.846529894604444
2013-05-11,31.7,20.6,4.1,33.379843183571246
2013-05-12,31.1,21.1,0.0,31.96842908860448
2013-05-13,28.3,19.4,0.0,27.884784716924493
2013-05-14,28.9,16.1,0.0,27.510452641597837
2013-05-15,29.4,14.4,0.0,28.007127103084443
2013-05-16,30.0,17.8,0.0,29.36368185555555
2013-05-17,30.0,18.9,0.0,29.927305577777776
2013-05-18,31.7,20.6,0.0,31.887677555555513
2013-05-19,29.4,22.0,32.3,31.557488575164523
2013-05-20,31.1,21.7,13.2,32.02327019841567
2013-05-21,26.1,20.6,2.2,26.37277777777778
2013-05-22,28.9,20.6,5.1,30.294298970771212
2013-05-23,31.7,21.7,4.3,33.19595416537561
2013-05-24,33.3,21.7,0.0,33.22438139641778
2013-05-25,28.9,21.1,0.0,29.41421488587567
2013-05-26,28.9,17.2,0.0,28.33797592205119
2013-05-27,28.9,18.9,0.0,28.87853803679785
2013-05-28,30.0,20.0,0.0,31.887677555555513
2013-05-29,28.3,21.7,8.1,30.549454376151076
2013-05-30,29.4,22.8,5.8,31.015885100115636
2013-05-31,29.4,22.2,0.8,31.648926787671186
2013-06-01,30.0,22.8,0.0,33.44940924444435
2013-06-02,32.2,22.2,26.7,35.286900788051064
2013-06-03,30.6,23.3,12.4,33.78802762316448
2013-06-04,28.9,22.8,3.4,31.326208967884572
2013-06-05,28.3,22.8,10.7,30.78902595639117
2013-06-06,26.1,22.8,48.6,26.60777777777778
2013-06-07,30.6,22.8,0.0,33.78802762316448
2013-06-08,31.1,21.7,62.7,34.80727677236455
2013-06-09,31.7,21.7,2.0,35.55203763279115
2013-06-10,32.2,23.3,2.3,35.845619555884504
2013-06-11,31.1,23.3,2.3,34.32017456463127
2013-06-12,33.9,22.2,0.0,35.75535508329567
2013-06-13,33.3,23.9,0.0,36.60358037643559
2013-06-14,32.2,24.4,0.0,35.24517878083567
2013-06-15,31.1,25.6,1.0,35.99969964348455
2013-06-16,30.6,25.0,7.1,37.99095214327119
2013-06-17,31.1,24.4,33.5,36.29964811111102
2013-06-18,32.8,22.8,0.3,36.45781422883556
2013-06-19,32.2,23.3,0.0,35.55203763279115
2013-06-20,33.9,23.3,2.5,36.931999601315574
2013-06-21,30.6,22.8,0.3,34.24562740051562
2013-06-22,32.2,22.8,0.0,34.73444154748442
2013-06-23,30.6,23.3,2.8,32.930913029315576
2013-06-24,31.7,23.3,0.0,35.55203763279115
2013-06-25,31.1,23.3,0.0,34.80727677236455
2013-06-26,32.2,23.9,0.0,35.24517878083567
2013-06-27,33.3,22.8,0.0,37.20667336761786
2013-06-28,32.8,23.3,0.0,37.05415802092446
2013-06-29,31.1,25.0,4.3,34.32017456463127
2013-06-30,31.1,23.3,10.2,35.31575843611568
2013-07-01,28.9,23.3,13.7,32.50994487721565
2013-07-02,27.2,22.8,5.6,30.403401525635665
2013-07-03,31.1,22.8,17.8,35.31575843611568
2013-07-04,31.7,22.0,21.3,35.55203763279115
2013-07-05,31.7,23.3,0.8,35.286900788051064
2013-07-06,31.7,23.3,0.5,35.286900788051064
2013-07-07,32.2,23.9,0.0,35.24517878083567
2013-07-08,32.2,23.9,0.0,35.781684200924495
2013-07-09,31.7,23.9,0.0,34.28580817393564
2013-07-10,31.1,23.9,2.0,34.32017456463127
2013-07-11,32.8,23.9,0.0,35.616047560835526
2013-07-12,30.6,23.9,2.8,34.24562740051562
2013-07-13,31.1,23.3,0.0,33.882145611111156
2013-07-14,30.0,22.2,0.3,33.882145611111156
2013-07-15,30.0,22.2,5.6,33.44940924444435
2013-07-16,31.1,23.3,7.1,34.32017456463127
2013-07-17,31.7,23.0,5.3,35.286900788051064
2013-07-18,30.6,22.8,11.9,32.25745578348452
2013-07-19,31.7,22.8,32.5,36.100147751724435
2013-07-20,31.7,22.8,0.0,36.100147751724435
2013-07-21,32.8,23.3,8.1,36.45781422883556
2013-07-22,32.8,23.9,5.1,37.67863462375107
2013-07-23,29.4,23.3,0.0,33.21375493548445
2013-07-24,30.0,24.4,1.5,34.331803355555614
2013-07-25,28.9,23.9,36.6,33.21375493548445
2013-07-26,33.9,24.4,1.6,37.84634757387565
2013-07-27,32.2,24.4,13.8,36.931999601315574
2013-07-28,32.8,22.0,28.4,36.45781422883556
2013-07-29,32.2,23.3,0.0,36.931999601315574
2013-07-30,32.8,24.4,0.3,38.33124403731548
2013-07-31,31.7,24.4,1.0,35.55203763279115
2013-08-01,32.2,23.9,3.6,36.343957807751195
2013-08-02,32.8,23.9,0.3,37.05415802092446
2013-08-03,32.2,24.0,0.5,35.781684200924495
2013-08-04,31.7,23.9,0.0,36.544426862115614
2013-08-05,32.8,24.4,0.5,38.85073410243562
2013-08-06,33.3,23.3,0.0,38.33124403731548
2013-08-07,32.8,25.0,0.0,38.18538774865792
2013-08-08,32.8,25.0,2.3,36.67203977659556
2013-08-09,32.8,24.4,0.0,35.889603247484416
2013-08-10,33.9,23.3,0.0,37.84634757387565
2013-08-11,34.4,24.4,0.0,37.235683568124536
2013-08-12,33.9,23.9,0.0,38.17443465370449
2013-08-13,34.4,24.4,0.0,36.40425372780442
2013-08-14,33.9,24.0,1.3,40.31313256477118
2013-08-15,33.9,24.4,0.0,36.67203977659556
2013-08-16,32.8,23.9,11.4,36.343957807751195
2013-08-17,32.8,24.4,7.6,37.67863462375107
2013-08-18,31.7,25.0,0.3,36.67203977659556
2013-08-19,31.7,24.4,15.5,36.100147751724435
2013-08-20,33.9,25.0,0.0,37.84634757387565
2013-08-21,31.7,25.0,1.3,36.67203977659556
2013-08-22,30.0,25.6,0.8,35.03801755555546
2013-08-23,32.2,25.0,2.4,37.267713707404496
2013-08-24,31.7,23.9,75.2,35.31575843611568
2013-08-25,29.4,23.9,5.1,33.621580418115514
2013-08-26,31.7,23.9,11.4,35.55203763279115
2013-08-27,31.7,23.9,0.0,33.16821562719118
2013-08-28,31.7,22.8,0.0,32.76279694388453
2013-08-29,32.8,23.9,0.0,33.89808742945776
2013-08-30,33.9,25.0,0.0,37.21448419023117
2013-08-31,32.8,23.9,23.9,36.45781422883556
2013-09-01,32.2,23.3,1.3,35.91511605511118
2013-09-02,33.3,23.3,0.3,36.03057495519112
2013-09-03,32.8,22.8,0.0,36.100147751724435
2013-09-04,32.8,25.0,2.1,37.05415802092446
2013-09-05,32.8,23.9,0.0,37.67863462375107
2013-09-06,32.8,22.2,11.7,37.05415802092446
2013-09-07,31.7,22.8,51.0,34.7744635280245
2013-09-08,32.2,23.3,0.0,35.286900788051064
2013-09-09,31.7,23.9,0.0,33.820934725784504
2013-09-10,31.7,23.9,0.0,33.6296077330646
2013-09-11,31.7,24.4,0.0,34.28580817393564
2013-09-12,31.1,23.9,0.0,34.24562740051562
2013-09-13,32.2,23.9,0.0,34.73444154748442
2013-09-14,33.3,25.0,0.0,36.60358037643559
2013-09-15,31.7,25.0,0.0,35.55203763279115
2013-09-16,32.2,23.3,0.0,35.781684200924495
2013-09-17,31.7,23.9,0.6,35.286900788051064
2013-09-18,30.0,23.9,0.8,33.03359425555552
2013-09-19,31.1,23.3,4.6,33.6296077330646
2013-09-20,30.6,22.8,0.0,32.15124504993779
2013-09-21,31.1,22.2,0.0,32.78368005370444
2013-09-22,32.2,23.9,6.9,35.286900788051064
2013-09-23,30.0,23.3,20.2,33.21375493548445
2013-09-24,28.9,23.3,0.5,32.50994487721565
2013-09-25,27.2,23.3,0.0,29.105816139857836
2013-09-26,32.8,23.9,0.8,34.73444154748442
2013-09-27,27.2,21.7,1.5,29.105816139857836
2013-09-28,28.3,22.2,0.0,30.549454376151076
2013-09-29,30.0,22.2,0.0,30.915363245315625
2013-09-30,31.1,21.1,0.0,32.02327019841567
2013-10-01,30.6,22.8,0.0,33.34978949943118
2013-10-02,29.4,22.2,0.0,30.915363245315625
2013-10-03,31.7,22.2,0.0,33.379843183571246
2013-10-04,32.2,22.2,0.0,34.28580817393564
2013-10-05,31.1,23.3,0.0,33.85445181291555
2013-10-06,31.7,22.2,16.1,34.28580817393564
2013-10-07,28.9,22.8,2.0,32.876041529064565
2013-10-08,30.6,23.3,0.0,33.78802762316448
2013-10-09,26.7,21.1,0.0,27.835943809757786
2013-10-10,29.4,19.4,0.0,29.682065621315626
2013-10-11,29.4,18.9,0.0,29.56310813900446
2013-10-12,29.4,20.0,0.0,28.87853803679785
2013-10-13,29.4,20.0,0.0,28.925280710631114
2013-10-14,30.0,21.1,0.0,30.316243944444384
2013-10-15,27.8,20.6,0.0,29.15886103361784
2013-10-16,30.6,21.7,0.0,31.126955483004483
2013-10-17,30.6,20.6,0.0,31.617318406151192
2013-10-18,31.7,22.2,0.0,33.16821562719118
2013-10-19,31.1,22.8,0.0,33.6296077330646
2013-10-20,30.0,23.9,0.0,33.03359425555552
2013-10-21,32.2,23.3,10.9,35.24517878083567
2013-10-22,31.7,22.8,0.0,34.7744635280245
2013-10-23,27.8,21.1,0.0,29.105816139857836
2013-10-24,21.7,16.7,0.0,23.65805555555555
2013-10-25,26.7,16.1,0.0,26.53277777777778
2013-10-26,26.1,15.6,0.0,25.85055555555556
2013-10-27,26.1,15.6,0.0,25.90277777777778
2013-10-28,28.3,15.6,0.0,28.164564010515555
2013-10-29,28.3,17.8,0.0,29.10017681673787
2013-10-30,27.8,19.4,0.0,28.76327423575113
2013-10-31,29.4,19.4,0.0,30.194046724604465
2013-11-01,31.1,21.1,0.0,32.15124504993779
2013-11-02,23.9,17.8,6.9,27.884784716924493
2013-11-03,24.4,15.0,0.0,24.065555555555562
2013-11-04,26.7,17.8,0.0,26.637222222222224
2013-11-05,27.2,19.4,0.3,28.33768810961774
2013-11-06,26.7,20.6,0.3,27.962515993535547
2013-11-07,27.2,20.0,0.0,28.33768810961774
2013-11-08,25.6,18.3,0.0,25.665000000000003
2013-11-09,26.7,18.3,0.0,27.195764459617777
2013-11-10,28.3,17.8,0.0,28.41927290529559
2013-11-11,27.8,18.9,0.0,28.312649868817804
2013-11-12,26.7,18.9,0.0,27.47501360605107
2013-11-13,20.6,12.8,0.0,22.40833333333332
2013-11-14,24.4,11.7,0.0,24.209166666666672
2013-11-15,24.4,16.7,0.8,24.48333333333333
2013-11-16,23.9,20.6,4.3,24.27166666666666
2013-11-17,29.4,20.0,0.0,30.915363245315625
2013-11-18,28.3,21.1,0.0,29.66075088801562
2013-11-19,25.6,19.4,0.0,25.638888888888893
2013-11-20,26.7,18.9,2.0,27.962515993535547
2013-11-21,25.0,21.7,6.4,25.283055555555556
2013-11-22,26.1,20.6,0.0,26.2813888888889
2013-11-23,28.3,18.9,0.0,28.601447857571216
2013-11-24,21.7,16.7,0.0,24.02361111111111
2013-11-25,23.3,17.2,0.0,23.171666666666667
2013-11-26,27.8,19.4,1.0,29.47601872620456
2013-11-27,23.9,7.2,1.5,25.873888888888885
2013-11-28,18.3,3.9,0.0,17.973888888888887
2013-11-29,21.1,11.1,0.0,20.979166666666675
2013-11-30,25.0,14.4,0.0,24.982777777777773
2013-12-01,22.8,16.7,0.0,22.855555555555565
2013-12-02,22.8,15.0,0.0,22.620555555555562
2013-12-03,25.0,13.3,0.0,24.930555555555557
2013-12-04,26.7,16.1,0.0,27.47501360605107
2013-12-05,27.8,17.2,0.0,28.39887615283563
2013-12-06,28.9,18.9,0.0,29.898529149217854
2013-12-07,27.8,18.9,0.0,28.146045184835597
2013-12-08,30.0,17.2,0.0,29.300882540051173
2013-12-09,28.3,18.3,0.3,29.31698503179564
2013-12-10,28.3,17.8,0.0,28.601447857571216
2013-12-11,27.2,16.1,0.0,28.030491895751087
2013-12-12,21.1,13.3,0.0,24.57472222222222
2013-12-13,23.3,10.6,0.0,23.09333333333333
2013-12-14,27.2,16.1,0.3,28.499177144657796
2013-12-15,22.8,15.6,1.5,24.219444444444445
2013-12-16,18.3,8.9,0.0,18.195833333333333
2013-12-17,21.7,9.4,0.0,21.452499999999997
2013-12-18,21.1,10.0,0.0,20.626666666666676
2013-12-19,23.9,8.9,0.0,23.68416666666666
2013-12-20,27.8,11.7,0.0,27.763646131857854
2013-12-21,29.4,17.2,0.0,30.915363245315625
2013-12-22,28.9,18.9,0.3,30.159277208915682
2013-12-23,28.9,19.0,0.0,30.294298970771212
2013-12-24,23.0,12.2,0.0,25.139444444444447
2013-12-25,23.3,9.4,0.0,23.054166666666667
2013-12-26,25.0,13.9,0.0,25.008888888888894
2013-12-27,21.1,15.0,0.0,21.201111111111114
2013-12-28,24.4,18.3,0.3,24.64
2013-12-29,26.0,19.4,1.5,26.293888888888894
2013-12-30,21.1,15.0,0.0,22.04
2013-12-31,15.0,15.0,0.0,19.680555555555557
2014-01-01,18.3,15.0,0.5,18.456944444444442
2014-01-02,26.1,16.7,10.7,26.307500000000005
2014-01-03,15.6,6.1,0.0,21.357777777777788
2014-01-04,19.4,7.8,0.0,19.259444444444444
2014-01-05,26.7,14.4,0.0,27.360965654024444
2014-01-06,24.4,6.7,0.0,24.48333333333333
2014-01-07,7.8,1.1,0.0,9.154444444444445
2014-01-08,18.9,2.8,0.0,18.551666666666666
2014-01-09,21.1,14.4,6.9,21.253333333333334
2014-01-10,26.1,19.4,0.5,26.2813888888889
2014-01-11,28.9,20.0,10.4,29.898529149217854
2014-01-12,19.4,10.6,0.0,25.76944444444444
2014-01-13,25.6,9.4,0.0,25.586666666666662
2014-01-14,23.3,15.6,0.8,23.328333333333326
2014-01-15,17.8,11.1,0.0,19.39
2014-01-16,13.3,6.1,1.3,14.443611111111112
2014-01-17,17.2,2.8,0.0,16.518611111111106
2014-01-18,13.3,6.1,0.0,13.787499999999998
2014-01-19,19.4,2.8,0.0,18.880833333333335
2014-01-20,21.1,7.8,0.0,20.600555555555566
2014-01-21,22.2,12.2,1.3,21.96444444444444
2014-01-22,12.8,5.0,0.0,18.78666666666667
2014-01-23,16.1,3.9,0.0,15.23305555555556
2014-01-24,13.3,6.7,0.0,12.449722222222219
2014-01-25,21.1,6.7,0.3,20.718055555555566
2014-01-26,20.0,10.6,0.5,19.85027777777778
2014-01-27,23.9,16.1,15.0,23.932222222222222
2014-01-28,26.7,13.9,0.0,26.986454903191134
2014-01-29,19.4,7.2,10.2,22.19944444444444
2014-01-30,10.6,6.1,6.1,9.78111111111111
2014-01-31,17.2,8.9,10.4,17.354166666666668
2014-02-01,25.0,14.4,0.3,25.283055555555556
2014-02-02,28.3,17.8,5.1,28.89326381961784
2014-02-03,28.9,17.8,0.0,29.41421488587567
2014-02-04,29.4,18.3,0.3,30.159277208915682
2014-02-05,29.4,21.1,0.0,30.915363245315625
2014-02-06,22.8,10.0,3.3,24.64
2014-02-07,14.4,10.0,0.8,14.414166666666663
2014-02-08,15.0,12.8,8.6,14.991944444444446
2014-02-09,22.8,10.6,0.0,22.49
2014-02-10,22.8,11.1,0.0,22.46388888888889
2014-02-11,26.7,11.7,0.0,26.637222222222224
2014-02-12,25.6,15.6,13.5,25.638888888888893
2014-02-13,18.3,8.3,0.3,18.417777777777776
2014-02-14,18.9,6.7,0.0,18.264444444444436
2014-02-15,21.1,10.6,0.0,20.443888888888893
2014-02-16,21.1,7.2,0.0,20.456944444444446
2014-02-17,23.9,9.4,0.0,23.42305555555555
2014-02-18,27.2,10.6,0.0,26.43262086172445
2014-02-19,27.2,14.4,0.0,26.95966309799115
2014-02-20,30.0,12.8,0.0,29.02254748851555
2014-02-21,27.2,18.9,3.0,28.751274357351114
2014-02-22,26.1,17.8,2.0,25.309166666666666
2014-02-23,29.4,17.2,0.0,30.194046724604465
2014-02-24,23.9,17.2,0.0,23.984444444444442
2014-02-25,26.1,17.2,0.0,26.02027777777778
2014-02-26,21.7,16.1,10.4,24.891388888888894
2014-02-27,18.3,11.7,1.0,17.971111111111117
2014-02-28,21.1,9.4,0.0,20.600555555555566
2014-03-01,23.9,11.7,0.0,23.71027777777777
2014-03-02,25.6,13.9,0.0,25.50833333333333
2014-03-03,27.8,15.0,0.0,27.557598236284473
2014-03-04,26.7,15.0,2.8,27.08954415243555
2014-03-05,23.3,14.4,0.0,23.354444444444443
2014-03-06,20.6,15.0,4.0,20.87194444444444
2014-03-07,16.7,9.4,0.0,20.12444444444444
2014-03-08,22.2,8.9,0.0,21.912222222222212
2014-03-09,25.0,12.8,0.0,24.747777777777774
2014-03-10,26.1,15.0,0.0,25.77222222222223
2014-03-11,27.2,13.9,0.0,26.672469195537772
2014-03-12,26.1,18.9,0.3,26.190000000000005
2014-03-13,20.6,10.0,0.0,22.19944444444444
2014-03-14,22.2,10.0,0.0,21.899166666666662
2014-03-15,25.6,11.7,0.0,25.377777777777776
2014-03-16,28.9,15.0,0.0,28.59431378340449
2014-03-17,24.4,21.1,19.3,26.08555555555556
2014-03-18,22.8,15.6,30.3,23.142777777777784
2014-03-19,25.6,14.4,0.0,25.45611111111111
2014-03-20,26.7,15.6,0.0,26.637222222222224
2014-03-21,27.2,17.2,0.0,27.12101463745771
2014-03-22,28.9,19.4,0.0,28.59431378340449
2014-03-23,27.2,18.9,0.0,28.33768810961774
2014-03-24,23.3,18.3,0.5,25.139444444444447
2014-03-25,23.9,16.1,0.3,23.65805555555555
2014-03-26,16.1,7.2,0.0,18.316666666666666
2014-03-27,20.0,8.9,0.0,19.75888888888889
2014-03-28,27.2,16.7,0.0,27.8139038595378
2014-03-29,24.4,19.4,52.1,24.757500000000004
2014-03-30,23.3,13.9,0.0,22.85833333333333
2014-03-31,23.9,11.1,0.0,23.462222222222223
2014-04-01,28.3,11.7,0.0,26.928405505235606
2014-04-02,29.4,14.4,0.0,28.151444389031152
2014-04-03,28.9,16.1,0.0,28.87853803679785
2014-04-04,28.3,18.9,0.0,28.41927290529559
2014-04-05,28.3,18.3,0.0,28.007127103084443
2014-04-06,30.6,20.0,0.0,29.917249037404456
2014-04-07,31.7,21.7,1.5,32.76279694388453
2014-04-08,25.6,18.3,23.1,29.930825938151138
2014-04-09,23.9,15.0,0.0,23.56666666666666
2014-04-10,25.0,15.0,0.0,24.799999999999997
2014-04-11,25.0,15.0,0.0,24.956666666666663
2014-04-12,27.8,17.2,0.0,27.624331573457855
2014-04-13,28.3,18.9,0.0,28.246993170957833
2014-04-14,30.6,20.0,0.0,31.96842908860448
2014-04-15,30.0,20.6,35.1,31.900241944515585
2014-04-16,23.3,11.1,0.0,24.64
2014-04-17,24.4,17.2,0.0,24.45722222222222
2014-04-18,27.2,20.6,1.3,28.92591493923561
2014-04-19,25.0,18.3,0.0,25.061111111111114
2014-04-20,21.1,16.1,0.0,20.979166666666675
2014-04-21,22.2,16.1,0.0,22.17333333333332
2014-04-22,26.7,15.6,0.0,26.986454903191134
2014-04-23,29.4,17.8,0.0,28.655171081404482
2014-04-24,30.0,19.4,0.0,30.454350755555513
2014-04-25,30.0,20.6,0.0,30.316243944444384
2014-04-26,30.0,20.6,0.0,29.689165055555495
2014-04-27,32.2,20.6,0.0,33.16821562719118
2014-04-28,32.8,21.7,0.0,34.3537671678578
2014-04-29,32.2,21.7,15.5,34.016651047591154
2014-04-30,30.0,21.7,11.0,33.44940924444435
2014-05-01,31.1,21.7,0.0,33.6296077330646
2014-05-02,25.0,21.7,20.3,28.92591493923561
2014-05-03,23.9,16.7,7.4,24.219444444444445
2014-05-04,28.9,15.6,0.0,27.736280690231215
2014-05-05,31.1,18.3,0.0,30.14254564121777
2014-05-06,31.7,18.3,0.0,30.829704868737778
2014-05-07,31.7,19.4,0.0,31.689232329591157
2014-05-08,31.7,20.0,0.0,32.76279694388453
2014-05-09,32.2,20.0,0.0,32.21115006887111
2014-05-10,31.1,21.7,0.0,31.846529894604444
2014-05-11,30.6,23.9,0.0,32.15124504993779
2014-05-12,30.6,21.1,0.0,31.617318406151192
2014-05-13,30.0,22.2,2.2,31.557488575164523
2014-05-14,29.4,23.3,4.3,32.62913009207105
2014-05-15,30.0,23.3,52.1,33.44940924444435
2014-05-16,27.2,16.7,0.0,26.43262086172445
2014-05-17,26.7,17.8,0.0,26.53277777777778
2014-05-18,28.3,16.1,0.0,27.932119356095637
2014-05-19,29.4,18.3,0.0,29.336038526595594
2014-05-20,30.0,20.0,0.0,28.50576934161565
2014-05-21,30.0,18.3,0.0,29.927305577777776
2014-05-22,32.2,20.0,0.0,33.356838967857776
2014-05-23,33.9,21.7,0.0,34.5413827922756
2014-05-24,34.4,23.9,0.0,35.513380247404434
2014-05-25,33.3,24.4,0.0,35.22748101695786
2014-05-26,30.6,22.2,2.3,32.53139821281776
2014-05-27,30.6,21.7,0.0,31.617318406151192
2014-05-28,31.7,21.7,0.0,31.846529894604444
2014-05-29,32.2,22.2,0.0,34.016651047591154
2014-05-30,30.0,22.2,0.0,33.03359425555552
2014-05-31,29.4,22.8,0.8,31.229195675431228
2014-06-01,30.0,22.8,3.8,32.6347006444444
2014-06-02,28.3,22.8,0.3,29.543688464791305
2014-06-03,27.2,20.6,0.0,28.030491895751087
2014-06-04,29.4,20.6,0.0,29.682065621315626
2014-06-05,31.1,20.0,0.0,31.846529894604444
2014-06-06,32.2,22.8,0.0,35.24517878083567
2014-06-07,33.9,24.4,0.0,35.77663859119783
2014-06-08,33.3,22.2,0.3,36.03057495519112
2014-06-09,33.3,22.8,0.0,36.60358037643559
2014-06-10,35.6,22.8,4.6,37.71805098215121
2014-06-11,31.1,22.2,2.0,33.85445181291555
2014-06-12,30.0,21.7,15.0,32.25272841111113
2014-06-13,28.9,21.7,10.2,31.55937428402463
2014-06-14,30.6,22.2,2.6,33.34978949943118
2014-06-15,32.8,21.1,1.0,35.616047560835526
2014-06-16,31.7,22.2,4.8,33.820934725784504
2014-06-17,32.2,21.7,0.0,34.7744635280245
2014-06-18,31.1,23.3,0.0,33.03359425555552
2014-06-19,30.0,23.3,0.0,32.6347006444444
2014-06-20,33.9,23.3,0.0,36.91070788641558
2014-06-21,33.9,23.9,0.0,37.05415802092446
2014-06-22,33.3,23.9,0.0,37.20667336761786
2014-06-23,33.9,23.9,0.0,37.21448419023117
2014-06-24,33.9,24.4,1.5,37.67863462375107
2014-06-25,35.0,23.9,19.3,37.83491347777776
2014-06-26,34.4,22.8,9.9,38.58431805415117
2014-06-27,35.0,23.3,26.9,39.181918055555634
2014-06-28,35.6,23.3,0.0,38.49010247777784
2014-06-29,34.4,26.1,5.6,38.58431805415117
2014-06-30,31.1,25.6,0.5,36.29964811111102
2014-07-01,33.3,25.0,0.0,37.20667336761786
2014-07-02,31.1,25.0,2.3,34.722588831484536
2014-07-03,33.3,24.4,8.6,39.011986261617736
2014-07-04,32.2,24.4,0.8,36.343957807751195
2014-07-05,32.8,23.3,12.7,37.05415802092446
2014-07-06,30.0,22.8,49.8,34.48061279223114
2014-07-07,31.1,22.2,0.0,36.68049771557119
2014-07-08,32.2,22.8,58.4,38.18538774865792
2014-07-09,32.2,22.8,9.6,36.931999601315574
2014-07-10,31.7,23.3,6.6,35.55203763279115
2014-07-11,31.7,22.8,0.0,36.100147751724435
2014-07-12,33.3,24.4,2.3,38.33124403731548
2014-07-13,32.2,24.4,0.0,37.235683568124536
2014-07-14,31.7,23.9,6.6,36.100147751724435
2014-07-15,32.2,22.8,3.3,36.343957807751195
2014-07-16,31.1,23.9,14.7,37.263807475384425
2014-07-17,31.7,24.4,0.0,34.7744635280245
2014-07-18,33.9,23.9,0.0,35.845619555884504
2014-07-19,33.9,25.0,0.0,37.21448419023117
2014-07-20,33.3,25.6,0.0,37.51950270193562
2014-07-21,33.9,23.9,26.8,37.84634757387565
2014-07-22,33.9,23.9,6.9,38.85491958937559
2014-07-23,33.3,23.9,6.1,37.51950270193562
2014-07-24,33.3,25.6,3.9,39.011986261617736
2014-07-25,33.3,25.6,0.3,39.554438450015674
2014-07-26,33.3,25.0,0.0,38.85073410243562
2014-07-27,33.3,25.0,6.9,39.554438450015674
2014-07-28,33.3,26.1,0.0,39.011986261617736
2014-07-29,32.2,24.4,11.7,37.99095214327119
2014-07-30,33.3,24.4,0.0,34.492084111084516
2014-07-31,33.3,24.4,0.0,38.16772704802459
2014-08-01,33.3,25.0,0.0,37.20667336761786
2014-08-02,33.9,25.6,0.0,41.090860604495596
2014-08-03,33.9,26.1,57.2,39.567818893064526
2014-08-04,32.2,24.4,40.4,37.263807475384425
2014-08-05,31.7,23.9,0.0,36.100147751724435
2014-08-06,34.4,25.0,46.7,38.17443465370449
2014-08-07,33.3,25.0,3.5,39.554438450015674
2014-08-08,33.9,24.4,0.0,38.85491958937559
2014-08-09,32.8,24.4,2.0,37.8871695441513
2014-08-10,32.8,25.6,0.0,39.011986261617736
2014-08-11,31.1,24.4,4.6,37.1085157343645
2014-08-12,33.9,23.9,11.7,38.17443465370449
2014-08-13,33.3,25.0,23.4,38.846038964051104
2014-08-14,33.9,25.0,0.5,39.567818893064526
2014-08-15,30.6,25.0,0.0,36.544426862115614
2014-08-16,32.2,23.9,7.7,37.267713707404496
2014-08-17,33.9,23.3,0.0,38.17443465370449
2014-08-18,33.9,26.1,0.0,38.33124403731548
2014-08-19,34.4,25.6,0.0,38.58431805415117
2014-08-20,35.0,25.6,0.0,39.9103602111111
2014-08-21,35.6,26.1,0.0,41.298035890151304
2014-08-22,36.1,26.1,0.0,40.45219808299563
2014-08-23,35.0,25.6,0.0,41.59088422567101
2014-08-24,36.1,25.6,0.0,43.392586119704546
2014-08-25,32.8,26.7,1.8,36.931999601315574
2014-08-26,33.3,23.9,0.0,35.75535508329567
2014-08-27,33.9,25.6,0.0,36.32746605479784
2014-08-28,34.4,23.9,0.0,37.91852052531555
2014-08-29,32.8,23.9,8.4,39.011986261617736
2014-08-30,34.4,23.9,0.0,38.9300934206755
2014-08-31,33.3,25.0,1.3,37.51950270193562
2014-09-01,34.4,25.0,0.0,39.64739735793769
2014-09-02,33.3,25.0,0.0,38.33124403731548
2014-09-03,32.8,24.4,0.0,35.889603247484416
2014-09-04,31.7,23.9,2.6,35.286900788051064
2014-09-05,32.8,23.3,16.8,37.05415802092446
2014-09-06,31.7,22.8,14.5,37.267713707404496
2014-09-07,31.1,23.9,0.8,36.68049771557119
2014-09-08,33.3,23.3,0.0,37.51950270193562
2014-09-09,32.8,23.9,0.0,35.781684200924495
2014-09-10,32.2,23.9,5.9,36.931999601315574
2014-09-11,32.8,24.4,0.0,36.100147751724435
2014-09-12,31.7,25.6,7.6,37.267713707404496
2014-09-13,32.2,23.9,0.0,35.781684200924495
2014-09-14,33.3,23.9,7.4,36.60358037643559
2014-09-15,33.3,23.3,0.0,35.75535508329567
2014-09-16,32.8,25.0,3.8,35.24517878083567
2014-09-17,28.9,23.3,11.7,32.876041529064565
2014-09-18,32.8,23.3,8.2,35.889603247484416
2014-09-19,28.9,21.7,10.9,32.876041529064565
2014-09-20,28.3,21.7,25.9,30.28317007140459
2014-09-21,31.1,22.2,0.0,33.6296077330646
2014-09-22,31.1,22.8,1.8,34.32017456463127
2014-09-23,30.6,22.8,15.0,34.24562740051562
2014-09-24,28.9,22.8,1.0,32.50994487721565
2014-09-25,28.9,21.1,3.6,32.876041529064565
2014-09-26,30.6,23.3,52.1,35.99969964348455
2014-09-27,30.0,23.3,3.3,34.48061279223114
2014-09-28,31.7,24.4,0.0,36.67203977659556
2014-09-29,31.1,23.9,46.7,34.32017456463127
2014-09-30,30.0,23.3,2.5,33.882145611111156
2014-10-01,28.3,23.9,4.5,31.892086701635677
2014-10-02,32.2,23.9,0.8,36.931999601315574
2014-10-03,32.2,23.9,0.3,36.343957807751195
2014-10-04,30.6,21.7,0.3,33.78802762316448
2014-10-05,26.7,16.1,0.0,26.506666666666668
2014-10-06,28.3,17.8,0.0,28.246993170957833
2014-10-07,29.4,20.6,0.0,31.229195675431228
2014-10-08,31.7,22.8,0.0,33.6296077330646
2014-10-09,31.1,22.2,0.0,32.78368005370444
2014-10-10,31.7,22.8,0.0,33.820934725784504
2014-10-11,32.2,21.7,0.0,34.73444154748442
2014-10-12,31.1,21.1,0.0,32.53139821281776
2014-10-13,31.7,21.1,0.0,33.820934725784504
2014-10-14,31.7,22.8,2.5,35.55203763279115
2014-10-15,27.8,20.6,0.3,29.15886103361784
2014-10-16,27.8,18.3,0.0,27.763646131857854
2014-10-17,27.8,16.7,0.0,27.763646131857854
2014-10-18,28.3,16.7,0.0,28.164564010515555
2014-10-19,28.9,18.3,0.0,29.898529149217854
2014-10-20,30.0,20.0,0.0,30.454350755555513
2014-10-21,29.4,21.7,0.0,31.557488575164523
2014-10-22,30.0,21.1,0.0,29.576440311111114
2014-10-23,26.7,17.8,0.0,26.986454903191134
2014-10-24,26.1,17.8,0.0,26.059444444444452
2014-10-25,26.7,17.8,0.0,26.637222222222224
2014-10-26,27.8,14.4,0.0,27.198133401617845
2014-10-27,29.4,15.6,0.0,29.336038526595594
2014-10-28,29.4,17.2,0.0,29.930825938151138
2014-10-29,29.4,18.3,0.0,29.300882540051173
2014-10-30,28.3,20.0,0.0,29.543688464791305
2014-10-31,26.1,18.3,0.0,25.87666666666667
2014-11-01,17.8,11.7,0.0,20.796388888888895
2014-11-02,19.4,7.2,0.0,18.763333333333335
2014-11-03,23.3,10.6,0.0,23.09333333333333
2014-11-04,27.2,14.4,0.0,27.35456218899553
2014-11-05,27.8,17.8,0.0,27.987237679591207
2014-11-06,29.4,17.8,0.0,29.02254748851555
2014-11-07,25.0,15.6,0.0,24.760833333333338
2014-11-08,25.6,13.9,1.8,25.691111111111113
2014-11-09,20.6,15.0,7.8,21.07055555555556
2014-11-10,21.1,16.7,0.3,21.253333333333334
2014-11-11,27.2,15.6,0.0,27.676087608817763
2014-11-12,26.1,15.6,0.0,25.94194444444445
2014-11-13,28.3,12.8,0.0,27.065915636284476
2014-11-14,20.6,13.9,0.0,23.09333333333333
2014-11-15,25.0,10.6,0.0,25.008888888888894
2014-11-16,27.8,13.9,0.0,28.577176604924507
2014-11-17,28.3,20.0,21.8,30.967434366904588
2014-11-18,20.6,8.3,0.3,20.911111111111104
2014-11-19,15.6,5.0,0.0,15.191111111111107
2014-11-20,18.9,7.8,0.0,18.486388888888886
2014-11-21,23.3,12.8,0.0,23.09333333333333
2014-11-22,22.2,18.9,1.8,21.87027777777778
2014-11-23,28.9,21.7,0.8,31.648926787671186
2014-11-24,30.0,23.3,0.0,33.621580418115514
2014-11-25,23.9,21.0,69.9,28.15824500283553
2014-11-26,22.2,11.1,29.4,22.60416666666666
2014-11-27,20.6,8.3,0.0,20.23222222222222
2014-11-28,16.7,6.1,0.0,16.16333333333333
2014-11-29,22.2,8.3,0.0,21.96444444444444
2014-11-30,25.0,12.8,0.0,24.956666666666663
2014-12-01,26.1,14.4,0.0,26.190000000000005
2014-12-02,25.6,17.2,9.9,25.76944444444444
2014-12-03,26.1,17.2,0.0,26.190000000000005
2014-12-04,27.2,17.8,1.5,27.884784716924493
2014-12-05,25.6,19.4,3.8,25.76944444444444
2014-12-06,27.2,19.4,0.0,28.181459693315517
2014-12-07,22.2,15.6,0.0,22.999166666666675
2014-12-08,18.9,12.8,4.1,19.047777777777778
2014-12-09,18.3,10.6,0.3,17.86944444444444
2014-12-10,17.2,7.2,0.0,16.61
2014-12-11,17.2,7.2,0.0,16.68833333333333
2014-12-12,16.7,8.3,0.0,16.032777777777774
2014-12-13,20.6,6.1,0.0,19.971111111111107
2014-12-14,21.1,7.8,0.0,20.54833333333334
2014-12-15,21.7,7.2,0.0,21.15222222222222
2014-12-16,22.8,7.8,0.0,22.42472222222223
2014-12-17,22.8,13.9,0.0,22.46388888888889
2014-12-18,21.1,9.4,0.0,20.75722222222222
2014-12-19,22.2,11.7,0.0,21.67722222222221
2014-12-20,25.0,13.3,0.0,25.008888888888894
2014-12-21,25.6,16.7,10.4,25.71722222222222
2014-12-22,26.1,18.3,6.9,25.834722222222222
2014-12-23,27.8,20.0,0.3,28.957169045315645
2014-12-24,28.9,18.9,2.8,31.015885100115636
2014-12-25,18.3,12.8,0.0,26.43805555555556
2014-12-26,21.7,12.2,0.0,21.635277777777777
2014-12-27,27.2,17.8,0.0,28.92591493923561
2014-12-28,27.8,21.1,0.0,28.146045184835597
2014-12-29,27.8,17.2,0.0,28.76327423575113
2014-12-30,21.7,17.2,5.0,25.139444444444447
2014-12-31,16.7,16.7,1.0,19.047777777777778
2015-01-01,22.8,15.6,0.0,22.96
2015-01-02,25.6,16.1,0.0,25.834722222222222
2015-01-03,28.9,20.0,0.0,30.294298970771212
2015-01-04,28.9,20.0,0.0,30.159277208915682
2015-01-05,22.2,13.9,0.0,26.307500000000005
2015-01-06,25.6,13.3,0.0,25.665000000000003
2015-01-07,19.4,10.0,0.0,21.609166666666667
2015-01-08,15.6,3.3,0.0,15.533333333333339
2015-01-09,12.8,7.2,0.0,12.40777777777778
2015-01-10,20.0,6.7,0.0,19.70666666666667
2015-01-11,24.4,12.2,2.0,24.679166666666667
2015-01-12,25.6,16.7,75.7,25.873888888888885
2015-01-13,24.4,16.7,0.0,24.57472222222222
2015-01-14,18.3,11.7,0.0,21.175000000000004
2015-01-15,17.2,11.7,0.5,17.001666666666665
2015-01-16,17.8,10.6,0.3,17.422777777777778
2015-01-17,23.3,9.4,0.0,23.119444444444444
2015-01-18,21.1,13.3,0.0,20.87472222222222
2015-01-19,21.1,9.4,0.0,20.54833333333334
2015-01-20,21.7,10.0,0.0,21.609166666666667
2015-01-21,24.4,12.2,0.0,24.35277777777778
2015-01-22,25.0,13.3,0.0,24.982777777777773
2015-01-23,25.6,16.7,0.0,25.665000000000003
2015-01-24,22.2,10.0,9.1,23.984444444444442
2015-01-25,17.2,7.2,0.0,16.518611111111106
2015-01-26,18.3,11.7,1.5,17.86944444444444
2015-01-27,19.4,6.7,0.0,18.906944444444445
2015-01-28,16.1,7.8,0.0,16.32
2015-01-29,21.1,6.7,0.0,20.75722222222222
2015-01-30,22.2,10.0,0.0,21.96444444444444
2015-01-31,21.1,9.4,0.0,20.75722222222222
2015-02-01,23.3,9.4,0.0,23.054166666666667
2015-02-02,23.9,12.2,3.3,24.02361111111111
2015-02-03,20.0,6.7,0.0,19.64138888888889
2015-02-04,22.8,12.2,0.0,22.65972222222223
2015-02-05,19.4,11.1,38.6,19.941666666666674
2015-02-06,19.4,10.6,0.0,18.906944444444445
2015-02-07,22.2,9.4,0.0,21.833888888888882
2015-02-08,22.8,10.0,0.0,22.568333333333342
2015-02-09,21.1,13.3,17.5,20.95305555555556
2015-02-10,18.3,12.2,0.0,18.000000000000004
2015-02-11,19.4,8.9,0.0,18.946111111111115
2015-02-12,21.7,8.3,0.0,21.41333333333334
2015-02-13,15.6,7.2,0.0,17.856388888888894
2015-02-14,17.2,5.0,0.0,16.440277777777776
2015-02-15,23.9,10.0,0.0,23.527499999999993
2015-02-16,23.9,9.4,0.0,23.723333333333333
2015-02-17,25.6,15.0,14.2,25.665000000000003
2015-02-18,15.6,9.4,14.7,16.776944444444442
2015-02-19,10.6,3.9,0.0,10.743611111111115
2015-02-20,13.3,1.1,0.0,12.30611111111111
2015-02-21,22.2,6.1,0.0,21.899166666666662
2015-02-22,26.7,13.3,0.0,26.611111111111114
2015-02-23,27.8,16.1,0.0,28.39887615283563
2015-02-24,23.3,16.7,2.9,23.393611111111106
2015-02-25,22.8,15.6,0.0,22.96
2015-02-26,23.9,13.9,4.7,24.15416666666666
2015-02-27,13.9,11.7,0.0,18.695277777777775
2015-02-28,20.0,13.9,21.8,19.572777777777773
2015-03-01,27.2,17.8,8.9,28.751274357351114
2015-03-02,27.2,17.2,0.0,28.181459693315517
2015-03-03,28.3,17.8,0.0,29.31698503179564
2015-03-04,28.9,17.8,0.0,29.65017504153784
2015-03-05,30.0,20.6,0.0,30.743255411111097
2015-03-06,22.8,11.1,0.6,27.71250268391774
2015-03-07,19.4,11.1,0.0,19.259444444444444
2015-03-08,25.0,12.2,0.0,24.865277777777774
2015-03-09,27.8,13.9,0.0,27.910757868995592
2015-03-10,30.0,17.2,0.0,30.717955184364623
2015-03-11,30.0,21.1,3.2,31.887677555555513
2015-03-12,30.0,22.2,0.0,30.331079793937747
2015-03-13,28.9,20.6,0.0,29.65017504153784
2015-03-14,30.6,20.0,0.0,29.917249037404456
2015-03-15,31.1,21.1,0.0,30.759003960051196
2015-03-16,30.0,18.3,0.0,29.576440311111114
2015-03-17,30.0,19.4,0.0,29.076271755555542
2015-03-18,30.0,19.4,0.0,29.65017504153784
2015-03-19,28.9,21.1,0.0,30.159277208915682
2015-03-20,31.1,20.6,0.0,32.39278539805116
2015-03-21,31.7,20.6,0.0,32.56900581695783
2015-03-22,30.0,21.7,0.0,30.743255411111097
2015-03-23,27.2,19.4,1.8,28.76327423575113
2015-03-24,25.0,18.3,0.0,25.087222222222227
2015-03-25,27.8,16.7,0.0,27.910757868995592
2015-03-26,28.9,18.9,0.3,30.294298970771212
2015-03-27,27.2,17.8,7.9,28.030491895751087
2015-03-28,20.6,11.7,0.0,19.99722222222222
2015-03-29,21.1,10.6,0.0,20.587500000000002
2015-03-30,24.4,9.4,0.0,24.117777777777782
2015-03-31,28.9,14.4,0.0,27.763646131857854
2015-04-01,28.9,18.9,0.0,28.87853803679785
2015-04-02,28.9,18.9,0.0,29.41421488587567
2015-04-03,29.4,18.9,0.0,29.682065621315626
2015-04-04,30.0,18.9,0.0,29.263648144444492
2015-04-05,27.2,20.0,0.0,28.33768810961774
2015-04-06,29.4,19.4,0.0,30.194046724604465
2015-04-07,27.8,19.4,3.9,28.957169045315645
2015-04-08,29.4,18.9,0.0,29.930825938151138
2015-04-09,30.0,18.9,0.0,30.743255411111097
2015-04-10,31.1,18.9,0.0,31.5090838789956
2015-04-11,32.2,20.6,22.6,33.356838967857776
2015-04-12,31.1,20.0,3.8,32.15124504993779
2015-04-13,30.0,21.7,15.0,31.887677555555513
2015-04-14,31.1,20.6,0.0,33.19595416537561
2015-04-15,30.6,22.2,2.3,32.25272841111113
2015-04-16,30.0,21.7,8.6,33.03359425555552
2015-04-17,28.9,21.1,0.3,30.717955184364623
2015-04-18,31.1,22.2,0.0,33.19595416537561
2015-04-19,32.2,23.3,5.9,35.24517878083567
2015-04-20,29.4,19.4,13.5,31.326208967884572
2015-04-21,30.6,19.4,0.0,30.743255411111097
2015-04-22,30.6,22.2,0.0,29.505452476764454
2015-04-23,27.8,20.6,13.7,29.926185775235595
2015-04-24,28.9,22.2,0.0,29.66075088801562
2015-04-25,31.7,20.6,0.0,34.28580817393564
2015-04-26,31.1,25.0,5.6,35.31575843611568
2015-04-27,27.2,22.8,0.0,31.98403855947564
2015-04-28,26.7,21.1,8.4,27.962515993535547
2015-04-29,30.6,21.1,0.0,32.15124504993779
2015-04-30,26.1,21.1,0.0,27.884784716924493
2015-05-01,28.3,17.8,0.0,27.224983142015567
2015-05-02,27.2,17.2,0.0,27.065915636284476
2015-05-03,27.8,16.1,0.0,27.369093992871175
2015-05-04,27.2,18.9,0.0,27.23515810385777
2015-05-05,26.7,20.0,1.8,27.47501360605107
2015-05-06,28.9,21.1,0.5,29.898529149217854
2015-05-07,30.6,19.4,0.0,29.414604370115587
2015-05-08,30.0,18.9,0.0,29.263648144444492
2015-05-09,32.2,21.7,0.0,32.21115006887111
2015-05-10,33.3,22.8,0.0,33.61686139803551
2015-05-11,32.8,23.3,0.0,34.016651047591154
2015-05-12,32.2,22.2,1.3,35.21891191607106
2015-05-13,33.9,21.7,0.0,34.3537671678578
2015-05-14,32.8,22.8,0.0,34.3537671678578
2015-05-15,27.2,23.3,9.9,29.385531600924462
2015-05-16,31.1,20.6,0.0,32.39278539805116
2015-05-17,30.0,22.2,0.9,32.25272841111113
2015-05-18,31.7,21.1,0.0,32.19925999255788
2015-05-19,32.2,22.2,0.0,34.016651047591154
2015-05-20,34.4,22.8,4.1,36.03057495519112
2015-05-21,33.9,22.8,0.0,36.32746605479784
2015-05-22,33.9,25.0,0.0,35.77663859119783
2015-05-23,32.8,23.3,0.0,34.59215684108437
2015-05-24,30.6,23.9,1.3,33.78802762316448
2015-05-25,31.1,22.2,6.1,34.32017456463127
2015-05-26,32.2,23.9,0.0,34.48873600083557
2015-05-27,31.7,22.2,0.0,31.689232329591157
2015-05-28,30.6,21.7,0.0,31.126955483004483
2015-05-29,31.1,20.0,0.0,32.39278539805116
2015-05-30,32.8,22.8,0.0,34.59215684108437
2015-05-31,31.7,22.2,0.0,34.28580817393564
2015-06-01,33.9,22.2,0.0,35.77663859119783
2015-06-02,28.3,21.1,0.0,30.549454376151076
2015-06-03,28.9,20.6,0.0,30.294298970771212
2015-06-04,31.7,21.1,0.0,33.379843183571246
2015-06-05,32.8,21.1,35.8,34.7744635280245
2015-06-06,31.1,21.7,0.0,32.78368005370444
2015-06-07,31.1,22.2,0.0,33.6296077330646
2015-06-08,31.1,23.3,0.0,33.6296077330646
2015-06-09,32.8,22.2,15.5,34.7744635280245
2015-06-10,29.4,21.1,8.1,32.62913009207105
2015-06-11,30.6,22.2,0.0,32.930913029315576
2015-06-12,31.7,22.8,0.5,36.67203977659556
2015-06-13,33.3,25.0,0.0,36.60358037643559
2015-06-14,33.9,23.3,0.0,35.75535508329567
2015-06-15,33.9,23.3,0.0,36.91070788641558
2015-06-16,34.4,24.4,0.0,37.91852052531555
2015-06-17,35.6,25.0,0.0,38.356258128515606
2015-06-18,35.0,25.0,0.0,38.846038964051104
2015-06-19,35.6,22.8,28.2,40.50424907331573
2015-06-20,31.7,16.7,0.6,36.67203977659556
2015-06-21,35.6,23.3,0.0,39.64739735793769
2015-06-22,35.0,26.7,0.0,41.090860604495596
2015-06-23,33.9,23.9,0.0,39.567818893064526
2015-06-24,35.0,23.9,2.0,40.31313256477118
2015-06-25,34.4,22.2,64.5,38.33124403731548
2015-06-26,32.8,23.3,0.0,38.33124403731548
2015-06-27,33.3,25.0,0.0,38.85073410243562
2015-06-28,33.3,24.4,0.0,37.51950270193562
2015-06-29,30.6,23.9,1.3,35.21891191607106
2015-06-30,33.9,23.9,0.0,39.011986261617736
2015-07-01,32.8,25.0,1.0,37.67863462375107
2015-07-02,33.3,24.4,22.4,38.846038964051104
2015-07-03,33.9,23.3,0.0,38.17443465370449
2015-07-04,33.3,23.9,0.0,37.235683568124536
2015-07-05,34.4,22.2,24.1,38.9300934206755
2015-07-06,32.8,22.2,0.8,37.67863462375107
2015-07-07,30.6,22.8,0.8,35.99969964348455
2015-07-08,33.3,22.2,13.7,37.51950270193562
2015-07-09,33.9,24.4,5.4,38.17443465370449
2015-07-10,33.9,23.3,0.0,38.16772704802459
2015-07-11,35.6,23.9,3.3,41.298035890151304
2015-07-12,34.4,23.9,0.0,39.64739735793769
2015-07-13,34.4,24.4,0.0,38.58431805415117
2015-07-14,32.2,25.6,0.0,37.263807475384425
2015-07-15,33.9,26.1,2.5,38.17443465370449
2015-07-16,31.7,25.0,0.0,37.8871695441513
2015-07-17,32.2,25.0,15.3,39.541848642951145
2015-07-18,32.8,24.4,0.0,38.86094437290459
2015-07-19,33.3,24.4,0.0,39.554438450015674
2015-07-20,32.2,25.0,0.0,38.85073410243562
2015-07-21,32.2,25.6,0.3,39.541848642951145
2015-07-22,32.8,26.1,0.8,40.45786914243551
2015-07-23,34.4,25.6,1.8,41.22300979895104
2015-07-24,30.6,24.4,21.1,37.99095214327119
2015-07-25,31.7,25.0,24.1,37.8871695441513
2015-07-26,32.8,24.4,0.5,39.011986261617736
2015-07-27,30.6,25.6,10.7,37.1085157343645
2015-07-28,31.1,25.0,26.9,37.263807475384425
2015-07-29,32.8,23.9,33.5,40.45786914243551
2015-07-30,33.3,24.4,9.0,40.2929255059178
2015-07-31,32.2,24.4,4.1,38.18538774865792
2015-08-01,31.1,23.3,27.7,37.86849669121564
2015-08-02,28.3,22.8,19.3,32.69051061163565
2015-08-03,27.8,23.9,0.3,31.188054025724526
2015-08-04,32.8,24.4,11.2,37.67863462375107
2015-08-05,33.9,24.4,0.0,40.31313256477118
2015-08-06,33.9,24.4,0.0,39.011986261617736
2015-08-07,31.7,25.6,0.0,37.86849669121564
2015-08-08,31.1,24.4,0.0,37.66703727777771
2015-08-09,34.4,24.4,0.0,40.018925928675564
2015-08-10,33.9,25.6,0.0,39.567818893064526
2015-08-11,35.0,23.9,0.0,38.33124403731548
2015-08-12,33.9,26.7,0.0,40.31313256477118
2015-08-13,32.2,23.3,77.0,37.263807475384425
2015-08-14,32.8,22.8,0.0,37.67863462375107
2015-08-15,31.1,22.8,5.3,35.845619555884504
2015-08-16,31.1,23.3,22.6,37.99095214327119
2015-08-17,32.8,24.4,1.3,39.36290717779544
2015-08-18,33.9,24.4,0.3,41.22300979895104
2015-08-19,34.4,25.6,0.8,40.31313256477118
2015-08-20,33.3,23.3,21.1,40.45786914243551
2015-08-21,35.0,24.4,0.3,41.8917068777778
2015-08-22,33.3,26.1,14.2,41.06150013175797
2015-08-23,34.4,25.6,0.0,41.090860604495596
2015-08-24,32.8,24.4,0.0,39.36290717779544
2015-08-25,35.6,26.1,0.0,39.9103602111111
2015-08-26,34.4,23.3,2.5,40.78773627436432
2015-08-27,28.9,22.8,21.3,33.84550669876458
2015-08-28,32.8,23.3,2.6,39.011986261617736
2015-08-29,31.1,23.3,31.5,38.81561699499565
2015-08-30,31.1,22.8,0.5,37.86849669121564
2015-08-31,31.7,23.9,91.2,37.8871695441513
2015-09-01,32.8,23.9,0.0,38.86094437290459
2015-09-02,34.4,25.6,0.0,40.78773627436432
2015-09-03,33.3,26.1,0.0,39.554438450015674
2015-09-04,32.2,23.3,35.3,38.18538774865792
2015-09-05,31.1,23.9,20.6,36.68049771557119
2015-09-06,32.2,25.0,0.5,37.235683568124536
2015-09-07,30.0,24.4,0.3,35.52997874444458
2015-09-08,31.1,23.9,0.5,37.263807475384425
2015-09-09,33.3,24.4,0.0,39.36290717779544
2015-09-10,32.8,26.7,0.0,39.011986261617736
2015-09-11,34.4,25.6,0.0,39.64739735793769
2015-09-12,31.1,23.3,12.7,37.1085157343645
2015-09-13,26.7,23.3,3.0,30.278436210539862
2015-09-14,30.6,22.2,0.0,34.722588831484536
2015-09-15,31.7,23.3,0.5,37.267713707404496
2015-09-16,30.6,22.8,5.1,34.722588831484536
2015-09-17,27.2,22.8,2.0,29.878027129724483
2015-09-18,30.6,23.3,0.0,34.24562740051562
2015-09-19,31.1,23.9,0.5,35.845619555884504
2015-09-20,32.8,23.9,0.0,37.05415802092446
2015-09-21,31.7,23.3,0.0,33.78802762316448
2015-09-22,32.2,22.8,0.0,35.781684200924495
2015-09-23,31.1,23.9,0.0,35.31575843611568
2015-09-24,30.6,23.3,0.0,35.21891191607106
2015-09-25,31.7,23.3,44.5,35.55203763279115
2015-09-26,31.1,22.8,0.0,35.845619555884504
2015-09-27,32.2,24.4,5.8,37.8871695441513
2015-09-28,30.6,24.4,11.2,35.99969964348455
2015-09-29,27.8,23.3,11.9,33.39545786224022
2015-09-30,32.2,25.0,0.0,37.267713707404496
2015-10-01,32.2,25.0,0.0,38.85073410243562
2015-10-02,30.6,23.9,4.3,35.99969964348455
2015-10-03,27.8,21.7,0.3,29.697203661351164
2015-10-04,23.9,18.3,0.0,24.114999999999995
2015-10-05,27.2,17.8,0.0,28.181459693315517
2015-10-06,28.3,19.4,0.0,30.026780984595675
2015-10-07,29.4,20.0,0.0,31.557488575164523
2015-10-08,28.3,21.7,3.1,32.35495978132455
2015-10-09,30.0,22.8,0.0,34.331803355555614
2015-10-10,31.1,22.8,1.3,34.32017456463127
2015-10-11,29.4,22.2,0.0,31.229195675431228
2015-10-12,28.3,19.4,0.0,28.696246040435614
2015-10-13,30.0,18.9,0.0,31.887677555555513
2015-10-14,31.1,21.1,0.0,32.02327019841567
2015-10-15,30.0,20.6,0.0,30.454350755555513
2015-10-16,27.8,20.0,0.0,28.39887615283563
2015-10-17,30.0,18.3,0.0,29.927305577777776
2015-10-18,27.2,20.6,0.0,28.181459693315517
2015-10-19,26.1,18.9,0.0,26.137777777777778
2015-10-20,27.8,18.9,0.0,28.577176604924507
2015-10-21,28.9,20.6,1.8,29.926185775235595
2015-10-22,29.4,19.4,0.0,30.331079793937747
2015-10-23,28.9,20.0,0.0,30.159277208915682
2015-10-24,28.3,17.2,0.0,29.543688464791305
2015-10-25,28.3,20.0,0.0,29.543688464791305
2015-10-26,28.3,19.4,0.0,29.543688464791305
2015-10-27,23.9,18.9,0.5,23.79833333333333
2015-10-28,28.3,20.0,3.3,32.35495978132455
2015-10-29,30.0,21.1,0.0,31.887677555555513
2015-10-30,30.0,18.9,0.0,31.04908144444437
2015-10-31,30.0,20.0,0.0,31.539548077777795
2015-11-01,30.6,21.7,0.0,35.21891191607106
2015-11-02,31.7,23.3,0.0,35.55203763279115
2015-11-03,32.2,24.4,0.0,34.73444154748442
2015-11-04,31.1,22.8,1.3,34.80727677236455
2015-11-05,31.1,23.3,0.0,32.78368005370444
2015-11-06,30.0,22.8,0.0,32.6347006444444
2015-11-07,31.7,21.1,0.0,34.7744635280245
2015-11-08,31.7,22.2,0.0,34.28580817393564
2015-11-09,32.2,24.4,0.0,34.48873600083557
2015-11-10,29.4,22.2,0.3,31.015885100115636
2015-11-11,29.4,20.0,0.0,29.682065621315626
2015-11-12,31.1,18.3,0.0,30.255147576975546
2015-11-13,28.9,19.4,0.0,29.31698503179564
2015-11-14,27.2,15.0,0.0,27.12101463745771
2015-11-15,25.6,19.4,0.0,25.53444444444444
2015-11-16,28.3,17.8,0.0,28.601447857571216
2015-11-17,29.4,20.0,0.0,30.915363245315625
2015-11-18,30.0,22.2,3.1,32.6347006444444
2015-11-19,28.9,23.3,6.5,31.98403855947564
2015-11-20,28.9,22.8,0.6,30.717955184364623
2015-11-21,26.7,20.6,32.5,28.78770131289555
2015-11-22,25.6,17.2,4.1,25.76944444444444
2015-11-23,20.0,9.4,0.0,20.04611111111111
2015-11-24,22.2,12.8,0.0,21.938333333333325
2015-11-25,24.4,17.8,8.2,24.35277777777778
2015-11-26,26.7,18.9,0.3,27.195764459617777
2015-11-27,26.1,18.9,0.5,26.137777777777778
2015-11-28,26.1,18.9,0.0,26.059444444444452
2015-11-29,25.0,18.3,0.0,25.139444444444447
2015-11-30,26.7,18.9,0.0,27.47501360605107
2015-12-01,27.2,18.9,0.3,28.751274357351114
2015-12-02,28.3,19.4,3.0,30.967434366904588
2015-12-03,22.8,16.7,1.0,24.29777777777777
2015-12-04,26.1,17.2,0.8,26.190000000000005
2015-12-05,27.2,19.4,0.0,28.181459693315517
2015-12-06,26.1,18.3,0.0,26.137777777777778
2015-12-07,22.2,16.1,0.0,22.134166666666665
2015-12-08,24.4,13.9,0.0,24.300555555555555
2015-12-09,25.6,16.7,0.0,25.586666666666662
2015-12-10,26.1,17.2,0.0,26.02027777777778
2015-12-11,26.7,14.4,0.0,26.59805555555556
2015-12-12,28.3,17.2,0.0,29.543688464791305
2015-12-13,26.7,17.2,0.5,27.592192616015534
2015-12-14,28.3,20.6,1.1,29.66075088801562
2015-12-15,27.8,21.1,0.0,29.47601872620456
2015-12-16,29.4,20.0,0.0,31.229195675431228
2015-12-17,29.4,21.7,0.0,31.557488575164523
2015-12-18,24.4,15.0,5.8,25.873888888888885
2015-12-19,19.4,9.4,0.0,19.03750000000001
2015-12-20,22.8,11.1,0.0,22.685833333333335
2015-12-21,26.7,14.4,0.0,27.962515993535547
2015-12-22,28.3,21.1,0.0,30.026780984595675
2015-12-23,26.7,22.8,0.0,28.78770131289555
2015-12-24,28.3,21.1,0.0,30.967434366904588
2015-12-25,30.0,21.7,0.0,32.6347006444444
2015-12-26,29.4,20.0,5.3,31.900241944515585
2015-12-27,28.3,20.0,0.0,30.284278656195674
2015-12-28,30.0,20.6,0.0,31.887677555555513
2015-12-29,29.4,21.7,0.0,31.900241944515585
2015-12-30,30.0,20.6,0.0,31.557488575164523
2015-12-31,23.3,23.3,0.0,30.026780984595675
2016-01-01,29.4,20.6,0.0,30.6159912848178
2016-01-02,22.2,15.6,0.0,26.24222222222223
2016-01-03,16.7,10.6,3.6,18.195833333333333
2016-01-04,18.9,10.0,0.0,18.23833333333333
2016-01-05,20.0,11.7,0.0,19.61527777777778
2016-01-06,20.6,12.8,0.5,20.571666666666665
2016-01-07,22.8,14.4,0.0,22.803333333333335
2016-01-08,22.2,16.1,7.9,22.329999999999995
2016-01-09,22.2,15.6,5.6,22.329999999999995
2016-01-10,21.7,13.3,0.0,21.98777777777778
2016-01-11,15.6,7.2,0.0,14.916944444444445
2016-01-12,19.4,7.2,0.0,18.619722222222222
2016-01-13,16.1,9.4,0.0,15.376666666666669
2016-01-14,20.6,10.0,0.0,20.34972222222222
2016-01-15,23.3,16.1,25.4,23.236944444444443
2016-01-16,25.6,12.8,0.0,25.50833333333333
2016-01-17,21.1,12.2,31.0,21.53083333333333
2016-01-18,16.1,7.2,0.0,15.272222222222227
2016-01-19,13.3,6.1,0.0,12.253888888888886
2016-01-20,18.9,5.0,0.0,18.251388888888883
2016-01-21,21.7,7.2,0.0,21.504722222222224
2016-01-22,21.1,13.9,1.3,21.253333333333334
2016-01-23,13.9,6.1,0.0,16.411388888888887
2016-01-24,12.8,2.2,0.0,11.963888888888887
2016-01-25,21.1,5.0,0.0,20.822500000000005
2016-01-26,24.4,11.7,0.0,24.405
2016-01-27,19.4,17.8,44.2,20.12444444444444
2016-01-28,19.4,16.7,23.6,19.572777777777773
2016-01-29,18.9,10.0,0.0,18.776388888888896
2016-01-30,22.2,9.4,0.0,21.67722222222221
2016-01-31,22.8,12.8,0.0,22.685833333333335
2016-02-01,27.8,17.2,0.0,28.312649868817804
2016-02-02,28.3,17.8,0.0,29.66075088801562
2016-02-03,28.3,21.1,0.0,30.026780984595675
2016-02-04,27.2,15.6,2.8,28.751274357351114
2016-02-05,16.7,8.3,0.0,21.98777777777778
2016-02-06,19.4,10.0,14.0,19.194166666666664
2016-02-07,15.6,7.8,0.3,16.10777777777778
2016-02-08,19.4,6.1,0.0,18.946111111111115
2016-02-09,15.6,10.0,0.0,16.241666666666667
2016-02-10,16.1,5.6,0.0,15.259166666666667
2016-02-11,18.9,4.4,0.0,18.251388888888883
2016-02-12,23.9,8.3,0.0,23.68416666666666
2016-02-13,21.7,11.1,0.0,21.178333333333338
2016-02-14,21.1,8.3,0.0,20.691944444444445
2016-02-15,23.9,11.7,0.3,23.801666666666662
2016-02-16,25.0,15.6,12.4,24.760833333333338
2016-02-17,23.9,10.6,0.0,23.553611111111113
2016-02-18,22.2,12.2,0.0,21.873055555555553
2016-02-19,22.8,12.8,0.0,22.516111111111115
2016-02-20,23.9,12.2,0.0,23.71027777777777
2016-02-21,25.0,13.3,0.0,24.826111111111118
2016-02-22,26.7,15.6,0.3,26.611111111111114
2016-02-23,26.1,17.8,1.8,26.2813888888889
2016-02-24,26.7,16.1,11.7,28.15824500283553
2016-02-25,18.3,11.7,0.0,19.915555555555557
2016-02-26,17.8,10.0,0.0,17.005000000000006
2016-02-27,20.6,8.3,0.0,19.945
2016-02-28,22.8,8.3,0.0,22.398611111111116
2016-02-29,25.0,13.9,0.0,24.734722222222228
2016-03-01,26.7,13.9,0.0,26.506666666666668
2016-03-02,27.8,17.8,0.0,27.910757868995592
2016-03-03,26.7,12.8,0.0,26.467500000000005
2016-03-04,25.6,12.2,0.0,24.59111111111112
2016-03-05,23.3,12.2,0.0,23.09333333333333
2016-03-06,23.9,12.2,0.0,23.501388888888886
2016-03-07,25.6,12.2,0.0,25.41694444444444
2016-03-08,25.6,15.0,0.0,25.45611111111111
2016-03-09,27.2,16.1,0.0,27.543531976835535
2016-03-10,30.0,18.3,0.0,29.576440311111114
2016-03-11,29.4,17.2,0.0,29.02254748851555
2016-03-12,27.8,18.3,0.0,28.146045184835597
2016-03-13,29.4,20.6,0.0,30.331079793937747
2016-03-14,31.1,22.2,0.0,31.617318406151192
2016-03-15,31.1,22.2,0.0,30.496386040504504
2016-03-16,31.1,20.6,0.0,31.348378167197765
2016-03-17,31.1,20.0,0.0,30.680156280497766
2016-03-18,30.0,19.4,0.0,29.076271755555542
2016-03-19,25.0,20.0,2.6,26.21611111111112
2016-03-20,27.8,19.4,1.5,28.312649868817804
2016-03-21,18.9,10.6,0.0,24.37888888888889
2016-03-22,24.4,10.0,0.0,24.065555555555562
2016-03-23,27.2,12.8,0.0,26.858671178435525
2016-03-24,28.3,15.0,15.9,29.31698503179564
2016-03-25,27.8,17.2,20.6,28.39887615283563
2016-03-26,30.6,20.0,11.9,33.78802762316448
2016-03-27,31.1,23.3,0.3,33.6296077330646
2016-03-28,27.8,23.3,0.0,29.697203661351164
2016-03-29,27.2,20.0,7.6,28.181459693315517
2016-03-30,28.9,19.4,0.3,29.083513312415594
2016-03-31,31.7,21.1,0.0,33.16821562719118
2016-04-01,32.2,22.2,0.0,34.48873600083557
2016-04-02,26.7,23.3,10.4,32.25272841111113
2016-04-03,25.6,16.1,0.0,25.3125
2016-04-04,28.3,16.7,0.0,27.224983142015567
2016-04-05,30.6,17.2,0.0,28.814790013475562
2016-04-06,25.6,17.2,0.0,25.45611111111111
2016-04-07,28.9,18.3,1.5,28.258726944275562
2016-04-08,30.6,18.9,0.0,29.0329700379378
2016-04-09,25.6,16.7,0.0,25.36472222222222
2016-04-10,27.2,15.6,0.0,26.717046959235613
2016-04-11,27.2,16.7,0.0,27.23515810385777
2016-04-12,28.3,17.2,0.0,28.246993170957833
2016-04-13,28.9,20.0,3.0,29.300882540051173
2016-04-14,30.0,21.1,2.8,30.743255411111097
2016-04-15,27.8,21.1,0.0,28.957169045315645
2016-04-16,26.7,20.6,0.0,27.195764459617777
2016-04-17,26.7,17.8,0.0,26.611111111111114
2016-04-18,27.2,17.2,0.0,27.23515810385777
2016-04-19,27.2,16.7,0.0,26.95966309799115
2016-04-20,27.8,16.7,0.0,27.310157834435607
2016-04-21,30.0,18.3,0.0,29.689165055555495
2016-04-22,30.6,19.4,5.3,30.406492212515545
2016-04-23,29.4,20.6,0.0,29.336038526595594
2016-04-24,30.6,21.1,0.0,30.276920798631156
2016-04-25,28.9,20.6,0.0,29.083513312415594
2016-04-26,31.1,18.9,0.0,29.933376361715634
2016-04-27,30.0,19.4,0.0,29.927305577777776
2016-04-28,31.7,20.0,16.3,32.19925999255788
2016-04-29,33.3,21.1,0.5,33.89808742945776
2016-04-30,31.1,21.7,0.0,32.78368005370444
2016-05-01,32.2,21.1,0.0,33.820934725784504
2016-05-02,33.3,21.7,42.2,33.82438423757118
2016-05-03,32.2,22.8,5.3,33.57033428108443
2016-05-04,27.2,21.1,19.6,30.915363245315625
2016-05-05,28.3,16.7,0.0,27.534022768335646
2016-05-06,26.1,16.1,0.0,25.75916666666667
2016-05-07,28.3,16.1,0.0,27.068432814157852
2016-05-08,30.6,16.7,0.0,29.70166993027563
2016-05-09,30.6,18.3,0.0,30.03229921107551
2016-05-10,31.1,20.6,0.0,30.898330215831233
2016-05-11,31.1,22.2,0.0,31.043001335615575
2016-05-12,30.0,22.2,0.0,31.20833997777773
2016-05-13,33.3,22.2,0.0,33.22438139641778
2016-05-14,32.8,23.3,0.0,33.07112638487102
2016-05-15,31.7,20.0,0.0,30.824248934595516
2016-05-16,31.7,21.7,1.5,32.56900581695783
2016-05-17,32.2,21.7,48.5,36.343957807751195
2016-05-18,32.8,21.7,0.0,35.616047560835526
2016-05-19,30.6,23.3,8.6,34.24562740051562
2016-05-20,30.0,22.2,0.0,33.882145611111156
2016-05-21,32.2,22.8,0.6,34.28580817393564
2016-05-22,32.2,23.9,0.0,32.023305295084555
2016-05-23,31.1,22.2,0.0,30.255147576975546
2016-05-24,30.0,22.2,0.0,31.04908144444437
2016-05-25,31.1,21.7,0.0,30.255147576975546
2016-05-26,30.6,20.0,0.0,30.680156280497766
2016-05-27,31.1,21.7,0.0,31.846529894604444
2016-05-28,33.3,22.8,0.0,34.261995594095616
2016-05-29,35.6,22.8,9.9,36.29269838081786
2016-05-30,34.4,22.8,7.6,35.10459696540446
2016-05-31,32.8,22.8,5.4,34.3537671678578
2016-06-01,32.8,23.3,0.0,35.889603247484416
2016-06-02,33.3,23.3,0.0,36.03057495519112
2016-06-03,33.9,25.0,0.0,37.21448419023117
2016-06-04,34.4,25.0,0.0,37.91852052531555
2016-06-05,33.9,24.4,9.6,39.554438450015674
2016-06-06,30.6,23.9,22.1,36.544426862115614
2016-06-07,31.7,25.0,35.6,37.267713707404496
2016-06-08,29.4,24.4,0.8,34.48061279223114
2016-06-09,28.9,22.8,2.5,33.25453213293112
2016-06-10,30.0,22.2,0.0,33.882145611111156
2016-06-11,31.1,23.9,0.0,33.85445181291555
2016-06-12,32.2,23.9,0.3,35.286900788051064
2016-06-13,34.4,24.4,0.0,38.18538774865792
2016-06-14,35.0,25.6,20.8,39.567818893064526
2016-06-15,34.4,26.1,0.0,37.91852052531555
2016-06-16,33.3,26.1,0.5,37.67863462375107
2016-06-17,31.7,26.7,0.0,35.99969964348455
2016-06-18,33.9,23.3,18.8,37.84634757387565
2016-06-19,30.6,23.3,1.3,33.34978949943118
2016-06-20,30.0,23.9,0.0,30.316243944444384
2016-06-21,30.0,21.7,0.0,31.887677555555513
2016-06-22,33.9,22.2,0.0,36.03057495519112
2016-06-23,35.0,25.6,0.0,39.9103602111111
2016-06-24,35.0,25.6,0.0,39.011986261617736
2016-06-25,36.7,27.2,0.0,39.12359551698453
2016-06-26,33.9,25.0,4.3,40.31313256477118
2016-06-27,32.8,25.0,0.0,37.05415802092446
2016-06-28,35.0,25.6,9.1,38.15792965555557
2016-06-29,33.3,23.3,15.7,37.20667336761786
2016-06-30,34.4,24.4,9.1,39.64739735793769
2016-07-01,33.3,23.9,9.7,38.16772704802459
2016-07-02,32.2,24.4,11.4,36.343957807751195
2016-07-03,33.3,24.4,0.0,38.33124403731548
2016-07-04,34.4,26.1,0.0,40.018925928675564
2016-07-05,35.0,26.7,0.0,40.288316255555614
2016-07-06,33.9,26.1,0.0,41.22300979895104
2016-07-07,34.4,26.7,1.8,39.64739735793769
2016-07-08,35.6,26.1,0.0,40.12194125900458
2016-07-09,35.0,26.1,0.3,39.9103602111111
2016-07-10,33.9,25.6,0.0,38.85491958937559
2016-07-11,34.4,25.6,0.3,37.91852052531555
2016-07-12,35.6,25.0,0.0,40.12194125900458
2016-07-13,33.9,25.0,0.0,39.567818893064526
2016-07-14,34.4,23.3,0.0,37.91852052531555
2016-07-15,33.9,25.6,0.0,37.21448419023117
2016-07-16,34.4,23.9,1.8,37.91852052531555
2016-07-17,33.9,25.0,1.0,39.011986261617736
2016-07-18,32.8,25.6,18.3,38.33124403731548
2016-07-19,32.8,23.9,2.3,37.67863462375107
2016-07-20,33.9,24.4,0.3,38.33124403731548
2016-07-21,32.2,24.4,15.5,37.263807475384425
2016-07-22,33.3,25.0,0.8,39.011986261617736
2016-07-23,33.3,23.3,36.3,37.20667336761786
2016-07-24,33.9,24.4,0.0,35.616047560835526
2016-07-25,32.8,23.9,0.0,35.889603247484416
2016-07-26,34.4,25.0,0.0,39.64739735793769
2016-07-27,34.4,26.1,0.0,38.85073410243562
2016-07-28,35.0,26.1,0.0,39.181918055555634
2016-07-29,32.8,25.6,0.0,39.011986261617736
2016-07-30,33.3,24.4,0.0,38.846038964051104
2016-07-31,33.3,25.0,0.0,37.67863462375107
2016-08-01,34.4,24.4,0.0,36.98420724259553
2016-08-02,34.4,24.4,0.5,39.64739735793769
2016-08-03,31.7,25.0,0.3,35.55203763279115
2016-08-04,30.6,23.9,34.3,35.21891191607106
2016-08-05,33.3,23.9,0.0,37.67863462375107
2016-08-06,32.8,25.0,0.0,37.267713707404496
2016-08-07,30.0,25.0,7.4,35.03801755555546
2016-08-08,28.3,24.4,19.6,32.69051061163565
2016-08-09,31.7,23.3,1.8,36.67203977659556
2016-08-10,32.2,23.3,10.7,39.541848642951145
2016-08-11,32.8,23.3,1.1,38.33124403731548
2016-08-12,33.3,23.9,8.4,39.36290717779544
2016-08-13,34.4,22.2,1.8,38.846038964051104
2016-08-14,31.1,23.9,3.0,37.1085157343645
2016-08-15,33.3,25.6,0.0,39.011986261617736
2016-08-16,30.6,24.4,30.7,36.83391274444452
2016-08-17,32.8,25.0,0.0,37.235683568124536
2016-08-18,31.7,25.0,0.0,37.267713707404496
2016-08-19,33.9,24.4,0.0,38.33124403731548
2016-08-20,33.3,25.6,0.0,38.846038964051104
2016-08-21,34.4,26.1,0.0,38.58431805415117
2016-08-22,35.6,26.7,0.0,38.16772704802459
2016-08-23,35.0,27.2,1.8,40.288316255555614
2016-08-24,32.2,25.6,11.7,36.343957807751195
2016-08-25,32.8,25.6,0.0,36.343957807751195
2016-08-26,31.1,25.6,0.0,36.68049771557119
2016-08-27,32.2,25.0,5.6,36.931999601315574
2016-08-28,33.3,25.6,9.4,39.554438450015674
2016-08-29,30.6,23.3,11.9,36.544426862115614
2016-08-30,29.4,23.3,0.3,34.04386637036451
2016-08-31,28.9,23.9,21.8,33.84550669876458
2016-09-01,30.0,22.8,4.3,36.29964811111102
2016-09-02,30.0,23.9,8.9,34.331803355555614
2016-09-03,30.6,23.9,0.5,35.03801755555546
2016-09-04,32.8,23.9,58.9,37.67863462375107
2016-09-05,28.9,23.9,0.8,33.25453213293112
2016-09-06,31.7,22.8,0.0,33.379843183571246
2016-09-07,31.7,23.3,0.0,33.6296077330646
2016-09-08,32.2,23.3,0.0,36.931999601315574
2016-09-09,31.7,24.4,1.7,37.8871695441513
2016-09-10,33.3,24.4,0.0,37.51950270193562
2016-09-11,32.8,24.4,0.0,37.67863462375107
2016-09-12,32.8,23.9,3.9,37.67863462375107
2016-09-13,28.9,24.4,32.0,33.84550669876458
2016-09-14,31.7,24.4,0.8,37.8871695441513
2016-09-15,33.3,24.4,10.1,38.16772704802459
2016-09-16,32.2,24.4,0.0,36.67203977659556
2016-09-17,32.8,25.0,0.0,38.33124403731548
2016-09-18,33.3,25.0,0.0,36.931999601315574
2016-09-19,32.8,23.9,21.6,37.67863462375107
2016-09-20,31.7,23.3,6.1,36.100147751724435
2016-09-21,32.8,24.4,0.0,36.775126332444664
2016-09-22,33.3,23.9,0.0,37.51950270193562
2016-09-23,33.3,23.9,0.0,37.51950270193562
2016-09-24,32.8,24.4,0.0,36.45781422883556
2016-09-25,32.8,24.4,1.0,36.343957807751195
2016-09-26,29.4,23.3,5.2,33.25453213293112
2016-09-27,32.2,21.7,0.0,34.016651047591154
2016-09-28,32.2,22.8,0.8,34.73444154748442
2016-09-29,30.6,23.3,7.1,34.722588831484536
2016-09-30,32.2,23.3,1.1,36.343957807751195
2016-10-01,32.2,22.2,28.5,35.286900788051064
2016-10-02,31.7,23.3,0.0,35.845619555884504
2016-10-03,30.6,23.3,3.3,34.722588831484536
2016-10-04,30.0,24.4,0.6,34.331803355555614
2016-10-05,32.2,23.3,0.0,37.235683568124536
2016-10-06,29.4,23.3,31.8,35.8776148755378
2016-10-07,25.6,24.4,18.8,26.08277777777778
2016-10-08,31.1,23.9,0.0,34.80727677236455
2016-10-09,29.4,22.8,0.0,30.549454376151076
2016-10-10,25.6,19.4,0.0,25.612777777777776
2016-10-11,26.7,20.0,0.8,27.592192616015534
2016-10-12,28.9,21.7,1.3,30.717955184364623
2016-10-13,29.4,21.1,0.0,30.717955184364623
2016-10-14,28.9,21.1,0.0,31.015885100115636
2016-10-15,30.0,23.3,1.3,33.03359425555552
2016-10-16,29.4,22.8,0.8,32.25745578348452
2016-10-17,29.4,22.2,0.0,31.900241944515585
2016-10-18,29.4,21.1,0.0,30.6159912848178
2016-10-19,28.3,21.1,0.0,29.10017681673787
2016-10-20,29.4,20.0,0.0,29.682065621315626
2016-10-21,29.4,21.1,0.0,30.194046724604465
2016-10-22,24.4,14.4,0.0,27.47501360605107
2016-10-23,25.6,13.9,0.0,25.41694444444444
2016-10-24,26.1,16.1,0.0,26.007222222222232
2016-10-25,27.2,16.1,0.0,27.8139038595378
2016-10-26,29.4,18.9,0.0,29.56310813900446
2016-10-27,27.8,20.0,0.0,28.146045184835597
2016-10-28,28.9,20.6,0.0,29.300882540051173
2016-10-29,28.3,21.1,0.0,28.696246040435614
2016-10-30,29.4,20.0,0.0,29.930825938151138
2016-10-31,28.9,19.4,0.0,29.300882540051173
2016-11-01,28.9,18.3,0.0,29.898529149217854
2016-11-02,29.4,21.1,0.0,30.331079793937747
2016-11-03,28.3,20.0,0.0,28.696246040435614
2016-11-04,28.9,18.9,4.1,28.78069813099559
2016-11-05,26.7,18.9,0.0,27.25004875993561
2016-11-06,26.7,17.8,0.5,27.195764459617777
2016-11-07,26.7,18.3,0.0,27.08954415243555
2016-11-08,27.2,17.8,0.0,26.95966309799115
2016-11-09,25.0,17.2,0.0,25.035
2016-11-10,25.6,17.2,0.0,25.45611111111111
2016-11-11,25.0,13.3,0.0,24.799999999999997
2016-11-12,25.6,15.0,0.0,25.299444444444436
2016-11-13,26.7,16.1,0.0,26.611111111111114
2016-11-14,20.6,18.3,0.0,22.05583333333332
2016-11-15,22.8,13.9,0.0,22.05583333333332
2016-11-16,24.4,12.8,0.0,24.117777777777782
2016-11-17,25.6,12.8,0.0,25.43
2016-11-18,25.6,15.0,0.0,25.56055555555555
2016-11-19,26.1,15.0,0.0,26.007222222222232
2016-11-20,19.4,10.0,0.0,22.134166666666665
2016-11-21,20.6,7.8,0.0,19.853611111111107
2016-11-22,24.4,8.9,0.0,24.23527777777778
2016-11-23,26.1,14.4,0.0,26.059444444444452
2016-11-24,27.2,16.1,0.0,28.030491895751087
2016-11-25,27.2,17.2,0.0,27.195764459617777
2016-11-26,25.0,16.7,0.0,24.904444444444447
2016-11-27,24.4,13.9,0.0,24.27444444444445
2016-11-28,26.1,13.9,0.0,26.111666666666668
2016-11-29,28.9,17.8,0.0,29.300882540051173
2016-11-30,28.9,19.4,1.0,30.294298970771212
2016-12-01,29.4,19.4,0.0,31.229195675431228
2016-12-02,23.9,14.4,0.0,23.527499999999993
2016-12-03,25.0,14.4,0.0,24.904444444444447
2016-12-04,27.8,14.4,0.0,28.312649868817804
2016-12-05,30.0,17.8,0.0,32.25272841111113
2016-12-06,27.8,20.6,19.3,30.78902595639117
2016-12-07,25.0,16.7,0.0,24.982777777777773
2016-12-08,22.8,13.9,0.0,22.594444444444452
2016-12-09,16.7,10.6,0.0,19.798055555555557
2016-12-10,22.2,10.6,0.0,22.003611111111102
2016-12-11,24.4,13.3,0.5,24.45722222222222
2016-12-12,27.8,18.9,0.0,29.15886103361784
2016-12-13,28.3,17.8,0.0,29.543688464791305
2016-12-14,28.3,17.2,0.0,28.696246040435614
2016-12-15,23.3,15.0,0.0,24.5225
2016-12-16,25.6,12.8,0.0,25.50833333333333
2016-12-17,28.3,16.1,0.0,28.89326381961784
2016-12-18,29.4,20.0,1.3,32.25745578348452
2016-12-19,29.4,22.8,28.7,30.915363245315625
2016-12-20,22.2,16.7,0.0,25.34833333333334
2016-12-21,17.8,12.2,0.0,19.008611111111108
2016-12-22,25.6,11.1,0.0,25.45611111111111
2016-12-23,25.6,15.0,0.0,25.612777777777776
2016-12-24,26.7,16.7,0.0,27.835943809757786
2016-12-25,27.8,17.8,0.0,29.15886103361784
2016-12-26,27.2,18.3,0.3,28.33768810961774
2016-12-27,28.3,16.7,0.0,28.89326381961784
2016-12-28,27.8,18.9,0.0,27.987237679591207
2016-12-29,27.2,17.2,0.5,27.8139038595378
2016-12-30,16.7,8.9,0.0,23.419722222222216
2016-12-31,9.4,9.4,0.0,23.028055555555557
2017-01-01,27.2,13.3,0.0,27.676087608817763
2017-01-02,29.4,15.6,0.0,30.915363245315625
2017-01-03,29.4,21.1,0.0,30.915363245315625
2017-01-04,25.0,17.2,5.1,26.307500000000005
2017-01-05,23.3,14.4,0.0,23.119444444444444
2017-01-06,26.1,12.2,8.6,25.94194444444445
2017-01-07,22.2,6.1,13.5,22.525833333333324
2017-01-08,11.1,1.7,0.0,10.335555555555555
2017-01-09,18.9,5.6,0.0,18.421111111111102
2017-01-10,21.7,10.0,0.0,21.452499999999997
2017-01-11,22.8,12.2,0.0,22.685833333333335
2017-01-12,26.1,13.9,0.0,26.059444444444452
2017-01-13,23.9,16.1,1.5,24.02361111111111
2017-01-14,23.9,16.7,0.3,23.958333333333332
2017-01-15,25.6,15.6,0.0,25.50833333333333
2017-01-16,26.7,14.4,0.0,26.59805555555556
2017-01-17,26.7,13.9,0.0,27.25004875993561
2017-01-18,27.2,16.1,0.0,27.416236963591118
2017-01-19,26.7,16.1,0.0,27.08954415243555
2017-01-20,27.8,16.1,0.0,27.987237679591207
2017-01-21,27.8,17.2,0.0,27.987237679591207
2017-01-22,29.4,18.9,14.7,31.015885100115636
2017-01-23,21.1,16.1,0.3,25.283055555555556
2017-01-24,23.3,13.9,0.0,22.923611111111104
2017-01-25,25.6,8.9,0.0,25.43
2017-01-26,27.8,17.8,0.0,28.312649868817804
2017-01-27,20.6,12.8,0.0,23.90611111111111
2017-01-28,13.9,8.9,0.0,14.760277777777778
2017-01-29,12.8,7.2,6.4,12.211944444444443
2017-01-30,16.1,7.8,0.0,15.350555555555555
2017-01-31,20.6,6.7,0.0,20.166944444444443
2017-02-01,22.8,8.3,0.0,22.42472222222223
2017-02-02,25.0,11.1,0.0,24.839166666666664
2017-02-03,27.2,13.9,0.0,27.676087608817763
2017-02-04,23.9,15.0,0.0,23.82777777777777
2017-02-05,23.9,13.3,0.0,23.840833333333332
2017-02-06,26.1,10.6,0.0,25.96805555555556
2017-02-07,27.8,15.6,0.0,28.146045184835597
2017-02-08,28.3,16.1,8.1,29.543688464791305
2017-02-09,27.8,17.2,0.0,27.624331573457855
2017-02-10,21.7,10.6,0.0,23.410000000000004
2017-02-11,25.6,11.7,0.0,25.43
2017-02-12,27.2,13.9,0.0,26.762939877617825
2017-02-13,23.3,17.2,0.0,23.419722222222216
2017-02-14,27.2,15.0,0.0,27.8139038595378
2017-02-15,27.2,17.2,0.0,27.543531976835535
2017-02-16,21.1,13.9,0.0,22.225555555555545
2017-02-17,23.9,9.4,0.0,23.436111111111114
2017-02-18,25.0,12.8,0.3,24.891388888888894
2017-02-19,26.7,17.2,2.3,26.611111111111114
2017-02-20,27.8,14.4,0.0,27.369093992871175
2017-02-21,25.6,16.1,0.0,25.586666666666662
2017-02-22,21.7,17.8,7.1,22.17333333333332
2017-02-23,25.0,17.2,5.1,25.087222222222227
2017-02-24,27.2,18.9,0.0,27.8139038595378
2017-02-25,27.2,17.2,0.0,27.23515810385777
2017-02-26,23.9,14.4,0.0,23.879999999999995
2017-02-27,28.9,13.3,0.0,30.159277208915682
2017-02-28,30.0,17.2,0.0,29.682065621315626
2017-03-01,29.4,18.3,0.0,29.227926396497807
2017-03-02,29.4,17.8,0.0,29.930825938151138
2017-03-03,22.8,14.4,0.0,22.49
2017-03-04,23.3,12.2,0.0,22.97583333333333
2017-03-05,23.9,15.0,0.0,23.605833333333333
2017-03-06,25.0,16.1,0.0,24.747777777777774
2017-03-07,24.4,14.4,0.0,24.35277777777778
2017-03-08,28.3,16.7,0.0,27.932119356095637
2017-03-09,28.9,17.8,0.0,28.50576934161565
2017-03-10,28.9,17.8,0.0,28.03957093897562
2017-03-11,27.8,16.1,0.0,27.557598236284473
2017-03-12,25.6,17.8,0.0,25.53444444444444
2017-03-13,26.7,17.8,1.5,27.25004875993561
2017-03-14,20.0,12.8,0.8,20.16361111111111
2017-03-15,15.6,7.2,0.0,14.786388888888887
2017-03-16,17.8,5.6,0.0,16.991944444444453
2017-03-17,22.2,7.2,0.0,21.742499999999993
2017-03-18,25.0,10.6,0.0,24.695555555555554
2017-03-19,26.7,15.0,0.0,26.33694444444444
2017-03-20,25.0,10.6,0.0,24.682499999999997
2017-03-21,27.8,12.8,0.0,27.093906147537833
2017-03-22,30.0,16.1,0.0,30.052721355555555
2017-03-23,25.0,18.9,0.0,25.008888888888894
2017-03-24,25.6,16.7,0.0,25.495277777777776
2017-03-25,27.2,15.6,0.0,27.12101463745771
2017-03-26,28.3,16.1,0.0,27.932119356095637
2017-03-27,27.8,16.7,0.0,27.369093992871175
2017-03-28,30.6,16.7,0.0,29.807039277137847
2017-03-29,31.7,18.9,0.0,30.958095754335634
2017-03-30,31.7,17.8,0.0,30.829704868737778
2017-03-31,31.1,20.6,0.3,31.5090838789956
2017-04-01,31.1,19.4,0.0,29.65970892249557
2017-04-02,33.9,17.8,0.0,34.77222676805112
2017-04-03,33.3,21.7,0.0,34.492084111084516
2017-04-04,27.2,20.6,0.0,31.20833997777773
2017-04-05,33.9,20.6,0.0,35.513380247404434
2017-04-06,28.3,18.3,0.0,31.617318406151192
2017-04-07,23.3,13.9,0.0,22.779999999999994
2017-04-08,24.4,12.8,0.0,23.895833333333332
2017-04-09,27.8,13.3,0.0,26.660030820035605
2017-04-10,27.8,16.7,0.0,27.49281419379563
2017-04-11,28.9,16.1,0.0,28.33797592205119
2017-04-12,28.3,18.3,0.0,27.534022768335646
2017-04-13,27.8,18.3,0.0,27.557598236284473
2017-04-14,28.9,16.7,0.0,28.258726944275562
2017-04-15,28.3,17.8,0.0,28.246993170957833
2017-04-16,28.9,16.7,0.0,28.03957093897562
2017-04-17,28.9,17.2,0.0,28.33797592205119
2017-04-18,29.4,17.2,0.0,28.925280710631114
2017-04-19,30.0,18.3,0.0,29.36368185555555
2017-04-20,30.0,17.2,0.0,29.36368185555555
2017-04-21,30.6,16.7,0.0,29.917249037404456
2017-04-22,30.6,18.3,0.0,30.03229921107551
2017-04-23,29.4,22.8,0.0,29.930825938151138
2017-04-24,29.4,19.4,0.0,29.227926396497807
2017-04-25,28.3,15.6,0.0,27.656826412984522
2017-04-26,30.0,15.6,0.0,29.076271755555542
2017-04-27,33.9,20.0,0.0,33.89747241697559
2017-04-28,35.0,22.2,0.0,36.089105944444455
2017-04-29,32.8,22.8,0.0,34.016651047591154
2017-04-30,30.6,22.8,0.0,32.53139821281776
2017-05-01,33.3,22.2,2.0,34.261995594095616
2017-05-02,28.9,22.2,1.8,29.41421488587567
2017-05-03,31.7,20.6,0.0,31.232713954984572
2017-05-04,33.3,20.0,0.0,33.82438423757118
2017-05-05,26.1,20.0,1.5,28.577176604924507
2017-05-06,26.7,14.4,0.3,26.42833333333333
2017-05-07,29.4,14.4,0.0,28.212559992871135
2017-05-08,31.7,18.9,0.0,30.276932588015573
2017-05-09,32.8,18.9,0.0,31.265430708817778
2017-05-10,34.4,20.0,0.0,33.47153501859556
2017-05-11,35.0,21.7,0.0,34.088468144444505
2017-05-12,33.9,21.7,0.0,33.152375537971174
2017-05-13,28.3,21.1,4.1,29.689165055555495
2017-05-14,30.6,20.0,0.0,31.20833997777773
2017-05-15,32.8,21.1,0.0,32.69984507868445
2017-05-16,32.8,21.1,0.0,33.89808742945776
2017-05-17,31.7,20.0,0.0,35.09003579559113
2017-05-18,32.8,21.1,0.0,33.89808742945776
2017-05-19,32.8,23.3,0.3,35.889603247484416
2017-05-20,34.4,23.9,0.0,36.40425372780442
2017-05-21,31.7,22.8,0.0,34.28580817393564
2017-05-22,32.8,22.8,32.0,34.59215684108437
2017-05-23,32.2,23.3,0.3,34.7744635280245
2017-05-24,32.8,22.8,12.4,35.616047560835526
2017-05-25,30.6,22.8,0.0,29.70166993027563
2017-05-26,31.7,18.3,0.0,30.707259459624495
2017-05-27,35.0,19.4,0.0,32.50805814444446
2017-05-28,34.4,21.1,0.0,36.40425372780442
2017-05-29,35.0,24.4,0.0,36.3571822555555
2017-05-30,34.4,22.2,1.8,36.60358037643559
2017-05-31,32.8,22.8,30.5,35.889603247484416
2017-06-01,33.3,22.8,15.0,35.99969964348455
2017-06-02,30.6,22.2,5.3,34.722588831484536
2017-06-03,31.1,22.2,0.3,33.21375493548445
2017-06-04,28.3,22.8,1.3,30.967434366904588
2017-06-05,29.4,23.9,0.5,33.621580418115514
2017-06-06,29.4,22.8,22.4,33.21375493548445
2017-06-07,27.8,22.8,14.0,31.188054025724526
2017-06-08,27.8,22.8,26.4,30.532753716924603
2017-06-09,31.1,21.7,0.0,34.24562740051562
2017-06-10,31.1,23.3,0.3,35.21891191607106
2017-06-11,32.2,22.8,15.5,36.343957807751195
2017-06-12,30.6,23.3,0.5,35.21891191607106
2017-06-13,29.4,22.2,5.1,33.621580418115514
2017-06-14,30.0,22.8,4.6,34.04386637036451
2017-06-15,30.6,22.2,2.5,34.24562740051562
2017-06-16,30.0,22.2,10.2,33.621580418115514
2017-06-17,33.3,22.2,0.0,35.781684200924495
2017-06-18,32.2,23.3,0.5,35.55203763279115
2017-06-19,30.6,23.3,2.5,35.52997874444458
2017-06-20,31.7,23.9,1.8,37.1085157343645
2017-06-21,32.8,25.0,9.7,39.36290717779544
2017-06-22,33.9,23.9,0.0,38.33124403731548
2017-06-23,33.3,23.3,0.0,37.67863462375107
2017-06-24,33.9,25.6,0.0,37.235683568124536
2017-06-25,33.9,25.6,0.0,37.235683568124536
2017-06-26,32.8,25.0,2.0,38.33124403731548
2017-06-27,33.9,23.3,5.3,37.84634757387565
2017-06-28,31.7,23.3,0.0,36.68049771557119
2017-06-29,32.8,25.0,0.0,38.18538774865792
2017-06-30,33.9,25.0,0.0,38.85491958937559
2017-07-01,32.2,22.8,0.0,38.85073410243562
2017-07-02,33.9,23.9,0.0,38.85491958937559
2017-07-03,32.8,23.9,0.0,37.267713707404496
2017-07-04,33.9,23.3,0.0,39.567818893064526
2017-07-05,33.9,24.4,0.0,37.67863462375107
2017-07-06,34.4,25.6,0.0,38.18538774865792
2017-07-07,34.4,25.6,0.0,37.05415802092446
2017-07-08,31.7,23.3,23.9,37.267713707404496
2017-07-09,32.2,23.9,0.0,38.18538774865792
2017-07-10,33.3,23.9,0.0,40.2929255059178
2017-07-11,33.3,23.3,0.0,38.18538774865792
2017-07-12,32.8,23.9,15.7,38.85073410243562
2017-07-13,32.2,23.9,0.0,38.81561699499565
2017-07-14,32.2,25.6,0.0,37.8871695441513
2017-07-15,33.9,25.0,0.0,38.85491958937559
2017-07-16,33.3,25.0,0.0,38.33124403731548
2017-07-17,33.9,22.8,78.5,38.17443465370449
2017-07-18,32.8,22.8,18.5,37.235683568124536
2017-07-19,32.0,23.9,1.5,38.0092205804447
2017-07-20,32.8,21.7,41.7,38.33124403731548
2017-07-21,31.7,23.3,1.8,36.67203977659556
2017-07-22,32.2,23.3,9.4,38.85073410243562
2017-07-23,29.4,24.0,0.0,34.04386637036451
2017-07-24,32.0,25.6,0.0,38.0092205804447
2017-07-25,34.0,24.4,0.0,38.39286542044457
2017-07-26,33.9,26.7,0.0,41.06150013175797
2017-07-27,33.9,25.6,2.0,40.31313256477118
2017-07-28,34.4,25.6,9.9,38.58431805415117
2017-07-29,32.2,25.6,0.3,38.18538774865792
2017-07-30,28.9,24.4,15.2,34.89243406857565
2017-07-31,25.6,22.8,14.0,32.33789784339563
2017-08-01,33.9,24.4,20.6,37.51950270193562
2017-08-02,30.6,24.4,2.0,37.1085157343645
2017-08-03,33.9,24.4,13.5,39.567818893064526
2017-08-04,34.4,23.3,0.0,40.018925928675564
2017-08-05,33.9,25.0,0.0,39.567818893064526
2017-08-06,33.3,25.0,0.0,39.36290717779544
2017-08-07,33.9,25.0,0.3,39.011986261617736
2017-08-08,34.4,26.1,0.0,38.17443465370449
2017-08-09,34.4,26.1,0.0,39.64739735793769
2017-08-10,34.4,26.1,0.0,38.9300934206755
2017-08-11,31.7,25.6,0.0,36.67203977659556
2017-08-12,32.8,23.3,20.3,38.85073410243562
2017-08-13,32.2,24.4,5.8,38.85073410243562
2017-08-14,33.9,25.0,0.0,39.011986261617736
2017-08-15,33.9,25.6,0.0,39.567818893064526
2017-08-16,33.3,26.1,0.0,39.554438450015674
2017-08-17,35.0,25.0,4.1,39.567818893064526
2017-08-18,33.9,24.4,0.0,40.2929255059178
2017-08-19,34.4,23.3,0.0,37.91852052531555
2017-08-20,31.1,25.6,0.3,37.99095214327119
2017-08-21,31.7,25.6,0.0,37.99095214327119
2017-08-22,33.3,24.4,0.0,37.67863462375107
2017-08-23,33.3,25.0,2.0,38.33124403731548
2017-08-24,32.2,24.4,0.0,39.541848642951145
2017-08-25,30.6,25.0,0.0,36.544426862115614
2017-08-26,31.7,25.0,8.1,37.8871695441513
2017-08-27,30.0,25.0,6.9,35.52997874444458
2017-08-28,30.6,24.4,11.2,37.99095214327119
2017-08-29,31.7,23.9,6.3,37.8871695441513
2017-08-30,34.4,23.3,0.0,38.58431805415117
2017-08-31,34.4,25.6,0.0,40.018925928675564
2017-09-01,34.4,22.8,10.4,40.2929255059178
2017-09-02,31.1,23.3,0.8,35.31575843611568
2017-09-03,30.0,23.9,14.7,34.331803355555614
2017-09-04,32.8,24.4,0.0,37.05415802092446
2017-09-05,31.7,23.9,1.0,36.100147751724435
2017-09-06,29.4,25.0,33.0,34.48061279223114
2017-09-07,33.3,23.3,0.0,39.554438450015674
2017-09-08,31.7,24.4,13.5,37.8871695441513
2017-09-09,28.3,23.3,0.0,32.69051061163565
2017-09-10,26.1,22.2,167.9,30.278436210539862
2017-09-11,28.9,22.2,15.5,31.326208967884572
2017-09-12,31.1,21.7,0.0,34.016651047591154
2017-09-13,32.8,22.8,0.0,35.616047560835526
2017-09-14,33.3,23.9,64.5,37.51950270193562
2017-09-15,32.2,23.9,0.3,37.1085157343645
2017-09-16,32.2,25.0,0.0,36.931999601315574
2017-09-17,32.2,24.4,0.0,33.820934725784504
2017-09-18,29.4,23.9,0.5,32.25745578348452
2017-09-19,30.0,24.4,0.0,33.21375493548445
2017-09-20,32.2,23.9,0.0,34.7744635280245
2017-09-21,31.7,23.3,0.0,35.286900788051064
2017-09-22,31.7,24.4,5.6,35.845619555884504
2017-09-23,31.7,23.9,3.0,35.286900788051064
2017-09-24,32.2,25.0,0.0,35.31575843611568
2017-09-25,32.8,23.9,0.0,35.616047560835526
2017-09-26,33.3,24.4,0.0,35.75535508329567
2017-09-27,32.8,24.4,0.0,34.73444154748442
2017-09-28,33.3,23.9,0.0,36.03057495519112
2017-09-29,32.2,23.9,0.3,36.931999601315574
2017-09-30,31.1,22.8,10.9,36.68049771557119
2017-10-01,29.4,23.3,11.4,33.621580418115514
2017-10-02,29.4,23.3,1.3,30.294298970771212
2017-10-03,28.9,24.4,0.0,31.98403855947564
2017-10-04,28.3,23.3,1.8,30.549454376151076
2017-10-05,26.7,22.2,23.6,29.480561546195574
2017-10-06,32.2,23.9,2.3,39.541848642951145
2017-10-07,33.0,25.6,4.6,39.541848642951145
2017-10-08,33.3,24.4,16.8,39.162484632444624
2017-10-09,32.2,25.0,0.0,38.18538774865792
2017-10-10,32.2,25.0,0.0,37.235683568124536
2017-10-11,31.7,24.4,0.0,34.7744635280245
2017-10-12,30.0,21.7,0.0,31.900241944515585
2017-10-13,31.1,24.4,0.3,35.52997874444458
2017-10-14,30.6,24.4,1.8,33.34978949943118
2017-10-15,32.2,23.9,0.0,35.781684200924495
2017-10-16,31.7,24.4,0.0,34.80727677236455
2017-10-17,28.3,22.2,4.6,30.967434366904588
2017-10-18,27.2,22.0,7.1,28.751274357351114
2017-10-19,30.6,22.2,0.5,33.78802762316448
2017-10-20,29.4,22.2,0.3,30.915363245315625
2017-10-21,28.9,21.7,0.0,30.294298970771212
2017-10-22,31.7,22.8,0.0,34.80727677236455
2017-10-23,29.4,23.9,3.6,33.21375493548445
2017-10-24,27.8,21.1,0.0,28.577176604924507
2017-10-25,21.7,15.6,0.0,25.665000000000003
2017-10-26,22.8,12.8,0.0,22.42472222222223
2017-10-27,26.1,15.6,0.0,25.981111111111122
2017-10-28,26.7,16.1,3.8,27.71250268391774
2017-10-29,21.7,12.8,0.0,23.195000000000004
2017-10-30,20.0,9.4,0.0,19.367222222222217
2017-10-31,23.9,10.6,0.0,23.61888888888889
2017-11-01,27.2,15.6,0.0,27.065915636284476
2017-11-02,27.8,17.8,0.0,28.39887615283563
2017-11-03,26.7,20.0,0.0,27.962515993535547
2017-11-04,28.9,18.9,0.0,29.543688464791305
2017-11-05,28.9,18.3,0.0,28.499177144657796
2017-11-06,29.4,20.6,0.0,29.898529149217854
2017-11-07,29.4,19.0,0.0,29.336038526595594
2017-11-08,28.9,18.9,0.0,29.300882540051173
2017-11-09,28.9,19.4,0.0,29.65017504153784
2017-11-10,22.2,18.3,0.0,25.76944444444444
2017-11-11,27.2,17.8,1.3,28.499177144657796
2017-11-12,26.1,21.7,0.3,26.2813888888889
2017-11-13,27.8,20.6,0.0,29.15886103361784
2017-11-14,26.1,17.8,0.0,26.24222222222223
2017-11-15,25.0,15.6,0.0,25.061111111111114
2017-11-16,23.9,15.0,0.0,23.82777777777777
2017-11-17,25.6,15.0,0.0,25.45611111111111
2017-11-18,26.7,14.4,0.0,26.637222222222224
2017-11-19,27.2,16.1,0.0,27.884784716924493
2017-11-20,24.4,11.1,0.0,24.32666666666667
2017-11-21,24.4,17.2,1.0,24.57472222222222
2017-11-22,26.1,17.8,0.0,26.21611111111112
2017-11-23,25.0,20.0,1.8,25.283055555555556
2017-11-24,20.6,15.0,0.0,21.396944444444443
2017-11-25,22.8,13.3,0.0,22.620555555555562
2017-11-26,24.4,13.9,0.0,24.104722222222218
2017-11-27,25.6,13.9,0.0,25.612777777777776
2017-11-28,27.8,17.2,0.0,28.76327423575113
2017-11-29,26.7,20.0,7.1,27.592192616015534
2017-11-30,27.2,18.9,0.0,27.8139038595378
2017-12-01,27.2,16.1,0.0,27.12101463745771
2017-12-02,28.3,17.2,0.0,27.78952527557118
2017-12-03,26.7,16.7,0.0,26.65027777777778
2017-12-04,25.0,17.8,0.0,25.087222222222227
2017-12-05,27.8,16.1,0.0,27.987237679591207
2017-12-06,28.3,18.3,0.0,28.89326381961784
2017-12-07,21.1,17.2,0.0,25.087222222222227
2017-12-08,28.3,16.7,0.0,30.026780984595675
2017-12-09,24.4,8.3,8.9,26.333611111111118
2017-12-10,13.9,5.0,0.0,13.053611111111113
2017-12-11,16.7,6.1,0.0,15.915277777777773
2017-12-12,23.9,7.2,0.0,23.605833333333333
2017-12-13,16.7,8.3,0.0,18.065277777777776
2017-12-14,22.8,7.2,0.0,22.620555555555562
2017-12-15,25.0,15.6,0.0,24.956666666666663
2017-12-16,22.2,14.4,0.0,22.05583333333332
2017-12-17,26.1,12.8,0.0,26.190000000000005
2017-12-18,27.8,17.8,0.0,28.577176604924507
2017-12-19,28.3,18.3,0.0,29.31698503179564
2017-12-20,27.8,18.3,0.0,28.312649868817804
2017-12-21,28.9,18.9,0.0,30.159277208915682
2017-12-22,25.6,16.7,0.0,25.638888888888893
2017-12-23,27.2,15.6,0.0,27.962515993535547
2017-12-24,27.2,16.1,0.0,27.884784716924493
2017-12-25,22.2,13.3,0.0,24.54861111111111
2017-12-26,24.4,11.1,0.0,24.32666666666667
2017-12-27,25.0,13.9,0.0,24.982777777777773
2017-12-28,20.6,15.0,0.0,20.61083333333333
2017-12-29,14.4,10.6,0.0,16.685555555555553
2017-12-30,17.2,10.6,0.0,16.845
2017-12-31,11.7,11.7,0.0,20.271388888888882
2018-01-01,15.6,7.2,1.8,15.347777777777777
2018-01-02,12.2,7.2,0.0,11.803888888888888
2018-01-03,11.1,2.8,29.2,10.949166666666663
2018-01-04,11.7,1.1,0.0,10.769722222222226
2018-01-05,12.8,1.1,0.0,11.71583333333333
2018-01-06,14.4,3.9,0.0,13.474166666666669
2018-01-07,18.9,5.6,0.0,18.486388888888886
2018-01-08,22.2,10.6,0.0,22.19944444444444
2018-01-09,24.4,14.4,0.0,24.45722222222222
2018-01-10,24.4,18.9,0.5,24.64
2018-01-11,27.8,18.3,0.0,28.577176604924507
2018-01-12,27.8,18.3,1.3,29.697203661351164
2018-01-13,18.3,8.9,0.0,22.920833333333334
2018-01-14,16.1,4.4,0.0,15.637777777777778
2018-01-15,17.8,8.3,0.0,17.318333333333335
2018-01-16,22.8,8.3,0.0,22.49
2018-01-17,21.7,5.6,0.0,21.348055555555558
2018-01-18,11.7,-2.2,0.0,12.238055555555556
2018-01-19,18.3,4.4,0.0,17.712777777777774
2018-01-20,21.7,7.8,0.0,21.452499999999997
2018-01-21,25.6,13.9,0.0,25.53444444444444
2018-01-22,27.2,13.3,0.0,27.8139038595378
2018-01-23,28.3,18.3,1.0,29.66075088801562
2018-01-24,21.7,11.1,0.0,22.329999999999995
2018-01-25,20.0,11.1,0.0,19.745833333333326
2018-01-26,22.8,12.2,0.0,22.594444444444452
2018-01-27,24.4,16.7,0.0,24.300555555555555
2018-01-28,27.2,17.2,8.6,28.181459693315517
2018-01-29,23.3,15.0,10.9,23.419722222222216
2018-01-30,17.2,8.9,0.0,16.659444444444443
2018-01-31,20.0,7.8,0.0,19.64138888888889
2018-02-01,22.8,10.0,0.0,22.568333333333342
2018-02-02,25.0,15.0,0.0,24.865277777777774
2018-02-03,20.0,12.2,0.0,19.745833333333326
2018-02-04,25.0,15.0,8.9,25.087222222222227
2018-02-05,23.9,12.2,0.0,23.65805555555555
2018-02-06,28.3,11.7,0.0,28.007127103084443
2018-02-07,27.8,16.7,0.0,28.39887615283563
2018-02-08,26.7,16.7,0.0,27.71250268391774
2018-02-09,28.3,16.1,0.0,29.31698503179564
2018-02-10,30.0,17.2,0.0,30.316243944444384
2018-02-11,30.6,18.9,0.0,31.126955483004483
2018-02-12,30.0,22.2,0.0,31.04908144444437
2018-02-13,28.9,18.3,0.3,31.04908144444437
2018-02-14,24.4,16.7,0.0,24.54861111111111
2018-02-15,28.3,16.1,0.0,28.696246040435614
2018-02-16,28.9,18.3,0.0,29.300882540051173
2018-02-17,28.9,16.7,0.0,28.258726944275562
2018-02-18,28.9,15.0,0.0,28.50576934161565
2018-02-19,28.3,17.2,0.0,28.601447857571216
2018-02-20,30.0,20.0,0.0,31.04908144444437
2018-02-21,29.4,20.6,0.0,29.930825938151138
2018-02-22,29.4,19.4,0.0,29.682065621315626
2018-02-23,28.3,18.9,0.0,28.89326381961784
2018-02-24,29.4,17.8,0.0,30.194046724604465
2018-02-25,30.0,17.8,0.0,30.052721355555555
2018-02-26,30.6,21.7,0.0,30.052721355555555
2018-02-27,27.2,18.3,0.0,28.41927290529559
2018-02-28,28.9,16.1,0.0,28.33797592205119
2018-03-01,30.6,20.0,0.0,30.824248934595516
2018-03-02,28.3,19.4,0.5,27.835943809757786
2018-03-03,22.8,11.7,0.0,24.512777777777778
2018-03-04,21.7,10.6,0.0,21.139166666666668
2018-03-05,24.4,11.1,0.0,24.000277777777782
2018-03-06,27.2,11.7,0.0,26.26891400403554
2018-03-07,22.8,14.4,1.3,23.59277777777777
2018-03-08,17.2,10.0,0.0,17.083333333333336
2018-03-09,20.0,7.2,0.0,19.223611111111108
2018-03-10,23.3,7.8,0.0,23.014999999999997
2018-03-11,28.3,17.2,0.0,28.601447857571216
2018-03-12,23.3,13.9,0.8,26.1638888888889
2018-03-13,18.9,8.3,0.0,18.199166666666667
2018-03-14,21.1,10.0,0.0,20.365555555555563
2018-03-15,21.7,8.3,0.0,21.021666666666665
2018-03-16,25.6,6.1,0.0,25.181944444444436
2018-03-17,28.9,12.2,0.0,27.385562986771195
2018-03-18,29.4,15.6,0.0,29.336038526595594
2018-03-19,30.6,18.3,7.4,29.917249037404456
2018-03-20,26.7,17.8,9.4,28.430175718017736
2018-03-21,21.1,13.9,0.0,22.329999999999995
2018-03-22,20.6,10.0,0.0,19.853611111111107
2018-03-23,23.3,10.6,0.0,22.740833333333327
2018-03-24,26.1,11.7,0.0,25.73305555555556
2018-03-25,28.3,14.4,0.0,27.78952527557118
2018-03-26,23.9,18.9,0.0,25.53444444444444
2018-03-27,25.0,16.7,0.0,24.839166666666664
2018-03-28,28.3,15.0,0.0,27.78952527557118
2018-03-29,29.4,17.2,0.0,29.02254748851555
2018-03-30,30.0,19.4,0.0,30.454350755555513
2018-03-31,23.3,18.9,1.0,24.15416666666666
2018-04-01,28.9,17.8,0.0,29.41421488587567
2018-04-02,31.1,20.0,0.0,30.759003960051196
2018-04-03,30.6,19.4,0.0,30.680156280497766
2018-04-04,31.1,20.6,0.0,31.043001335615575
2018-04-05,26.7,17.2,0.0,26.467500000000005
2018-04-06,29.4,16.7,0.0,28.925280710631114
2018-04-07,31.1,20.0,2.8,30.898330215831233
2018-04-08,24.4,18.9,0.8,24.54861111111111
2018-04-09,31.7,18.9,1.5,34.73444154748442
2018-04-10,23.0,18.3,34.8,30.331079793937747
2018-04-11,24.4,15.6,0.0,24.15694444444445
2018-04-12,26.7,15.0,0.0,26.558888888888895
2018-04-13,28.9,16.1,0.0,28.78069813099559
2018-04-14,31.1,18.3,0.0,31.126955483004483
2018-04-15,31.7,18.3,3.3,33.19595416537561
2018-04-16,21.7,14.4,0.0,23.142777777777784
2018-04-17,26.1,13.9,0.0,25.785277777777782
2018-04-18,30.6,12.2,0.0,28.772346040871142
2018-04-19,30.6,16.7,0.0,30.276920798631156
2018-04-20,28.9,18.9,0.0,29.543688464791305
2018-04-21,27.2,19.4,0.0,28.499177144657796
2018-04-22,26.7,21.1,1.0,28.78770131289555
2018-04-23,29.4,21.7,25.9,31.326208967884572
2018-04-24,29.0,20.6,0.0,28.60630777155556
2018-04-25,27.8,18.3,0.0,27.624331573457855
2018-04-26,28.3,16.7,0.0,28.164564010515555
2018-04-27,29.4,18.3,0.0,29.56310813900446
2018-04-28,28.3,18.3,0.0,27.721938942035614
2018-04-29,30.0,17.8,0.0,28.681861811111155
2018-04-30,27.8,18.9,0.0,27.763646131857854
2018-05-01,28.3,18.9,0.0,28.696246040435614
2018-05-02,28.3,17.8,0.0,28.164564010515555
2018-05-03,28.3,19.4,0.0,28.41927290529559
2018-05-04,30.0,18.9,0.0,30.454350755555513
2018-05-05,29.4,20.0,4.6,32.25745578348452
2018-05-06,25.6,22.2,10.4,26.43805555555556
2018-05-07,32.2,21.7,0.0,31.43356560353779
2018-05-08,31.1,17.2,0.0,29.689165055555495
2018-05-09,30.6,18.9,0.0,29.807039277137847
2018-05-10,30.6,20.0,0.0,30.276920798631156
2018-05-11,33.9,21.7,0.0,33.3264943697156
2018-05-12,25.6,22.8,2.3,28.87853803679785
2018-05-13,28.9,21.1,3.6,30.159277208915682
2018-05-14,24.4,21.7,19.1,24.796666666666667
2018-05-15,31.1,21.7,19.1,33.85445181291555
2018-05-16,30.0,21.1,17.5,33.44940924444435
2018-05-17,28.3,21.7,19.6,31.55937428402463
2018-05-18,29.4,21.1,2.0,31.900241944515585
2018-05-19,27.8,21.1,34.0,30.532753716924603
2018-05-20,25.6,21.1,7.1,26.04361111111111
2018-05-21,25.6,22.8,0.3,26.00444444444444
2018-05-22,27.2,21.7,0.0,29.578584348391068
2018-05-23,31.1,20.6,0.0,32.930913029315576
2018-05-24,32.2,22.8,0.0,35.781684200924495
2018-05-25,31.1,22.8,0.0,33.85445181291555
2018-05-26,29.4,22.2,1.0,31.557488575164523
2018-05-27,27.8,21.7,7.4,31.188054025724526
2018-05-28,30.6,24.4,6.1,35.21891191607106
2018-05-29,31.7,22.8,0.5,35.55203763279115
2018-05-30,27.2,23.3,19.1,31.83459685006206
2018-05-31,29.4,23.3,16.8,33.621580418115514
2018-06-01,32.2,22.8,0.0,36.100147751724435
2018-06-02,33.3,24.4,6.9,37.20667336761786
2018-06-03,31.7,25.0,0.0,37.8871695441513
2018-06-04,33.9,26.1,0.0,39.554438450015674
2018-06-05,33.3,25.6,0.0,37.05415802092446
2018-06-06,29.4,23.3,0.8,31.96842908860448
2018-06-07,32.2,22.2,2.9,33.57033428108443
2018-06-08,31.7,21.7,25.9,33.16821562719118
2018-06-09,31.1,21.7,0.0,33.34978949943118
2018-06-10,33.3,22.8,0.0,35.889603247484416
2018-06-11,32.8,23.3,1.3,34.59215684108437
2018-06-12,32.2,22.8,7.9,34.73444154748442
2018-06-13,32.8,23.3,6.8,35.889603247484416
2018-06-14,32.8,23.3,31.8,35.55203763279115
2018-06-15,31.7,23.3,0.0,34.80727677236455
2018-06-16,33.3,22.8,0.0,36.100147751724435
2018-06-17,33.3,23.9,0.0,38.33124403731548
2018-06-18,33.3,25.0,0.0,37.67863462375107
2018-06-19,33.3,22.2,0.0,35.616047560835526
2018-06-20,33.9,24.4,6.9,38.17443465370449
2018-06-21,30.0,24.4,24.4,36.83391274444452
2018-06-22,33.9,24.4,12.4,39.567818893064526
2018-06-23,34.4,25.0,0.5,40.31313256477118
2018-06-24,33.3,24.4,21.3,39.36290717779544
2018-06-25,33.3,23.9,1.0,37.05415802092446
2018-06-26,33.3,24.4,4.1,38.16772704802459
2018-06-27,33.3,23.9,0.0,38.16772704802459
2018-06-28,33.9,25.0,0.0,38.85491958937559
2018-06-29,32.2,24.4,6.4,36.931999601315574
2018-06-30,30.0,23.3,11.9,36.29964811111102
2018-07-01,32.8,22.8,3.3,37.67863462375107
2018-07-02,34.4,23.9,0.0,40.78773627436432
2018-07-03,33.3,25.6,0.0,38.846038964051104
2018-07-04,30.0,22.8,4.1,33.44940924444435
2018-07-05,30.6,22.8,13.2,35.03801755555546
2018-07-06,30.6,22.2,13.0,35.03801755555546
2018-07-07,32.2,22.8,0.5,35.24517878083567
2018-07-08,33.3,23.3,0.8,36.03057495519112
2018-07-09,31.1,24.4,0.0,35.21891191607106
2018-07-10,33.3,23.9,0.0,36.03057495519112
2018-07-11,33.9,25.6,0.0,35.77663859119783
2018-07-12,35.0,24.4,0.0,38.15792965555557
2018-07-13,33.3,26.1,0.0,38.16772704802459
2018-07-14,34.4,25.6,0.0,37.51950270193562
2018-07-15,33.3,25.6,0.0,37.51950270193562
2018-07-16,34.4,25.0,0.0,38.86094437290459
2018-07-17,35.0,26.1,4.3,40.288316255555614
2018-07-18,32.2,23.9,12.4,36.931999601315574
2018-07-19,31.7,26.1,16.8,37.8871695441513
2018-07-20,30.6,25.0,10.5,36.544426862115614
2018-07-21,32.2,24.4,0.0,40.45786914243551
2018-07-22,34.4,22.8,61.7,41.59088422567101
2018-07-23,33.3,21.7,1.5,38.846038964051104
2018-07-24,32.0,24.4,1.8,36.775126332444664
2018-07-25,32.2,25.0,2.5,38.85073410243562
2018-07-26,32.8,25.0,4.3,39.011986261617736
2018-07-27,33.9,24.4,30.7,39.567818893064526
2018-07-28,33.9,23.9,31.2,38.85491958937559
2018-07-29,32.2,23.9,1.0,37.267713707404496
2018-07-30,32.8,23.9,5.6,37.67863462375107
2018-07-31,32.2,23.9,0.3,37.235683568124536
2018-08-01,33.3,22.8,18.5,41.06150013175797
2018-08-02,33.3,23.9,0.8,38.846038964051104
2018-08-03,33.3,24.4,1.0,37.51950270193562
2018-08-04,33.3,24.4,0.0,38.16772704802459
2018-08-05,33.3,25.6,0.0,39.011986261617736
2018-08-06,33.3,25.6,0.0,38.846038964051104
2018-08-07,34.4,24.4,0.0,40.018925928675564
2018-08-08,35.0,25.0,20.8,38.49010247777784
2018-08-09,34.4,24.4,40.1,38.9300934206755
2018-08-10,31.7,24.4,4.3,37.267713707404496
2018-08-11,30.0,25.0,0.0,36.29964811111102
2018-08-12,32.8,25.0,9.9,37.67863462375107
2018-08-13,34.4,25.0,1.5,38.9300934206755
2018-08-14,33.3,24.4,0.0,37.235683568124536
2018-08-15,33.3,24.4,0.0,37.235683568124536
2018-08-16,33.9,25.0,9.7,38.18538774865792
2018-08-17,33.3,25.0,3.5,38.33124403731548
2018-08-18,34.4,24.4,0.0,37.20667336761786
2018-08-19,34.4,22.8,16.3,40.31313256477118
2018-08-20,33.3,23.3,0.0,37.67863462375107
2018-08-21,33.9,24.4,5.8,38.85491958937559
2018-08-22,32.8,25.0,13.5,38.18538774865792
2018-08-23,32.2,23.9,0.8,38.85073410243562
2018-08-24,32.2,25.0,0.0,38.85073410243562
2018-08-25,32.2,24.4,0.3,37.235683568124536
2018-08-26,32.8,24.4,0.0,37.235683568124536
2018-08-27,33.3,24.4,8.4,38.846038964051104
2018-08-28,32.2,24.4,8.9,38.18538774865792
2018-08-29,30.6,23.9,0.5,37.1085157343645
2018-08-30,30.6,23.9,0.0,36.544426862115614
2018-08-31,33.9,25.6,0.0,39.567818893064526
2018-09-01,33.3,25.0,0.5,38.846038964051104
2018-09-02,31.7,25.0,14.2,37.263807475384425
2018-09-03,30.6,24.4,3.0,36.544426862115614
2018-09-04,32.2,25.0,0.0,38.18538774865792
2018-09-05,32.8,25.6,0.3,39.36290717779544
2018-09-06,32.2,26.1,0.0,37.267713707404496
2018-09-07,30.0,23.9,0.5,35.845619555884504
2018-09-08,31.1,23.9,8.9,35.31575843611568
2018-09-09,32.8,23.9,9.7,37.67863462375107
2018-09-10,32.2,23.9,0.3,36.68049771557119
2018-09-11,33.3,24.4,0.0,39.554438450015674
2018-09-12,33.9,26.1,0.0,39.554438450015674
2018-09-13,35.6,25.6,0.0,39.386496818595646
2018-09-14,34.4,25.6,0.0,39.53985497449563
2018-09-15,34.4,26.7,0.0,40.25873137020457
2018-09-16,35.0,26.1,1.3,41.8917068777778
2018-09-17,34.4,25.6,0.0,39.64739735793769
2018-09-18,34.4,26.1,0.0,38.9300934206755
2018-09-19,34.4,26.1,0.0,38.85491958937559
2018-09-20,34.4,25.6,0.0,40.2929255059178
2018-09-21,33.3,25.6,0.0,35.24517878083567
2018-09-22,31.7,25.6,0.0,35.31575843611568
2018-09-23,31.7,25.0,0.0,36.100147751724435
2018-09-24,32.8,24.4,0.0,39.36290717779544
2018-09-25,33.9,24.4,0.0,38.17443465370449
2018-09-26,34.4,25.0,0.0,39.011986261617736
2018-09-27,34.4,25.0,3.8,39.567818893064526
2018-09-28,34.4,26.1,0.0,39.011986261617736
2018-09-29,32.8,25.0,0.5,38.33124403731548
2018-09-30,32.8,24.4,0.0,37.67863462375107
2018-10-01,31.7,25.6,1.3,36.100147751724435
2018-10-02,30.6,25.0,0.0,35.99969964348455
2018-10-03,31.7,23.9,0.0,34.7744635280245
2018-10-04,31.1,23.9,7.9,35.845619555884504
2018-10-05,32.2,23.3,0.0,35.781684200924495
2018-10-06,31.7,23.9,0.0,35.55203763279115
2018-10-07,31.1,23.9,14.2,34.48061279223114
2018-10-08,31.1,23.9,10.2,34.80727677236455
2018-10-09,32.2,23.9,4.1,38.85073410243562
2018-10-10,31.7,25.6,0.0,38.86094437290459
2018-10-11,32.2,26.7,10.7,39.47375485087112
2018-10-12,31.7,23.9,0.0,33.621580418115514
2018-10-13,31.1,21.7,0.0,31.348378167197765
2018-10-14,31.7,21.7,0.0,37.267713707404496
2018-10-15,33.3,23.9,0.0,39.554438450015674
2018-10-16,32.8,23.3,0.0,37.8871695441513
2018-10-17,32.2,23.3,0.0,36.931999601315574
2018-10-18,32.8,22.8,0.0,37.05415802092446
2018-10-19,30.0,25.0,17.0,33.882145611111156
2018-10-20,32.2,22.8,0.0,35.24517878083567
2018-10-21,26.1,21.1,0.0,31.258456716495616
2018-10-22,28.9,18.3,0.0,28.78069813099559
2018-10-23,28.3,20.6,0.0,29.31698503179564
2018-10-24,28.9,21.7,0.0,30.294298970771212
2018-10-25,26.7,21.1,0.0,28.64234278149107
2018-10-26,30.0,20.0,0.5,32.35495978132455
2018-10-27,22.8,17.8,0.0,26.00444444444444
2018-10-28,23.3,13.9,0.0,22.988888888888887
2018-10-29,28.3,13.3,0.0,28.89326381961784
2018-10-30,28.3,16.7,0.0,27.421114341624484
2018-10-31,27.8,16.1,0.0,28.312649868817804
2018-11-01,28.3,17.2,0.0,29.543688464791305
2018-11-02,29.4,20.0,1.0,31.229195675431228
2018-11-03,22.8,14.4,0.0,22.633611111111115
2018-11-04,27.8,17.2,43.4,31.188054025724526
2018-11-05,28.9,21.1,1.5,31.015885100115636
2018-11-06,29.4,22.2,0.0,31.229195675431228
2018-11-07,30.6,19.4,0.0,32.25272841111113
2018-11-08,30.6,21.7,1.0,30.824248934595516
2018-11-09,30.0,21.7,0.5,31.229195675431228
2018-11-10,26.7,20.0,0.0,28.499177144657796
2018-11-11,28.3,17.2,0.0,29.543688464791305
2018-11-12,28.9,20.6,1.8,32.50994487721565
2018-11-13,30.0,21.7,0.3,32.25272841111113
2018-11-14,30.0,21.7,0.0,32.25745578348452
2018-11-15,24.4,15.0,4.1,24.875000000000004
2018-11-16,17.8,7.8,0.0,17.696944444444444
2018-11-17,23.3,10.0,0.0,23.171666666666667
2018-11-18,26.7,15.6,0.0,27.195764459617777
2018-11-19,26.7,18.3,0.0,27.71250268391774
2018-11-20,25.0,16.7,0.0,25.20472222222223
2018-11-21,23.3,14.4,0.0,23.119444444444444
2018-11-22,22.2,13.3,0.0,22.134166666666665
2018-11-23,26.7,17.2,0.0,26.59805555555556
2018-11-24,28.3,18.3,0.0,28.41927290529559
2018-11-25,25.0,18.3,0.0,25.008888888888894
2018-11-26,28.3,17.2,3.6,29.543688464791305
2018-11-27,17.2,9.4,0.0,22.43444444444443
2018-11-28,13.9,3.9,0.0,12.936111111111112
2018-11-29,17.2,7.8,0.0,16.348888888888887
2018-11-30,24.4,9.4,0.0,24.23527777777778
2018-12-01,26.7,17.8,0.0,27.71250268391774
2018-12-02,30.0,21.1,0.0,31.887677555555513
2018-12-03,29.4,20.6,10.7,32.25745578348452
2018-12-04,22.8,16.1,17.5,25.426666666666666
2018-12-05,16.7,8.9,0.0,18.03916666666667
2018-12-06,19.4,6.7,0.0,19.063611111111115
2018-12-07,22.8,11.1,0.0,22.594444444444452
2018-12-08,24.4,14.4,0.0,24.405
2018-12-09,22.2,17.2,30.2,22.525833333333324
2018-12-10,16.7,7.8,4.2,19.455277777777773
2018-12-11,13.3,6.1,0.0,12.68472222222222
2018-12-12,18.9,4.4,0.0,18.486388888888886
2018-12-13,23.3,12.8,0.0,23.276111111111106
2018-12-14,23.9,18.9,0.3,24.219444444444445
2018-12-15,20.6,16.1,19.1,24.114999999999995
2018-12-16,20.0,12.8,0.0,19.87638888888889
2018-12-17,18.3,8.9,0.0,17.973888888888887
2018-12-18,21.1,9.4,0.0,20.574444444444445
2018-12-19,22.8,10.0,2.0,22.711944444444455
2018-12-20,20.6,16.7,92.7,20.911111111111104
2018-12-21,17.2,11.7,0.3,17.26277777777777
2018-12-22,16.1,7.8,0.0,15.468055555555557
2018-12-23,19.4,6.1,0.0,18.802500000000006
2018-12-24,20.6,7.2,0.0,20.428055555555556
2018-12-25,21.7,11.1,0.0,21.609166666666667
2018-12-26,23.3,13.3,0.0,23.236944444444443
2018-12-27,25.6,16.1,0.0,25.71722222222222
2018-12-28,27.2,21.1,0.0,28.92591493923561
2018-12-29,26.7,20.6,0.0,28.292644831457842
2018-12-30,27.8,19.4,0.0,29.15886103361784
2018-12-31,20.6,20.6,0.0,28.312649868817804
2019-01-01,27.8,16.7,0.0,28.312649868817804
2019-01-02,26.7,18.9,0.0,27.195764459617777
2019-01-03,27.8,18.3,0.0,29.15886103361784
2019-01-04,27.8,17.2,3.3,28.577176604924507
2019-01-05,20.0,11.7,0.0,19.745833333333326
2019-01-06,21.1,9.4,0.0,20.678888888888892
2019-01-07,24.4,12.2,0.0,24.27444444444445
2019-01-08,25.0,14.4,0.0,24.891388888888894
2019-01-09,22.2,12.8,0.0,21.912222222222212
2019-01-10,15.0,6.7,0.0,17.240000000000006
2019-01-11,22.2,8.3,0.0,21.938333333333325
2019-01-12,24.4,12.2,0.0,24.27444444444445
2019-01-13,25.6,16.1,0.0,25.586666666666662
2019-01-14,18.3,11.1,0.0,22.29083333333332
2019-01-15,15.0,8.9,0.0,14.417499999999999
2019-01-16,15.0,7.2,0.0,14.469722222222224
2019-01-17,22.2,7.8,0.0,22.02972222222221
2019-01-18,23.3,10.0,0.0,22.806111111111104
2019-01-19,25.6,11.7,0.0,25.45611111111111
2019-01-20,20.0,7.2,11.4,22.05583333333332
2019-01-21,15.6,3.3,0.0,14.98222222222222
2019-01-22,22.2,6.7,0.0,21.96444444444444
2019-01-23,25.0,14.4,0.0,25.035
2019-01-24,23.3,13.3,19.3,23.223888888888887
2019-01-25,16.1,6.1,0.0,17.605555555555558
2019-01-26,16.7,8.9,0.0,16.215555555555554
2019-01-27,13.3,9.4,51.1,13.259166666666665
2019-01-28,14.4,7.2,3.8,13.839722222222225
2019-01-29,19.4,6.7,0.0,18.828611111111115
2019-01-30,13.3,7.2,0.0,16.098055555555554
2019-01-31,16.7,6.1,0.0,16.37222222222222
2019-02-01,22.8,12.2,0.0,22.829444444444455
2019-02-02,23.9,15.6,0.8,23.984444444444442
2019-02-03,22.8,16.7,0.0,22.920833333333334
2019-02-04,20.6,12.8,0.0,21.253333333333334
2019-02-05,24.4,10.6,0.0,24.209166666666672
2019-02-06,27.2,12.8,0.0,26.762939877617825
2019-02-07,28.3,13.9,0.0,28.246993170957833
2019-02-08,27.8,14.4,0.0,27.557598236284473
2019-02-09,23.9,15.6,2.8,23.984444444444442
2019-02-10,22.2,18.3,15.5,21.357777777777788
2019-02-11,28.3,16.7,0.0,28.007127103084443
2019-02-12,28.9,21.1,4.1,30.717955184364623
2019-02-13,22.8,11.1,17.3,23.6025
2019-02-14,23.3,9.4,0.0,23.080277777777777
2019-02-15,25.6,13.3,0.0,25.39083333333333
2019-02-16,26.1,13.9,0.0,26.111666666666668
2019-02-17,29.4,17.2,0.0,30.194046724604465
2019-02-18,29.4,20.0,0.0,31.015885100115636
2019-02-19,28.9,18.3,0.0,30.294298970771212
2019-02-20,30.6,19.4,0.0,32.15124504993779
2019-02-21,28.9,18.9,0.8,30.717955184364623
2019-02-22,30.0,20.0,0.0,30.316243944444384
2019-02-23,30.6,23.3,0.0,31.900241944515585
2019-02-24,30.6,21.7,0.0,31.126955483004483
2019-02-25,23.9,15.6,0.0,28.181459693315517
2019-02-26,23.9,15.0,2.8,23.840833333333332
2019-02-27,27.8,16.7,0.8,28.312649868817804
2019-02-28,27.2,17.8,0.0,27.416236963591118
2019-03-01,27.8,18.3,0.0,28.146045184835597
2019-03-02,29.4,17.2,0.0,29.227926396497807
2019-03-03,30.0,19.4,0.0,29.576440311111114
2019-03-04,28.3,17.8,1.8,29.31698503179564
2019-03-05,17.2,11.7,2.0,22.894722222222228
2019-03-06,16.7,5.6,0.0,15.823888888888888
2019-03-07,21.7,7.2,0.0,21.348055555555558
2019-03-08,25.6,11.7,0.0,25.377777777777776
2019-03-09,27.8,15.0,0.0,27.910757868995592
2019-03-10,30.6,18.3,0.0,30.276920798631156
2019-03-11,30.6,20.6,0.0,30.824248934595516
2019-03-12,23.9,19.4,0.0,28.601447857571216
2019-03-13,26.1,16.7,0.0,26.007222222222232
2019-03-14,27.8,17.2,0.0,27.624331573457855
2019-03-15,30.0,16.7,0.0,29.36368185555555
2019-03-16,26.7,18.3,0.0,27.910757868995592
2019-03-17,21.1,15.0,0.3,20.979166666666675
2019-03-18,19.4,15.0,0.0,19.102777777777778
2019-03-19,19.4,14.4,5.1,19.350833333333338
2019-03-20,21.7,14.4,1.0,21.41333333333334
2019-03-21,24.4,13.9,0.0,23.921944444444446
2019-03-22,25.6,12.2,0.0,25.26027777777778
2019-03-23,26.1,12.2,0.0,25.75916666666667
2019-03-24,26.7,15.0,0.0,26.637222222222224
2019-03-25,28.3,16.7,0.0,27.656826412984522
2019-03-26,28.3,18.3,0.0,27.721938942035614
2019-03-27,20.6,14.4,5.8,20.571666666666665
2019-03-28,25.0,15.0,0.0,24.760833333333338
2019-03-29,26.1,15.0,0.0,25.96805555555556
2019-03-30,27.2,15.6,0.0,26.672469195537772
2019-03-31,28.9,16.1,0.0,28.258726944275562
2019-04-01,22.8,17.2,0.0,25.495277777777776
2019-04-02,24.4,15.6,0.0,24.35277777777778
2019-04-03,23.9,13.9,0.0,23.71027777777777
2019-04-04,26.7,15.0,0.0,26.65027777777778
2019-04-05,28.9,18.9,14.5,29.31698503179564
2019-04-06,30.6,19.4,0.3,31.285569377315557
2019-04-07,31.1,20.0,0.0,31.96842908860448
2019-04-08,31.7,20.6,0.3,32.56900581695783
2019-04-09,30.0,22.2,2.8,31.887677555555513
2019-04-10,27.8,20.0,0.0,27.763646131857854
2019-04-11,30.0,18.9,0.0,30.316243944444384
2019-04-12,31.1,20.6,0.3,32.02327019841567
2019-04-13,32.2,21.7,0.0,32.94917448145782
2019-04-14,31.1,22.8,5.3,33.19595416537561
2019-04-15,26.1,18.9,1.8,30.967434366904588
2019-04-16,28.3,16.1,0.0,27.4763316527378
2019-04-17,28.9,17.8,0.0,28.59431378340449
2019-04-18,31.7,17.8,1.0,32.25272841111113
2019-04-19,29.4,18.3,13.2,31.900241944515585
2019-04-20,23.3,15.6,0.0,22.988888888888887
2019-04-21,24.4,13.3,0.0,23.98722222222222
2019-04-22,27.8,14.4,0.0,26.721373591057827
2019-04-23,28.9,15.6,0.0,28.03957093897562
2019-04-24,30.6,17.2,0.0,29.70166993027563
2019-04-25,30.0,17.8,0.0,29.927305577777776
2019-04-26,30.0,21.7,0.5,31.04908144444437
2019-04-27,29.4,18.3,0.0,27.98978828193782
2019-04-28,30.6,17.2,0.0,29.807039277137847
2019-04-29,30.0,18.3,0.0,29.689165055555495
2019-04-30,31.7,21.1,0.0,32.19925999255788
2019-05-01,29.4,21.7,0.0,30.331079793937747
2019-05-02,28.9,22.8,19.1,31.015885100115636
2019-05-03,31.7,22.8,0.0,33.379843183571246
2019-05-04,31.7,21.1,15.7,33.16821562719118
2019-05-05,30.0,21.1,5.8,32.6347006444444
2019-05-06,31.7,22.2,0.0,33.6296077330646
2019-05-07,31.1,21.7,0.0,33.6296077330646
2019-05-08,31.1,21.7,0.0,30.496386040504504
2019-05-09,30.0,21.1,0.0,31.20833997777773
2019-05-10,31.7,22.2,0.0,33.379843183571246
2019-05-11,32.8,21.7,1.3,34.3537671678578
2019-05-12,30.6,22.8,8.4,33.03359425555552
2019-05-13,28.3,22.8,10.5,32.35495978132455
2019-05-14,26.7,21.7,32.3,28.64234278149107
2019-05-15,28.3,21.7,0.0,29.31698503179564
2019-05-16,29.4,19.4,0.0,29.227926396497807
2019-05-17,31.1,20.0,0.0,30.37309437673785
2019-05-18,31.1,19.4,0.0,29.745586538231123
2019-05-19,32.8,20.0,0.0,32.15124504993779
2019-05-20,31.7,22.8,0.0,33.820934725784504
2019-05-21,33.3,22.8,0.0,33.82438423757118
2019-05-22,31.7,21.7,0.0,32.023305295084555
2019-05-23,31.1,22.2,0.0,32.39278539805116
2019-05-24,31.7,20.0,0.0,31.689232329591157
2019-05-25,32.8,21.7,0.0,34.016651047591154
2019-05-26,34.4,22.2,0.0,35.10459696540446
2019-05-27,35.0,23.3,0.0,35.83018627777781
2019-05-28,36.1,23.9,0.0,36.316484243971146
2019-05-29,35.0,23.3,0.0,35.85863781863108
2019-05-30,35.6,23.9,0.0,35.32744342903122
2019-05-31,35.6,25.0,0.0,35.83018627777781
2019-06-01,35.6,25.0,0.0,37.71805098215121
2019-06-02,34.4,24.4,0.0,36.40425372780442
2019-06-03,33.9,25.6,0.0,35.781684200924495
2019-06-04,36.1,24.4,0.0,38.99620826783118
2019-06-05,34.4,24.4,6.4,37.21448419023117
2019-06-06,32.2,23.9,0.0,36.343957807751195
2019-06-07,32.8,24.4,0.0,36.45781422883556
2019-06-08,32.2,23.9,6.4,36.931999601315574
2019-06-09,33.3,22.2,38.6,37.51950270193562
2019-06-10,31.7,22.2,16.3,35.286900788051064
2019-06-11,31.1,23.3,0.0,35.31575843611568
2019-06-12,32.8,23.9,9.4,36.45781422883556
2019-06-13,29.4,23.9,22.1,33.621580418115514
2019-06-14,29.4,23.3,0.0,32.25745578348452
2019-06-15,31.7,23.3,0.0,35.55203763279115
2019-06-16,31.7,22.8,45.5,35.286900788051064
2019-06-17,31.1,23.3,19.1,35.31575843611568
2019-06-18,31.7,23.3,11.7,36.100147751724435
2019-06-19,31.7,22.8,19.3,35.55203763279115
2019-06-20,34.4,23.3,0.0,37.91852052531555
2019-06-21,35.0,26.1,0.0,39.181918055555634
2019-06-22,33.9,26.1,0.0,37.21448419023117
2019-06-23,34.4,26.1,0.0,39.011986261617736
2019-06-24,35.6,26.1,0.0,37.71805098215121
2019-06-25,36.1,24.4,0.3,40.072912089197835
2019-06-26,35.6,26.1,0.0,38.356258128515606
2019-06-27,33.3,25.6,0.0,35.22748101695786
2019-06-28,32.2,24.4,0.0,36.343957807751195
2019-06-29,30.0,24.4,2.0,33.03359425555552
2019-06-30,33.3,23.9,17.3,37.20667336761786
2019-07-01,35.0,24.4,3.6,38.846038964051104
2019-07-02,35.6,27.2,0.0,39.03336019249782
2019-07-03,36.1,26.1,13.7,40.50424907331573
2019-07-04,33.9,25.6,0.3,39.554438450015674
2019-07-05,35.6,26.1,0.0,38.58431805415117
2019-07-06,33.3,23.9,33.0,37.51950270193562
2019-07-07,32.8,24.4,7.1,36.45781422883556
2019-07-08,32.8,25.0,0.0,37.235683568124536
2019-07-09,32.8,25.0,8.9,37.67863462375107
2019-07-10,32.8,24.4,0.5,36.931999601315574
2019-07-11,33.3,23.9,0.8,37.20667336761786
2019-07-12,32.2,23.3,26.2,36.931999601315574
2019-07-13,32.2,22.8,0.0,37.235683568124536
2019-07-14,34.4,25.0,0.0,37.91852052531555
2019-07-15,34.4,25.6,0.6,37.598498363004396
2019-07-16,35.0,25.6,0.0,38.15792965555557
2019-07-17,35.0,23.9,0.0,38.49010247777784
2019-07-18,32.8,23.9,0.0,36.45781422883556
2019-07-19,35.0,24.4,0.0,37.21635105555562
2019-07-20,32.8,24.4,0.0,36.45781422883556
2019-07-21,32.8,24.4,1.5,35.889603247484416
2019-07-22,33.3,23.3,0.0,35.781684200924495
2019-07-23,32.8,24.4,8.9,35.889603247484416
2019-07-24,31.1,24.4,10.2,35.31575843611568
2019-07-25,27.8,22.8,18.5,30.284278656195674
2019-07-26,30.0,23.3,1.5,33.882145611111156
2019-07-27,32.8,22.8,0.0,34.3537671678578
2019-07-28,33.9,25.0,1.3,37.21448419023117
2019-07-29,33.9,25.0,8.1,37.20667336761786
2019-07-30,32.2,25.6,9.7,35.781684200924495
2019-07-31,34.4,23.9,3.6,38.9300934206755
2019-08-01,32.8,23.3,0.0,37.05415802092446
2019-08-02,31.1,23.3,9.9,35.31575843611568
2019-08-03,30.6,24.4,5.8,35.21891191607106
2019-08-04,32.8,25.0,0.0,37.05415802092446
2019-08-05,32.2,23.9,3.8,38.18538774865792
2019-08-06,32.8,24.4,0.5,35.889603247484416
2019-08-07,32.2,24.4,25.1,37.263807475384425
2019-08-08,33.9,23.9,15.7,38.18538774865792
2019-08-09,34.4,25.6,0.0,38.9300934206755
2019-08-10,33.3,26.1,0.0,39.541848642951145
2019-08-11,35.0,26.7,35.3,39.9103602111111
2019-08-12,34.4,25.6,10.2,41.090860604495596
2019-08-13,32.8,25.6,0.0,40.45786914243551
2019-08-14,32.2,23.9,20.6,39.541848642951145
2019-08-15,32.8,25.0,8.4,37.05415802092446
2019-08-16,30.6,24.4,1.5,35.21891191607106
2019-08-17,30.6,24.4,0.0,34.24562740051562
2019-08-18,33.9,24.4,0.0,36.91070788641558
2019-08-19,33.3,25.0,0.0,37.20667336761786
2019-08-20,32.8,24.4,1.3,35.781684200924495
2019-08-21,33.9,25.0,0.0,38.17443465370449
2019-08-22,33.3,25.0,0.0,37.67863462375107
2019-08-23,30.6,26.1,7.1,35.21891191607106
2019-08-24,33.3,25.6,0.0,38.16772704802459
2019-08-25,33.9,25.6,0.0,38.846038964051104
2019-08-26,33.9,23.3,23.1,38.85491958937559
2019-08-27,33.3,24.4,0.0,37.51950270193562
2019-08-28,33.3,26.1,0.0,38.16772704802459
2019-08-29,33.3,26.7,0.0,38.16772704802459
2019-08-30,31.1,25.6,0.0,37.1085157343645
2019-08-31,31.7,25.0,10.7,37.263807475384425
2019-09-01,33.3,26.1,1.0,38.846038964051104
2019-09-02,31.1,26.1,13.0,37.99095214327119
2019-09-03,30.0,24.4,23.6,34.331803355555614
2019-09-04,30.6,23.9,5.8,35.03801755555546
2019-09-05,35.0,27.2,0.0,40.2929255059178
2019-09-06,35.0,27.2,0.0,39.36290717779544
2019-09-07,33.9,22.2,0.0,35.25822549561561
2019-09-08,33.9,25.0,0.0,35.77663859119783
2019-09-09,35.0,25.6,0.0,36.98420724259553
2019-09-10,33.3,24.4,0.0,35.286900788051064
2019-09-11,32.8,24.4,0.0,36.45781422883556
2019-09-12,32.8,25.0,0.3,36.45781422883556
2019-09-13,30.6,26.1,0.0,34.722588831484536
2019-09-14,31.7,25.6,2.8,36.68049771557119
2019-09-15,31.7,25.0,0.0,36.100147751724435
2019-09-16,32.8,25.6,0.0,39.011986261617736
2019-09-17,34.4,24.4,0.0,34.87041881713777
2019-09-18,32.2,25.0,1.0,35.286900788051064
2019-09-19,30.6,23.9,0.0,30.680156280497766
2019-09-20,28.3,22.8,0.3,30.28317007140459
2019-09-21,29.4,22.2,0.0,30.915363245315625
2019-09-22,30.6,22.2,0.0,31.617318406151192
2019-09-23,30.6,22.2,0.0,31.285569377315557
2019-09-24,32.2,21.1,0.0,31.725273249617764
2019-09-25,33.3,22.2,0.0,33.61686139803551
2019-09-26,32.2,23.3,0.0,33.356838967857776
2019-09-27,32.2,23.9,0.0,32.755005308284495
2019-09-28,31.1,23.9,0.0,35.31575843611568
2019-09-29,32.2,22.8,1.3,34.73444154748442
2019-09-30,32.2,23.9,1.0,34.73444154748442
2019-10-01,31.1,23.3,1.8,32.78368005370444
2019-10-02,31.7,23.9,0.0,33.379843183571246
2019-10-03,31.7,23.3,0.0,33.379843183571246
2019-10-04,32.8,22.8,0.0,35.889603247484416
2019-10-05,31.7,23.3,0.3,34.28580817393564
2019-10-06,30.6,23.9,4.1,33.34978949943118
2019-10-07,28.3,23.9,4.8,32.69051061163565
2019-10-08,28.9,23.3,0.3,32.876041529064565
2019-10-09,26.7,23.3,1.8,29.011609843635508
2019-10-10,28.9,23.3,1.0,31.98403855947564
2019-10-11,30.0,22.2,0.0,30.454350755555513
2019-10-12,30.6,20.6,0.0,30.276920798631156
2019-10-13,30.6,20.6,0.0,30.276920798631156
2019-10-14,31.1,21.7,0.0,31.846529894604444
2019-10-15,30.6,22.2,0.0,32.15124504993779
2019-10-16,31.7,23.3,0.0,35.55203763279115
2019-10-17,28.3,22.2,0.0,29.10017681673787
2019-10-18,26.7,20.0,9.1,27.962515993535547
2019-10-19,28.9,23.3,80.5,31.98403855947564
2019-10-20,31.1,23.9,0.0,33.78802762316448
2019-10-21,31.1,22.8,0.3,34.80727677236455
2019-10-22,33.3,22.8,0.0,36.45781422883556
2019-10-23,28.3,21.7,0.0,31.648926787671186
2019-10-24,30.6,21.7,0.0,35.21891191607106
2019-10-25,30.6,23.9,32.0,33.78802762316448
2019-10-26,30.6,23.3,18.3,34.722588831484536
2019-10-27,31.7,23.9,0.0,35.286900788051064
2019-10-28,33.3,23.9,0.0,36.60358037643559
2019-10-29,31.7,24.4,0.0,35.31575843611568
2019-10-30,32.2,24.4,0.0,35.24517878083567
2019-10-31,32.8,23.3,0.0,35.616047560835526
2019-11-01,26.7,20.6,0.0,31.55937428402463
2019-11-02,30.0,19.4,0.0,31.539548077777795
2019-11-03,26.7,19.4,0.0,27.25004875993561
2019-11-04,28.3,21.1,0.5,30.28317007140459
2019-11-05,29.4,21.1,1.3,31.229195675431228
2019-11-06,29.4,22.8,0.0,32.25745578348452
2019-11-07,30.0,22.2,0.0,32.25272841111113
2019-11-08,27.8,20.0,5.3,30.284278656195674
2019-11-09,25.6,16.7,10.9,25.638888888888893
2019-11-10,26.7,15.6,0.0,26.57194444444444
2019-11-11,28.3,17.8,0.0,28.601447857571216
2019-11-12,29.4,17.8,0.0,29.227926396497807
2019-11-13,20.6,13.3,0.0,24.45722222222222
2019-11-14,26.7,17.8,0.8,27.47501360605107
2019-11-15,23.3,16.1,0.8,23.6025
2019-11-16,17.2,11.7,0.0,17.89277777777778
2019-11-17,13.3,10.0,0.0,12.97194444444444
2019-11-18,22.8,11.7,0.0,22.568333333333342
2019-11-19,21.7,13.3,0.0,21.217499999999994
2019-11-20,23.9,11.7,0.0,23.48833333333333
2019-11-21,25.0,12.2,0.0,24.865277777777774
2019-11-22,26.1,14.4,0.0,26.007222222222232
2019-11-23,27.2,14.4,0.0,27.12101463745771
2019-11-24,22.2,12.8,11.2,22.108055555555545
2019-11-25,19.4,10.0,0.0,18.985277777777778
2019-11-26,23.3,10.0,0.0,23.014999999999997
2019-11-27,25.6,11.7,0.0,25.53444444444444
2019-11-28,28.9,17.8,0.0,27.4763316527378
2019-11-29,26.7,15.0,0.0,26.637222222222224
2019-11-30,27.2,14.4,0.0,26.611111111111114
2019-12-01,28.3,17.8,0.0,29.10017681673787
2019-12-02,23.9,10.6,0.8,25.76944444444444
2019-12-03,15.6,6.1,0.0,14.98222222222222
2019-12-04,18.3,10.6,0.0,17.621388888888887
2019-12-05,21.1,8.9,0.0,20.496111111111112
2019-12-06,24.4,11.1,0.0,24.248333333333335
2019-12-07,25.6,12.2,0.0,25.41694444444444
2019-12-08,27.2,15.0,0.0,27.416236963591118
2019-12-09,27.2,15.6,0.0,27.543531976835535
2019-12-10,29.4,16.7,5.3,30.331079793937747
2019-12-11,26.1,18.3,1.5,26.46416666666667
2019-12-12,24.4,19.4,9.7,24.613888888888894
2019-12-13,22.8,20.6,5.1,23.142777777777784
2019-12-14,24.4,15.0,13.2,24.35277777777778
2019-12-15,25.0,12.2,0.0,24.760833333333338
2019-12-16,28.3,13.9,0.0,28.601447857571216
2019-12-17,28.3,20.0,25.1,30.967434366904588
2019-12-18,20.6,10.0,0.0,22.525833333333324
2019-12-19,21.1,8.9,0.0,20.73111111111111
2019-12-20,23.9,13.3,0.0,23.801666666666662
2019-12-21,23.3,18.9,1.0,23.276111111111106
2019-12-22,23.3,18.9,10.2,23.485
2019-12-23,23.9,14.4,24.9,22.134166666666665
2019-12-24,18.3,13.3,0.0,18.339444444444442
2019-12-25,25.6,18.3,0.0,25.691111111111113
2019-12-26,26.1,17.2,0.0,26.24222222222223
2019-12-27,25.6,18.9,9.4,25.71722222222222
2019-12-28,26.1,21.1,3.6,26.333611111111118
2019-12-29,26.7,22.2,11.7,28.292644831457842
2019-12-30,26.1,22.2,0.0,26.37277777777778
2019-12-31,20.6,20.6,0.0,24.193333333333335
2020-01-01,21.1,12.2,0.0,20.522222222222222
2020-01-02,27.2,12.8,0.0,27.23515810385777
2020-01-03,28.9,20.0,0.0,31.015885100115636
2020-01-04,27.2,17.2,10.4,28.751274357351114
2020-01-05,17.8,8.9,0.0,18.76055555555556
2020-01-06,20.0,7.8,0.0,19.314999999999998
2020-01-07,22.2,9.4,0.0,21.912222222222212
2020-01-08,20.0,10.6,0.0,19.44555555555556
2020-01-09,25.6,11.1,0.0,25.469166666666663
2020-01-10,27.2,16.1,0.0,27.884784716924493
2020-01-11,29.4,20.6,0.3,30.6159912848178
2020-01-12,28.9,20.0,0.5,30.717955184364623
2020-01-13,28.9,20.0,0.0,28.59431378340449
2020-01-14,28.3,17.2,0.0,28.76327423575113
2020-01-15,27.8,20.6,0.0,28.76327423575113
2020-01-16,27.8,19.4,0.0,28.312649868817804
2020-01-17,25.0,18.9,0.0,25.638888888888893
2020-01-18,25.6,16.1,0.0,25.45611111111111
2020-01-19,25.0,18.3,0.0,25.008888888888894
2020-01-20,19.4,8.3,0.0,22.920833333333334
2020-01-21,12.8,5.0,0.0,12.80222222222222
2020-01-22,12.2,1.7,0.0,11.882222222222225
2020-01-23,21.1,11.7,4.6,21.07055555555556
2020-01-24,24.4,14.4,0.0,24.405
2020-01-25,20.6,11.7,0.0,21.72666666666667
2020-01-26,19.4,8.9,0.0,18.828611111111115
2020-01-27,21.7,13.3,0.0,21.217499999999994
2020-01-28,20.6,11.7,0.0,20.088611111111106
2020-01-29,22.8,8.9,0.0,22.594444444444452
2020-01-30,21.7,12.2,0.0,21.58305555555556
2020-01-31,23.3,15.0,0.0,23.302222222222216
2020-02-01,17.8,12.8,4.1,20.61083333333333
2020-02-02,17.8,8.9,0.0,17.200833333333335
2020-02-03,23.3,8.3,0.0,22.923611111111104
2020-02-04,23.9,11.7,0.0,23.775555555555552
2020-02-05,26.7,13.9,0.0,27.360965654024444
2020-02-06,30.0,20.6,0.0,30.6159912848178
2020-02-07,26.1,11.1,5.3,28.33768810961774
2020-02-08,21.1,8.3,0.0,20.691944444444445
2020-02-09,24.4,12.2,0.0,24.23527777777778
2020-02-10,27.8,13.9,0.0,27.987237679591207
2020-02-11,29.4,18.3,0.0,29.682065621315626
2020-02-12,30.0,19.4,0.0,31.04908144444437
2020-02-13,31.1,21.7,0.0,31.617318406151192
2020-02-14,23.9,15.6,0.5,29.31698503179564
2020-02-15,25.0,14.4,0.0,24.982777777777773
2020-02-16,27.8,15.6,2.3,28.030491895751087
2020-02-17,27.8,18.3,0.0,28.146045184835597
2020-02-18,30.0,18.9,0.0,30.743255411111097
2020-02-19,28.9,21.7,0.0,29.65017504153784
2020-02-20,28.9,20.0,0.0,29.65017504153784
2020-02-21,17.2,9.4,0.8,27.47501360605107
2020-02-22,21.1,7.8,0.0,20.796388888888895
2020-02-23,24.4,11.1,0.0,24.117777777777782
2020-02-24,26.7,12.8,0.0,26.53277777777778
2020-02-25,29.4,17.8,0.0,29.682065621315626
2020-02-26,26.1,17.8,13.7,27.8139038595378
2020-02-27,17.8,9.4,0.3,18.96944444444444
2020-02-28,17.8,7.2,0.0,17.005000000000006
2020-02-29,19.4,8.9,0.3,18.645833333333332
2020-03-01,22.2,7.2,0.0,21.690277777777773
2020-03-02,25.0,11.7,0.0,24.826111111111118
2020-03-03,29.4,15.6,0.0,28.655171081404482
2020-03-04,31.1,18.9,0.0,31.348378167197765
2020-03-05,32.8,21.7,0.0,34.59215684108437
2020-03-06,25.6,16.7,0.5,29.47601872620456
2020-03-07,17.8,9.4,0.0,20.574444444444445
2020-03-08,23.3,10.0,0.0,22.923611111111104
2020-03-09,24.4,15.0,0.0,24.196111111111108
2020-03-10,26.1,16.7,0.0,26.02027777777778
2020-03-11,28.3,16.7,0.0,27.656826412984522
2020-03-12,28.9,18.3,0.0,27.97271591321781
2020-03-13,29.4,17.2,0.0,28.572364773137767
2020-03-14,30.0,17.8,0.0,29.36368185555555
2020-03-15,31.1,17.8,0.0,30.37309437673785
2020-03-16,27.2,19.4,0.0,27.884784716924493
2020-03-17,30.0,18.3,0.0,29.689165055555495
2020-03-18,31.1,18.9,0.0,30.759003960051196
2020-03-19,30.6,18.3,0.0,30.680156280497766
2020-03-20,30.6,18.3,0.0,30.03229921107551
2020-03-21,31.7,18.9,0.0,30.958095754335634
2020-03-22,30.6,20.0,0.0,30.406492212515545
2020-03-23,30.6,20.6,0.0,30.276920798631156
2020-03-24,31.1,20.6,0.0,30.37309437673785
2020-03-25,31.1,21.1,0.0,30.898330215831233
2020-03-26,30.6,22.2,0.0,30.824248934595516
2020-03-27,32.2,21.1,0.0,32.21115006887111
2020-03-28,33.3,20.0,0.0,33.22438139641778
2020-03-29,32.8,18.9,0.0,33.07112638487102
2020-03-30,32.8,22.8,0.0,32.35669658323555
2020-03-31,32.2,22.8,8.1,32.21115006887111
2020-04-01,24.4,16.1,4.3,28.76327423575113
2020-04-02,26.1,15.0,0.0,25.785277777777782
2020-04-03,28.9,15.6,0.0,27.636654006764484
2020-04-04,30.6,16.7,0.0,29.171102530595565
2020-04-05,23.3,17.8,7.4,26.08555555555556
2020-04-06,27.8,17.8,0.0,27.49281419379563
2020-04-07,30.0,17.8,0.0,29.36368185555555
2020-04-08,32.8,21.1,0.0,34.3537671678578
2020-04-09,32.2,23.3,0.0,33.356838967857776
2020-04-10,28.9,18.9,0.0,29.543688464791305
2020-04-11,28.9,17.8,0.0,28.258726944275562
2020-04-12,32.8,21.7,0.0,36.45781422883556
2020-04-13,35.0,25.6,0.0,35.75535508329567
2020-04-14,33.9,24.4,0.0,35.25822549561561
2020-04-15,32.2,22.2,1.0,34.73444154748442
2020-04-16,21.7,16.7,3.3,23.6025
2020-04-17,27.8,18.3,0.0,28.957169045315645
2020-04-18,27.8,22.2,11.7,29.47601872620456
2020-04-19,33.3,22.8,0.0,34.261995594095616
2020-04-20,30.6,22.8,0.8,32.50994487721565
2020-04-21,30.0,20.0,0.0,28.905816744444436
2020-04-22,28.9,19.4,0.0,27.636654006764484
2020-04-23,32.8,20.0,0.0,34.3537671678578
2020-04-24,27.8,21.1,16.5,31.96842908860448
2020-04-25,30.6,20.6,0.0,34.24562740051562
2020-04-26,31.1,22.2,0.0,32.62913009207105
2020-04-27,27.2,17.2,0.0,26.376111111111115
2020-04-28,28.9,16.7,0.0,28.258726944275562
2020-04-29,30.6,17.2,0.0,30.03229921107551
2020-04-30,27.8,20.0,15.2,28.181459693315517
2020-05-01,27.8,16.7,0.0,26.68972755820452
2020-05-02,31.1,17.8,0.0,29.09490028538446
2020-05-03,31.7,18.3,0.0,29.87279721940449
2020-05-04,32.2,20.6,0.0,31.297374850524463
2020-05-05,32.8,21.7,0.0,32.69984507868445
2020-05-06,32.2,22.2,0.0,31.725273249617764
2020-05-07,25.0,16.7,0.0,28.39887615283563
2020-05-08,30.0,13.3,0.0,28.442480055555563
2020-05-09,28.9,20.6,0.0,29.300882540051173
2020-05-10,27.8,21.1,0.0,28.76327423575113
2020-05-11,31.1,19.4,0.0,29.65970892249557
2020-05-12,30.6,20.0,0.0,29.171102530595565
2020-05-13,30.0,18.9,0.0,29.36368185555555
2020-05-14,30.0,20.6,0.0,29.927305577777776
2020-05-15,30.6,20.0,0.8,31.617318406151192
2020-05-16,28.9,23.3,3.3,31.326208967884572
2020-05-17,33.3,23.3,0.0,33.89808742945776
2020-05-18,31.1,22.8,0.5,31.648926787671186
2020-05-19,34.4,22.8,0.0,33.57033428108443
2020-05-20,34.4,21.7,0.0,34.427815724817805
2020-05-21,35.0,22.8,5.3,36.92080481111116
2020-05-22,35.6,21.1,0.0,36.558321442275684
2020-05-23,34.4,23.3,0.0,35.10459696540446
2020-05-24,31.1,24.4,0.3,33.19595416537561
2020-05-25,25.0,22.8,5.6,29.105816139857836
2020-05-26,32.2,23.3,5.1,35.286900788051064
2020-05-27,30.0,23.9,5.6,35.03801755555546
2020-05-28,33.9,21.7,51.4,37.84634757387565
2020-05-29,33.9,21.7,0.5,35.77663859119783
2020-05-30,34.4,22.8,30.0,36.32746605479784
2020-05-31,34.4,21.1,0.0,34.644825070275566
2020-06-01,32.2,25.0,0.0,35.24517878083567
2020-06-02,28.9,24.4,8.1,31.326208967884572
2020-06-03,28.9,23.9,0.3,31.015885100115636
2020-06-04,26.1,23.3,52.6,26.503333333333345
2020-06-05,32.2,22.8,2.8,34.48873600083557
2020-06-06,27.8,22.8,16.8,32.96658597064901
2020-06-07,30.0,23.3,26.4,35.03801755555546
2020-06-08,32.8,24.4,0.0,37.67863462375107
2020-06-09,34.4,23.9,0.8,37.598498363004396
2020-06-10,34.4,24.4,3.8,36.40425372780442
2020-06-11,32.8,24.4,1.0,36.68049771557119
2020-06-12,32.2,23.9,0.0,34.016651047591154
2020-06-13,31.1,25.0,0.0,32.78368005370444
2020-06-14,32.2,23.3,12.4,33.356838967857776
2020-06-15,32.8,23.9,0.0,32.39278539805116
2020-06-16,31.7,21.7,0.3,31.689232329591157
2020-06-17,31.7,21.7,2.5,32.56900581695783
2020-06-18,32.8,23.3,51.1,35.781684200924495
2020-06-19,32.8,24.4,2.5,35.09003579559113
2020-06-20,34.4,23.3,0.0,36.03057495519112
2020-06-21,33.9,24.4,0.0,35.77663859119783
2020-06-22,34.4,22.8,76.7,36.98420724259553
2020-06-23,34.4,23.9,0.3,37.91852052531555
2020-06-24,35.0,26.1,0.0,39.181918055555634
2020-06-25,36.1,25.6,0.0,38.99620826783118
2020-06-26,35.6,26.1,0.0,39.181918055555634
2020-06-27,35.0,26.1,0.0,36.3571822555555
2020-06-28,35.0,26.7,0.0,37.83491347777776
2020-06-29,35.6,26.7,0.3,39.03336019249782
2020-06-30,35.6,27.2,0.0,38.03229269063124
2020-07-01,35.0,23.3,7.4,38.18538774865792
2020-07-02,33.9,25.6,18.5,37.84634757387565
2020-07-03,32.2,26.1,1.8,36.67203977659556
2020-07-04,33.3,24.4,9.9,36.60358037643559
2020-07-05,33.9,23.9,11.2,37.84634757387565
2020-07-06,33.9,23.9,9.1,37.84634757387565
2020-07-07,32.8,24.4,0.5,37.67863462375107
2020-07-08,31.1,26.1,9.9,35.845619555884504
2020-07-09,34.4,26.7,0.8,38.9300934206755
2020-07-10,34.4,26.1,18.8,40.31313256477118
2020-07-11,33.3,25.0,7.4,41.06150013175797
2020-07-12,35.0,25.0,0.0,39.011986261617736
2020-07-13,35.0,25.6,0.0,38.49010247777784
2020-07-14,34.4,26.7,41.1,40.018925928675564
2020-07-15,35.0,25.0,7.9,38.85491958937559
2020-07-16,33.3,25.0,0.0,37.235683568124536
2020-07-17,33.9,26.1,0.0,37.20667336761786
2020-07-18,33.3,25.6,0.0,37.20667336761786
2020-07-19,34.4,26.1,0.0,38.85491958937559
2020-07-20,31.7,25.0,3.0,36.100147751724435
2020-07-21,33.3,26.1,4.3,37.267713707404496
2020-07-22,32.2,25.0,2.0,37.1085157343645
2020-07-23,30.6,25.0,12.4,36.544426862115614
2020-07-24,33.3,23.9,0.0,38.16772704802459
2020-07-25,33.9,25.6,0.0,37.84634757387565
2020-07-26,32.8,26.1,0.0,37.67863462375107
2020-07-27,33.9,23.9,5.6,37.21448419023117
2020-07-28,31.7,24.4,2.8,36.100147751724435
2020-07-29,32.8,25.0,5.6,37.67863462375107
2020-07-30,35.6,25.0,0.3,38.03229269063124
2020-07-31,35.0,26.1,0.0,38.49010247777784
2020-08-01,35.0,26.1,0.0,37.83491347777776
2020-08-02,31.7,26.7,2.0,36.100147751724435
2020-08-03,34.4,26.1,0.0,38.58431805415117
2020-08-04,35.0,25.6,13.5,40.288316255555614
2020-08-05,33.3,24.4,29.0,37.51950270193562
2020-08-06,34.4,24.4,24.6,37.91852052531555
2020-08-07,35.6,23.9,0.0,39.03336019249782
2020-08-08,34.4,24.4,0.0,38.58431805415117
2020-08-09,35.0,22.8,34.0,38.58431805415117
2020-08-10,34.4,25.6,4.3,38.85491958937559
2020-08-11,34.4,25.6,0.0,37.51950270193562
2020-08-12,33.3,25.6,3.0,37.20667336761786
2020-08-13,33.9,26.7,4.8,37.8871695441513
2020-08-14,35.6,26.1,0.0,39.386496818595646
2020-08-15,34.4,26.7,7.9,38.58431805415117
2020-08-16,33.9,25.6,18.8,37.84634757387565
2020-08-17,32.8,25.0,1.0,37.05415802092446
2020-08-18,33.3,23.9,4.3,37.51950270193562
2020-08-19,31.1,24.4,0.0,35.845619555884504
2020-08-20,32.8,24.4,2.5,37.67863462375107
2020-08-21,32.2,24.4,2.8,39.47375485087112
2020-08-22,32.8,25.0,3.3,39.541848642951145
2020-08-23,34.4,25.6,1.5,41.090860604495596
2020-08-24,33.9,27.2,5.3,41.090860604495596
2020-08-25,35.0,27.8,0.0,41.8917068777778
2020-08-26,35.0,27.2,0.0,41.07169827777786
2020-08-27,32.8,26.7,3.6,39.47375485087112
2020-08-28,33.9,26.1,0.0,39.011986261617736
2020-08-29,34.4,27.2,0.8,40.018925928675564
2020-08-30,30.6,25.0,8.9,36.544426862115614
2020-08-31,30.6,24.4,16.8,37.1085157343645
2020-09-01,33.9,25.0,0.0,39.36290717779544
2020-09-02,33.9,25.6,24.1,39.554438450015674
2020-09-03,35.6,26.1,0.0,39.386496818595646
2020-09-04,35.6,27.2,0.5,41.70951489267559
2020-09-05,35.6,27.2,0.0,39.386496818595646
2020-09-06,33.3,26.7,0.0,38.85073410243562
2020-09-07,31.7,25.6,4.1,35.286900788051064
2020-09-08,33.9,25.0,0.0,38.17443465370449
2020-09-09,32.8,24.4,102.9,37.05415802092446
2020-09-10,32.2,25.0,0.0,38.18538774865792
2020-09-11,32.8,26.1,3.6,40.25873137020457
2020-09-12,30.6,25.0,8.9,37.1085157343645
2020-09-13,30.0,24.4,9.9,36.83391274444452
2020-09-14,32.2,25.0,7.3,38.81561699499565
2020-09-15,32.8,25.6,0.0,37.67863462375107
2020-09-16,33.3,24.4,0.0,38.846038964051104
2020-09-17,32.8,26.1,6.6,38.33124403731548
2020-09-18,33.3,26.1,0.0,37.67863462375107
2020-09-19,32.8,23.9,3.8,37.235683568124536
2020-09-20,27.8,25.6,34.8,33.39545786224022
2020-09-21,30.0,24.4,0.0,31.539548077777795
2020-09-22,30.0,23.3,0.0,30.316243944444384
2020-09-23,30.6,22.2,0.0,31.96842908860448
2020-09-24,32.8,23.3,0.0,35.24517878083567
2020-09-25,34.4,25.0,0.0,38.9300934206755
2020-09-26,34.4,25.0,0.3,39.64739735793769
2020-09-27,33.3,23.9,38.4,37.51950270193562
2020-09-28,31.1,23.9,4.8,37.263807475384425
2020-09-29,32.2,23.9,19.3,37.235683568124536
2020-09-30,26.1,18.9,0.6,26.137777777777778
2020-10-01,28.9,21.7,0.0,30.159277208915682
2020-10-02,28.9,20.0,0.0,28.59431378340449
2020-10-03,27.2,21.1,2.0,29.578584348391068
2020-10-04,26.7,23.3,0.5,29.24256325473562
2020-10-05,29.4,23.3,0.0,34.04386637036451
2020-10-06,33.9,25.0,0.0,39.011986261617736
2020-10-07,33.9,25.6,2.5,38.17443465370449
2020-10-08,32.8,25.0,0.0,37.05415802092446
2020-10-09,30.6,24.4,1.0,35.99969964348455
2020-10-10,32.8,23.9,0.0,37.67863462375107
2020-10-11,32.8,25.0,16.5,38.33124403731548
2020-10-12,31.1,23.9,0.0,32.39278539805116
2020-10-13,31.1,23.9,0.0,32.39278539805116
2020-10-14,32.2,22.2,0.0,33.57033428108443
2020-10-15,32.8,22.8,0.0,34.48873600083557
2020-10-16,32.2,23.9,0.0,34.016651047591154
2020-10-17,30.0,22.8,7.6,32.6347006444444
2020-10-18,28.9,22.8,0.5,32.50994487721565
2020-10-19,29.4,23.3,25.1,32.25745578348452
2020-10-20,30.0,24.4,0.0,35.03801755555546
2020-10-21,30.6,23.3,0.8,34.24562740051562
2020-10-22,29.4,23.9,5.6,33.21375493548445
2020-10-23,28.9,23.3,6.1,31.648926787671186
2020-10-24,30.6,22.8,0.0,33.78802762316448
2020-10-25,32.2,23.3,0.0,36.343957807751195
2020-10-26,30.6,22.8,0.0,35.21891191607106
2020-10-27,31.7,25.0,0.0,37.267713707404496
2020-10-28,31.7,24.4,0.0,36.100147751724435
2020-10-29,32.8,25.0,0.0,37.67863462375107
2020-10-30,26.7,19.4,0.0,31.648926787671186
2020-10-31,29.4,17.8,0.0,30.331079793937747
2020-11-01,29.4,22.8,24.0,32.62913009207105
2020-11-02,22.8,15.6,0.0,26.503333333333345
2020-11-03,25.6,13.9,0.0,25.495277777777776
2020-11-04,26.7,16.7,0.0,26.637222222222224
2020-11-05,28.3,20.6,0.0,30.026780984595675
2020-11-06,28.3,21.1,0.0,29.66075088801562
2020-11-07,29.4,22.8,0.0,30.967434366904588
2020-11-08,26.7,23.3,2.0,28.430175718017736
2020-11-09,27.2,25.0,11.7,30.084231424035554
2020-11-10,28.9,25.6,14.2,33.25453213293112
2020-11-11,30.0,24.4,1.5,34.331803355555614
2020-11-12,28.9,24.4,15.5,32.50994487721565
2020-11-13,26.7,22.8,0.0,28.430175718017736
2020-11-14,27.8,21.7,0.0,29.926185775235595
2020-11-15,30.0,21.7,27.2,33.44940924444435
2020-11-16,27.2,21.1,1.8,28.751274357351114
2020-11-17,25.0,15.6,0.0,24.865277777777774
2020-11-18,24.4,13.9,0.0,24.248333333333335
2020-11-19,24.4,16.1,0.0,24.37888888888889
2020-11-20,26.1,18.3,0.0,26.1638888888889
2020-11-21,26.7,19.4,0.5,27.592192616015534
2020-11-22,25.0,20.0,2.5,25.309166666666666
2020-11-23,25.6,18.3,0.0,25.50833333333333
2020-11-24,26.7,17.2,0.0,27.08954415243555
2020-11-25,28.3,17.8,0.0,28.41927290529559
2020-11-26,28.3,17.8,0.0,28.696246040435614
2020-11-27,28.3,20.0,0.0,28.696246040435614
2020-11-28,28.3,18.9,0.0,28.696246040435614
2020-11-29,26.7,20.6,0.0,27.71250268391774
2020-11-30,22.8,15.6,0.8,23.984444444444442
2020-12-01,13.9,7.2,0.0,16.91027777777777
2020-12-02,16.1,5.0,0.0,15.272222222222227
2020-12-03,23.3,8.9,0.0,23.09333333333333
2020-12-04,24.4,15.6,0.0,24.37888888888889
2020-12-05,22.8,15.0,0.0,22.516111111111115
2020-12-06,22.2,11.7,1.0,21.873055555555553
2020-12-07,17.8,12.8,5.1,19.745833333333326
2020-12-08,14.4,6.7,0.0,14.6525
2020-12-09,16.1,6.1,0.0,15.468055555555557
2020-12-10,21.7,8.3,0.0,21.41333333333334
2020-12-11,22.8,8.9,0.0,22.54222222222223
2020-12-12,23.3,12.8,0.3,23.45888888888889
2020-12-13,26.7,16.1,0.0,27.71250268391774
2020-12-14,26.7,19.4,0.0,28.15824500283553
2020-12-15,23.9,15.6,0.0,23.958333333333332
2020-12-16,25.6,15.6,4.8,25.74333333333333
2020-12-17,20.0,10.6,0.0,22.473611111111104
2020-12-18,16.1,5.6,0.0,15.441944444444447
2020-12-19,22.2,9.4,0.0,22.05583333333332
2020-12-20,25.0,12.2,10.2,25.087222222222227
2020-12-21,21.1,14.4,0.0,22.40833333333332
2020-12-22,22.2,10.6,0.0,21.781666666666663
2020-12-23,24.4,9.4,0.0,24.248333333333335
2020-12-24,27.8,14.4,3.0,28.499177144657796
2020-12-25,12.2,4.4,2.0,25.113333333333337
2020-12-26,11.7,3.3,0.0,10.665277777777781
2020-12-27,21.1,5.6,0.0,20.75722222222222
2020-12-28,23.9,12.2,0.0,23.749444444444443
2020-12-29,23.3,13.9,0.0,23.223888888888887
2020-12-30,26.1,13.9,0.0,26.08555555555556
2020-12-31,20.6,20.6,0.0,29.10017681673787
