date,tmax,tmin,prcp,heat_index,tavg,prcp_flag,tmax_lag1,hot_days_prior3,hot_days_prior7,doy_sin,doy_cos,month,state,heat_index_filled,tmax_sq,tmax_lag1_sq,hi_sq,tmax_x_hi,r_screening,r_model_dayahead,r_model_sameday
2023-01-01,21.1,8.9,0.0,20.87472222222222,15.0,0.0,21.1,0.0,0.0,0.017201575418260506,0.9998520419557735,1,Georgia,20.87472222222222,445.21000000000004,445.21000000000004,435.7540278549382,440.4566388888889,0.0,0.1672772025744825,0.12629196278824925
2023-01-02,18.3,6.7,0.0,18.509166666666662,12.5,0.0,21.1,0.0,0.0,0.03439806061360801,0.9994082116062598,1,Georgia,18.509166666666662,334.89000000000004,445.21000000000004,342.5892506944443,338.7177499999999,0.0,0.16720190028525644,0.08116478424123824
2023-01-03,21.1,13.9,0.0,21.253333333333334,17.5,0.0,18.3,0.0,0.0,0.051584366869408364,0.9986686402879997,1,Georgia,21.253333333333334,445.21000000000004,334.89000000000004,451.7041777777778,448.4453333333334,0.0,0.12315176241097521,0.12022969311774089
2023-01-04,20.6,8.3,24.4,20.245277777777773,14.450000000000001,1.0,21.1,0.0,0.0,0.06875540848113941,0.9976335468520451,1,Georgia,20.245277777777773,424.36000000000007,445.21000000000004,409.8712722993825,417.05272222222214,0.0,0.16705358717368066,0.12059959309101699
2023-01-05,16.7,5.0,0.0,15.915277777777773,10.85,0.0,20.6,0.0,0.0,0.08590610426133272,0.9963032375991965,1,Georgia,15.915277777777773,278.89,424.36000000000007,253.296066743827,265.7851388888888,0.0,0.15772301498088562,0.06551999845614817
2023-01-06,13.9,2.2,0.0,13.06666666666667,8.05,0.0,16.7,0.0,0.0,0.10303137904317879,0.9946781061893646,1,Georgia,13.06666666666667,193.21,278.89,170.73777777777786,181.62666666666672,0.0,0.10498593433804786,0.048112242575831965
2023-01-07,17.8,0.6,0.0,17.200833333333335,9.200000000000001,0.0,13.9,0.0,0.0,0.1201261651823505,0.9927586335250793,1,Georgia,17.200833333333335,316.84000000000003,193.21,295.8686673611112,306.17483333333337,0.0,0.08202264739258185,0.09061836613527863
2023-01-08,16.7,8.3,0.0,16.47666666666667,12.5,0.0,17.8,0.0,0.0,0.13718540405660057,0.9905453876091833,1,Georgia,16.47666666666667,278.89,316.84000000000003,271.48054444444455,275.16033333333337,0.0,0.11679642557360208,0.06363142587754633
2023-01-09,12.2,3.3,0.0,13.836944444444448,7.75,0.0,16.7,0.0,0.0,0.1542040475626894,0.988039023376751,1,Georgia,13.836944444444448,148.83999999999997,278.89,191.46103155864208,168.81072222222227,0.0,0.10484883401051508,0.035810989844103344
2023-01-10,16.7,0.0,0.0,15.980555555555554,8.35,0.0,12.2,0.0,0.0,0.17117705961019986,0.985240282501282,1,Georgia,15.980555555555554,278.89,148.83999999999997,255.37815586419748,266.87527777777774,0.0,0.07193806271511743,0.07887213253419408
2023-01-11,18.3,2.8,0.0,18.195833333333333,10.55,0.0,16.7,0.0,0.0,0.18809941761179758,0.9821499931752291,1,Georgia,18.195833333333333,334.89000000000004,278.89,331.08835069444444,332.98375,0.0,0.10476033568594656,0.09221942740411956
2023-01-12,21.1,11.7,0.0,21.01833333333333,16.4,0.0,18.3,0.0,0.0,0.20496611396949532,0.9787690698649216,1,Georgia,21.01833333333333,445.21000000000004,334.89000000000004,441.770336111111,443.4868333333333,0.0,0.12267460663913038,0.12592404267815305
2023-01-13,11.1,2.8,0.0,13.797777777777776,6.949999999999999,0.0,21.1,0.0,0.0,0.22177215755648186,0.975098513039961,1,Georgia,13.797777777777776,123.21,445.21000000000004,190.37867160493823,153.15533333333332,0.0,0.1664280482412636,0.029212682635417073
2023-01-14,6.1,0.6,0.0,4.968055555555561,3.3499999999999996,0.0,11.1,0.0,0.0,0.23851257519407648,0.9711394088771653,1,Georgia,4.968055555555561,37.209999999999994,123.21,24.681576003086477,30.305138888888923,0.0,0.06656803510131593,0.023280374347289835
2023-01-15,13.3,-2.2,0.0,12.253888888888886,5.550000000000001,0.0,6.1,0.0,0.0,0.2551824131233728,0.9668929289391521,1,Georgia,12.253888888888886,176.89000000000001,37.209999999999994,150.1577929012345,162.97672222222218,0.0,0.05116463078917771,0.05472905917800456
2023-01-16,16.7,-1.7,0.0,16.01972222222222,7.5,0.0,13.3,0.0,0.0,0.2717767384711357,0.9623603298276545,1,Georgia,16.01972222222222,278.89,176.89000000000001,256.63150007716047,267.5293611111111,0.0,0.07791803961995371,0.08070644454285807
2023-01-17,15.6,10.0,0.0,15.621944444444447,12.8,0.0,16.7,0.0,0.0,0.2882906407095177,0.9575429528116719,1,Georgia,15.621944444444447,243.35999999999999,278.89,244.0451482253087,243.70233333333337,0.0,0.10450984781691086,0.05300024121371006
2023-01-18,18.3,13.3,0.0,17.853611111111118,15.8,0.0,15.6,0.0,0.0,0.3047192331091634,0.9524422234305676,1,Georgia,17.853611111111118,334.89000000000004,243.35999999999999,318.75142970679036,326.72108333333347,0.0,0.09438240052170703,0.07751026455888496
2023-01-19,22.2,13.9,0.0,21.690277777777773,18.05,0.0,18.3,0.0,0.0,0.321057654185271,0.9470596510722283,1,Georgia,21.690277777777773,492.84,334.89000000000004,470.46815007716026,481.52416666666653,0.0,0.12234329277547497,0.14742906069397654
2023-01-20,14.4,5.6,0.0,17.595277777777774,10.0,0.0,22.2,0.0,0.0,0.3373010691361842,0.9413968285264122,1,Georgia,17.595277777777774,207.36,492.84,309.5938000771604,253.37199999999996,0.0,0.1888717125833337,0.04413699437456291
2023-01-21,10.0,2.8,1.1,9.128333333333332,6.4,1.0,14.4,0.0,0.0,0.3534446712740877,0.9354554315134164,1,Georgia,9.128333333333332,100.0,207.36,83.32646944444443,91.28333333333332,0.0,0.08498163077146341,0.03165317782371621
2023-01-22,7.8,4.4,0.0,8.103888888888891,6.1,0.0,10.0,0.0,0.0,0.3694836834473831,0.9292372181882051,1,Georgia,8.103888888888891,60.839999999999996,100.0,65.67301512345682,63.210333333333345,0.0,0.061913120034329146,0.023700707033618654
2023-01-23,8.3,0.0,0.0,7.523333333333334,4.15,0.0,7.8,0.0,0.0,0.38541335945432564,0.9227440286201427,1,Georgia,7.523333333333334,68.89000000000001,60.839999999999996,56.60054444444446,62.44366666666668,0.0,0.054932928561920086,0.029068277123730207
2023-01-24,11.7,-3.3,0.0,10.769722222222226,4.199999999999999,0.0,8.3,0.0,0.0,0.4012289854475009,0.9159777842484877,1,Georgia,10.769722222222226,136.89,68.89000000000001,115.98691674382725,126.00575000000003,0.0,0.0562926611306149,0.0445723020376181
2023-01-25,17.8,5.6,0.0,17.605555555555558,11.7,0.0,11.7,0.0,0.0,0.4169258813287287,0.908940487313808,1,Georgia,17.605555555555558,316.84000000000003,136.89,309.95558641975316,313.3788888888889,0.0,0.06904513234421615,0.08534119622206592
2023-01-26,8.9,2.2,0.0,9.954166666666664,5.550000000000001,0.0,17.8,0.0,0.0,0.4324994021339788,0.901634220265486,1,Georgia,9.954166666666664,79.21000000000001,316.84000000000003,99.08543402777772,88.5920833333333,0.0,0.116006779548183,0.024591366368743203
2023-01-27,11.1,-1.7,0.0,10.139722222222218,4.7,0.0,8.9,0.0,0.0,0.44794493940789115,0.8940611451454876,1,Georgia,10.139722222222218,123.21,79.21000000000001,102.81396674382708,112.55091666666662,0.0,0.058039691662481074,0.040038834305100454
2023-01-28,14.4,-2.2,0.0,13.421944444444446,6.1,0.0,11.1,0.0,0.0,0.4632579225674917,0.88622350294858,1,Georgia,13.421944444444446,207.36,123.21,180.14859266975313,193.276,0.0,0.06623331940726303,0.05977278935101493
2023-01-29,13.3,3.9,0.0,12.85444444444444,8.6,0.0,14.4,0.0,0.0,0.4784338202547012,0.8781236129591848,1,Georgia,12.85444444444444,176.89000000000001,207.36,165.23674197530852,170.96411111111107,0.0,0.08475813406928268,0.0439618379111654
2023-01-30,15.0,8.9,12.0,14.952777777777776,11.95,1.0,13.3,0.0,0.0,0.49346814167723735,0.8697638720650646,1,Georgia,14.952777777777776,225.0,176.89000000000001,223.58556327160488,224.29166666666663,0.0,0.0775435357083769,0.05259428547301079
2023-01-31,19.4,12.2,0.0,19.429166666666664,15.799999999999999,0.0,15.0,0.0,0.0,0.5083564379375122,0.8611467540480452,1,Georgia,19.429166666666664,376.35999999999996,225.0,377.49251736111097,376.92583333333323,0.0,0.08914078586829517,0.09531517409151506
2023-02-01,13.3,8.9,0.0,17.89277777777778,11.100000000000001,0.0,19.4,0.0,0.0,0.5230943033491326,0.8522748088519838,2,Georgia,17.89277777777778,176.89000000000001,376.35999999999996,320.15149660493836,237.9739444444445,0.0,0.13680489330012596,0.035500159588123754
2023-02-02,8.9,6.7,0.0,10.688055555555552,7.800000000000001,0.0,13.3,0.0,0.0,0.5376773767406141,0.8431506618282,2,Georgia,10.688055555555552,79.21000000000001,176.89000000000001,114.2345315586419,95.12369444444441,0.0,0.0774781483064397,0.0229393312110935
2023-02-03,8.9,2.2,0.0,7.803611111111116,5.550000000000001,0.0,8.9,0.0,0.0,0.5521013427459208,0.8337770129585915,2,Georgia,7.803611111111116,79.21000000000001,79.21000000000001,60.896346373456865,69.45213888888894,0.0,0.057921326900686694,0.029329213637952302
2023-02-04,10.6,-3.3,0.0,9.536388888888887,3.65,0.0,8.9,0.0,0.0,0.5663619330814524,0.8241566360566663,2,Georgia,9.536388888888887,112.36,79.21000000000001,90.94271304012341,101.08572222222219,0.0,0.05790628933301776,0.03870522583290683
2023-02-05,17.2,0.0,0.0,16.68833333333333,8.6,0.0,10.6,0.0,0.0,0.580454927809098,0.8142923779467267,2,Georgia,16.68833333333333,295.84,112.36,278.5004694444443,287.0393333333333,0.0,0.06398052557795779,0.08563839126111131
2023-02-06,18.3,3.9,0.0,17.608333333333334,11.1,0.0,17.2,0.0,0.0,0.5943761565849831,0.804187157621448,2,Georgia,17.608333333333334,334.89000000000004,295.84,310.0534027777778,322.2325,0.0,0.10898713140351021,0.08866620874565036
2023-02-07,19.4,0.6,0.0,18.841666666666672,10.0,0.0,18.3,0.0,0.0,0.6081214998935418,0.7938439653781019,2,Georgia,18.841666666666672,376.35999999999996,334.89000000000004,355.008402777778,365.5283333333334,0.0,0.12165579263771863,0.11135395180149714
2023-02-08,22.8,8.3,0.0,22.620555555555562,15.55,0.0,19.4,0.0,0.0,0.6216868902665479,0.7832658619336791,2,Georgia,22.620555555555562,519.84,376.35999999999996,511.6895336419756,515.7486666666668,0.0,0.1365735879320875,0.1767364372725717
2023-02-09,20.6,10.6,0.0,20.95305555555556,15.600000000000001,0.0,22.8,0.0,0.0,0.6350683134867438,0.7724559775191742,2,Georgia,20.95305555555556,424.36000000000007,519.84,439.0305371141978,431.6329444444446,0.0,0.20193950436536848,0.11047837757379741
2023-02-10,14.4,8.3,4.9,16.868333333333332,11.350000000000001,1.0,20.6,0.0,0.0,0.6482618097757122,0.7614175109532997,2,Georgia,16.868333333333332,207.36,424.36000000000007,284.5406694444444,242.904,0.0,0.15588028322518577,0.043030779311340514
2023-02-11,13.3,5.6,0.0,12.54111111111111,9.45,0.0,14.4,0.0,0.0,0.6612634749656386,0.7501537286959042,2,Georgia,12.54111111111111,176.89000000000001,207.36,157.27946790123454,166.79677777777778,0.0,0.08448567580792694,0.0418999818693074
2023-02-12,7.8,5.0,0.0,7.249166666666664,6.4,0.0,13.3,0.0,0.0,0.6740694616546161,0.7386679638813748,2,Georgia,7.249166666666664,60.839999999999996,176.89000000000001,52.55041736111107,56.54349999999998,0.0,0.0773016543861256,0.022803402042686376
2023-02-13,18.3,0.0,0.0,17.503888888888888,9.15,0.0,7.8,0.0,0.0,0.6866759803451553,0.726963615332308,2,Georgia,17.503888888888888,334.89000000000004,60.839999999999996,306.3861262345679,320.32116666666667,0.0,0.05462604789050793,0.10314704724429266
2023-02-14,21.1,0.0,0.0,20.54833333333334,10.55,0.0,18.3,0.0,0.0,0.6990793005655562,0.7150441465537444,2,Georgia,20.54833333333334,445.21000000000004,334.89000000000004,422.234002777778,433.56983333333346,0.0,0.12149048562820614,0.14834781994314405
2023-02-15,16.7,12.2,0.0,17.686666666666667,14.45,0.0,21.1,0.0,0.0,0.7112757519738152,0.7029130847082615,2,Georgia,17.686666666666667,278.89,445.21000000000004,312.8181777777778,295.3673333333333,0.0,0.1648955961559693,0.05520192048700879
2023-02-16,23.3,10.6,0.0,23.223888888888887,16.95,0.0,16.7,0.0,0.0,0.7232617254437388,0.6905740195722293,2,Georgia,23.223888888888887,542.89,278.89,539.3490151234566,541.1166111111111,0.0,0.1036646571394419,0.1884383092433316
2023-02-17,20.6,1.1,0.0,21.609166666666667,10.850000000000001,0.0,23.3,0.0,0.0,0.7350336741329413,0.6780306024735382,2,Georgia,21.609166666666667,424.36000000000007,542.89,466.95608402777776,445.14883333333336,0.0,0.21442996812061063,0.12847237594139285
2023-02-18,15.0,-2.2,0.0,14.078055555555558,6.4,0.0,20.6,0.0,0.0,0.746588114532413,0.6652865452111116,2,Georgia,14.078055555555558,225.0,424.36000000000007,198.1916482253087,211.17083333333338,0.0,0.15567881161324792,0.0560919504456016
2023-02-19,17.8,3.9,0.0,17.057222222222222,10.85,0.0,15.0,0.0,0.0,0.7579216274973472,0.6523456189565257,2,Georgia,17.057222222222222,316.84000000000003,225.0,290.9488299382716,303.6185555555556,0.0,0.08879406561117291,0.0809123999732836
2023-02-20,25.0,3.9,0.0,24.682499999999997,14.45,0.0,17.8,0.0,0.0,0.7690308592589181,0.6392116531380588,2,Georgia,24.682499999999997,625.0,316.84000000000003,609.2258062499999,617.0624999999999,0.0,0.11537544800658928,0.280335038674219
2023-02-21,20.0,14.4,0.0,20.085277777777783,17.2,0.0,25.0,0.0,0.0,0.7799125224167177,0.6258885343075018,2,Georgia,20.085277777777783,400.0,625.0,403.418383410494,401.70555555555563,0.0,0.26563639777867015,0.0872715445747519
2023-02-22,27.2,12.8,0.0,27.12101463745771,20.0,0.0,20.0,0.0,0.0,0.7905633969115482,0.612380204990065,2,Georgia,27.12101463745771,739.8399999999999,400.0,735.5494349651952,737.6915981388496,0.005042276560737857,0.1455090202251794,0.3623076035462391
2023-02-23,25.0,19.4,0.0,25.139444444444447,22.2,0.0,27.2,0.0,0.0,0.8009803309782905,0.5986906625177214,2,Georgia,25.139444444444447,625.0,739.8399999999999,631.9916669753087,628.4861111111112,0.0,0.3543827428504558,0.20063452457232
2023-02-24,25.0,12.2,0.0,24.839166666666664,18.6,0.0,25.0,0.0,0.0,0.8111602420785621,0.5848239578463322,2,Georgia,24.839166666666664,625.0,625.0,616.9842006944443,620.9791666666666,0.0,0.2655698180678391,0.22773724873182755
2023-02-25,17.2,13.3,0.0,16.14694444444445,15.25,0.0,25.0,0.0,0.0,0.8211001178128892,0.5707841943569036,2,Georgia,16.14694444444445,295.84,625.0,260.7238148919755,277.72744444444453,0.0,0.26555203662030424,0.05466567348742325
2023-02-26,22.8,13.9,0.0,22.73805555555556,18.35,0.0,17.2,0.0,0.0,0.8307970168121247,0.5565755266413303,2,Georgia,22.73805555555556,519.84,295.84,517.0191704475311,518.4276666666668,0.0,0.10866610048245218,0.15631415616424352
2023-02-27,23.9,12.2,0.0,23.958333333333332,18.049999999999997,0.0,22.8,0.0,0.0,0.8402480696078469,0.5422021592729844,2,Georgia,23.958333333333332,571.2099999999999,519.84,574.0017361111111,572.6041666666666,0.0,0.20148867110794266,0.18745383502336535
2023-02-28,25.6,12.8,0.0,25.16888888888889,19.200000000000003,0.0,23.9,0.0,0.0,0.8494504794814806,0.527668345562516,2,Georgia,25.16888888888889,655.3600000000001,571.2099999999999,633.4729679012346,644.3235555555557,0.0,0.23085194662600808,0.25009940212564213
2023-03-01,23.9,10.6,0.0,23.958333333333332,17.25,0.0,25.6,0.0,0.0,0.8584015232918917,0.512978386299228,3,Georgia,23.958333333333332,571.2099999999999,655.3600000000001,574.0017361111111,572.6041666666666,0.0,0.28694791160211847,0.1859066631040926
2023-03-02,22.2,15.0,0.0,22.829444444444455,18.6,0.0,23.9,0.0,0.0,0.8670985522812081,0.4981366284784055,3,Georgia,22.829444444444455,492.84,571.2099999999999,521.1835336419758,506.8136666666669,0.0,0.2308381563472567,0.12790309444756803
2023-03-03,25.0,15.6,0.0,25.113333333333337,20.3,0.0,22.2,0.0,0.0,0.8755389928586302,0.4831474640149687,3,Georgia,25.113333333333337,625.0,492.84,630.6795111111113,627.8333333333334,0.0,0.18738738957196233,0.2174747154359916
2023-03-04,20.6,8.9,0.0,20.153888888888883,14.75,0.0,25.0,0.0,0.0,0.8837203473619977,0.4680153284438345,3,Georgia,20.153888888888883,424.36000000000007,625.0,406.17923734567876,415.170111111111,0.0,0.2654897700153043,0.10195866517255911
2023-03-05,22.2,5.0,0.0,21.690277777777773,13.6,0.0,20.6,0.0,0.0,0.8916401947968874,0.45274469960737107,3,Georgia,21.690277777777773,492.84,424.36000000000007,470.46815007716026,481.52416666666653,0.0,0.15553433931364408,0.15164765895796659
2023-03-06,26.1,7.8,0.0,25.85055555555556,16.95,0.0,22.2,0.0,0.0,0.8992961915530253,0.4373400963303323,3,Georgia,25.85055555555556,681.21,492.84,668.2512225308643,674.6995000000002,0.0,0.18738743429973395,0.2972131937992264
2023-03-07,25.6,11.7,0.0,25.299444444444436,18.65,0.0,26.1,0.0,0.0,0.9066860720977985,0.4218060770826634,3,Georgia,25.299444444444436,655.3600000000001,681.21,640.0618891975305,647.6657777777776,0.0,0.3063216649158959,0.2435963834326346
2023-03-08,18.3,8.3,0.0,20.54833333333334,13.3,0.0,25.6,0.0,0.0,0.9138076496466615,0.4061472386305789,3,Georgia,20.54833333333334,334.89000000000004,655.3600000000001,422.234002777778,376.0345000000001,0.0,0.286948063177951,0.06883582432805664
2023-03-09,16.1,9.4,0.0,16.965833333333336,12.75,0.0,18.3,0.0,0.0,0.9206588168102428,0.3903682146763026,3,Georgia,16.965833333333336,259.21000000000004,334.89000000000004,287.83950069444455,273.14991666666674,0.0,0.1213153288702704,0.04983546946388899
2023-03-10,18.3,10.0,0.0,17.947777777777773,14.15,0.0,16.1,0.0,0.0,0.9272375462179537,0.374473674486883,3,Georgia,17.947777777777773,334.89000000000004,259.21000000000004,322.12272716049364,328.44433333333325,0.0,0.09789568069335552,0.07184822585712833
2023-03-11,17.2,3.9,0.0,16.401111111111106,10.549999999999999,0.0,18.3,0.0,0.0,0.9335418911179212,0.35846832151248087,3,Georgia,16.401111111111106,295.84,334.89000000000004,268.9964456790122,282.09911111111103,0.0,0.12132741292563279,0.06535274770754225
2023-03-12,12.8,8.3,0.0,13.197222222222223,10.55,0.0,17.2,0.0,0.0,0.9395699859530622,0.342356891994542,3,Georgia,13.197222222222223,163.84000000000003,295.84,174.16667438271605,168.92444444444448,0.0,0.10867313976030359,0.03144677623303451
2023-03-13,13.3,5.0,0.0,12.515,9.15,0.0,12.8,0.0,0.0,0.945320046913132,0.3261441535642696,3,Georgia,12.515,176.89000000000001,163.84000000000003,156.625225,166.44950000000003,0.0,0.07428475031583227,0.03826802054024644
2023-03-14,10.0,-1.1,0.0,8.958611111111113,4.45,0.0,13.3,0.0,0.0,0.9507903724625832,0.3098349038318025,3,Georgia,8.958611111111113,100.0,176.89000000000001,80.25671304012349,89.58611111111112,0.0,0.07718540598878966,0.028803604814921956
2023-03-15,16.1,-1.1,0.0,15.141666666666671,7.500000000000001,0.0,10.0,0.0,0.0,0.9559793438440766,0.2934339689665273,3,Georgia,15.141666666666671,259.21000000000004,100.0,229.27006944444457,243.78083333333342,0.0,0.06147045091288782,0.06480896406867975
2023-03-16,20.6,-1.1,0.0,19.879722222222224,9.75,0.0,16.1,0.0,0.0,0.9608854255574977,0.27694620226893646,3,Georgia,19.879722222222224,424.36000000000007,259.21000000000004,395.2033556327161,409.52227777777784,0.0,0.09794128507586151,0.12540574220823586
2023-03-17,17.8,9.4,0.0,18.107777777777773,13.600000000000001,0.0,20.6,0.0,0.0,0.9655071658143364,0.2603764827344581,3,Georgia,18.107777777777773,316.84000000000003,424.36000000000007,327.89161604938255,322.31844444444437,0.0,0.15564208182255623,0.06152112563632725
2023-03-18,11.7,2.2,0.0,10.69138888888889,6.949999999999999,0.0,17.8,0.0,0.0,0.969843196967294,0.24372971360968387,3,Georgia,10.69138888888889,136.89,316.84000000000003,114.3057963734568,125.08924999999999,0.0,0.1153892007231416,0.03057180026699997
2023-03-19,7.2,-1.1,0.0,8.341666666666667,3.05,0.0,11.7,0.0,0.0,0.9738922359149924,0.22701082094141847,3,Georgia,8.341666666666667,51.84,136.89,69.58340277777778,60.06,0.0,0.06865536737764483,0.01948068440402153
2023-03-20,12.2,-2.8,0.0,11.138055555555558,4.699999999999999,0.0,7.2,0.0,0.0,0.9776530844816641,0.2102247521189836,3,Georgia,11.138055555555558,148.83999999999997,51.84,124.05628155864204,135.8842777777778,0.0,0.05308588088244938,0.03958005276978494
2023-03-21,16.7,-1.7,0.0,15.810833333333331,7.5,0.0,12.2,0.0,0.0,0.981124629771712,0.19337647441020586,3,Georgia,15.810833333333331,278.89,148.83999999999997,249.98245069444437,264.04091666666665,0.0,0.0711434966845721,0.06774192544274911
2023-03-22,21.1,4.4,0.0,20.822500000000005,12.75,0.0,16.7,0.0,0.0,0.984305844499033,0.17647097349152166,3,Georgia,20.822500000000005,445.21000000000004,278.89,433.5765062500002,439.35475000000014,0.0,0.10368081360638487,0.12046596870498216
2023-03-23,27.2,7.8,0.0,26.507309687591107,17.5,0.0,21.1,0.0,0.0,0.9871957872910085,0.15951325197263655,3,Georgia,26.507309687591107,739.8399999999999,445.21000000000004,702.6374668738614,720.9988235024781,0.0,0.1649219418757353,0.3376292258269019
2023-03-24,25.6,13.3,0.0,25.53444444444444,19.450000000000003,0.0,27.2,0.0,0.0,0.9897936029670716,0.14250832791617088,3,Georgia,25.53444444444444,655.3600000000001,739.8399999999999,652.0078530864195,653.6817777777777,0.0,0.3547903422977087,0.21830223870111698
2023-03-25,27.8,15.0,0.0,27.198133401617845,21.4,0.0,25.6,0.0,0.0,0.992098522791769,0.12546123335273648,3,Georgia,27.198133401617845,772.84,655.3600000000001,739.7384605322003,756.1081085649761,0.008255558400743546,0.2874300273606019,0.3244333123880343
2023-03-26,22.2,15.0,0.0,25.928888888888896,18.6,0.0,27.8,0.0,0.0,0.9941098647022418,0.10837701279187609,3,Georgia,25.928888888888896,492.84,772.84,672.307279012346,575.6213333333335,0.0,0.38444805461418763,0.11890164570979876
2023-03-27,26.7,17.2,0.0,26.506666666666668,21.95,0.0,22.2,0.0,0.0,0.9958270335100595,0.09126072172931188,3,Georgia,26.506666666666668,712.89,492.84,702.6033777777778,707.7280000000001,0.0,0.18779650623291674,0.2619022418870181
2023-03-28,22.8,10.0,0.0,22.97583333333333,16.4,0.0,26.7,0.0,0.0,0.9972495210773451,0.07411742515094437,3,Georgia,22.97583333333333,519.84,712.89,527.888917361111,523.8489999999999,0.0,0.3322522444998304,0.13202744894310198
2023-03-29,18.3,6.7,0.0,18.985277777777778,12.5,0.0,22.8,0.0,0.0,0.998376906467142,0.056952196034039754,3,Georgia,18.985277777777778,334.89000000000004,519.84,360.44077229938273,347.43058333333335,0.0,0.20198118984718239,0.06417671189207189
2023-03-30,22.8,3.3,0.0,22.22888888888889,13.05,0.0,18.3,0.0,0.0,0.9992088560679753,0.03977011384605572,3,Georgia,22.22888888888889,519.84,334.89000000000004,494.1235012345679,506.8186666666667,0.0,0.1216562867833099,0.15682683394997893
2023-03-31,25.6,10.0,0.0,25.50833333333333,17.8,0.0,22.8,0.0,0.0,0.9997451236925734,0.022576263041545485,3,Georgia,25.50833333333333,655.3600000000001,519.84,650.6750694444443,653.0133333333333,0.0,0.20206791887789924,0.2311357459367706
2023-04-01,27.2,14.4,0.0,26.297777777777785,20.8,0.0,25.6,0.0,0.0,0.9999855506507186,0.005375731557583884,4,Georgia,26.297777777777785,739.8399999999999,655.3600000000001,691.5731160493831,715.2995555555557,0.0,0.2878200121615614,0.27792251915177607
2023-04-02,21.7,8.3,0.0,23.33166666666666,15.0,0.0,27.2,0.0,0.0,0.9999300657962057,-0.011826390691832589,4,Georgia,23.33166666666666,470.89,739.8399999999999,544.3666694444441,506.2971666666665,0.0,0.35538653359575245,0.10997456460315672
2023-04-03,15.0,8.9,0.0,18.316666666666666,11.95,0.0,21.7,0.0,0.0,0.9995786855478958,-0.029025013321975237,4,Georgia,18.316666666666666,225.0,470.89,335.5002777777778,274.75,0.0,0.17725661369059145,0.03500862347314598
2023-04-04,25.6,13.3,0.0,25.808611111111112,19.450000000000003,0.0,15.0,0.0,0.0,0.9989315138848577,-0.046215046983708354,4,Georgia,25.808611111111112,655.3600000000001,225.0,666.0844074845679,660.7004444444445,0.0,0.08909208113796539,0.23304430185720743
2023-04-05,30.0,16.7,0.0,30.052721355555555,23.35,0.0,25.6,0.0,0.0,0.9979887423155984,-0.06339140486951038,4,Georgia,30.052721355555555,900.0,655.3600000000001,903.1660608746649,901.5816406666667,0.12719672314814812,0.2880902775129004,0.4691020829527835
2023-04-06,28.3,17.8,0.0,29.10017681673787,23.05,0.0,30.0,0.0,0.0,0.9967506498213929,-0.08054900421874167,4,Georgia,29.10017681673787,800.89,900.0,846.8202907654082,823.5350039136817,0.08750736736407798,0.5169191398453952,0.32873260592672926
2023-04-07,25.0,12.8,0.0,25.665000000000003,18.9,0.0,28.3,0.0,0.0,0.9952176027737294,-0.09768276782171598,4,Georgia,25.665000000000003,625.0,800.89,658.6922250000001,641.6250000000001,0.0,0.41203576730883046,0.18296955517636898
2023-04-08,11.7,6.1,0.0,18.825833333333335,8.899999999999999,0.0,25.0,0.0,0.0,0.9933900548258936,-0.11478762552212701,4,Georgia,18.825833333333335,136.89,625.0,354.41200069444454,220.26225000000002,0.0,0.26678249062558906,0.020152227089098525
2023-04-09,18.9,6.1,0.0,18.316666666666666,12.5,0.0,11.7,0.0,0.0,0.9912685467787256,-0.13185851571739118,4,Georgia,18.316666666666666,357.2099999999999,136.89,335.5002777777778,346.18499999999995,0.0,0.06897909345520349,0.0749889053880562
2023-04-10,19.4,7.2,0.0,18.685000000000006,13.299999999999999,0.0,18.9,0.0,0.0,0.9888537064205885,-0.1488903868564548,4,Georgia,18.685000000000006,376.35999999999996,357.2099999999999,349.1292250000002,362.4890000000001,0.0,0.12988455216183015,0.07366578791325355
2023-04-11,22.8,2.2,0.0,22.22888888888889,12.5,0.0,19.4,0.0,0.0,0.986146248341595,-0.16587819893463143,4,Georgia,22.22888888888889,519.84,376.35999999999996,494.1235012345679,506.8186666666667,0.0,0.13704545882001387,0.14712632974746637
2023-04-12,25.6,4.4,0.0,25.11666666666666,15.0,0.0,22.8,0.0,0.0,0.9831469737221499,-0.1828169249850199,4,Georgia,25.11666666666666,655.3600000000001,519.84,630.8469444444441,642.9866666666666,0.0,0.20271765076033288,0.2334854149539782
2023-04-13,18.9,8.3,0.0,22.753888888888884,13.6,0.0,25.6,0.0,0.0,0.9798567700958665,-0.1997015525660636,4,Georgia,22.753888888888884,357.2099999999999,655.3600000000001,517.739459567901,430.0484999999999,0.0,0.28872852262158377,0.06388995285578813
2023-04-14,21.1,13.9,0.0,20.926944444444448,17.5,0.0,18.9,0.0,0.0,0.9762766110869321,-0.21652708524481437,4,Georgia,20.926944444444448,445.21000000000004,357.2099999999999,437.93700378086436,441.5585277777779,0.0,0.13005208597463333,0.08668037315382826
2023-04-15,26.1,13.3,0.0,26.007222222222232,19.700000000000003,0.0,21.1,0.0,0.0,0.9724075561219968,-0.23328854407545518,4,Georgia,26.007222222222232,681.21,445.21000000000004,676.3756077160499,678.7885000000003,0.0,0.16588234092913914,0.2255986533939284
2023-04-16,22.8,14.4,3.3,23.184722222222216,18.6,1.0,26.1,0.0,0.0,0.9682507501166718,-0.2499809690726521,4,Georgia,23.184722222222216,519.84,681.21,537.5313445216046,528.6116666666666,0.0,0.3084962622559478,0.11327088357494851
2023-04-17,20.6,7.2,0.0,19.91888888888888,13.9,0.0,22.8,0.0,0.0,0.9638074231367307,-0.26659942067929354,4,Georgia,19.91888888888888,424.36000000000007,519.84,396.7621345679009,410.32911111111093,0.0,0.20304971049346646,0.08344977865810606
2023-04-18,26.7,4.4,0.0,26.350000000000005,15.55,0.0,20.6,0.0,0.0,0.9590788900341131,-0.28313898122818354,4,Georgia,26.350000000000005,712.89,424.36000000000007,694.3225000000002,703.5450000000001,0.0,0.15684470444931556,0.28637547738553526
2023-04-19,28.3,7.8,0.0,27.005000477135567,18.05,0.0,26.7,0.0,0.0,0.9540665500578387,-0.2995947563972602,4,Georgia,27.005000477135567,800.89,712.89,729.2700507700922,764.2415135029365,0.00020835321398197473,0.3341720207519188,0.3370576171282473
2023-04-20,28.9,9.4,0.0,27.684918104495598,19.15,0.0,28.3,0.0,0.0,0.9487718864399473,-0.31596187665790293,4,Georgia,27.684918104495598,835.2099999999999,800.89,766.4546904526281,800.0941332199227,0.028538254353983234,0.41356710361044857,0.3634351426062287
2023-04-21,26.7,13.9,0.0,26.467500000000005,20.3,0.0,28.9,0.0,0.0,0.9431964659565866,-0.33223549871590435,4,Georgia,26.467500000000005,712.89,835.2099999999999,700.5285562500003,706.6822500000001,0.0,0.4482352254776924,0.2248136124313546
2023-04-22,21.1,10.6,0.0,23.054166666666667,15.850000000000001,0.0,26.7,0.0,0.0,0.9373419384643772,-0.3484108069446808,4,Georgia,23.054166666666667,445.21000000000004,712.89,531.4946006944444,486.4429166666667,0.0,0.33451348673261766,0.08381174402467184
2023-04-23,20.6,7.2,0.0,20.153888888888883,13.9,0.0,21.1,0.0,0.0,0.9312100364121947,-0.3644830148102912,4,Georgia,20.153888888888883,424.36000000000007,445.21000000000004,406.17923734567876,415.170111111111,0.0,0.1663643364466277,0.08193144862565706
2023-04-24,20.0,8.9,0.0,19.367222222222217,14.45,0.0,20.6,0.0,0.0,0.9248025743285089,-0.38044736628785164,4,Georgia,19.367222222222217,400.0,424.36000000000007,375.0892966049381,387.3444444444443,0.0,0.15719976213353062,0.07115104987175563
2023-04-25,22.2,5.6,0.0,21.820833333333326,13.899999999999999,0.0,20.0,0.0,0.0,0.9181214482844364,-0.39629913726891813,4,Georgia,21.820833333333326,492.84,400.0,476.1487673611108,484.42249999999984,0.0,0.1470618662141657,0.11321287045438838
2023-04-26,16.7,13.3,0.0,19.6675,15.0,0.0,22.2,0.0,0.0,0.9111686353326631,-0.41203363695942635,4,Georgia,19.6675,278.89,492.84,386.81055625,328.44725,0.0,0.18950888451767867,0.036681654906515336
2023-04-27,16.7,13.3,0.0,16.737777777777776,15.0,0.0,16.7,0.0,0.0,0.9039461929224011,-0.42764620926777464,4,Georgia,16.737777777777776,278.89,278.89,280.15320493827153,279.52088888888886,0.0,0.10480509056720164,0.03852601895826411
2023-04-28,26.1,15.6,0.0,25.96805555555556,20.85,0.0,16.7,0.0,0.0,0.8964562582905575,-0.44313223418263453,4,Georgia,25.96805555555556,681.21,278.89,674.33990933642,677.7662500000001,0.0,0.1048496490379711,0.20955132511746294
2023-04-29,23.3,11.1,0.0,23.184722222222216,17.2,0.0,26.1,0.0,0.0,0.8887010478292915,-0.45848712914008766,4,Georgia,23.184722222222216,542.89,681.21,537.5313445216046,540.2040277777777,0.0,0.309925719595628,0.11697120560446571
2023-04-30,21.7,13.9,34.9,21.36111111111111,17.8,1.0,23.3,0.0,0.0,0.8806828564301475,-0.47370635037968,4,Georgia,21.36111111111111,470.89,542.89,456.2970679012345,463.5361111111111,0.0,0.21695311530450767,0.08574438345730576
2023-05-01,20.0,8.9,0.0,19.367222222222217,14.45,0.0,21.7,0.0,0.0,0.8724040568049612,-0.48878539428899265,5,Georgia,19.367222222222217,400.0,470.89,375.0892966049381,387.3444444444443,0.0,0.17897578425270463,0.06719422347659172
2023-05-02,22.2,8.3,0.0,21.6511111111111,15.25,0.0,20.0,0.0,0.0,0.8638670987837349,-0.503719798736334,5,Georgia,21.6511111111111,492.84,400.0,468.7706123456785,480.6546666666664,0.0,0.1474961249318679,0.10292748693702676
2023-05-03,21.7,6.7,0.0,21.178333333333338,14.2,0.0,22.2,0.0,0.0,0.8550745085896932,-0.518505144391157,5,Georgia,21.178333333333338,470.89,492.84,448.52180277777796,459.5698333333334,0.0,0.19006322673856144,0.09368703108006925
2023-05-04,22.8,6.1,0.0,22.385555555555563,14.45,0.0,21.7,0.0,0.0,0.8460288880917339,-0.533137056031809,5,Georgia,22.385555555555563,519.84,470.89,501.11309753086454,510.39066666666685,0.0,0.17920910043674795,0.116707447208465
2023-05-05,17.8,10.0,0.0,20.166944444444443,13.9,0.0,22.8,0.0,0.0,0.8367329140344921,-0.5476112038402312,5,Georgia,20.166944444444443,316.84000000000003,519.84,406.7056482253086,358.9716111111111,0.0,0.20449800441186458,0.04409334936118264
2023-05-06,23.9,14.4,0.0,23.840833333333332,19.15,0.0,17.8,0.0,0.0,0.8271893372462497,-0.5619233046832195,5,Georgia,23.840833333333332,571.2099999999999,316.84000000000003,568.3853340277777,569.7959166666666,0.0,0.117164040396467,0.12979141846949452
2023-05-07,28.3,12.8,0.0,28.89326381961784,20.55,0.0,23.9,0.0,0.0,0.8174009818249189,-0.5760691233798758,5,Georgia,28.89326381961784,800.89,571.2099999999999,834.8206941500373,817.6793660951848,0.07888599248407664,0.23446156064386303,0.31357873033023337
2023-05-08,27.2,18.3,0.0,27.884784716924493,22.75,0.0,28.3,0.0,0.0,0.8073707443023492,-0.5900444739548627,5,Georgia,27.884784716924493,739.8399999999999,800.89,777.5612187092257,758.4661443003462,0.03686602987185387,0.4162972571158308,0.21925888729856016
2023-05-09,28.3,19.4,1.5,30.026780984595675,23.85,1.0,27.2,0.0,0.0,0.7971015927871943,-0.6038452208771035,5,Georgia,30.026780984595675,800.89,739.8399999999999,901.6075762968763,849.7579018640577,0.1261158743581531,0.3597582591000177,0.29388494775917745
2023-05-10,28.9,17.2,0.0,28.78069813099559,23.049999999999997,0.0,28.3,0.0,0.0,0.7865965660866021,-0.6174672802835514,5,Georgia,28.78069813099559,835.2099999999999,800.89,828.328584907493,831.7621759857725,0.07419575545814953,0.4166351542503578,0.3039295810529721
2023-05-11,27.2,20.0,0.0,27.8139038595378,23.6,0.0,28.9,0.0,0.0,0.7758587728069828,-0.6309066211876704,5,Georgia,27.8139038595378,739.8399999999999,835.2099999999999,773.6132479076117,756.5381849794281,0.03391266081407496,0.45153091090957914,0.20781446270772064
2023-05-12,24.4,19.4,0.0,25.612777777777776,21.9,0.0,27.2,0.0,0.0,0.7648913904341225,-0.6441592666722685,5,Georgia,25.612777777777776,595.3599999999999,739.8399999999999,656.014385493827,624.9517777777777,0.0,0.3602161291474294,0.12009700477757365
2023-05-13,30.0,17.8,0.0,30.743255411111097,23.9,0.0,24.4,0.0,0.0,0.753697664392914,-0.6572212950663319,5,Georgia,30.743255411111097,900.0,595.3599999999999,945.1477532728118,922.2976623333329,0.15596897546296237,0.2503868075129363,0.3992059422478235
2023-05-14,31.1,17.8,0.0,32.53139821281776,24.450000000000003,0.0,30.0,0.0,0.0,0.742280907086982,-0.6700888411055113,5,Georgia,32.53139821281776,967.21,900.0,1058.2918696809227,1011.7264844186325,0.23047492553407345,0.5232673664326274,0.48767217692505993
2023-05-15,30.0,20.0,19.1,31.04908144444437,25.0,1.0,31.1,0.0,0.0,0.7306444969184916,-0.6827580970759147,5,Georgia,31.04908144444437,900.0,967.21,964.0454585437396,931.4724433333311,0.16871172685184868,0.6048506209778095,0.37623223556374036
2023-05-16,30.0,19.4,0.0,31.539548077777795,24.7,0.0,30.0,0.0,0.0,0.7187918772884232,-0.6952253139408722,5,Georgia,31.539548077777795,900.0,900.0,994.743092950457,946.1864423333338,0.18914783657407477,0.5236830531069735,0.3814348763254942
2023-05-17,25.0,18.9,0.0,25.20472222222223,21.95,0.0,30.0,0.0,0.0,0.7067265555776158,-0.7074868024503348,5,Georgia,25.20472222222223,625.0,900.0,635.2780222993831,630.1180555555558,0.0,0.523892820545056,0.1252418560250736
2023-05-18,21.7,18.3,1.1,24.08888888888888,20.0,1.0,25.0,0.0,0.0,0.6944521021088763,-0.719538934232584,5,Georgia,24.08888888888888,470.89,625.0,580.2745679012343,522.7288888888887,0.0,0.27092853165885433,0.07404736939870371
2023-05-19,23.3,16.7,0.0,23.328333333333326,20.0,0.0,21.7,0.0,0.0,0.6819721490904629,-0.7313781428679254,5,Georgia,23.328333333333326,542.89,470.89,544.2111361111108,543.5501666666665,0.0,0.18047485844853015,0.09860989250357939
2023-05-20,24.4,18.3,0.2,24.613888888888894,21.35,1.0,23.3,0.0,0.0,0.6692903895412567,-0.7430009249440493,5,Georgia,24.613888888888894,595.3599999999999,542.89,605.8435262345681,600.578888888889,0.0,0.21893162481970954,0.12121702509047888
2023-05-21,27.2,17.8,0.0,28.030491895751087,22.5,0.0,24.4,0.0,0.0,0.6564105761979381,-0.7544038410927472,5,Georgia,28.030491895751087,739.8399999999999,595.3599999999999,785.7084759177674,762.4293795644295,0.042937162322961964,0.2513284167272901,0.21518558376813413
2023-05-22,22.2,17.2,0.0,25.178611111111113,19.7,0.0,27.2,0.0,0.0,0.6433365204044917,-0.765583517007675,5,Georgia,25.178611111111113,492.84,739.8399999999999,633.9624574845681,558.9651666666667,0.0,0.3618103150739901,0.07895411378073544
2023-05-23,22.8,17.2,1.1,22.594444444444452,20.0,1.0,22.2,0.0,0.0,0.6300720909843687,-0.7765366444428655,5,Georgia,22.594444444444452,519.84,492.84,510.5089197530868,515.1533333333335,0.0,0.19186006713093504,0.08817676307237038
2023-05-24,26.7,17.8,0.0,26.57194444444444,22.25,0.0,22.8,0.0,0.0,0.6166212130956382,-0.7872599821916922,5,Georgia,26.57194444444444,712.89,519.84,706.0682315586417,709.4709166666665,0.0,0.20633938285978537,0.18625467251978908
2023-05-25,27.2,12.2,0.0,26.629206586524436,19.7,0.0,26.7,0.0,0.0,0.6029878670694714,-0.7977503570459932,5,Georgia,26.629206586524436,739.8399999999999,712.89,709.1146434277964,724.3144191534647,0.0,0.33914935669287133,0.21362130171879234
2023-05-26,26.1,16.7,0.0,25.928888888888896,21.4,0.0,27.2,0.0,0.0,0.5891760872322963,-0.8080046647350754,5,Georgia,25.928888888888896,681.21,739.8399999999999,672.307279012346,676.7440000000003,0.0,0.36246991089420755,0.15833478633582262
2023-05-27,25.0,15.6,0.0,24.617222222222225,20.3,0.0,26.1,0.0,0.0,0.5751899607119775,-0.8180198708443174,5,Georgia,24.617222222222225,625.0,681.21,606.0076299382717,615.4305555555557,0.0,0.313760159094308,0.12829641909432157
2023-05-28,25.6,13.3,0.0,25.45611111111111,19.450000000000003,0.0,25.0,0.0,0.0,0.5610336262283677,-0.8277930117131022,5,Georgia,25.45611111111111,655.3600000000001,625.0,648.0135929012345,651.6764444444444,0.0,0.27222252425763266,0.15320164058621424
2023-05-29,23.3,15.6,0.0,23.184722222222216,19.45,0.0,25.6,0.0,0.0,0.5467112728685939,-0.8373211953118121,5,Georgia,23.184722222222216,542.89,655.3600000000001,537.5313445216046,540.2040277777777,0.0,0.2942654670276922,0.09113264470297638
2023-05-30,27.2,13.9,0.0,27.23515810385777,20.55,0.0,23.3,0.0,0.0,0.5322271388474397,-0.8466016020976267,5,Georgia,27.23515810385777,739.8399999999999,542.89,741.7538369421296,740.7963004249314,0.009798254327407108,0.22001355493091423,0.2146203167143097
2023-05-31,25.6,18.3,0.0,25.665000000000003,21.950000000000003,0.0,27.2,0.0,0.0,0.5175855102531889,-0.8556314858488706,5,Georgia,25.665000000000003,655.3600000000001,739.8399999999999,658.6922250000001,657.0240000000001,0.0,0.36330520101310887,0.1364609234186597
2023-06-01,28.3,16.7,0.0,28.41927290529559,22.5,0.0,25.6,0.0,0.0,0.5027907197793043,-0.8644081744776648,6,Georgia,28.41927290529559,800.89,655.3600000000001,807.655072465668,804.2654232198652,0.059136371053982874,0.2946892653753869,0.25147855944229663
2023-06-02,30.0,16.1,0.0,29.576440311111114,23.05,0.0,28.3,0.0,0.0,0.4878471454423119,-0.8729290708206411,6,Georgia,29.576440311111114,900.0,800.89,874.7658214767184,887.2932093333334,0.10735167962962973,0.42081574823232243,0.34285669236440647
2023-06-03,31.1,15.6,0.0,29.745586538231123,23.35,0.0,30.0,0.0,0.0,0.47275920928627757,-0.881191653407483,6,Georgia,29.745586538231123,967.21,900.0,884.7999185033966,925.0877413389879,0.11439943909296346,0.5275914455811227,0.4054322410419654
2023-06-04,27.8,17.2,0.0,28.577176604924507,22.5,0.0,31.1,0.0,0.0,0.4575313760742512,-0.8891934772070711,6,Georgia,28.577176604924507,772.84,967.21,816.6550227090446,794.4455096169013,0.06571569187185444,0.6096087664132828,0.21632582527543326
2023-06-05,27.8,15.6,0.0,28.76327423575113,21.7,0.0,27.8,0.0,0.0,0.44216815196707204,-0.8969321743510065,6,Georgia,28.76327423575113,772.84,772.84,827.3259447610247,799.6190237538814,0.07346975982296373,0.39428944593391735,0.23011884448468067
2023-06-06,31.1,17.8,0.0,31.846529894604444,24.450000000000003,0.0,27.8,0.0,0.0,0.42667408318992467,-0.9044054548343001,6,Georgia,31.846529894604444,967.21,772.84,1014.2014663279346,990.4270797221983,0.20193874560851852,0.39446880768015347,0.4373908695388926
2023-06-07,30.6,17.2,0.0,30.406492212515545,23.9,0.0,31.1,0.0,0.0,0.4110537546870351,-0.9116111071930239,6,Georgia,30.406492212515545,936.3600000000001,967.21,924.5547686697685,930.4386617029758,0.14193717552148102,0.6103379294478023,0.36918939326604955
2023-06-08,28.3,19.4,0.0,28.50576934161565,23.85,0.0,30.6,0.0,0.0,0.3953117887649151,-0.9185469991587165,6,Georgia,28.50576934161565,800.89,936.3600000000001,812.5788857573948,806.7132723677229,0.06274038923398544,0.5720762830968547,0.22386867780750827
2023-06-09,27.8,14.4,0.0,26.952184976551163,21.1,0.0,28.3,0.0,0.0,0.37945284372454435,-0.925211078289358,6,Georgia,26.952184976551163,772.84,800.89,726.4202750102302,749.2707423481223,0.0,0.42213588971942506,0.21268938412154337
2023-06-10,29.4,12.2,0.0,28.27729071411561,20.799999999999997,0.0,27.8,0.0,0.0,0.36348161248290634,-0.9316013725767187,6,Georgia,28.27729071411561,864.3599999999999,772.84,799.6051701306088,831.3523469949988,0.05322044642148368,0.39518518686485044,0.30379922138435833
2023-06-11,30.0,18.9,4.6,31.887677555555513,24.45,1.0,29.4,0.0,0.0,0.3474028211842774,-0.9377159910299093,6,Georgia,31.887677555555513,900.0,864.3599999999999,1016.8239798870788,956.6303266666654,0.2036532314814797,0.488983146637709,0.3616351509961633
2023-06-12,26.1,18.9,0.0,26.333611111111118,22.5,0.0,30.0,0.0,0.0,0.3312212278016865,-0.9435531242349544,6,Georgia,26.333611111111118,681.21,900.0,693.459074151235,687.3072500000002,0.0,0.5295831865777993,0.13936357842529573
2023-06-13,25.6,16.1,0.0,25.53444444444444,20.85,0.0,26.1,0.0,0.0,0.31494162072895193,-0.9491110448902284,6,Georgia,25.53444444444444,655.3600000000001,681.21,652.0078530864195,653.6817777777777,0.0,0.31629861894113226,0.13487563690038085
2023-06-14,23.9,19.4,0.0,24.405,21.65,0.0,25.6,0.0,0.0,0.2985688173637202,-0.9543881083175908,6,Georgia,24.405,571.2099999999999,655.3600000000001,595.6040250000001,583.2795,0.0,0.2965293368083794,0.09108442061411193
2023-06-15,27.2,19.4,0.0,28.751274357351114,23.299999999999997,0.0,23.9,0.0,0.0,0.2821076626819194,-0.9593827529490743,6,Georgia,28.751274357351114,739.8399999999999,571.2099999999999,826.6357771716757,782.0346625199503,0.07296976488962977,0.2389104080993823,0.19481105426446604
2023-06-16,31.1,21.1,0.0,31.5090838789956,26.1,0.0,27.2,0.0,0.0,0.26556302780405594,-0.9640935007889755,6,Georgia,31.5090838789956,967.21,739.8399999999999,992.8223668935805,979.9325086367633,0.18787849495815,0.3659895773541661,0.3995727171842517
2023-06-17,31.7,18.3,0.0,32.19925999255788,25.0,0.0,31.1,0.0,0.0,0.24893980855376657,-0.9685189578512204,6,Georgia,32.19925999255788,1004.89,967.21,1036.7923440683383,1020.7165417640847,0.21663583302324488,0.6127463811354127,0.45504599427182046
2023-06-18,29.4,17.2,0.0,30.6159912848178,23.299999999999997,0.0,31.7,0.0,0.0,0.23224292400907015,-0.9726578145718654,6,Georgia,30.6159912848178,864.3599999999999,1004.89,937.3389223520394,900.1101437736432,0.15066630353407495,0.6621417878635116,0.2948640774281764
2023-06-19,26.7,20.0,0.0,28.78770131289555,23.35,0.0,29.4,0.0,0.0,0.21547731504673012,-0.976508846196619,6,Georgia,28.78770131289555,712.89,864.3599999999999,828.7317468804881,768.6316250543111,0.07448755470398123,0.49063588957206733,0.16550260718466328
2023-06-20,26.7,21.1,0.0,27.71250268391774,23.9,0.0,26.7,0.0,0.0,0.19864794288017112,-0.9800709131432666,6,Georgia,27.71250268391774,712.89,712.89,767.9828050061479,739.9238216606036,0.02968761182990587,0.3432681538616612,0.1585054507863424
2023-06-21,22.8,19.4,0.0,23.10361111111111,21.1,0.0,26.7,0.0,0.0,0.18175978759137534,-0.9833429613388902,6,Georgia,23.10361111111111,519.84,712.89,533.7768463734568,526.7623333333333,0.0,0.34342236191207653,0.06978549207118458
2023-06-22,26.1,18.3,0.0,26.333611111111118,22.200000000000003,0.0,22.8,0.0,0.0,0.16481784665719793,-0.9863240225317866,6,Georgia,26.333611111111118,681.21,519.84,693.459074151235,687.3072500000002,0.0,0.2093379548093339,0.14631184133238093
2023-06-23,27.8,18.3,0.5,28.751274357351114,23.05,1.0,26.1,0.0,0.0,0.14782713347053048,-0.9890132145779883,6,Georgia,28.751274357351114,772.84,681.21,826.6357771716757,799.285427134361,0.07296976488962977,0.31775862821288364,0.21576766807413997
2023-06-24,30.6,17.2,0.0,30.680156280497766,23.9,0.0,27.8,0.0,0.0,0.13079267585675922,-0.9914097417023038,6,Georgia,30.680156280497766,936.3600000000001,772.84,941.2719893957665,938.8127821832317,0.15333984502074025,0.3976366970312949,0.36555549290697087
2023-06-25,32.8,20.0,4.6,33.680797364284345,26.4,1.0,30.6,0.0,0.0,0.11371951458594969,-0.9935128947338007,6,Georgia,33.680797364284345,1075.84,936.3600000000001,1134.3961110939833,1104.7301535485265,0.278366556845181,0.5759499081692009,0.564788901910755
2023-06-26,32.2,19.4,0.0,35.286900788051064,25.8,0.0,32.8,1.0,1.0,0.0966127018812031,-0.9953220513156602,6,Georgia,35.286900788051064,1036.8400000000001,1075.84,1245.1653672257587,1136.2382053752444,0.345287532835461,0.764449168690759,0.5475762656847343
2023-06-27,31.1,21.1,0.0,32.930913029315576,26.1,0.0,32.2,2.0,2.0,0.07947729992362097,-0.9968366760893436,6,Georgia,32.930913029315576,967.21,1036.8400000000001,1084.4450329443464,1024.1513952117145,0.24712137622148234,0.7119637393747974,0.40062832492263345
2023-06-28,31.7,18.3,0.0,32.19925999255788,25.0,0.0,31.1,2.0,2.0,0.062318379354325076,-0.998056320853012,6,Georgia,32.19925999255788,1004.89,967.21,1036.7923440683383,1020.7165417640847,0.21663583302324488,0.6192362601144534,0.4424897665832926
2023-06-29,32.8,18.9,0.0,34.59215684108437,25.849999999999998,0.0,31.7,1.0,2.0,0.04514101777397193,-0.9989806246941579,6,Georgia,34.59215684108437,1075.84,1004.89,1196.61731491818,1134.622744387567,0.3163398683785153,0.5406727098620313,0.4491701253486839
2023-06-30,31.1,20.0,0.0,34.80727677236455,25.55,0.0,32.8,1.0,3.0,0.02795029824021032,-0.999609314096404,6,Georgia,34.80727677236455,967.21,1075.84,1211.546516307989,1082.5063076205377,0.32530319884852305,0.5071676358076375,0.24982857769878256
2023-07-01,34.4,21.1,0.0,38.85491958937559,27.75,0.0,31.1,1.0,3.0,0.01075130776352193,-0.9999422030204416,7,Georgia,38.85491958937559,1183.36,967.21,1509.704776296843,1336.6092338745202,0.4939549828906496,0.3950750139296401,0.5573719034533194
2023-07-02,33.3,20.6,0.0,38.33124403731548,26.95,0.0,34.4,2.0,4.0,-0.00645086419810515,-0.9999791929590823,7,Georgia,38.33124403731548,1108.8899999999999,1183.36,1469.2842694482333,1276.4304264426053,0.4721351682214783,0.6404235746217689,0.4470294132031388
2023-07-03,31.1,21.7,0.0,35.845619555884504,26.4,0.0,33.3,2.0,4.0,-0.023651127245231586,-0.9997202729664083,7,Georgia,35.845619555884504,967.21,1108.8899999999999,1284.9084413452097,1114.7987681880081,0.36856748149518764,0.5477803616407765,0.2579998499482163
2023-07-04,31.7,21.7,0.0,35.55203763279115,26.7,0.0,31.1,2.0,3.0,-0.04084439154329611,-0.9991655196610109,7,Georgia,35.55203763279115,1004.89,967.21,1263.947379843398,1126.9995929594793,0.3563349013662978,0.5001554409911367,0.38356665190732686
2023-07-05,30.6,22.2,10.1,33.34978949943118,26.4,1.0,31.7,1.0,3.0,-0.05802556932878035,-0.9983150972033183,7,Georgia,33.34978949943118,936.3600000000001,1004.89,1112.2084596563702,1020.5035586825942,0.26457456247629924,0.4323847241053763,0.20613233741356174
2023-07-06,32.2,22.8,0.0,35.781684200924495,27.5,0.0,30.6,0.0,3.0,-0.07518957641475855,-0.9971692572470178,7,Georgia,35.781684200924495,1036.8400000000001,936.3600000000001,1280.3289242546896,1152.170231269769,0.365903508371854,0.2859005791397249,0.2296656819085359
2023-07-07,31.7,22.8,0.0,34.80727677236455,27.25,0.0,32.2,1.0,3.0,-0.09233133369539122,-0.9957283388645872,7,Georgia,34.80727677236455,1004.89,1036.8400000000001,1211.546516307989,1103.3906736839563,0.32530319884852305,0.4657568225291614,0.2638205896744182
2023-07-08,32.2,22.8,0.0,34.7744635280245,27.5,0.0,31.7,1.0,3.0,-0.10944576864891556,-0.993992768446958,7,Georgia,34.7744635280245,1036.8400000000001,1004.89,1209.263313661906,1119.737725602389,0.32393598033435406,0.4328732579757676,0.2881051383800097
2023-07-09,31.1,22.2,0.0,32.930913029315576,26.65,0.0,32.2,2.0,3.0,-0.12652781683868314,-0.9919630595773397,7,Georgia,32.930913029315576,967.21,1036.8400000000001,1084.4450329443464,1024.1513952117145,0.24712137622148234,0.5831074156480184,0.2887631468603009
2023-07-10,30.0,20.6,0.0,31.887677555555513,25.3,0.0,31.1,1.0,2.0,-0.1435724234118113,-0.9896398128792412,7,Georgia,31.887677555555513,900.0,967.21,1016.8239798870788,956.6303266666654,0.2036532314814797,0.4995124230057172,0.2330615348404568
2023-07-11,31.1,20.6,0.0,32.39278539805116,25.85,0.0,30.0,1.0,2.0,-0.16057454459499376,-0.9870237158387383,7,Georgia,32.39278539805116,967.21,900.0,1049.2925458441964,1007.4156258793911,0.224699391585465,0.4284988543650926,0.2924538878534337
2023-07-12,32.8,19.4,0.0,35.616047560835526,26.099999999999998,0.0,31.1,0.0,2.0,-0.17752914918703497,-0.984115542601034,7,Georgia,35.616047560835526,1075.84,967.21,1268.5028438556983,1168.2063599954051,0.35900198170148023,0.395297184379031,0.3557753643485068
2023-07-13,32.8,23.3,0.0,36.67203977659556,28.049999999999997,0.0,32.8,1.0,3.0,-0.19443122004766195,-0.9809161537413774,7,Georgia,36.67203977659556,1075.84,1075.84,1344.838501376207,1202.8429046723343,0.40300165735814836,0.5095399048036193,0.35455195923286525
2023-07-14,32.8,23.3,0.0,37.05415802092446,28.049999999999997,0.0,32.8,2.0,3.0,-0.2112757555821793,-0.9774264960104055,7,Georgia,37.05415802092446,1075.84,1075.84,1373.0106266396406,1215.3763830863222,0.41892325087185256,0.6335162456488082,0.4777915370308481
2023-07-15,32.8,23.3,0.0,37.235683568124536,28.049999999999997,0.0,32.8,3.0,4.0,-0.2280577712215198,-0.9736476020539838,7,Georgia,37.235683568124536,1075.84,1075.84,1386.4961307854996,1221.3304210344847,0.42648681533852234,0.6357117880500714,0.48247842952599546
2023-07-16,32.8,23.9,0.0,34.3537671678578,28.349999999999998,0.0,32.8,3.0,4.0,-0.24477230089725957,-0.9695805901076308,7,Georgia,34.3537671678578,1075.84,1075.84,1180.1813186233842,1126.8035631057355,0.3064069653274082,0.6358995768529909,0.40040907005667165
2023-07-17,32.2,19.4,0.0,32.755005308284495,25.8,0.0,32.8,3.0,5.0,-0.2614143985111562,-0.965226663665613,7,Georgia,32.755005308284495,1036.8400000000001,1075.84,1072.8903727457455,1054.7111709267608,0.23979188784518732,0.5136970099711886,0.2619882129531882
2023-07-18,32.8,19.4,0.0,34.73444154748442,26.099999999999998,0.0,32.2,3.0,6.0,-0.2779791393987801,-0.9605871111248129,7,Georgia,34.73444154748442,1075.84,1036.8400000000001,1206.4814296156121,1139.289682757489,0.32226839781185096,0.37232721296436805,0.24366089454773082
2023-07-19,31.7,22.8,0.0,35.286900788051064,27.25,0.0,32.8,3.0,7.0,-0.2944616217868012,-0.9556633054034704,7,Georgia,35.286900788051064,1004.89,1075.84,1245.1653672257587,1118.5947549812188,0.345287532835461,0.320721633407351,0.13993939021748258
2023-07-20,35.0,22.2,0.0,39.36290717779544,28.6,0.0,31.7,2.0,6.0,-0.3108569682435036,-0.9504567035349151,7,Georgia,39.36290717779544,1225.0,1004.89,1549.43846148774,1377.7017512228406,0.5151211324081434,0.2673556038165166,0.35935657263716514
2023-07-21,33.3,22.2,0.0,38.16772704802459,27.75,0.0,35.0,2.0,6.0,-0.3271603271220951,-0.9449688462364056,7,Georgia,38.16772704802459,1108.8899999999999,1225.0,1456.7753880125078,1270.9853106992186,0.46532196033435785,0.45644232715108435,0.23438589063635154
2023-07-22,28.9,21.1,0.0,31.015885100115636,25.0,0.0,33.3,2.0,6.0,-0.34336687399638804,-0.939201357453208,7,Georgia,31.015885100115636,835.2099999999999,1108.8899999999999,961.9851285435751,896.3590793933419,0.1673285458381515,0.34689301891338165,0.06261480784083426
2023-07-23,31.7,21.7,0.0,32.76279694388453,26.7,0.0,28.9,2.0,5.0,-0.3594718130884232,-0.9331559438780432,7,Georgia,32.76279694388453,1004.89,835.2099999999999,1073.4008635862097,1038.5806631211397,0.24011653932852214,0.223501070407029,0.17400211128088897
2023-07-24,31.7,19.4,0.0,32.56900581695783,25.549999999999997,0.0,31.7,1.0,4.0,-0.3754703786876202,-0.9268343944460494,7,Georgia,32.56900581695783,1004.89,1004.89,1060.7401399050327,1032.4374843975631,0.23204190903990943,0.3426160577378161,0.17409259703835536
2023-07-25,32.8,19.5,0.0,34.3537671678578,26.15,0.0,31.7,0.0,3.0,-0.3913578365610259,-0.9202385798054075,7,Georgia,34.3537671678578,1075.84,1004.89,1180.1813186233842,1126.8035631057355,0.3064069653274082,0.34142792541771144,0.23927375314792035
2023-07-26,34.4,21.7,0.0,37.21448419023117,28.049999999999997,0.0,32.8,1.0,3.0,-0.4071294853542516,-0.9133704517637858,7,Georgia,37.21448419023117,1183.36,1075.84,1384.9178335449656,1280.1782561439522,0.4256035079262987,0.5115272876050584,0.4841498787224524
2023-07-27,36.1,22.8,0.0,36.98420724259553,29.450000000000003,0.0,34.4,2.0,4.0,-0.4227806579826773,-0.9062320427107697,7,Georgia,36.98420724259553,1303.21,1183.36,1367.8315853632557,1335.1298814576987,0.4160086351081471,0.6451811915086918,0.5946065378750741
2023-07-28,34.4,22.2,0.0,37.598498363004396,28.299999999999997,0.0,36.1,3.0,4.0,-0.4383067230125192,-0.898825465016444,7,Georgia,37.598498363004396,1183.36,1303.21,1413.6470791528443,1293.3883436873512,0.4416040984585165,0.965816274635255,0.6132165699922398
2023-07-29,34.4,23.9,0.0,38.17443465370449,29.15,0.0,34.4,3.0,4.0,-0.45370308603134424,-0.8911529104063088,7,Georgia,38.17443465370449,1183.36,1183.36,1457.287461129954,1313.2005520874343,0.46560144390435365,0.7863257084189084,0.6292407394801052
2023-07-30,32.2,22.8,0.3,36.343957807751195,27.5,1.0,34.4,3.0,5.0,-0.46896519100763184,-0.8832166493127127,7,Georgia,36.343957807751195,1036.8400000000001,1183.36,1320.883269131599,1170.2754414095887,0.38933157532296647,0.647652096729348,0.31851783273975737
2023-07-31,33.9,21.7,0.0,35.22748101695786,27.799999999999997,0.0,32.2,3.0,6.0,-0.48408852163897587,-0.8750190302029955,7,Georgia,35.22748101695786,1149.2099999999998,1036.8400000000001,1240.9754188001264,1194.2116064748714,0.3428117090399108,0.37376087974218847,0.29651253620883294
2023-08-01,33.9,20.6,0.0,33.89808742945776,27.25,0.0,33.9,3.0,7.0,-0.4990686026885319,-0.8665624788845385,8,Georgia,33.89808742945776,1149.2099999999998,1149.2099999999998,1149.0803313751621,1149.145163858618,0.28742030956074,0.3848626385088306,0.19823828840950633
2023-08-02,31.7,20.0,0.0,33.379843183571246,25.85,0.0,33.9,3.0,7.0,-0.5139010013093103,-0.8578494977869301,8,Georgia,33.379843183571246,1004.89,1149.2099999999998,1114.2139309598078,1058.1410289192086,0.2658267993154686,0.3849563306309046,0.1276991366583849
2023-08-03,32.2,22.8,0.0,35.781684200924495,27.5,0.0,31.7,2.0,6.0,-0.5285813283559292,-0.8488826652214553,8,Georgia,35.781684200924495,1036.8400000000001,1004.89,1280.3289242546896,1152.170231269769,0.365903508371854,0.26846895748046345,0.1632272630483989
2023-08-04,30.6,22.2,0.0,34.722588831484536,26.4,0.0,32.2,2.0,6.0,-0.5431052396834317,-0.8396646346181327,8,Georgia,34.722588831484536,936.3600000000001,1036.8400000000001,1205.6581751603346,1062.5112182434268,0.321774534645189,0.291184818832214,0.11176593513870747
2023-08-05,33.3,22.8,0.0,36.03057495519112,28.049999999999997,0.0,30.6,1.0,5.0,-0.5574684374327892,-0.8301981337405212,8,Georgia,36.03057495519112,1108.8899999999999,936.3600000000001,1298.2023316016457,1199.8181460078642,0.3762739564662967,0.224134328048349,0.2076092045572024
2023-08-06,31.7,21.7,0.0,36.68049771557119,26.7,0.0,33.3,2.0,5.0,-0.5716666713027052,-0.8204859638785327,8,Georgia,36.68049771557119,1004.89,1108.8899999999999,1345.4589126620235,1162.7717775836068,0.40335407148213304,0.4420043818112509,0.22205220681093862
2023-08-07,33.3,21.7,0.0,40.2929255059178,27.5,0.0,31.7,1.0,4.0,-0.5856957398073508,-0.8105309990194823,8,Georgia,40.2929255059178,1108.8899999999999,1004.89,1623.5198458254413,1341.7544193470626,0.5538718960799084,0.3438593391321998,0.3943348808737611
2023-08-08,28.9,21.1,0.0,31.015885100115636,25.0,0.0,33.3,2.0,4.0,-0.5995514915196489,-0.8003361849976323,8,Georgia,31.015885100115636,835.2099999999999,1108.8899999999999,961.9851285435751,896.3590793933419,0.1673285458381515,0.5533396468044955,0.12801626404559321
2023-08-09,31.1,19.4,0.0,33.19595416537561,25.25,0.0,28.9,1.0,3.0,-0.6132298262997502,-0.7899045386224707,8,Georgia,33.19595416537561,967.21,835.2099999999999,1101.9713729497184,1032.3941745431816,0.25816475689065044,0.2892347354115365,0.2348673849860239
2023-08-10,30.6,20.6,0.0,32.930913029315576,25.6,0.0,31.1,1.0,3.0,-0.6267266965083301,-0.7792391467859886,8,Georgia,32.930913029315576,936.3600000000001,967.21,1084.4450329443464,1007.6859386970567,0.24712137622148234,0.3999468675032628,0.20326728009404899
2023-08-11,31.1,22.2,0.0,36.68049771557119,26.65,0.0,30.6,0.0,2.0,-0.6400381082043503,-0.7683431655492202,8,Georgia,36.68049771557119,967.21,936.3600000000001,1345.4589126620235,1140.7634789542642,0.40335407148213304,0.37018125536156526,0.2807747649357341
2023-08-12,33.3,22.2,0.0,39.554438450015674,27.75,0.0,31.1,0.0,2.0,-0.65316012232693,-0.7572198192083127,8,Georgia,39.554438450015674,1108.8899999999999,967.21,1564.5536010960784,1317.162800385522,0.5231016020839864,0.39862785136197,0.4922599386231239
2023-08-13,33.9,21.7,0.0,41.090860604495596,27.799999999999997,0.0,33.3,1.0,2.0,-0.666088855860977,-0.7458723993404063,8,Georgia,41.090860604495596,1149.2099999999998,1108.8899999999999,1688.4588252180881,1392.9801744924007,0.5871191918539832,0.6796336358478663,0.7351546310541642
2023-08-14,35.6,22.8,0.0,41.90100301223787,29.200000000000003,0.0,33.9,2.0,3.0,-0.6788204829862355,-0.734304263829602,8,Georgia,41.90100301223787,1267.3600000000001,1149.2099999999998,1755.6940534315672,1491.6757072356684,0.6208751255099113,0.7374350577407334,0.9110564497669941
2023-08-15,31.1,22.8,0.0,37.8871695441513,26.950000000000003,0.0,35.6,3.0,3.0,-0.6913512362094071,-0.722518835873311,8,Georgia,37.8871695441513,967.21,1267.3600000000001,1435.4376160672657,1178.2909728231054,0.45363206433963743,1.0,0.5099958876565387
2023-08-16,28.9,18.9,0.0,29.697203661351164,23.9,0.0,31.1,2.0,3.0,-0.7036774074790128,-0.7105196029692745,8,Georgia,29.697203661351164,835.2099999999999,967.21,881.923905303769,858.2491858130486,0.11238348588963183,0.5058365641522725,0.1800475366049214
2023-08-17,29.4,17.8,0.0,29.56310813900446,23.6,0.0,28.9,1.0,3.0,-0.7157953492826642,-0.6983101158835584,8,Georgia,29.56310813900446,864.3599999999999,835.2099999999999,873.9773628384717,869.1553792867311,0.10679617245851913,0.28963130100025253,0.14674834985343957
2023-08-18,31.1,18.9,0.0,32.39278539805116,25.0,0.0,29.4,0.0,3.0,-0.7277014757264236,-0.6858939875998223,8,Georgia,32.39278539805116,967.21,864.3599999999999,1049.2925458441964,1007.4156258793911,0.224699391585465,0.2406992276656051,0.16576076747166799
2023-08-19,31.1,18.9,0.0,31.5090838789956,25.0,0.0,31.1,0.0,3.0,-0.7393922635959241,-0.673274892250183,8,Georgia,31.5090838789956,967.21,967.21,992.8223668935805,979.9325086367633,0.18787849495815,0.312742326393762,0.1547810158975119
2023-08-20,32.8,20.0,0.0,33.89808742945776,26.4,0.0,31.1,0.0,2.0,-0.7508642533989489,-0.6604565640279754,8,Georgia,33.89808742945776,1075.84,967.21,1149.0803313751621,1111.8572676862145,0.28742030956074,0.39907150495759,0.3280352451177956
2023-08-21,35.0,21.1,0.0,37.83491347777776,28.05,0.0,32.8,1.0,2.0,-0.7621140503891487,-0.6474427960827475,8,Georgia,37.83491347777776,1225.0,1075.84,1431.4806778709292,1324.2219717222217,0.45145472824074,0.6363881170484372,0.7170549648583506
2023-08-22,35.0,22.2,0.0,39.9103602111111,28.6,0.0,35.0,2.0,2.0,-0.7731383255706026,-0.6342374393978054,8,Georgia,39.9103602111111,1225.0,1225.0,1592.8368521806399,1396.8626073888884,0.5379316754629624,1.0,0.9305528560537893
2023-08-23,33.3,23.9,0.0,37.20667336761786,28.599999999999998,0.0,35.0,3.0,3.0,-0.7839338166829201,-0.620844401650647,8,Georgia,37.20667336761786,1108.8899999999999,1225.0,1384.336543084604,1238.9822231416747,0.4252780569840775,1.0,0.6660087083169304
2023-08-24,34.4,22.8,0.0,39.64739735793769,28.6,0.0,33.3,3.0,4.0,-0.7944973291665992,-0.6072676460566135,8,Georgia,39.64739735793769,1183.36,1108.8899999999999,1571.9161172582046,1363.8704691130565,0.5269748899140705,0.6845630287698511,0.7236744272948938
2023-08-25,35.6,25.0,0.0,39.386496818595646,30.3,0.0,34.4,3.0,5.0,-0.8048257371083452,-0.593511190196115,8,Georgia,39.386496818595646,1267.3600000000001,1183.36,1551.296131641245,1402.159286742005,0.5161040341081519,0.6500657911088611,0.65136948170864
2023-08-26,36.7,23.3,0.0,40.072912089197835,30.0,0.0,35.6,3.0,6.0,-0.8149159841660791,-0.5795791048257612,8,Georgia,40.072912089197835,1346.89,1267.3600000000001,1605.838283308578,1470.6758736735608,0.5447046703832431,0.628710744938787,0.6386408790889366
2023-08-27,35.6,22.8,0.0,38.03229269063124,29.200000000000003,0.0,36.7,3.0,7.0,-0.8247650844733614,-0.5654755126737576,8,Georgia,38.03229269063124,1267.3600000000001,1346.89,1446.4552873058421,1353.949619786472,0.4596788621096349,0.6020443748360418,0.3621725255962602
2023-08-28,32.8,21.7,0.0,39.011986261617736,27.25,0.0,35.6,3.0,7.0,-0.8343701235229538,-0.5512045872199277,8,Georgia,39.011986261617736,1075.84,1267.3600000000001,1521.935072076651,1279.5931493810617,0.5004994275674056,0.5073149695316754,0.24593755767555484
2023-08-29,31.7,22.2,0.0,36.100147751724435,26.95,0.0,32.8,3.0,7.0,-0.8437282590292712,-0.5367705514607103,8,Georgia,36.100147751724435,1004.89,1075.84,1303.2206676963349,1144.3746837296646,0.3791728229885181,0.32333541479678396,0.16256423928585467
2023-08-30,28.9,22.8,0.0,31.98403855947564,25.85,0.0,31.7,2.0,6.0,-0.8528367217694595,-0.522177676659508,8,Georgia,31.98403855947564,835.2099999999999,1004.89,1022.9787225740246,924.3387143688459,0.20766827331148496,0.26951660193988436,0.07151481962607247
2023-08-31,31.1,19.4,0.0,32.78368005370444,25.25,0.0,28.9,1.0,5.0,-0.8616928164028522,-0.5074302810827518,8,Georgia,32.78368005370444,967.21,835.2099999999999,1074.7696778636582,1019.572449670208,0.24098666890435153,0.17199612255753927,0.1264127612714015
2023-09-01,28.9,22.2,0.0,29.66075088801562,25.549999999999997,0.0,31.1,0.0,4.0,-0.8702939222685674,-0.49253272872205434,9,Georgia,29.66075088801562,835.2099999999999,967.21,879.7601432409194,857.1957006636513,0.11086462033398418,0.242741414591799,0.06414789102409144
2023-09-02,27.8,20.0,0.0,27.910757868995592,23.9,0.0,28.9,0.0,3.0,-0.8786374941610001,-0.4774894280028391,9,Georgia,27.910757868995592,772.84,835.2099999999999,779.0104048216994,775.9190687580775,0.03794824454148301,0.223331306341768,0.07255786550694387
2023-09-03,30.6,17.2,0.0,30.406492212515545,23.9,0.0,27.8,0.0,2.0,-0.886721063082993,-0.46230483047981086,9,Georgia,30.406492212515545,936.3600000000001,772.84,924.5547686697685,930.4386617029758,0.14193717552148102,0.24621305383906567,0.20672943892096438
2023-09-04,31.7,18.3,0.0,32.56900581695783,25.0,0.0,30.6,0.0,1.0,-0.8945422369764496,-0.4469834295196741,9,Georgia,32.56900581695783,1004.89,936.3600000000001,1060.7401399050327,1032.4374843975631,0.23204190903990943,0.4691680463272309,0.36636686783014616
2023-09-05,31.7,20.0,0.0,33.820934725784504,25.85,0.0,31.7,0.0,0.0,-0.9020987014301837,-0.43152975897147144,9,Georgia,33.820934725784504,1004.89,1004.89,1143.8556257257762,1072.1236308073687,0.2842056135743543,0.6734236485642856,0.49948646859282936
2023-09-06,31.7,20.0,0.0,34.7744635280245,25.85,0.0,31.7,0.0,0.0,-0.9093882203647925,-0.4159483918249421,9,Georgia,34.7744635280245,1004.89,1004.89,1209.263313661906,1102.3504938383765,0.32393598033435406,0.6734130984506186,0.5272490196335831
2023-09-07,31.7,21.1,0.0,33.820934725784504,26.4,0.0,31.7,0.0,0.0,-0.9164086366943458,-0.4002439388573056,9,Georgia,33.820934725784504,1004.89,1004.89,1143.8556257257762,1072.1236308073687,0.2842056135743543,0.6733981275281012,0.49572974327120023
2023-09-08,28.3,18.3,0.0,28.957169045315645,23.3,0.0,31.7,0.0,0.0,-0.9231578729647039,-0.38442104726885545,9,Georgia,28.957169045315645,800.89,1004.89,838.5176391189866,819.4878839824328,0.0815487102214852,0.6733787403859063,0.23616662986618714
2023-09-09,28.9,17.8,0.0,30.717955184364623,23.35,0.0,28.3,0.0,0.0,-0.9296339319682695,-0.3684843993077793,9,Georgia,30.717955184364623,835.2099999999999,800.89,943.5927707086335,887.7489048281376,0.15491479934852595,0.43217456033133134,0.29688526401926846
2023-09-10,30.6,18.9,0.0,31.96842908860448,24.75,0.0,28.9,0.0,0.0,-0.9358348973349941,-0.35243871088460327,9,Georgia,31.96842908860448,936.3600000000001,835.2099999999999,1021.9804583931331,978.2339301112971,0.20701787869185337,0.4678089288883863,0.4072623893357981
2023-09-11,32.8,20.0,0.0,33.07112638487102,26.4,0.0,30.6,0.0,0.0,-0.9417589340994617,-0.33628873017668287,9,Georgia,33.07112638487102,1075.84,936.3600000000001,1093.6994003641123,1084.7329454237695,0.2529635993696259,0.5846450558703407,0.5769509464567634
2023-09-12,30.6,20.0,0.0,32.53139821281776,25.3,0.0,32.8,1.0,1.0,-0.9474042892438845,-0.32003923622313857,9,Georgia,32.53139821281776,936.3600000000001,1075.84,1058.2918696809227,995.4607853122236,0.23047492553407345,0.7742813198734673,0.4023672851899003
2023-09-13,28.3,21.1,6.2,30.28317007140459,24.700000000000003,1.0,30.6,1.0,1.0,-0.9527692922168511,-0.30369503751065885,9,Georgia,30.28317007140459,800.89,936.3600000000001,917.0703895736148,857.01371302075,0.13679875297519128,0.5864834655731538,0.2549796611006789
2023-09-14,25.0,20.0,0.0,25.873888888888885,22.5,0.0,28.3,1.0,1.0,-0.9578523554276669,-0.28726097055059635,9,Georgia,25.873888888888885,625.0,800.89,669.4581262345677,646.8472222222222,0.0,0.4335876913037899,0.12107645983767484
2023-09-15,23.3,20.6,0.0,23.45888888888889,21.950000000000003,0.0,25.0,0.0,1.0,-0.9626519747161487,-0.2707418984477642,9,Georgia,23.45888888888889,542.89,625.0,550.3194679012346,546.5921111111112,0.0,0.21687258228415834,0.06030131481102154
2023-09-16,21.1,18.3,0.0,22.369166666666658,19.700000000000003,0.0,23.3,0.0,1.0,-0.9671667297977312,-0.2541427094613622,9,Georgia,22.369166666666658,445.21000000000004,542.89,500.3796173611107,471.9894166666665,0.0,0.17409002496352685,0.04250550866150756
2023-09-17,27.2,18.9,6.3,27.543531976835535,23.049999999999997,1.0,21.1,0.0,1.0,-0.97139528468375,-0.23746831555846842,9,Georgia,27.543531976835535,739.8399999999999,445.21000000000004,758.6461537589616,749.1840697699265,0.02264716570148062,0.13317347079042605,0.15593892385367766
2023-09-18,26.1,15.0,0.0,26.02027777777778,20.55,0.0,27.2,0.0,1.0,-0.9753363880767837,-0.2207236509605022,9,Georgia,26.02027777777778,681.21,739.8399999999999,677.0548556327161,679.1292500000001,0.0,0.29182351962385633,0.11857569111329276
2023-09-19,27.2,13.3,0.0,27.065915636284476,20.25,0.0,26.1,0.0,0.0,-0.9789888737409319,-0.20391367068311472,9,Georgia,27.065915636284476,739.8399999999999,681.21,732.5637892304685,736.1929053069377,0.0027464848451865067,0.3234030838194308,0.2179879156926385
2023-09-20,26.7,14.4,0.0,26.65027777777778,20.55,0.0,27.2,0.0,0.0,-0.9823516608469237,-0.18704334906991657,9,Georgia,26.65027777777778,712.89,739.8399999999999,710.2373056327162,711.5624166666668,0.0,0.3734255849038739,0.19245387559111748
2023-09-21,27.2,16.1,0.0,27.35456218899553,21.65,0.0,26.7,0.0,0.0,-0.9854237542919524,-0.17011767832049052,9,Georgia,27.35456218899553,739.8399999999999,712.89,748.2720725516239,744.0440915406784,0.014773424541480415,0.3496520609226692,0.21158827948384312
2023-09-22,27.2,15.6,0.0,27.35456218899553,21.4,0.0,27.2,0.0,0.0,-0.9882042449941422,-0.15314166701312007,9,Georgia,27.35456218899553,739.8399999999999,739.8399999999999,748.2720725516239,744.0440915406784,0.014773424541480415,0.37332146161514984,0.21342565056432103
2023-09-23,28.3,15.0,0.0,27.932119356095637,21.65,0.0,27.2,0.0,0.0,-0.9906923101615609,-0.13612033862266704,9,Georgia,27.932119356095637,800.89,739.8399999999999,780.2032917231725,790.4789777775065,0.038838306503984864,0.3732651972675848,0.2665896635706589
2023-09-24,28.3,13.3,0.0,27.721938942035614,20.8,0.0,28.3,0.0,0.0,-0.9928872135356962,-0.11905873003404988,9,Georgia,27.721938942035614,800.89,800.89,768.5058987059506,784.5308720596079,0.030080789251483903,0.43151824484598217,0.2700907058073318
2023-09-25,29.4,13.3,0.0,29.227926396497807,21.35,0.0,28.3,0.0,0.0,-0.994788305609327,-0.10196189005174576,9,Georgia,29.227926396497807,864.3599999999999,800.89,854.2716814390933,859.3010360570355,0.09283026652074196,0.4314491484256982,0.34558696362225844
2023-09-26,28.3,18.3,0.0,29.543688464791305,23.3,0.0,29.4,0.0,0.0,-0.9963950238187231,-0.08483487790576538,9,Georgia,29.543688464791305,800.89,864.3599999999999,872.8295281046428,836.0863835535939,0.10598701936630439,0.49883700502680073,0.27055399008911346
2023-09-27,23.3,19.4,0.0,25.178611111111113,21.35,0.0,28.3,0.0,0.0,-0.9977068927101168,-0.06768276175455162,9,Georgia,25.178611111111113,542.89,800.89,633.9624574845681,586.661638888889,0.0,0.43130178330442365,0.09540521828497368
2023-09-28,24.4,16.1,0.0,24.405,20.25,0.0,23.3,0.0,0.0,-0.9987235240803972,-0.050510617185222886,9,Georgia,24.405,595.3599999999999,542.89,595.6040250000001,595.482,0.0,0.2264477056129289,0.12663399790416333
2023-09-29,28.9,13.9,0.0,29.083513312415594,21.4,0.0,24.4,0.0,0.0,-0.9994446170919858,-0.033323525711631344,9,Georgia,29.083513312415594,835.2099999999999,595.3599999999999,845.850746593455,840.5135347288107,0.08681305468398308,0.2596286894506129,0.3319888633828709
2023-09-30,30.0,15.6,0.0,29.682065621315626,22.8,0.0,28.9,0.0,0.0,-0.9998699583618592,-0.016126573270657762,9,Georgia,29.682065621315626,900.0,835.2099999999999,881.025019548087,890.4619686394688,0.11175273422148442,0.46664798363205534,0.3816492756012546
2023-10-01,27.8,16.7,0.0,27.987237679591207,22.25,0.0,30.0,0.0,0.0,-0.9999994220246925,0.001075151282798226,10,Georgia,27.987237679591207,772.84,900.0,783.2854729339298,778.0452074926355,0.041134903316300285,0.539288169343207,0.2433359278990936
2023-10-02,28.3,15.0,0.0,27.932119356095637,21.65,0.0,27.8,0.0,0.0,-0.999832969770105,0.018276557681691223,10,Georgia,27.932119356095637,800.89,772.84,780.2032917231725,790.4789777775065,0.038838306503984864,0.40332166277263054,0.27797494007532064
2023-10-03,28.3,13.3,0.0,27.78952527557118,20.8,0.0,28.3,0.0,0.0,-0.9993706508539969,0.03547255575312556,10,Georgia,27.78952527557118,800.89,800.89,772.2577150416095,786.4435652986645,0.03289688648213248,0.4307880472000823,0.2840202399237712
2023-10-04,27.8,13.9,0.0,27.910757868995592,20.85,0.0,28.3,0.0,0.0,-0.9986126020839734,0.052658056924614005,10,Georgia,27.910757868995592,772.84,800.89,779.0104048216994,775.9190687580775,0.03794824454148301,0.4306922543797705,0.26200712743874377
2023-10-05,27.2,14.4,0.0,27.23515810385777,20.8,0.0,27.8,0.0,0.0,-0.9975590477788613,0.06982797572987089,10,Georgia,27.23515810385777,739.8399999999999,772.84,741.7538369421296,740.7963004249314,0.009798254327407108,0.4030483494858293,0.23129215676215725
2023-10-06,25.6,18.3,0.0,25.691111111111113,21.950000000000003,0.0,27.2,0.0,0.0,-0.9962102997023297,0.0869772313136861,10,Georgia,25.691111111111113,655.3600000000001,739.8399999999999,660.0331901234568,657.6924444444445,0.0,0.37228849321270424,0.15768806376163835
2023-10-07,20.0,11.7,0.0,19.611944444444447,15.85,0.0,25.6,0.0,0.0,-0.9945667569706337,0.1041007489354256,10,Georgia,19.611944444444447,400.0,655.3600000000001,384.6283648919754,392.23888888888894,0.0,0.3020420083525558,0.060260288212436675
2023-10-08,19.4,7.2,0.0,18.802500000000006,13.299999999999999,0.0,20.0,0.0,0.0,-0.9926289059345095,0.121193461470736,10,Georgia,18.802500000000006,376.35999999999996,400.0,353.53400625000023,364.7685000000001,0.0,0.15367057976352,0.06275173589661179
2023-10-09,23.3,6.1,0.0,22.923611111111104,14.7,0.0,19.4,0.0,0.0,-0.9903973200352558,0.1382503109109819,10,Georgia,22.923611111111104,542.89,376.35999999999996,525.4919463734565,534.1201388888887,0.0,0.14391704946186956,0.13337283686128024
2023-10-10,26.7,11.1,0.0,26.59805555555556,18.9,0.0,23.3,0.0,0.0,-0.9878726596350429,0.15526624985999563,10,Georgia,26.59805555555556,712.89,542.89,707.45655933642,710.1680833333335,0.0,0.2257630476560411,0.23529421063591435
2023-10-11,21.1,15.6,0.0,22.65972222222223,18.35,0.0,26.7,0.0,0.0,-0.9850556718215013,0.172236243027682,10,Georgia,22.65972222222223,445.21000000000004,712.89,513.4630111882719,478.1201388888891,0.0,0.3481559904774227,0.07211800290558683
2023-10-12,20.6,15.0,17.0,20.519444444444446,17.8,1.0,21.1,0.0,0.0,-0.981947190186646,0.18915526872004093,10,Georgia,20.519444444444446,424.36000000000007,445.21000000000004,421.047600308642,422.70055555555564,0.0,0.1736895813188982,0.07089304394033248
2023-10-13,19.4,16.1,0.0,19.455277777777773,17.75,0.0,20.6,0.0,0.0,-0.9785481345802031,0.20601832032517084,10,Georgia,19.455277777777773,376.35999999999996,424.36000000000007,378.5078334104937,377.4323888888888,0.0,0.1640380378085613,0.055026482129400645
2023-10-14,23.3,16.1,0.3,23.276111111111106,19.700000000000003,1.0,19.4,0.0,0.0,-0.9748595108374125,0.22282040779479959,10,Georgia,23.276111111111106,542.89,376.35999999999996,541.7773484567899,542.3333888888887,0.0,0.14368759954309654,0.11997822810061143
2023-10-15,16.1,11.7,0.0,18.64305555555556,13.9,0.0,23.3,0.0,0.0,-0.9708824104813836,0.23955655912092708,10,Georgia,18.64305555555556,259.21000000000004,542.89,347.563520447531,300.1531944444445,0.0,0.22541028293460286,0.03365139332000523
2023-10-16,13.9,7.2,0.0,13.366944444444448,10.55,0.0,16.1,0.0,0.0,-0.9666180104000972,0.2562218218071163,10,Georgia,13.366944444444448,193.21,259.21000000000004,178.67520378086428,185.80052777777783,0.0,0.10329082430247662,0.02920580228495232
2023-10-17,19.4,7.2,0.0,18.985277777777778,13.299999999999999,0.0,13.9,0.0,0.0,-0.9620675724981452,0.27281126433401914,10,Georgia,18.985277777777778,376.35999999999996,193.21,360.44077229938273,368.31438888888886,0.0,0.08539332765166655,0.07106963836747757
2023-10-18,20.6,5.6,0.0,20.271388888888882,13.100000000000001,0.0,19.4,0.0,0.0,-0.957232443323312,0.28931997761869527,10,Georgia,20.271388888888882,424.36000000000007,376.35999999999996,410.92920748456766,417.590611111111,0.0,0.14348656736655072,0.086008681395742
2023-10-19,22.2,7.8,0.0,21.938333333333325,15.0,0.0,20.6,0.0,0.0,-0.9521140536681102,0.3057430764672831,10,Georgia,21.938333333333325,492.84,424.36000000000007,481.2904694444441,487.03099999999984,0.0,0.16369748444523435,0.11063911354551909
2023-10-20,23.3,11.7,0.0,23.119444444444444,17.5,0.0,22.2,0.0,0.0,-0.9467139181463862,0.3220757010206104,10,Georgia,23.119444444444444,542.89,492.84,534.508711419753,538.6830555555556,0.0,0.1969828786209129,0.12656821833070867
2023-10-21,23.9,7.8,0.0,23.553611111111113,15.85,0.0,23.3,0.0,0.0,-0.9410336347451197,0.3383130181923076,10,Georgia,23.553611111111113,571.2099999999999,542.89,554.7725963734568,562.9313055555556,0.0,0.22493997286992842,0.15082813263297426
2023-10-22,24.4,11.7,0.0,24.000277777777782,18.049999999999997,0.0,23.9,0.0,0.0,-0.9350748843515574,0.3544502230989869,10,Georgia,24.000277777777782,595.3599999999999,571.2099999999999,576.013333410494,585.6067777777779,0.0,0.2422019194955388,0.15542259051298016
2023-10-23,22.8,6.7,0.0,22.42472222222223,14.75,0.0,24.4,0.0,0.0,-0.9288394302558068,0.3704825404820963,10,Georgia,22.42472222222223,519.84,595.3599999999999,502.8681667438275,511.2836666666668,0.0,0.2577948027651547,0.12440893102565315
2023-10-24,23.3,7.8,0.0,22.845277777777778,15.55,0.0,22.8,0.0,0.0,-0.9223291176290545,0.3864052261209853,10,Georgia,22.845277777777778,542.89,519.84,521.9067167438271,532.2949722222222,0.0,0.21138526683613362,0.13713962331230492
2023-10-25,23.3,8.9,0.0,23.223888888888887,16.1,0.0,23.3,0.0,0.0,-0.9155458729775467,0.40221356823680365,10,Georgia,23.223888888888887,542.89,542.89,539.3490151234566,541.1166111111111,0.0,0.2246003874726782,0.1359540882997158
2023-10-26,25.0,13.9,0.0,24.956666666666663,19.45,0.0,23.3,0.0,0.0,-0.9084917035725082,0.41790288888678667,10,Georgia,24.956666666666663,625.0,542.89,622.835211111111,623.9166666666666,0.0,0.2245124729783011,0.17579099382928004
2023-10-27,26.1,12.8,0.0,26.0463888888889,19.450000000000003,0.0,25.0,0.0,0.0,-0.9011686968561569,0.4334685453485363,10,Georgia,26.0463888888889,681.21,625.0,678.414374151235,679.8107500000003,0.0,0.27779551820903936,0.2208383986701335
2023-10-28,26.7,12.8,0.0,26.986454903191134,19.75,0.0,26.1,0.0,0.0,-0.8935790198239952,0.4489059314938798,10,Georgia,26.986454903191134,712.89,681.21,728.2687482419689,720.5383459152033,0.0,0.3200659472037822,0.2511622905898615
2023-10-29,27.2,12.2,0.0,27.35456218899553,19.7,0.0,26.7,0.0,0.0,-0.8857249183835637,0.4642104791518923,10,Georgia,27.35456218899553,739.8399999999999,712.89,748.2720725516239,744.0440915406784,0.014773424541480415,0.34605656926005585,0.2789632130776351
2023-10-30,27.2,12.2,0.0,27.543531976835535,19.7,0.0,27.2,0.0,0.0,-0.8776087166898392,0.4793776594606945,10,Georgia,27.543531976835535,739.8399999999999,739.8399999999999,758.6461537589616,749.1840697699265,0.02264716570148062,0.3694452979468309,0.2813180950958597
2023-10-31,16.1,8.3,0.0,16.502777777777776,12.200000000000001,0.0,27.2,0.0,0.0,-0.8692328164574792,0.49440298420761813,10,Georgia,16.502777777777776,259.21000000000004,739.8399999999999,272.341674382716,265.6947222222222,0.0,0.36930304513677914,0.03835888459994659
2023-11-01,11.7,0.6,0.0,10.874166666666667,6.1499999999999995,0.0,16.1,0.0,0.0,-0.8605996962501181,0.5092820071573356,11,Georgia,10.874166666666667,136.89,259.21000000000004,118.24750069444445,127.22775,0.0,0.10262123372069597,0.027855746335491954
2023-11-02,13.9,-1.7,0.0,12.936111111111112,6.1000000000000005,0.0,11.7,0.0,0.0,-0.8517119107469189,0.5240103253675756,11,Georgia,12.936111111111112,193.21,136.89,167.34297067901235,179.81194444444446,0.0,0.07192643892014318,0.040807533073233315
2023-11-03,18.3,-1.7,0.0,17.608333333333334,8.3,0.0,13.9,0.0,0.0,-0.8425720899866032,0.5385835804920232,11,Georgia,17.608333333333334,334.89000000000004,193.21,310.0534027777778,322.2325,0.0,0.08478784664209486,0.07732513683230242
2023-11-04,22.2,1.1,0.0,21.67722222222221,11.65,0.0,18.3,0.0,0.0,-0.8331829385891785,0.5529974600700271,11,Georgia,21.67722222222221,492.84,334.89000000000004,469.90196327160436,481.23433333333304,0.0,0.12693430170879816,0.14004477769790358
2023-11-05,22.8,3.9,0.0,22.450833333333343,13.35,0.0,22.2,0.0,0.0,-0.8235472349556007,0.5672476988027229,11,Georgia,22.450833333333343,519.84,492.84,504.0399173611115,511.87900000000025,0.0,0.19569757015692468,0.14482646626362977
2023-11-06,24.4,5.0,0.0,24.065555555555562,14.7,0.0,22.8,0.0,0.0,-0.8136678304455991,0.5813300798152042,11,Georgia,24.065555555555562,595.3599999999999,519.84,579.1509641975312,587.1995555555557,0.0,0.2102375013505043,0.19293990721245594
2023-11-07,26.7,6.7,0.0,26.493611111111115,16.7,0.0,24.4,0.0,0.0,-0.8035476485339116,0.5952404359043674,11,Georgia,26.493611111111115,712.89,595.3599999999999,701.9114297067903,707.3794166666668,0.0,0.2562200738134679,0.29160169032027344
2023-11-08,26.1,8.3,0.0,26.007222222222232,17.200000000000003,0.0,26.7,0.0,0.0,-0.7931896839451843,0.6089746507720486,11,Georgia,26.007222222222232,681.21,712.89,676.3756077160499,678.7885000000003,0.0,0.3446590355849956,0.2499398050878974
2023-11-09,25.6,12.8,0.0,25.612777777777776,19.200000000000003,0.0,26.1,0.0,0.0,-0.7825970017677834,0.6225286602431057,11,Georgia,25.612777777777776,655.3600000000001,681.21,656.014385493827,655.6871111111111,0.0,0.3184938191180033,0.21361013649527114
2023-11-10,18.3,12.8,0.0,22.803333333333335,15.55,0.0,25.6,0.0,0.0,-0.7717727365467836,0.6358984534680745,11,Georgia,22.803333333333335,334.89000000000004,655.3600000000001,519.9920111111112,417.30100000000004,0.0,0.29833724234493686,0.05782247576267979
2023-11-11,12.8,10.0,0.0,14.86138888888889,11.4,0.0,18.3,0.0,0.0,-0.7607200913564104,0.6490800741100398,11,Georgia,14.86138888888889,163.84000000000003,334.89000000000004,220.86087970679014,190.2257777777778,0.0,0.12651448110148286,0.026329516225421956
2023-11-12,14.4,10.0,0.0,13.931111111111111,12.2,0.0,12.8,0.0,0.0,-0.7494423368521954,0.6620696215153815,11,Georgia,13.931111111111111,207.36,163.84000000000003,194.07585679012345,200.608,0.0,0.0774885215793276,0.03675219533938261
2023-11-13,19.4,10.0,0.0,18.920000000000005,14.7,0.0,14.4,0.0,0.0,-0.7379428103031386,0.6748632518680403,11,Georgia,18.920000000000005,376.35999999999996,207.36,357.9664000000002,367.04800000000006,0.0,0.08791086422931409,0.07979686720658359
2023-11-14,20.6,7.8,0.0,20.010277777777773,14.200000000000001,0.0,19.4,0.0,0.0,-0.7262249146041543,0.6874571793269664,11,Georgia,20.010277777777773,424.36000000000007,376.35999999999996,400.41121674382697,412.21172222222214,0.0,0.14180936110626982,0.09768260975460637
2023-11-15,17.2,12.2,0.0,16.58388888888889,14.7,0.0,20.6,0.0,0.0,-0.7142921172691032,0.699847677146407,11,Georgia,16.58388888888889,295.84,424.36000000000007,275.0253706790124,285.2428888888889,0.0,0.1617828830359038,0.05041280214386979
2023-11-16,21.1,13.3,0.0,20.90083333333333,17.200000000000003,0.0,17.2,0.0,0.0,-0.7021479494046978,0.7120310787787131,11,Georgia,20.90083333333333,445.21000000000004,295.84,436.84483402777767,441.00758333333334,0.0,0.11306082441145178,0.1008842237164127
2023-11-17,21.1,12.2,0.0,21.044444444444448,16.65,0.0,21.1,0.0,0.0,-0.6897960046655887,0.7240037789593305,11,Georgia,21.044444444444448,445.21000000000004,445.21000000000004,442.8686419753088,444.0377777777779,0.0,0.17109027687219042,0.0995768731936383
2023-11-18,21.7,11.7,0.0,21.387222222222224,16.7,0.0,21.1,0.0,0.0,-0.6772399381909491,0.7357622347736527,11,Georgia,21.387222222222224,470.89,445.21000000000004,457.4132743827161,464.10272222222227,0.0,0.1710057496130408,0.1123788643279566
2023-11-19,20.6,5.6,0.0,20.179999999999993,13.100000000000001,0.0,21.7,0.0,0.0,-0.6644834655228552,0.7473029667054296,11,Georgia,20.179999999999993,424.36000000000007,470.89,407.2323999999997,415.70799999999986,0.0,0.18324985955796882,0.10226376501474123
2023-11-20,18.9,12.8,0.0,18.656111111111105,15.85,0.0,20.6,0.0,0.0,-0.6515303615068021,0.75862255966641,11,Georgia,18.656111111111105,357.2099999999999,424.36000000000007,348.05048179012323,352.60049999999984,0.0,0.16138183100389333,0.06801184894963488
2023-11-21,19.4,13.3,0.0,19.572777777777773,16.35,0.0,18.9,0.0,0.0,-0.6383844591746642,0.7697176640069211,11,Georgia,19.572777777777773,376.35999999999996,357.2099999999999,383.0936299382714,379.7118888888888,0.0,0.13398533633417373,0.07548439194017471
2023-11-22,14.4,7.8,0.0,17.30194444444444,11.1,0.0,19.4,0.0,0.0,-0.6250496486104377,0.7805849965070866,11,Georgia,17.30194444444444,207.36,376.35999999999996,299.35728155864183,249.14799999999997,0.0,0.1412405447239847,0.03648998875606404
2023-11-23,13.9,3.3,0.0,13.288611111111111,8.6,0.0,14.4,0.0,0.0,-0.6115298757991053,0.7912213413483807,11,Georgia,13.288611111111111,193.21,207.36,176.58718526234568,184.71169444444445,0.0,0.087458647777658,0.0408041335069128
2023-11-24,17.2,5.0,0.0,16.54472222222222,11.1,0.0,13.9,0.0,0.0,-0.5978291414589552,0.801623551065242,11,Georgia,16.54472222222222,295.84,193.21,273.72783341049376,284.56922222222215,0.0,0.08389862270168137,0.06503718308937795
2023-11-25,15.0,2.2,0.0,14.443611111111112,8.6,0.0,17.2,0.0,0.0,-0.5839514998576998,0.8117885474764613,11,Georgia,14.443611111111112,225.0,295.84,208.61790192901236,216.65416666666667,0.0,0.11253798866368032,0.04762374512524968
2023-11-26,10.0,7.2,0.0,11.174444444444447,8.6,0.0,15.0,0.0,0.0,-0.5699010576127624,0.8217133225960589,11,Georgia,11.174444444444447,100.0,225.0,124.86820864197536,111.74444444444447,0.0,0.09188264141190479,0.022261121113870904
2023-11-27,10.0,3.9,0.0,9.07277777777778,6.95,0.0,10.0,0.0,0.0,-0.5556819724760489,0.8313949395234058,11,Georgia,9.07277777777778,100.0,100.0,82.31529660493831,90.7277777777778,0.0,0.0636250006345972,0.027094828638545766
2023-11-28,10.6,0.0,0.0,9.536388888888887,5.3,0.0,10.0,0.0,0.0,-0.5412984521036173,0.8408305333122887,11,Georgia,9.536388888888887,112.36,100.0,90.94271304012341,101.08572222222219,0.0,0.06359074316667845,0.03144377876639291
2023-11-29,12.8,-2.2,0.0,11.807222222222222,5.300000000000001,0.0,10.6,0.0,0.0,-0.5267547528105542,0.8500173118187018,11,Georgia,11.807222222222222,163.84000000000003,112.36,139.41049660493826,151.13244444444445,0.0,0.06595493957219414,0.042412696213604974
2023-11-30,15.0,-1.1,0.0,14.117222222222223,6.95,0.0,12.8,0.0,0.0,-0.5120551783114646,0.8589525565270845,11,Georgia,14.117222222222223,225.0,163.84000000000003,199.29596327160496,211.75833333333335,0.0,0.07676175120701059,0.054712056421173376
2023-12-01,15.6,8.9,0.0,15.530555555555553,12.25,0.0,15.0,0.0,0.0,-0.4972040784469378,0.8676336233547726,12,Georgia,15.530555555555553,243.35999999999999,225.0,241.19815586419745,242.2766666666666,0.0,0.09163857818519817,0.04832080029733386
2023-12-02,19.4,12.8,0.0,19.455277777777773,16.1,0.0,15.6,0.0,0.0,-0.4822058478963526,0.8760579434344281,12,Georgia,19.455277777777773,376.35999999999996,243.35999999999999,378.5078334104937,377.4323888888888,0.0,0.09655281531773025,0.08343181548962177
2023-12-03,20.0,9.4,0.0,19.602222222222217,14.7,0.0,19.4,0.0,0.0,-0.46706492487743034,0.8842230238742036,12,Georgia,19.602222222222217,400.0,376.35999999999996,384.2471160493825,392.04444444444437,0.0,0.14043844916250395,0.09469200959235707
2023-12-04,19.4,5.0,0.0,18.81555555555555,12.2,0.0,20.0,0.0,0.0,-0.451785789832884,0.8921264484954345,12,Georgia,18.81555555555555,376.35999999999996,400.0,354.02513086419737,365.0217777777777,0.0,0.14985171782023304,0.09205382407361255
2023-12-05,15.0,3.3,0.0,14.22166666666667,9.15,0.0,19.4,0.0,0.0,-0.4363729641045924,0.8997658785476209,12,Georgia,14.22166666666667,225.0,376.35999999999996,202.25580277777786,213.32500000000005,0.0,0.14029210648236892,0.0481099617511726
2023-12-06,11.1,2.2,0.0,10.887222222222224,6.65,0.0,15.0,0.0,0.0,-0.42083100859565564,0.9071390534005044,12,Georgia,10.887222222222224,123.21,225.0,118.53160771604942,120.84816666666669,0.0,0.09139425803718736,0.030608487684092994
2023-12-07,13.9,-2.2,0.0,13.0275,5.85,0.0,11.1,0.0,0.0,-0.4051645224207563,0.9142437912130223,12,Georgia,13.0275,193.21,123.21,169.71575625,181.08225000000002,0.0,0.06782956556348563,0.050491171819268106
2023-12-08,16.7,-0.6,0.0,16.241666666666667,8.049999999999999,0.0,13.9,0.0,0.0,-0.3893781415452015,0.9210779895789526,12,Georgia,16.241666666666667,278.89,193.21,263.7917361111111,271.23583333333335,0.0,0.08327325419964925,0.07127427511934938
2023-12-09,16.7,11.1,0.0,16.737777777777776,13.899999999999999,0.0,16.7,0.0,0.0,-0.37347653741307074,0.9276396261490467,12,Georgia,16.737777777777776,278.89,278.89,280.15320493827153,279.52088888888886,0.0,0.10646533070526731,0.05602966705720798
2023-12-10,17.8,3.9,0.0,17.931944444444447,10.85,0.0,16.7,0.0,0.0,-0.3574644155648614,0.9339267592294762,12,Georgia,17.931944444444447,316.84000000000003,278.89,321.5546315586421,319.1886111111112,0.0,0.10640920533175079,0.07656714693134467
2023-12-11,9.4,0.0,0.0,8.39388888888889,4.7,0.0,17.8,0.0,0.0,-0.34134651424503615,0.9399375283564133,12,Georgia,8.39388888888889,88.36000000000001,316.84000000000003,70.45737067901237,78.90255555555557,0.0,0.11841160790324907,0.02696123185574536
2023-12-12,13.3,-2.8,0.0,12.436666666666664,5.25,0.0,9.4,0.0,0.0,-0.3251276029999093,0.9456701548465688,12,Georgia,12.436666666666664,176.89000000000001,88.36000000000001,154.6706777777777,165.40766666666664,0.0,0.06093436200061026,0.049054697567866276
2023-12-13,15.0,-1.7,0.0,14.208611111111114,6.65,0.0,13.3,0.0,0.0,-0.30881248126625377,0.9511229423235357,12,Georgia,14.208611111111114,225.0,176.89000000000001,201.8846297067902,213.12916666666672,0.0,0.07919565325320266,0.058281927690630564
2023-12-14,15.0,0.0,0.0,14.104166666666668,7.5,0.0,15.0,0.0,0.0,-0.29240597695107734,0.9562942772197719,12,Georgia,14.104166666666668,225.0,225.0,198.92751736111114,211.56250000000003,0.0,0.09100730709145871,0.05579099032650335
2023-12-15,15.0,-1.7,0.0,14.104166666666668,6.65,0.0,15.0,0.0,0.0,-0.27591294500296043,0.9611826292540837,12,Georgia,14.104166666666668,225.0,225.0,198.92751736111114,211.56250000000003,0.0,0.09095957945156456,0.057771836307723125
2023-12-16,14.4,0.6,0.0,13.761388888888888,7.5,0.0,15.0,0.0,0.0,-0.2593382659754056,0.9657865518844574,12,Georgia,13.761388888888888,207.36,225.0,189.37582415123455,198.164,0.0,0.09091204094966295,0.05089498668273997
2023-12-17,12.2,8.3,0.0,11.960555555555556,10.25,0.0,14.4,0.0,0.0,-0.2426868445825954,0.9701046827361175,12,Georgia,11.960555555555556,148.83999999999997,207.36,143.05488919753088,145.9187777777778,0.0,0.08635048446456765,0.033001186812735464
2023-12-18,13.3,3.3,0.0,12.515,8.3,0.0,12.2,0.0,0.0,-0.22596360824801906,0.974135744004672,12,Georgia,12.515,176.89000000000001,148.83999999999997,156.625225,166.44950000000003,0.0,0.07274887454928912,0.043457080842507434
2023-12-19,7.2,-2.2,0.0,8.39388888888889,2.5,0.0,13.3,0.0,0.0,-0.20917350564635637,0.9778785428342386,12,Georgia,8.39388888888889,51.84,176.89000000000001,70.45737067901237,60.43600000000001,0.0,0.07894676724006329,0.022137769498315786
2023-12-20,11.1,-5.0,0.0,9.969999999999999,3.05,0.0,7.2,0.0,0.0,-0.19232150523909483,0.9813319716704275,12,Georgia,9.969999999999999,123.21,51.84,99.40089999999998,110.66699999999999,0.0,0.05424560100994454,0.04150513544360867
2023-12-21,13.9,-3.3,0.0,12.91,5.300000000000001,0.0,11.1,0.0,0.0,-0.17541259380427843,0.9844950085880858,12,Georgia,12.91,193.21,123.21,166.6681,179.449,0.0,0.0673279809172356,0.05453591850385843
2023-12-22,14.4,1.1,0.0,13.487222222222222,7.75,0.0,13.9,0.0,0.0,-0.15845177496083632,0.9873667175937016,12,Georgia,13.487222222222222,207.36,193.21,181.90516327160492,194.216,0.0,0.08266404744778616,0.052344328979666385
2023-12-23,18.3,2.8,0.0,17.895555555555557,10.55,0.0,14.4,0.0,0.0,-0.14144406768794202,0.9899462489023779,12,Georgia,17.895555555555557,334.89000000000004,207.36,320.25090864197534,327.4886666666667,0.0,0.0860847720028667,0.09091011449094112
2023-12-24,17.8,4.4,0.0,17.540277777777778,11.100000000000001,0.0,18.3,0.0,0.0,-0.12439450483979998,0.9922328391893008,12,Georgia,17.540277777777778,316.84000000000003,334.89000000000004,307.6613445216049,312.21694444444444,0.0,0.12375232384073132,0.07839542268755878
2023-12-25,17.2,13.9,0.0,17.30194444444444,15.55,0.0,17.8,0.0,0.0,-0.10730813165636247,0.9942258118156161,12,Georgia,17.30194444444444,295.84,316.84000000000003,299.35728155864183,297.5934444444444,0.0,0.117570018957204,0.06036039081678645
2023-12-26,17.2,11.7,0.0,17.354166666666668,14.45,0.0,17.2,0.0,0.0,-0.09019000427034513,0.9959245770286599,12,Georgia,17.354166666666668,295.84,295.84,301.1671006944445,298.4916666666667,0.0,0.11074274335704344,0.06339914838285408
2023-12-27,13.3,8.3,0.0,13.20694444444444,10.8,0.0,17.2,0.0,0.0,-0.07304518821104743,0.9973286321364752,12,Georgia,13.20694444444444,176.89000000000001,295.84,174.42338155864186,175.65236111111108,0.0,0.11068871905618544,0.03802674949330928
2023-12-28,12.2,2.8,0.0,11.425277777777778,7.5,0.0,13.3,0.0,0.0,-0.05587875690537313,0.9984375616565666,12,Georgia,11.425277777777778,148.83999999999997,176.89000000000001,130.5369722993827,139.38838888888887,0.0,0.07858862063480455,0.03882576409197489
2023-12-29,6.7,1.7,0.0,6.909722222222222,4.2,0.0,12.2,0.0,0.0,-0.03869579017652689,0.9992510374388481,12,Georgia,6.909722222222222,44.89,148.83999999999997,47.74426118827161,46.29513888888889,0.0,0.07234469208345157,0.02147070598596849
2023-12-30,8.3,1.1,0.0,7.421666666666663,4.7,0.0,6.7,0.0,0.0,-0.021501372740813793,0.999768818762748,12,Georgia,7.421666666666663,68.89000000000001,44.89,55.081136111111064,61.59983333333331,0.0,0.052808688671333606,0.028289223779306344
2023-12-31,1.1,1.1,0.0,13.092777777777782,1.1,0.0,8.3,0.0,0.0,-0.004300592702981974,0.9999907524084426,12,Georgia,13.092777777777782,1.2100000000000002,68.89000000000001,171.4208299382717,14.402055555555561,0.0,0.05686667799246887,0.007944650985322935
2024-01-01,8.3,1.7,0.0,7.421666666666663,5.0,0.0,1.1,0.0,0.0,0.017201575418260506,0.9998520419557735,1,Georgia,7.421666666666663,68.89000000000001,1.2100000000000002,55.081136111111064,61.59983333333331,0.0,0.045406909713240386,0.029880538065828934
2024-01-02,11.7,-1.1,0.0,10.7175,5.3,0.0,8.3,0.0,0.0,0.03439806061360801,0.9994082116062598,1,Georgia,10.7175,136.89,68.89000000000001,114.86480624999999,125.39474999999999,0.0,0.05680551463113166,0.04219811987488989
2024-01-03,7.2,-3.3,0.0,6.253611111111113,1.9500000000000002,0.0,11.7,0.0,0.0,0.051584366869408364,0.9986686402879997,1,Georgia,6.253611111111113,51.84,136.89,39.10765192901236,45.02600000000001,0.0,0.06966104499617581,0.026610477068806083
2024-01-04,10.6,0.0,0.0,9.693055555555553,5.3,0.0,7.2,0.0,0.0,0.06875540848113941,0.9976335468520451,1,Georgia,9.693055555555553,112.36,51.84,93.95532600308637,102.74638888888886,0.0,0.053836813632983635,0.036899992441412566
2024-01-05,10.6,-2.2,0.0,9.653888888888886,4.199999999999999,0.0,10.6,0.0,0.0,0.08590610426133272,0.9963032375991965,1,Georgia,9.653888888888886,112.36,112.36,93.1975706790123,102.3312222222222,0.0,0.06469942617237522,0.03715950769872234
2024-01-06,9.4,3.9,0.0,9.111944444444443,6.65,0.0,10.6,0.0,0.0,0.10303137904317879,0.9946781061893646,1,Georgia,9.111944444444443,88.36000000000001,112.36,83.02753155864195,85.65227777777777,0.0,0.06467001945735312,0.028433450365528492
2024-01-07,10.0,0.0,0.0,9.154444444444445,5.0,0.0,9.4,0.0,0.0,0.1201261651823505,0.9927586335250793,1,Georgia,9.154444444444445,100.0,88.36000000000001,83.80385308641978,91.54444444444445,0.0,0.06013889611682461,0.033814373428482716
2024-01-08,10.6,-2.8,0.0,9.70611111111111,3.9,0.0,10.0,0.0,0.0,0.13718540405660057,0.9905453876091833,1,Georgia,9.70611111111111,112.36,100.0,94.20859290123454,102.88477777777776,0.0,0.06226111333435096,0.037913004052753975
2024-01-09,11.7,5.0,0.0,11.435555555555558,8.35,0.0,10.6,0.0,0.0,0.1542040475626894,0.988039023376751,1,Georgia,11.435555555555558,136.89,112.36,130.77193086419757,133.79600000000002,0.0,0.06458389347856999,0.036388826504461014
2024-01-10,10.0,1.1,0.0,9.350277777777778,5.55,0.0,11.7,0.0,0.0,0.17117705961019986,0.985240282501282,1,Georgia,9.350277777777778,100.0,136.89,87.42769452160495,93.50277777777778,0.0,0.06944284292410165,0.032190761742483094
2024-01-11,17.2,-2.2,0.0,16.623055555555553,7.5,0.0,10.0,0.0,0.0,0.18809941761179758,0.9821499931752291,1,Georgia,16.623055555555553,295.84,100.0,276.32597600308634,285.9165555555555,0.0,0.06218013270152007,0.0906986353067996
2024-01-12,11.1,1.7,0.0,10.949166666666663,6.3999999999999995,0.0,17.2,0.0,0.0,0.20496611396949532,0.9787690698649216,1,Georgia,10.949166666666663,123.21,295.84,119.88425069444436,121.53574999999995,0.0,0.1098804901405014,0.033478177338550845
2024-01-13,8.3,-1.7,0.0,9.164166666666667,3.3000000000000003,0.0,11.1,0.0,0.0,0.22177215755648186,0.975098513039961,1,Georgia,9.164166666666667,68.89000000000001,123.21,83.98195069444444,76.06258333333334,0.0,0.06659531255300749,0.026885985287197905
2024-01-14,13.3,-2.8,0.0,12.488888888888887,5.25,0.0,8.3,0.0,0.0,0.23851257519407648,0.9711394088771653,1,Georgia,12.488888888888887,176.89000000000001,68.89000000000001,155.9723456790123,166.1022222222222,0.0,0.056504670341315705,0.05371822601607264
2024-01-15,15.6,3.3,0.0,14.747222222222225,9.45,0.0,13.3,0.0,0.0,0.2551824131233728,0.9668929289391521,1,Georgia,14.747222222222225,243.35999999999999,176.89000000000001,217.48056327160504,230.0566666666667,0.0,0.07794883341007249,0.06265348426337607
2024-01-16,6.7,-7.8,0.0,9.154444444444445,-0.5499999999999998,0.0,15.6,0.0,0.0,0.2717767384711357,0.9623603298276545,1,Georgia,9.154444444444445,44.89,243.35999999999999,83.80385308641978,61.33477777777779,0.0,0.09445462853030934,0.022817637458641456
2024-01-17,2.8,-11.1,0.0,1.2550000000000001,-4.15,0.0,6.7,0.0,0.0,0.2882906407095177,0.9575429528116719,1,Georgia,1.2550000000000001,7.839999999999999,44.89,1.5750250000000003,3.5140000000000002,0.0,0.052383453170784806,0.025158509848796556
2024-01-18,10.0,-7.2,0.0,8.815000000000003,1.4,0.0,2.8,0.0,0.0,0.3047192331091634,0.9524422234305676,1,Georgia,8.815000000000003,100.0,7.839999999999999,77.70422500000005,88.15000000000003,0.0,0.04631448336610114,0.04241065255682082
2024-01-19,8.9,-2.8,0.0,8.433055555555558,3.0500000000000003,0.0,10.0,0.0,0.0,0.321057654185271,0.9470596510722283,1,Georgia,8.433055555555558,79.21000000000001,100.0,71.11642600308647,75.05419444444448,0.0,0.061980975348942986,0.03131374709673833
2024-01-20,-1.1,-8.9,0.0,0.4916666666666695,-5.0,0.0,8.9,0.0,0.0,0.3373010691361842,0.9413968285264122,1,Georgia,0.4916666666666695,1.2100000000000002,79.21000000000001,0.24173611111111393,-0.5408333333333365,0.0,0.058179806751407805,0.015309907509770767
2024-01-21,5.0,-11.1,0.0,3.5388888888888874,-3.05,0.0,-1.1,0.0,0.0,0.3534446712740877,0.9354554315134164,1,Georgia,3.5388888888888874,25.0,1.2100000000000002,12.523734567901224,17.694444444444436,0.0,0.044510044823849834,0.03114568065166519
2024-01-22,10.0,-6.1,0.0,8.945555555555558,1.9500000000000002,0.0,5.0,0.0,0.0,0.3694836834473831,0.9292372181882051,1,Georgia,8.945555555555558,100.0,25.0,80.0229641975309,89.45555555555558,0.0,0.04905323665657517,0.0403605776499475
2024-01-23,11.1,5.0,0.0,10.72722222222222,8.05,0.0,10.0,0.0,0.0,0.38541335945432564,0.9227440286201427,1,Georgia,10.72722222222222,123.21,100.0,115.07329660493824,119.07216666666665,0.0,0.061891380955565234,0.03436986616410489
2024-01-24,16.7,9.4,0.0,15.66111111111111,13.05,0.0,11.1,0.0,0.0,0.4012289854475009,0.9159777842484877,1,Georgia,15.66111111111111,278.89,123.21,245.27040123456786,261.5405555555555,0.0,0.06631947150310089,0.06773556014608248
2024-01-25,22.2,15.6,0.0,22.369166666666658,18.9,0.0,16.7,0.0,0.0,0.4169258813287287,0.908940487313808,1,Georgia,22.369166666666658,492.84,278.89,500.3796173611107,496.5954999999998,0.0,0.1042142662601472,0.1472018405567063
2024-01-26,20.0,12.8,0.0,19.98083333333333,16.4,0.0,22.2,0.0,0.0,0.4324994021339788,0.901634220265486,1,Georgia,19.98083333333333,400.0,492.84,399.2337006944443,399.61666666666656,0.0,0.1885023746841974,0.09760641311292602
2024-01-27,18.3,12.8,0.0,18.417777777777776,15.55,0.0,20.0,0.0,0.0,0.44794493940789115,0.8940611451454876,1,Georgia,18.417777777777776,334.89000000000004,400.0,339.21453827160485,337.0453333333333,0.0,0.14627798472354073,0.07453492934398319
2024-01-28,13.9,6.7,0.0,18.417777777777776,10.3,0.0,18.3,0.0,0.0,0.4632579225674917,0.88622350294858,1,Georgia,18.417777777777776,193.21,334.89000000000004,339.21453827160485,256.0071111111111,0.0,0.12197639776917349,0.041367988102642354
2024-01-29,11.1,3.3,0.0,10.309444444444441,7.199999999999999,0.0,13.9,0.0,0.0,0.4784338202547012,0.8781236129591848,1,Georgia,10.309444444444441,123.21,193.21,106.28464475308635,114.4348333333333,0.0,0.08134668876124851,0.034313489539702154
2024-01-30,16.1,0.0,0.0,15.389722222222227,8.05,0.0,11.1,0.0,0.0,0.49346814167723735,0.8697638720650646,1,Georgia,15.389722222222227,259.21000000000004,123.21,236.84355007716064,247.77452777777788,0.0,0.06619328560501628,0.07278508868060883
2024-01-31,12.2,3.9,0.0,13.210277777777783,8.049999999999999,0.0,16.1,0.0,0.0,0.5083564379375122,0.8611467540480452,1,Georgia,13.210277777777783,148.83999999999997,259.21000000000004,174.51143896604952,161.16538888888894,0.0,0.09834414226815114,0.03604949086099797
2024-02-01,16.1,-0.6,0.0,15.298333333333337,7.750000000000001,0.0,12.2,0.0,0.0,0.5230943033491326,0.8522748088519838,2,Georgia,15.298333333333337,259.21000000000004,148.83999999999997,234.0390027777779,246.30316666666675,0.0,0.07137390496745374,0.07260223463801735
2024-02-02,20.0,2.2,0.0,19.44555555555556,11.1,0.0,16.1,0.0,0.0,0.5376773767406141,0.8431506618282,2,Georgia,19.44555555555556,400.0,259.21000000000004,378.12963086419774,388.9111111111112,0.0,0.09829017411472396,0.12369820839271131
2024-02-03,16.7,3.3,0.0,16.032777777777774,10.0,0.0,20.0,0.0,0.0,0.5521013427459208,0.8337770129585915,2,Georgia,16.032777777777774,278.89,400.0,257.04996327160484,267.7473888888888,0.0,0.14599230990611814,0.0679131125981462
2024-02-04,10.6,5.6,0.0,12.606388888888887,8.1,0.0,16.7,0.0,0.0,0.5663619330814524,0.8241566360566663,2,Georgia,12.606388888888887,112.36,278.89,158.92104081790117,133.6277222222222,0.0,0.10391370293531688,0.02738252222267758
2024-02-05,15.0,3.9,0.0,14.273888888888886,9.45,0.0,10.6,0.0,0.0,0.580454927809098,0.8142923779467267,2,Georgia,14.273888888888886,225.0,112.36,203.74390401234558,214.1083333333333,0.0,0.06398052557795779,0.05755682351723902
2024-02-06,18.3,-0.6,0.0,17.569166666666668,8.85,0.0,15.0,0.0,0.0,0.5943761565849831,0.804187157621448,2,Georgia,17.569166666666668,334.89000000000004,225.0,308.67561736111116,321.51575,0.0,0.08900200590776017,0.09830366915346744
2024-02-07,15.0,-1.1,0.0,14.156388888888888,6.95,0.0,18.3,0.0,0.0,0.6081214998935418,0.7938439653781019,2,Georgia,14.156388888888888,225.0,334.89000000000004,200.40334637345674,212.3458333333333,0.0,0.12165579263771863,0.05795093446871522
2024-02-08,13.9,0.0,0.0,13.053611111111113,6.95,0.0,15.0,0.0,0.0,0.6216868902665479,0.7832658619336791,2,Georgia,13.053611111111113,193.21,225.0,170.39676304012352,181.44519444444447,0.0,0.08896160054499562,0.050433144905877164
2024-02-09,17.8,6.1,0.0,17.501111111111115,11.95,0.0,13.9,0.0,0.0,0.6350683134867438,0.7724559775191742,2,Georgia,17.501111111111115,316.84000000000003,193.21,306.2888901234569,311.51977777777785,0.0,0.0811176162344184,0.08086111008382618
2024-02-10,18.9,9.4,0.0,18.76055555555556,14.149999999999999,0.0,17.8,0.0,0.0,0.6482618097757122,0.7614175109532997,2,Georgia,18.76055555555556,357.2099999999999,316.84000000000003,351.95844475308655,354.57450000000006,0.0,0.1155558554732745,0.08761229150235596
2024-02-11,18.9,15.6,0.0,18.891111111111105,17.25,0.0,18.9,0.0,0.0,0.6612634749656386,0.7501537286959042,2,Georgia,18.891111111111105,357.2099999999999,357.2099999999999,356.8740790123454,357.04199999999986,0.0,0.1293976700979761,0.07734811700806442
2024-02-12,16.1,10.0,0.0,16.816111111111113,13.05,0.0,18.9,0.0,0.0,0.6740694616546161,0.7386679638813748,2,Georgia,16.816111111111113,259.21000000000004,357.2099999999999,282.7815929012346,270.7393888888889,0.0,0.12937370777802415,0.05393549018608937
2024-02-13,13.3,5.0,0.0,14.361944444444443,9.15,0.0,16.1,0.0,0.0,0.6866759803451553,0.726963615332308,2,Georgia,14.361944444444443,176.89000000000001,259.21000000000004,206.2654482253086,191.0138611111111,0.0,0.09805092764239573,0.03991843584646204
2024-02-14,18.3,1.1,0.0,17.543055555555554,9.700000000000001,0.0,13.3,0.0,0.0,0.6990793005655562,0.7150441465537444,2,Georgia,17.543055555555554,334.89000000000004,176.89000000000001,307.7587982253086,321.03791666666666,0.0,0.0772743010286446,0.09527347996384303
2024-02-15,20.0,1.7,0.0,19.341111111111108,10.85,0.0,18.3,0.0,0.0,0.7112757519738152,0.7029130847082615,2,Georgia,19.341111111111108,400.0,334.89000000000004,374.07857901234553,386.82222222222214,0.0,0.121471013956686,0.11853467340680106
2024-02-16,18.3,6.1,0.0,17.856388888888894,12.2,0.0,20.0,0.0,0.0,0.7232617254437388,0.6905740195722293,2,Georgia,17.856388888888894,334.89000000000004,400.0,318.85062415123474,326.77191666666675,0.0,0.14561342523768633,0.08077549255431903
2024-02-17,12.8,2.8,0.0,15.559444444444447,7.800000000000001,0.0,18.3,0.0,0.0,0.7350336741329413,0.6780306024735382,2,Georgia,15.559444444444447,163.84000000000003,334.89000000000004,242.09631141975316,199.16088888888893,0.0,0.121435234784295,0.0364554214674691
2024-02-18,11.1,-1.1,0.0,9.943888888888885,5.0,0.0,12.8,0.0,0.0,0.746588114532413,0.6652865452111116,2,Georgia,9.943888888888885,123.21,163.84000000000003,98.88092623456784,110.37716666666662,0.0,0.07433178244223496,0.03649572824243703
2024-02-19,15.6,2.2,0.0,14.629722222222224,8.9,0.0,11.1,0.0,0.0,0.7579216274973472,0.6523456189565257,2,Georgia,14.629722222222224,243.35999999999999,123.21,214.02877229938275,228.22366666666667,0.0,0.06591378328522719,0.06227448443550197
2024-02-20,15.6,-2.2,0.0,14.668888888888887,6.699999999999999,0.0,15.6,0.0,0.0,0.7690308592589181,0.6392116531380588,2,Georgia,14.668888888888887,243.35999999999999,243.35999999999999,215.17630123456783,228.83466666666664,0.0,0.09360158034895909,0.06405995855226464
2024-02-21,18.9,-1.7,0.0,18.159999999999993,8.6,0.0,15.6,0.0,0.0,0.7799125224167177,0.6258885343075018,2,Georgia,18.159999999999993,357.2099999999999,243.35999999999999,329.78559999999976,343.2239999999998,0.0,0.09359135225802075,0.10552274839632916
2024-02-22,21.1,2.8,0.0,20.652777777777786,11.950000000000001,0.0,18.9,0.0,0.0,0.7905633969115482,0.612380204990065,2,Georgia,20.652777777777786,445.21000000000004,357.2099999999999,426.53722993827193,435.7736111111113,0.0,0.1291954479132646,0.1373077955223818
2024-02-23,19.4,11.7,3.1,18.946111111111115,15.549999999999999,1.0,21.1,0.0,0.0,0.8009803309782905,0.5986906625177214,2,Georgia,18.946111111111115,376.35999999999996,445.21000000000004,358.95512623456807,367.5545555555556,0.0,0.164739552332719,0.08743149490611168
2024-02-24,17.8,5.0,0.0,17.031111111111116,11.4,0.0,19.4,0.0,0.0,0.8111602420785621,0.5848239578463322,2,Georgia,17.031111111111116,316.84000000000003,376.35999999999996,290.05874567901253,303.15377777777786,0.0,0.1362554724315357,0.07441039855161581
2024-02-25,18.3,-1.1,0.0,17.46472222222222,8.6,0.0,17.8,0.0,0.0,0.8211001178128892,0.5707841943569036,2,Georgia,17.46472222222222,334.89000000000004,316.84000000000003,305.0165222993827,319.6044166666667,0.0,0.11532339578286276,0.09117444738004732
2024-02-26,22.8,2.8,0.0,22.29416666666667,12.8,0.0,18.3,0.0,0.0,0.8307970168121247,0.5565755266413303,2,Georgia,22.29416666666667,519.84,334.89000000000004,497.0298673611112,508.3070000000001,0.0,0.12132728343534538,0.18482226359294157
2024-02-27,23.3,14.4,0.0,23.184722222222216,18.85,0.0,22.8,0.0,0.0,0.8402480696078469,0.5422021592729844,2,Georgia,23.184722222222216,542.89,519.84,537.5313445216046,540.2040277777777,0.0,0.20148867110794266,0.16030555244753433
2024-02-28,23.9,6.7,0.0,23.879999999999995,15.299999999999999,0.0,23.3,0.0,0.0,0.8494504794814806,0.527668345562516,2,Georgia,23.879999999999995,571.2099999999999,542.89,570.2543999999998,570.7319999999999,0.0,0.2142278504351534,0.20322920133344097
2024-02-29,11.7,2.8,0.0,10.678333333333335,7.25,0.0,23.9,0.0,0.0,0.8584015232918917,0.512978386299228,2,Georgia,10.678333333333335,136.89,571.2099999999999,114.0268027777778,124.93650000000001,0.0,0.2308440649772418,0.03082372092305232
2024-03-01,9.4,4.4,0.0,10.061388888888887,6.9,0.0,11.7,0.0,0.0,0.8670985522812081,0.4981366284784055,3,Georgia,10.061388888888887,88.36000000000001,136.89,101.23154637345675,94.57705555555555,0.0,0.06859058539987391,0.024625766950456204
2024-03-02,15.6,6.1,0.3,15.452222222222218,10.85,1.0,9.4,0.0,0.0,0.8755389928586302,0.4831474640149687,3,Georgia,15.452222222222218,243.35999999999999,88.36000000000001,238.77117160493816,241.0546666666666,0.0,0.059318095069934594,0.057550271574438885
2024-03-03,21.1,7.2,0.0,21.044444444444448,14.15,0.0,15.6,0.0,0.0,0.8837203473619977,0.4680153284438345,3,Georgia,21.044444444444448,445.21000000000004,243.35999999999999,442.8686419753088,444.0377777777779,0.0,0.09353494268761817,0.12726566994297892
2024-03-04,17.8,12.2,0.0,18.891111111111105,15.0,0.0,21.1,0.0,0.0,0.8916401947968874,0.45274469960737107,3,Georgia,18.891111111111105,316.84000000000003,445.21000000000004,356.8740790123454,336.2617777777777,0.0,0.16467416960055795,0.06194228725124814
2024-03-05,15.6,10.6,0.0,16.02944444444445,13.1,0.0,17.8,0.0,0.0,0.8992961915530253,0.4373400963303323,3,Georgia,16.02944444444445,243.35999999999999,316.84000000000003,256.9430891975311,250.05933333333343,0.0,0.1152952497847789,0.04611704838856699
2024-03-06,16.1,13.3,0.0,16.14694444444445,14.700000000000001,0.0,15.6,0.0,0.0,0.9066860720977985,0.4218060770826634,3,Georgia,16.14694444444445,259.21000000000004,243.35999999999999,260.7238148919755,259.9658055555557,0.0,0.09353754131968813,0.048436759985995996
2024-03-07,23.9,11.1,0.0,23.644999999999996,17.5,0.0,16.1,0.0,0.0,0.9138076496466615,0.4061472386305789,3,Georgia,23.644999999999996,571.2099999999999,259.21000000000004,559.0860249999998,565.1154999999999,0.0,0.09788760340851464,0.19486311358615446
2024-03-08,18.9,12.2,0.0,20.323611111111106,15.549999999999999,0.0,23.9,0.0,0.0,0.9206588168102428,0.3903682146763026,3,Georgia,20.323611111111106,357.2099999999999,571.2099999999999,413.0491685956788,384.11624999999987,0.0,0.2308521081031132,0.07167041059453853
2024-03-09,20.0,11.7,0.0,19.915555555555557,15.85,0.0,18.9,0.0,0.0,0.9272375462179537,0.374473674486883,3,Georgia,19.915555555555557,400.0,357.2099999999999,396.62935308641977,398.31111111111113,0.0,0.12914917940806178,0.09073746456703766
2024-03-10,15.0,5.6,0.0,15.243333333333332,10.3,0.0,20.0,0.0,0.0,0.9335418911179212,0.35846832151248087,3,Georgia,15.243333333333332,225.0,400.0,232.35921111111108,228.64999999999998,0.0,0.14546513789724078,0.044094741919060126
2024-03-11,18.3,3.3,0.0,17.425555555555555,10.8,0.0,15.0,0.0,0.0,0.9395699859530622,0.342356891994542,3,Georgia,17.425555555555555,334.89000000000004,225.0,303.6499864197531,318.8876666666667,0.0,0.08874307100981702,0.08116339803056251
2024-03-12,22.2,1.7,0.0,21.546666666666663,11.95,0.0,18.3,0.0,0.0,0.945320046913132,0.3261441535642696,3,Georgia,21.546666666666663,492.84,334.89000000000004,464.2588444444443,478.3359999999999,0.0,0.12134386459783882,0.15785798913033927
2024-03-13,23.9,3.9,0.0,23.501388888888886,13.899999999999999,0.0,22.2,0.0,0.0,0.9507903724625832,0.3098349038318025,3,Georgia,23.501388888888886,571.2099999999999,492.84,552.31527970679,561.6831944444443,0.0,0.18745960353173585,0.20060293457356249
2024-03-14,27.2,7.8,0.0,26.546626832551105,17.5,0.0,23.9,0.0,0.0,0.9559793438440766,0.2934339689665273,3,Georgia,26.546626832551105,739.8399999999999,571.2099999999999,704.7233961867223,722.06824984539,0.0,0.23094088677258257,0.3422103133185641
2024-03-15,21.7,14.4,0.0,24.760833333333338,18.05,0.0,27.2,0.0,0.0,0.9608854255574977,0.27694620226893646,3,Georgia,24.760833333333338,470.89,739.8399999999999,613.0988673611113,537.3100833333334,0.0,0.3544425452645682,0.11299953736448384
2024-03-16,22.2,14.4,0.0,21.977499999999992,18.3,0.0,21.7,0.0,0.0,0.9655071658143364,0.2603764827344581,3,Georgia,21.977499999999992,492.84,470.89,483.01050624999965,487.9004999999998,0.0,0.1767140883887147,0.12094948376518243
2024-03-17,20.0,11.7,0.8,19.61527777777778,15.85,1.0,22.2,0.0,0.0,0.969843196967294,0.24372971360968387,3,Georgia,19.61527777777778,400.0,492.84,384.75912229938285,392.3055555555556,0.0,0.18753468001590398,0.08636208199374885
2024-03-18,14.4,5.6,0.0,15.846666666666668,10.0,0.0,20.0,0.0,0.0,0.9738922359149924,0.22701082094141847,3,Georgia,15.846666666666668,207.36,400.0,251.11684444444447,228.192,0.0,0.14557389451416478,0.03813167291791925
2024-03-19,15.6,-0.6,0.0,14.616666666666667,7.5,0.0,14.4,0.0,0.0,0.9776530844816641,0.2102247521189836,3,Georgia,14.616666666666667,243.35999999999999,207.36,213.64694444444447,228.02,0.0,0.08440100425300927,0.05540820825919602
2024-03-20,22.8,2.2,0.0,22.333333333333343,12.5,0.0,15.6,0.0,0.0,0.981124629771712,0.19337647441020586,3,Georgia,22.333333333333343,519.84,243.35999999999999,498.7777777777782,509.2000000000002,0.0,0.09365112096915314,0.1728956510379737
2024-03-21,24.4,6.1,0.0,23.98722222222222,15.25,0.0,22.8,0.0,0.0,0.984305844499033,0.17647097349152166,3,Georgia,23.98722222222222,595.3599999999999,519.84,575.3868299382714,585.2882222222221,0.0,0.2017288939807041,0.20302898792901716
2024-03-22,20.0,13.3,0.0,21.7686111111111,16.65,0.0,24.4,0.0,0.0,0.9871957872910085,0.15951325197263655,3,Georgia,21.7686111111111,400.0,595.3599999999999,473.8724297067896,435.372222222222,0.0,0.24623403176263606,0.07969666801957909
2024-03-23,19.4,11.7,0.0,19.063611111111115,15.549999999999999,0.0,20.0,0.0,0.0,0.9897936029670716,0.14250832791617088,3,Georgia,19.063611111111115,376.35999999999996,400.0,363.4212685956792,369.8340555555556,0.0,0.14568306756062466,0.07472697043285771
2024-03-24,18.3,2.8,0.0,17.55611111111111,10.55,0.0,19.4,0.0,0.0,0.992098522791769,0.12546123335273648,3,Georgia,17.55611111111111,334.89000000000004,376.35999999999996,308.217037345679,321.27683333333334,0.0,0.13646642929604635,0.07280964392237411
2024-03-25,17.2,8.3,0.0,16.61,12.75,0.0,18.3,0.0,0.0,0.9941098647022418,0.10837701279187609,3,Georgia,16.61,295.84,334.89000000000004,275.89209999999997,285.69199999999995,0.0,0.12155558489536382,0.055460077402615236
2024-03-26,16.1,11.7,0.0,16.02944444444445,13.9,0.0,17.2,0.0,0.0,0.9958270335100595,0.09126072172931188,3,Georgia,16.02944444444445,259.21000000000004,295.84,256.9430891975311,258.0740555555557,0.0,0.10889317741291582,0.04397792517258409
2024-03-27,21.7,11.1,0.0,21.36111111111111,16.4,0.0,16.1,0.0,0.0,0.9972495210773451,0.07411742515094437,3,Georgia,21.36111111111111,470.89,259.21000000000004,456.2970679012345,463.5361111111111,0.0,0.09812676264176146,0.11608321787726582
2024-03-28,19.4,9.4,0.0,18.724166666666672,14.399999999999999,0.0,21.7,0.0,0.0,0.998376906467142,0.056952196034039754,3,Georgia,18.724166666666672,376.35999999999996,470.89,350.5944173611113,363.24883333333344,0.0,0.17705356795793864,0.07411048979471209
2024-03-29,21.7,2.2,0.0,21.06083333333334,11.95,0.0,19.4,0.0,0.0,0.9992088560679753,0.03977011384605572,3,Georgia,21.06083333333334,470.89,376.35999999999996,443.55870069444467,457.02008333333345,0.0,0.1366038734224815,0.12896275553155243
2024-03-30,24.4,5.0,0.0,23.96111111111111,14.7,0.0,21.7,0.0,0.0,0.9997451236925734,0.022576263041545485,3,Georgia,23.96111111111111,595.3599999999999,470.89,574.1348456790122,584.651111111111,0.0,0.17713057343696045,0.19885251336328622
2024-03-31,25.6,10.6,0.0,25.469166666666663,18.1,0.0,24.4,0.0,0.0,0.9999855506507186,0.005375731557583884,3,Georgia,25.469166666666663,655.3600000000001,595.3599999999999,648.6784506944442,652.0106666666666,0.0,0.24665575133420925,0.22389889043196481
2024-04-01,24.4,16.1,0.0,24.43111111111111,20.25,0.0,25.6,0.0,0.0,0.9999300657962057,-0.011826390691832589,4,Georgia,24.43111111111111,595.3599999999999,655.3600000000001,596.8791901234567,596.1191111111111,0.0,0.2878844145173194,0.159033505611616
2024-04-02,27.2,19.4,1.3,27.416236963591118,23.299999999999997,1.0,24.4,0.0,0.0,0.9995786855478958,-0.029025013321975237,4,Georgia,27.416236963591118,739.8399999999999,595.3599999999999,751.6500492437799,745.7216454096783,0.01734320681629657,0.2467704523430847,0.27499269024267886
2024-04-03,18.9,11.1,0.0,24.956666666666663,15.0,0.0,27.2,0.0,0.0,0.9989315138848577,-0.046215046983708354,4,Georgia,24.956666666666663,357.2099999999999,739.8399999999999,622.835211111111,471.6809999999999,0.0,0.3555472792781984,0.06668568062453147
2024-04-04,17.8,6.7,0.0,17.057222222222222,12.25,0.0,18.9,0.0,0.0,0.9979887423155984,-0.06339140486951038,4,Georgia,17.057222222222222,316.84000000000003,357.2099999999999,290.9488299382716,303.6185555555556,0.0,0.12969678508963378,0.05875089804847554
2024-04-05,16.1,4.4,0.0,15.376666666666669,10.25,0.0,17.8,0.0,0.0,0.9967506498213929,-0.08054900421874167,4,Georgia,15.376666666666669,259.21000000000004,316.84000000000003,236.44187777777785,247.5643333333334,0.0,0.11583422742808322,0.04719669946365456
2024-04-06,17.8,4.4,0.0,17.083333333333336,11.100000000000001,0.0,16.1,0.0,0.0,0.9952176027737294,-0.09768276782171598,4,Georgia,17.083333333333336,316.84000000000003,259.21000000000004,291.8402777777779,304.08333333333337,0.0,0.09837280508067237,0.062317436889319705
2024-04-07,22.8,2.8,0.0,22.333333333333343,12.8,0.0,17.8,0.0,0.0,0.9933900548258936,-0.11478762552212701,4,Georgia,22.333333333333343,519.84,316.84000000000003,498.7777777777782,509.2000000000002,0.0,0.1159008806239115,0.1510450401777839
2024-04-08,24.4,10.0,0.0,24.15694444444445,17.2,0.0,22.8,0.0,0.0,0.9912685467787256,-0.13185851571739118,4,Georgia,24.15694444444445,595.3599999999999,519.84,583.5579648919755,589.4294444444445,0.0,0.20253514231754938,0.17260826446237484
2024-04-09,18.3,13.9,0.0,22.54222222222223,16.1,0.0,24.4,0.0,0.0,0.9888537064205885,-0.1488903868564548,4,Georgia,22.54222222222223,334.89000000000004,595.3599999999999,508.1517827160497,412.5226666666668,0.0,0.24722905735668116,0.05356378528886017
2024-04-10,22.2,15.0,0.0,22.225555555555545,18.6,0.0,18.3,0.0,0.0,0.986146248341595,-0.16587819893463143,4,Georgia,22.225555555555545,492.84,334.89000000000004,493.97531975308596,493.4073333333331,0.0,0.12205250183336545,0.10757888976941699
2024-04-11,23.3,12.8,0.0,23.276111111111106,18.05,0.0,22.2,0.0,0.0,0.9831469737221499,-0.1828169249850199,4,Georgia,23.276111111111106,542.89,492.84,541.7773484567899,542.3333888888887,0.0,0.1885617637460478,0.13183193368127455
2024-04-12,20.0,11.1,0.0,19.314999999999998,15.55,0.0,23.3,0.0,0.0,0.9798567700958665,-0.1997015525660636,4,Georgia,19.314999999999998,400.0,542.89,373.0692249999999,386.29999999999995,0.0,0.2156023979386486,0.07136734614688786
2024-04-13,25.0,6.1,0.0,24.578055555555554,15.55,0.0,20.0,0.0,0.0,0.9762766110869321,-0.21652708524481437,4,Georgia,24.578055555555554,625.0,400.0,604.0808148919753,614.4513888888889,0.0,0.1464659330100071,0.20554202283171596
2024-04-14,28.3,8.3,0.0,27.224983142015567,18.3,0.0,25.0,0.0,0.0,0.9724075561219968,-0.23328854407545518,4,Georgia,27.224983142015567,800.89,625.0,741.1997070830319,770.4670229190406,0.009374297583981969,0.2673373281767533,0.34979565699314785
2024-04-15,28.9,11.7,0.0,28.03957093897562,20.299999999999997,0.0,28.3,0.0,0.0,0.9682507501166718,-0.2499809690726521,4,Georgia,28.03957093897562,835.2099999999999,800.89,786.217538441846,810.3436001363954,0.04331545579065077,0.41305157412340177,0.3639434853142241
2024-04-16,28.9,13.3,0.0,27.908959375464487,21.1,0.0,28.9,0.0,0.0,0.9638074231367307,-0.26659942067929354,4,Georgia,27.908959375464487,835.2099999999999,835.2099999999999,778.9100134213271,806.5689259509237,0.03787330731102031,0.4476779990650551,0.34991572086112
2024-04-17,25.6,16.7,0.0,25.811388888888896,21.15,0.0,28.9,0.0,0.0,0.9590788900341131,-0.28313898122818354,4,Georgia,25.811388888888896,655.3600000000001,835.2099999999999,666.2277963734572,660.7715555555558,0.0,0.4478136250227985,0.17734854225707916
2024-04-18,29.4,13.3,0.0,29.02254748851555,21.35,0.0,25.6,0.0,0.0,0.9540665500578387,-0.2995947563972602,4,Georgia,29.02254748851555,864.3599999999999,655.3600000000001,842.3082627231402,853.2628961623572,0.08427281202148122,0.2892870345249575,0.402248490172579
2024-04-19,28.3,18.3,0.0,29.543688464791305,23.3,0.0,29.4,0.0,0.0,0.9487718864399473,-0.31596187665790293,4,Georgia,29.543688464791305,800.89,864.3599999999999,872.8295281046428,836.0863835535939,0.10598701936630439,0.4790244877688861,0.3100174455029694
2024-04-20,24.4,17.2,0.0,26.21611111111112,20.799999999999997,0.0,28.3,0.0,0.0,0.9431964659565866,-0.33223549871590435,4,Georgia,26.21611111111112,595.3599999999999,800.89,687.2844817901238,639.6731111111112,0.0,0.41370173627586904,0.14343816485887217
2024-04-21,14.4,7.8,0.0,19.285555555555554,11.1,0.0,24.4,0.0,0.0,0.9373419384643772,-0.3484108069446808,4,Georgia,19.285555555555554,207.36,595.3599999999999,371.9326530864197,277.712,0.0,0.24820659030735015,0.02776702990438546
2024-04-22,18.9,6.1,0.0,18.303611111111113,12.5,0.0,14.4,0.0,0.0,0.9312100364121947,-0.3644830148102912,4,Georgia,18.303611111111113,357.2099999999999,207.36,335.0221797067902,345.93825000000004,0.0,0.08520908304219618,0.06651929901212048
2024-04-23,22.8,3.3,0.0,22.411666666666672,13.05,0.0,18.9,0.0,0.0,0.9248025743285089,-0.38044736628785164,4,Georgia,22.411666666666672,519.84,357.2099999999999,502.28280277777804,510.98600000000016,0.0,0.1305330097243591,0.13431691758562045
2024-04-24,23.3,8.9,0.0,23.14555555555555,16.1,0.0,22.8,0.0,0.0,0.9181214482844364,-0.39629913726891813,4,Georgia,23.14555555555555,542.89,519.84,535.7167419753084,539.2914444444443,0.0,0.20364823587111414,0.12881345261130442
2024-04-25,26.1,9.4,0.0,25.82444444444445,17.75,0.0,23.3,0.0,0.0,0.9111686353326631,-0.41203363695942635,4,Georgia,25.82444444444445,681.21,542.89,666.9019308641978,674.0180000000001,0.0,0.21660268738671484,0.21923538622854793
2024-04-26,27.2,12.2,0.0,27.065915636284476,19.7,0.0,26.1,0.0,0.0,0.9039461929224011,-0.42764620926777464,4,Georgia,27.065915636284476,739.8399999999999,681.21,732.5637892304685,736.1929053069377,0.0027464848451865067,0.30968741425002466,0.25452275572069594
2024-04-27,23.3,16.1,0.0,24.891388888888894,19.700000000000003,0.0,27.2,0.0,0.0,0.8964562582905575,-0.44313223418263453,4,Georgia,24.891388888888894,542.89,739.8399999999999,619.5812408179015,579.9693611111112,0.0,0.3581868781596011,0.11183872866248994
2024-04-28,25.6,16.1,0.0,25.50833333333333,20.85,0.0,23.3,0.0,0.0,0.8887010478292915,-0.45848712914008766,4,Georgia,25.50833333333333,655.3600000000001,542.89,650.6750694444443,653.0133333333333,0.0,0.21686381446188138,0.17521994512693526
2024-04-29,25.0,12.8,0.0,24.904444444444447,18.9,0.0,25.6,0.0,0.0,0.8806828564301475,-0.47370635037968,4,Georgia,24.904444444444447,625.0,655.3600000000001,620.2313530864199,622.6111111111112,0.0,0.2904680824751891,0.1593531271945533
2024-04-30,24.4,17.2,0.0,24.45722222222222,20.799999999999997,0.0,25.0,0.0,0.0,0.8724040568049612,-0.48878539428899265,4,Georgia,24.45722222222222,595.3599999999999,625.0,598.1557188271604,596.7562222222222,0.0,0.268907389120074,0.1314261973695312
2024-05-01,28.9,12.8,0.0,28.258726944275562,20.85,0.0,24.4,0.0,0.0,0.8638670987837349,-0.503719798736334,5,Georgia,28.258726944275562,835.2099999999999,595.3599999999999,798.5556485111257,816.6772086895637,0.05244695601148175,0.24918129788218266,0.34312666138704623
2024-05-02,28.9,12.8,0.0,28.33797592205119,20.85,0.0,28.9,0.0,0.0,0.8550745085896932,-0.518505144391157,5,Georgia,28.33797592205119,835.2099999999999,835.2099999999999,803.0408793587529,818.9675041472793,0.055748996752132886,0.4501223871685941,0.32917329228725856
2024-05-03,29.4,18.3,0.0,29.227926396497807,23.85,0.0,28.9,0.0,0.0,0.8460288880917339,-0.533137056031809,5,Georgia,29.227926396497807,864.3599999999999,835.2099999999999,854.2716814390933,859.3010360570355,0.09283026652074196,0.4502926021305861,0.33904121684250865
2024-05-04,25.6,17.8,0.0,26.65027777777778,21.700000000000003,0.0,29.4,0.0,0.0,0.8367329140344921,-0.5476112038402312,5,Georgia,26.65027777777778,655.3600000000001,864.3599999999999,710.2373056327162,682.2471111111113,0.0,0.481513853252663,0.16108744106249284
2024-05-05,29.4,16.7,0.0,29.930825938151138,23.049999999999997,0.0,25.6,0.0,0.0,0.8271893372462497,-0.5619233046832195,5,Georgia,29.930825938151138,864.3599999999999,655.3600000000001,895.8543413399009,879.9662825816434,0.12211774742296407,0.2911861348744279,0.3649439598976357
2024-05-06,29.4,18.3,0.0,29.930825938151138,23.85,0.0,29.4,0.0,0.0,0.8174009818249189,-0.5760691233798758,5,Georgia,29.930825938151138,864.3599999999999,864.3599999999999,895.8543413399009,879.9662825816434,0.12211774742296407,0.4818801279565632,0.3431111562557614
2024-05-07,27.8,17.2,0.0,28.957169045315645,22.5,0.0,29.4,0.0,0.0,0.8073707443023492,-0.5900444739548627,5,Georgia,28.957169045315645,772.84,864.3599999999999,838.5176391189866,805.009299459775,0.0815487102214852,0.4820658403098039,0.25598087304131756
2024-05-08,30.0,21.7,0.0,31.887677555555513,25.85,0.0,27.8,0.0,0.0,0.7971015927871943,-0.6038452208771035,5,Georgia,31.887677555555513,900.0,772.84,1016.8239798870788,956.6303266666654,0.2036532314814797,0.3896175491412372,0.3957595303553893
2024-05-09,25.6,18.9,0.0,30.026780984595675,22.25,0.0,30.0,0.0,0.0,0.7865965660866021,-0.6174672802835514,5,Georgia,30.026780984595675,655.3600000000001,900.0,901.6075762968763,768.6855932056493,0.1261158743581531,0.5224530701562687,0.1769951824468522
2024-05-10,27.2,18.3,1.7,27.195764459617777,22.75,1.0,25.6,0.0,0.0,0.7758587728069828,-0.6309066211876704,5,Georgia,27.195764459617777,739.8399999999999,655.3600000000001,739.6096045430094,739.7247933016035,0.00815685248407405,0.2918175857616706,0.2209209551544357
2024-05-11,23.9,11.1,0.0,23.61888888888889,17.5,0.0,27.2,0.0,0.0,0.7648913904341225,-0.6441592666722685,5,Georgia,23.61888888888889,571.2099999999999,739.8399999999999,557.851912345679,564.4914444444445,0.0,0.3602161291474294,0.1197427297491674
2024-05-12,26.1,13.3,0.0,25.811388888888896,19.700000000000003,0.0,23.9,0.0,0.0,0.753697664392914,-0.6572212950663319,5,Georgia,25.811388888888896,681.21,571.2099999999999,666.2277963734572,673.6772500000002,0.0,0.23509821501675326,0.1850384684350913
2024-05-13,18.9,15.0,0.0,23.014999999999997,16.95,0.0,26.1,0.0,0.0,0.742280907086982,-0.6700888411055113,5,Georgia,23.014999999999997,357.2099999999999,681.21,529.6902249999998,434.98349999999994,0.0,0.31188545858959144,0.04623569508114055
2024-05-14,25.0,17.2,0.0,25.113333333333337,21.1,0.0,18.9,0.0,0.0,0.7306444969184916,-0.6827580970759147,5,Georgia,25.113333333333337,625.0,357.2099999999999,630.6795111111113,627.8333333333334,0.0,0.1317771458521616,0.14558077581708814
2024-05-15,26.1,18.3,0.0,26.111666666666668,22.200000000000003,0.0,25.0,0.0,0.0,0.7187918772884232,-0.6952253139408722,5,Georgia,26.111666666666668,681.21,625.0,681.8191361111112,681.5145000000001,0.0,0.27067691487461043,0.1672392022538375
2024-05-16,27.8,15.0,0.0,28.146045184835597,21.4,0.0,26.1,0.0,0.0,0.7067265555776158,-0.7074868024503348,5,Georgia,28.146045184835597,772.84,681.21,792.199859546807,782.4600561384296,0.04775188270148319,0.3123071696046769,0.25140945547390736
2024-05-17,22.2,17.2,0.0,26.137777777777778,19.7,0.0,27.8,0.0,0.0,0.6944521021088763,-0.719538934232584,5,Georgia,26.137777777777778,492.84,772.84,683.1834271604938,580.2586666666666,0.0,0.39111187263654884,0.08288778068519645
2024-05-18,25.0,18.3,0.0,25.20472222222223,21.65,0.0,22.2,0.0,0.0,0.6819721490904629,-0.7313781428679254,5,Georgia,25.20472222222223,625.0,492.84,635.2780222993831,630.1180555555558,0.0,0.19148163830464957,0.1354887857372727
2024-05-19,27.2,17.2,0.0,27.8139038595378,22.2,0.0,25.0,0.0,0.0,0.6692903895412567,-0.7430009249440493,5,Georgia,27.8139038595378,739.8399999999999,625.0,773.6132479076117,756.5381849794281,0.03391266081407496,0.27118293937907273,0.2151935545767074
2024-05-20,28.9,15.0,0.0,28.50576934161565,21.95,0.0,27.2,0.0,0.0,0.6564105761979381,-0.7544038410927472,5,Georgia,28.50576934161565,835.2099999999999,739.8399999999999,812.5788857573948,823.8167339726923,0.06274038923398544,0.36164701908275276,0.29674237550697186
2024-05-21,30.0,17.2,0.0,29.689165055555495,23.6,0.0,28.9,0.0,0.0,0.6433365204044917,-0.765583517007675,5,Georgia,29.689165055555495,900.0,835.2099999999999,881.4465216960175,890.6749516666648,0.11204854398147897,0.4536095885729593,0.3537203031798669
2024-05-22,29.4,17.2,0.0,29.56310813900446,23.299999999999997,0.0,30.0,0.0,0.0,0.6300720909843687,-0.7765366444428655,5,Georgia,29.56310813900446,864.3599999999999,900.0,873.9773628384717,869.1553792867311,0.10679617245851913,0.5251744873969955,0.3150549736162889
2024-05-23,30.6,18.3,0.0,31.285569377315557,24.450000000000003,0.0,29.4,0.0,0.0,0.6166212130956382,-0.7872599821916922,5,Georgia,31.285569377315557,936.3600000000001,864.3599999999999,978.7868512628249,957.3384229458561,0.17856539072148156,0.4852230690525891,0.4067890478747802
2024-05-24,31.1,19.4,0.5,31.887677555555513,25.25,1.0,30.6,0.0,0.0,0.6029878670694714,-0.7977503570459932,5,Georgia,31.887677555555513,967.21,936.3600000000001,1016.8239798870788,991.7067719777765,0.2036532314814797,0.5688215360985959,0.4488860334371161
2024-05-25,28.9,19.4,1.5,31.015885100115636,24.15,1.0,31.1,0.0,0.0,0.5891760872322963,-0.8080046647350754,5,Georgia,31.015885100115636,835.2099999999999,967.21,961.9851285435751,896.3590793933419,0.1673285458381515,0.6074314017282854,0.30185055509396713
2024-05-26,31.7,20.6,0.0,33.379843183571246,26.15,0.0,28.9,0.0,0.0,0.5751899607119775,-0.8180198708443174,5,Georgia,33.379843183571246,1004.89,835.2099999999999,1114.2139309598078,1058.1410289192086,0.2658267993154686,0.45459130396051733,0.5109600250227323
2024-05-27,30.6,17.8,0.0,32.15124504993779,24.200000000000003,0.0,31.7,0.0,0.0,0.5610336262283677,-0.8277930117131022,5,Georgia,32.15124504993779,936.3600000000001,1004.89,1033.7025582611493,983.8280985280965,0.21463521041407466,0.6568392207334174,0.41276413545942603
2024-05-28,29.4,20.0,0.0,29.47601872620456,24.7,0.0,30.6,0.0,0.0,0.5467112728685939,-0.8373211953118121,5,Georgia,29.47601872620456,864.3599999999999,936.3600000000001,868.835679947562,866.5949505504141,0.10316744692519005,0.5697450208392454,0.2908476893071393
2024-05-29,28.9,17.8,0.0,27.736280690231215,23.35,0.0,29.4,0.0,0.0,0.5322271388474397,-0.8466016020976267,5,Georgia,27.736280690231215,835.2099999999999,864.3599999999999,769.301266527293,801.578511947682,0.030678362092967298,0.48646790825734726,0.25818881573394087
2024-05-30,27.8,15.6,0.0,26.867450669315588,21.7,0.0,28.9,0.0,0.0,0.5175855102531889,-0.8556314858488706,5,Georgia,26.867450669315588,772.84,835.2099999999999,721.8599054681066,746.9151286069733,0.0,0.4553864249137912,0.2147114307204288
2024-05-31,27.8,12.2,0.0,27.49281419379563,20.0,0.0,27.8,0.0,0.0,0.5027907197793043,-0.8644081744776648,5,Georgia,27.49281419379563,772.84,772.84,755.8548322945705,764.3002345875186,0.020533924741484633,0.39357252569186923,0.23415590857785748
2024-06-01,25.0,18.9,0.0,25.981111111111122,21.95,0.0,27.8,0.0,0.0,0.4878471454423119,-0.8729290708206411,6,Georgia,25.981111111111122,625.0,772.84,675.0181345679018,649.527777777778,0.0,0.3937515706741443,0.12104701387554617
2024-06-02,28.9,18.9,0.0,29.898529149217854,23.9,0.0,25.0,0.0,0.0,0.47275920928627757,-0.881191653407483,6,Georgia,29.898529149217854,835.2099999999999,625.0,893.9220452866297,864.067492412396,0.12077204788407725,0.2730167320379374,0.28636174892791844
2024-06-03,31.1,20.0,0.0,32.02327019841567,25.55,0.0,28.9,0.0,0.0,0.4575313760742512,-0.8891934772070711,6,Georgia,32.02327019841567,967.21,835.2099999999999,1025.4898342007375,995.9237031707274,0.2093029249339864,0.4561861605691979,0.42725383201102085
2024-06-04,28.9,20.0,0.0,30.717955184364623,24.45,0.0,31.1,0.0,0.0,0.44216815196707204,-0.8969321743510065,6,Georgia,30.717955184364623,835.2099999999999,967.21,943.5927707086335,887.7489048281376,0.15491479934852595,0.6098518726769496,0.27495240406332666
2024-06-05,28.9,21.1,0.0,30.294298970771212,25.0,0.0,28.9,0.0,0.0,0.42667408318992467,-0.9044054548343001,6,Georgia,30.294298970771212,835.2099999999999,835.2099999999999,917.7445501304697,875.505240255288,0.13726245711546717,0.45658657904013683,0.2688502435717318
2024-06-06,30.0,19.4,0.0,32.25272841111113,24.7,0.0,28.9,0.0,0.0,0.4110537546870351,-0.9116111071930239,6,Georgia,32.25272841111113,900.0,835.2099999999999,1040.238489960895,967.5818523333338,0.21886368379629703,0.4567867185286468,0.3638156427973304
2024-06-07,30.6,20.6,0.0,30.026780984595675,25.6,0.0,30.0,0.0,0.0,0.3953117887649151,-0.9185469991587165,6,Georgia,30.026780984595675,936.3600000000001,900.0,901.6075762968763,918.8194981286277,0.1261158743581531,0.5286998813718733,0.3468591971531699
2024-06-08,30.0,13.3,0.0,29.076271755555542,21.65,0.0,30.6,0.0,0.0,0.37945284372454435,-0.925211078289358,6,Georgia,29.076271755555542,900.0,936.3600000000001,845.4295792029169,872.2881526666663,0.08651132314814758,0.5723092867628587,0.3335124320764594
2024-06-09,32.8,18.3,0.0,34.59215684108437,25.549999999999997,0.0,30.0,0.0,0.0,0.36348161248290634,-0.9316013725767187,6,Georgia,34.59215684108437,1075.84,900.0,1196.61731491818,1134.622744387567,0.3163398683785153,0.5291422233705896,0.6153592914956292
2024-06-10,28.9,19.4,1.1,33.379843183571246,24.15,1.0,32.8,1.0,1.0,0.3474028211842774,-0.9377159910299093,6,Georgia,33.379843183571246,835.2099999999999,1075.84,1114.2139309598078,964.677468005209,0.2658267993154686,0.7604864871554536,0.31628945516231155
2024-06-11,30.0,16.1,0.0,28.905816744444436,23.05,0.0,28.9,1.0,1.0,0.3312212278016865,-0.9435531242349544,6,Georgia,28.905816744444436,900.0,835.2099999999999,835.5462416634043,867.1745023333331,0.07940903101851819,0.45940319123346635,0.3182723418757587
2024-06-12,31.1,16.1,0.0,30.759003960051196,23.6,0.0,30.0,1.0,1.0,0.31494162072895193,-0.9491110448902284,6,Georgia,30.759003960051196,967.21,900.0,946.1163246144451,956.6050231575922,0.15662516500213317,0.531595854964831,0.40714200825774066
2024-06-13,32.2,21.7,0.0,32.56727818179556,26.950000000000003,0.0,31.1,0.0,1.0,0.2985688173637202,-0.9543881083175908,6,Georgia,32.56727818179556,1036.8400000000001,967.21,1060.627608170457,1048.666357453817,0.23196992424148158,0.49275051675357845,0.3657330420586655
2024-06-14,34.4,19.4,0.0,34.644825070275566,26.9,0.0,32.2,1.0,2.0,0.2821076626819194,-0.9593827529490743,6,Georgia,34.644825070275566,1183.36,1036.8400000000001,1200.2639041499945,1191.7819824174794,0.3185343779281486,0.5760344076298043,0.5798794998845044
2024-06-15,35.0,21.1,0.0,36.3571822555555,28.05,0.0,34.4,2.0,3.0,0.26556302780405594,-0.9640935007889755,6,Georgia,36.3571822555555,1225.0,1183.36,1321.8447015636798,1272.5013789444424,0.3898825939814792,0.7743815187688977,0.6613387872268975
2024-06-16,35.6,22.2,0.0,36.8336682331378,28.9,0.0,35.0,3.0,4.0,0.24893980855376657,-0.9685189578512204,6,Georgia,36.8336682331378,1267.3600000000001,1225.0,1356.7191155088647,1311.2785890997056,0.40973617638074167,0.8377008987198561,0.7167007830368033
2024-06-17,33.3,23.9,0.0,34.261995594095616,28.599999999999998,0.0,35.6,3.0,4.0,0.23224292400907015,-0.9726578145718654,6,Georgia,34.261995594095616,1108.8899999999999,1267.3600000000001,1173.8843420898274,1140.9244532833839,0.302583149753984,0.9014852943368479,0.44018914712495416
2024-06-18,32.2,23.3,0.0,33.356838967857776,27.75,0.0,33.3,3.0,5.0,0.21547731504673012,-0.976508846196619,6,Georgia,33.356838967857776,1036.8400000000001,1108.8899999999999,1112.678705927595,1074.0902147650204,0.26486829032740733,0.5466662491439881,0.26703171834014977
2024-06-19,31.1,22.2,0.0,30.759003960051196,26.65,0.0,32.2,3.0,6.0,0.19864794288017112,-0.9800709131432666,6,Georgia,30.759003960051196,967.21,1036.8400000000001,946.1163246144451,956.6050231575922,0.15662516500213317,0.3682156359599617,0.13850260533859754
2024-06-20,32.2,21.1,0.0,32.04274908243562,26.650000000000002,0.0,31.1,2.0,6.0,0.18175978759137534,-0.9833429613388902,6,Georgia,32.04274908243562,1036.8400000000001,967.21,1026.7377687599287,1031.776520454427,0.21011454510148417,0.23975185183262762,0.1352165635415024
2024-06-21,33.3,18.3,0.0,32.86198896473778,25.799999999999997,0.0,32.2,2.0,6.0,0.16481784665719793,-0.9863240225317866,6,Georgia,32.86198896473778,1108.8899999999999,1036.8400000000001,1079.9103187185478,1094.3042325257682,0.24424954019740763,0.28663972279400846,0.18143892414158777
2024-06-22,34.4,19.4,0.0,35.10459696540446,26.9,0.0,33.3,2.0,6.0,0.14782713347053048,-0.9890132145779883,6,Georgia,35.10459696540446,1183.36,1108.8899999999999,1232.3327281034842,1207.5981356099135,0.3376915402251859,0.3430173798405988,0.2509003226341913
2024-06-23,36.1,21.7,0.0,35.60670538276444,28.9,0.0,34.4,3.0,6.0,0.13079267585675922,-0.9914097417023038,6,Georgia,35.60670538276444,1303.21,1183.36,1267.837468214986,1285.4020643177962,0.3586127242818516,0.5176520075041193,0.4423050665443846
2024-06-24,35.6,23.9,0.0,35.32744342903122,29.75,0.0,36.1,3.0,6.0,0.11371951458594969,-0.9935128947338007,6,Georgia,35.32744342903122,1267.3600000000001,1303.21,1248.028259231401,1257.6569860735115,0.3469768095429675,0.6664634189217344,0.382248465219619
2024-06-25,36.1,17.8,0.0,35.39049714903779,26.950000000000003,0.0,35.6,3.0,6.0,0.0966127018812031,-0.9953220513156602,6,Georgia,35.39049714903779,1303.21,1267.3600000000001,1252.487288456052,1277.5969470802643,0.3496040478765747,0.6198583358056748,0.45389541497542746
2024-06-26,36.7,19.4,4.1,36.011429689395634,28.05,1.0,36.1,3.0,6.0,0.07947729992362097,-0.9968366760893436,6,Georgia,36.011429689395634,1346.89,1303.21,1296.8230682742853,1321.61946960082,0.3754762370581514,0.6669383784684001,0.5140770484626632
2024-06-27,31.1,22.8,0.0,34.32017456463127,26.950000000000003,0.0,36.7,3.0,7.0,0.062318379354325076,-0.998056320853012,6,Georgia,34.32017456463127,967.21,1346.89,1177.8743821467633,1067.3574289600326,0.305007273526303,0.5938291914346289,0.11479337331172897
2024-06-28,32.8,22.2,0.0,36.45781422883556,27.5,0.0,31.1,2.0,6.0,0.04514101777397193,-0.9989806246941579,6,Georgia,36.45781422883556,1075.84,967.21,1329.1722183442846,1195.8163067058063,0.3940755928681483,0.24064027060082152,0.1986602709962576
2024-06-29,33.3,24.4,0.0,36.60358037643559,28.849999999999998,0.0,32.8,2.0,6.0,0.02795029824021032,-0.999609314096404,6,Georgia,36.60358037643559,1108.8899999999999,1075.84,1339.8220963741803,1218.899226535305,0.40014918235148283,0.3171614308360438,0.20870058282985265
2024-06-30,35.6,25.0,0.0,39.554438450015674,30.3,0.0,33.3,2.0,6.0,0.01075130776352193,-0.9999422030204416,6,Georgia,39.554438450015674,1267.3600000000001,1108.8899999999999,1564.5536010960784,1408.138008820558,0.5231016020839864,0.34420249459598556,0.38913519865385904
2024-07-01,35.6,24.4,0.3,37.71805098215121,30.0,1.0,35.6,3.0,6.0,-0.00645086419810515,-0.9999791929590823,7,Georgia,37.71805098215121,1267.3600000000001,1267.3600000000001,1422.651369892158,1342.7626149645832,0.4465854575896338,0.6211955168214007,0.4518886349114909
2024-07-02,32.8,25.0,0.0,34.261995594095616,28.9,0.0,35.6,3.0,6.0,-0.023651127245231586,-0.9997202729664083,7,Georgia,34.261995594095616,1075.84,1267.3600000000001,1173.8843420898274,1123.7934554863361,0.302583149753984,0.6214120235988572,0.21180481816811228
2024-07-03,33.3,25.6,0.0,36.60358037643559,29.45,0.0,32.8,3.0,6.0,-0.04084439154329611,-0.9991655196610109,7,Georgia,36.60358037643559,1108.8899999999999,1075.84,1339.8220963741803,1218.899226535305,0.40014918235148283,0.406519525745499,0.27783255701128584
2024-07-04,34.4,23.9,0.0,37.91852052531555,29.15,0.0,33.3,3.0,6.0,-0.05802556932878035,-0.9983150972033183,7,Georgia,37.91852052531555,1183.36,1108.8899999999999,1437.8141988287766,1304.3971060708548,0.45493835522148124,0.43933291798110574,0.37680823491718357
2024-07-05,34.4,24.4,0.0,39.64739735793769,29.4,0.0,34.4,3.0,7.0,-0.07518957641475855,-0.9971692572470178,7,Georgia,39.64739735793769,1183.36,1183.36,1571.9161172582046,1363.8704691130565,0.5269748899140705,0.41380073600838246,0.3159400504163121
2024-07-06,32.8,23.3,15.7,37.67863462375107,28.049999999999997,1.0,34.4,3.0,7.0,-0.09233133369539122,-0.9957283388645872,7,Georgia,37.67863462375107,1075.84,1183.36,1419.679507110133,1235.859215659035,0.4449431093229614,0.41395825321763285,0.21023290820989424
2024-07-07,32.8,23.3,0.0,38.18538774865792,28.049999999999997,0.0,32.8,3.0,7.0,-0.10944576864891556,-0.993992768446958,7,Georgia,38.18538774865792,1075.84,1075.84,1458.1238375153541,1252.4807181559795,0.46605782286074654,0.31942782398616537,0.21616365380716623
2024-07-08,33.9,22.8,0.0,39.567818893064526,28.35,0.0,32.8,3.0,7.0,-0.12652781683868314,-0.9919630595773397,7,Georgia,39.567818893064526,1149.2099999999998,1075.84,1565.612291954354,1341.3490604748874,0.5236591205443553,0.31955322426870236,0.2976243403881885
2024-07-09,33.3,23.3,1.8,38.16772704802459,28.299999999999997,1.0,33.9,3.0,7.0,-0.1435724234118113,-0.9896398128792412,7,Georgia,38.16772704802459,1108.8899999999999,1149.2099999999998,1456.7753880125078,1270.9853106992186,0.46532196033435785,0.38222019704706317,0.24003272978240048
2024-07-10,30.0,22.8,0.0,30.743255411111097,26.4,0.0,33.3,3.0,7.0,-0.16057454459499376,-0.9870237158387383,7,Georgia,30.743255411111097,900.0,1108.8899999999999,945.1477532728118,922.2976623333329,0.15596897546296237,0.34687738706343246,0.07417161113912887
2024-07-11,32.2,20.0,0.0,32.56727818179556,26.1,0.0,30.0,2.0,6.0,-0.17752914918703497,-0.984115542601034,7,Georgia,32.56727818179556,1036.8400000000001,900.0,1060.627608170457,1048.666357453817,0.23196992424148158,0.20294160981192993,0.1381194538954659
2024-07-12,34.4,20.0,0.0,34.87041881713777,27.2,0.0,32.2,2.0,6.0,-0.19443122004766195,-0.9809161537413774,7,Georgia,34.87041881713777,1183.36,1036.8400000000001,1215.9461084825957,1199.5424073095392,0.32793411738074035,0.28919638892261845,0.23841303202764275
2024-07-13,35.6,20.6,0.0,36.558321442275684,28.1,0.0,34.4,2.0,6.0,-0.2112757555821793,-0.9774264960104055,7,Georgia,36.558321442275684,1267.3600000000001,1183.36,1336.510866676754,1301.4762433450144,0.3982633934281535,0.4135100262792326,0.32327232679511625
2024-07-14,35.6,21.7,0.0,36.558321442275684,28.65,0.0,35.6,3.0,6.0,-0.2280577712215198,-0.9736476020539838,7,Georgia,36.558321442275684,1267.3600000000001,1267.3600000000001,1336.510866676754,1301.4762433450144,0.3982633934281535,0.6238366424630137,0.41802159089481844
2024-07-15,33.9,23.3,0.0,36.32746605479784,28.6,0.0,35.6,3.0,6.0,-0.24477230089725957,-0.9695805901076308,7,Georgia,36.32746605479784,1149.2099999999998,1267.3600000000001,1319.6847899624893,1231.5010992576467,0.3886444189499099,0.6240223821150878,0.30187797035784136
2024-07-16,32.2,22.2,0.0,34.73444154748442,27.200000000000003,0.0,33.9,3.0,6.0,-0.2614143985111562,-0.965226663665613,7,Georgia,34.73444154748442,1036.8400000000001,1149.2099999999998,1206.4814296156121,1118.4490178289984,0.32226839781185096,0.4837323074953452,0.2055139241977474
2024-07-17,32.8,23.3,0.0,37.05415802092446,28.049999999999997,0.0,32.2,3.0,6.0,-0.2779791393987801,-0.9605871111248129,7,Georgia,37.05415802092446,1075.84,1036.8400000000001,1373.0106266396406,1215.3763830863222,0.41892325087185256,0.37232721296436805,0.27037327203865413
2024-07-18,31.7,22.2,0.0,35.55203763279115,26.95,0.0,32.8,3.0,7.0,-0.2944616217868012,-0.9556633054034704,7,Georgia,35.55203763279115,1004.89,1075.84,1263.947379843398,1126.9995929594793,0.3563349013662978,0.320721633407351,0.14423472227809495
2024-07-19,29.4,22.2,0.0,32.25745578348452,25.799999999999997,0.0,31.7,2.0,6.0,-0.3108569682435036,-0.9504567035349151,7,Georgia,32.25745578348452,864.3599999999999,1004.89,1040.5434536234586,948.3692000344447,0.2190606576451882,0.2673556038165166,0.0743187813650894
2024-07-20,27.8,21.1,0.0,30.532753716924603,24.450000000000003,0.0,29.4,1.0,5.0,-0.3271603271220951,-0.9449688462364056,7,Georgia,30.532753716924603,772.84,864.3599999999999,932.2490495383731,848.810553330504,0.14719807153852513,0.18447082561343672,0.05138763354627322
2024-07-21,30.0,22.8,0.0,33.44940924444435,26.4,0.0,27.8,0.0,4.0,-0.34336687399638804,-0.939201357453208,7,Georgia,33.44940924444435,900.0,772.84,1118.8629788023188,1003.4822773333304,0.26872538518518113,0.14350251442188763,0.093457824187771
2024-07-22,30.0,21.1,0.0,32.25272841111113,25.55,0.0,30.0,0.0,3.0,-0.3594718130884232,-0.9331559438780432,7,Georgia,32.25272841111113,900.0,900.0,1040.238489960895,967.5818523333338,0.21886368379629703,0.2622663876320211,0.1228574774553892
2024-07-23,32.2,23.3,0.0,35.24517878083567,27.75,0.0,30.0,0.0,2.0,-0.3754703786876202,-0.9268343944460494,7,Georgia,35.24517878083567,1036.8400000000001,900.0,1242.222627293069,1134.8947567429088,0.343549115868153,0.3373035462851323,0.29768205411258697
2024-07-24,30.6,22.2,0.0,33.78802762316448,26.4,0.0,32.2,1.0,2.0,-0.3913578365610259,-0.9202385798054075,7,Georgia,33.78802762316448,936.3600000000001,1036.8400000000001,1141.630810663726,1033.913645268833,0.28283448429852004,0.5839806668761585,0.2780076274529397
2024-07-25,28.3,23.3,0.0,30.967434366904588,25.8,0.0,30.6,1.0,1.0,-0.4071294853542516,-0.9133704517637858,7,Georgia,30.967434366904588,800.89,936.3600000000001,958.9819912685433,876.3783925833999,0.16530976528769115,0.5836782985846831,0.21677862290316482
2024-07-26,31.1,22.2,0.0,34.80727677236455,26.65,0.0,28.3,1.0,1.0,-0.4227806579826773,-0.9062320427107697,7,Georgia,34.80727677236455,967.21,800.89,1211.546516307989,1082.5063076205377,0.32530319884852305,0.4314628774978927,0.4426450901482499
2024-07-27,30.0,22.2,0.0,33.03359425555552,26.1,0.0,31.1,0.0,1.0,-0.4383067230125192,-0.898825465016444,7,Georgia,33.03359425555552,900.0,967.21,1091.2183494406706,991.0078276666657,0.2513997606481467,0.5005214738406748,0.24250319810445714
2024-07-28,27.2,23.3,0.0,30.967434366904588,25.25,0.0,30.0,0.0,1.0,-0.45370308603134424,-0.8911529104063088,7,Georgia,30.967434366904588,739.8399999999999,900.0,958.9819912685433,842.3142147798047,0.16530976528769115,0.4293603090887286,0.1291840596566782
2024-07-29,30.6,22.2,0.0,34.722588831484536,26.4,0.0,27.2,0.0,1.0,-0.46896519100763184,-0.8832166493127127,7,Georgia,34.722588831484536,936.3600000000001,739.8399999999999,1205.6581751603346,1062.5112182434268,0.321774534645189,0.2906455566868252,0.3098513218878131
2024-07-30,32.2,21.7,0.0,38.18538774865792,26.950000000000003,0.0,30.6,0.0,1.0,-0.48408852163897587,-0.8750190302029955,7,Georgia,38.18538774865792,1036.8400000000001,936.3600000000001,1458.1238375153541,1229.569485506785,0.46605782286074654,0.4671852064605467,0.4901181581817671
2024-07-31,33.9,21.7,0.0,39.567818893064526,27.799999999999997,0.0,32.2,1.0,1.0,-0.4990686026885319,-0.8665624788845385,7,Georgia,39.567818893064526,1149.2099999999998,1036.8400000000001,1565.612291954354,1341.3490604748874,0.5236591205443553,0.7168218812493005,0.816287882483503
2024-08-01,34.4,22.8,0.0,39.011986261617736,28.6,0.0,33.9,2.0,2.0,-0.5139010013093103,-0.8578494977869301,8,Georgia,39.011986261617736,1183.36,1149.2099999999998,1521.935072076651,1342.01232739965,0.5004994275674056,0.8825804365423318,0.8217878150572482
2024-08-02,33.3,25.0,0.0,39.541848642951145,29.15,0.0,34.4,3.0,3.0,-0.5285813283559292,-0.8488826652214553,8,Georgia,39.541848642951145,1108.8899999999999,1183.36,1563.5577941020572,1316.743559810273,0.522577026789631,0.9369927131379435,0.7275049058503731
2024-08-03,31.7,22.8,1.6,33.820934725784504,27.25,1.0,33.3,3.0,4.0,-0.5431052396834317,-0.8396646346181327,8,Georgia,33.820934725784504,1004.89,1108.8899999999999,1143.8556257257762,1072.1236308073687,0.2842056135743543,0.6828119782503487,0.3391506997185145
2024-08-04,31.7,22.2,1.0,35.31575843611568,26.95,1.0,31.7,2.0,4.0,-0.5574684374327892,-0.8301981337405212,8,Georgia,35.31575843611568,1004.89,1004.89,1247.2027939180757,1119.509542424867,0.3464899348381533,0.4380556704910147,0.2841367868258001
2024-08-05,32.8,22.8,0.0,35.781684200924495,27.799999999999997,0.0,31.7,1.0,4.0,-0.5716666713027052,-0.8204859638785327,8,Georgia,35.781684200924495,1075.84,1004.89,1280.3289242546896,1173.6392417903232,0.365903508371854,0.3437857100576452,0.25327330597607933
2024-08-06,33.3,23.9,0.0,36.03057495519112,28.599999999999998,0.0,32.8,1.0,5.0,-0.5856957398073508,-0.8105309990194823,8,Georgia,36.03057495519112,1108.8899999999999,1075.84,1298.2023316016457,1199.8181460078642,0.3762739564662967,0.3199666709658537,0.20022277189865645
2024-08-07,34.4,22.8,0.0,37.598498363004396,28.6,0.0,33.3,2.0,5.0,-0.5995514915196489,-0.8003361849976323,8,Georgia,37.598498363004396,1183.36,1108.8899999999999,1413.6470791528443,1293.3883436873512,0.4416040984585165,0.4421803421951639,0.37581826962283904
2024-08-08,34.4,23.3,0.0,38.85491958937559,28.85,0.0,34.4,3.0,5.0,-0.6132298262997502,-0.7899045386224707,8,Georgia,38.85491958937559,1183.36,1183.36,1509.704776296843,1336.6092338745202,0.4939549828906496,0.6488983150416516,0.5272411677156049
2024-08-09,33.9,23.9,0.0,37.67863462375107,28.9,0.0,34.4,3.0,5.0,-0.6267266965083301,-0.7792391467859886,8,Georgia,37.67863462375107,1149.2099999999998,1183.36,1419.679507110133,1277.3057137451613,0.4449431093229614,0.6490019116399582,0.44906390719051265
2024-08-10,32.8,22.2,0.0,35.889603247484416,27.5,0.0,33.9,3.0,5.0,-0.6400381082043503,-0.7683431655492202,8,Georgia,35.889603247484416,1075.84,1149.2099999999998,1288.063621261844,1177.1789865174887,0.3704001353118507,0.6050742911649322,0.3435012787388876
2024-08-11,32.8,20.0,0.0,34.016651047591154,26.4,0.0,32.8,3.0,6.0,-0.65316012232693,-0.7572198192083127,8,Georgia,34.016651047591154,1075.84,1075.84,1157.1325484935844,1115.7461543609897,0.2923604603162981,0.4111531306713216,0.23405090978407436
2024-08-12,32.2,18.9,0.0,32.755005308284495,25.55,0.0,32.8,3.0,7.0,-0.666088855860977,-0.7458723993404063,8,Georgia,32.755005308284495,1036.8400000000001,1075.84,1072.8903727457455,1054.7111709267608,0.23979188784518732,0.32278945056208347,0.14168028319013684
2024-08-13,32.8,21.1,0.0,33.680797364284345,26.95,0.0,32.2,3.0,7.0,-0.6788204829862355,-0.734304263829602,8,Georgia,33.680797364284345,1075.84,1036.8400000000001,1134.3961110939833,1104.7301535485265,0.278366556845181,0.2929064617138439,0.16408851035216648
2024-08-14,32.2,22.8,0.0,32.94917448145782,27.5,0.0,32.8,3.0,7.0,-0.6913512362094071,-0.722518835873311,8,Georgia,32.94917448145782,1036.8400000000001,1075.84,1085.648099009551,1060.9634183029418,0.24788227006074237,0.32289318193672006,0.13483688527983356
2024-08-15,31.1,22.2,0.0,33.19595416537561,26.65,0.0,32.2,3.0,7.0,-0.7036774074790128,-0.7105196029692745,8,Georgia,33.19595416537561,967.21,1036.8400000000001,1101.9713729497184,1032.3941745431816,0.25816475689065044,0.29299756188793175,0.11322795799958844
2024-08-16,32.2,20.0,7.4,34.73444154748442,26.1,1.0,31.1,2.0,6.0,-0.7157953492826642,-0.6983101158835584,8,Georgia,34.73444154748442,1036.8400000000001,967.21,1206.4814296156121,1118.4490178289984,0.32226839781185096,0.24438477898167163,0.16876173559612712
2024-08-17,34.4,21.1,0.0,38.17443465370449,27.75,0.0,32.2,2.0,6.0,-0.7277014757264236,-0.6858939875998223,8,Georgia,38.17443465370449,1183.36,1036.8400000000001,1457.287461129954,1313.2005520874343,0.46560144390435365,0.2919446528351814,0.30992327425116634
2024-08-18,32.8,21.7,0.0,36.45781422883556,27.25,0.0,34.4,2.0,6.0,-0.7393922635959241,-0.673274892250183,8,Georgia,36.45781422883556,1075.84,1183.36,1329.1722183442846,1195.8163067058063,0.3940755928681483,0.4170772505475805,0.19753333286518965
2024-08-19,30.6,20.6,0.0,31.20833997777773,25.6,0.0,32.8,3.0,6.0,-0.7508642533989489,-0.6604565640279754,8,Georgia,31.20833997777773,936.3600000000001,1075.84,973.9604841685597,954.9752033199985,0.17534749907407207,0.41160742230719705,0.13199454611006892
2024-08-20,30.0,19.4,0.0,30.6159912848178,24.7,0.0,30.6,2.0,5.0,-0.7621140503891487,-0.6474427960827475,8,Georgia,30.6159912848178,900.0,936.3600000000001,937.3389223520394,918.4797385445339,0.15066630353407495,0.29178142683757924,0.11954708936258801
2024-08-21,28.9,17.2,0.0,29.65017504153784,23.049999999999997,0.0,30.0,1.0,4.0,-0.7731383255706026,-0.6342374393978054,8,Georgia,29.65017504153784,835.2099999999999,900.0,879.1328799938334,856.8900587004435,0.11042396006407662,0.2650258521596192,0.09686447361890825
2024-08-22,28.3,21.1,0.0,28.601447857571216,24.700000000000003,0.0,28.9,0.0,3.0,-0.7839338166829201,-0.620844401650647,8,Georgia,28.601447857571216,800.89,835.2099999999999,818.0428195493652,809.4209743692654,0.06672699406546734,0.22321428950242084,0.07767224184214369
2024-08-23,29.4,16.7,0.0,28.345636552764503,23.049999999999997,0.0,28.3,0.0,3.0,-0.7944973291665992,-0.6072676460566135,8,Georgia,28.345636552764503,864.3599999999999,800.89,803.4751115814191,833.3617146512763,0.056068189698520975,0.2039415705682995,0.10295656078613359
2024-08-24,30.6,15.6,0.0,29.505452476764454,23.1,0.0,29.4,0.0,2.0,-0.8048257371083452,-0.593511190196115,8,Georgia,29.505452476764454,936.3600000000001,864.3599999999999,870.5717258586056,902.8668457889924,0.1043938531985189,0.31071438659717415,0.19263320530988443
2024-08-25,32.2,15.0,0.0,31.43356560353779,23.6,0.0,30.6,0.0,1.0,-0.8149159841660791,-0.5795791048257612,8,Georgia,31.43356560353779,1036.8400000000001,936.3600000000001,988.0690465519141,1012.1608124339169,0.18473190014740792,0.46905387037839813,0.37995251684466125
2024-08-26,32.8,15.0,0.0,31.62190639159107,23.9,0.0,32.2,1.0,1.0,-0.8247650844733614,-0.5654755126737576,8,Georgia,31.62190639159107,1075.84,1036.8400000000001,999.9449638385482,1037.1985296441871,0.19257943298296132,0.7191480475358686,0.5404792883941488
2024-08-27,33.3,16.7,0.0,33.416860450984544,25.0,0.0,32.8,2.0,2.0,-0.8343701235229538,-0.5512045872199277,8,Georgia,33.416860450984544,1108.8899999999999,1075.84,1116.686562400575,1112.7814530177852,0.26736918545768934,0.7765998470453179,0.6140812961808082
2024-08-28,35.0,19.4,0.0,36.089105944444455,27.2,0.0,33.3,3.0,3.0,-0.8437282590292712,-0.5367705514607103,8,Georgia,36.089105944444455,1225.0,1108.8899999999999,1302.423567869336,1263.118708055556,0.37871274768518565,0.8270980220818966,0.8235317583390814
2024-08-29,35.0,21.7,0.0,36.98420724259553,28.35,0.0,35.0,3.0,4.0,-0.8528367217694595,-0.522177676659508,8,Georgia,36.98420724259553,1225.0,1225.0,1367.8315853632557,1294.4472534908437,0.4160086351081471,0.8504936182220308,0.6841052736343539
2024-08-30,34.4,21.7,0.0,36.91070788641558,28.049999999999997,0.0,35.0,3.0,5.0,-0.8616928164028522,-0.5074302810827518,8,Georgia,36.91070788641558,1183.36,1225.0,1362.4003566763013,1269.7283512926958,0.4129461619339825,0.7062899601961029,0.49723700240313523
2024-08-31,32.8,21.1,0.0,34.73444154748442,26.95,0.0,34.4,3.0,6.0,-0.8702939222685674,-0.49253272872205434,8,Georgia,34.73444154748442,1075.84,1183.36,1206.4814296156121,1139.289682757489,0.32226839781185096,0.5260805074599779,0.25261631797170486
2024-09-01,32.8,21.7,0.0,35.616047560835526,27.25,0.0,32.8,3.0,7.0,-0.8786374941610001,-0.4774894280028391,9,Georgia,35.616047560835526,1075.84,1075.84,1268.5028438556983,1168.2063599954051,0.35900198170148023,0.32336822279629507,0.19745200473481972
2024-09-02,32.8,20.6,0.0,35.09003579559113,26.7,0.0,32.8,3.0,7.0,-0.886721063082993,-0.46230483047981086,9,Georgia,35.09003579559113,1075.84,1075.84,1231.3106121358667,1150.953174095389,0.337084824816297,0.32336984517851797,0.19431568956506973
2024-09-03,30.0,23.9,0.0,31.229195675431228,26.95,0.0,32.8,3.0,7.0,-0.8945422369764496,-0.4469834295196741,9,Georgia,31.229195675431228,900.0,1075.84,975.2626625343726,936.8758702629368,0.17621648647630117,0.3233688334404414,0.08341780517446681
2024-09-04,28.9,18.9,0.0,28.258726944275562,23.9,0.0,30.0,2.0,6.0,-0.9020987014301837,-0.43152975897147144,9,Georgia,28.258726944275562,835.2099999999999,900.0,798.5556485111257,816.6772086895637,0.05244695601148175,0.20526901658904753,0.06497125112608501
2024-09-05,28.9,21.1,0.0,29.083513312415594,25.0,0.0,28.9,1.0,5.0,-0.9093882203647925,-0.4159483918249421,9,Georgia,29.083513312415594,835.2099999999999,835.2099999999999,845.850746593455,840.5135347288107,0.08681305468398308,0.17199717788504634,0.06632133712285163
2024-09-06,26.7,20.6,0.0,27.25004875993561,23.65,0.0,28.9,0.0,4.0,-0.9164086366943458,-0.4002439388573056,9,Georgia,27.25004875993561,712.89,835.2099999999999,742.5651574188682,727.5763018902808,0.010418698330650381,0.17128252958532897,0.04052476831761659
2024-09-07,30.0,19.4,0.0,30.454350755555513,24.7,0.0,26.7,0.0,3.0,-0.9231578729647039,-0.38442104726885545,9,Georgia,30.454350755555513,900.0,712.89,927.4674799424047,913.6305226666653,0.1439312814814797,0.1611430718884863,0.13286974074219104
2024-09-08,27.8,15.0,0.0,27.557598236284473,21.4,0.0,30.0,0.0,2.0,-0.9296339319682695,-0.3684843993077793,9,Georgia,27.557598236284473,772.84,900.0,759.4212205524691,766.1012309687084,0.02323325984518639,0.33947220323945887,0.11295680816703599
2024-09-09,30.0,18.3,0.0,29.576440311111114,24.15,0.0,27.8,0.0,1.0,-0.9358348973349941,-0.35243871088460327,9,Georgia,29.576440311111114,900.0,772.84,874.7658214767184,887.2932093333334,0.10735167962962973,0.31727484980669335,0.24816606161014923
2024-09-10,29.4,15.6,0.0,28.655171081404482,22.5,0.0,30.0,0.0,0.0,-0.9417589340994617,-0.33628873017668287,9,Georgia,28.655171081404482,864.3599999999999,900.0,821.1188297045597,842.4620297932918,0.06896546172518676,0.5406450390287099,0.3003298943884804
2024-09-11,26.1,17.8,0.0,26.611111111111114,21.950000000000003,0.0,29.4,0.0,0.0,-0.9474042892438845,-0.32003923622313857,9,Georgia,26.611111111111114,681.21,864.3599999999999,708.1512345679014,694.5500000000001,0.0,0.49964157453728725,0.15370682675750502
2024-09-12,23.3,19.4,0.0,23.354444444444443,21.35,0.0,26.1,0.0,0.0,-0.9527692922168511,-0.30369503751065885,9,Georgia,23.354444444444443,542.89,681.21,545.4300753086419,544.1585555555555,0.0,0.3236050350918377,0.08554829452376941
2024-09-13,23.9,19.4,0.0,24.15416666666666,21.65,0.0,23.3,0.0,0.0,-0.9578523554276669,-0.28726097055059635,9,Georgia,24.15416666666666,571.2099999999999,542.89,583.4237673611109,577.2845833333332,0.0,0.22692590698973103,0.10056504198557323
2024-09-14,23.3,21.1,0.0,23.6025,22.200000000000003,0.0,23.9,0.0,0.0,-0.9626519747161487,-0.2707418984477642,9,Georgia,23.6025,542.89,571.2099999999999,557.0780062499999,549.93825,0.0,0.2443865742099869,0.08638714076263199
2024-09-15,26.1,21.1,0.0,26.190000000000005,23.6,0.0,23.3,0.0,0.0,-0.9671667297977312,-0.2541427094613622,9,Georgia,26.190000000000005,681.21,542.89,685.9161000000003,683.5590000000002,0.0,0.2268799608959534,0.15504335878314357
2024-09-16,27.8,20.0,0.0,27.763646131857854,23.9,0.0,26.1,0.0,0.0,-0.97139528468375,-0.23746831555846842,9,Georgia,27.763646131857854,772.84,681.21,770.8200465350255,771.8293624656484,0.031818588827410586,0.32348065538152254,0.22023577469652977
2024-09-17,26.7,15.0,0.0,27.195764459617777,20.85,0.0,27.8,0.0,0.0,-0.9753363880767837,-0.2207236509605022,9,Georgia,27.195764459617777,712.89,772.84,739.6096045430094,726.1269110717947,0.00815685248407405,0.40425986964055083,0.19155182024902026
2024-09-18,28.9,18.3,0.0,29.65017504153784,23.6,0.0,26.7,0.0,0.0,-0.9789888737409319,-0.20391367068311472,9,Georgia,29.65017504153784,835.2099999999999,712.89,879.1328799938334,856.8900587004435,0.11042396006407662,0.3497455265416312,0.2969628139840223
2024-09-19,31.1,16.7,0.0,31.348378167197765,23.9,0.0,28.9,0.0,0.0,-0.9823516608469237,-0.18704334906991657,9,Georgia,31.348378167197765,967.21,835.2099999999999,982.7208137136415,974.9345609998505,0.18118242363324022,0.4673956695047487,0.4574734845498329
2024-09-20,33.9,17.8,0.0,32.22746681119117,25.85,0.0,31.1,0.0,0.0,-0.9854237542919524,-0.17011767832049052,9,Georgia,32.22746681119117,1149.2099999999998,967.21,1038.6096170664284,1092.5111248993805,0.21781111713296544,0.6231173115194975,0.6771825578029288
2024-09-21,33.3,17.8,0.0,32.56727818179556,25.549999999999997,0.0,33.9,1.0,1.0,-0.9882042449941422,-0.15314166701312007,9,Georgia,32.56727818179556,1108.8899999999999,1149.2099999999998,1060.627608170457,1084.490363453792,0.23196992424148158,0.881873122384109,0.6274947569124778
2024-09-22,35.0,20.6,0.0,35.5804232555556,27.8,0.0,33.3,2.0,2.0,-0.9906923101615609,-0.13612033862266704,9,Georgia,35.5804232555556,1225.0,1108.8899999999999,1265.9665190444819,1245.314813944446,0.35751763564815003,0.8239329893448959,0.850313504098125
2024-09-23,33.9,20.0,0.0,34.104005616737815,26.95,0.0,35.0,3.0,3.0,-0.9928872135356962,-0.11905873003404988,9,Georgia,34.104005616737815,1149.2099999999998,1225.0,1163.0831991064845,1156.1257904074118,0.2960002340307423,1.0,0.7052684969962113
2024-09-24,33.3,20.6,0.0,34.97482682251561,26.95,0.0,33.9,3.0,4.0,-0.994788305609327,-0.10196189005174576,9,Georgia,34.97482682251561,1108.8899999999999,1149.2099999999998,1223.2385112649574,1164.6617331897696,0.3322844509381504,0.7394384680166521,0.545115989608783
2024-09-25,27.8,18.3,0.0,30.194046724604465,23.05,0.0,33.3,3.0,5.0,-0.9963950238187231,-0.08483487790576538,9,Georgia,30.194046724604465,772.84,1108.8899999999999,911.6804576075976,839.3944989440041,0.13308528019185273,0.5554877966588084,0.12795444443500936
2024-09-26,22.8,18.3,0.0,23.142777777777784,20.55,0.0,27.8,2.0,5.0,-0.9977068927101168,-0.06768276175455162,9,Georgia,23.142777777777784,519.84,772.84,535.5881632716053,527.6553333333335,0.0,0.19045929851292354,0.028802687019960454
2024-09-27,23.9,19.4,68.0,23.840833333333332,21.65,1.0,22.8,1.0,5.0,-0.9987235240803972,-0.050510617185222886,9,Georgia,23.840833333333332,571.2099999999999,519.84,568.3853340277777,569.7959166666666,0.0,0.07142243575787047,0.02681938317527495
2024-09-28,25.0,18.9,0.0,25.035,21.95,0.0,23.9,0.0,4.0,-0.9994446170919858,-0.033323525711631344,9,Georgia,25.035,625.0,571.2099999999999,626.751225,625.875,0.0,0.08226930560578978,0.03328428935508105
2024-09-29,25.6,17.2,0.0,25.612777777777776,21.4,0.0,25.0,0.0,3.0,-0.9998699583618592,-0.016126573270657762,9,Georgia,25.612777777777776,655.3600000000001,625.0,656.014385493827,655.6871111111111,0.0,0.12627446915045276,0.05582278509508388
2024-09-30,25.6,17.2,0.0,25.74333333333333,21.4,0.0,25.6,0.0,2.0,-0.9999994220246925,0.001075151282798226,9,Georgia,25.74333333333333,655.3600000000001,655.3600000000001,662.7192111111109,659.0293333333333,0.0,0.17991412138888524,0.07992616431835894
2024-10-01,27.2,18.3,0.0,27.8139038595378,22.75,0.0,25.6,0.0,1.0,-0.999832969770105,0.018276557681691223,10,Georgia,27.8139038595378,739.8399999999999,655.3600000000001,773.6132479076117,756.5381849794281,0.03391266081407496,0.23420468810152653,0.1610798391089024
2024-10-02,29.4,17.8,0.0,29.336038526595594,23.6,0.0,27.2,0.0,0.0,-0.9993706508539969,0.03547255575312556,10,Georgia,29.336038526595594,864.3599999999999,739.8399999999999,860.603156433901,862.4795326819104,0.09733493860814975,0.37255306671692895,0.34132979928945156
2024-10-03,28.9,17.2,0.0,29.66075088801562,23.049999999999997,0.0,29.4,0.0,0.0,-0.9986126020839734,0.052658056924614005,10,Georgia,29.66075088801562,835.2099999999999,864.3599999999999,879.7601432409194,857.1957006636513,0.11086462033398418,0.4980764740879238,0.31826747659795496
2024-10-04,26.7,19.4,0.0,27.71250268391774,23.049999999999997,0.0,28.9,0.0,0.0,-0.9975590477788613,0.06982797572987089,10,Georgia,27.71250268391774,712.89,835.2099999999999,767.9828050061479,739.9238216606036,0.02968761182990587,0.46615559079129154,0.19757696660625657
2024-10-05,30.0,17.8,0.0,30.052721355555555,23.9,0.0,26.7,0.0,0.0,-0.9962102997023297,0.0869772313136861,10,Georgia,30.052721355555555,900.0,712.89,903.1660608746649,901.5816406666667,0.12719672314814812,0.3486210022355199,0.39463741925452
2024-10-06,28.9,16.7,0.0,28.87853803679785,22.799999999999997,0.0,30.0,0.0,0.0,-0.9945667569706337,0.1041007489354256,10,Georgia,28.87853803679785,835.2099999999999,900.0,833.9699591427801,834.5897492634577,0.07827241819991038,0.5386049167895639,0.31291257032824965
2024-10-07,29.4,16.7,0.0,29.682065621315626,23.049999999999997,0.0,28.9,0.0,0.0,-0.9926289059345095,0.121193461470736,10,Georgia,29.682065621315626,864.3599999999999,835.2099999999999,881.025019548087,872.6527292666793,0.11175273422148442,0.4658242967867812,0.35637702652120434
2024-10-08,27.2,12.8,0.0,27.23515810385777,20.0,0.0,29.4,0.0,0.0,-0.9903973200352558,0.1382503109109819,10,Georgia,27.23515810385777,739.8399999999999,864.3599999999999,741.7538369421296,740.7963004249314,0.009798254327407108,0.4974979830711803,0.23918134525416676
2024-10-09,26.7,14.4,0.0,26.611111111111114,20.55,0.0,27.2,0.0,0.0,-0.9878726596350429,0.15526624985999563,10,Georgia,26.611111111111114,712.89,739.8399999999999,708.1512345679014,710.5166666666668,0.0,0.3719012480179877,0.21494238654497144
2024-10-10,25.6,13.3,0.0,25.26027777777778,19.450000000000003,0.0,26.7,0.0,0.0,-0.9850556718215013,0.172236243027682,10,Georgia,25.26027777777778,655.3600000000001,712.89,638.081633410494,646.6631111111112,0.0,0.3481559904774227,0.17518279060665135
2024-10-11,23.9,8.3,0.0,23.56666666666666,16.1,0.0,25.6,0.0,0.0,-0.981947190186646,0.18915526872004093,10,Georgia,23.56666666666666,571.2099999999999,655.3600000000001,555.3877777777774,563.2433333333331,0.0,0.3016185086989875,0.13819913585632138
2024-10-12,25.6,7.8,0.0,25.299444444444436,16.7,0.0,23.9,0.0,0.0,-0.9785481345802031,0.20601832032517084,10,Georgia,25.299444444444436,655.3600000000001,571.2099999999999,640.0618891975305,647.6657777777776,0.0,0.2429478844616855,0.20005099930213643
2024-10-13,28.3,9.4,0.0,27.721938942035614,18.85,0.0,25.6,0.0,0.0,-0.9748595108374125,0.22282040779479959,10,Georgia,27.721938942035614,800.89,655.3600000000001,768.5058987059506,784.5308720596079,0.030080789251483903,0.3014354207658218,0.32710371261642235
2024-10-14,21.1,11.1,0.0,23.236944444444443,16.1,0.0,28.3,0.0,0.0,-0.9708824104813836,0.23955655912092708,10,Georgia,23.236944444444443,445.21000000000004,800.89,539.9555871141974,490.29952777777777,0.0,0.42945895319009064,0.07996810388153405
2024-10-15,18.9,6.1,0.0,18.303611111111113,12.5,0.0,21.1,0.0,0.0,-0.9666180104000972,0.2562218218071163,10,Georgia,18.303611111111113,357.2099999999999,445.21000000000004,335.0221797067902,345.93825000000004,0.0,0.1734594220513322,0.06116888467614821
2024-10-16,16.1,5.0,0.0,15.402777777777784,10.55,0.0,18.9,0.0,0.0,-0.9620675724981452,0.27281126433401914,10,Georgia,15.402777777777784,259.21000000000004,357.2099999999999,237.24556327160514,247.98472222222233,0.0,0.13610340898815718,0.04096972097206102
2024-10-17,18.3,2.2,0.0,17.660555555555554,10.25,0.0,16.1,0.0,0.0,-0.957232443323312,0.28931997761869527,10,Georgia,17.660555555555554,334.89000000000004,259.21000000000004,311.89522253086415,323.18816666666663,0.0,0.10321568445751,0.06344229670979475
2024-10-18,20.6,3.3,0.0,20.049444444444443,11.950000000000001,0.0,18.3,0.0,0.0,-0.9521140536681102,0.3057430764672831,10,Georgia,20.049444444444443,424.36000000000007,334.89000000000004,401.9802225308641,413.01855555555557,0.0,0.1277868111103596,0.09100335742625264
2024-10-19,22.8,5.0,0.0,22.29416666666667,13.9,0.0,20.6,0.0,0.0,-0.9467139181463862,0.3220757010206104,10,Georgia,22.29416666666667,519.84,424.36000000000007,497.0298673611112,508.3070000000001,0.0,0.1636371124761561,0.1303523555350301
2024-10-20,25.6,4.4,0.0,25.24722222222222,15.0,0.0,22.8,0.0,0.0,-0.9410336347451197,0.3383130181923076,10,Georgia,25.24722222222222,655.3600000000001,519.84,637.4222299382715,646.3288888888889,0.0,0.21162480618957494,0.22383422022241958
2024-10-21,26.1,6.1,0.0,25.785277777777782,16.1,0.0,25.6,0.0,0.0,-0.9350748843515574,0.3544502230989869,10,Georgia,25.785277777777782,681.21,655.3600000000001,664.8805500771607,672.9957500000002,0.0,0.3006306411153507,0.23562890496310954
2024-10-22,25.6,7.2,0.0,25.43,16.400000000000002,0.0,26.1,0.0,0.0,-0.9288394302558068,0.3704825404820963,10,Georgia,25.43,655.3600000000001,681.21,646.6849,651.008,0.0,0.3206614595755318,0.2108617940305983
2024-10-23,27.2,10.0,0.0,26.908509560871103,18.6,0.0,25.6,0.0,0.0,-0.9223291176290545,0.3864052261209853,10,Georgia,26.908509560871103,739.8399999999999,655.3600000000001,724.0678867874916,731.911460055694,0.0,0.3004125893324687,0.27878051225173767
2024-10-24,27.2,12.2,0.0,26.629206586524436,19.7,0.0,27.2,0.0,0.0,-0.9155458729775467,0.40221356823680365,10,Georgia,26.629206586524436,739.8399999999999,739.8399999999999,709.1146434277964,724.3144191534647,0.0,0.3701317901774391,0.2640955800837409
2024-10-25,27.8,8.9,0.0,27.49281419379563,18.35,0.0,27.2,0.0,0.0,-0.9084917035725082,0.41790288888678667,10,Georgia,27.49281419379563,772.84,739.8399999999999,755.8548322945705,764.3002345875186,0.020533924741484633,0.36999793599260583,0.31792804912191214
2024-10-26,28.9,12.2,0.0,27.908959375464487,20.549999999999997,0.0,27.8,0.0,0.0,-0.9011686968561569,0.4334685453485363,10,Georgia,27.908959375464487,835.2099999999999,772.84,778.9100134213271,806.5689259509237,0.03787330731102031,0.40037123211419645,0.36496569204088364
2024-10-27,22.8,14.4,0.0,22.73805555555556,18.6,0.0,28.9,0.0,0.0,-0.8935790198239952,0.4489059314938798,10,Georgia,22.73805555555556,519.84,835.2099999999999,517.0191704475311,518.4276666666668,0.0,0.4630084094043827,0.10785033817181336
2024-10-28,20.0,13.3,0.0,19.85027777777778,16.65,0.0,22.8,0.0,0.0,-0.8857249183835637,0.4642104791518923,10,Georgia,19.85027777777778,400.0,519.84,394.03352785493837,397.0055555555556,0.0,0.21096351384577275,0.06978911659517294
2024-10-29,23.9,11.7,0.0,23.723333333333333,17.799999999999997,0.0,20.0,0.0,0.0,-0.8776087166898392,0.4793776594606945,10,Georgia,23.723333333333333,571.2099999999999,400.0,562.7965444444444,566.9876666666667,0.0,0.15243972201187603,0.1548519426894028
2024-10-30,26.1,16.1,0.0,26.137777777777778,21.1,0.0,23.9,0.0,0.0,-0.8692328164574792,0.49440298420761813,10,Georgia,26.137777777777778,681.21,571.2099999999999,683.1834271604938,682.196,0.0,0.24134716539953543,0.21715815255325502
2024-10-31,26.1,15.0,0.0,26.02027777777778,20.55,0.0,26.1,0.0,0.0,-0.8605996962501181,0.5092820071573356,10,Georgia,26.02027777777778,681.21,681.21,677.0548556327161,679.1292500000001,0.0,0.3195624521402747,0.21685027422762007
2024-11-01,23.9,15.0,0.0,23.958333333333332,19.45,0.0,26.1,0.0,0.0,-0.8517119107469189,0.5240103253675756,11,Georgia,23.958333333333332,571.2099999999999,681.21,574.0017361111111,572.6041666666666,0.0,0.31943313523442796,0.14104927351497862
2024-11-02,25.6,14.4,0.0,25.612777777777776,20.0,0.0,23.9,0.0,0.0,-0.8425720899866032,0.5385835804920232,11,Georgia,25.612777777777776,655.3600000000001,571.2099999999999,656.014385493827,655.6871111111111,0.0,0.24104170231945302,0.20534853554665325
2024-11-03,19.4,13.9,0.0,20.61083333333333,16.65,0.0,25.6,0.0,0.0,-0.8331829385891785,0.5529974600700271,11,Georgia,20.61083333333333,376.35999999999996,655.3600000000001,424.80645069444427,399.85016666666655,0.0,0.29910980072611043,0.0634938796022703
2024-11-04,16.7,15.6,0.0,17.14527777777777,16.15,0.0,19.4,0.0,0.0,-0.8235472349556007,0.5672476988027229,11,Georgia,17.14527777777777,278.89,376.35999999999996,293.9605500771603,286.32613888888875,0.0,0.14241933017893957,0.041452037242823474
2024-11-05,25.6,16.7,0.0,25.612777777777776,21.15,0.0,16.7,0.0,0.0,-0.8136678304455991,0.5813300798152042,11,Georgia,25.612777777777776,655.3600000000001,278.89,656.014385493827,655.6871111111111,0.0,0.10828538633591957,0.2156110516574529
2024-11-06,23.3,20.0,0.0,23.524166666666662,21.65,0.0,25.6,0.0,0.0,-0.8035476485339116,0.5952404359043674,11,Georgia,23.524166666666662,542.89,655.3600000000001,553.386417361111,548.1130833333333,0.0,0.2987281853873966,0.11950642031785673
2024-11-07,23.3,18.3,0.0,23.45888888888889,20.8,0.0,23.3,0.0,0.0,-0.7931896839451843,0.6089746507720486,11,Georgia,23.45888888888889,542.89,542.89,550.3194679012346,546.5921111111112,0.0,0.2232749761650474,0.12658959955793042
2024-11-08,27.2,17.8,0.0,28.181459693315517,22.5,0.0,23.3,0.0,0.0,-0.7825970017677834,0.6225286602431057,11,Georgia,28.181459693315517,739.8399999999999,542.89,794.1946704459672,766.535703658182,0.04922748722147988,0.2231735322254646,0.28945482137633244
2024-11-09,23.9,15.0,0.0,23.840833333333332,19.45,0.0,27.2,0.0,0.0,-0.7717727365467836,0.6358984534680745,11,Georgia,23.840833333333332,571.2099999999999,739.8399999999999,568.3853340277777,569.7959166666666,0.0,0.3678026118551046,0.1458532070070629
2024-11-10,18.9,13.9,0.0,20.297499999999992,16.4,0.0,23.9,0.0,0.0,-0.7607200913564104,0.6490800741100398,11,Georgia,20.297499999999992,357.2099999999999,571.2099999999999,411.9885062499997,383.6227499999998,0.0,0.24018606041015114,0.06185079780259569
2024-11-11,23.3,12.8,0.0,23.354444444444443,18.05,0.0,18.9,0.0,0.0,-0.7494423368521954,0.6620696215153815,11,Georgia,23.354444444444443,542.89,357.2099999999999,545.4300753086419,544.1585555555555,0.0,0.13459013025561387,0.14865407824536128
2024-11-12,25.0,11.1,0.0,24.760833333333338,18.05,0.0,23.3,0.0,0.0,-0.7379428103031386,0.6748632518680403,11,Georgia,24.760833333333338,625.0,542.89,613.0988673611113,619.0208333333335,0.0,0.22276065271291676,0.20336092705579095
2024-11-13,18.3,11.7,0.0,17.830277777777773,15.0,0.0,25.0,0.0,0.0,-0.7262249146041543,0.6874571793269664,11,Georgia,17.830277777777773,334.89000000000004,625.0,317.9188056327159,326.2940833333333,0.0,0.2756681715808366,0.05771685434105621
2024-11-14,12.8,9.4,0.0,15.61166666666667,11.100000000000001,0.0,18.3,0.0,0.0,-0.7142921172691032,0.699847677146407,11,Georgia,15.61166666666667,163.84000000000003,334.89000000000004,243.72413611111122,199.82933333333338,0.0,0.12626533549152616,0.027011625462661094
2024-11-15,17.8,8.3,0.0,17.422777777777778,13.05,0.0,12.8,0.0,0.0,-0.7021479494046978,0.7120310787787131,11,Georgia,17.422777777777778,316.84000000000003,163.84000000000003,303.5531854938272,310.12544444444444,0.0,0.07733124638312507,0.06516221874804265
2024-11-16,21.7,3.9,0.0,21.321944444444448,12.799999999999999,0.0,17.8,0.0,0.0,-0.6897960046655887,0.7240037789593305,11,Georgia,21.321944444444448,470.89,316.84000000000003,454.62531489197545,462.6861944444445,0.0,0.1199033404038663,0.13234705779622916
2024-11-17,21.1,4.4,0.0,20.783333333333342,12.75,0.0,21.7,0.0,0.0,-0.6772399381909491,0.7357622347736527,11,Georgia,20.783333333333342,445.21000000000004,470.89,431.9469444444448,438.52833333333353,0.0,0.18334029641382726,0.11378747855570968
2024-11-18,23.9,6.7,0.0,23.749444444444443,15.299999999999999,0.0,21.1,0.0,0.0,-0.6644834655228552,0.7473029667054296,11,Georgia,23.749444444444443,571.2099999999999,445.21000000000004,564.036111419753,567.6117222222222,0.0,0.1709208645707013,0.18715231190369605
2024-11-19,17.2,12.8,0.0,17.106111111111108,15.0,0.0,23.9,0.0,0.0,-0.6515303615068021,0.75862255966641,11,Georgia,17.106111111111108,295.84,571.2099999999999,292.6190373456789,294.22511111111106,0.0,0.23916886787416597,0.049476787102019464
2024-11-20,23.3,9.4,0.0,23.09333333333333,16.35,0.0,17.2,0.0,0.0,-0.6383844591746642,0.7697176640069211,11,Georgia,23.09333333333333,542.89,295.84,533.3020444444443,538.0746666666666,0.0,0.11277230945188271,0.1673121861901309
2024-11-21,14.4,4.4,0.0,13.474166666666669,9.4,0.0,23.3,0.0,0.0,-0.6250496486104377,0.7805849965070866,11,Georgia,13.474166666666669,207.36,542.89,181.55316736111118,194.02800000000005,0.0,0.22179877386104496,0.038922614193687706
2024-11-22,11.1,3.9,0.0,10.218055555555555,7.5,0.0,14.4,0.0,0.0,-0.6115298757991053,0.7912213413483807,11,Georgia,10.218055555555555,123.21,207.36,104.40865933641975,113.42041666666665,0.0,0.087458647777658,0.028532420202945597
2024-11-23,15.0,3.9,0.0,14.378333333333334,9.45,0.0,11.1,0.0,0.0,-0.5978291414589552,0.801623551065242,11,Georgia,14.378333333333334,225.0,123.21,206.73646944444445,215.675,0.0,0.06830600009552429,0.0490644160997535
2024-11-24,20.0,2.2,0.0,19.41944444444444,11.1,0.0,15.0,0.0,0.0,-0.5839514998576998,0.8117885474764613,11,Georgia,19.41944444444444,400.0,225.0,377.11482253086405,388.3888888888888,0.0,0.09193126341908986,0.1080484548630574
2024-11-25,21.7,3.3,0.0,21.55694444444445,12.5,0.0,20.0,0.0,0.0,-0.5699010576127624,0.8217133225960589,11,Georgia,21.55694444444445,470.89,400.0,464.70185378086444,467.7856944444446,0.0,0.15047335825546976,0.1377649302137329
2024-11-26,16.7,7.2,0.0,17.02777777777777,11.95,0.0,21.7,0.0,0.0,-0.5556819724760489,0.8313949395234058,11,Georgia,17.02777777777777,278.89,470.89,289.9452160493825,284.36388888888877,0.0,0.18251591010925047,0.053773558285453465
2024-11-27,17.8,2.2,0.0,17.34444444444445,10.0,0.0,16.7,0.0,0.0,-0.5412984521036173,0.8408305333122887,11,Georgia,17.34444444444445,316.84000000000003,278.89,300.8297530864199,308.7311111111112,0.0,0.10708704235043787,0.07462391916587735
2024-11-28,17.8,6.1,0.0,17.931944444444447,11.95,0.0,17.8,0.0,0.0,-0.5267547528105542,0.8500173118187018,11,Georgia,17.931944444444447,316.84000000000003,316.84000000000003,321.5546315586421,319.1886111111112,0.0,0.11916117470186058,0.06910234319307908
2024-11-29,10.0,1.7,0.0,9.01083333333333,5.85,0.0,17.8,0.0,0.0,-0.5120551783114646,0.8589525565270845,11,Georgia,9.01083333333333,100.0,316.84000000000003,81.19511736111106,90.1083333333333,0.0,0.1190985504158339,0.026405460944210705
2024-11-30,9.4,-1.1,0.0,8.263333333333334,4.15,0.0,10.0,0.0,0.0,-0.4972040784469378,0.8676336233547726,11,Georgia,8.263333333333334,88.36000000000001,100.0,68.28267777777778,77.67533333333334,0.0,0.0634877877407565,0.02875189838265391
2024-12-01,12.2,-2.8,0.0,11.229444444444445,4.699999999999999,0.0,9.4,0.0,0.0,-0.4822058478963526,0.8760579434344281,12,Georgia,11.229444444444445,148.83999999999997,88.36000000000001,126.10042253086421,136.99922222222222,0.0,0.06126451691628805,0.040903477542952864
2024-12-02,9.4,-1.1,0.0,8.263333333333334,4.15,0.0,12.2,0.0,0.0,-0.46706492487743034,0.8842230238742036,12,Georgia,8.263333333333334,88.36000000000001,148.83999999999997,68.28267777777778,77.67533333333334,0.0,0.0733333422959636,0.028353531530785684
2024-12-03,6.1,-1.7,0.0,4.9027777777777795,2.1999999999999997,0.0,9.4,0.0,0.0,-0.451785789832884,0.8921264484954345,12,Georgia,4.9027777777777795,37.209999999999994,88.36000000000001,24.037229938271622,29.906944444444452,0.0,0.0611981456276999,0.02209049239384826
2024-12-04,11.1,-5.0,0.0,10.04833333333333,3.05,0.0,6.1,0.0,0.0,-0.4363729641045924,0.8997658785476209,12,Georgia,10.04833333333333,123.21,37.209999999999994,100.96900277777772,111.53649999999996,0.0,0.05221956305289872,0.03941367576013048
2024-12-05,13.3,-0.6,0.0,12.554166666666665,6.3500000000000005,0.0,11.1,0.0,0.0,-0.42083100859565564,0.9071390534005044,12,Georgia,12.554166666666665,176.89000000000001,123.21,157.6071006944444,166.97041666666667,0.0,0.06786617112869742,0.044940782836943395
2024-12-06,6.7,-5.6,0.0,5.3369444444444465,0.5500000000000003,0.0,13.3,0.0,0.0,-0.4051645224207563,0.9142437912130223,12,Georgia,5.3369444444444465,44.89,176.89000000000001,28.482976003086442,35.757527777777796,0.0,0.07944962249043575,0.02446930539888803
2024-12-07,13.3,-1.1,0.0,12.227777777777773,6.1000000000000005,0.0,6.7,0.0,0.0,-0.3893781415452015,0.9210779895789526,12,Georgia,12.227777777777773,176.89000000000001,44.89,149.51854938271592,162.62944444444437,0.0,0.05341817206196538,0.04835682332525325
2024-12-08,15.0,0.0,0.0,14.24777777777778,7.5,0.0,13.3,0.0,0.0,-0.37347653741307074,0.9276396261490467,12,Georgia,14.24777777777778,225.0,176.89000000000001,202.9991716049383,213.7166666666667,0.0,0.0793645650099181,0.055535653010989575
2024-12-09,17.8,8.9,0.0,15.031111111111109,13.350000000000001,0.0,15.0,0.0,0.0,-0.3574644155648614,0.9339267592294762,12,Georgia,15.031111111111109,316.84000000000003,225.0,225.93430123456784,267.5537777777777,0.0,0.09119983047910289,0.07202474157996033
2024-12-10,20.0,17.2,0.0,20.202777777777783,18.6,0.0,17.8,0.0,0.0,-0.34134651424503615,0.9399375283564133,12,Georgia,20.202777777777783,400.0,316.84000000000003,408.15222993827183,404.05555555555566,0.0,0.11841160790324907,0.0873221725409804
2024-12-11,17.2,3.3,12.2,17.971111111111117,10.25,1.0,20.0,0.0,0.0,-0.3251276029999093,0.9456701548465688,12,Georgia,17.971111111111117,295.84,400.0,322.96083456790143,309.1031111111112,0.0,0.14923328968474006,0.07041884074242559
2024-12-12,11.7,-0.6,0.0,10.69138888888889,5.55,0.0,17.2,0.0,0.0,-0.30881248126625377,0.9511229423235357,12,Georgia,10.69138888888889,136.89,295.84,114.3057963734568,125.08924999999999,0.0,0.11147627241317538,0.03574748066571595
2024-12-13,14.4,-1.7,0.0,13.500277777777777,6.3500000000000005,0.0,11.7,0.0,0.0,-0.29240597695107734,0.9562942772197719,12,Georgia,13.500277777777777,207.36,136.89,182.25750007716047,194.404,0.0,0.07037467306110909,0.054830933353698826
2024-12-14,15.0,5.0,0.0,14.286944444444442,10.0,0.0,14.4,0.0,0.0,-0.27591294500296043,0.9611826292540837,12,Georgia,14.286944444444442,225.0,207.36,204.11678155864192,214.30416666666665,0.0,0.08644084431225242,0.05129694965795225
2024-12-15,10.6,6.7,0.0,12.029166666666669,8.65,0.0,15.0,0.0,0.0,-0.2593382659754056,0.9657865518844574,12,Georgia,12.029166666666669,112.36,225.0,144.70085069444448,127.50916666666669,0.0,0.09091204094966295,0.026319905146517386
2024-12-16,18.9,7.2,0.0,18.695277777777775,13.049999999999999,0.0,10.6,0.0,0.0,-0.2426868445825954,0.9701046827361175,12,Georgia,18.695277777777775,357.2099999999999,112.36,349.5134111882715,353.34074999999996,0.0,0.06532044427747452,0.0948158369105555
2024-12-17,21.1,10.0,0.0,20.979166666666675,15.55,0.0,18.9,0.0,0.0,-0.22596360824801906,0.974135744004672,12,Georgia,20.979166666666675,445.21000000000004,357.2099999999999,440.1254340277781,442.6604166666669,0.0,0.13212276741848245,0.1221580171154512
2024-12-18,22.2,8.3,0.0,22.134166666666665,15.25,0.0,21.1,0.0,0.0,-0.20917350564635637,0.9778785428342386,12,Georgia,22.134166666666665,492.84,445.21000000000004,489.92133402777773,491.3785,0.0,0.1683358077461636,0.15108955701045065
2024-12-19,13.9,5.0,0.0,15.807500000000005,9.45,0.0,22.2,0.0,0.0,-0.19232150523909483,0.9813319716704275,12,Georgia,15.807500000000005,193.21,492.84,249.87705625000015,219.72425000000007,0.0,0.19140980828662837,0.039574057281105746
2024-12-20,14.4,1.7,0.0,13.578611111111114,8.05,0.0,13.9,0.0,0.0,-0.17541259380427843,0.9844950085880858,12,Georgia,13.578611111111114,207.36,193.21,184.3786797067902,195.53200000000004,0.0,0.08270627401103148,0.051522238076880125
2024-12-21,7.8,0.0,0.0,6.805277777777777,3.9,0.0,14.4,0.0,0.0,-0.15845177496083632,0.9873667175937016,12,Georgia,6.805277777777777,60.839999999999996,207.36,46.31180563271604,53.081166666666654,0.0,0.08612842347794364,0.024921358779396028
2024-12-22,8.9,-2.8,0.0,7.829722222222226,3.0500000000000003,0.0,7.8,0.0,0.0,-0.14144406768794202,0.9899462489023779,12,Georgia,7.829722222222226,79.21000000000001,60.839999999999996,61.30455007716055,69.68452777777782,0.0,0.05569620870389706,0.03154493445443735
2024-12-23,10.0,-2.2,0.0,8.841111111111111,3.9,0.0,8.9,0.0,0.0,-0.12439450483979998,0.9922328391893008,12,Georgia,8.841111111111111,100.0,79.21000000000001,78.16524567901234,88.41111111111111,0.0,0.05889340271603914,0.0347499930089357
2024-12-24,15.0,-3.3,0.0,14.091111111111113,5.85,0.0,10.0,0.0,0.0,-0.10730813165636247,0.9942258118156161,12,Georgia,14.091111111111113,225.0,100.0,198.55941234567905,211.3666666666667,0.0,0.06268470749115065,0.0648561803994435
2024-12-25,15.0,-2.2,0.0,14.208611111111114,6.4,0.0,15.0,0.0,0.0,-0.09019000427034513,0.9959245770286599,12,Georgia,14.208611111111114,225.0,225.0,201.8846297067902,213.12916666666672,0.0,0.09045005181095526,0.06033398150719362
2024-12-26,11.1,6.7,0.0,10.361666666666665,8.9,0.0,15.0,0.0,0.0,-0.07304518821104743,0.9973286321364752,12,Georgia,10.361666666666665,123.21,225.0,107.36413611111107,115.01449999999997,0.0,0.09040548518025095,0.030954243839011984
2024-12-27,10.0,6.7,0.0,9.61138888888889,8.35,0.0,11.1,0.0,0.0,-0.05587875690537313,0.9984375616565666,12,Georgia,9.61138888888889,100.0,123.21,92.3787963734568,96.1138888888889,0.0,0.06709038370563351,0.028224340862984254
2024-12-28,12.2,7.8,0.0,10.949166666666663,10.0,0.0,10.0,0.0,0.0,-0.03869579017652689,0.9992510374388481,12,Georgia,10.949166666666663,148.83999999999997,100.0,119.88425069444436,133.57983333333328,0.0,0.062560056644827,0.037291498192026644
2024-12-29,17.8,8.3,0.0,17.931944444444447,13.05,0.0,12.2,0.0,0.0,-0.021501372740813793,0.999768818762748,12,Georgia,17.931944444444447,316.84000000000003,148.83999999999997,321.5546315586421,319.1886111111112,0.0,0.07230955622205504,0.07916280034261051
2024-12-30,18.3,5.0,0.0,17.86944444444444,11.65,0.0,17.8,0.0,0.0,-0.004300592702981974,0.9999907524084426,12,Georgia,17.86944444444444,334.89000000000004,316.84000000000003,319.31704475308624,327.01083333333327,0.0,0.11723140077218099,0.0860819058950366
2024-12-31,5.6,5.6,0.0,21.6511111111111,5.6,0.0,18.3,0.0,0.0,0.012901459949419653,0.9999167727021953,12,Georgia,21.6511111111111,31.359999999999996,334.89000000000004,468.7706123456785,121.24622222222214,0.0,0.12327891910930502,0.011151240650208795
2025-01-01,10.6,3.3,0.0,10.965555555555556,6.949999999999999,0.0,5.6,0.0,0.0,0.017201575418260506,0.9998520419557735,1,Georgia,10.965555555555556,112.36,31.359999999999996,120.24340864197531,116.23488888888889,0.0,0.05052605255666629,0.03362683253830501
2025-01-02,10.0,-1.1,0.0,8.880277777777776,4.45,0.0,10.6,0.0,0.0,0.03439806061360801,0.9994082116062598,1,Georgia,8.880277777777776,100.0,112.36,78.85933341049379,88.80277777777776,0.0,0.06478962478426999,0.0341462128041895
2025-01-03,12.2,-1.1,0.0,11.294722222222223,5.55,0.0,10.0,0.0,0.0,0.051584366869408364,0.9986686402879997,1,Georgia,11.294722222222223,148.83999999999997,100.0,127.57075007716051,137.7956111111111,0.0,0.06240291789731635,0.043993601949762394
2025-01-04,8.3,-1.1,0.0,7.069166666666662,3.6000000000000005,0.0,12.2,0.0,0.0,0.06875540848113941,0.9976335468520451,1,Georgia,7.069166666666662,68.89000000000001,148.83999999999997,49.97311736111105,58.6740833333333,0.0,0.0721304440579815,0.02853771559608837
2025-01-05,12.2,-2.2,0.0,11.190277777777776,5.0,0.0,8.3,0.0,0.0,0.08590610426133272,0.9963032375991965,1,Georgia,11.190277777777776,148.83999999999997,68.89000000000001,125.22231674382714,136.52138888888885,0.0,0.056726126933333045,0.04602008052783435
2025-01-06,14.4,-1.1,0.0,14.361944444444443,6.65,0.0,12.2,0.0,0.0,0.10303137904317879,0.9946781061893646,1,Georgia,14.361944444444443,207.36,148.83999999999997,206.2654482253086,206.81199999999998,0.0,0.07206476735781661,0.056666420528940976
2025-01-07,4.4,-2.2,0.0,3.2222222222222205,1.1,0.0,14.4,0.0,0.0,0.1201261651823505,0.9927586335250793,1,Georgia,3.2222222222222205,19.360000000000003,207.36,10.382716049382704,14.177777777777772,0.0,0.08546126153697321,0.02081892956183534
2025-01-08,2.8,-4.4,0.0,1.5683333333333296,-0.8000000000000003,0.0,4.4,0.0,0.0,0.13718540405660057,0.9905453876091833,1,Georgia,1.5683333333333296,7.839999999999999,19.360000000000003,2.4596694444444327,4.391333333333322,0.0,0.04841569012000304,0.02207673067257796
2025-01-09,5.6,-6.7,0.0,4.234166666666665,-0.5500000000000003,0.0,2.8,0.0,0.0,0.1542040475626894,0.988039023376751,1,Georgia,4.234166666666665,31.359999999999996,7.839999999999999,17.928167361111097,23.71133333333332,0.0,0.046487067929131175,0.02837220107383837
2025-01-10,0.6,-1.7,0.0,0.7425000000000005,-0.55,0.0,5.6,0.0,0.0,0.17117705961019986,0.985240282501282,1,Georgia,0.7425000000000005,0.36,31.359999999999996,0.5513062500000008,0.4455000000000003,0.0,0.05031853228060567,0.016713627003181956
2025-01-11,1.1,-1.7,0.0,0.33166666666666345,-0.29999999999999993,0.0,0.6,0.0,0.0,0.18809941761179758,0.9821499931752291,1,Georgia,0.33166666666666345,1.2100000000000002,0.36,0.11000277777777565,0.36483333333332985,0.0,0.04497718717319203,0.019461482523571955
2025-01-12,6.7,-6.1,0.0,5.754722222222226,0.30000000000000027,0.0,1.1,0.0,0.0,0.20496611396949532,0.9787690698649216,1,Georgia,5.754722222222226,44.89,1.2100000000000002,33.11682785493831,38.55663888888891,0.0,0.04518119137050208,0.030507685271297626
2025-01-13,12.2,0.6,0.0,11.425277777777778,6.3999999999999995,0.0,6.7,0.0,0.0,0.22177215755648186,0.975098513039961,1,Georgia,11.425277777777778,148.83999999999997,44.89,130.5369722993827,139.38838888888887,0.0,0.05246798676319857,0.04458828831971156
2025-01-14,9.4,-1.7,0.0,8.263333333333334,3.85,0.0,12.2,0.0,0.0,0.23851257519407648,0.9711394088771653,1,Georgia,8.263333333333334,88.36000000000001,148.83999999999997,68.28267777777778,77.67533333333334,0.0,0.07181802645929805,0.032394988155683285
2025-01-15,10.6,-0.6,0.0,9.523333333333332,5.0,0.0,9.4,0.0,0.0,0.2551824131233728,0.9668929289391521,1,Georgia,9.523333333333332,112.36,88.36000000000001,90.69387777777774,100.94733333333332,0.0,0.05993454014772558,0.037118206875682805
2025-01-16,13.9,-2.2,0.0,12.949166666666668,5.85,0.0,10.6,0.0,0.0,0.2717767384711357,0.9623603298276545,1,Georgia,12.949166666666668,193.21,112.36,167.68091736111117,179.9934166666667,0.0,0.06439615968071648,0.0563388984033365
2025-01-17,15.6,-1.7,0.0,14.642777777777777,6.95,0.0,13.9,0.0,0.0,0.2882906407095177,0.9575429528116719,1,Georgia,14.642777777777777,243.35999999999999,193.21,214.4109410493827,228.4273333333333,0.0,0.08168291596315286,0.0683136644333445
2025-01-18,15.6,6.1,0.0,15.426111111111108,10.85,0.0,15.6,0.0,0.0,0.3047192331091634,0.9524422234305676,1,Georgia,15.426111111111108,243.35999999999999,243.35999999999999,237.96490401234558,240.64733333333328,0.0,0.09438240052170703,0.0577106536368058
2025-01-19,11.1,-2.2,0.0,13.20694444444444,4.449999999999999,0.0,15.6,0.0,0.0,0.321057654185271,0.9470596510722283,1,Georgia,13.20694444444444,123.21,243.35999999999999,174.42338155864186,146.59708333333327,0.0,0.09434722172007795,0.03454725570003497
2025-01-20,-1.7,-8.3,0.0,-1.1758333333333324,-5.0,0.0,11.1,0.0,0.0,0.3373010691361842,0.9413968285264122,1,Georgia,-1.1758333333333324,2.8899999999999997,123.21,1.3825840277777757,1.9989166666666651,0.0,0.06641341746586056,0.01587680359907693
2025-01-21,-2.8,-7.2,0.0,-4.363888888888887,-5.0,0.0,-1.7,0.0,0.0,0.3534446712740877,0.9354554315134164,1,Georgia,-4.363888888888887,7.839999999999999,2.8899999999999997,19.043526234567885,12.218888888888884,0.0,0.044578980689166006,0.021387740838921594
2025-01-22,2.2,-10.6,0.0,0.7163888888888911,-4.199999999999999,0.0,-2.8,0.0,0.0,0.3694836834473831,0.9292372181882051,1,Georgia,0.7163888888888911,4.840000000000001,7.839999999999999,0.5132130401234599,1.5760555555555604,0.0,0.044921915565972366,0.026681952067638435
2025-01-23,5.0,-7.0,0.0,3.643333333333333,-1.0,0.0,2.2,0.0,0.0,0.38541335945432564,0.9227440286201427,1,Georgia,3.643333333333333,25.0,4.840000000000001,13.273877777777775,18.216666666666665,0.0,0.04570405191878942,0.027638122521238165
2025-01-24,8.9,-7.2,0.0,7.751388888888889,0.8500000000000001,0.0,5.0,0.0,0.0,0.4012289854475009,0.9159777842484877,1,Georgia,7.751388888888889,79.21000000000001,25.0,60.084029706790126,68.98736111111111,0.0,0.04901893442754781,0.03691563869424186
2025-01-25,10.6,-6.1,0.0,9.353611111111112,2.25,0.0,8.9,0.0,0.0,0.4169258813287287,0.908940487313808,1,Georgia,9.353611111111112,112.36,79.21000000000001,87.49004081790126,99.14827777777779,0.0,0.058077582027431324,0.04153920578393351
2025-01-26,12.8,-4.4,0.0,11.963888888888887,4.2,0.0,10.6,0.0,0.0,0.4324994021339788,0.901634220265486,1,Georgia,11.963888888888887,163.84000000000003,112.36,143.13463734567895,153.13777777777776,0.0,0.06416420017403723,0.05059413637627108
2025-01-27,10.0,5.6,0.0,9.741944444444444,7.8,0.0,12.8,0.0,0.0,0.44794493940789115,0.8940611451454876,1,Georgia,9.741944444444444,100.0,163.84000000000003,94.90548155864197,97.41944444444444,0.0,0.07470441026490864,0.02887632508851895
2025-01-28,14.4,-0.6,0.0,13.487222222222222,6.9,0.0,10.0,0.0,0.0,0.4632579225674917,0.88622350294858,1,Georgia,13.487222222222222,207.36,100.0,181.90516327160492,194.216,0.0,0.06178954695732871,0.05866929429132296
2025-01-29,20.0,0.6,0.0,19.32805555555556,10.3,0.0,14.4,0.0,0.0,0.4784338202547012,0.8781236129591848,1,Georgia,19.32805555555556,400.0,207.36,373.5737315586422,386.56111111111125,0.0,0.08475813406928268,0.12994816467604436
2025-01-30,21.7,2.8,0.0,21.113055555555558,12.25,0.0,20.0,0.0,0.0,0.49346814167723735,0.8697638720650646,1,Georgia,21.113055555555558,470.89,400.0,445.7611148919754,458.1533055555556,0.0,0.14614889104179574,0.158972897479971
2025-01-31,17.2,10.6,0.0,17.26277777777777,13.899999999999999,0.0,21.7,0.0,0.0,0.5083564379375122,0.8611467540480452,1,Georgia,17.26277777777777,295.84,470.89,298.00349660493805,296.91977777777765,0.0,0.17739413825512892,0.06328982410378414
2025-02-01,16.7,2.8,0.0,16.215555555555554,9.75,0.0,17.2,0.0,0.0,0.5230943033491326,0.8522748088519838,2,Georgia,16.215555555555554,278.89,295.84,262.94424197530856,270.79977777777776,0.0,0.10912519109860974,0.0707306650479292
2025-02-02,20.0,2.2,0.0,19.484722222222217,11.1,0.0,16.7,0.0,0.0,0.5376773767406141,0.8431506618282,2,Georgia,19.484722222222217,400.0,278.89,379.6544000771603,389.69444444444434,0.0,0.10396731440856312,0.1229837411216096
2025-02-03,23.3,2.2,0.0,22.85833333333333,12.75,0.0,20.0,0.0,0.0,0.5521013427459208,0.8337770129585915,2,Georgia,22.85833333333333,542.89,400.0,522.5034027777776,532.5991666666666,0.0,0.14599230990611814,0.21383764293355115
2025-02-04,24.4,8.9,0.0,24.23527777777778,16.65,0.0,23.3,0.0,0.0,0.5663619330814524,0.8241566360566663,2,Georgia,24.23527777777778,595.3599999999999,542.89,587.3486889660496,591.3407777777778,0.0,0.21494628169091154,0.2289801483155218
2025-02-05,22.8,8.3,0.0,22.76416666666667,15.55,0.0,24.4,0.0,0.0,0.580454927809098,0.8142923779467267,2,Georgia,22.76416666666667,519.84,595.3599999999999,518.207284027778,519.0230000000001,0.0,0.24665474328081355,0.16969814333196748
2025-02-06,22.2,14.4,0.5,22.19944444444444,18.3,1.0,22.8,0.0,0.0,0.5943761565849831,0.804187157621448,2,Georgia,22.19944444444444,492.84,519.84,492.81533364197503,492.8276666666665,0.0,0.2020671020981853,0.1427306051413411
2025-02-07,23.9,13.9,0.0,23.840833333333332,18.9,0.0,22.2,0.0,0.0,0.6081214998935418,0.7938439653781019,2,Georgia,23.840833333333332,571.2099999999999,492.84,568.3853340277777,569.7959166666666,0.0,0.18791087639835624,0.19340735089226793
2025-02-08,24.4,13.3,0.0,24.35277777777778,18.85,0.0,23.9,0.0,0.0,0.6216868902665479,0.7832658619336791,2,Georgia,24.35277777777778,595.3599999999999,571.2099999999999,593.0577854938273,594.2077777777778,0.0,0.23141667377526629,0.21106121536703942
2025-02-09,22.2,14.4,0.0,22.17333333333332,18.3,0.0,24.4,0.0,0.0,0.6350683134867438,0.7724559775191742,2,Georgia,22.17333333333332,492.84,595.3599999999999,491.65671111111055,492.2479999999997,0.0,0.24644809588642508,0.13559626892447788
2025-02-10,15.0,7.2,0.0,20.02,11.1,0.0,22.2,0.0,0.0,0.6482618097757122,0.7614175109532997,2,Georgia,20.02,225.0,492.84,400.80039999999997,300.3,0.0,0.18779585058061934,0.046174789558830566
2025-02-11,11.7,3.9,0.0,12.85444444444444,7.8,0.0,15.0,0.0,0.0,0.6612634749656386,0.7501537286959042,2,Georgia,12.85444444444444,136.89,225.0,165.23674197530852,150.39699999999993,0.0,0.08890663652600754,0.033334233452528235
2025-02-12,6.1,3.9,0.0,5.108888888888888,5.0,0.0,11.7,0.0,0.0,0.6740694616546161,0.7386679638813748,2,Georgia,5.108888888888888,37.209999999999994,136.89,26.100745679012338,31.164222222222214,0.0,0.06872113603208187,0.0209203081445518
2025-02-13,15.0,3.3,0.0,14.561111111111112,9.15,0.0,6.1,0.0,0.0,0.6866759803451553,0.726963615332308,2,Georgia,14.561111111111112,225.0,37.209999999999994,212.02595679012347,218.41666666666669,0.0,0.05072503223100805,0.059697365813462126
2025-02-14,13.9,-2.2,0.0,13.00138888888889,5.85,0.0,15.0,0.0,0.0,0.6990793005655562,0.7150441465537444,2,Georgia,13.00138888888889,193.21,225.0,169.0361130401235,180.71930555555556,0.0,0.08885856346651338,0.05177553858458263
2025-02-15,11.1,6.1,0.0,11.294722222222223,8.6,0.0,13.9,0.0,0.0,0.7112757519738152,0.7029130847082615,2,Georgia,11.294722222222223,123.21,193.21,127.57075007716051,125.37141666666668,0.0,0.0810275028435401,0.030484539395924323
2025-02-16,16.7,2.8,0.0,16.776944444444442,9.75,0.0,11.1,0.0,0.0,0.7232617254437388,0.6905740195722293,2,Georgia,16.776944444444442,278.89,123.21,281.46586489197523,280.17497222222215,0.0,0.06594105788727297,0.07277644004827794
2025-02-17,9.4,-1.1,0.0,8.237222222222222,4.15,0.0,16.7,0.0,0.0,0.7350336741329413,0.6780306024735382,2,Georgia,8.237222222222222,88.36000000000001,278.89,67.8518299382716,77.4298888888889,0.0,0.10364970840829393,0.029200784287711692
2025-02-18,13.9,-1.1,0.0,12.818611111111112,6.4,0.0,9.4,0.0,0.0,0.746588114532413,0.6652865452111116,2,Georgia,12.818611111111112,193.21,88.36000000000001,164.31679081790125,178.17869444444446,0.0,0.05937532933939003,0.053434778411492356
2025-02-19,7.8,1.1,0.0,9.471111111111112,4.45,0.0,13.9,0.0,0.0,0.7579216274973472,0.6523456189565257,2,Georgia,9.471111111111112,60.839999999999996,193.21,89.70194567901235,73.87466666666667,0.0,0.0809817044741587,0.02160051072678852
2025-02-20,0.6,-5.0,0.0,3.809722222222223,-2.2,0.0,7.8,0.0,0.0,0.7690308592589181,0.6392116531380588,2,Georgia,3.809722222222223,0.36,60.839999999999996,14.513983410493834,2.2858333333333336,0.0,0.0545696349420766,0.01308605728511477
2025-02-21,8.3,-7.8,0.0,7.0169444444444435,0.25000000000000044,0.0,0.6,0.0,0.0,0.7799125224167177,0.6258885343075018,2,Georgia,7.0169444444444435,68.89000000000001,0.36,49.23750933641974,58.24063888888889,0.0,0.044464125979941614,0.035075501048643966
2025-02-22,11.1,-4.4,0.0,9.996111111111109,3.3499999999999996,0.0,8.3,0.0,0.0,0.7905633969115482,0.612380204990065,2,Georgia,9.996111111111109,123.21,68.89000000000001,99.92223734567897,110.95683333333331,0.0,0.05592797648366546,0.040090983644081306
2025-02-23,11.7,-2.2,0.0,10.69138888888889,4.75,0.0,11.1,0.0,0.0,0.8009803309782905,0.5986906625177214,2,Georgia,10.69138888888889,136.89,123.21,114.3057963734568,125.08924999999999,0.0,0.06588579333073599,0.03978098788018057
2025-02-24,19.4,2.2,0.0,18.802500000000006,10.799999999999999,0.0,11.7,0.0,0.0,0.8111602420785621,0.5848239578463322,2,Georgia,18.802500000000006,376.35999999999996,136.89,353.53400625000023,364.7685000000001,0.0,0.06861154303088403,0.11035044454446778
2025-02-25,23.3,3.3,0.0,22.779999999999994,13.3,0.0,19.4,0.0,0.0,0.8211001178128892,0.5707841943569036,2,Georgia,22.779999999999994,542.89,376.35999999999996,518.9283999999998,530.7739999999999,0.0,0.1362457187478754,0.19938748057033362
2025-02-26,25.0,3.3,0.0,24.499722222222225,14.15,0.0,23.3,0.0,0.0,0.8307970168121247,0.5565755266413303,2,Georgia,24.499722222222225,625.0,542.89,600.2363889660495,612.4930555555557,0.0,0.21424813838860696,0.26252164742929446
2025-02-27,21.7,8.9,0.0,21.308888888888887,15.3,0.0,25.0,0.0,0.0,0.8402480696078469,0.5422021592729844,2,Georgia,21.308888888888887,470.89,625.0,454.0687456790123,462.40288888888887,0.0,0.26552312160349417,0.12708264896273952
2025-02-28,21.1,3.9,0.0,20.391666666666673,12.5,0.0,21.7,0.0,0.0,0.8494504794814806,0.527668345562516,2,Georgia,20.391666666666673,445.21000000000004,470.89,415.8200694444447,430.2641666666668,0.0,0.17660853165719617,0.1275953291699624
2025-03-01,22.2,7.2,0.0,21.62499999999999,14.7,0.0,21.1,0.0,0.0,0.8584015232918917,0.512978386299228,3,Georgia,21.62499999999999,492.84,445.21000000000004,467.64062499999955,480.07499999999976,0.0,0.16468286734620352,0.147555877687568
2025-03-02,12.8,1.1,0.0,15.836944444444448,6.95,0.0,22.2,0.0,0.0,0.8670985522812081,0.4981366284784055,3,Georgia,15.836944444444448,163.84000000000003,492.84,250.80880933641987,202.71288888888895,0.0,0.18739065594205326,0.034211081611703206
2025-03-03,17.2,-1.1,0.0,16.257499999999997,8.049999999999999,0.0,12.8,0.0,0.0,0.8755389928586302,0.4831474640149687,3,Georgia,16.257499999999997,295.84,163.84000000000003,264.3063062499999,279.6289999999999,0.0,0.07426064652845181,0.07879023762643259
2025-03-04,21.7,2.8,0.0,21.452499999999997,12.25,0.0,17.2,0.0,0.0,0.8837203473619977,0.4680153284438345,3,Georgia,21.452499999999997,470.89,295.84,460.2097562499999,465.51924999999994,0.0,0.10864538724655945,0.15012813639047207
2025-03-05,18.3,5.0,0.0,20.323611111111106,11.65,0.0,21.7,0.0,0.0,0.8916401947968874,0.45274469960737107,3,Georgia,20.323611111111106,334.89000000000004,470.89,413.0491685956788,371.92208333333326,0.0,0.17659305943203696,0.07702693873670602
2025-03-06,12.8,2.8,0.0,11.846388888888887,7.800000000000001,0.0,18.3,0.0,0.0,0.8992961915530253,0.4373400963303323,3,Georgia,11.846388888888887,163.84000000000003,334.89000000000004,140.33692970679007,151.63377777777777,0.0,0.12130541937344985,0.03660656610453177
2025-03-07,19.4,0.6,0.0,18.671944444444442,10.0,0.0,12.8,0.0,0.0,0.9066860720977985,0.4218060770826634,3,Georgia,18.671944444444442,376.35999999999996,163.84000000000003,348.6415093364197,362.23572222222214,0.0,0.07426204736380466,0.10714035430149481
2025-03-08,22.8,11.1,0.0,22.398611111111116,16.95,0.0,19.4,0.0,0.0,0.9138076496466615,0.4061472386305789,3,Georgia,22.398611111111116,519.84,376.35999999999996,501.69777970679036,510.68833333333345,0.0,0.1362189514851301,0.1527600560444934
2025-03-09,13.3,8.9,0.0,17.686666666666667,11.100000000000001,0.0,22.8,0.0,0.0,0.9206588168102428,0.3903682146763026,3,Georgia,17.686666666666667,176.89000000000001,519.84,312.8181777777778,235.2326666666667,0.0,0.20148008270966777,0.030378127322845214
2025-03-10,13.3,7.2,0.0,12.80222222222222,10.25,0.0,13.3,0.0,0.0,0.9272375462179537,0.374473674486883,3,Georgia,12.80222222222222,176.89000000000001,176.89000000000001,163.89689382716043,170.26955555555554,0.0,0.07716402253886431,0.03687359691043511
2025-03-11,23.9,1.1,0.0,23.357777777777773,12.5,0.0,13.3,0.0,0.0,0.9335418911179212,0.35846832151248087,3,Georgia,23.357777777777773,571.2099999999999,176.89000000000001,545.5857827160492,558.2508888888888,0.0,0.07716830514244291,0.2311465650079973
2025-03-12,25.0,3.9,0.0,24.56500000000001,14.45,0.0,23.9,0.0,0.0,0.9395699859530622,0.342356891994542,3,Georgia,24.56500000000001,625.0,571.2099999999999,603.4392250000004,614.1250000000002,0.0,0.23088767412863262,0.2449264480275804
2025-03-13,23.9,8.9,0.0,23.65805555555555,16.4,0.0,25.0,0.0,0.0,0.945320046913132,0.3261441535642696,3,Georgia,23.65805555555555,571.2099999999999,625.0,559.7035926697528,565.4275277777776,0.0,0.26557016167475944,0.1811498199637645
2025-03-14,25.0,10.6,0.0,24.891388888888894,17.8,0.0,23.9,0.0,0.0,0.9507903724625832,0.3098349038318025,3,Georgia,24.891388888888894,625.0,571.2099999999999,619.5812408179015,622.2847222222224,0.0,0.23092119568433458,0.21982253877553576
2025-03-15,25.6,16.1,0.0,25.53444444444444,20.85,0.0,25.0,0.0,0.0,0.9559793438440766,0.2934339689665273,3,Georgia,25.53444444444444,655.3600000000001,625.0,652.0078530864195,653.6817777777777,0.0,0.2656124281557839,0.2228331286697189
2025-03-16,23.3,13.3,15.1,24.35277777777778,18.3,1.0,25.6,0.0,0.0,0.9608854255574977,0.27694620226893646,3,Georgia,24.35277777777778,542.89,655.3600000000001,593.0577854938273,567.4197222222223,0.0,0.2870908234259636,0.15616866962060796
2025-03-17,16.1,5.6,0.0,17.73888888888889,10.850000000000001,0.0,23.3,0.0,0.0,0.9655071658143364,0.2603764827344581,3,Georgia,17.73888888888889,259.21000000000004,542.89,314.6681790123457,285.59611111111116,0.0,0.21435343239007548,0.04847686672010803
2025-03-18,25.0,2.8,0.0,24.447500000000005,13.9,0.0,16.1,0.0,0.0,0.969843196967294,0.24372971360968387,3,Georgia,24.447500000000005,625.0,259.21000000000004,597.6802562500003,611.1875000000001,0.0,0.0979635559743224,0.2598416849560458
2025-03-19,26.1,3.3,0.0,25.68083333333334,14.700000000000001,0.0,25.0,0.0,0.0,0.9738922359149924,0.22701082094141847,3,Georgia,25.68083333333334,681.21,625.0,659.5052006944447,670.2697500000002,0.0,0.26572327866433626,0.2918967422477953
2025-03-20,20.6,6.1,0.0,23.383888888888887,13.350000000000001,0.0,26.1,0.0,0.0,0.9776530844816641,0.2102247521189836,3,Georgia,23.383888888888887,424.36000000000007,681.21,546.8062595679012,481.7081111111111,0.0,0.3066149857433145,0.10359889807812098
2025-03-21,17.8,2.2,0.0,16.965833333333336,10.0,0.0,20.6,0.0,0.0,0.981124629771712,0.19337647441020586,3,Georgia,16.965833333333336,316.84000000000003,424.36000000000007,287.83950069444455,301.9918333333334,0.0,0.15572164309480055,0.06857731403577653
2025-03-22,22.2,3.9,0.0,21.59888888888888,13.049999999999999,0.0,17.8,0.0,0.0,0.984305844499033,0.17647097349152166,3,Georgia,21.59888888888888,492.84,316.84000000000003,466.5120012345675,479.4953333333331,0.0,0.1154534383458739,0.14597962891142663
2025-03-23,25.0,3.3,0.0,24.59111111111112,14.15,0.0,22.2,0.0,0.0,0.9871957872910085,0.15951325197263655,3,Georgia,24.59111111111112,625.0,492.84,604.7227456790127,614.7777777777779,0.0,0.18766447058418204,0.2384395476017994
2025-03-24,18.3,9.4,0.0,22.385555555555563,13.850000000000001,0.0,25.0,0.0,0.0,0.9897936029670716,0.14250832791617088,3,Georgia,22.385555555555563,334.89000000000004,625.0,501.11309753086454,409.65566666666683,0.0,0.26591052186729447,0.06403847798597184
2025-03-25,26.1,4.4,0.0,25.73305555555556,15.25,0.0,18.3,0.0,0.0,0.992098522791769,0.12546123335273648,3,Georgia,25.73305555555556,681.21,334.89000000000004,662.1901482253088,671.6327500000001,0.0,0.12153296815385542,0.29661397952051355
2025-03-26,22.8,8.9,0.0,22.307222222222226,15.850000000000001,0.0,26.1,0.0,0.0,0.9941098647022418,0.10837701279187609,3,Georgia,22.307222222222226,519.84,681.21,497.6121632716051,508.6046666666668,0.0,0.30689020550999735,0.13491282566978544
2025-03-27,23.3,5.0,0.0,22.740833333333327,14.15,0.0,22.8,0.0,0.0,0.9958270335100595,0.09126072172931188,3,Georgia,22.740833333333327,542.89,519.84,517.1455006944442,529.8614166666665,0.0,0.20190089830622376,0.16273991003037228
2025-03-28,26.7,7.2,0.0,26.33694444444444,16.95,0.0,23.3,0.0,0.0,0.9972495210773451,0.07411742515094437,3,Georgia,26.33694444444444,712.89,542.89,693.6346426697529,703.1964166666666,0.0,0.21471403606612133,0.29980895831480353
2025-03-29,22.8,17.8,0.0,24.617222222222225,20.3,0.0,26.7,0.0,0.0,0.998376906467142,0.056952196034039754,3,Georgia,24.617222222222225,519.84,712.89,606.0076299382717,561.2726666666667,0.0,0.3323150892598499,0.11967216093789543
2025-03-30,23.9,16.7,0.0,24.02361111111111,20.299999999999997,0.0,22.8,0.0,0.0,0.9992088560679753,0.03977011384605572,3,Georgia,24.02361111111111,571.2099999999999,519.84,577.1338908179011,574.1643055555554,0.0,0.20202375546596762,0.14961086989604525
2025-03-31,21.1,16.7,0.0,22.26472222222221,18.9,0.0,23.9,0.0,0.0,0.9997451236925734,0.022576263041545485,3,Georgia,22.26472222222221,445.21000000000004,571.2099999999999,495.71785563271555,469.7856388888887,0.0,0.23151538575286315,0.08748730331126811
2025-04-01,25.0,7.2,0.0,24.59111111111112,16.1,0.0,21.1,0.0,0.0,0.9999855506507186,0.005375731557583884,4,Georgia,24.59111111111112,625.0,445.21000000000004,604.7227456790127,614.7777777777779,0.0,0.16521657322796415,0.21543744403817194
2025-04-02,28.9,13.9,0.0,29.41421488587567,21.4,0.0,25.0,0.0,0.0,0.9999300657962057,-0.011826390691832589,4,Georgia,29.41421488587567,835.2099999999999,625.0,865.1960373524698,850.0708102018068,0.10059228691148621,0.26637969107674414,0.41190711717557327
2025-04-03,28.9,20.0,0.0,29.300882540051173,24.45,0.0,28.9,0.0,0.0,0.9995786855478958,-0.029025013321975237,4,Georgia,29.300882540051173,835.2099999999999,835.2099999999999,858.5417176258757,846.7955054074789,0.09587010583546555,0.4460598030446346,0.36148326815985926
2025-04-04,29.4,17.8,0.0,29.682065621315626,23.6,0.0,28.9,0.0,0.0,0.9989315138848577,-0.046215046983708354,4,Georgia,29.682065621315626,864.3599999999999,835.2099999999999,881.025019548087,872.6527292666793,0.11175273422148442,0.4461570167876775,0.40739658405754925
2025-04-05,30.6,17.2,0.0,30.680156280497766,23.9,0.0,29.4,0.0,0.0,0.9979887423155984,-0.06339140486951038,4,Georgia,30.680156280497766,936.3600000000001,864.3599999999999,941.2719893957665,938.8127821832317,0.15333984502074025,0.47709851012500715,0.5060907865165782
2025-04-06,23.9,16.7,0.0,27.624331573457855,20.299999999999997,0.0,30.6,0.0,0.0,0.9967506498213929,-0.08054900421874167,4,Georgia,27.624331573457855,571.2099999999999,936.3600000000001,763.1036948803405,660.2215246056427,0.026013815560743964,0.5596654917601579,0.15012157645512705
2025-04-07,20.0,9.4,0.0,20.202777777777783,14.7,0.0,23.9,0.0,0.0,0.9952176027737294,-0.09768276782171598,4,Georgia,20.202777777777783,400.0,571.2099999999999,408.15222993827183,404.05555555555566,0.0,0.2319134428601288,0.07669141542573696
2025-04-08,17.2,6.1,0.0,16.58388888888889,11.649999999999999,0.0,20.0,0.0,0.0,0.9933900548258936,-0.11478762552212701,4,Georgia,16.58388888888889,295.84,400.0,275.0253706790124,285.2428888888889,0.0,0.1461916033243323,0.05227545356256398
2025-04-09,20.6,2.8,0.0,20.06249999999999,11.700000000000001,0.0,17.2,0.0,0.0,0.9912685467787256,-0.13185851571739118,4,Georgia,20.06249999999999,424.36000000000007,295.84,402.50390624999955,413.2874999999998,0.0,0.10925175165474262,0.10090060368127772
2025-04-10,24.4,6.1,0.0,24.104722222222218,15.25,0.0,20.6,0.0,0.0,0.9888537064205885,-0.1488903868564548,4,Georgia,24.104722222222218,595.3599999999999,424.36000000000007,581.0376334104936,588.155222222222,0.0,0.15642916192137532,0.1869500498804429
2025-04-11,18.9,10.0,0.0,22.46388888888889,14.45,0.0,24.4,0.0,0.0,0.986146248341595,-0.16587819893463143,4,Georgia,22.46388888888889,357.2099999999999,595.3599999999999,504.62630401234566,424.56749999999994,0.0,0.24730158917916592,0.0632049280404834
2025-04-12,17.2,5.6,0.0,16.453333333333333,11.399999999999999,0.0,18.9,0.0,0.0,0.9831469737221499,-0.1828169249850199,4,Georgia,16.453333333333333,295.84,357.2099999999999,270.71217777777775,282.9973333333333,0.0,0.12996644631331525,0.052038134078545184
2025-04-13,22.8,2.2,0.0,22.268055555555563,12.5,0.0,17.2,0.0,0.0,0.9798567700958665,-0.1997015525660636,4,Georgia,22.268055555555563,519.84,295.84,495.866298225309,507.7116666666669,0.0,0.10939096034282299,0.14870116149045326
2025-04-14,28.9,8.3,0.0,27.908959375464487,18.6,0.0,22.8,0.0,0.0,0.9762766110869321,-0.21652708524481437,4,Georgia,27.908959375464487,835.2099999999999,519.84,778.9100134213271,806.5689259509237,0.03787330731102031,0.2028463821692502,0.40259036696938766
2025-04-15,21.7,12.2,0.0,25.82444444444445,16.95,0.0,28.9,0.0,0.0,0.9724075561219968,-0.23328854407545518,4,Georgia,25.82444444444445,470.89,835.2099999999999,666.9019308641978,560.3904444444445,0.0,0.44741434043465494,0.099866584158793
2025-04-16,21.1,6.1,0.0,20.496111111111112,13.600000000000001,0.0,21.7,0.0,0.0,0.9682507501166718,-0.2499809690726521,4,Georgia,20.496111111111112,445.21000000000004,470.89,420.0905706790124,432.46794444444447,0.0,0.17794097731310204,0.09493127141459642
2025-04-17,25.0,6.1,0.0,24.56500000000001,15.55,0.0,21.1,0.0,0.0,0.9638074231367307,-0.26659942067929354,4,Georgia,24.56500000000001,625.0,445.21000000000004,603.4392250000004,614.1250000000002,0.0,0.1659964007012018,0.19967651299729697
2025-04-18,28.9,8.9,0.0,27.684918104495598,18.9,0.0,25.0,0.0,0.0,0.9590788900341131,-0.28313898122818354,4,Georgia,27.684918104495598,835.2099999999999,625.0,766.4546904526281,800.0941332199227,0.028538254353983234,0.2676013705637004,0.380536004879815
2025-04-19,30.0,12.8,0.0,29.36368185555555,21.4,0.0,28.9,0.0,0.0,0.9540665500578387,-0.2995947563972602,4,Georgia,29.36368185555555,900.0,835.2099999999999,862.2258121142823,880.9104556666665,0.09848674398148131,0.4479517310090215,0.4371862865832406
2025-04-20,27.2,16.1,0.0,27.416236963591118,21.65,0.0,30.0,0.0,0.0,0.9487718864399473,-0.31596187665790293,4,Georgia,27.416236963591118,739.8399999999999,900.0,751.6500492437799,745.7216454096783,0.01734320681629657,0.518840889483157,0.24339346126254882
2025-04-21,27.8,14.4,0.0,27.624331573457855,21.1,0.0,27.2,0.0,0.0,0.9431964659565866,-0.33223549871590435,4,Georgia,27.624331573457855,772.84,739.8399999999999,763.1036948803405,767.9564177421283,0.026013815560743964,0.3572926482904391,0.28382633940781515
2025-04-22,23.3,18.3,0.0,26.0463888888889,20.8,0.0,27.8,0.0,0.0,0.9373419384643772,-0.3484108069446808,4,Georgia,26.0463888888889,542.89,772.84,678.414374151235,606.8808611111114,0.0,0.3871218818127187,0.1154255568118913
2025-04-23,26.1,16.1,0.0,26.1638888888889,21.1,0.0,23.3,0.0,0.0,0.9312100364121947,-0.3644830148102912,4,Georgia,26.1638888888889,681.21,542.89,684.549081790124,682.8775000000003,0.0,0.21635223537976223,0.20228750593259848
2025-04-24,23.9,16.1,0.0,24.049722222222226,20.0,0.0,26.1,0.0,0.0,0.9248025743285089,-0.38044736628785164,4,Georgia,24.049722222222226,571.2099999999999,681.21,578.3891389660496,574.7883611111112,0.0,0.3093418571789489,0.12547606752710586
2025-04-25,27.8,17.8,9.9,28.312649868817804,22.8,1.0,23.9,0.0,0.0,0.9181214482844364,-0.39629913726891813,4,Georgia,28.312649868817804,772.84,571.2099999999999,801.6061425942688,787.091666353135,0.05469374453407516,0.23329822558566757,0.28625102170916816
2025-04-26,26.7,17.2,0.8,27.25004875993561,21.95,1.0,27.8,0.0,0.0,0.9111686353326631,-0.41203363695942635,4,Georgia,27.25004875993561,712.89,772.84,742.5651574188682,727.5763018902808,0.010418698330650381,0.38766231096631104,0.22126425617949746
2025-04-27,28.3,15.6,0.0,27.932119356095637,21.95,0.0,26.7,0.0,0.0,0.9039461929224011,-0.42764620926777464,4,Georgia,27.932119356095637,800.89,712.89,780.2032917231725,790.4789777775065,0.038838306503984864,0.3351191774228628,0.29699522251725213
2025-04-28,26.1,16.7,0.0,26.611111111111114,21.4,0.0,28.3,0.0,0.0,0.8964562582905575,-0.44313223418263453,4,Georgia,26.611111111111114,681.21,800.89,708.1512345679014,694.5500000000001,0.0,0.4147042361650651,0.18821334279942267
2025-04-29,27.2,17.2,0.0,27.884784716924493,22.2,0.0,26.1,0.0,0.0,0.8887010478292915,-0.45848712914008766,4,Georgia,27.884784716924493,739.8399999999999,681.21,777.5612187092257,758.4661443003462,0.03686602987185387,0.309925719595628,0.2399895219505339
2025-04-30,28.9,16.1,0.0,28.78069813099559,22.5,0.0,27.2,0.0,0.0,0.8806828564301475,-0.47370635037968,4,Georgia,28.78069813099559,835.2099999999999,739.8399999999999,828.328584907493,831.7621759857725,0.07419575545814953,0.3584585286037336,0.3292145506162744
2025-05-01,26.7,18.9,0.0,27.543531976835535,22.799999999999997,0.0,28.9,0.0,0.0,0.8724040568049612,-0.48878539428899265,5,Georgia,27.543531976835535,712.89,835.2099999999999,758.6461537589616,735.4123037815087,0.02264716570148062,0.44978746782779805,0.20360112675102907
2025-05-02,28.9,16.1,0.0,28.78069813099559,22.5,0.0,26.7,0.0,0.0,0.8638670987837349,-0.503719798736334,5,Georgia,28.78069813099559,835.2099999999999,712.89,828.328584907493,831.7621759857725,0.07419575545814953,0.3357668492563264,0.32713593002346214
2025-05-03,20.6,13.9,0.0,25.43,17.25,0.0,28.9,0.0,0.0,0.8550745085896932,-0.518505144391157,5,Georgia,25.43,424.36000000000007,835.2099999999999,646.6849,523.8580000000001,0.0,0.4501223871685941,0.07028235218094661
2025-05-04,21.1,11.1,0.0,20.73111111111111,16.1,0.0,20.6,0.0,0.0,0.8460288880917339,-0.533137056031809,5,Georgia,20.73111111111111,445.21000000000004,424.36000000000007,429.7789679012346,437.4264444444445,0.0,0.15786354736783992,0.07845591595043287
2025-05-05,20.6,9.4,0.0,20.179999999999993,15.0,0.0,21.1,0.0,0.0,0.8367329140344921,-0.5476112038402312,5,Georgia,20.179999999999993,424.36000000000007,445.21000000000004,407.2323999999997,415.70799999999986,0.0,0.16720326209071057,0.07291006037332433
2025-05-06,25.0,8.3,0.0,24.734722222222228,16.65,0.0,20.6,0.0,0.0,0.8271893372462497,-0.5619233046832195,5,Georgia,24.734722222222228,625.0,424.36000000000007,611.8064834104941,618.3680555555557,0.0,0.15800578067878934,0.17344292442246034
2025-05-07,21.7,15.6,0.0,23.59277777777777,18.65,0.0,25.0,0.0,0.0,0.8174009818249189,-0.5760691233798758,5,Georgia,23.59277777777777,470.89,625.0,556.6191632716045,511.9632777777776,0.0,0.2695868812140698,0.07961405735201255
2025-05-08,27.8,16.1,0.6,28.146045184835597,21.950000000000003,1.0,21.7,0.0,0.0,0.8073707443023492,-0.5900444739548627,5,Georgia,28.146045184835597,772.84,470.89,792.199859546807,782.4600561384296,0.04775188270148319,0.17953167511720045,0.27711754728447074
2025-05-09,27.2,16.1,0.0,27.23515810385777,21.65,0.0,27.8,0.0,0.0,0.7971015927871943,-0.6038452208771035,5,Georgia,27.23515810385777,739.8399999999999,772.84,741.7538369421296,740.7963004249314,0.009798254327407108,0.3896175491412372,0.22109235652843756
2025-05-10,20.0,11.7,0.0,23.82777777777777,15.85,0.0,27.2,0.0,0.0,0.7865965660866021,-0.6174672802835514,5,Georgia,23.82777777777777,400.0,739.8399999999999,567.76299382716,476.5555555555554,0.0,0.35990965704672123,0.06134235264801902
2025-05-11,18.9,13.3,0.0,18.93027777777778,16.1,0.0,20.0,0.0,0.0,0.7758587728069828,-0.6309066211876704,5,Georgia,18.93027777777778,357.2099999999999,400.0,358.35541674382716,357.78225,0.0,0.14810613844425555,0.049066329605295625
2025-05-12,27.2,17.8,0.0,27.676087608817763,22.5,0.0,18.9,0.0,0.0,0.7648913904341225,-0.6441592666722685,5,Georgia,27.676087608817763,739.8399999999999,357.2099999999999,765.9658253309561,752.7895829598432,0.028170317034073467,0.1315840539729601,0.23437654082900236
2025-05-13,26.1,14.4,0.0,26.059444444444452,20.25,0.0,27.2,0.0,0.0,0.753697664392914,-0.6572212950663319,5,Georgia,26.059444444444452,681.21,739.8399999999999,679.0946447530869,680.1515000000003,0.0,0.3603711149528284,0.17742147657561333
2025-05-14,28.9,17.2,0.0,28.78069813099559,23.049999999999997,0.0,26.1,0.0,0.0,0.742280907086982,-0.6700888411055113,5,Georgia,28.78069813099559,835.2099999999999,681.21,828.328584907493,831.7621759857725,0.07419575545814953,0.31188545858959144,0.30363286823398966
2025-05-15,30.0,18.3,0.0,31.04908144444437,24.15,0.0,28.9,0.0,0.0,0.7306444969184916,-0.6827580970759147,5,Georgia,31.04908144444437,900.0,835.2099999999999,964.0454585437396,931.4724433333311,0.16871172685184868,0.4522707683267016,0.38361306301785264
2025-05-16,30.6,21.1,0.0,31.126955483004483,25.85,0.0,30.0,0.0,0.0,0.7187918772884232,-0.6952253139408722,5,Georgia,31.126955483004483,936.3600000000001,900.0,968.8873576409428,952.4848377799373,0.17195647845852013,0.5236830531069735,0.40011543403891064
2025-05-17,27.2,21.1,0.0,29.66075088801562,24.15,0.0,30.6,0.0,0.0,0.7067265555776158,-0.7074868024503348,5,Georgia,29.66075088801562,739.8399999999999,936.3600000000001,879.7601432409194,806.7724241540249,0.11086462033398418,0.5670139369893622,0.2112641001708108
2025-05-18,26.1,18.3,3.8,26.1638888888889,22.200000000000003,1.0,27.2,0.0,0.0,0.6944521021088763,-0.719538934232584,5,Georgia,26.1638888888889,681.21,739.8399999999999,684.549081790124,682.8775000000003,0.0,0.3611617408520823,0.16673299641907735
2025-05-19,30.6,19.4,0.0,32.53139821281776,25.0,0.0,26.1,0.0,0.0,0.6819721490904629,-0.7313781428679254,5,Georgia,32.53139821281776,936.3600000000001,681.21,1058.2918696809227,995.4607853122236,0.23047492553407345,0.3125925035479056,0.44752625312652666
2025-05-20,30.6,20.6,0.0,31.126955483004483,25.6,0.0,30.6,0.0,0.0,0.6692903895412567,-0.7430009249440493,5,Georgia,31.126955483004483,936.3600000000001,936.3600000000001,968.8873576409428,952.4848377799373,0.17195647845852013,0.5676841333242401,0.39364572879623055
2025-05-21,26.7,19.4,0.0,29.31698503179564,23.049999999999997,0.0,30.6,0.0,0.0,0.6564105761979381,-0.7544038410927472,5,Georgia,29.31698503179564,712.89,936.3600000000001,859.4856113545295,782.7635003489436,0.09654104299148496,0.567909749279355,0.19200660996574756
2025-05-22,27.8,13.9,0.0,27.49281419379563,20.85,0.0,26.7,0.0,0.0,0.6433365204044917,-0.765583517007675,5,Georgia,27.49281419379563,772.84,712.89,755.8548322945705,764.3002345875186,0.020533924741484633,0.33868106073529747,0.24135086004490444
2025-05-23,25.6,15.0,0.0,25.495277777777776,20.3,0.0,27.8,0.0,0.0,0.6300720909843687,-0.7765366444428655,5,Georgia,25.495277777777776,655.3600000000001,772.84,650.0091889660494,652.6791111111111,0.0,0.3919769361647109,0.14862864843763735
2025-05-24,25.0,13.9,0.0,24.956666666666663,19.45,0.0,25.6,0.0,0.0,0.6166212130956382,-0.7872599821916922,5,Georgia,24.956666666666663,625.0,655.3600000000001,622.835211111111,623.9166666666666,0.0,0.2935656719785296,0.13637874587674984
2025-05-25,25.6,17.2,0.0,25.76944444444444,21.4,0.0,25.0,0.0,0.0,0.6029878670694714,-0.7977503570459932,5,Georgia,25.76944444444444,655.3600000000001,625.0,664.0642669753083,659.6977777777777,0.0,0.2718292232873738,0.14708294967505858
2025-05-26,27.8,19.4,0.0,29.15886103361784,23.6,0.0,25.6,0.0,0.0,0.5891760872322963,-0.8080046647350754,5,Georgia,29.15886103361784,772.84,655.3600000000001,850.2391767778367,810.616336734576,0.08995254306740996,0.2938443625218646,0.23535052463050646
2025-05-27,21.7,16.7,0.0,25.873888888888885,19.2,0.0,27.8,0.0,0.0,0.5751899607119775,-0.8180198708443174,5,Georgia,25.873888888888885,470.89,772.84,669.4581262345677,561.4633888888887,0.0,0.39268152649980126,0.07216531256395983
2025-05-28,26.7,15.6,0.0,28.15824500283553,21.15,0.0,21.7,0.0,0.0,0.5610336262283677,-0.8277930117131022,5,Georgia,28.15824500283553,712.89,470.89,792.886761639712,751.8251415757086,0.048260208451480345,0.18128986066660066,0.2042798995471132
2025-05-29,21.7,18.9,0.0,25.34833333333334,20.299999999999997,0.0,26.7,0.0,0.0,0.5467112728685939,-0.8373211953118121,5,Georgia,25.34833333333334,470.89,712.89,642.5380027777782,550.0588333333335,0.0,0.3397807943437791,0.06823123846729982
2025-05-30,23.9,17.8,0.0,24.114999999999995,20.85,0.0,21.7,0.0,0.0,0.5322271388474397,-0.8466016020976267,5,Georgia,24.114999999999995,571.2099999999999,470.89,581.5332249999998,576.3484999999998,0.0,0.18147416730437171,0.10342771418888913
2025-05-31,26.7,12.8,0.0,26.53277777777778,19.75,0.0,23.9,0.0,0.0,0.5175855102531889,-0.8556314858488706,5,Georgia,26.53277777777778,712.89,571.2099999999999,703.9882966049385,708.4251666666668,0.0,0.23714854679750974,0.1933127939478408
2025-06-01,26.1,15.0,0.0,26.0463888888889,20.55,0.0,26.7,0.0,0.0,0.5027907197793043,-0.8644081744776648,6,Georgia,26.0463888888889,681.21,712.89,678.414374151235,679.8107500000003,0.0,0.34025803507598806,0.15977247711391748
2025-06-02,28.9,14.4,0.0,29.083513312415594,21.65,0.0,26.1,0.0,0.0,0.4878471454423119,-0.8729290708206411,6,Georgia,29.083513312415594,835.2099999999999,681.21,845.850746593455,840.5135347288107,0.08681305468398308,0.31465395433396026,0.2939212941027018
2025-06-03,30.0,17.2,0.0,29.576440311111114,23.6,0.0,28.9,0.0,0.0,0.47275920928627757,-0.881191653407483,6,Georgia,29.576440311111114,900.0,835.2099999999999,874.7658214767184,887.2932093333334,0.10735167962962973,0.45598600021392305,0.3341480756180965
2025-06-04,26.1,20.0,0.0,27.987237679591207,23.05,0.0,30.0,0.0,0.0,0.4575313760742512,-0.8891934772070711,6,Georgia,27.987237679591207,681.21,900.0,783.2854729339298,730.4669034373305,0.041134903316300285,0.5278131647507727,0.15134069172226583
2025-06-05,27.8,18.9,0.0,29.15886103361784,23.35,0.0,26.1,0.0,0.0,0.44216815196707204,-0.8969321743510065,6,Georgia,29.15886103361784,772.84,681.21,850.2391767778367,810.616336734576,0.08995254306740996,0.31510331845923856,0.2257324029660516
2025-06-06,31.7,19.4,0.0,33.820934725784504,25.549999999999997,0.0,27.8,0.0,0.0,0.42667408318992467,-0.9044054548343001,6,Georgia,33.820934725784504,1004.89,772.84,1143.8556257257762,1072.1236308073687,0.2842056135743543,0.39446880768015347,0.5166693508791284
2025-06-07,31.1,20.6,0.0,33.6296077330646,25.85,0.0,31.7,0.0,0.0,0.4110537546870351,-0.9116111071930239,6,Georgia,33.6296077330646,967.21,1004.89,1130.9505162797984,1045.880800498309,0.27623365554435847,0.6593758744308619,0.44586434482984627
2025-06-08,27.8,20.0,0.0,29.15886103361784,23.9,0.0,31.1,0.0,0.0,0.3953117887649151,-0.9185469991587165,6,Georgia,29.15886103361784,772.84,967.21,850.2391767778367,810.616336734576,0.08995254306740996,0.6105807358624201,0.2087347435471469
2025-06-09,28.9,19.4,0.0,30.294298970771212,24.15,0.0,27.8,0.0,0.0,0.37945284372454435,-0.925211078289358,6,Georgia,30.294298970771212,835.2099999999999,772.84,917.7445501304697,875.505240255288,0.13726245711546717,0.3950063586890261,0.27573139869506813
2025-06-10,28.9,19.4,0.0,31.015885100115636,24.15,0.0,28.9,0.0,0.0,0.36348161248290634,-0.9316013725767187,6,Georgia,31.015885100115636,835.2099999999999,835.2099999999999,961.9851285435751,896.3590793933419,0.1673285458381515,0.45738614546592854,0.2820811756020664
2025-06-11,30.6,18.3,0.0,32.53139821281776,24.450000000000003,0.0,28.9,0.0,0.0,0.3474028211842774,-0.9377159910299093,6,Georgia,32.53139821281776,936.3600000000001,835.2099999999999,1058.2918696809227,995.4607853122236,0.23047492553407345,0.45758542595765783,0.40627213932734263
2025-06-12,29.4,21.1,0.0,31.900241944515585,25.25,0.0,30.6,0.0,0.0,0.3312212278016865,-0.9435531242349544,6,Georgia,31.900241944515585,864.3599999999999,936.3600000000001,1017.6254361186315,937.8671131687581,0.2041767476881494,0.5730062272601069,0.3057255491488902
2025-06-13,30.6,21.1,0.0,33.34978949943118,25.85,0.0,29.4,0.0,0.0,0.31494162072895193,-0.9491110448902284,6,Georgia,33.34978949943118,936.3600000000001,864.3599999999999,1112.2084596563702,1020.5035586825942,0.26457456247629924,0.48939987794100726,0.40372027157969925
2025-06-14,28.9,21.1,0.0,31.648926787671186,25.0,0.0,30.6,0.0,0.0,0.2985688173637202,-0.9543881083175908,6,Georgia,31.648926787671186,835.2099999999999,936.3600000000001,1001.6545668113708,914.6539841636973,0.19370528281963276,0.5734684378932542,0.2757011200696212
2025-06-15,30.6,20.6,0.3,32.930913029315576,25.6,1.0,28.9,0.0,0.0,0.2821076626819194,-0.9593827529490743,6,Georgia,32.930913029315576,936.3600000000001,835.2099999999999,1084.4450329443464,1007.6859386970567,0.24712137622148234,0.4583783235134267,0.4060541094295112
2025-06-16,31.7,22.8,0.0,33.16821562719118,27.25,0.0,30.6,0.0,0.0,0.26556302780405594,-0.9640935007889755,6,Georgia,33.16821562719118,1004.89,936.3600000000001,1100.1305278918492,1051.4324353819604,0.2570089844662992,0.5739280723085705,0.45301982809101565
2025-06-17,30.6,20.6,0.0,32.930913029315576,25.6,0.0,31.7,0.0,0.0,0.24893980855376657,-0.9685189578512204,6,Georgia,32.930913029315576,936.3600000000001,1004.89,1084.4450329443464,1007.6859386970567,0.24712137622148234,0.6618938999402305,0.38516319843281727
2025-06-18,28.9,21.7,0.0,31.648926787671186,25.299999999999997,0.0,30.6,0.0,0.0,0.23224292400907015,-0.9726578145718654,6,Georgia,31.648926787671186,835.2099999999999,936.3600000000001,1001.6545668113708,914.6539841636973,0.19370528281963276,0.5743845817066683,0.2696131334865645
2025-06-19,28.9,20.6,0.0,30.28317007140459,24.75,0.0,28.9,0.0,0.0,0.21547731504673012,-0.976508846196619,6,Georgia,30.28317007140459,835.2099999999999,835.2099999999999,917.0703895736148,875.1836150635926,0.13679875297519128,0.4591616256517456,0.2587396013567749
2025-06-20,31.1,18.9,0.0,31.539548077777795,25.0,0.0,28.9,0.0,0.0,0.19864794288017112,-0.9800709131432666,6,Georgia,31.539548077777795,967.21,835.2099999999999,994.743092950457,980.8799452188895,0.18914783657407477,0.4593555110629912,0.40262897405234155
2025-06-21,33.3,18.9,0.0,35.75535508329567,26.099999999999998,0.0,31.1,0.0,0.0,0.18175978759137534,-0.9833429613388902,6,Georgia,35.75535508329567,1108.8899999999999,967.21,1278.4454171325574,1190.6533242737457,0.3648064618039862,0.6136888752609346,0.6677371647476168
2025-06-22,33.3,21.7,0.0,34.492084111084516,27.5,0.0,33.3,1.0,1.0,0.16481784665719793,-0.9863240225317866,6,Georgia,34.492084111084516,1108.8899999999999,1108.8899999999999,1189.703866326129,1148.5864008991143,0.31217017129518815,0.8112832271954327,0.5958367105353047
2025-06-23,33.9,22.2,0.0,36.32746605479784,28.049999999999997,0.0,33.3,2.0,2.0,0.14782713347053048,-0.9890132145779883,6,Georgia,36.32746605479784,1149.2099999999998,1108.8899999999999,1319.6847899624893,1231.5010992576467,0.3886444189499099,0.8138129481949531,0.6996408912727952
2025-06-24,35.0,22.8,0.0,37.05415802092446,28.9,0.0,33.9,3.0,3.0,0.13079267585675922,-0.9914097417023038,6,Georgia,37.05415802092446,1225.0,1149.2099999999998,1373.0106266396406,1296.895530732356,0.41892325087185256,0.876334008399585,0.8119742922563551
2025-06-25,35.0,23.3,0.0,39.9103602111111,29.15,0.0,35.0,3.0,4.0,0.11371951458594969,-0.9935128947338007,6,Georgia,39.9103602111111,1225.0,1225.0,1592.8368521806399,1396.8626073888884,0.5379316754629624,0.8398746149017094,0.7648743861445152
2025-06-26,31.7,19.4,0.0,34.28580817393564,25.549999999999997,0.0,35.0,3.0,5.0,0.0966127018812031,-0.9953220513156602,6,Georgia,34.28580817393564,1004.89,1225.0,1175.5166421399122,1086.8601191137598,0.3035753405806518,0.6967238018898085,0.26683332021498396
2025-06-27,32.2,19.4,0.0,34.7744635280245,25.8,0.0,31.7,2.0,5.0,0.07947729992362097,-0.9968366760893436,6,Georgia,34.7744635280245,1036.8400000000001,1004.89,1209.263313661906,1119.737725602389,0.32393598033435406,0.34044725654152375,0.2269787491372875
2025-06-28,32.2,20.6,0.0,34.016651047591154,26.400000000000002,0.0,32.2,2.0,6.0,0.062318379354325076,-0.998056320853012,6,Georgia,34.016651047591154,1036.8400000000001,1036.8400000000001,1157.1325484935844,1095.3361637324354,0.2923604603162981,0.28741655363298213,0.15106979688963404
2025-06-29,31.1,21.1,0.0,34.80727677236455,26.1,0.0,32.2,2.0,6.0,0.04514101777397193,-0.9989806246941579,6,Georgia,34.80727677236455,967.21,1036.8400000000001,1211.546516307989,1082.5063076205377,0.32530319884852305,0.28754303960276534,0.12817980648142108
2025-06-30,31.1,21.7,0.0,33.85445181291555,26.4,0.0,31.1,2.0,5.0,0.02795029824021032,-0.999609314096404,6,Georgia,33.85445181291555,967.21,967.21,1146.123907553021,1052.8734513816737,0.2856021588714812,0.31055185081144054,0.1674788058382143
2025-07-01,30.0,22.2,0.0,33.621580418115514,26.1,0.0,31.1,1.0,4.0,0.01075130776352193,-0.9999422030204416,7,Georgia,33.621580418115514,900.0,967.21,1130.4106698118085,1008.6474125434654,0.2758991840881464,0.30949311385606904,0.13292455332895517
2025-07-02,32.2,21.7,0.0,34.73444154748442,26.950000000000003,0.0,30.0,0.0,3.0,-0.00645086419810515,-0.9999791929590823,7,Georgia,34.73444154748442,1036.8400000000001,900.0,1206.4814296156121,1118.4490178289984,0.32226839781185096,0.2601647907426941,0.21986895224721117
2025-07-03,32.2,20.6,0.0,34.7744635280245,26.400000000000002,0.0,32.2,1.0,3.0,-0.023651127245231586,-0.9997202729664083,7,Georgia,34.7744635280245,1036.8400000000001,1036.8400000000001,1209.263313661906,1119.737725602389,0.32393598033435406,0.46505868484833013,0.298939664811593
2025-07-04,33.3,21.1,0.0,34.492084111084516,27.2,0.0,32.2,2.0,4.0,-0.04084439154329611,-0.9991655196610109,7,Georgia,34.492084111084516,1108.8899999999999,1036.8400000000001,1189.703866326129,1148.5864008991143,0.31217017129518815,0.4668736703797598,0.3496452898059497
2025-07-05,32.8,21.1,0.0,33.6296077330646,26.95,0.0,33.3,3.0,4.0,-0.05802556932878035,-0.9983150972033183,7,Georgia,33.6296077330646,1075.84,1108.8899999999999,1130.9505162797984,1103.0511336445188,0.27623365554435847,0.6774357192692385,0.40176165233083466
2025-07-06,32.8,20.6,0.0,33.89808742945776,26.7,0.0,32.8,3.0,4.0,-0.07518957641475855,-0.9971692572470178,7,Georgia,33.89808742945776,1075.84,1075.84,1149.0803313751621,1111.8572676862145,0.28742030956074,0.6339047151275471,0.41208382066339555
2025-07-07,33.9,21.1,0.0,35.77663859119783,27.5,0.0,32.8,3.0,5.0,-0.09233133369539122,-0.9957283388645872,7,Georgia,35.77663859119783,1149.2099999999998,1075.84,1279.967868885186,1212.8280482416064,0.3656932746332429,0.5119772412240899,0.41383338330154995
2025-07-08,32.2,22.2,0.0,36.343957807751195,27.200000000000003,0.0,33.9,3.0,6.0,-0.10944576864891556,-0.993992768446958,7,Georgia,36.343957807751195,1036.8400000000001,1149.2099999999998,1320.883269131599,1170.2754414095887,0.38933157532296647,0.48225734609639453,0.23251917423199622
2025-07-09,33.3,22.8,0.0,36.60358037643559,28.049999999999997,0.0,32.2,3.0,7.0,-0.12652781683868314,-0.9919630595773397,7,Georgia,36.60358037643559,1108.8899999999999,1036.8400000000001,1339.8220963741803,1218.899226535305,0.40014918235148283,0.28987338991506006,0.2120039118906183
2025-07-10,28.9,22.2,0.0,31.326208967884572,25.549999999999997,0.0,33.3,3.0,7.0,-0.1435724234118113,-0.9896398128792412,7,Georgia,31.326208967884572,835.2099999999999,1108.8899999999999,981.3313682995717,905.3274391718641,0.1802587069951905,0.3467465235314392,0.06286224450286472
2025-07-11,32.2,21.7,0.0,35.286900788051064,26.950000000000003,0.0,28.9,2.0,6.0,-0.16057454459499376,-0.9870237158387383,7,Georgia,35.286900788051064,1036.8400000000001,835.2099999999999,1245.1653672257587,1136.2382053752444,0.345287532835461,0.17065226834077996,0.16418985576318693
2025-07-12,32.8,22.8,0.0,35.616047560835526,27.799999999999997,0.0,32.2,2.0,6.0,-0.17752914918703497,-0.984115542601034,7,Georgia,35.616047560835526,1075.84,1036.8400000000001,1268.5028438556983,1168.2063599954051,0.35900198170148023,0.2890866689547203,0.17883571040408391
2025-07-13,33.3,23.3,0.0,37.20667336761786,28.299999999999997,0.0,32.8,2.0,6.0,-0.19443122004766195,-0.9809161537413774,7,Georgia,37.20667336761786,1108.8899999999999,1075.84,1384.336543084604,1238.9822231416747,0.4252780569840775,0.3188188746743156,0.21850769580520052
2025-07-14,34.4,22.8,0.0,36.32746605479784,28.6,0.0,33.3,3.0,6.0,-0.2112757555821793,-0.9774264960104055,7,Georgia,36.32746605479784,1183.36,1108.8899999999999,1319.6847899624893,1249.6648322850456,0.3886444189499099,0.4407656499275637,0.3387318915077837
2025-07-15,35.0,23.9,0.0,39.181918055555634,29.45,0.0,34.4,3.0,6.0,-0.2280577712215198,-0.9736476020539838,7,Georgia,39.181918055555634,1225.0,1183.36,1535.2227025122766,1371.3671319444472,0.5075799189814848,0.5216107326246784,0.4467751219054946
2025-07-16,31.7,22.8,0.0,35.286900788051064,27.25,0.0,35.0,3.0,6.0,-0.24477230089725957,-0.9695805901076308,7,Georgia,35.286900788051064,1004.89,1225.0,1245.1653672257587,1118.5947549812188,0.345287532835461,0.5710220452773355,0.19103542669439352
2025-07-17,32.2,24.4,0.0,36.343957807751195,28.3,0.0,31.7,2.0,5.0,-0.2614143985111562,-0.965226663665613,7,Georgia,36.343957807751195,1036.8400000000001,1004.89,1320.883269131599,1170.2754414095887,0.38933157532296647,0.34312969980457364,0.22767778691388066
2025-07-18,32.2,22.2,0.0,35.781684200924495,27.200000000000003,0.0,32.2,2.0,6.0,-0.2779791393987801,-0.9605871111248129,7,Georgia,35.781684200924495,1036.8400000000001,1036.8400000000001,1280.3289242546896,1152.170231269769,0.365903508371854,0.28972236825782366,0.16269264339711956
2025-07-19,32.2,22.8,0.0,36.343957807751195,27.5,0.0,32.2,2.0,6.0,-0.2944616217868012,-0.9556633054034704,7,Georgia,36.343957807751195,1036.8400000000001,1036.8400000000001,1320.883269131599,1170.2754414095887,0.38933157532296647,0.289822811991568,0.16807046812059862
2025-07-20,33.3,24.4,0.0,37.51950270193562,28.849999999999998,0.0,32.2,3.0,6.0,-0.3108569682435036,-0.9504567035349151,7,Georgia,37.51950270193562,1108.8899999999999,1036.8400000000001,1407.7130830005544,1249.399439974456,0.4383126125806509,0.37257178546174613,0.3003997799496227
2025-07-21,31.1,25.0,0.0,35.55203763279115,28.05,0.0,33.3,3.0,6.0,-0.3271603271220951,-0.9449688462364056,7,Georgia,35.55203763279115,967.21,1108.8899999999999,1263.947379843398,1105.6683703798049,0.3563349013662978,0.4417641178611154,0.17046615125961972
2025-07-22,34.4,23.3,0.0,37.91852052531555,28.85,0.0,31.1,2.0,5.0,-0.34336687399638804,-0.939201357453208,7,Georgia,37.91852052531555,1183.36,967.21,1437.8141988287766,1304.3971060708548,0.45493835522148124,0.3131589349282071,0.383364485039008
2025-07-23,31.7,23.9,0.0,34.722588831484536,27.799999999999997,0.0,34.4,2.0,5.0,-0.3594718130884232,-0.9331559438780432,7,Georgia,34.722588831484536,1004.89,1183.36,1205.6581751603346,1100.7060659580598,0.321774534645189,0.5210920613257445,0.18128623530294946
2025-07-24,32.2,22.2,0.0,35.781684200924495,27.200000000000003,0.0,31.7,1.0,5.0,-0.3754703786876202,-0.9268343944460494,7,Georgia,35.781684200924495,1036.8400000000001,1004.89,1280.3289242546896,1152.170231269769,0.365903508371854,0.26665764070628306,0.16375493256890092
2025-07-25,32.2,21.7,0.3,36.931999601315574,26.950000000000003,1.0,32.2,2.0,5.0,-0.3913578365610259,-0.9202385798054075,7,Georgia,36.931999601315574,1036.8400000000001,1036.8400000000001,1363.9725945515738,1189.2103871623617,0.41383331672148227,0.37176396365770953,0.2539089632939955
2025-07-26,32.2,22.2,0.0,35.24517878083567,27.200000000000003,0.0,32.2,2.0,5.0,-0.4071294853542516,-0.9133704517637858,7,Georgia,35.24517878083567,1036.8400000000001,1036.8400000000001,1242.222627293069,1134.8947567429088,0.343549115868153,0.37187191463615876,0.21698724643893297
2025-07-27,33.9,22.8,0.0,37.51950270193562,28.35,0.0,32.2,3.0,5.0,-0.4227806579826773,-0.9062320427107697,7,Georgia,37.51950270193562,1149.2099999999998,1036.8400000000001,1407.7130830005544,1271.9111415956174,0.4383126125806509,0.47203972955197576,0.45203578805227274
2025-07-28,35.6,25.0,0.0,39.9103602111111,30.3,0.0,33.9,3.0,5.0,-0.4383067230125192,-0.898825465016444,7,Georgia,39.9103602111111,1267.3600000000001,1149.2099999999998,1592.8368521806399,1420.808823515555,0.5379316754629624,0.603401959730334,0.6481957730909486
2025-07-29,36.1,23.3,50.8,40.072912089197835,29.700000000000003,1.0,35.6,3.0,6.0,-0.45370308603134424,-0.8911529104063088,7,Georgia,40.072912089197835,1303.21,1267.3600000000001,1605.838283308578,1446.632126420042,0.5447046703832431,0.6261644041854869,0.573408775066138
2025-07-30,31.7,22.8,0.0,35.845619555884504,27.25,0.0,36.1,3.0,6.0,-0.46896519100763184,-0.8832166493127127,7,Georgia,35.845619555884504,1004.89,1303.21,1284.9084413452097,1136.3061399215387,0.36856748149518764,0.6734207041650354,0.19742734633415604
2025-07-31,32.8,22.8,0.0,37.67863462375107,27.799999999999997,0.0,31.7,2.0,6.0,-0.48408852163897587,-0.8750190302029955,7,Georgia,37.67863462375107,1075.84,1004.89,1419.679507110133,1235.859215659035,0.4449431093229614,0.26825996697136734,0.21103752022696345
2025-08-01,31.1,21.7,0.0,35.845619555884504,26.4,0.0,32.8,2.0,6.0,-0.4990686026885319,-0.8665624788845385,8,Georgia,35.845619555884504,967.21,1075.84,1284.9084413452097,1114.7987681880081,0.36856748149518764,0.32073942231603647,0.13364137887214017
2025-08-02,26.1,22.8,0.0,26.46416666666667,24.450000000000003,0.0,31.1,1.0,5.0,-0.5139010013093103,-0.8578494977869301,8,Georgia,26.46416666666667,681.21,967.21,700.3521173611114,690.7147500000001,0.0,0.24267486799095467,0.029105789624948347
2025-08-03,23.9,19.4,0.0,25.939166666666658,21.65,0.0,26.1,1.0,4.0,-0.5285813283559292,-0.8488826652214553,8,Georgia,25.939166666666658,571.2099999999999,681.21,672.8403673611107,619.946083333333,0.0,0.14784048294122826,0.030598086048390354
2025-08-04,20.0,18.3,0.0,20.16361111111111,19.15,0.0,23.9,0.0,3.0,-0.5431052396834317,-0.8396646346181327,8,Georgia,20.16361111111111,400.0,571.2099999999999,406.5712130401234,403.2722222222222,0.0,0.10864653149098669,0.01377543718442366
2025-08-05,22.8,18.3,0.0,23.025277777777784,20.55,0.0,20.0,0.0,2.0,-0.5574684374327892,-0.8301981337405212,8,Georgia,23.025277777777784,519.84,400.0,530.1634167438275,524.9763333333335,0.0,0.08863525599831146,0.035959940186052336
2025-08-06,28.9,20.0,0.0,31.326208967884572,24.45,0.0,22.8,0.0,1.0,-0.5716666713027052,-0.8204859638785327,8,Georgia,31.326208967884572,835.2099999999999,519.84,981.3313682995717,905.3274391718641,0.1802587069951905,0.16308587422921825,0.20531588306351448
2025-08-07,27.8,20.6,0.0,29.47601872620456,24.200000000000003,0.0,28.9,0.0,1.0,-0.5856957398073508,-0.8105309990194823,8,Georgia,29.47601872620456,772.84,835.2099999999999,868.835679947562,819.4333205884868,0.10316744692519005,0.368828396110522,0.14271506523843439
2025-08-08,28.3,19.4,0.0,29.543688464791305,23.85,0.0,27.8,0.0,0.0,-0.5995514915196489,-0.8003361849976323,8,Georgia,29.543688464791305,800.89,772.84,872.8295281046428,836.0863835535939,0.10598701936630439,0.4035519506197999,0.22438121928550114
2025-08-09,28.3,21.7,0.0,29.66075088801562,25.0,0.0,28.3,0.0,0.0,-0.6132298262997502,-0.7899045386224707,8,Georgia,29.66075088801562,800.89,800.89,879.7601432409194,839.3992501308421,0.11086462033398418,0.431204997928532,0.21670699403206295
2025-08-10,27.8,22.8,0.0,29.697203661351164,25.3,0.0,28.3,0.0,0.0,-0.6267266965083301,-0.7792391467859886,8,Georgia,29.697203661351164,772.84,800.89,881.923905303769,825.5822617855624,0.11238348588963183,0.43128391712106523,0.1958909959842207
2025-08-11,30.6,22.8,0.0,34.24562740051562,26.700000000000003,0.0,27.8,0.0,0.0,-0.6400381082043503,-0.7683431655492202,8,Georgia,34.24562740051562,936.3600000000001,772.84,1172.7629960549464,1047.9161984557782,0.30190114168815096,0.4037771290205586,0.4026676649291932
2025-08-12,31.1,23.3,0.0,34.80727677236455,27.200000000000003,0.0,30.6,0.0,0.0,-0.65316012232693,-0.7572198192083127,8,Georgia,34.80727677236455,967.21,936.3600000000001,1211.546516307989,1082.5063076205377,0.32530319884852305,0.5837870444399729,0.43672695922131416
2025-08-13,30.0,23.3,0.0,34.331803355555614,26.65,0.0,31.1,0.0,0.0,-0.666088855860977,-0.7458723993404063,8,Georgia,34.331803355555614,900.0,967.21,1178.6727216445397,1029.9541006666684,0.30549180648148394,0.6228553565999427,0.3566994673893678
2025-08-14,31.1,23.3,0.0,34.722588831484536,27.200000000000003,0.0,30.0,0.0,0.0,-0.6788204829862355,-0.734304263829602,8,Georgia,34.722588831484536,967.21,900.0,1205.6581751603346,1079.8725126591692,0.321774534645189,0.5399891111062264,0.4383991398434629
2025-08-15,33.3,22.8,0.0,37.51950270193562,28.049999999999997,0.0,31.1,0.0,0.0,-0.6913512362094071,-0.722518835873311,8,Georgia,37.51950270193562,1108.8899999999999,967.21,1407.7130830005544,1249.399439974456,0.4383126125806509,0.6230223894743617,0.6941214598590454
2025-08-16,33.3,21.7,0.0,37.20667336761786,27.5,0.0,33.3,1.0,1.0,-0.7036774074790128,-0.7105196029692745,8,Georgia,37.20667336761786,1108.8899999999999,1108.8899999999999,1384.336543084604,1238.9822231416747,0.4252780569840775,0.8218191807839575,0.6819281093614331
2025-08-17,33.3,20.6,0.3,36.60358037643559,26.95,1.0,33.3,2.0,2.0,-0.7157953492826642,-0.6983101158835584,8,Georgia,36.60358037643559,1108.8899999999999,1108.8899999999999,1339.8220963741803,1218.899226535305,0.40014918235148283,0.8241776182973922,0.6816745428719637
2025-08-18,33.3,21.7,0.0,37.05415802092446,27.5,0.0,33.3,3.0,3.0,-0.7277014757264236,-0.6858939875998223,8,Georgia,37.05415802092446,1108.8899999999999,1108.8899999999999,1373.0106266396406,1233.9034620967846,0.41892325087185256,0.8265339133503857,0.6776035168163541
2025-08-19,32.2,21.7,4.9,36.931999601315574,26.950000000000003,1.0,33.3,3.0,4.0,-0.7393922635959241,-0.673274892250183,8,Georgia,36.931999601315574,1036.8400000000001,1108.8899999999999,1363.9725945515738,1189.2103871623617,0.41383331672148227,0.6842836696219207,0.4649405544814679
2025-08-20,31.7,22.2,9.9,35.55203763279115,26.95,1.0,32.2,3.0,5.0,-0.7508642533989489,-0.6604565640279754,8,Georgia,35.55203763279115,1004.89,1036.8400000000001,1263.947379843398,1126.9995929594793,0.3563349013662978,0.4741668182880817,0.2962736712436332
2025-08-21,31.7,21.1,0.0,35.55203763279115,26.4,0.0,31.7,2.0,5.0,-0.7621140503891487,-0.6474427960827475,8,Georgia,35.55203763279115,1004.89,1004.89,1263.947379843398,1126.9995929594793,0.3563349013662978,0.3459237910977245,0.2170700522434353
2025-08-22,27.8,21.1,0.3,30.284278656195674,24.450000000000003,1.0,31.7,1.0,5.0,-0.7731383255706026,-0.6342374393978054,8,Georgia,30.284278656195674,772.84,1004.89,917.1375337261089,841.9029466422397,0.13684494400815309,0.26831409026851283,0.05393260432090789
2025-08-23,26.1,21.1,0.0,28.292644831457842,23.6,0.0,27.8,0.0,4.0,-0.7839338166829201,-0.620844401650647,8,Georgia,28.292644831457842,681.21,772.84,800.4737515590182,738.4380301010498,0.05386020131074343,0.1445676191804339,0.035700927159080374
2025-08-24,29.4,20.0,0.0,31.900241944515585,24.7,0.0,26.1,0.0,3.0,-0.7944973291665992,-0.6072676460566135,8,Georgia,31.900241944515585,864.3599999999999,681.21,1017.6254361186315,937.8671131687581,0.2041767476881494,0.1477788688833088,0.12108522013327044
2025-08-25,28.3,18.9,0.0,28.292644831457842,23.6,0.0,29.4,0.0,2.0,-0.8048257371083452,-0.593511190196115,8,Georgia,28.292644831457842,800.89,864.3599999999999,800.4737515590182,800.681848730257,0.05386020131074343,0.31071438659717415,0.11289734267730073
2025-08-26,26.7,16.7,0.0,26.57194444444444,21.7,0.0,28.3,0.0,1.0,-0.8149159841660791,-0.5795791048257612,8,Georgia,26.57194444444444,712.89,800.89,706.0682315586417,709.4709166666665,0.0,0.34008313885325775,0.11641253522909444
2025-08-27,28.0,13.0,0.0,23.09333333333333,20.5,0.0,26.7,0.0,0.0,-0.8247650844733614,-0.5654755126737576,8,Georgia,23.09333333333333,784.0,712.89,533.3020444444443,646.6133333333332,0.0,0.3500266097284405,0.19691229248935926
2025-08-28,27.0,16.0,0.0,23.09333333333333,21.5,0.0,28.0,0.0,0.0,-0.8343701235229538,-0.5512045872199277,8,Georgia,23.09333333333333,729.0,784.0,533.3020444444443,623.5199999999999,0.0,0.4153741690957415,0.15649112591670217
2025-08-29,30.0,16.0,0.0,23.09333333333333,23.0,0.0,27.0,0.0,0.0,-0.8437282590292712,-0.5367705514607103,8,Georgia,23.09333333333333,900.0,729.0,533.3020444444443,692.8,0.0,0.3641074853056207,0.26237964435994315
2025-08-30,30.0,18.0,0.0,23.09333333333333,24.0,0.0,30.0,0.0,0.0,-0.8528367217694595,-0.522177676659508,8,Georgia,23.09333333333333,900.0,900.0,533.3020444444443,692.8,0.0,0.5407325126073429,0.2480309627311324
2025-08-31,29.0,17.0,0.0,23.09333333333333,23.0,0.0,30.0,0.0,0.0,-0.8616928164028522,-0.5074302810827518,8,Georgia,23.09333333333333,841.0,900.0,533.3020444444443,669.7066666666666,0.0,0.5407465214320643,0.21431948599844083
