date,tmax,tmin,prcp,heat_index,tavg,prcp_flag,tmax_lag1,hot_days_prior3,hot_days_prior7,doy_sin,doy_cos,month,state,heat_index_filled,tmax_sq,tmax_lag1_sq,hi_sq,tmax_x_hi,r_screening,r_model_dayahead,r_model_sameday
2023-01-01,7.2,2.8,3.8,6.71055555555556,5.0,1.0,7.2,0.0,0.0,0.017201575418260506,0.9998520419557735,1,Illinois,6.71055555555556,51.84,51.84,45.03155586419759,48.31600000000003,0.0,0.05391302781591383,0.025018494569439418
2023-01-02,6.7,0.0,0.0,6.055000000000001,3.35,0.0,7.2,0.0,0.0,0.03439806061360801,0.9994082116062598,1,Illinois,6.055000000000001,44.89,51.84,36.663025000000005,40.56850000000001,0.0,0.053887361446877995,0.024716952256840508
2023-01-03,9.4,4.4,28.4,7.4711111111111075,6.9,1.0,6.7,0.0,0.0,0.051584366869408364,0.9986686402879997,1,Illinois,7.4711111111111075,88.36000000000001,44.89,55.81750123456785,70.2284444444444,0.0,0.05270126037009541,0.03235259281601165
2023-01-04,7.8,0.6,0.3,8.626111111111111,4.2,1.0,9.4,0.0,0.0,0.06875540848113941,0.9976335468520451,1,Illinois,8.626111111111111,60.839999999999996,88.36000000000001,74.40979290123457,67.28366666666666,0.0,0.06022114287877763,0.02546092415879745
2023-01-05,1.1,-0.6,0.8,0.29249999999999926,0.25000000000000006,1.0,7.8,0.0,0.0,0.08590610426133272,0.9963032375991965,1,Illinois,0.29249999999999926,1.2100000000000002,60.839999999999996,0.08555624999999957,0.3217499999999992,0.0,0.05533710144767755,0.0180865505113128
2023-01-06,0.6,-3.9,0.0,-0.19333333333333474,-1.65,0.0,1.1,0.0,0.0,0.10303137904317879,0.9946781061893646,1,Illinois,-0.19333333333333474,0.36,1.2100000000000002,0.03737777777777832,-0.11600000000000084,0.0,0.045300637569917694,0.0196597805960588
2023-01-07,0.6,-2.8,0.0,-0.32388888888889,-1.0999999999999999,0.0,0.6,0.0,0.0,0.1201261651823505,0.9927586335250793,1,Illinois,-0.32388888888889,0.36,0.36,0.10490401234567974,-0.194333333333334,0.0,0.04505645159532955,0.019608719171901684
2023-01-08,1.7,-3.3,0.0,0.05749999999999823,-0.7999999999999999,0.0,0.6,0.0,0.0,0.13718540405660057,0.9905453876091833,1,Illinois,0.05749999999999823,2.8899999999999997,0.36,0.0033062499999997968,0.09774999999999699,0.0,0.045036249928971865,0.02204670159692369
2023-01-09,6.7,-3.9,0.0,5.819999999999999,1.4000000000000001,0.0,1.7,0.0,0.0,0.1542040475626894,0.988039023376751,1,Illinois,5.819999999999999,44.89,2.8899999999999997,33.87239999999999,38.994,0.0,0.04559267495124868,0.028902664493265465
2023-01-10,9.4,2.2,0.0,8.66805555555556,5.800000000000001,0.0,6.7,0.0,0.0,0.17117705961019986,0.985240282501282,1,Illinois,8.66805555555556,88.36000000000001,44.89,75.1351871141976,81.47972222222226,0.0,0.05253483168691315,0.03133880860945077
2023-01-11,11.7,3.3,0.0,11.083055555555555,7.5,0.0,9.4,0.0,0.0,0.18809941761179758,0.9821499931752291,1,Illinois,11.083055555555555,136.89,88.36000000000001,122.83412044753085,129.67174999999997,0.0,0.0600338599826823,0.03852110182921183
2023-01-12,7.2,1.7,0.0,8.903055555555556,4.45,0.0,11.7,0.0,0.0,0.20496611396949532,0.9787690698649216,1,Illinois,8.903055555555556,51.84,136.89,79.26439822530864,64.102,0.0,0.06938399789225717,0.021604545192790866
2023-01-13,1.7,-2.8,0.0,2.328333333333335,-0.5499999999999999,0.0,7.2,0.0,0.0,0.22177215755648186,0.975098513039961,1,Illinois,2.328333333333335,2.8899999999999997,51.84,5.421136111111118,3.9581666666666693,0.0,0.05362367532070101,0.017116618767206247
2023-01-14,-0.6,-4.4,0.0,-1.7797222222222213,-2.5,0.0,1.7,0.0,0.0,0.23851257519407648,0.9711394088771653,1,Illinois,-1.7797222222222213,0.36,2.8899999999999997,3.167411188271602,1.0678333333333327,0.0,0.045495726454826975,0.019713400514781765
2023-01-15,6.1,-3.3,0.0,4.5474999999999985,1.4,0.0,-0.6,0.0,0.0,0.2551824131233728,0.9668929289391521,1,Illinois,4.5474999999999985,37.209999999999994,0.36,20.679756249999986,27.73974999999999,0.0,0.04462354139649417,0.029176688516377777
2023-01-16,11.1,4.4,4.3,6.801944444444447,7.75,1.0,6.1,0.0,0.0,0.2717767384711357,0.9623603298276545,1,Illinois,6.801944444444447,123.21,37.209999999999994,46.26644822530868,75.50158333333336,0.0,0.05114415522442508,0.04360425912759084
2023-01-17,10.0,2.8,0.0,10.805555555555552,6.4,0.0,11.1,0.0,0.0,0.2882906407095177,0.9575429528116719,1,Illinois,10.805555555555552,100.0,123.21,116.76003086419745,108.05555555555551,0.0,0.06648874401062407,0.029944410643488392
2023-01-18,3.9,2.2,8.9,3.1150000000000038,3.05,1.0,10.0,0.0,0.0,0.3047192331091634,0.9524422234305676,1,Illinois,3.1150000000000038,15.209999999999999,100.0,9.703225000000023,12.148500000000015,0.0,0.06200445235505512,0.019722038451162823
2023-01-19,5.6,1.1,4.3,5.069722222222223,3.3499999999999996,1.0,3.9,0.0,0.0,0.321057654185271,0.9470596510722283,1,Illinois,5.069722222222223,31.359999999999996,15.209999999999999,25.702083410493838,28.390444444444448,0.0,0.0475222764937134,0.023911925891425025
2023-01-20,1.7,-1.1,0.0,2.2211111111111097,0.29999999999999993,0.0,5.6,0.0,0.0,0.3373010691361842,0.9413968285264122,1,Illinois,2.2211111111111097,2.8899999999999997,31.359999999999996,4.933334567901229,3.775888888888886,0.0,0.050116096167579484,0.017047071538461963
2023-01-21,0.0,-2.2,0.0,-1.0713888888888887,-1.1,0.0,1.7,0.0,0.0,0.3534446712740877,0.9354554315134164,1,Illinois,-1.0713888888888887,0.0,2.8899999999999997,1.1478741512345676,-0.0,0.0,0.04537227654860824,0.01913524308177947
2023-01-22,1.1,-1.7,0.8,0.29249999999999926,-0.29999999999999993,1.0,0.0,0.0,0.0,0.3694836834473831,0.9292372181882051,1,Illinois,0.29249999999999926,1.2100000000000002,0.0,0.08555624999999957,0.3217499999999992,0.0,0.04459869108056463,0.020339927269236235
2023-01-23,0.0,-5.6,0.0,-0.8624999999999992,-2.8,0.0,1.1,0.0,0.0,0.38541335945432564,0.9227440286201427,1,Illinois,-0.8624999999999992,0.0,1.2100000000000002,0.7439062499999985,-0.0,0.0,0.04498882773715943,0.020140616239124953
2023-01-24,2.8,-2.2,0.0,1.8424999999999987,0.2999999999999998,0.0,0.0,0.0,0.0,0.4012289854475009,0.9159777842484877,1,Illinois,1.8424999999999987,7.839999999999999,0.0,3.3948062499999954,5.158999999999996,0.0,0.044567437339846354,0.021916417915561728
2023-01-25,1.7,-0.6,7.1,0.75277777777778,0.55,1.0,2.8,0.0,0.0,0.4169258813287287,0.908940487313808,1,Illinois,0.75277777777778,2.8899999999999997,7.839999999999999,0.5666743827160527,1.279722222222226,0.0,0.046197685610295164,0.020063821032595002
2023-01-26,0.0,-9.4,1.0,-0.14111111111111185,-4.7,1.0,1.7,0.0,0.0,0.4324994021339788,0.901634220265486,1,Illinois,-0.14111111111111185,0.0,2.8899999999999997,0.019912345679012556,-0.0,0.0,0.04529369642582352,0.02078466368492311
2023-01-27,2.8,-10.0,0.8,1.3691666666666673,-3.6,1.0,0.0,0.0,0.0,0.44794493940789115,0.8940611451454876,1,Illinois,1.3691666666666673,7.839999999999999,0.0,1.8746173611111128,3.833666666666668,0.0,0.044523049484219986,0.027021008939110934
2023-01-28,-0.6,-6.7,1.5,0.7136111111111119,-3.65,1.0,2.8,0.0,0.0,0.4632579225674917,0.88622350294858,1,Illinois,0.7136111111111119,0.36,7.839999999999999,0.5092408179012357,-0.4281666666666671,0.0,0.04615274892653665,0.016847574296313665
2023-01-29,-0.6,-7.8,1.0,-1.4402777777777764,-4.2,1.0,-0.6,0.0,0.0,0.4784338202547012,0.8781236129591848,1,Illinois,-1.4402777777777764,0.36,0.36,2.07440007716049,0.8641666666666659,0.0,0.044401172437250065,0.02146034010770278
2023-01-30,-7.2,-14.4,0.0,-5.179444444444442,-10.8,0.0,-0.6,0.0,0.0,0.49346814167723735,0.8697638720650646,1,Illinois,-5.179444444444442,51.84,0.36,26.8266447530864,37.29199999999999,0.0,0.044387783095124256,0.01601465733190715
2023-01-31,-10.0,-16.1,0.0,-12.553888888888885,-13.05,0.0,-7.2,0.0,0.0,0.5083564379375122,0.8611467540480452,1,Illinois,-12.553888888888885,100.0,51.84,157.6001262345678,125.53888888888885,0.0,0.049458172623767505,0.033684789339918114
2023-02-01,-2.2,-14.4,0.0,-3.7600000000000002,-8.3,0.0,-10.0,0.0,0.0,0.5230943033491326,0.8522748088519838,2,Illinois,-3.7600000000000002,4.840000000000001,100.0,14.137600000000003,8.272000000000002,0.0,0.055671821252465704,0.02675781795970742
2023-02-02,1.1,-11.1,0.0,-0.1383333333333366,-5.0,0.0,-2.2,0.0,0.0,0.5376773767406141,0.8431506618282,2,Illinois,-0.1383333333333366,1.2100000000000002,4.840000000000001,0.01913611111111202,-0.15216666666667028,0.0,0.04453316400270312,0.02469140605873637
2023-02-03,-11.1,-17.2,0.0,-4.220277777777778,-14.149999999999999,0.0,1.1,0.0,0.0,0.5521013427459208,0.8337770129585915,2,Illinois,-4.220277777777778,123.21,1.2100000000000002,17.810744521604935,46.84508333333333,0.0,0.04483624030462604,0.00977269610120118
2023-02-04,6.1,-11.1,0.0,4.599722222222222,-2.5,0.0,-11.1,0.0,0.0,0.5663619330814524,0.8241566360566663,2,Illinois,4.599722222222222,37.209999999999994,123.21,21.157444521604933,28.058305555555553,0.0,0.05896817124410318,0.03717939971498291
2023-02-05,6.1,-1.7,0.0,5.176944444444448,2.1999999999999997,0.0,6.1,0.0,0.0,0.580454927809098,0.8142923779467267,2,Illinois,5.176944444444448,37.209999999999994,37.209999999999994,26.800753780864234,31.579361111111133,0.0,0.05081195632079915,0.024989110563573003
2023-02-06,8.3,-5.0,0.0,5.728611111111112,1.6500000000000004,0.0,6.1,0.0,0.0,0.5943761565849831,0.804187157621448,2,Illinois,5.728611111111112,68.89000000000001,37.209999999999994,32.81698526234569,47.54747222222223,0.0,0.050799563133228205,0.03495142603575792
2023-02-07,10.0,-1.1,0.0,9.258888888888887,4.45,0.0,8.3,0.0,0.0,0.6081214998935418,0.7938439653781019,2,Illinois,9.258888888888887,100.0,68.89000000000001,85.72702345679008,92.58888888888887,0.0,0.056066602265782424,0.03439600069782457
2023-02-08,6.1,-3.9,0.0,5.098611111111116,1.0999999999999999,0.0,10.0,0.0,0.0,0.6216868902665479,0.7832658619336791,2,Illinois,5.098611111111116,37.209999999999994,100.0,25.99583526234573,31.101527777777804,0.0,0.061608382293935254,0.024909617637647676
2023-02-09,8.3,2.2,29.7,7.431944444444444,5.25,1.0,6.1,0.0,0.0,0.6350683134867438,0.7724559775191742,2,Illinois,7.431944444444444,68.89000000000001,37.209999999999994,55.23379822530863,61.685138888888886,0.0,0.05076497817993218,0.028745204634734355
2023-02-10,4.4,-3.3,0.0,2.5144444444444463,0.5500000000000003,0.0,8.3,0.0,0.0,0.6482618097757122,0.7614175109532997,2,Illinois,2.5144444444444463,19.360000000000003,68.89000000000001,6.32243086419754,11.063555555555565,0.0,0.056029961389322445,0.023416490617186304
2023-02-11,8.3,-5.0,0.0,7.082222222222221,1.6500000000000004,0.0,4.4,0.0,0.0,0.6612634749656386,0.7501537286959042,2,Illinois,7.082222222222221,68.89000000000001,19.360000000000003,50.15787160493825,58.78244444444444,0.0,0.04787456803998694,0.03284949911179852
2023-02-12,11.1,-2.2,0.0,10.087499999999999,4.449999999999999,0.0,8.3,0.0,0.0,0.6740694616546161,0.7386679638813748,2,Illinois,10.087499999999999,123.21,68.89000000000001,101.75765624999997,111.97124999999998,0.0,0.05600796511327964,0.03960578318036532
2023-02-13,11.7,1.1,0.0,10.087499999999999,6.3999999999999995,0.0,11.1,0.0,0.0,0.6866759803451553,0.726963615332308,2,Illinois,10.087499999999999,136.89,123.21,101.75765624999997,118.02374999999998,0.0,0.06597364481746519,0.039440218385795214
2023-02-14,12.2,2.2,3.6,11.529722222222224,7.199999999999999,1.0,11.7,0.0,0.0,0.6990793005655562,0.7150441465537444,2,Illinois,11.529722222222224,148.83999999999997,136.89,132.934494521605,140.66261111111112,0.0,0.06869671760879424,0.04071431322886203
2023-02-15,11.7,2.2,4.6,11.529722222222224,6.949999999999999,1.0,12.2,0.0,0.0,0.7112757519738152,0.7029130847082615,2,Illinois,11.529722222222224,136.89,148.83999999999997,132.934494521605,134.89775,0.0,0.07115435988383981,0.03742598080524015
2023-02-16,2.2,-3.9,10.7,3.0627777777777805,-0.8499999999999999,1.0,11.7,0.0,0.0,0.7232617254437388,0.6905740195722293,2,Illinois,3.0627777777777805,4.840000000000001,136.89,9.380607716049399,6.738111111111118,0.0,0.06867473135654921,0.016656960618675214
2023-02-17,-2.8,-7.2,0.0,-0.8233333333333329,-5.0,0.0,2.2,0.0,0.0,0.7350336741329413,0.6780306024735382,2,Illinois,-0.8233333333333329,7.839999999999999,4.840000000000001,0.6778777777777771,2.305333333333332,0.0,0.045418193418455405,0.013884869476215084
2023-02-18,7.8,-4.4,0.0,6.883611111111109,1.6999999999999997,0.0,-2.8,0.0,0.0,0.746588114532413,0.6652865452111116,2,Illinois,6.883611111111109,60.839999999999996,7.839999999999999,47.38410192901232,53.69216666666665,0.0,0.04461882226385308,0.03237021766018052
2023-02-19,11.7,3.9,0.0,10.257222222222218,7.8,0.0,7.8,0.0,0.0,0.7579216274973472,0.6523456189565257,2,Illinois,10.257222222222218,136.89,60.839999999999996,105.2106077160493,120.00949999999995,0.0,0.054576211238925,0.037889701112632415
2023-02-20,7.8,-1.1,0.0,8.038611111111114,3.3499999999999996,0.0,11.7,0.0,0.0,0.7690308592589181,0.6392116531380588,2,Illinois,8.038611111111114,60.839999999999996,136.89,64.61926859567906,62.701166666666694,0.0,0.06863814772583082,0.02443726011850042
2023-02-21,5.0,-3.9,0.0,5.242222222222226,0.55,0.0,7.8,0.0,0.0,0.7799125224167177,0.6258885343075018,2,Illinois,5.242222222222226,25.0,60.839999999999996,27.480893827160536,26.21111111111113,0.0,0.05456355804730874,0.020937490918278453
2023-02-22,2.2,1.1,25.9,0.9616666666666676,1.6500000000000001,1.0,5.0,0.0,0.0,0.7905633969115482,0.612380204990065,2,Illinois,0.9616666666666676,4.840000000000001,25.0,0.9248027777777795,2.1156666666666686,0.0,0.04870026838614969,0.018695632354063737
2023-02-23,6.1,-5.0,0.0,4.4397222222222235,0.5499999999999998,0.0,2.2,0.0,0.0,0.8009803309782905,0.5986906625177214,2,Illinois,4.4397222222222235,37.209999999999994,4.840000000000001,19.711133410493836,27.08230555555556,0.0,0.045386484350194815,0.027511143526938116
2023-02-24,-2.2,-7.8,1.3,-1.8058333333333307,-5.0,1.0,6.1,0.0,0.0,0.8111602420785621,0.5848239578463322,2,Illinois,-1.8058333333333307,4.840000000000001,37.209999999999994,3.2610340277777685,3.972833333333328,0.0,0.05065273816513323,0.015911898559117645
2023-02-25,3.3,-2.8,0.0,2.2369444444444437,0.25,0.0,-2.2,0.0,0.0,0.8211001178128892,0.5707841943569036,2,Illinois,2.2369444444444437,10.889999999999999,4.840000000000001,5.003920447530861,7.381916666666664,0.0,0.04435509144381158,0.02185891987033288
2023-02-26,10.0,-2.2,0.0,9.063055555555557,3.9,0.0,3.3,0.0,0.0,0.8307970168121247,0.5565755266413303,2,Illinois,9.063055555555557,100.0,10.889999999999999,82.13897600308646,90.63055555555557,0.0,0.04640782960299115,0.035201247612602
2023-02-27,15.0,3.9,23.6,14.126944444444444,9.45,1.0,10.0,0.0,0.0,0.8402480696078469,0.5422021592729844,2,Illinois,14.126944444444444,225.0,100.0,199.57055933641973,211.90416666666667,0.0,0.06144752818618673,0.055992704179700765
2023-02-28,10.6,2.8,0.5,9.180555555555559,6.699999999999999,1.0,15.0,0.0,0.0,0.8494504794814806,0.527668345562516,2,Illinois,9.180555555555559,112.36,225.0,84.28260030864203,97.31388888888893,0.0,0.08872831468621702,0.031425902232818735
2023-03-01,13.9,2.8,1.8,13.288611111111111,8.35,1.0,10.6,0.0,0.0,0.8584015232918917,0.512978386299228,3,Illinois,13.288611111111111,193.21,112.36,176.58718526234568,184.71169444444445,0.0,0.06376355343135924,0.04809666419241385
2023-03-02,3.9,1.1,0.0,10.426944444444441,2.5,0.0,13.9,0.0,0.0,0.8670985522812081,0.4981366284784055,3,Illinois,10.426944444444441,15.209999999999999,193.21,108.7211704475308,40.66508333333332,0.0,0.0809162955768993,0.011368866284810347
2023-03-03,3.9,0.0,0.8,2.4849999999999994,1.95,1.0,3.9,0.0,0.0,0.8755389928586302,0.4831474640149687,3,Illinois,2.4849999999999994,15.209999999999999,15.209999999999999,6.1752249999999975,9.691499999999998,0.0,0.04710427375650715,0.020742563102511442
2023-03-04,10.0,-2.2,0.3,8.66805555555556,3.9,1.0,3.9,0.0,0.0,0.8837203473619977,0.4680153284438345,3,Illinois,8.66805555555556,100.0,15.209999999999999,75.1351871141976,86.6805555555556,0.0,0.04710383561568898,0.03569545178969125
2023-03-05,9.4,-1.1,0.8,8.103888888888891,4.15,1.0,10.0,0.0,0.0,0.8916401947968874,0.45274469960737107,3,Illinois,8.103888888888891,88.36000000000001,100.0,65.67301512345682,76.17655555555558,0.0,0.061438973315577045,0.03057399814295616
2023-03-06,13.3,3.3,4.3,11.803888888888888,8.3,1.0,9.4,0.0,0.0,0.8992961915530253,0.4373400963303323,3,Illinois,11.803888888888888,176.89000000000001,88.36000000000001,139.33179290123456,156.99172222222222,0.0,0.059318110159067364,0.04449441449776633
2023-03-07,6.7,2.2,0.0,6.501666666666669,4.45,0.0,13.3,0.0,0.0,0.9066860720977985,0.4218060770826634,3,Illinois,6.501666666666669,44.89,176.89000000000001,42.27166944444447,43.56116666666668,0.0,0.07715544391113495,0.019556001025472156
2023-03-08,7.8,2.2,0.0,5.519722222222224,5.0,0.0,6.7,0.0,0.0,0.9138076496466615,0.4061472386305789,3,Illinois,5.519722222222224,60.839999999999996,44.89,30.46733341049385,43.05383333333335,0.0,0.05188635723484052,0.025747077097311014
2023-03-09,5.0,0.6,5.3,3.995833333333331,2.8,1.0,7.8,0.0,0.0,0.9206588168102428,0.3903682146763026,3,Illinois,3.995833333333331,25.0,60.839999999999996,15.966684027777758,19.979166666666654,0.0,0.054535165026323655,0.019994312774332505
2023-03-10,2.8,0.6,1.8,3.6008333333333318,1.7,1.0,5.0,0.0,0.0,0.9272375462179537,0.374473674486883,3,Illinois,3.6008333333333318,7.839999999999999,25.0,12.966000694444434,10.08233333333333,0.0,0.048682128251468094,0.015677308348361285
2023-03-11,3.9,0.6,4.6,2.958333333333335,2.25,1.0,2.8,0.0,0.0,0.9335418911179212,0.35846832151248087,3,Illinois,2.958333333333335,15.209999999999999,7.839999999999999,8.75173611111112,11.537500000000005,0.0,0.045897997339315835,0.01931869887035686
2023-03-12,2.8,-1.1,1.5,2.1297222222222225,0.8499999999999999,1.0,3.9,0.0,0.0,0.9395699859530622,0.342356891994542,3,Illinois,2.1297222222222225,7.839999999999999,15.209999999999999,4.5357167438271615,5.963222222222223,0.0,0.04711623316475157,0.01798409450232897
2023-03-13,0.6,-3.3,0.8,0.75277777777778,-1.3499999999999999,1.0,2.8,0.0,0.0,0.945320046913132,0.3261441535642696,3,Illinois,0.75277777777778,0.36,7.839999999999999,0.5666743827160527,0.451666666666668,0.0,0.04590445399497848,0.015814825559031034
2023-03-14,3.3,-5.6,0.0,1.5683333333333296,-1.15,0.0,0.6,0.0,0.0,0.9507903724625832,0.3098349038318025,3,Illinois,1.5683333333333296,10.889999999999999,0.36,2.4596694444444327,5.175499999999987,0.0,0.04445547763844683,0.021651928106094055
2023-03-15,10.0,-3.9,0.0,9.102222222222222,3.05,0.0,3.3,0.0,0.0,0.9559793438440766,0.2934339689665273,3,Illinois,9.102222222222222,100.0,10.889999999999999,82.85044938271605,91.02222222222223,0.0,0.04642266032846032,0.033448804000206056
2023-03-16,11.1,5.6,6.4,8.472222222222221,8.35,1.0,10.0,0.0,0.0,0.9608854255574977,0.27694620226893646,3,Illinois,8.472222222222221,123.21,100.0,71.77854938271604,94.04166666666666,0.0,0.061476722595364006,0.032255356192973504
2023-03-17,11.1,-5.0,2.0,10.35888888888889,3.05,1.0,11.1,0.0,0.0,0.9655071658143364,0.2603764827344581,3,Illinois,10.35888888888889,123.21,123.21,107.3065790123457,114.98366666666668,0.0,0.06590602229956392,0.03597551802218065
2023-03-18,-3.3,-10.6,0.0,-1.8449999999999989,-6.949999999999999,0.0,11.1,0.0,0.0,0.969843196967294,0.24372971360968387,3,Illinois,-1.8449999999999989,10.889999999999999,123.21,3.404024999999996,6.088499999999996,0.0,0.06591393237654088,0.012183688512307144
2023-03-19,5.0,-7.2,0.0,3.0786111111111105,-1.1,0.0,-3.3,0.0,0.0,0.9738922359149924,0.22701082094141847,3,Illinois,3.0786111111111105,25.0,10.889999999999999,9.477846373456787,15.393055555555552,0.0,0.0448814704478281,0.025476841266678735
2023-03-20,11.1,-2.2,0.0,9.54944444444444,4.449999999999999,0.0,5.0,0.0,0.0,0.9776530844816641,0.2102247521189836,3,Illinois,9.54944444444444,123.21,25.0,91.19188919753077,105.99883333333328,0.0,0.04872982144195114,0.03580202054717249
2023-03-21,13.3,2.8,0.0,11.360000000000005,8.05,0.0,11.1,0.0,0.0,0.981124629771712,0.19337647441020586,3,Illinois,11.360000000000005,176.89000000000001,123.21,129.0496000000001,151.08800000000008,0.0,0.06594123937200809,0.039990047672318715
2023-03-22,11.7,5.0,2.8,10.58361111111111,8.35,1.0,13.3,0.0,0.0,0.984305844499033,0.17647097349152166,3,Illinois,10.58361111111111,136.89,176.89000000000001,112.01282415123457,123.82824999999998,0.0,0.07726186819529743,0.030814681223861225
2023-03-23,9.4,2.8,8.1,9.164166666666667,6.1,1.0,11.7,0.0,0.0,0.9871957872910085,0.15951325197263655,3,Illinois,9.164166666666667,88.36000000000001,136.89,83.98195069444444,86.14316666666667,0.0,0.06869692857896523,0.024250800232363704
2023-03-24,7.2,2.8,0.5,6.371111111111113,5.0,1.0,9.4,0.0,0.0,0.9897936029670716,0.14250832791617088,3,Illinois,6.371111111111113,51.84,88.36000000000001,40.59105679012348,45.872000000000014,0.0,0.05942193202668252,0.020485899446933437
2023-03-25,7.2,1.7,11.9,6.136111111111112,4.45,1.0,7.2,0.0,0.0,0.992098522791769,0.12546123335273648,3,Illinois,6.136111111111112,51.84,51.84,37.65185956790125,44.18000000000001,0.0,0.05312991749062578,0.02155878391856433
2023-03-26,8.9,1.1,7.9,6.909722222222222,5.0,1.0,7.2,0.0,0.0,0.9941098647022418,0.10837701279187609,3,Illinois,6.909722222222222,79.21000000000001,51.84,47.74426118827161,61.49652777777778,0.0,0.05314014047322385,0.026532333697597863
2023-03-27,8.3,0.0,0.0,6.909722222222222,4.15,0.0,8.9,0.0,0.0,0.9958270335100595,0.09126072172931188,3,Illinois,6.909722222222222,68.89000000000001,79.21000000000001,47.74426118827161,57.35069444444445,0.0,0.057826509462202295,0.023510278011523774
2023-03-28,11.1,-1.1,0.0,10.218055555555555,5.0,0.0,8.3,0.0,0.0,0.9972495210773451,0.07411742515094437,3,Illinois,10.218055555555555,123.21,68.89000000000001,104.40865933641975,113.42041666666665,0.0,0.05604190966806648,0.03151862548775016
2023-03-29,6.1,-1.1,0.0,8.446111111111113,2.5,0.0,11.1,0.0,0.0,0.998376906467142,0.056952196034039754,3,Illinois,8.446111111111113,37.209999999999994,123.21,71.3367929012346,51.52127777777779,0.0,0.06603980602601627,0.01570401363848497
2023-03-30,14.4,-2.8,0.0,12.003055555555555,5.800000000000001,0.0,6.1,0.0,0.0,0.9992088560679753,0.03977011384605572,3,Illinois,12.003055555555555,207.36,37.209999999999994,144.0733426697531,172.844,0.0,0.050787813785494976,0.05165371946908158
2023-03-31,21.1,10.0,10.7,20.519444444444446,15.55,1.0,14.4,0.0,0.0,0.9997451236925734,0.022576263041545485,3,Illinois,20.519444444444446,445.21000000000004,207.36,421.047600308642,432.96027777777783,0.0,0.08457686139896824,0.10877029505822193
2023-04-01,10.0,1.7,2.3,18.96944444444444,5.85,1.0,21.1,0.0,0.0,0.9999855506507186,0.005375731557583884,4,Illinois,18.96944444444444,100.0,445.21000000000004,359.83982253086407,189.6944444444444,0.0,0.16521657322796415,0.01877911885356371
2023-04-02,13.3,0.0,0.0,12.632499999999997,6.65,0.0,10.0,0.0,0.0,0.9999300657962057,-0.011826390691832589,4,Illinois,12.632499999999997,176.89000000000001,100.0,159.58005624999993,168.01224999999997,0.0,0.061667457170628576,0.038371365201642235
2023-04-03,16.1,7.2,1.0,15.376666666666669,11.65,1.0,13.3,0.0,0.0,0.9995786855478958,-0.029025013321975237,4,Illinois,15.376666666666669,259.21000000000004,176.89000000000001,236.44187777777785,247.5643333333334,0.0,0.0774579641921627,0.04943479504478966
2023-04-04,22.2,7.2,9.9,13.08944444444444,14.7,1.0,16.1,0.0,0.0,0.9989315138848577,-0.046215046983708354,4,Illinois,13.08944444444444,492.84,259.21000000000004,171.33355586419742,290.58566666666655,0.0,0.09829065044347056,0.12995379433178755
2023-04-05,22.8,3.9,4.3,22.855555555555565,13.35,1.0,22.2,0.0,0.0,0.9979887423155984,-0.06339140486951038,4,Illinois,22.855555555555565,519.84,492.84,522.3764197530868,521.1066666666669,0.0,0.18818192895607352,0.15025952586049757
2023-04-06,12.2,0.6,0.0,10.743611111111115,6.3999999999999995,0.0,22.8,0.0,0.0,0.9967506498213929,-0.08054900421874167,4,Illinois,10.743611111111115,148.83999999999997,519.84,115.4251797067902,131.07205555555558,0.0,0.2023657423661086,0.02859839213832248
2023-04-07,9.4,3.3,0.0,9.614722222222222,6.35,0.0,12.2,0.0,0.0,0.9952176027737294,-0.09768276782171598,4,Illinois,9.614722222222222,88.36000000000001,148.83999999999997,92.44288341049382,90.37838888888889,0.0,0.07141512297461955,0.020715412704145775
2023-04-08,17.8,3.3,0.0,16.38805555555555,10.55,0.0,9.4,0.0,0.0,0.9933900548258936,-0.11478762552212701,4,Illinois,16.38805555555555,316.84000000000003,88.36000000000001,268.56836489197514,291.7073888888888,0.0,0.059638377288878226,0.06797105391335542
2023-04-09,20.0,6.7,0.0,19.288888888888888,13.35,0.0,17.8,0.0,0.0,0.9912685467787256,-0.13185851571739118,4,Illinois,19.288888888888888,400.0,316.84000000000003,372.0612345679012,385.77777777777777,0.0,0.11593553435282004,0.08398360779240606
2023-04-10,21.7,8.9,0.0,21.08694444444445,15.3,0.0,20.0,0.0,0.0,0.9888537064205885,-0.1488903868564548,4,Illinois,21.08694444444445,470.89,400.0,444.6592260030866,457.5866944444445,0.0,0.1462787964527764,0.10659975780578243
2023-04-11,26.7,11.1,0.0,25.837500000000002,18.9,0.0,21.7,0.0,0.0,0.986146248341595,-0.16587819893463143,4,Illinois,25.837500000000002,712.89,470.89,667.5764062500001,689.86125,0.0,0.17765219919462014,0.2607770830564196
2023-04-12,28.3,15.0,0.0,27.005000477135567,21.65,0.0,26.7,0.0,0.0,0.9831469737221499,-0.1828169249850199,4,Illinois,27.005000477135567,800.89,712.89,729.2700507700922,764.2415135029365,0.00020835321398197473,0.3334448518776594,0.31404352212088626
2023-04-13,28.9,13.3,0.0,27.005000477135567,21.1,0.0,28.3,0.0,0.0,0.9798567700958665,-0.1997015525660636,4,Illinois,27.005000477135567,835.2099999999999,800.89,729.2700507700922,780.4445137892178,0.00020835321398197473,0.4126900904381044,0.34704675126225526
2023-04-14,28.9,13.3,0.0,27.068432814157852,21.1,0.0,28.9,0.0,0.0,0.9762766110869321,-0.21652708524481437,4,Illinois,27.068432814157852,835.2099999999999,835.2099999999999,732.7000550145775,782.2777083291619,0.0028513672565771606,0.4472863824999319,0.34421235363155467
2023-04-15,28.3,17.8,2.5,26.762939877617825,23.05,1.0,28.9,0.0,0.0,0.9724075561219968,-0.23328854407545518,4,Illinois,26.762939877617825,800.89,835.2099999999999,716.2549508929864,757.3911985365845,0.0,0.44741434043465494,0.2948168643913799
2023-04-16,17.8,1.7,2.8,25.41694444444444,9.75,1.0,28.3,0.0,0.0,0.9682507501166718,-0.2499809690726521,4,Illinois,25.41694444444444,316.84000000000003,800.89,646.021064891975,452.421611111111,0.0,0.41305157412340177,0.06249687570201611
2023-04-17,4.4,0.0,0.5,4.191666666666667,2.2,1.0,17.8,0.0,0.0,0.9638074231367307,-0.26659942067929354,4,Illinois,4.191666666666667,19.360000000000003,316.84000000000003,17.57006944444445,18.44333333333334,0.0,0.11624331014358852,0.012986355236059857
2023-04-18,15.0,0.6,0.0,13.578611111111114,7.8,0.0,4.4,0.0,0.0,0.9590788900341131,-0.28313898122818354,4,Illinois,13.578611111111114,225.0,19.360000000000003,184.3786797067902,203.6791666666667,0.0,0.04819673169786071,0.046464846421702746
2023-04-19,22.2,6.7,3.8,20.600555555555566,14.45,1.0,15.0,0.0,0.0,0.9540665500578387,-0.2995947563972602,4,Illinois,20.600555555555566,492.84,225.0,424.3828891975313,457.33233333333357,0.0,0.08952654520328067,0.12241049580470444
2023-04-20,27.2,9.4,5.3,26.59805555555556,18.3,1.0,22.2,0.0,0.0,0.9487718864399473,-0.31596187665790293,4,Illinois,26.59805555555556,739.8399999999999,492.84,707.45655933642,723.4671111111112,0.0,0.1890744986755782,0.2893583149243454
2023-04-21,17.2,7.2,0.0,23.775555555555552,12.2,0.0,27.2,0.0,0.0,0.9431964659565866,-0.33223549871590435,4,Illinois,23.775555555555552,295.84,739.8399999999999,565.2770419753085,408.9395555555555,0.0,0.3572926482904391,0.046449555204012276
2023-04-22,8.3,3.3,0.5,13.617777777777778,5.800000000000001,1.0,17.2,0.0,0.0,0.9373419384643772,-0.3484108069446808,4,Illinois,13.617777777777778,68.89000000000001,295.84,185.4438716049383,113.02755555555557,0.0,0.1097491368997848,0.013675476183979718
2023-04-23,5.6,2.2,0.0,5.2161111111111165,3.9,0.0,8.3,0.0,0.0,0.9312100364121947,-0.3644830148102912,4,Illinois,5.2161111111111165,31.359999999999996,68.89000000000001,27.207815123456847,29.21022222222225,0.0,0.05650509000287892,0.014248388105008083
2023-04-24,12.2,1.7,0.0,10.730555555555554,6.949999999999999,0.0,5.6,0.0,0.0,0.9248025743285089,-0.38044736628785164,4,Illinois,10.730555555555554,148.83999999999997,31.359999999999996,115.14482253086418,130.91277777777776,0.0,0.05025481929656977,0.02997419571342972
2023-04-25,8.9,1.1,3.6,8.39388888888889,5.0,1.0,12.2,0.0,0.0,0.9181214482844364,-0.39629913726891813,4,Illinois,8.39388888888889,79.21000000000001,148.83999999999997,70.45737067901237,74.70561111111112,0.0,0.07187772233207673,0.019265199842152587
2023-04-26,10.0,1.1,0.0,8.498333333333331,5.55,0.0,8.9,0.0,0.0,0.9111686353326631,-0.41203363695942635,4,Illinois,8.498333333333331,100.0,79.21000000000001,72.22166944444442,84.98333333333332,0.0,0.058389299668314666,0.022506614597877627
2023-04-27,19.4,3.3,0.0,18.173055555555557,11.35,0.0,10.0,0.0,0.0,0.9039461929224011,-0.42764620926777464,4,Illinois,18.173055555555557,376.35999999999996,100.0,330.2599482253087,352.55727777777776,0.0,0.062207253817268736,0.07754628831278024
2023-04-28,16.1,8.3,0.0,14.929999999999998,12.200000000000001,0.0,19.4,0.0,0.0,0.8964562582905575,-0.44313223418263453,4,Illinois,14.929999999999998,259.21000000000004,376.35999999999996,222.90489999999994,240.373,0.0,0.13791040392356999,0.03749763039968025
2023-04-29,15.0,5.6,2.5,14.22166666666667,10.3,1.0,16.1,0.0,0.0,0.8887010478292915,-0.45848712914008766,4,Illinois,14.22166666666667,225.0,259.21000000000004,202.25580277777786,213.32500000000005,0.0,0.09916947794033824,0.035401114961554986
2023-04-30,10.0,4.4,2.5,12.055277777777778,7.2,1.0,15.0,0.0,0.0,0.8806828564301475,-0.47370635037968,4,Illinois,12.055277777777778,100.0,225.0,145.32972229938272,120.55277777777778,0.0,0.08993175667957624,0.017530805662095965
2023-05-01,10.0,5.0,2.5,7.78722222222222,7.5,1.0,10.0,0.0,0.0,0.8724040568049612,-0.48878539428899265,5,Illinois,7.78722222222222,100.0,100.0,60.64082993827157,77.8722222222222,0.0,0.06231736132915533,0.021262204840380258
2023-05-02,12.8,6.1,0.0,12.029166666666669,9.45,0.0,10.0,0.0,0.0,0.8638670987837349,-0.503719798736334,5,Illinois,12.029166666666669,163.84000000000003,100.0,144.70085069444448,153.97333333333336,0.0,0.06234573616506095,0.026376938828841057
2023-05-03,13.9,5.0,0.0,12.580277777777773,9.45,0.0,12.8,0.0,0.0,0.8550745085896932,-0.518505144391157,5,Illinois,12.580277777777773,193.21,163.84000000000003,158.26338896604926,174.86586111111106,0.0,0.07538355046457774,0.030382334158890207
2023-05-04,22.8,5.0,0.0,21.690277777777773,13.9,0.0,13.9,0.0,0.0,0.8460288880917339,-0.533137056031809,5,Illinois,21.690277777777773,519.84,193.21,470.46815007716026,494.53833333333324,0.0,0.08217216331826073,0.1270414021038021
2023-05-05,26.1,13.3,0.0,25.208055555555557,19.700000000000003,0.0,22.8,0.0,0.0,0.8367329140344921,-0.5476112038402312,5,Illinois,25.208055555555557,681.21,519.84,635.4460648919754,657.9302500000001,0.0,0.20449800441186458,0.19183273790872696
2023-05-06,26.1,15.6,0.0,26.02027777777778,20.85,0.0,26.1,0.0,0.0,0.8271893372462497,-0.5619233046832195,5,Illinois,26.02027777777778,681.21,681.21,677.0548556327161,679.1292500000001,0.0,0.31080545489636885,0.18274998486681507
2023-05-07,29.4,15.6,1.8,29.083513312415594,22.5,1.0,26.1,0.0,0.0,0.8174009818249189,-0.5760691233798758,5,Illinois,29.083513312415594,864.3599999999999,681.21,845.850746593455,855.0552913850184,0.08681305468398308,0.31093645397199077,0.3624619485641997
2023-05-08,20.0,10.6,1.5,19.745833333333326,15.3,1.0,29.4,0.0,0.0,0.8073707443023492,-0.5900444739548627,5,Illinois,19.745833333333326,400.0,864.3599999999999,389.8979340277775,394.9166666666665,0.0,0.4820658403098039,0.05935343760289375
2023-05-09,21.1,9.4,0.0,20.179999999999993,15.25,0.0,20.0,0.0,0.0,0.7971015927871943,-0.6038452208771035,5,Illinois,20.179999999999993,445.21000000000004,400.0,407.2323999999997,425.7979999999999,0.0,0.14796616877914553,0.07829745544963461
2023-05-10,26.7,10.6,0.0,25.77222222222223,18.65,0.0,21.1,0.0,0.0,0.7865965660866021,-0.6174672802835514,5,Illinois,25.77222222222223,712.89,445.21000000000004,664.2074382716053,688.1183333333335,0.0,0.16758697379517395,0.2232866627930744
2023-05-11,28.3,13.9,0.0,26.976995015351136,21.1,0.0,26.7,0.0,0.0,0.7758587728069828,-0.6309066211876704,5,Illinois,26.976995015351136,800.89,712.89,727.75826005828,763.4489589344372,0.0,0.3370235622578792,0.2718567657985572
2023-05-12,24.4,15.6,7.6,24.48333333333333,20.0,1.0,28.3,0.0,0.0,0.7648913904341225,-0.6441592666722685,5,Illinois,24.48333333333333,595.3599999999999,800.89,599.433611111111,597.3933333333332,0.0,0.4169785912311582,0.12589491010375276
2023-05-13,20.0,13.9,0.0,19.87638888888889,16.95,0.0,24.4,0.0,0.0,0.753697664392914,-0.6572212950663319,5,Illinois,19.87638888888889,400.0,595.3599999999999,395.0708352623457,397.5277777777778,0.0,0.2503868075129363,0.055528070876819
2023-05-14,18.3,12.8,0.5,17.79111111111111,15.55,1.0,20.0,0.0,0.0,0.742280907086982,-0.6700888411055113,5,Illinois,17.79111111111111,334.89000000000004,400.0,316.5236345679012,325.57733333333334,0.0,0.14832022580741527,0.045113320011814236
2023-05-15,20.0,11.7,0.0,18.906944444444445,15.85,0.0,18.3,0.0,0.0,0.7306444969184916,-0.6827580970759147,5,Illinois,18.906944444444445,400.0,334.89000000000004,357.4725482253087,378.1388888888889,0.0,0.12379932176466799,0.06042120575233608
2023-05-16,27.2,10.6,0.0,26.40222222222222,18.9,0.0,20.0,0.0,0.0,0.7187918772884232,-0.6952253139408722,5,Illinois,26.40222222222222,739.8399999999999,400.0,697.0773382716048,718.1404444444444,0.0,0.1484654674699928,0.2426272207186642
2023-05-17,17.2,8.3,0.0,16.714444444444446,12.75,0.0,27.2,0.0,0.0,0.7067265555776158,-0.7074868024503348,5,Illinois,16.714444444444446,295.84,739.8399999999999,279.3726530864198,287.48844444444444,0.0,0.3610016748849034,0.036038365405001604
2023-05-18,23.9,8.3,0.0,22.793055555555558,16.1,0.0,17.2,0.0,0.0,0.6944521021088763,-0.719538934232584,5,Illinois,22.793055555555558,571.2099999999999,295.84,519.5233815586421,544.7540277777778,0.0,0.11106181645481564,0.13170746799956864
2023-05-19,23.9,12.2,0.8,23.749444444444443,18.049999999999997,1.0,23.9,0.0,0.0,0.6819721490904629,-0.7313781428679254,5,Illinois,23.749444444444443,571.2099999999999,571.2099999999999,564.036111419753,567.6117222222222,0.0,0.23576291146513828,0.12053635622133684
2023-05-20,21.1,10.0,0.0,20.626666666666676,15.55,0.0,23.9,0.0,0.0,0.6692903895412567,-0.7430009249440493,5,Illinois,20.626666666666676,445.21000000000004,571.2099999999999,425.4593777777782,435.2226666666669,0.0,0.23587594024133474,0.07001492362423639
2023-05-21,26.7,12.2,0.0,26.376111111111115,19.45,0.0,21.1,0.0,0.0,0.6564105761979381,-0.7544038410927472,5,Illinois,26.376111111111115,712.89,445.21000000000004,695.6992373456792,704.2421666666668,0.0,0.16848400558060972,0.20948786546323997
2023-05-22,27.8,12.8,0.0,26.363192654595576,20.3,0.0,26.7,0.0,0.0,0.6433365204044917,-0.765583517007675,5,Illinois,26.363192654595576,772.84,712.89,695.0179269433221,732.896755797757,0.0,0.33868106073529747,0.23503242853159304
2023-05-23,29.4,15.0,0.0,27.54942127531563,22.2,0.0,27.8,0.0,0.0,0.6300720909843687,-0.7765366444428655,5,Illinois,27.54942127531563,864.3599999999999,772.84,758.9706126048135,809.9529854942795,0.022892553138151268,0.3919769361647109,0.30445087692392525
2023-05-24,21.1,12.2,0.0,25.26027777777778,16.65,0.0,29.4,0.0,0.0,0.6166212130956382,-0.7872599821916922,5,Illinois,25.26027777777778,445.21000000000004,864.3599999999999,638.081633410494,532.9918611111112,0.0,0.4852230690525891,0.0689867357580785
2023-05-25,16.7,10.0,0.0,15.389722222222227,13.35,0.0,21.1,0.0,0.0,0.6029878670694714,-0.7977503570459932,5,Illinois,15.389722222222227,278.89,445.21000000000004,236.84355007716064,257.0083611111112,0.0,0.16882353696942012,0.03308852501663572
2023-05-26,21.1,10.0,0.0,19.984166666666663,15.55,0.0,16.7,0.0,0.0,0.5891760872322963,-0.8080046647350754,5,Illinois,19.984166666666663,445.21000000000004,278.89,399.36691736111095,421.66591666666665,0.0,0.10628446323301297,0.07246182069262555
2023-05-27,23.3,8.9,0.0,21.690277777777773,16.1,0.0,21.1,0.0,0.0,0.5751899607119775,-0.8180198708443174,5,Illinois,21.690277777777773,542.89,445.21000000000004,470.46815007716026,505.3834722222221,0.0,0.16899514241298197,0.10505692825097288
2023-05-28,26.1,13.3,0.0,25.155833333333327,19.700000000000003,0.0,23.3,0.0,0.0,0.5610336262283677,-0.8277930117131022,5,Illinois,25.155833333333327,681.21,542.89,632.8159506944442,656.5672499999998,0.0,0.2197945082324492,0.1680650596687526
2023-05-29,28.3,12.8,0.0,27.005000477135567,20.55,0.0,26.1,0.0,0.0,0.5467112728685939,-0.8373211953118121,5,Illinois,27.005000477135567,800.89,681.21,729.2700507700922,764.2415135029365,0.00020835321398197473,0.3140569495483579,0.25451600935221336
2023-05-30,31.7,16.7,0.0,29.57917617076451,24.2,0.0,28.3,0.0,0.0,0.5322271388474397,-0.8466016020976267,5,Illinois,29.57917617076451,1004.89,800.89,874.9276629411229,937.6598846132349,0.10746567378185452,0.4202513208355097,0.44646046621419994
2023-05-31,32.8,21.1,0.0,32.35669658323555,26.95,0.0,31.7,0.0,0.0,0.5175855102531889,-0.8556314858488706,5,Illinois,32.35669658323555,1075.84,1004.89,1046.9558137795673,1061.299647930126,0.22319569096814806,0.6575976994515753,0.5436347928942559
2023-06-01,32.8,20.6,0.0,32.21115006887111,26.7,0.0,32.8,1.0,1.0,0.5027907197793043,-0.8644081744776648,6,Illinois,32.21115006887111,1075.84,1075.84,1037.5581887593355,1056.5257222589723,0.21713125286962973,0.7577610594914203,0.5364321818581477
2023-06-02,32.8,20.6,0.0,30.36155017420448,26.7,0.0,32.8,2.0,2.0,0.4878471454423119,-0.8729290708206411,6,Illinois,30.36155017420448,1075.84,1075.84,921.8237289807362,995.8588457139069,0.1400645905918534,0.7602334380841078,0.49018386223442395
2023-06-03,31.7,20.0,0.0,29.50398828303779,25.85,0.0,32.8,3.0,3.0,0.47275920928627757,-0.881191653407483,6,Illinois,29.50398828303779,1004.89,1075.84,870.4853246056311,935.2764285722978,0.10433284512657452,0.7627095663503105,0.4018748101526321
2023-06-04,25.6,16.7,0.0,26.02027777777778,21.15,0.0,31.7,2.0,3.0,0.4575313760742512,-0.8891934772070711,6,Illinois,26.02027777777778,655.3600000000001,1004.89,677.0548556327161,666.1191111111111,0.0,0.5370385927982367,0.0941896964486119
2023-06-05,29.4,14.4,0.0,27.44181083817559,21.9,0.0,25.6,1.0,3.0,0.44216815196707204,-0.8969321743510065,6,Illinois,27.44181083817559,864.3599999999999,655.3600000000001,753.0529820782114,806.7892386423623,0.018408784923982974,0.17606137465188235,0.1553704023977141
2023-06-06,26.7,16.7,0.0,25.96805555555556,21.7,0.0,29.4,0.0,3.0,0.42667408318992467,-0.9044054548343001,6,Illinois,25.96805555555556,712.89,864.3599999999999,674.33990933642,693.3470833333334,0.0,0.23437140020046346,0.057838901090097504
2023-06-07,23.9,15.0,0.0,22.923611111111104,19.45,0.0,26.7,0.0,3.0,0.4110537546870351,-0.9116111071930239,6,Illinois,22.923611111111104,571.2099999999999,712.89,525.4919463734565,547.8743055555553,0.0,0.15665150218106494,0.03306323388006794
2023-06-08,23.3,13.3,0.0,22.740833333333327,18.3,0.0,23.9,0.0,2.0,0.3953117887649151,-0.9185469991587165,6,Illinois,22.740833333333327,542.89,571.2099999999999,517.1455006944442,529.8614166666665,0.0,0.13962792684922712,0.04485668489375858
2023-06-09,26.1,12.2,0.0,24.708611111111118,19.15,0.0,23.3,0.0,1.0,0.37945284372454435,-0.925211078289358,6,Illinois,24.708611111111118,681.21,542.89,610.5154630401238,644.8947500000002,0.0,0.16954802933899787,0.11393089888829122
2023-06-10,30.6,16.1,0.0,28.238435611111115,23.35,0.0,26.1,0.0,0.0,0.36348161248290634,-0.9316013725767187,6,Illinois,28.238435611111115,936.3600000000001,681.21,797.4092457628683,864.0961297000001,0.05160148379629644,0.3158517826539122,0.35149674333433806
2023-06-11,19.4,11.7,1.3,26.660030820035605,15.549999999999999,1.0,30.6,0.0,0.0,0.3474028211842774,-0.9377159910299093,6,Illinois,26.660030820035605,376.35999999999996,936.3600000000001,710.7572433252483,517.2045979086907,0.0,0.5727743279942055,0.050329753760636704
2023-06-12,21.1,11.1,0.0,19.484722222222217,16.1,0.0,19.4,0.0,0.0,0.3312212278016865,-0.9435531242349544,6,Illinois,19.484722222222217,445.21000000000004,376.35999999999996,379.6544000771603,411.1276388888888,0.0,0.1410062658792805,0.06329694770379495
2023-06-13,19.4,13.3,13.2,19.484722222222217,16.35,1.0,21.1,0.0,0.0,0.31494162072895193,-0.9491110448902284,6,Illinois,19.484722222222217,376.35999999999996,445.21000000000004,379.6544000771603,378.003611111111,0.0,0.170471937764522,0.04587373746661611
2023-06-14,22.8,15.0,0.0,22.134166666666665,18.9,0.0,19.4,0.0,0.0,0.2985688173637202,-0.9543881083175908,6,Illinois,22.134166666666665,519.84,376.35999999999996,489.92133402777773,504.659,0.0,0.1411514707937916,0.08179110689522971
2023-06-15,28.3,12.2,0.0,28.007127103084443,20.25,0.0,22.8,0.0,0.0,0.2821076626819194,-0.9593827529490743,6,Illinois,28.007127103084443,800.89,519.84,784.3991685683271,792.6016970172898,0.04196362929518512,0.2086253566422715,0.25804074516351483
2023-06-16,20.0,12.2,0.0,19.168055555555554,16.1,0.0,28.3,0.0,0.0,0.26556302780405594,-0.9640935007889755,6,Illinois,19.168055555555554,400.0,800.89,367.41435378086413,383.3611111111111,0.0,0.42344491096334447,0.04588480307605688
2023-06-17,26.1,11.1,0.0,25.50833333333333,18.6,0.0,20.0,0.0,0.0,0.24893980855376657,-0.9685189578512204,6,Illinois,25.50833333333333,681.21,400.0,650.6750694444443,665.7674999999999,0.0,0.1509169254517408,0.1677775692833602
2023-06-18,30.0,16.7,0.0,28.151444389031152,23.35,0.0,26.1,0.0,0.0,0.23224292400907015,-0.9726578145718654,6,Illinois,28.151444389031152,900.0,681.21,792.5038211887136,844.5433316709345,0.04797684954296466,0.31703575768000186,0.3073021023318039
2023-06-19,30.0,18.3,0.0,28.345636552764503,24.15,0.0,30.0,0.0,0.0,0.21547731504673012,-0.976508846196619,6,Illinois,28.345636552764503,900.0,900.0,803.4751115814191,850.3690965829351,0.056068189698520975,0.5311081325060829,0.2910264685617243
2023-06-20,28.9,16.7,0.0,27.78952527557118,22.799999999999997,0.0,30.0,0.0,0.0,0.19864794288017112,-0.9800709131432666,6,Illinois,27.78952527557118,835.2099999999999,900.0,772.2577150416095,803.1172804640071,0.03289688648213248,0.531322773578971,0.2419660998713482
2023-06-21,31.1,19.4,0.0,29.927305577777776,25.25,0.0,28.9,0.0,0.0,0.18175978759137534,-0.9833429613388902,6,Illinois,29.927305577777776,967.21,835.2099999999999,895.6436191456888,930.7392034688888,0.12197106574074068,0.45954850369244915,0.3686374980029283
2023-06-22,29.4,20.6,0.0,28.33797592205119,25.0,0.0,31.1,0.0,0.0,0.16481784665719793,-0.9863240225317866,6,Illinois,28.33797592205119,864.3599999999999,967.21,803.0408793587529,833.1364921083049,0.055748996752132886,0.6139217469485818,0.24921645744056709
2023-06-23,29.4,20.6,0.0,28.1825764545045,25.0,0.0,29.4,0.0,0.0,0.14782713347053048,-0.9890132145779883,6,Illinois,28.1825764545045,864.3599999999999,864.3599999999999,794.2576156139913,828.5677477624322,0.04927401893768746,0.4914431556996692,0.2507847071721594
2023-06-24,33.3,18.9,0.0,31.75479802455107,26.099999999999998,0.0,29.4,0.0,0.0,0.13079267585675922,-0.9914097417023038,6,Illinois,31.75479802455107,1108.8899999999999,864.3599999999999,1008.3671975800327,1057.4347742175505,0.19811658435629464,0.49164232114709083,0.5535175394651459
2023-06-25,30.6,19.4,36.8,31.648926787671186,25.0,1.0,33.3,1.0,1.0,0.11371951458594969,-0.9935128947338007,6,Illinois,31.648926787671186,936.3600000000001,1108.8899999999999,1001.6545668113708,968.4571597027383,0.19370528281963276,0.8120777499438823,0.3618390335090379
2023-06-26,24.4,20.6,0.0,23.90611111111111,22.5,0.0,30.6,1.0,1.0,0.0966127018812031,-0.9953220513156602,6,Illinois,23.90611111111111,595.3599999999999,936.3600000000001,571.50214845679,583.3091111111111,0.0,0.5780618223237672,0.08739514349323618
2023-06-27,24.4,17.8,0.0,23.749444444444443,21.1,0.0,24.4,1.0,1.0,0.07947729992362097,-0.9968366760893436,6,Illinois,23.749444444444443,595.3599999999999,595.3599999999999,564.036111419753,579.4864444444444,0.0,0.25686422359178457,0.09731851126303118
2023-06-28,28.9,15.0,0.0,28.33797592205119,21.95,0.0,24.4,0.0,1.0,0.062318379354325076,-0.998056320853012,6,Illinois,28.33797592205119,835.2099999999999,595.3599999999999,803.0408793587529,818.9675041472793,0.055748996752132886,0.19710667098057327,0.1912055416454265
2023-06-29,30.6,22.8,0.0,32.25272841111113,26.700000000000003,0.0,28.9,0.0,1.0,0.04514101777397193,-0.9989806246941579,6,Illinois,32.25272841111113,936.3600000000001,835.2099999999999,1040.238489960895,986.9334893800005,0.21886368379629703,0.3641682878233988,0.26524172056093387
2023-06-30,32.2,21.1,0.0,33.820934725784504,26.650000000000002,0.0,30.6,0.0,1.0,0.02795029824021032,-0.999609314096404,6,Illinois,33.820934725784504,1036.8400000000001,936.3600000000001,1143.8556257257762,1089.0340981702611,0.2842056135743543,0.4625001197338587,0.38235701402323197
2023-07-01,30.0,22.8,1.0,31.900241944515585,26.4,1.0,32.2,1.0,2.0,0.01075130776352193,-0.9999422030204416,7,Illinois,31.900241944515585,900.0,1036.8400000000001,1017.6254361186315,957.0072583354676,0.2041767476881494,0.5795832818347649,0.2319381875810224
2023-07-02,23.9,18.9,101.9,25.873888888888885,21.4,1.0,30.0,1.0,1.0,-0.00645086419810515,-0.9999791929590823,7,Illinois,25.873888888888885,571.2099999999999,900.0,669.4581262345677,618.3859444444444,0.0,0.5356045463589872,0.08980125217448036
2023-07-03,30.0,17.2,0.0,30.316243944444384,23.6,0.0,23.9,1.0,1.0,-0.023651127245231586,-0.9997202729664083,7,Illinois,30.316243944444384,900.0,571.2099999999999,919.0746468990608,909.4873183333315,0.138176831018516,0.2418761019271796,0.3311661379382733
2023-07-04,33.3,20.6,0.0,33.22438139641778,26.95,0.0,30.0,0.0,1.0,-0.04084439154329611,-0.9991655196610109,7,Illinois,33.22438139641778,1108.8899999999999,900.0,1103.8595191746322,1106.3719005007122,0.25934922485074097,0.42584650917108013,0.44133684774594173
2023-07-05,33.3,21.7,48.8,35.616047560835526,27.5,1.0,33.3,1.0,2.0,-0.05802556932878035,-0.9983150972033183,7,Illinois,35.616047560835526,1108.8899999999999,1108.8899999999999,1268.5028438556983,1186.0143837758228,0.35900198170148023,0.6732836994544944,0.49509598450278275
2023-07-06,26.7,20.0,0.0,27.835943809757786,23.35,0.0,33.3,2.0,3.0,-0.07518957641475855,-0.9971692572470178,7,Illinois,27.835943809757786,712.89,1108.8899999999999,774.8397677799928,743.2196997205328,0.034830992073241106,0.6755783577611654,0.10368524999333287
2023-07-07,27.2,18.3,0.0,26.65027777777778,22.75,0.0,26.7,2.0,3.0,-0.09233133369539122,-0.9957283388645872,7,Illinois,26.65027777777778,739.8399999999999,712.89,710.2373056327162,724.8875555555557,0.0,0.27132873709517813,0.1187734156472574
2023-07-08,23.9,17.2,8.1,23.302222222222216,20.549999999999997,1.0,27.2,1.0,2.0,-0.10944576864891556,-0.993992768446958,7,Illinois,23.302222222222216,571.2099999999999,739.8399999999999,542.9935604938269,556.923111111111,0.0,0.2895920692842774,0.06117261959998928
2023-07-09,29.4,15.6,0.0,28.345636552764503,22.5,0.0,23.9,0.0,2.0,-0.12652781683868314,-0.9919630595773397,7,Illinois,28.345636552764503,864.3599999999999,571.2099999999999,803.4751115814191,833.3617146512763,0.056068189698520975,0.14174669075001567,0.1464046154431819
2023-07-10,29.4,18.3,0.0,29.227926396497807,23.85,0.0,29.4,0.0,2.0,-0.1435724234118113,-0.9896398128792412,7,Illinois,29.227926396497807,864.3599999999999,864.3599999999999,854.2716814390933,859.3010360570355,0.09283026652074196,0.3072464263436692,0.13796237881377438
2023-07-11,31.1,20.6,29.2,32.02327019841567,25.85,1.0,29.4,0.0,2.0,-0.16057454459499376,-0.9870237158387383,7,Illinois,32.02327019841567,967.21,864.3599999999999,1025.4898342007375,995.9237031707274,0.2093029249339864,0.30736494280089566,0.21662794433551835
2023-07-12,26.7,17.2,43.4,26.43805555555556,21.95,1.0,31.1,0.0,1.0,-0.17752914918703497,-0.984115542601034,7,Illinois,26.43805555555556,712.89,967.21,698.9707815586422,705.8960833333334,0.0,0.49813606016754813,0.10760585795610032
2023-07-13,25.6,17.8,0.0,26.293888888888894,21.700000000000003,0.0,26.7,0.0,0.0,-0.19443122004766195,-0.9809161537413774,7,Illinois,26.293888888888894,655.3600000000001,712.89,691.3685929012348,673.1235555555558,0.0,0.3465451774881844,0.12452915884295354
2023-07-14,32.2,20.6,4.3,34.016651047591154,26.400000000000002,1.0,25.6,0.0,0.0,-0.2112757555821793,-0.9774264960104055,7,Illinois,34.016651047591154,1036.8400000000001,655.3600000000001,1157.1325484935844,1095.3361637324354,0.2923604603162981,0.30038690707403154,0.5314660210454073
2023-07-15,28.9,20.6,3.6,32.25272841111113,24.75,1.0,32.2,1.0,1.0,-0.2280577712215198,-0.9736476020539838,7,Illinois,32.25272841111113,835.2099999999999,1036.8400000000001,1040.238489960895,932.1038510811115,0.21886368379629703,0.7138701824990009,0.2723849562645965
2023-07-16,27.8,19.4,0.0,28.76327423575113,23.6,0.0,28.9,1.0,1.0,-0.24477230089725957,-0.9695805901076308,7,Illinois,28.76327423575113,772.84,835.2099999999999,827.3259447610247,799.6190237538814,0.07346975982296373,0.46555358763771226,0.19297959162303327
2023-07-17,26.7,18.9,0.0,26.059444444444452,22.799999999999997,0.0,27.8,1.0,1.0,-0.2614143985111562,-0.965226663665613,7,Illinois,26.059444444444452,712.89,772.84,679.0946447530869,695.7871666666668,0.0,0.4026435062410241,0.1447376481653117
2023-07-18,25.6,16.7,0.0,25.53444444444444,21.15,0.0,26.7,0.0,1.0,-0.2779791393987801,-0.9605871111248129,7,Illinois,25.53444444444444,655.3600000000001,712.89,652.0078530864195,653.6817777777777,0.0,0.2703426556184519,0.08710203454680052
2023-07-19,29.4,16.7,0.0,29.227926396497807,23.049999999999997,0.0,25.6,0.0,1.0,-0.2944616217868012,-0.9556633054034704,7,Illinois,29.227926396497807,864.3599999999999,655.3600000000001,854.2716814390933,859.3010360570355,0.09283026652074196,0.2330061850718523,0.2037023742240062
2023-07-20,31.1,21.7,0.0,32.25272841111113,26.4,0.0,29.4,0.0,1.0,-0.3108569682435036,-0.9504567035349151,7,Illinois,32.25272841111113,967.21,864.3599999999999,1040.238489960895,1003.0598535855562,0.21886368379629703,0.3936975270116628,0.28579185013515196
2023-07-21,27.2,20.0,0.0,27.932119356095637,23.6,0.0,31.1,0.0,1.0,-0.3271603271220951,-0.9449688462364056,7,Illinois,27.932119356095637,739.8399999999999,967.21,780.2032917231725,759.7536464858013,0.038838306503984864,0.4995597986927138,0.11560938721028065
2023-07-22,30.0,17.8,1.0,28.655171081404482,23.9,1.0,27.2,0.0,0.0,-0.34336687399638804,-0.939201357453208,7,Illinois,28.655171081404482,900.0,739.8399999999999,821.1188297045597,859.6551324421345,0.06896546172518676,0.37122373522275415,0.2982063601307653
2023-07-23,29.4,18.3,2.0,28.87853803679785,23.85,1.0,30.0,0.0,0.0,-0.3594718130884232,-0.9331559438780432,7,Illinois,28.87853803679785,864.3599999999999,900.0,833.9699591427801,849.0290182818567,0.07827241819991038,0.5374814368282145,0.2638714630834143
2023-07-24,30.6,20.6,0.0,29.682065621315626,25.6,0.0,29.4,0.0,0.0,-0.3754703786876202,-0.9268343944460494,7,Illinois,29.682065621315626,936.3600000000001,864.3599999999999,881.025019548087,908.2712080122582,0.11175273422148442,0.49681341307048926,0.3159522211726315
2023-07-25,32.2,20.6,0.0,32.56727818179556,26.400000000000002,0.0,30.6,0.0,0.0,-0.3913578365610259,-0.9202385798054075,7,Illinois,32.56727818179556,1036.8400000000001,936.3600000000001,1060.627608170457,1048.666357453817,0.23196992424148158,0.58162466027795,0.46379737721529096
2023-07-26,32.8,24.4,4.3,37.235683568124536,28.599999999999998,1.0,32.2,1.0,1.0,-0.4071294853542516,-0.9133704517637858,7,Illinois,37.235683568124536,1075.84,1036.8400000000001,1386.4961307854996,1221.3304210344847,0.42648681533852234,0.715894371497278,0.6236060320637195
2023-07-27,32.8,23.9,0.0,36.100147751724435,28.349999999999998,0.0,32.8,2.0,2.0,-0.4227806579826773,-0.9062320427107697,7,Illinois,36.100147751724435,1075.84,1075.84,1303.2206676963349,1184.0848462565614,0.3791728229885181,0.7733665231955081,0.5748291526247277
2023-07-28,33.9,21.7,34.5,40.2929255059178,27.799999999999997,1.0,32.8,3.0,3.0,-0.4383067230125192,-0.898825465016444,7,Illinois,40.2929255059178,1149.2099999999998,1075.84,1623.5198458254413,1365.9301746506135,0.5538718960799084,0.7757518912503464,0.8528708926086788
2023-07-29,28.3,21.1,0.5,37.267713707404496,24.700000000000003,1.0,33.9,3.0,4.0,-0.45370308603134424,-0.8911529104063088,7,Illinois,37.267713707404496,800.89,1149.2099999999998,1388.882484977065,1054.6762979195473,0.42782140447518735,0.7376070914920514,0.24233613243781676
2023-07-30,26.7,19.4,0.0,26.190000000000005,23.049999999999997,0.0,28.3,2.0,4.0,-0.46896519100763184,-0.8832166493127127,7,Illinois,26.190000000000005,712.89,800.89,685.9161000000003,699.2730000000001,0.0,0.2654309843996069,0.07199775185059933
2023-07-31,27.8,17.8,0.0,27.557598236284473,22.8,0.0,26.7,1.0,4.0,-0.48408852163897587,-0.8750190302029955,7,Illinois,27.557598236284473,772.84,712.89,759.4212205524691,766.1012309687084,0.02323325984518639,0.1610211987957068,0.06908341470618252
2023-08-01,29.4,20.6,0.0,29.300882540051173,25.0,0.0,27.8,0.0,4.0,-0.4990686026885319,-0.8665624788845385,8,Illinois,29.300882540051173,864.3599999999999,772.84,858.5417176258757,861.4459466775045,0.09587010583546555,0.14395804943353158,0.06754110584410657
2023-08-02,29.4,20.6,0.0,29.300882540051173,25.0,0.0,29.4,0.0,3.0,-0.5139010013093103,-0.8578494977869301,8,Illinois,29.300882540051173,864.3599999999999,864.3599999999999,858.5417176258757,861.4459466775045,0.09587010583546555,0.2399341458631241,0.09448240013576947
2023-08-03,32.2,18.9,0.0,31.5090838789956,25.55,0.0,29.4,0.0,2.0,-0.5285813283559292,-0.8488826652214553,8,Illinois,31.5090838789956,1036.8400000000001,864.3599999999999,992.8223668935805,1014.5925009036584,0.18787849495815,0.3096170025169077,0.25625263907676504
2023-08-04,29.4,22.2,0.0,30.194046724604465,25.799999999999997,0.0,32.2,1.0,2.0,-0.5431052396834317,-0.8396646346181327,8,Illinois,30.194046724604465,864.3599999999999,1036.8400000000001,911.6804576075976,887.7049737033713,0.13308528019185273,0.5853249321380762,0.1846924523912014
2023-08-05,24.4,19.4,12.2,25.586666666666662,21.9,1.0,29.4,1.0,1.0,-0.5574684374327892,-0.8301981337405212,8,Illinois,25.586666666666662,595.3599999999999,864.3599999999999,654.6775111111109,624.3146666666665,0.0,0.49998180803838727,0.09619101814895749
2023-08-06,22.2,18.9,4.8,24.02361111111111,20.549999999999997,1.0,24.4,1.0,1.0,-0.5716666713027052,-0.8204859638785327,8,Illinois,24.02361111111111,492.84,595.3599999999999,577.1338908179011,533.3241666666665,0.0,0.2605279885900804,0.06607269821485261
2023-08-07,26.7,19.4,0.0,26.0463888888889,23.049999999999997,0.0,22.2,0.0,1.0,-0.5856957398073508,-0.8105309990194823,8,Illinois,26.0463888888889,712.89,492.84,678.414374151235,695.4385833333336,0.0,0.1515166097491202,0.10978778255440114
2023-08-08,29.4,17.8,0.0,28.59431378340449,23.6,0.0,26.7,0.0,1.0,-0.5995514915196489,-0.8003361849976323,8,Illinois,28.59431378340449,864.3599999999999,712.89,817.6347807437961,840.672825232092,0.06642974097518713,0.2719678835431562,0.19511224621594692
2023-08-09,26.1,18.9,0.3,26.21611111111112,22.5,1.0,29.4,0.0,1.0,-0.6132298262997502,-0.7899045386224707,8,Illinois,26.21611111111112,681.21,864.3599999999999,687.2844817901238,684.2405000000002,0.0,0.3957272677492199,0.09600109824550974
2023-08-10,29.4,18.3,0.0,29.31698503179564,23.85,0.0,26.1,0.0,1.0,-0.6267266965083301,-0.7792391467859886,8,Illinois,29.31698503179564,864.3599999999999,681.21,859.4856113545295,861.9193599347917,0.09654104299148496,0.25076505786703673,0.20235725381507333
2023-08-11,29.4,21.7,0.8,30.331079793937747,25.549999999999997,1.0,29.4,0.0,0.0,-0.6400381082043503,-0.7683431655492202,8,Illinois,30.331079793937747,864.3599999999999,864.3599999999999,919.9744014662186,891.7337459417697,0.13879499141407278,0.4988179419803836,0.27550480130678656
2023-08-12,30.6,22.2,0.0,29.66075088801562,26.4,0.0,29.4,0.0,0.0,-0.65316012232693,-0.7572198192083127,8,Illinois,29.66075088801562,936.3600000000001,864.3599999999999,879.7601432409194,907.618977173278,0.11086462033398418,0.49889887169992236,0.3149864075594603
2023-08-13,27.2,19.4,0.0,28.33797592205119,23.299999999999997,0.0,30.6,0.0,0.0,-0.666088855860977,-0.7458723993404063,8,Illinois,28.33797592205119,739.8399999999999,936.3600000000001,803.0408793587529,770.7929450797923,0.055748996752132886,0.5838730627518333,0.172317620226012
2023-08-14,24.4,17.8,69.6,24.5225,21.1,1.0,27.2,0.0,0.0,-0.6788204829862355,-0.734304263829602,8,Illinois,24.5225,595.3599999999999,739.8399999999999,601.35300625,598.3489999999999,0.0,0.37325175628995444,0.0997856977569397
2023-08-15,25.6,17.2,1.8,25.41694444444444,21.4,1.0,24.4,0.0,0.0,-0.6913512362094071,-0.722518835873311,8,Illinois,25.41694444444444,655.3600000000001,595.3599999999999,646.021064891975,650.6737777777777,0.0,0.2599538161345033,0.13231913165809678
2023-08-16,27.2,14.4,0.0,27.35456218899553,20.8,0.0,25.6,0.0,0.0,-0.7036774074790128,-0.7105196029692745,8,Illinois,27.35456218899553,739.8399999999999,655.3600000000001,748.2720725516239,744.0440915406784,0.014773424541480415,0.30302722297031803,0.19007229982052717
2023-08-17,27.2,16.7,12.7,26.53277777777778,21.95,1.0,27.2,0.0,0.0,-0.7157953492826642,-0.6983101158835584,8,Illinois,26.53277777777778,739.8399999999999,739.8399999999999,703.9882966049385,721.6915555555556,0.0,0.37341409300907924,0.17953507302828564
2023-08-18,26.1,14.4,0.0,25.36472222222222,20.25,0.0,27.2,0.0,0.0,-0.7277014757264236,-0.6858939875998223,8,Illinois,25.36472222222222,681.21,739.8399999999999,643.3691334104936,662.0192499999999,0.0,0.3734625764597385,0.1441011288484681
2023-08-19,28.3,17.2,0.0,28.39887615283563,22.75,0.0,26.1,0.0,0.0,-0.7393922635959241,-0.673274892250183,8,Illinois,28.39887615283563,800.89,681.21,806.4961667440963,803.6881951252484,0.05828650636815125,0.3234340816396913,0.22985507871410493
2023-08-20,32.8,22.2,0.0,36.100147751724435,27.5,0.0,28.3,0.0,0.0,-0.7508642533989489,-0.6604565640279754,8,Illinois,36.100147751724435,1075.84,800.89,1303.2206676963349,1184.0848462565614,0.3791728229885181,0.43190378074095975,0.6258593131801635
2023-08-21,28.3,21.7,0.0,31.648926787671186,25.0,0.0,32.8,1.0,1.0,-0.7621140503891487,-0.6474427960827475,8,Illinois,31.648926787671186,800.89,1075.84,1001.6545668113708,895.6646280910946,0.19370528281963276,0.7740621133767371,0.23682090840301825
2023-08-22,31.1,21.1,0.0,34.24562740051562,26.1,0.0,28.3,1.0,1.0,-0.7731383255706026,-0.6342374393978054,8,Illinois,34.24562740051562,967.21,800.89,1172.7629960549464,1065.0390121560358,0.30190114168815096,0.4335410069657383,0.45357829284685613
2023-08-23,36.7,23.9,0.0,45.798634088915655,30.3,0.0,31.1,1.0,1.0,-0.7839338166829201,-0.620844401650647,8,Illinois,45.798634088915655,1346.89,967.21,2097.514884410387,1680.8098710632046,0.7832764203714856,0.6255151894777762,1.0
2023-08-24,37.8,23.3,0.0,47.396831504835596,30.549999999999997,0.0,36.7,1.0,2.0,-0.7944973291665992,-0.6072676460566135,8,Illinois,47.396831504835596,1428.8399999999997,1346.89,2246.459636697776,1791.6002308827854,0.8498679793681498,1.0,1.0
2023-08-25,27.8,21.7,0.0,43.190394611111145,24.75,0.0,37.8,2.0,3.0,-0.8048257371083452,-0.593511190196115,8,Illinois,43.190394611111145,772.84,1428.8399999999997,1865.4101866634987,1200.6929701888898,0.6745997754629643,1.0,0.3500626457194941
2023-08-26,24.4,18.3,0.0,27.962515993535547,21.35,0.0,27.8,2.0,3.0,-0.8149159841660791,-0.5795791048257612,8,Illinois,27.962515993535547,595.3599999999999,772.84,781.9023006887312,682.2853902422673,0.040104833063981125,0.31968714856976843,0.0793377731799827
2023-08-27,23.9,18.9,0.0,23.68416666666666,21.4,0.0,24.4,1.0,3.0,-0.8247650844733614,-0.5654755126737576,8,Illinois,23.68416666666666,571.2099999999999,595.3599999999999,560.9397506944441,566.0515833333332,0.0,0.15403321445447277,0.04477369601473434
2023-08-28,25.6,15.6,0.0,25.41694444444444,20.6,0.0,23.9,0.0,2.0,-0.8343701235229538,-0.5512045872199277,8,Illinois,25.41694444444444,655.3600000000001,571.2099999999999,646.021064891975,650.6737777777777,0.0,0.14358350976971743,0.06928160852843174
2023-08-29,30.0,17.2,0.0,29.56310813900446,23.6,0.0,25.6,0.0,2.0,-0.8437282590292712,-0.5367705514607103,8,Illinois,29.56310813900446,900.0,655.3600000000001,873.9773628384717,886.8932441701338,0.10679617245851913,0.18049744651929564,0.1779513751683751
2023-08-30,21.7,13.9,0.0,22.26472222222221,17.8,0.0,30.0,0.0,2.0,-0.8528367217694595,-0.522177676659508,8,Illinois,22.26472222222221,470.89,900.0,495.71785563271555,483.14447222222196,0.0,0.33949640422674027,0.030476842868527945
2023-08-31,24.4,12.2,0.0,24.104722222222218,18.299999999999997,0.0,21.7,0.0,1.0,-0.8616928164028522,-0.5074302810827518,8,Illinois,24.104722222222218,595.3599999999999,470.89,581.0376334104936,588.155222222222,0.0,0.14309439351546355,0.08374247374390754
2023-09-01,28.3,15.6,0.0,27.557598236284473,21.95,0.0,24.4,0.0,0.0,-0.8702939222685674,-0.49253272872205434,9,Illinois,27.557598236284473,800.89,595.3599999999999,759.4212205524691,779.8800300868506,0.02323325984518639,0.2603460087585794,0.2414635377454697
2023-09-02,31.1,17.8,0.0,30.496386040504504,24.450000000000003,0.0,28.3,0.0,0.0,-0.8786374941610001,-0.4774894280028391,9,Illinois,30.496386040504504,967.21,800.89,930.029561531478,948.4376058596902,0.14568275168768766,0.43222974073783377,0.40532149324055
2023-09-03,33.9,20.0,0.0,33.89747241697559,26.95,0.0,31.1,0.0,0.0,-0.886721063082993,-0.46230483047981086,9,Illinois,33.89747241697559,1149.2099999999998,967.21,1149.038636259621,1149.1243149354725,0.28739468404064955,0.6237897055507723,0.6722328620978728
2023-09-04,33.9,21.7,0.0,35.22748101695786,27.799999999999997,0.0,33.9,1.0,1.0,-0.8945422369764496,-0.4469834295196741,9,Illinois,35.22748101695786,1149.2099999999998,1149.2099999999998,1240.9754188001264,1194.2116064748714,0.3428117090399108,0.8827498449621286,0.6911459367553064
2023-09-05,33.3,24.4,0.0,34.48873600083557,28.849999999999998,0.0,33.9,2.0,2.0,-0.9020987014301837,-0.43152975897147144,9,Illinois,34.48873600083557,1108.8899999999999,1149.2099999999998,1189.4729109353318,1148.4749088278245,0.3120306667014822,0.8850721838994968,0.5997701421808375
2023-09-06,27.2,19.4,9.7,30.294298970771212,23.299999999999997,1.0,33.3,3.0,3.0,-0.9093882203647925,-0.4159483918249421,9,Illinois,30.294298970771212,739.8399999999999,1108.8899999999999,917.7445501304697,824.0049320049769,0.13726245711546717,0.8271414218430139,0.20475219978853315
2023-09-07,21.7,17.8,0.3,21.909444444444446,19.75,1.0,27.2,2.0,3.0,-0.9164086366943458,-0.4002439388573056,9,Illinois,21.909444444444446,470.89,739.8399999999999,480.0237558641976,475.43494444444445,0.0,0.2943459366281622,0.044381867270434576
2023-09-08,20.6,15.6,1.0,19.941666666666674,18.1,1.0,21.7,1.0,3.0,-0.9231578729647039,-0.38442104726885545,9,Illinois,19.941666666666674,424.36000000000007,470.89,397.6700694444447,410.7983333333335,0.0,0.10914740235388333,0.027500487777331384
2023-09-09,23.9,13.3,0.0,23.775555555555552,18.6,0.0,20.6,0.0,3.0,-0.9296339319682695,-0.3684843993077793,9,Illinois,23.775555555555552,571.2099999999999,424.36000000000007,565.2770419753085,568.2357777777777,0.0,0.07198994517154722,0.03843773293856337
2023-09-10,26.7,12.8,0.0,26.637222222222224,19.75,0.0,23.9,0.0,3.0,-0.9358348973349941,-0.35243871088460327,9,Illinois,26.637222222222224,712.89,571.2099999999999,709.5416077160495,711.2138333333334,0.0,0.10906279470553393,0.06967234312046577
2023-09-11,21.7,15.6,35.1,24.35277777777778,18.65,1.0,26.7,0.0,2.0,-0.9417589340994617,-0.33628873017668287,9,Illinois,24.35277777777778,470.89,712.89,593.0577854938273,528.4552777777778,0.0,0.2103932760962042,0.03523136448461951
2023-09-12,21.7,13.3,0.0,21.53083333333333,17.5,0.0,21.7,0.0,1.0,-0.9474042892438845,-0.32003923622313857,9,Illinois,21.53083333333333,470.89,470.89,463.57678402777765,467.21908333333323,0.0,0.14305014288604825,0.050689602868501236
2023-09-13,21.7,12.2,0.0,20.297499999999992,16.95,0.0,21.7,0.0,0.0,-0.9527692922168511,-0.30369503751065885,9,Illinois,20.297499999999992,470.89,470.89,411.9885062499997,440.4557499999998,0.0,0.18731097995046056,0.07272334096896349
2023-09-14,21.7,10.6,0.0,21.426388888888887,16.15,0.0,21.7,0.0,0.0,-0.9578523554276669,-0.28726097055059635,9,Illinois,21.426388888888887,470.89,470.89,459.09014081790116,464.9526388888888,0.0,0.18729403763193964,0.07660931945532877
2023-09-15,25.0,12.2,0.0,24.15694444444445,18.6,0.0,21.7,0.0,0.0,-0.9626519747161487,-0.2707418984477642,9,Illinois,24.15694444444445,625.0,470.89,583.5579648919755,603.9236111111112,0.0,0.18727548531429317,0.14110084331097936
2023-09-16,22.2,15.6,0.8,22.02972222222221,18.9,1.0,25.0,0.0,0.0,-0.9671667297977312,-0.2541427094613622,9,Illinois,22.02972222222221,492.84,625.0,485.3086611882711,489.0598333333331,0.0,0.2807505002827523,0.07763299080690597
2023-09-17,20.6,12.8,20.8,19.85027777777778,16.700000000000003,1.0,22.2,0.0,0.0,-0.97139528468375,-0.23746831555846842,9,Illinois,19.85027777777778,424.36000000000007,492.84,394.03352785493837,408.9157222222223,0.0,0.1986106966328102,0.062082141342670316
2023-09-18,21.7,11.7,0.0,21.426388888888887,16.7,0.0,20.6,0.0,0.0,-0.9753363880767837,-0.2207236509605022,9,Illinois,21.426388888888887,470.89,424.36000000000007,459.09014081790116,464.9526388888888,0.0,0.16499200738141281,0.07764759777945644
2023-09-19,19.4,14.4,6.4,18.065277777777776,16.9,1.0,21.7,0.0,0.0,-0.9789888737409319,-0.20391367068311472,9,Illinois,18.065277777777776,376.35999999999996,470.89,326.35426118827155,350.46638888888884,0.0,0.18718530213061815,0.04937785225683393
2023-09-20,26.7,16.1,0.0,26.986454903191134,21.4,0.0,19.4,0.0,0.0,-0.9823516608469237,-0.18704334906991657,9,Illinois,26.986454903191134,712.89,376.35999999999996,728.2687482419689,720.5383459152033,0.0,0.1445394474638177,0.2044893058734859
2023-09-21,24.4,18.9,1.0,24.37888888888889,21.65,1.0,26.7,0.0,0.0,-0.9854237542919524,-0.17011767832049052,9,Illinois,24.37888888888889,595.3599999999999,712.89,594.3302234567902,594.8448888888889,0.0,0.3496520609226692,0.11505283864108201
2023-09-22,25.6,18.3,0.3,25.665000000000003,21.950000000000003,1.0,24.4,0.0,0.0,-0.9882042449941422,-0.15314166701312007,9,Illinois,25.665000000000003,655.3600000000001,595.3599999999999,658.6922250000001,657.0240000000001,0.0,0.25996329900355686,0.15372053410453482
2023-09-23,25.6,17.8,0.0,24.904444444444447,21.700000000000003,0.0,25.6,0.0,0.0,-0.9906923101615609,-0.13612033862266704,9,Illinois,24.904444444444447,655.3600000000001,655.3600000000001,620.2313530864199,637.5537777777779,0.0,0.302944860709423,0.14592252721586316
2023-09-24,25.0,15.0,0.0,24.37888888888889,20.0,0.0,25.6,0.0,0.0,-0.9928872135356962,-0.11905873003404988,9,Illinois,24.37888888888889,625.0,655.3600000000001,594.3302234567902,609.4722222222223,0.0,0.3028950300392935,0.13656943002124722
2023-09-25,24.4,17.2,0.5,23.958333333333332,20.799999999999997,1.0,25.0,0.0,0.0,-0.994788305609327,-0.10196189005174576,9,Illinois,23.958333333333332,595.3599999999999,625.0,574.0017361111111,584.5833333333333,0.0,0.2803902604413803,0.12185705129217991
2023-09-26,23.3,17.8,6.4,22.894722222222228,20.55,1.0,24.4,0.0,0.0,-0.9963950238187231,-0.08483487790576538,9,Illinois,22.894722222222228,542.89,595.3599999999999,524.1683056327163,533.447027777778,0.0,0.25978421023313686,0.09805256306207864
2023-09-27,21.1,17.2,0.0,21.201111111111114,19.15,0.0,23.3,0.0,0.0,-0.9977068927101168,-0.06768276175455162,9,Illinois,21.201111111111114,445.21000000000004,542.89,449.4871123456791,447.3434444444445,0.0,0.22649371681896907,0.06467071249812487
2023-09-28,21.1,16.1,0.0,20.571666666666665,18.6,0.0,21.1,0.0,0.0,-0.9987235240803972,-0.050510617185222886,9,Illinois,20.571666666666665,445.21000000000004,445.21000000000004,423.1934694444444,434.06216666666666,0.0,0.17433906479779687,0.06728981802653097
2023-09-29,24.4,13.9,0.0,23.328333333333326,19.15,0.0,21.1,0.0,0.0,-0.9994446170919858,-0.033323525711631344,9,Illinois,23.328333333333326,595.3599999999999,445.21000000000004,544.2111361111108,569.2113333333331,0.0,0.17430128367070985,0.13128486220438473
2023-09-30,28.3,15.0,0.0,28.696246040435614,21.65,0.0,24.4,0.0,0.0,-0.9998699583618592,-0.016126573270657762,9,Illinois,28.696246040435614,800.89,595.3599999999999,823.4745368132167,812.1037629443279,0.07067691835148393,0.25957289509680515,0.29307567887274505
2023-10-01,29.4,17.2,0.0,28.59431378340449,23.299999999999997,0.0,28.3,0.0,0.0,-0.9999994220246925,0.001075151282798226,10,Illinois,28.59431378340449,864.3599999999999,800.89,817.6347807437961,840.672825232092,0.06642974097518713,0.43097102671309734,0.3267756963704963
2023-10-02,29.4,17.2,0.0,29.02254748851555,23.299999999999997,0.0,29.4,0.0,0.0,-0.999832969770105,0.018276557681691223,10,Illinois,29.02254748851555,864.3599999999999,864.3599999999999,842.3082627231402,853.2628961623572,0.08427281202148122,0.49828610175946036,0.33143236817684896
2023-10-03,30.6,18.3,0.0,29.414604370115587,24.450000000000003,0.0,29.4,0.0,0.0,-0.9993706508539969,0.03547255575312556,10,Illinois,29.414604370115587,936.3600000000001,864.3599999999999,865.218950250423,900.086893725537,0.10060851542148279,0.498182876687785,0.40189821707600554
2023-10-04,29.4,20.6,0.5,28.1825764545045,25.0,1.0,30.6,0.0,0.0,-0.9986126020839734,0.052658056924614005,10,Illinois,28.1825764545045,864.3599999999999,936.3600000000001,794.2576156139913,828.5677477624322,0.04927401893768746,0.582874526912858,0.31116540414673144
2023-10-05,21.7,15.6,10.7,25.96805555555556,18.65,1.0,29.4,0.0,0.0,-0.9975590477788613,0.06982797572987089,10,Illinois,25.96805555555556,470.89,864.3599999999999,674.33990933642,563.5068055555556,0.0,0.49796692686334243,0.08462270903374378
2023-10-06,16.1,7.2,0.8,19.82416666666667,11.65,1.0,21.7,0.0,0.0,-0.9962102997023297,0.0869772313136861,10,Illinois,19.82416666666667,259.21000000000004,470.89,392.9975840277779,319.16908333333345,0.0,0.1865288814299346,0.036346139428387415
2023-10-07,15.0,7.2,0.0,14.286944444444442,11.1,0.0,16.1,0.0,0.0,-0.9945667569706337,0.1041007489354256,10,Illinois,14.286944444444442,225.0,259.21000000000004,204.11678155864192,214.30416666666665,0.0,0.10359372586621897,0.03224063977983448
2023-10-08,13.3,7.2,0.0,12.081388888888888,10.25,0.0,15.0,0.0,0.0,-0.9926289059345095,0.121193461470736,10,Illinois,12.081388888888888,176.89000000000001,225.0,145.9599574845679,160.68247222222223,0.0,0.0938938035178659,0.026252581381402417
2023-10-09,15.0,6.1,0.0,13.656944444444441,10.55,0.0,13.3,0.0,0.0,-0.9903973200352558,0.1382503109109819,10,Illinois,13.656944444444441,225.0,176.89000000000001,186.5121315586419,204.85416666666663,0.0,0.08165423623776344,0.03471805325692612
2023-10-10,17.2,4.4,0.0,16.531666666666663,10.8,0.0,15.0,0.0,0.0,-0.9878726596350429,0.15526624985999563,10,Illinois,16.531666666666663,295.84,225.0,273.29600277777763,284.34466666666657,0.0,0.09383583553812523,0.04893592487423412
2023-10-11,19.4,5.0,9.9,18.316666666666666,12.2,1.0,17.2,0.0,0.0,-0.9850556718215013,0.172236243027682,10,Illinois,18.316666666666666,376.35999999999996,295.84,335.5002777777778,355.3433333333333,0.0,0.11480913677953286,0.07049309985369899
2023-10-12,17.2,11.7,11.9,15.87277777777778,14.45,1.0,19.4,0.0,0.0,-0.981947190186646,0.18915526872004093,10,Illinois,15.87277777777778,295.84,376.35999999999996,251.9450743827161,273.0117777777778,0.0,0.14378238156878814,0.04277635017446579
2023-10-13,15.0,12.2,13.0,15.426111111111108,13.6,1.0,17.2,0.0,0.0,-0.9785481345802031,0.20601832032517084,10,Illinois,15.426111111111108,225.0,295.84,237.96490401234558,231.39166666666662,0.0,0.11473397820814059,0.0306932592221884
2023-10-14,13.3,10.0,8.4,13.758611111111113,11.65,1.0,15.0,0.0,0.0,-0.9748595108374125,0.22282040779479959,10,Illinois,13.758611111111113,176.89000000000001,225.0,189.29937970679018,182.98952777777782,0.0,0.09371176199303065,0.025777627512932413
2023-10-15,15.0,7.8,0.0,14.443611111111112,11.4,0.0,13.3,0.0,0.0,-0.9708824104813836,0.23955655912092708,10,Illinois,14.443611111111112,225.0,176.89000000000001,208.61790192901236,216.65416666666667,0.0,0.0814914139821,0.03457488383439279
2023-10-16,12.2,6.1,0.0,12.329444444444443,9.149999999999999,0.0,15.0,0.0,0.0,-0.9666180104000972,0.2562218218071163,10,Illinois,12.329444444444443,148.83999999999997,225.0,152.01520030864194,150.4192222222222,0.0,0.0936458134503484,0.023685756437405676
2023-10-17,17.2,4.4,0.0,16.16333333333333,10.8,0.0,12.2,0.0,0.0,-0.9620675724981452,0.27281126433401914,10,Illinois,16.16333333333333,295.84,148.83999999999997,261.25334444444434,278.00933333333325,0.0,0.07500762642003611,0.05290467933813248
2023-10-18,19.4,7.8,3.0,19.01138888888889,13.6,1.0,17.2,0.0,0.0,-0.957232443323312,0.28931997761869527,10,Illinois,19.01138888888889,376.35999999999996,295.84,361.432907484568,368.8209444444445,0.0,0.11453240094217727,0.07041180968679883
2023-10-19,14.4,12.2,4.8,17.895555555555557,13.3,1.0,19.4,0.0,0.0,-0.9521140536681102,0.3057430764672831,10,Illinois,17.895555555555557,207.36,376.35999999999996,320.25090864197534,257.696,0.0,0.14343401185155222,0.027857617842350284
2023-10-20,15.6,8.3,0.0,14.495833333333334,11.95,0.0,14.4,0.0,0.0,-0.9467139181463862,0.3220757010206104,10,Illinois,14.495833333333334,243.35999999999999,207.36,210.1291840277778,226.135,0.0,0.0888667434910059,0.03849871275291238
2023-10-21,18.3,7.2,0.0,17.422777777777778,12.75,0.0,15.6,0.0,0.0,-0.9410336347451197,0.3383130181923076,10,Illinois,17.422777777777778,334.89000000000004,243.35999999999999,303.5531854938272,318.83683333333335,0.0,0.09853033482193944,0.05938684722335752
2023-10-22,15.0,5.6,0.0,13.81361111111111,10.3,0.0,18.3,0.0,0.0,-0.9350748843515574,0.3544502230989869,10,Illinois,13.81361111111111,225.0,334.89000000000004,190.8158519290123,207.20416666666665,0.0,0.12764052754007954,0.03610108116907645
2023-10-23,19.4,7.2,0.0,18.86777777777778,13.299999999999999,0.0,15.0,0.0,0.0,-0.9288394302558068,0.3704825404820963,10,Illinois,18.86777777777778,376.35999999999996,225.0,355.993038271605,366.0348888888889,0.0,0.09339589534698015,0.07300296003188744
2023-10-24,27.8,14.4,0.0,27.35456218899553,21.1,0.0,19.4,0.0,0.0,-0.9223291176290545,0.3864052261209853,10,Illinois,27.35456218899553,772.84,376.35999999999996,748.2720725516239,760.4568288540758,0.014773424541480415,0.14315827628405706,0.30833893939961315
2023-10-25,19.4,15.6,6.1,23.171666666666667,17.5,1.0,27.8,0.0,0.0,-0.9155458729775467,0.40221356823680365,10,Illinois,23.171666666666667,376.35999999999996,772.84,536.9261361111111,449.5303333333333,0.0,0.4006578909112904,0.060718062303732424
2023-10-26,22.2,17.8,8.9,22.19944444444444,20.0,1.0,19.4,0.0,0.0,-0.9084917035725082,0.41790288888678667,10,Illinois,22.19944444444444,492.84,376.35999999999996,492.81533364197503,492.8276666666665,0.0,0.1430422579103092,0.10159513897055851
2023-10-27,21.7,7.8,2.5,21.831111111111106,14.75,1.0,22.2,0.0,0.0,-0.9011686968561569,0.4334685453485363,10,Illinois,21.831111111111106,470.89,492.84,476.5974123456788,473.735111111111,0.0,0.19645145468024308,0.10811764591532312
2023-10-28,10.0,4.4,2.3,13.706388888888894,7.2,1.0,21.7,0.0,0.0,-0.8935790198239952,0.4489059314938798,10,Illinois,13.706388888888894,100.0,470.89,187.8650963734569,137.06388888888893,0.0,0.1851102497640697,0.01752645127347514
2023-10-29,9.4,3.9,1.5,9.389444444444443,6.65,1.0,10.0,0.0,0.0,-0.8857249183835637,0.4642104791518923,10,Illinois,9.389444444444443,88.36000000000001,100.0,88.16166697530862,88.26077777777778,0.0,0.0645567727565532,0.021127705335568025
2023-10-30,6.7,-0.6,0.0,6.055000000000001,3.0500000000000003,0.0,9.4,0.0,0.0,-0.8776087166898392,0.4793776594606945,10,Illinois,6.055000000000001,44.89,88.36000000000001,36.663025000000005,40.56850000000001,0.0,0.06230308492285945,0.017893753798505756
2023-10-31,2.8,-1.7,0.3,1.5422222222222202,0.5499999999999999,1.0,6.7,0.0,0.0,-0.8692328164574792,0.49440298420761813,10,Illinois,1.5422222222222202,7.839999999999999,44.89,2.378449382716043,4.318222222222216,0.0,0.054479886155316466,0.015450654425997402
2023-11-01,5.0,-2.8,0.0,3.943611111111112,1.1,0.0,2.8,0.0,0.0,-0.8605996962501181,0.5092820071573356,11,Illinois,3.943611111111112,25.0,7.839999999999999,15.55206859567902,19.71805555555556,0.0,0.04817016031432103,0.018205297869159247
2023-11-02,12.8,1.1,0.0,11.950833333333332,6.95,0.0,5.0,0.0,0.0,-0.8517119107469189,0.5240103253675756,11,Illinois,11.950833333333332,163.84000000000003,25.0,142.82241736111106,152.97066666666666,0.0,0.051067892430441846,0.03595675771172472
2023-11-03,14.4,6.7,0.0,13.69611111111111,10.55,0.0,12.8,0.0,0.0,-0.8425720899866032,0.5385835804920232,11,Illinois,13.69611111111111,207.36,163.84000000000003,187.5834595679012,197.224,0.0,0.07782723958146481,0.037041550472488555
2023-11-04,15.0,5.6,0.0,13.957222222222224,10.3,0.0,14.4,0.0,0.0,-0.8331829385891785,0.5529974600700271,11,Illinois,13.957222222222224,225.0,207.36,194.80405216049388,209.35833333333338,0.0,0.0882962812337658,0.04093648559606191
2023-11-05,16.1,2.2,0.0,14.98222222222222,9.15,0.0,15.0,0.0,0.0,-0.8235472349556007,0.5672476988027229,11,Illinois,14.98222222222222,259.21000000000004,225.0,224.4669827160493,241.21377777777775,0.0,0.09286405041023318,0.05120494111551023
2023-11-06,21.7,12.2,0.0,20.87472222222222,16.95,0.0,16.1,0.0,0.0,-0.8136678304455991,0.5813300798152042,11,Illinois,20.87472222222222,470.89,259.21000000000004,435.7540278549382,452.9814722222222,0.0,0.10238433593485466,0.10836905191862299
2023-11-07,13.9,7.8,0.0,17.396666666666672,10.85,0.0,21.7,0.0,0.0,-0.8035476485339116,0.5952404359043674,11,Illinois,17.396666666666672,193.21,470.89,302.6440111111113,241.81366666666673,0.0,0.1843039697688986,0.02995873524274564
2023-11-08,16.1,8.9,0.5,15.347777777777777,12.5,1.0,13.9,0.0,0.0,-0.7931896839451843,0.6089746507720486,11,Illinois,15.347777777777777,259.21000000000004,193.21,235.55428271604936,247.09922222222224,0.0,0.08458668313652948,0.047949451431661134
2023-11-09,13.9,5.6,0.0,13.00138888888889,9.75,0.0,16.1,0.0,0.0,-0.7825970017677834,0.6225286602431057,11,Illinois,13.00138888888889,193.21,259.21000000000004,169.0361130401235,180.71930555555556,0.0,0.1022372378663777,0.035516493352497666
2023-11-10,8.9,1.7,0.0,9.693055555555553,5.3,0.0,13.9,0.0,0.0,-0.7717727365467836,0.6358984534680745,11,Illinois,9.693055555555553,79.21000000000001,193.21,93.95532600308637,86.26819444444442,0.0,0.08450395185266571,0.020312128710931392
2023-11-11,11.1,-0.6,0.0,9.784444444444441,5.25,0.0,8.9,0.0,0.0,-0.7607200913564104,0.6490800741100398,11,Illinois,9.784444444444441,123.21,79.21000000000001,95.73535308641968,108.60733333333329,0.0,0.06025124533539065,0.031125105387704844
2023-11-12,14.4,5.6,0.0,13.591666666666669,10.0,0.0,11.1,0.0,0.0,-0.7494423368521954,0.6620696215153815,11,Illinois,13.591666666666669,207.36,123.21,184.73340277777783,195.72000000000003,0.0,0.06873378742298135,0.04084478544547752
2023-11-13,17.8,3.9,0.0,16.440277777777776,10.85,0.0,14.4,0.0,0.0,-0.7379428103031386,0.6748632518680403,11,Illinois,16.440277777777776,316.84000000000003,207.36,270.2827334104938,292.63694444444445,0.0,0.08791086422931409,0.06830965263940775
2023-11-14,17.2,2.2,0.0,15.850000000000001,9.7,0.0,17.8,0.0,0.0,-0.7262249146041543,0.6874571793269664,11,Illinois,15.850000000000001,295.84,316.84000000000003,251.22250000000005,272.62,0.0,0.12008396403351525,0.062232958728168905
2023-11-15,19.4,6.1,0.0,18.342777777777776,12.75,0.0,17.2,0.0,0.0,-0.7142921172691032,0.699847677146407,11,Illinois,18.342777777777776,376.35999999999996,295.84,336.4574966049382,355.8498888888888,0.0,0.11311776789556623,0.08383097995774198
2023-11-16,19.4,8.3,0.0,19.03750000000001,13.85,0.0,19.4,0.0,0.0,-0.7021479494046978,0.7120310787787131,11,Illinois,19.03750000000001,376.35999999999996,376.35999999999996,362.4264062500003,369.32750000000016,0.0,0.14166903939855605,0.0795147254544294
2023-11-17,17.2,2.2,0.3,17.501111111111115,9.7,1.0,19.4,0.0,0.0,-0.6897960046655887,0.7240037789593305,11,Illinois,17.501111111111115,295.84,376.35999999999996,306.2888901234569,301.01911111111116,0.0,0.14159835430420398,0.06377290679245326
2023-11-18,11.7,0.0,0.0,10.678333333333335,5.85,0.0,17.2,0.0,0.0,-0.6772399381909491,0.7357622347736527,11,Illinois,10.678333333333335,136.89,295.84,114.0268027777778,124.93650000000001,0.0,0.11294612574883187,0.031170670455742153
2023-11-19,12.2,2.2,0.0,11.529722222222224,7.199999999999999,0.0,11.7,0.0,0.0,-0.6644834655228552,0.7473029667054296,11,Illinois,11.529722222222224,148.83999999999997,136.89,132.934494521605,140.66261111111112,0.0,0.0713223620985828,0.033609185627920056
2023-11-20,10.0,6.1,8.9,9.285,8.05,1.0,12.2,0.0,0.0,-0.6515303615068021,0.75862255966641,11,Illinois,9.285,100.0,148.83999999999997,86.211225,92.85,0.0,0.0738440486565816,0.024966172435331398
2023-11-21,7.8,2.8,17.8,7.591388888888888,5.3,1.0,10.0,0.0,0.0,-0.6383844591746642,0.7697176640069211,11,Illinois,7.591388888888888,60.839999999999996,100.0,57.629185262345665,59.21283333333333,0.0,0.06382918940399275,0.021359850794595254
2023-11-22,8.3,0.6,0.0,7.565277777777774,4.45,0.0,7.8,0.0,0.0,-0.6250496486104377,0.7805849965070866,11,Illinois,7.565277777777774,68.89000000000001,60.839999999999996,57.23342785493821,62.79180555555553,0.0,0.056628696070326945,0.02391847824091766
2023-11-23,8.9,1.1,0.0,8.077777777777781,5.0,0.0,8.3,0.0,0.0,-0.6115298757991053,0.7912213413483807,11,Illinois,8.077777777777781,79.21000000000001,68.89000000000001,65.25049382716054,71.89222222222226,0.0,0.05801828961762754,0.025249257691585873
2023-11-24,2.8,-1.7,0.0,4.1525,0.5499999999999999,0.0,8.9,0.0,0.0,-0.5978291414589552,0.801623551065242,11,Illinois,4.1525,7.839999999999999,79.21000000000001,17.243256249999998,11.626999999999999,0.0,0.05984453991233887,0.01412123578579926
2023-11-25,3.9,-1.7,0.0,2.6058333333333334,1.1,0.0,2.8,0.0,0.0,-0.5839514998576998,0.8117885474764613,11,Illinois,2.6058333333333334,15.209999999999999,7.839999999999999,6.7903673611111115,10.16275,0.0,0.04758582614733542,0.019521207263295957
2023-11-26,1.7,-1.7,1.8,0.5438888888888884,0.0,1.0,3.9,0.0,0.0,-0.5699010576127624,0.8217133225960589,11,Illinois,0.5438888888888884,2.8899999999999997,15.209999999999999,0.2958151234567896,0.9246111111111103,0.0,0.048818232600231576,0.017547029707206976
2023-11-27,-1.1,-7.2,0.0,-0.9538888888888882,-4.15,0.0,1.7,0.0,0.0,-0.5556819724760489,0.8313949395234058,11,Illinois,-0.9538888888888882,1.2100000000000002,2.8899999999999997,0.9099040123456777,1.049277777777777,0.0,0.046620262886828585,0.015553493483360784
2023-11-28,-3.3,-8.9,0.0,-4.862777777777776,-6.1,0.0,-1.1,0.0,0.0,-0.5412984521036173,0.8408305333122887,11,Illinois,-4.862777777777776,10.889999999999999,1.2100000000000002,23.646607716049363,16.04716666666666,0.0,0.04570999646494424,0.018776120990357522
2023-11-29,5.6,-6.1,0.0,4.599722222222222,-0.25,0.0,-3.3,0.0,0.0,-0.5267547528105542,0.8500173118187018,11,Illinois,4.599722222222222,31.359999999999996,10.889999999999999,21.157444521604933,25.75844444444444,0.0,0.0463954826620573,0.02553587230429594
2023-11-30,12.8,0.0,0.0,12.13361111111111,6.4,0.0,5.6,0.0,0.0,-0.5120551783114646,0.8589525565270845,11,Illinois,12.13361111111111,163.84000000000003,31.359999999999996,147.22451859567897,155.31022222222222,0.0,0.05138874422146887,0.04284501238980532
2023-12-01,7.8,6.1,23.1,9.98027777777778,6.949999999999999,1.0,12.8,0.0,0.0,-0.4972040784469378,0.8676336233547726,12,Illinois,9.98027777777778,60.839999999999996,163.84000000000003,99.60594452160497,77.84616666666668,0.0,0.07672052027732772,0.018555825092261842
2023-12-02,7.8,5.0,0.0,6.5800000000000045,6.4,0.0,7.8,0.0,0.0,-0.4822058478963526,0.8760579434344281,12,Illinois,6.5800000000000045,60.839999999999996,60.839999999999996,43.29640000000006,51.324000000000034,0.0,0.056324135688903515,0.02271898604514245
2023-12-03,5.6,3.3,8.4,5.425000000000004,4.449999999999999,1.0,7.8,0.0,0.0,-0.46706492487743034,0.8842230238742036,12,Illinois,5.425000000000004,31.359999999999996,60.839999999999996,29.430625000000045,30.38000000000002,0.0,0.056293547437297246,0.01901878772915909
2023-12-04,5.6,1.1,0.0,4.678055555555558,3.3499999999999996,0.0,5.6,0.0,0.0,-0.451785789832884,0.8921264484954345,12,Illinois,4.678055555555558,31.359999999999996,31.359999999999996,21.884203780864215,26.19711111111112,0.0,0.0512769768545842,0.020677901479307804
2023-12-05,5.6,0.6,2.3,4.9,3.0999999999999996,1.0,5.6,0.0,0.0,-0.4363729641045924,0.8997658785476209,12,Illinois,4.9,31.359999999999996,31.359999999999996,24.010000000000005,27.44,0.0,0.051249063237679,0.02134017698810305
2023-12-06,5.0,0.0,0.0,3.245555555555559,2.5,0.0,5.6,0.0,0.0,-0.42083100859565564,0.9071390534005044,12,Illinois,3.245555555555559,25.0,31.359999999999996,10.533630864197553,16.227777777777796,0.0,0.05122117741469455,0.021515522020378035
2023-12-07,11.7,2.8,0.0,10.479166666666664,7.25,0.0,5.0,0.0,0.0,-0.4051645224207563,0.9142437912130223,12,Illinois,10.479166666666664,136.89,25.0,109.81293402777773,122.60624999999996,0.0,0.05014463819011607,0.03758576872709678
2023-12-08,13.3,7.2,0.0,12.85444444444444,10.25,0.0,11.7,0.0,0.0,-0.3893781415452015,0.9210779895789526,12,Illinois,12.85444444444444,176.89000000000001,136.89,165.23674197530852,170.96411111111107,0.0,0.07060084860469056,0.03876113196507542
2023-12-09,13.9,2.2,5.3,13.167777777777777,8.05,1.0,13.3,0.0,0.0,-0.37347653741307074,0.9276396261490467,12,Illinois,13.167777777777777,193.21,176.89000000000001,173.39037160493825,183.0321111111111,0.0,0.0793645650099181,0.04716517681937559
2023-12-10,2.2,0.0,0.0,5.150833333333335,1.1,0.0,13.9,0.0,0.0,-0.3574644155648614,0.9339267592294762,12,Illinois,5.150833333333335,4.840000000000001,193.21,26.53108402777779,11.331833333333337,0.0,0.0831844024756537,0.012147136427087214
2023-12-11,2.8,-1.7,0.0,1.698888888888885,0.5499999999999999,0.0,2.2,0.0,0.0,-0.34134651424503615,0.9399375283564133,12,Illinois,1.698888888888885,7.839999999999999,4.840000000000001,2.88622345679011,4.756888888888877,0.0,0.046637691086173334,0.019651167495877368
2023-12-12,4.4,-2.2,0.0,2.7494444444444475,1.1,0.0,2.8,0.0,0.0,-0.3251276029999093,0.9456701548465688,12,Illinois,2.7494444444444475,19.360000000000003,7.839999999999999,7.559444753086436,12.09755555555557,0.0,0.04714802797086593,0.022652305313038457
2023-12-13,5.6,-5.0,0.0,4.208055555555556,0.2999999999999998,0.0,4.4,0.0,0.0,-0.30881248126625377,0.9511229423235357,12,Illinois,4.208055555555556,31.359999999999996,19.360000000000003,17.70773155864198,23.56511111111111,0.0,0.049055293469800566,0.025156057718207198
2023-12-14,11.1,-0.6,0.0,9.693055555555553,5.25,0.0,5.6,0.0,0.0,-0.29240597695107734,0.9562942772197719,12,Illinois,9.693055555555553,123.21,31.359999999999996,93.95532600308637,107.59291666666664,0.0,0.051000071902722204,0.03846634176820287
2023-12-15,12.2,2.2,0.0,11.320833333333333,7.199999999999999,0.0,11.1,0.0,0.0,-0.27591294500296043,0.9611826292540837,12,Illinois,11.320833333333333,148.83999999999997,123.21,128.1612673611111,138.11416666666665,0.0,0.06753969816285109,0.038679976050354434
2023-12-16,9.4,5.6,16.3,9.693055555555553,7.5,1.0,12.2,0.0,0.0,-0.2593382659754056,0.9657865518844574,12,Illinois,9.693055555555553,88.36000000000001,148.83999999999997,93.95532600308637,91.1147222222222,0.0,0.07282520578864055,0.02577704631271939
2023-12-17,7.2,2.8,0.0,6.801944444444447,5.0,0.0,9.4,0.0,0.0,-0.2426868445825954,0.9701046827361175,12,Illinois,6.801944444444447,51.84,88.36000000000001,46.26644822530868,48.97400000000002,0.0,0.06077244788822814,0.022554105034646058
2023-12-18,2.8,-5.6,0.3,3.193333333333336,-1.4,1.0,7.2,0.0,0.0,-0.22596360824801906,0.974135744004672,12,Illinois,3.193333333333336,7.839999999999999,51.84,10.197377777777795,8.94133333333334,0.0,0.054302524721345787,0.019050505530820883
2023-12-19,1.1,-7.8,0.0,-1.2149999999999987,-3.3499999999999996,0.0,2.8,0.0,0.0,-0.20917350564635637,0.9778785428342386,12,Illinois,-1.2149999999999987,1.2100000000000002,7.839999999999999,1.476224999999997,-1.3364999999999987,0.0,0.04697222680945155,0.02302007078403259
2023-12-20,6.1,-0.6,0.0,4.915277777777776,2.75,0.0,1.1,0.0,0.0,-0.19232150523909483,0.9813319716704275,12,Illinois,4.915277777777776,37.209999999999994,1.2100000000000002,24.159955632716034,29.983194444444432,0.0,0.045688162469037064,0.02529979171941512
2023-12-21,10.0,1.7,0.0,8.524444444444445,5.85,0.0,6.1,0.0,0.0,-0.17541259380427843,0.9844950085880858,12,Illinois,8.524444444444445,100.0,37.209999999999994,72.66615308641975,85.24444444444444,0.0,0.051774166210981604,0.03344384702251448
2023-12-22,8.3,6.7,14.7,7.826388888888889,7.5,1.0,10.0,0.0,0.0,-0.15845177496083632,0.9873667175937016,12,Illinois,7.826388888888889,68.89000000000001,100.0,61.25236304012346,64.95902777777779,0.0,0.062780612854705,0.024334302894524356
2023-12-23,10.6,7.2,0.0,8.534722222222225,8.9,0.0,8.3,0.0,0.0,-0.14144406768794202,0.9899462489023779,12,Illinois,8.534722222222225,112.36,68.89000000000001,72.84148341049388,90.46805555555558,0.0,0.05709400088863768,0.03239764632751104
2023-12-24,13.3,10.0,0.0,12.998055555555554,11.65,0.0,10.6,0.0,0.0,-0.12439450483979998,0.9922328391893008,12,Illinois,12.998055555555554,176.89000000000001,112.36,168.9494482253086,172.8741388888889,0.0,0.0650842479278432,0.03941849508732006
2023-12-25,15.6,10.6,8.9,15.282499999999999,13.1,1.0,13.3,0.0,0.0,-0.10730813165636247,0.9942258118156161,12,Illinois,15.282499999999999,243.35999999999999,176.89000000000001,233.55480624999996,238.40699999999998,0.0,0.07870556050058028,0.054207860419447654
2023-12-26,10.6,0.6,0.3,12.681944444444445,5.6,1.0,15.6,0.0,0.0,-0.09019000427034513,0.9959245770286599,12,Illinois,12.681944444444445,112.36,243.35999999999999,160.83171489197534,134.4286111111111,0.0,0.09535431537610345,0.03066513804770064
2023-12-27,6.7,-0.6,0.0,5.950555555555555,3.0500000000000003,0.0,10.6,0.0,0.0,-0.07304518821104743,0.9973286321364752,12,Illinois,5.950555555555555,44.89,112.36,35.40911141975308,39.86872222222222,0.0,0.06498622036525595,0.023872929414038135
2023-12-28,6.7,3.3,5.8,5.594722222222227,5.0,1.0,6.7,0.0,0.0,-0.05587875690537313,0.9984375616565666,12,Illinois,5.594722222222227,44.89,44.89,31.300916743827216,37.484638888888924,0.0,0.05286071732827984,0.024424123878712185
2023-12-29,6.7,0.0,6.1,6.224722222222224,3.35,1.0,6.7,0.0,0.0,-0.03869579017652689,0.9992510374388481,12,Illinois,6.224722222222224,44.89,44.89,38.74716674382718,41.7056388888889,0.0,0.05283459144515158,0.02515459543242134
2023-12-30,3.9,-1.7,0.0,3.2847222222222268,1.1,0.0,6.7,0.0,0.0,-0.021501372740813793,0.999768818762748,12,Illinois,3.2847222222222268,15.209999999999999,44.89,10.789400077160524,12.810416666666685,0.0,0.052808688671333606,0.020576086703763062
2023-12-31,3.3,0.0,0.5,2.5633333333333317,1.65,1.0,3.9,0.0,0.0,-0.004300592702981974,0.9999907524084426,12,Illinois,2.5633333333333317,10.889999999999999,15.209999999999999,6.570677777777769,8.458999999999994,0.0,0.04792246057639177,0.02062622170906126
2024-01-01,1.1,-1.7,0.0,0.21416666666666295,-0.29999999999999993,0.0,3.3,0.0,0.0,0.017201575418260506,0.9998520419557735,1,Illinois,0.21416666666666295,1.2100000000000002,10.889999999999999,0.04586736111110952,0.23558333333332926,0.0,0.04717688388852089,0.018786489361313163
2024-01-02,5.0,-2.2,0.0,3.4311111111111123,1.4,0.0,1.1,0.0,0.0,0.03439806061360801,0.9994082116062598,1,Illinois,3.4311111111111123,25.0,1.2100000000000002,11.772523456790132,17.155555555555562,0.0,0.045385204593227146,0.025513024528363612
2024-01-03,2.8,0.0,0.0,2.445833333333331,1.4,0.0,5.0,0.0,0.0,0.051584366869408364,0.9986686402879997,1,Illinois,2.445833333333331,7.839999999999999,25.0,5.9821006944444335,6.8483333333333265,0.0,0.04944372420252529,0.018787805082325148
2024-01-04,3.3,-2.2,0.0,2.0933333333333337,0.5499999999999998,0.0,2.8,0.0,0.0,0.06875540848113941,0.9976335468520451,1,Illinois,2.0933333333333337,10.889999999999999,7.839999999999999,4.382044444444446,6.908000000000001,0.0,0.04659255124008969,0.02200313031736583
2024-01-05,2.8,-2.2,0.8,1.698888888888885,0.2999999999999998,1.0,3.3,0.0,0.0,0.08590610426133272,0.9963032375991965,1,Illinois,1.698888888888885,7.839999999999999,10.889999999999999,2.88622345679011,4.756888888888877,0.0,0.047088146500810446,0.02180153040752493
2024-01-06,1.7,-0.6,2.5,0.9224999999999994,0.55,1.0,2.8,0.0,0.0,0.10303137904317879,0.9946781061893646,1,Illinois,0.9224999999999994,2.8899999999999997,7.839999999999999,0.851006249999999,1.568249999999999,0.0,0.04654960309535752,0.01963002890637913
2024-01-07,1.7,0.6,1.3,0.9224999999999994,1.15,1.0,1.7,0.0,0.0,0.1201261651823505,0.9927586335250793,1,Illinois,0.9224999999999994,2.8899999999999997,2.8899999999999997,0.851006249999999,1.568249999999999,0.0,0.04563332779814423,0.019455721265099722
2024-01-08,3.3,0.0,1.3,2.406666666666663,1.65,1.0,1.7,0.0,0.0,0.13718540405660057,0.9905453876091833,1,Illinois,2.406666666666663,10.889999999999999,2.8899999999999997,5.792044444444428,7.941999999999988,0.0,0.04561287312305879,0.021680538798258445
2024-01-09,2.8,1.1,20.3,2.2733333333333325,1.95,1.0,3.3,0.0,0.0,0.1542040475626894,0.988039023376751,1,Illinois,2.2733333333333325,7.839999999999999,10.889999999999999,5.16804444444444,6.36533333333333,0.0,0.04700334844198382,0.019761221355343233
2024-01-10,1.7,-0.6,0.0,1.4997222222222224,0.55,0.0,2.8,0.0,0.0,0.17117705961019986,0.985240282501282,1,Illinois,1.4997222222222224,2.8899999999999997,7.839999999999999,2.249166743827161,2.549527777777778,0.0,0.04646674951468864,0.018295183623883292
2024-01-11,1.7,-2.2,0.3,0.8833333333333352,-0.2500000000000001,1.0,1.7,0.0,0.0,0.18809941761179758,0.9821499931752291,1,Illinois,0.8833333333333352,2.8899999999999997,2.8899999999999997,0.7802777777777811,1.5016666666666698,0.0,0.045553070627362933,0.020663079347564572
2024-01-12,3.3,-0.6,16.5,2.798333333333333,1.3499999999999999,1.0,1.7,0.0,0.0,0.20496611396949532,0.9787690698649216,1,Illinois,2.798333333333333,10.889999999999999,2.8899999999999997,7.830669444444442,9.234499999999999,0.0,0.0455336755268903,0.02141768855683381
2024-01-13,1.1,-16.7,1.3,2.6938888888888872,-7.8,1.0,3.3,0.0,0.0,0.22177215755648186,0.975098513039961,1,Illinois,2.6938888888888872,1.2100000000000002,10.889999999999999,7.257037345679003,2.963277777777776,0.0,0.04692286979766003,0.021527949867580626
2024-01-14,-16.7,-22.8,0.0,-12.674166666666661,-19.75,0.0,1.1,0.0,0.0,0.23851257519407648,0.9711394088771653,1,Illinois,-12.674166666666661,278.89,1.2100000000000002,160.6345006944443,211.65858333333324,0.0,0.04514352972583998,0.0193711710735511
2024-01-15,-15.6,-22.8,0.0,-18.106944444444444,-19.2,0.0,-16.7,0.0,0.0,0.2551824131233728,0.9668929289391521,1,Illinois,-18.106944444444444,243.35999999999999,278.89,327.86143711419754,282.4683333333333,0.0,0.08832536183460962,0.06034191116395976
2024-01-16,-15.0,-20.6,0.0,-17.608055555555556,-17.8,0.0,-15.6,0.0,0.0,0.2717767384711357,0.9623603298276545,1,Illinois,-17.608055555555556,225.0,243.35999999999999,310.0436204475309,264.12083333333334,0.0,0.08060313979881364,0.05549121655926318
2024-01-17,-5.0,-15.6,0.0,-8.801111111111112,-10.3,0.0,-15.0,0.0,0.0,0.2882906407095177,0.9575429528116719,1,Illinois,-8.801111111111112,25.0,225.0,77.45955679012347,44.00555555555556,0.0,0.0768692764835496,0.03719801322993586
2024-01-18,-2.2,-10.6,1.8,-4.154999999999999,-6.4,1.0,-5.0,0.0,0.0,0.3047192331091634,0.9524422234305676,1,Illinois,-4.154999999999999,4.840000000000001,25.0,17.264024999999993,9.141,0.0,0.04664578255306573,0.025563409351342752
2024-01-19,-8.9,-14.4,0.8,-5.808888888888891,-11.65,1.0,-2.2,0.0,0.0,0.321057654185271,0.9470596510722283,1,Illinois,-5.808888888888891,79.21000000000001,4.840000000000001,33.74319012345681,51.69911111111113,0.0,0.044737906207222115,0.015147920753964095
2024-01-20,-6.7,-15.0,0.0,-8.39361111111111,-10.85,0.0,-8.9,0.0,0.0,0.3373010691361842,0.9413968285264122,1,Illinois,-8.39361111111111,44.89,79.21000000000001,70.45270748456788,56.237194444444434,0.0,0.05307269857071416,0.02737837618856635
2024-01-21,-5.6,-16.7,0.0,-7.633055555555558,-11.149999999999999,0.0,-6.7,0.0,0.0,0.3534446712740877,0.9354554315134164,1,Illinois,-7.633055555555558,31.359999999999996,44.89,58.26353711419756,42.74511111111112,0.0,0.04880094797605903,0.028310440637003307
2024-01-22,1.7,-5.6,0.3,0.29249999999999926,-1.9499999999999997,1.0,-5.6,0.0,0.0,0.3694836834473831,0.9292372181882051,1,Illinois,0.29249999999999926,2.8899999999999997,31.359999999999996,0.08555624999999957,0.49724999999999875,0.0,0.047257561910514015,0.02508610125146419
2024-01-23,3.3,1.1,7.4,2.654722222222219,2.2,1.0,1.7,0.0,0.0,0.38541335945432564,0.9227440286201427,1,Illinois,2.654722222222219,10.889999999999999,2.8899999999999997,7.047550077160476,8.760583333333322,0.0,0.04533984369445531,0.021008056765390408
2024-01-24,4.4,1.1,6.4,3.861944444444446,2.75,1.0,3.3,0.0,0.0,0.4012289854475009,0.9159777842484877,1,Illinois,3.861944444444446,19.360000000000003,10.889999999999999,14.91461489197532,16.992555555555562,0.0,0.046726673353258606,0.022010255411870527
2024-01-25,5.6,3.3,7.9,4.491944444444442,4.449999999999999,1.0,4.4,0.0,0.0,0.4169258813287287,0.908940487313808,1,Illinois,4.491944444444442,31.359999999999996,19.360000000000003,20.17756489197529,25.154888888888877,0.0,0.04809329803748707,0.02358980190851961
2024-01-26,5.6,3.9,5.1,5.069722222222223,4.75,1.0,5.6,0.0,0.0,0.4324994021339788,0.901634220265486,1,Illinois,5.069722222222223,31.359999999999996,31.359999999999996,25.702083410493838,28.390444444444448,0.0,0.05001112630786455,0.02222034098854939
2024-01-27,5.6,3.3,1.8,5.0174999999999965,4.449999999999999,1.0,5.6,0.0,0.0,0.44794493940789115,0.8940611451454876,1,Illinois,5.0174999999999965,31.359999999999996,31.359999999999996,25.175306249999966,28.097999999999978,0.0,0.049994933807086576,0.02252150063881296
2024-01-28,5.0,1.7,1.3,3.861944444444446,3.35,1.0,5.6,0.0,0.0,0.4632579225674917,0.88622350294858,1,Illinois,3.861944444444446,25.0,31.359999999999996,14.91461489197532,19.30972222222223,0.0,0.049979125622289254,0.022943082542966575
2024-01-29,4.4,-0.6,0.0,3.6008333333333318,1.9000000000000001,0.0,5.0,0.0,0.0,0.4784338202547012,0.8781236129591848,1,Illinois,3.6008333333333318,19.360000000000003,25.0,12.966000694444434,15.84366666666666,0.0,0.048939614118765594,0.021908460638787448
2024-01-30,4.4,2.8,0.0,4.7825,3.6,0.0,4.4,0.0,0.0,0.49346814167723735,0.8697638720650646,1,Illinois,4.7825,19.360000000000003,19.360000000000003,22.872306249999998,21.043,0.0,0.04801726381348794,0.019170806426989838
2024-01-31,4.4,2.8,0.0,3.6008333333333318,3.6,0.0,4.4,0.0,0.0,0.5083564379375122,0.8611467540480452,1,Illinois,3.6008333333333318,19.360000000000003,19.360000000000003,12.966000694444434,15.84366666666666,0.0,0.048003186760126555,0.020644769425945245
2024-02-01,13.3,2.2,0.0,12.71083333333333,7.75,0.0,4.4,0.0,0.0,0.5230943033491326,0.8522748088519838,2,Illinois,12.71083333333333,176.89000000000001,19.360000000000003,161.5652840277777,169.0540833333333,0.0,0.0479894955099586,0.050473278928855836
2024-02-02,6.1,0.6,0.0,4.978333333333333,3.3499999999999996,0.0,13.3,0.0,0.0,0.5376773767406141,0.8431506618282,2,Illinois,4.978333333333333,37.209999999999994,176.89000000000001,24.78380277777777,30.367833333333326,0.0,0.0774781483064397,0.02250715463569985
2024-02-03,4.4,-0.6,0.0,3.535555555555558,1.9000000000000001,0.0,6.1,0.0,0.0,0.5521013427459208,0.8337770129585915,2,Illinois,3.535555555555558,19.360000000000003,37.209999999999994,12.50015308641977,15.556444444444457,0.0,0.05083802000362016,0.02158816365607687
2024-02-04,8.3,0.0,0.0,6.8574999999999955,4.15,0.0,4.4,0.0,0.0,0.5663619330814524,0.8241566360566663,2,Illinois,6.8574999999999955,68.89000000000001,19.360000000000003,47.025306249999936,56.91724999999997,0.0,0.0479507733268026,0.0307345805780965
2024-02-05,6.7,0.6,0.0,4.743333333333331,3.65,0.0,8.3,0.0,0.0,0.580454927809098,0.8142923779467267,2,Illinois,4.743333333333331,44.89,68.89000000000001,22.499211111111094,31.78033333333332,0.0,0.056093421893950675,0.026048762321148087
2024-02-06,6.1,0.6,0.0,4.7825,3.3499999999999996,0.0,6.7,0.0,0.0,0.5943761565849831,0.804187157621448,2,Illinois,4.7825,37.209999999999994,44.89,22.872306249999998,29.173249999999996,0.0,0.0520512074658464,0.024295683323903774
2024-02-07,8.9,-1.1,0.0,7.5,3.9000000000000004,0.0,6.1,0.0,0.0,0.6081214998935418,0.7938439653781019,2,Illinois,7.5,79.21000000000001,37.209999999999994,56.25,66.75,0.0,0.050787600238131884,0.03234944505708273
2024-02-08,15.6,8.3,4.3,14.022499999999999,11.95,1.0,8.9,0.0,0.0,0.6216868902665479,0.7832658619336791,2,Illinois,14.022499999999999,243.35999999999999,79.21000000000001,196.63050624999997,218.75099999999998,0.0,0.05785098578460982,0.06111351976554649
2024-02-09,14.4,3.3,0.0,14.022499999999999,8.85,0.0,15.6,0.0,0.0,0.6350683134867438,0.7724559775191742,2,Illinois,14.022499999999999,207.36,243.35999999999999,196.63050624999997,201.92399999999998,0.0,0.0937687921164085,0.04997737544433649
2024-02-10,6.1,0.6,0.0,10.426944444444441,3.3499999999999996,0.0,14.4,0.0,0.0,0.6482618097757122,0.7614175109532997,2,Illinois,10.426944444444441,37.209999999999994,207.36,108.7211704475308,63.60436111111109,0.0,0.08450240052797588,0.01676165741326874
2024-02-11,6.1,-1.7,0.0,5.0463888888888935,2.1999999999999997,0.0,6.1,0.0,0.0,0.6612634749656386,0.7501537286959042,2,Illinois,5.0463888888888935,37.209999999999994,37.209999999999994,25.46604081790128,30.78297222222225,0.0,0.05074411465359916,0.024844539344724907
2024-02-12,7.8,-3.9,0.0,6.766111111111108,1.95,0.0,6.1,0.0,0.0,0.6740694616546161,0.7386679638813748,2,Illinois,6.766111111111108,60.839999999999996,37.209999999999994,45.7802595679012,52.775666666666645,0.0,0.05073434946967572,0.029814911879374805
2024-02-13,5.6,-1.1,0.0,5.0725000000000025,2.25,0.0,7.8,0.0,0.0,0.6866759803451553,0.726963615332308,2,Illinois,5.0725000000000025,31.359999999999996,60.839999999999996,25.730256250000025,28.406000000000013,0.0,0.05462604789050793,0.02235763502333881
2024-02-14,8.9,-2.8,0.0,7.22583333333333,3.0500000000000003,0.0,5.6,0.0,0.0,0.6990793005655562,0.7150441465537444,2,Illinois,7.22583333333333,79.21000000000001,31.359999999999996,52.212667361111066,64.30991666666664,0.0,0.04977293897457953,0.033412280842057544
2024-02-15,7.8,0.0,1.5,6.658333333333333,3.9,1.0,8.9,0.0,0.0,0.7112757519738152,0.7029130847082615,2,Illinois,6.658333333333333,60.839999999999996,79.21000000000001,44.33340277777778,51.934999999999995,0.0,0.057773410822535995,0.027650016683662865
2024-02-16,0.6,-5.6,0.0,2.4752777777777784,-2.5,0.0,7.8,0.0,0.0,0.7232617254437388,0.6905740195722293,2,Illinois,2.4752777777777784,0.36,60.839999999999996,6.127000077160496,1.485166666666667,0.0,0.054598918161191334,0.014761533015890492
2024-02-17,-1.1,-10.0,0.0,-1.9363888888888878,-5.55,0.0,0.6,0.0,0.0,0.7350336741329413,0.6780306024735382,2,Illinois,-1.9363888888888878,1.2100000000000002,0.36,3.7496019290123415,2.130027777777777,0.0,0.04448647823284065,0.020220013601861722
2024-02-18,8.3,-4.4,0.0,6.661666666666666,1.9500000000000002,0.0,-1.1,0.0,0.0,0.746588114532413,0.6652865452111116,2,Illinois,6.661666666666666,68.89000000000001,1.2100000000000002,44.377802777777774,55.29183333333334,0.0,0.04419370225086157,0.03449373292250363
2024-02-19,11.1,-3.3,0.0,9.575555555555553,3.9,0.0,8.3,0.0,0.0,0.7579216274973472,0.6523456189565257,2,Illinois,9.575555555555553,123.21,68.89000000000001,91.69126419753081,106.28866666666664,0.0,0.055946650976385424,0.04029807098735424
2024-02-20,14.4,0.0,0.0,13.526388888888887,7.2,0.0,11.1,0.0,0.0,0.7690308592589181,0.6392116531380588,2,Illinois,13.526388888888887,207.36,123.21,182.96319637345673,194.77999999999997,0.0,0.06590588409036872,0.05444141056699614
2024-02-21,20.0,7.8,0.0,18.841666666666672,13.9,0.0,14.4,0.0,0.0,0.7799125224167177,0.6258885343075018,2,Illinois,18.841666666666672,400.0,207.36,355.008402777778,376.8333333333334,0.0,0.08435918920300922,0.10837196708165228
2024-02-22,16.1,7.8,0.0,15.021388888888888,11.950000000000001,0.0,20.0,0.0,0.0,0.7905633969115482,0.612380204990065,2,Illinois,15.021388888888888,259.21000000000004,400.0,225.64212415123453,241.8443611111111,0.0,0.1455090202251794,0.05452901884564248
2024-02-23,11.1,-1.7,3.8,10.283333333333328,4.7,1.0,16.1,0.0,0.0,0.8009803309782905,0.5986906625177214,2,Illinois,10.283333333333328,123.21,259.21000000000004,105.74694444444434,114.14499999999994,0.0,0.09792238187296082,0.035650425079779786
2024-02-24,2.2,-4.4,0.0,2.445833333333331,-1.1,0.0,11.1,0.0,0.0,0.8111602420785621,0.5848239578463322,2,Illinois,2.445833333333331,4.840000000000001,123.21,5.9821006944444335,5.380833333333329,0.0,0.06588030469925857,0.016676711766989576
2024-02-25,16.7,0.0,0.0,15.376666666666669,8.35,0.0,2.2,0.0,0.0,0.8211001178128892,0.5707841943569036,2,Illinois,15.376666666666669,278.89,4.840000000000001,236.44187777777785,256.79033333333336,0.0,0.04537926973083538,0.0822560379783998
2024-02-26,22.2,5.6,0.0,21.67722222222221,13.899999999999999,0.0,16.7,0.0,0.0,0.8307970168121247,0.5565755266413303,2,Illinois,21.67722222222221,492.84,278.89,469.90196327160436,481.23433333333304,0.0,0.10355675511642158,0.16049350624300013
2024-02-27,23.3,11.7,13.0,22.108055555555545,17.5,1.0,22.2,0.0,0.0,0.8402480696078469,0.5422021592729844,2,Illinois,22.108055555555545,542.89,492.84,488.7661204475304,515.1176944444442,0.0,0.18741028644463803,0.16947288365744329
2024-02-28,11.7,-5.0,0.8,20.545555555555556,3.3499999999999996,1.0,23.3,0.0,0.0,0.8494504794814806,0.527668345562516,2,Illinois,20.545555555555556,136.89,542.89,422.11985308641977,240.38299999999998,0.0,0.2142278504351534,0.03251189297825798
2024-02-29,7.8,-6.7,0.0,5.940277777777779,0.5499999999999998,0.0,11.7,0.0,0.0,0.8584015232918917,0.512978386299228,2,Illinois,5.940277777777779,60.839999999999996,136.89,35.28690007716051,46.334166666666675,0.0,0.06859249056963682,0.029052502425929577
2024-03-01,8.3,0.0,0.0,7.291111111111109,4.15,0.0,7.8,0.0,0.0,0.8670985522812081,0.4981366284784055,3,Illinois,7.291111111111109,68.89000000000001,60.839999999999996,53.16030123456787,60.516222222222204,0.0,0.05453156418836165,0.026712984607699747
2024-03-02,15.6,2.8,0.0,14.98222222222222,9.2,0.0,8.3,0.0,0.0,0.8755389928586302,0.4831474640149687,3,Illinois,14.98222222222222,243.35999999999999,68.89000000000001,224.4669827160493,233.7226666666666,0.0,0.055899872780885776,0.06031619338569595
2024-03-03,23.3,7.2,0.0,22.359444444444453,15.25,0.0,15.6,0.0,0.0,0.8837203473619977,0.4680153284438345,3,Illinois,22.359444444444453,542.89,243.35999999999999,499.9447558641979,520.9750555555557,0.0,0.09353494268761817,0.18702577029107478
2024-03-04,22.2,7.2,5.1,22.108055555555545,14.7,1.0,23.3,0.0,0.0,0.8916401947968874,0.45274469960737107,3,Illinois,22.108055555555545,492.84,542.89,488.7661204475304,490.7988333333331,0.0,0.21420944272381567,0.14736199815544967
2024-03-05,7.2,4.4,24.4,21.044444444444448,5.800000000000001,1.0,22.2,0.0,0.0,0.8992961915530253,0.4373400963303323,3,Illinois,21.044444444444448,51.84,492.84,442.8686419753088,151.52000000000004,0.0,0.18738743429973395,0.013134012932300631
2024-03-06,10.0,4.4,0.0,9.102222222222222,7.2,0.0,7.2,0.0,0.0,0.9066860720977985,0.4218060770826634,3,Illinois,9.102222222222222,100.0,51.84,82.85044938271605,91.02222222222223,0.0,0.05302806752254212,0.02863651539027479
2024-03-07,10.0,3.9,0.0,8.759444444444442,6.95,0.0,10.0,0.0,0.0,0.9138076496466615,0.4061472386305789,3,Illinois,8.759444444444442,100.0,100.0,76.7278669753086,87.59444444444442,0.0,0.06144242472948843,0.028285918338814896
2024-03-08,8.3,5.0,23.4,7.735000000000001,6.65,1.0,10.0,0.0,0.0,0.9206588168102428,0.3903682146763026,3,Illinois,7.735000000000001,68.89000000000001,100.0,59.83022500000002,64.20050000000002,0.0,0.06144471943651709,0.023211135172401323
2024-03-09,8.3,1.1,0.0,6.831388888888886,4.7,0.0,8.3,0.0,0.0,0.9272375462179537,0.374473674486883,3,Illinois,6.831388888888886,68.89000000000001,68.89000000000001,46.66787415123452,56.70052777777776,0.0,0.05590721623263906,0.025624905426577225
2024-03-10,9.4,-0.6,0.0,7.686111111111115,4.4,0.0,8.3,0.0,0.0,0.9335418911179212,0.35846832151248087,3,Illinois,7.686111111111115,88.36000000000001,68.89000000000001,59.076304012345744,72.24944444444449,0.0,0.0559103511162298,0.02960292197705938
2024-03-11,20.0,0.6,0.0,19.41944444444444,10.3,0.0,9.4,0.0,0.0,0.9395699859530622,0.342356891994542,3,Illinois,19.41944444444444,400.0,88.36000000000001,377.11482253086405,388.3888888888888,0.0,0.05933306740471034,0.12009040519121154
2024-03-12,22.2,8.9,0.0,21.690277777777773,15.55,0.0,20.0,0.0,0.0,0.945320046913132,0.3261441535642696,3,Illinois,21.690277777777773,492.84,400.0,470.46815007716026,481.52416666666653,0.0,0.14548462626451017,0.13746219480772479
2024-03-13,20.6,8.9,3.8,19.536944444444444,14.75,1.0,22.2,0.0,0.0,0.9507903724625832,0.3098349038318025,3,Illinois,19.536944444444444,424.36000000000007,492.84,381.69219822530863,402.46105555555556,0.0,0.18745960353173585,0.10235752069484286
2024-03-14,19.4,5.6,20.8,18.656111111111105,12.5,1.0,20.6,0.0,0.0,0.9559793438440766,0.2934339689665273,3,Illinois,18.656111111111105,376.35999999999996,424.36000000000007,348.05048179012323,361.9285555555554,0.0,0.15561041012211976,0.08946962150349119
2024-03-15,11.1,3.3,0.0,9.888888888888888,7.199999999999999,0.0,19.4,0.0,0.0,0.9608854255574977,0.27694620226893646,3,Illinois,9.888888888888888,123.21,376.35999999999996,97.7901234567901,109.76666666666665,0.0,0.13629224861156677,0.02793522793121945
2024-03-16,15.6,4.4,0.0,14.32611111111111,10.0,0.0,11.1,0.0,0.0,0.9655071658143364,0.2603764827344581,3,Illinois,14.32611111111111,243.35999999999999,123.21,205.23745956790123,223.4873333333333,0.0,0.06590602229956392,0.05347596012148055
2024-03-17,6.1,-0.6,0.0,8.433055555555558,2.75,0.0,15.6,0.0,0.0,0.969843196967294,0.24372971360968387,3,Illinois,8.433055555555558,37.209999999999994,243.35999999999999,71.11642600308647,51.4416388888889,0.0,0.09361285785206103,0.015827380148277313
2024-03-18,2.8,-3.3,0.0,1.490000000000001,-0.25,0.0,6.1,0.0,0.0,0.9738922359149924,0.22701082094141847,3,Illinois,1.490000000000001,7.839999999999999,37.209999999999994,2.220100000000003,4.172000000000003,0.0,0.050685372843387,0.017900938924165742
2024-03-19,15.0,-1.1,0.0,14.143333333333333,6.95,0.0,2.8,0.0,0.0,0.9776530844816641,0.2102247521189836,3,Illinois,14.143333333333333,225.0,7.839999999999999,200.03387777777775,212.14999999999998,0.0,0.04594043462425661,0.057964264720931774
2024-03-20,7.2,-0.6,0.0,13.0275,3.3000000000000003,0.0,15.0,0.0,0.0,0.981124629771712,0.19337647441020586,3,Illinois,13.0275,51.84,225.0,169.71575625,93.798,0.0,0.08883064346093855,0.015493810522202214
2024-03-21,5.0,-2.2,0.0,3.2222222222222205,1.4,0.0,7.2,0.0,0.0,0.984305844499033,0.17647097349152166,3,Illinois,3.2222222222222205,25.0,51.84,10.382716049382704,16.111111111111104,0.0,0.05310206996937209,0.02014144800491171
2024-03-22,4.4,-0.6,3.6,3.036666666666671,1.9000000000000001,1.0,5.0,0.0,0.0,0.9871957872910085,0.15951325197263655,3,Illinois,3.036666666666671,19.360000000000003,25.0,9.22134444444447,13.361333333333354,0.0,0.04875281691245835,0.01917646368042879
2024-03-23,4.4,0.0,0.0,2.6580555555555603,2.2,0.0,4.4,0.0,0.0,0.9897936029670716,0.14250832791617088,3,Illinois,2.6580555555555603,19.360000000000003,19.360000000000003,7.065259336419778,11.695444444444465,0.0,0.04785669613423646,0.018884036257526545
2024-03-24,10.0,0.6,0.0,8.945555555555558,5.3,0.0,4.4,0.0,0.0,0.992098522791769,0.12546123335273648,3,Illinois,8.945555555555558,100.0,19.360000000000003,80.0229641975309,89.45555555555558,0.0,0.04786550628945555,0.02888572391784846
2024-03-25,18.9,8.3,11.9,17.856388888888894,13.6,1.0,10.0,0.0,0.0,0.9941098647022418,0.10837701279187609,3,Illinois,17.856388888888894,357.2099999999999,100.0,318.85062415123474,337.48575000000005,0.0,0.06157002914400138,0.0822909631650801
2024-03-26,14.4,1.1,2.0,16.662222222222216,7.75,1.0,18.9,0.0,0.0,0.9958270335100595,0.09126072172931188,3,Illinois,16.662222222222216,207.36,357.2099999999999,277.62964938271585,239.93599999999992,0.0,0.12942319015282433,0.040960481016878984
2024-03-27,6.7,-1.1,0.0,5.02027777777778,2.8,0.0,14.4,0.0,0.0,0.9972495210773451,0.07411742515094437,3,Illinois,5.02027777777778,44.89,207.36,25.203188966049407,33.635861111111126,0.0,0.08452017381034249,0.019837495280121038
2024-03-28,11.1,-0.6,0.0,10.19194444444444,5.25,0.0,6.7,0.0,0.0,0.998376906467142,0.056952196034039754,3,Illinois,10.19194444444444,123.21,44.89,103.87573155864187,113.13058333333328,0.0,0.05202736140950016,0.03160687486158199
2024-03-29,11.7,2.2,5.1,10.19194444444444,6.949999999999999,1.0,11.1,0.0,0.0,0.9992088560679753,0.03977011384605572,3,Illinois,10.19194444444444,136.89,123.21,103.87573155864187,119.24574999999994,0.0,0.06605470158961728,0.032077325159032125
2024-03-30,17.8,5.0,13.2,16.91027777777777,11.4,1.0,11.7,0.0,0.0,0.9997451236925734,0.022576263041545485,3,Illinois,16.91027777777777,316.84000000000003,136.89,285.95749452160476,301.0029444444443,0.0,0.06880900431702067,0.06956824080894942
2024-03-31,10.6,4.4,13.0,9.862777777777778,7.5,1.0,17.8,0.0,0.0,0.9999855506507186,0.005375731557583884,3,Illinois,9.862777777777778,112.36,316.84000000000003,97.27438549382715,104.54544444444444,0.0,0.11568349240982387,0.02423938564858537
2024-04-01,10.6,6.7,11.4,8.824722222222224,8.65,1.0,10.6,0.0,0.0,0.9999300657962057,-0.011826390691832589,4,Illinois,8.824722222222224,112.36,112.36,77.87572229938274,93.54205555555558,0.0,0.06399686266397413,0.025963122811747494
2024-04-02,16.7,2.8,4.1,13.20694444444444,9.75,1.0,10.6,0.0,0.0,0.9995786855478958,-0.029025013321975237,4,Illinois,13.20694444444444,278.89,112.36,174.42338155864186,220.55597222222215,0.0,0.06401344267872296,0.06245437564650865
2024-04-03,4.4,1.7,6.4,3.6400000000000037,3.0500000000000003,1.0,16.7,0.0,0.0,0.9989315138848577,-0.046215046983708354,4,Illinois,3.6400000000000037,19.360000000000003,278.89,13.249600000000028,16.016000000000016,0.0,0.10396781684606,0.014393079669272384
2024-04-04,6.1,2.8,2.5,5.320555555555559,4.449999999999999,1.0,4.4,0.0,0.0,0.9979887423155984,-0.06339140486951038,4,Illinois,5.320555555555559,37.209999999999994,19.360000000000003,28.308311419753117,32.455388888888905,0.0,0.047989740861336116,0.018228162395658505
2024-04-05,10.0,2.8,0.0,8.367777777777777,6.4,0.0,6.1,0.0,0.0,0.9967506498213929,-0.08054900421874167,4,Illinois,8.367777777777777,100.0,37.209999999999994,70.01970493827159,83.67777777777776,0.0,0.050880521967821356,0.025842418635641896
2024-04-06,11.7,0.6,0.0,10.218055555555555,6.1499999999999995,0.0,10.0,0.0,0.0,0.9952176027737294,-0.09768276782171598,4,Illinois,10.218055555555555,136.89,100.0,104.40865933641975,119.55124999999998,0.0,0.061752450375728546,0.030788107782079452
2024-04-07,11.1,4.4,11.4,10.479166666666664,7.75,1.0,11.7,0.0,0.0,0.9933900548258936,-0.11478762552212701,4,Illinois,10.479166666666664,123.21,136.89,109.81293402777773,116.31874999999997,0.0,0.0689579961985763,0.026123271644790724
2024-04-08,22.8,8.9,0.0,22.385555555555563,15.850000000000001,0.0,11.1,0.0,0.0,0.9912685467787256,-0.13185851571739118,4,Illinois,22.385555555555563,519.84,123.21,501.11309753086454,510.39066666666685,0.0,0.06623369261771586,0.1447673270594056
2024-04-09,17.8,10.0,0.0,20.626666666666676,13.9,0.0,22.8,0.0,0.0,0.9888537064205885,-0.1488903868564548,4,Illinois,20.626666666666676,316.84000000000003,519.84,425.4593777777782,367.15466666666686,0.0,0.2025945437545327,0.052243909583071096
2024-04-10,20.0,6.7,0.0,18.802500000000006,13.35,0.0,17.8,0.0,0.0,0.986146248341595,-0.16587819893463143,4,Illinois,18.802500000000006,400.0,316.84000000000003,353.53400625000023,376.0500000000001,0.0,0.11600744847860701,0.08261292618654277
2024-04-11,14.4,10.0,2.0,16.518611111111106,12.2,1.0,20.0,0.0,0.0,0.9831469737221499,-0.1828169249850199,4,Illinois,16.518611111111106,207.36,400.0,272.8645130401233,237.86799999999994,0.0,0.14637027334257288,0.031015737667527923
2024-04-12,18.3,7.8,1.3,17.72583333333333,13.05,1.0,14.4,0.0,0.0,0.9798567700958665,-0.1997015525660636,4,Illinois,17.72583333333333,334.89000000000004,207.36,314.205167361111,324.38275,0.0,0.0848936667324386,0.06416704984152573
2024-04-13,21.7,6.1,0.0,21.165277777777774,13.899999999999999,0.0,18.3,0.0,0.0,0.9762766110869321,-0.21652708524481437,4,Illinois,21.165277777777774,470.89,334.89000000000004,447.9689834104937,459.2865277777777,0.0,0.1221723323429461,0.11128385385861425
2024-04-14,27.2,14.4,0.0,25.87666666666667,20.8,0.0,21.7,0.0,0.0,0.9724075561219968,-0.23328854407545518,4,Illinois,25.87666666666667,739.8399999999999,470.89,669.6018777777779,703.8453333333333,0.0,0.17788078719929498,0.2626224485493702
2024-04-15,23.3,10.0,0.0,22.22888888888889,16.65,0.0,27.2,0.0,0.0,0.9682507501166718,-0.2499809690726521,4,Illinois,22.22888888888889,542.89,739.8399999999999,494.1235012345679,517.9331111111111,0.0,0.3567127795329381,0.12517821823178144
2024-04-16,27.2,11.7,1.0,26.986454903191134,19.45,1.0,23.3,0.0,0.0,0.9638074231367307,-0.26659942067929354,4,Illinois,26.986454903191134,739.8399999999999,542.89,728.2687482419689,734.0315733667989,0.0,0.21588586071291682,0.285160681212817
2024-04-17,21.1,12.2,0.3,24.32666666666667,16.65,1.0,27.2,0.0,0.0,0.9590788900341131,-0.28313898122818354,4,Illinois,24.32666666666667,445.21000000000004,739.8399999999999,591.7867111111113,513.2926666666668,0.0,0.35693849960510393,0.08843327915017761
2024-04-18,15.6,8.3,1.8,14.587222222222225,11.95,1.0,21.1,0.0,0.0,0.9540665500578387,-0.2995947563972602,4,Illinois,14.587222222222225,243.35999999999999,445.21000000000004,212.78705216049391,227.56066666666672,0.0,0.16611484194291679,0.03734374342219909
2024-04-19,14.4,6.1,0.0,13.526388888888887,10.25,0.0,15.6,0.0,0.0,0.9487718864399473,-0.31596187665790293,4,Illinois,13.526388888888887,207.36,243.35999999999999,182.96319637345673,194.77999999999997,0.0,0.09441886254553619,0.03341622192307747
2024-04-20,9.4,2.2,0.0,11.872499999999999,5.800000000000001,0.0,14.4,0.0,0.0,0.9431964659565866,-0.33223549871590435,4,Illinois,11.872499999999999,88.36000000000001,207.36,140.95625624999997,111.60149999999999,0.0,0.08514146283659293,0.017398053189145682
2024-04-21,15.0,1.7,0.0,13.487222222222222,8.35,0.0,9.4,0.0,0.0,0.9373419384643772,-0.3484108069446808,4,Illinois,13.487222222222222,225.0,88.36000000000001,181.90516327160492,202.30833333333334,0.0,0.05993497778827064,0.04207911201759703
2024-04-22,20.0,5.6,0.0,18.658888888888896,12.8,0.0,15.0,0.0,0.0,0.9312100364121947,-0.3644830148102912,4,Illinois,18.658888888888896,400.0,225.0,348.1541345679015,373.1777777777779,0.0,0.08966624390138161,0.08021309127535901
2024-04-23,17.8,6.1,0.5,17.543055555555554,11.95,1.0,20.0,0.0,0.0,0.9248025743285089,-0.38044736628785164,4,Illinois,17.543055555555554,316.84000000000003,400.0,307.7587982253086,312.26638888888886,0.0,0.1470031066234992,0.05339666861813736
2024-04-24,8.3,2.8,0.0,14.717777777777782,5.550000000000001,0.0,17.8,0.0,0.0,0.9181214482844364,-0.39629913726891813,4,Illinois,14.717777777777782,68.89000000000001,316.84000000000003,216.6129827160495,122.1575555555556,0.0,0.11660139091637577,0.012709189098694729
2024-04-25,13.9,1.1,0.0,13.197222222222223,7.5,0.0,8.3,0.0,0.0,0.9111686353326631,-0.41203363695942635,4,Illinois,13.197222222222223,193.21,68.89000000000001,174.16667438271605,183.4413888888889,0.0,0.05657595364036465,0.03545559064891778
2024-04-26,17.8,7.2,10.9,14.929999999999998,12.5,1.0,13.9,0.0,0.0,0.9039461929224011,-0.42764620926777464,4,Illinois,14.929999999999998,316.84000000000003,193.21,222.90489999999994,265.75399999999996,0.0,0.08191627200977132,0.055459470626214404
2024-04-27,26.1,15.6,0.5,25.71722222222222,20.85,1.0,17.8,0.0,0.0,0.8964562582905575,-0.44313223418263453,4,Illinois,25.71722222222222,681.21,316.84000000000003,661.3755188271604,671.2194999999999,0.0,0.11674736846366875,0.21118264893551297
2024-04-28,25.0,16.7,33.3,24.48333333333333,20.85,1.0,26.1,0.0,0.0,0.8887010478292915,-0.45848712914008766,4,Illinois,24.48333333333333,625.0,681.21,599.433611111111,612.0833333333333,0.0,0.309925719595628,0.15148858242401606
2024-04-29,21.1,12.2,28.7,23.302222222222216,16.65,1.0,25.0,0.0,0.0,0.8806828564301475,-0.47370635037968,4,Illinois,23.302222222222216,445.21000000000004,625.0,542.9935604938269,491.6768888888888,0.0,0.26879842695947226,0.08156086168921649
2024-04-30,23.9,10.0,0.0,23.68416666666666,16.95,0.0,21.1,0.0,0.0,0.8724040568049612,-0.48878539428899265,4,Illinois,23.68416666666666,571.2099999999999,445.21000000000004,560.9397506944441,566.0515833333332,0.0,0.16690977285288675,0.13908832555917297
2024-05-01,25.6,15.6,0.0,24.551944444444445,20.6,0.0,23.9,0.0,0.0,0.8638670987837349,-0.503719798736334,5,Illinois,24.551944444444445,655.3600000000001,571.2099999999999,602.7979760030864,628.5297777777778,0.0,0.23395718225355513,0.16721021481567394
2024-05-02,27.8,13.9,22.9,26.637222222222224,20.85,1.0,25.6,0.0,0.0,0.8550745085896932,-0.518505144391157,5,Illinois,26.637222222222224,772.84,655.3600000000001,709.5416077160495,740.5147777777778,0.0,0.290821277817781,0.267955633103461
2024-05-03,20.0,11.7,2.5,21.07055555555556,15.85,1.0,27.8,0.0,0.0,0.8460288880917339,-0.533137056031809,5,Illinois,21.07055555555556,400.0,772.84,443.9683114197533,421.4111111111112,0.0,0.388832897130127,0.06172699567355148
2024-05-04,27.8,10.6,2.5,27.624331573457855,19.2,1.0,20.0,0.0,0.0,0.8367329140344921,-0.5476112038402312,5,Illinois,27.624331573457855,772.84,400.0,763.1036948803405,767.9564177421283,0.026013815560743964,0.14769355944252824,0.30498848229448855
2024-05-05,18.3,11.1,0.0,26.0463888888889,14.7,0.0,27.8,0.0,0.0,0.8271893372462497,-0.5619233046832195,5,Illinois,26.0463888888889,334.89000000000004,772.84,678.414374151235,476.6489166666669,0.0,0.38914229979336007,0.05005964023783833
2024-05-06,21.7,10.0,0.0,21.47861111111111,15.85,0.0,18.3,0.0,0.0,0.8174009818249189,-0.5760691233798758,5,Illinois,21.47861111111111,470.89,334.89000000000004,461.3307352623456,466.08586111111106,0.0,0.12332297983052203,0.09019241755731949
2024-05-07,25.0,15.6,27.4,24.5225,20.3,1.0,21.7,0.0,0.0,0.8073707443023492,-0.5900444739548627,5,Illinois,24.5225,625.0,470.89,601.35300625,613.0625,0.0,0.17953167511720045,0.15297577484578082
2024-05-08,25.6,12.2,0.0,24.695555555555554,18.9,0.0,25.0,0.0,0.0,0.7971015927871943,-0.6038452208771035,5,Illinois,24.695555555555554,655.3600000000001,625.0,609.8704641975309,632.2062222222222,0.0,0.26982239955715615,0.16883893051532273
2024-05-09,18.3,10.6,16.0,20.127777777777773,14.45,1.0,25.6,0.0,0.0,0.7865965660866021,-0.6174672802835514,5,Illinois,20.127777777777773,334.89000000000004,655.3600000000001,405.1274382716047,368.33833333333325,0.0,0.2916891272886862,0.045948895896728924
2024-05-10,20.6,8.9,0.5,19.063611111111115,14.75,1.0,18.3,0.0,0.0,0.7758587728069828,-0.6309066211876704,5,Illinois,19.063611111111115,424.36000000000007,334.89000000000004,363.4212685956792,392.710388888889,0.0,0.12355737762006451,0.07433803525417337
2024-05-11,21.7,11.1,0.0,20.626666666666676,16.4,0.0,20.6,0.0,0.0,0.7648913904341225,-0.6441592666722685,5,Illinois,20.626666666666676,470.89,424.36000000000007,425.4593777777782,447.5986666666669,0.0,0.15844856357539744,0.0825504995367088
2024-05-12,28.9,10.6,0.0,27.318101132851165,19.75,0.0,21.7,0.0,0.0,0.753697664392914,-0.6572212950663319,5,Illinois,27.318101132851165,835.2099999999999,470.89,746.2786495046842,789.4931227393986,0.013254213868798548,0.1799512790381382,0.3303432234265579
2024-05-13,27.8,16.7,10.7,27.065915636284476,22.25,1.0,28.9,0.0,0.0,0.742280907086982,-0.6700888411055113,5,Illinois,27.065915636284476,772.84,835.2099999999999,732.5637892304685,752.4324546887085,0.0027464848451865067,0.4520838684823265,0.23776068882256943
2024-05-14,17.8,11.7,0.0,19.429166666666664,14.75,0.0,27.8,0.0,0.0,0.7306444969184916,-0.6827580970759147,5,Illinois,19.429166666666664,316.84000000000003,772.84,377.49251736111097,345.83916666666664,0.0,0.39060361731834214,0.03778162427907409
2024-05-15,21.1,12.2,0.0,20.049444444444443,16.65,0.0,17.8,0.0,0.0,0.7187918772884232,-0.6952253139408722,5,Illinois,20.049444444444443,445.21000000000004,316.84000000000003,401.9802225308641,423.0432777777778,0.0,0.11773147467006982,0.07290028797289795
2024-05-16,24.4,11.1,4.6,23.82777777777777,17.75,1.0,21.1,0.0,0.0,0.7067265555776158,-0.7074868024503348,5,Illinois,23.82777777777777,595.3599999999999,445.21000000000004,567.76299382716,581.3977777777775,0.0,0.1681506930810542,0.13960321387487173
2024-05-17,27.2,15.6,0.0,26.95966309799115,21.4,0.0,24.4,0.0,0.0,0.6944521021088763,-0.719538934232584,5,Illinois,26.95966309799115,739.8399999999999,595.3599999999999,726.8234343571858,733.3028362653592,0.0,0.250970235782532,0.2168437935395861
2024-05-18,30.6,16.1,0.0,29.36368185555555,23.35,0.0,27.2,0.0,0.0,0.6819721490904629,-0.7313781428679254,5,Illinois,29.36368185555555,936.3600000000001,739.8399999999999,862.2258121142823,898.5286647799999,0.09848674398148131,0.3613226847694085,0.3997808390995528
2024-05-19,25.0,17.2,0.0,28.33797592205119,21.1,0.0,30.6,0.0,0.0,0.6692903895412567,-0.7430009249440493,5,Illinois,28.33797592205119,625.0,936.3600000000001,803.0408793587529,708.4493980512798,0.055748996752132886,0.5676841333242401,0.14243993949663786
2024-05-20,29.4,17.2,5.3,30.194046724604465,23.299999999999997,1.0,25.0,0.0,0.0,0.6564105761979381,-0.7544038410927472,5,Illinois,30.194046724604465,864.3599999999999,625.0,911.6804576075976,887.7049737033713,0.13308528019185273,0.2713110977532151,0.3508260985968733
2024-05-21,32.8,17.2,0.0,32.21115006887111,25.0,0.0,29.4,0.0,0.0,0.6433365204044917,-0.765583517007675,5,Illinois,32.21115006887111,1075.84,864.3599999999999,1037.5581887593355,1056.5257222589723,0.21713125286962973,0.4848132888462802,0.5949422823878799
2024-05-22,27.2,17.8,0.0,31.689232329591157,22.5,0.0,32.8,1.0,1.0,0.6300720909843687,-0.7765366444428655,5,Illinois,31.689232329591157,739.8399999999999,1075.84,1004.2074456388053,861.9471193648794,0.19538468039963153,0.7553289274100008,0.23453508455916378
2024-05-23,26.7,13.9,0.0,25.837500000000002,20.3,0.0,27.2,1.0,1.0,0.6166212130956382,-0.7872599821916922,5,Illinois,25.837500000000002,712.89,739.8399999999999,667.5764062500001,689.86125,0.0,0.3634927916163575,0.1850229980826565
2024-05-24,26.1,18.9,14.7,25.74333333333333,22.5,1.0,26.7,1.0,1.0,0.6029878670694714,-0.7977503570459932,5,Illinois,25.74333333333333,681.21,712.89,662.7192111111109,671.901,0.0,0.34043376634510747,0.1571393545662854
2024-05-25,23.3,15.0,0.0,23.302222222222216,19.15,0.0,26.1,0.0,1.0,0.5891760872322963,-0.8080046647350754,5,Illinois,23.302222222222216,542.89,681.21,542.9935604938269,542.9417777777777,0.0,0.2432122047508196,0.06568384421091955
2024-05-26,23.9,15.0,20.3,22.29083333333332,19.45,1.0,23.3,0.0,1.0,0.5751899607119775,-0.8180198708443174,5,Illinois,22.29083333333332,571.2099999999999,542.89,496.8812506944439,532.7509166666663,0.0,0.16842180042983257,0.07517766224320607
2024-05-27,23.9,15.0,0.0,24.02361111111111,19.45,0.0,23.9,0.0,1.0,0.5610336262283677,-0.8277930117131022,5,Illinois,24.02361111111111,571.2099999999999,571.2099999999999,577.1338908179011,574.1643055555554,0.0,0.18191971545184968,0.07550351649634936
2024-05-28,22.8,13.3,3.0,22.003611111111102,18.05,1.0,23.9,0.0,1.0,0.5467112728685939,-0.8373211953118121,5,Illinois,22.003611111111102,519.84,571.2099999999999,484.15890192901196,501.68233333333313,0.0,0.18201205817992983,0.06242775458603191
2024-05-29,21.7,11.7,0.0,20.822500000000005,16.7,0.0,22.8,0.0,0.0,0.5322271388474397,-0.8466016020976267,5,Illinois,20.822500000000005,470.89,519.84,433.5765062500002,451.8482500000001,0.0,0.20695842875339923,0.07231573594435062
2024-05-30,21.7,9.4,0.0,21.139166666666668,15.55,0.0,21.7,0.0,0.0,0.5175855102531889,-0.8556314858488706,5,Illinois,21.139166666666668,470.89,470.89,446.8643673611112,458.7199166666667,0.0,0.1815665954423832,0.0762712400190101
2024-05-31,27.2,12.2,0.0,26.493611111111115,19.7,0.0,21.7,0.0,0.0,0.5027907197793043,-0.8644081744776648,5,Illinois,26.493611111111115,739.8399999999999,470.89,701.9114297067903,720.6262222222223,0.0,0.1816591705930387,0.21572526740309034
2024-06-01,20.6,16.1,13.7,25.3125,18.35,1.0,27.2,0.0,0.0,0.4878471454423119,-0.8729290708206411,6,Illinois,25.3125,424.36000000000007,739.8399999999999,640.72265625,521.4375,0.0,0.36364141820596857,0.059320372581940804
2024-06-02,24.4,15.6,0.0,24.32666666666667,20.0,0.0,20.6,0.0,0.0,0.47275920928627757,-0.881191653407483,6,Illinois,24.32666666666667,595.3599999999999,424.36000000000007,591.7867111111113,593.5706666666667,0.0,0.1602108776373491,0.11710882736401669
2024-06-03,31.7,16.1,0.0,31.53111406157112,23.9,0.0,24.4,0.0,0.0,0.4575313760742512,-0.8891934772070711,6,Illinois,31.53111406157112,1004.89,595.3599999999999,994.211153963808,999.5363157518045,0.18879641923213,0.2530499118970119,0.4976741774765209
2024-06-04,31.7,21.7,5.6,30.743255411111097,26.7,1.0,31.7,0.0,0.0,0.44216815196707204,-0.8969321743510065,6,Illinois,30.743255411111097,1004.89,1004.89,945.1477532728118,974.5611965322217,0.15596897546296237,0.6588676267944736,0.42755425689986615
2024-06-05,27.2,20.6,9.1,30.194046724604465,23.9,1.0,31.7,0.0,0.0,0.42667408318992467,-0.9044054548343001,6,Illinois,30.194046724604465,739.8399999999999,1004.89,911.6804576075976,821.2780709092415,0.13308528019185273,0.6591218061170797,0.20191803410467785
2024-06-06,26.7,18.3,0.0,25.94194444444445,22.5,0.0,27.2,0.0,0.0,0.4110537546870351,-0.9116111071930239,6,Illinois,25.94194444444445,712.89,739.8399999999999,672.9844815586422,692.6499166666667,0.0,0.3644837447816029,0.16170303716064496
2024-06-07,26.7,15.6,0.0,26.415277777777785,21.15,0.0,26.7,0.0,0.0,0.3953117887649151,-0.9185469991587165,6,Illinois,26.415277777777785,712.89,712.89,697.7669000771609,705.2879166666669,0.0,0.34137614495360086,0.17246494062171205
2024-06-08,26.7,13.3,6.4,25.56055555555555,20.0,1.0,26.7,0.0,0.0,0.37945284372454435,-0.925211078289358,6,Illinois,25.56055555555555,712.89,712.89,653.3420003086417,682.4668333333332,0.0,0.34153570155985713,0.17790787048602494
2024-06-09,27.8,12.8,0.0,26.376111111111115,20.3,0.0,26.7,0.0,0.0,0.36348161248290634,-0.9316013725767187,6,Illinois,26.376111111111115,772.84,712.89,695.6992373456792,733.255888888889,0.0,0.34169507256849185,0.21596438349923672
2024-06-10,20.6,12.8,0.0,20.796388888888895,16.700000000000003,0.0,27.8,0.0,0.0,0.3474028211842774,-0.9377159910299093,6,Illinois,20.796388888888895,424.36000000000007,772.84,432.4897908179015,428.4056111111113,0.0,0.3953637485727489,0.05256114580403228
2024-06-11,26.1,10.0,0.0,25.28638888888889,18.05,0.0,20.6,0.0,0.0,0.3312212278016865,-0.9435531242349544,6,Illinois,25.28638888888889,681.21,424.36000000000007,639.4014630401235,659.9747500000001,0.0,0.16095446196838167,0.17168886858374552
2024-06-12,33.3,20.0,0.0,31.37722273372446,26.65,0.0,26.1,0.0,0.0,0.31494162072895193,-0.9491110448902284,6,Illinois,31.37722273372446,1108.8899999999999,681.21,984.530106481755,1044.8615170330245,0.18238428057185244,0.31629861894113226,0.5642847931379597
2024-06-13,32.8,22.8,0.5,34.016651047591154,27.799999999999997,1.0,33.3,1.0,1.0,0.2985688173637202,-0.9543881083175908,6,Illinois,34.016651047591154,1075.84,1108.8899999999999,1157.1325484935844,1115.7461543609897,0.2923604603162981,0.8091064624748465,0.557525435607282
2024-06-14,30.6,18.3,0.0,30.967434366904588,24.450000000000003,0.0,32.8,2.0,2.0,0.2821076626819194,-0.9593827529490743,6,Illinois,30.967434366904588,936.3600000000001,1075.84,958.9819912685433,947.6034916272804,0.16530976528769115,0.7637704303359749,0.35726819040433777
2024-06-15,30.0,16.7,0.0,28.925280710631114,23.35,0.0,30.6,2.0,2.0,0.26556302780405594,-0.9640935007889755,6,Illinois,28.925280710631114,900.0,936.3600000000001,836.6718641888084,867.7584213189334,0.08022002960962975,0.5777093252656236,0.30641847162931063
2024-06-16,35.6,21.7,0.0,36.089105944444455,28.65,0.0,30.0,1.0,2.0,0.24893980855376657,-0.9685189578512204,6,Illinois,36.089105944444455,1267.3600000000001,900.0,1302.423567869336,1284.7721716222227,0.37871274768518565,0.4243800194759854,0.7171060646550733
2024-06-17,36.1,26.1,0.0,38.15792965555557,31.1,0.0,35.6,1.0,3.0,0.23224292400907015,-0.9726578145718654,6,Illinois,38.15792965555557,1303.21,1267.3600000000001,1456.0275955983273,1377.501260565556,0.46491373564814875,0.7493074721602806,0.6317243119279934
2024-06-18,35.0,26.1,0.0,36.127153572515546,30.55,0.0,36.1,2.0,4.0,0.21547731504673012,-0.976508846196619,6,Illinois,36.127153572515546,1225.0,1303.21,1305.1712252521227,1264.450375038044,0.3802980655214811,0.8032899691385819,0.4730860965720047
2024-06-19,35.0,25.6,0.0,35.85863781863108,30.3,0.0,35.0,3.0,5.0,0.19864794288017112,-0.9800709131432666,6,Illinois,35.85863781863108,1225.0,1225.0,1285.8419062077592,1255.0523236520878,0.3691099091096284,0.6952383124326414,0.47070248840829826
2024-06-20,30.0,19.4,0.0,32.755005308284495,24.7,0.0,35.0,3.0,5.0,0.18175978759137534,-0.9833429613388902,6,Illinois,32.755005308284495,900.0,1225.0,1072.8903727457455,982.6501592485349,0.23979188784518732,0.6954893069497099,0.18108624591097397
2024-06-21,35.0,20.0,0.0,35.10459696540446,27.5,0.0,30.0,2.0,4.0,0.16481784665719793,-0.9863240225317866,6,Illinois,35.10459696540446,1225.0,900.0,1232.3327281034842,1228.660893789156,0.3376915402251859,0.3356938747356967,0.5018250026205339
2024-06-22,35.0,22.8,39.1,35.85863781863108,28.9,1.0,35.0,2.0,5.0,0.14782713347053048,-0.9890132145779883,6,Illinois,35.85863781863108,1225.0,1225.0,1285.8419062077592,1255.0523236520878,0.3691099091096284,0.5645567693943729,0.37895695896406306
2024-06-23,28.3,21.7,1.5,32.21115006887111,25.0,1.0,35.0,2.0,6.0,0.13079267585675922,-0.9914097417023038,6,Illinois,32.21115006887111,800.89,1225.0,1037.5581887593355,911.5755469490525,0.21713125286962973,0.4519747154009639,0.06257211958237358
2024-06-24,31.1,19.4,0.0,30.454350755555513,25.25,0.0,28.3,2.0,5.0,0.11371951458594969,-0.9935128947338007,6,Illinois,30.454350755555513,967.21,800.89,927.4674799424047,947.1303084977765,0.1439312814814797,0.20185001207794695,0.1466200813423057
2024-06-25,29.4,22.8,11.4,31.229195675431228,26.1,1.0,31.1,1.0,4.0,0.0966127018812031,-0.9953220513156602,6,Illinois,31.229195675431228,864.3599999999999,967.21,975.2626625343726,918.1383528576781,0.17621648647630117,0.3088211691953099,0.10503717762431512
2024-06-26,30.6,18.9,0.0,30.28317007140459,24.75,0.0,29.4,0.0,3.0,0.07947729992362097,-0.9968366760893436,6,Illinois,30.28317007140459,936.3600000000001,864.3599999999999,917.0703895736148,926.6650041849805,0.13679875297519128,0.23675601117878078,0.1317005046754213
2024-06-27,22.8,17.2,0.0,27.932119356095637,20.0,0.0,30.6,0.0,2.0,0.062318379354325076,-0.998056320853012,6,Illinois,27.932119356095637,519.84,936.3600000000001,780.2032917231725,636.8523213189806,0.038838306503984864,0.36507065455243776,0.03940760963345143
2024-06-28,24.4,19.4,5.3,24.613888888888894,21.9,1.0,22.8,0.0,2.0,0.04514101777397193,-0.9989806246941579,6,Illinois,24.613888888888894,595.3599999999999,519.84,605.8435262345681,600.578888888889,0.0,0.12242058020721552,0.050005833810942646
2024-06-29,31.7,22.8,0.0,35.286900788051064,27.25,0.0,24.4,0.0,1.0,0.02795029824021032,-0.999609314096404,6,Illinois,35.286900788051064,1004.89,595.3599999999999,1245.1653672257587,1118.5947549812188,0.345287532835461,0.19728794961583337,0.39650592390048045
2024-06-30,22.8,16.1,0.0,31.04908144444437,19.450000000000003,0.0,31.7,0.0,0.0,0.01075130776352193,-0.9999422030204416,6,Illinois,31.04908144444437,519.84,1004.89,964.0454585437396,707.9190569333316,0.16871172685184868,0.6652459400927883,0.09338035926135159
2024-07-01,23.3,15.6,0.0,22.936666666666667,19.45,0.0,22.8,0.0,0.0,-0.00645086419810515,-0.9999791929590823,7,Illinois,22.936666666666667,542.89,519.84,526.0906777777778,534.4243333333334,0.0,0.21030963753254553,0.0822206422499156
2024-07-02,30.0,19.4,0.0,28.493173582275574,24.7,0.0,23.3,0.0,0.0,-0.023651127245231586,-0.9997202729664083,7,Illinois,28.493173582275574,900.0,542.89,811.8609407896867,854.7952074682672,0.06221556592814892,0.2236500395571319,0.29619713791834223
2024-07-03,32.2,23.9,0.0,32.21115006887111,28.05,0.0,30.0,0.0,0.0,-0.04084439154329611,-0.9991655196610109,7,Illinois,32.21115006887111,1036.8400000000001,900.0,1037.5581887593355,1037.19903221765,0.21713125286962973,0.5341944187029688,0.4424910209494282
2024-07-04,28.9,22.2,0.0,30.406492212515545,25.549999999999997,0.0,32.2,1.0,1.0,-0.05802556932878035,-0.9983150972033183,7,Illinois,30.406492212515545,835.2099999999999,1036.8400000000001,924.5547686697685,878.7476249416992,0.14193717552148102,0.7117198976450682,0.23675144176483576
2024-07-05,29.4,21.1,0.0,28.89326381961784,25.25,0.0,28.9,1.0,1.0,-0.07518957641475855,-0.9971692572470178,7,Illinois,28.89326381961784,864.3599999999999,835.2099999999999,834.8206941500373,849.4619562967645,0.07888599248407664,0.46392788061251455,0.25089703147211784
2024-07-06,27.2,18.3,0.0,27.195764459617777,22.75,0.0,29.4,1.0,1.0,-0.09233133369539122,-0.9957283388645872,7,Illinois,27.195764459617777,739.8399999999999,864.3599999999999,739.6096045430094,739.7247933016035,0.00815685248407405,0.4958120085146873,0.16589367222298834
2024-07-07,31.7,19.4,17.5,31.5090838789956,25.549999999999997,1.0,27.2,0.0,1.0,-0.10944576864891556,-0.993992768446958,7,Illinois,31.5090838789956,1004.89,739.8399999999999,992.8223668935805,998.8379589641605,0.18787849495815,0.2884686668581126,0.3309985209564234
2024-07-08,30.6,21.7,0.0,30.743255411111097,26.15,0.0,31.7,0.0,1.0,-0.12652781683868314,-0.9919630595773397,7,Illinois,30.743255411111097,936.3600000000001,1004.89,945.1477532728118,940.7436155799996,0.15596897546296237,0.5408112740458697,0.2377018374302338
2024-07-09,26.7,20.6,19.6,29.898529149217854,23.65,1.0,30.6,0.0,1.0,-0.1435724234118113,-0.9896398128792412,7,Illinois,29.898529149217854,712.89,936.3600000000001,893.9220452866297,798.2907282841167,0.12077204788407725,0.46423813598609887,0.11973111012326106
2024-07-10,28.9,19.4,14.0,28.601447857571216,24.15,1.0,26.7,0.0,1.0,-0.16057454459499376,-0.9870237158387383,7,Illinois,28.601447857571216,835.2099999999999,712.89,818.0428195493652,826.581843083808,0.06672699406546734,0.26963846885975,0.1767853147542581
2024-07-11,27.2,20.6,0.0,27.884784716924493,23.9,0.0,28.9,0.0,0.0,-0.17752914918703497,-0.984115542601034,7,Illinois,27.884784716924493,739.8399999999999,835.2099999999999,777.5612187092257,758.4661443003462,0.03686602987185387,0.4632950684257962,0.1643824471295061
2024-07-12,29.4,19.4,0.0,30.194046724604465,24.4,0.0,27.2,0.0,0.0,-0.19443122004766195,-0.9809161537413774,7,Illinois,30.194046724604465,864.3599999999999,739.8399999999999,911.6804576075976,887.7049737033713,0.13308528019185273,0.37010091844918336,0.276972345826546
2024-07-13,33.3,20.0,18.8,35.616047560835526,26.65,1.0,29.4,0.0,0.0,-0.2112757555821793,-0.9774264960104055,7,Illinois,35.616047560835526,1108.8899999999999,864.3599999999999,1268.5028438556983,1186.0143837758228,0.35900198170148023,0.4953006391796806,0.6554065940761936
2024-07-14,26.7,20.0,47.2,35.845619555884504,23.35,1.0,33.3,1.0,1.0,-0.2280577712215198,-0.9736476020539838,7,Illinois,35.845619555884504,712.89,1108.8899999999999,1284.9084413452097,957.0780421421163,0.36856748149518764,0.8168875149571991,0.23303955199717033
2024-07-15,32.8,21.1,8.1,38.33124403731548,26.95,1.0,26.7,1.0,1.0,-0.24477230089725957,-0.9695805901076308,7,Illinois,38.33124403731548,1075.84,712.89,1469.2842694482333,1257.2648044239477,0.4721351682214783,0.3482251259416311,0.7115006592665328
2024-07-16,30.6,21.1,0.0,38.81561699499565,25.85,0.0,32.8,2.0,2.0,-0.2614143985111562,-0.965226663665613,7,Illinois,38.81561699499565,936.3600000000001,1075.84,1506.6521227021951,1187.757880046867,0.49231737479148546,0.7715098787735386,0.5132460352457878
2024-07-17,28.9,20.6,0.0,30.194046724604465,24.75,0.0,30.6,1.0,2.0,-0.2779791393987801,-0.9605871111248129,7,Illinois,30.194046724604465,835.2099999999999,936.3600000000001,911.6804576075976,872.607950341069,0.13308528019185273,0.46712633362883393,0.1745749749507471
2024-07-18,23.9,18.3,0.0,24.35277777777778,21.1,0.0,28.9,1.0,2.0,-0.2944616217868012,-0.9556633054034704,7,Illinois,24.35277777777778,571.2099999999999,835.2099999999999,593.0577854938273,582.031388888889,0.0,0.3683030754530716,0.05836713403041211
2024-07-19,26.7,16.1,0.0,26.53277777777778,21.4,0.0,23.9,0.0,2.0,-0.3108569682435036,-0.9504567035349151,7,Illinois,26.53277777777778,712.89,571.2099999999999,703.9882966049385,708.4251666666668,0.0,0.14236828362966425,0.08105730226018272
2024-07-20,27.2,17.8,0.0,26.908509560871103,22.5,0.0,26.7,0.0,2.0,-0.3271603271220951,-0.9449688462364056,7,Illinois,26.908509560871103,739.8399999999999,712.89,724.0678867874916,731.911460055694,0.0,0.20876710003833526,0.08501711266864774
2024-07-21,28.9,19.4,0.0,28.246993170957833,24.15,0.0,27.2,0.0,1.0,-0.34336687399638804,-0.939201357453208,7,Illinois,28.246993170957833,835.2099999999999,739.8399999999999,797.8926232001385,816.3381026406813,0.05195804878990969,0.28994819189919013,0.16738235408038102
2024-07-22,28.9,19.4,0.0,28.601447857571216,24.15,0.0,28.9,0.0,1.0,-0.3594718130884232,-0.9331559438780432,7,Illinois,28.601447857571216,835.2099999999999,835.2099999999999,818.0428195493652,826.581843083808,0.06672699406546734,0.36740192446913683,0.16739171119253957
2024-07-23,30.0,19.4,25.9,30.454350755555513,24.7,1.0,28.9,0.0,0.0,-0.3754703786876202,-0.9268343944460494,7,Illinois,30.454350755555513,900.0,835.2099999999999,927.4674799424047,913.6305226666653,0.1439312814814797,0.4650548490909573,0.31209545278704576
2024-07-24,25.0,19.4,0.3,28.76327423575113,22.2,1.0,30.0,0.0,0.0,-0.3913578365610259,-0.9202385798054075,7,Illinois,28.76327423575113,625.0,900.0,827.3259447610247,719.0818558937782,0.07346975982296373,0.5377731748765113,0.11988801052523095
2024-07-25,25.6,18.9,0.0,25.495277777777776,22.25,0.0,25.0,0.0,0.0,-0.4071294853542516,-0.9133704517637858,7,Illinois,25.495277777777776,655.3600000000001,625.0,650.0091889660494,652.6791111111111,0.0,0.27922332575987957,0.12045770819813248
2024-07-26,27.2,16.1,0.0,27.23515810385777,21.65,0.0,25.6,0.0,0.0,-0.4227806579826773,-0.9062320427107697,7,Illinois,27.23515810385777,739.8399999999999,655.3600000000001,741.7538369421296,740.7963004249314,0.009798254327407108,0.30168679239120716,0.1778636918970379
2024-07-27,30.0,19.4,0.0,28.741592507075584,24.7,0.0,27.2,0.0,0.0,-0.4383067230125192,-0.898825465016444,7,Illinois,28.741592507075584,900.0,739.8399999999999,826.0791398427833,862.2477752122675,0.07256635446148267,0.37187763150402464,0.2853355571172984
2024-07-28,28.3,21.1,9.7,30.284278656195674,24.700000000000003,1.0,30.0,0.0,0.0,-0.45370308603134424,-0.8911529104063088,7,Illinois,30.284278656195674,800.89,900.0,917.1375337261089,857.0450859703376,0.13684494400815309,0.5383208671584119,0.2248035340056195
2024-07-29,29.4,22.8,2.3,30.026780984595675,26.1,1.0,28.3,0.0,0.0,-0.46896519100763184,-0.8832166493127127,7,Illinois,30.026780984595675,864.3599999999999,800.89,901.6075762968763,882.7873609471128,0.1261158743581531,0.4302559261396598,0.2647333446542907
2024-07-30,33.3,21.7,0.0,35.889603247484416,27.5,0.0,29.4,0.0,0.0,-0.48408852163897587,-0.8750190302029955,7,Illinois,35.889603247484416,1108.8899999999999,864.3599999999999,1288.063621261844,1195.123788141231,0.3704001353118507,0.4977112692938051,0.6410472127915087
2024-07-31,33.3,22.8,0.0,34.7744635280245,28.049999999999997,0.0,33.3,1.0,1.0,-0.4990686026885319,-0.8665624788845385,7,Illinois,34.7744635280245,1108.8899999999999,1108.8899999999999,1209.263313661906,1157.9896354832156,0.32393598033435406,0.8200196108731536,0.5811556387111834
2024-08-01,31.7,21.1,29.2,33.820934725784504,26.4,1.0,33.3,2.0,2.0,-0.5139010013093103,-0.8578494977869301,8,Illinois,33.820934725784504,1004.89,1108.8899999999999,1143.8556257257762,1072.1236308073687,0.2842056135743543,0.8224420677655846,0.458789612417628
2024-08-02,30.6,21.1,0.0,32.25272841111113,25.85,0.0,31.7,2.0,2.0,-0.5285813283559292,-0.8488826652214553,8,Illinois,32.25272841111113,936.3600000000001,1004.89,1040.238489960895,986.9334893800005,0.21886368379629703,0.6754866095463701,0.3520091593552298
2024-08-03,32.8,22.2,0.0,34.016651047591154,27.5,0.0,30.6,1.0,2.0,-0.5431052396834317,-0.8396646346181327,8,Illinois,34.016651047591154,1075.84,936.3600000000001,1157.1325484935844,1115.7461543609897,0.2923604603162981,0.46925671437034516,0.4136530804602852
2024-08-04,32.2,22.2,0.0,33.356838967857776,27.200000000000003,0.0,32.8,1.0,3.0,-0.5574684374327892,-0.8301981337405212,8,Illinois,33.356838967857776,1036.8400000000001,1075.84,1112.678705927595,1074.0902147650204,0.26486829032740733,0.5127289338859014,0.2635457557545309
2024-08-05,33.3,23.9,3.3,39.011986261617736,28.599999999999998,1.0,32.2,2.0,4.0,-0.5716666713027052,-0.8204859638785327,8,Illinois,39.011986261617736,1108.8899999999999,1036.8400000000001,1521.935072076651,1299.0991425118705,0.5004994275674056,0.471492396258989,0.46424376450323707
2024-08-06,26.1,21.1,0.0,25.834722222222222,23.6,0.0,33.3,3.0,5.0,-0.5856957398073508,-0.8105309990194823,8,Illinois,25.834722222222222,681.21,1108.8899999999999,667.4328722993827,674.28625,0.0,0.5550832942016032,0.059030867409470146
2024-08-07,25.6,20.6,0.0,25.53444444444444,23.1,0.0,26.1,2.0,4.0,-0.5995514915196489,-0.8003361849976323,8,Illinois,25.53444444444444,655.3600000000001,681.21,652.0078530864195,653.6817777777777,0.0,0.19448061510029938,0.05821844415989817
2024-08-08,29.4,17.8,0.0,28.59431378340449,23.6,0.0,25.6,1.0,3.0,-0.6132298262997502,-0.7899045386224707,8,Illinois,28.59431378340449,864.3599999999999,655.3600000000001,817.6347807437961,840.672825232092,0.06642974097518713,0.1807685853192333,0.14167400402494795
2024-08-09,23.3,16.1,0.0,27.360965654024444,19.700000000000003,0.0,29.4,0.0,3.0,-0.6267266965083301,-0.7792391467859886,8,Illinois,27.360965654024444,542.89,864.3599999999999,748.6224415207053,637.5104997387696,0.015040235584351821,0.24037628981785444,0.03016311414193795
2024-08-10,24.4,13.9,0.0,24.130833333333335,19.15,0.0,23.3,0.0,3.0,-0.6400381082043503,-0.7683431655492202,8,Illinois,24.130833333333335,595.3599999999999,542.89,582.2971173611112,588.7923333333333,0.0,0.10052434905875393,0.0366127586326076
2024-08-11,26.7,15.0,0.0,25.889722222222233,20.85,0.0,24.4,0.0,2.0,-0.65316012232693,-0.7572198192083127,8,Illinois,25.889722222222233,712.89,595.3599999999999,670.2777167438277,691.2555833333336,0.0,0.15309659894685293,0.08233248549653083
2024-08-12,27.2,16.1,0.0,26.858671178435525,21.65,0.0,26.7,0.0,1.0,-0.666088855860977,-0.7458723993404063,8,Illinois,26.858671178435525,739.8399999999999,712.89,721.3882174713232,730.5558560534463,0.0,0.2722295903614834,0.1271489143179758
2024-08-13,30.0,17.8,0.0,28.50576934161565,23.9,0.0,27.2,0.0,0.0,-0.6788204829862355,-0.734304263829602,8,Illinois,28.50576934161565,900.0,739.8399999999999,812.5788857573948,855.1730802484695,0.06274038923398544,0.37325175628995444,0.2968021968229797
2024-08-14,30.0,18.9,0.0,29.56310813900446,24.45,0.0,30.0,0.0,0.0,-0.6913512362094071,-0.722518835873311,8,Illinois,29.56310813900446,900.0,900.0,873.9773628384717,886.8932441701338,0.10679617245851913,0.5400636563257026,0.299342112716227
2024-08-15,25.0,20.6,6.6,27.676087608817763,22.8,1.0,30.0,0.0,0.0,-0.7036774074790128,-0.7105196029692745,8,Illinois,27.676087608817763,625.0,900.0,765.9658253309561,691.902190220444,0.028170317034073467,0.5401345421158064,0.11590215267785799
2024-08-16,31.1,20.0,34.3,31.887677555555513,25.55,1.0,25.0,0.0,0.0,-0.7157953492826642,-0.6983101158835584,8,Illinois,31.887677555555513,967.21,625.0,1016.8239798870788,991.7067719777765,0.2036532314814797,0.28060362219976615,0.42235845667009103
2024-08-17,28.3,21.1,3.8,30.159277208915682,24.700000000000003,1.0,31.1,0.0,0.0,-0.7277014757264236,-0.6858939875998223,8,Illinois,30.159277208915682,800.89,967.21,909.5820017642209,853.5075450123138,0.13163655037148678,0.6232428577979606,0.22911299550984235
2024-08-18,26.1,20.0,0.3,26.1638888888889,23.05,1.0,28.3,0.0,0.0,-0.7393922635959241,-0.673274892250183,8,Illinois,26.1638888888889,681.21,800.89,684.549081790124,682.8775000000003,0.0,0.4318559461234651,0.1374202575622234
2024-08-19,25.0,17.8,0.0,24.23527777777778,21.4,0.0,26.1,0.0,0.0,-0.7508642533989489,-0.6604565640279754,8,Illinois,24.23527777777778,625.0,681.21,587.3486889660496,605.8819444444446,0.0,0.32347218602747474,0.10984913388217758
2024-08-20,22.8,15.6,0.0,21.977499999999992,19.2,0.0,25.0,0.0,0.0,-0.7621140503891487,-0.6474427960827475,8,Illinois,21.977499999999992,519.84,625.0,483.01050624999965,501.0869999999998,0.0,0.280743504500544,0.07442018322799833
2024-08-21,24.4,13.9,0.0,23.080277777777777,19.15,0.0,22.8,0.0,0.0,-0.7731383255706026,-0.6342374393978054,8,Illinois,23.080277777777777,595.3599999999999,519.84,532.6992222993827,563.1587777777777,0.0,0.21348035656161157,0.10681337025763761
2024-08-22,26.7,13.3,0.0,25.41694444444444,20.0,0.0,24.4,0.0,0.0,-0.7839338166829201,-0.620844401650647,8,Illinois,25.41694444444444,712.89,595.3599999999999,646.021064891975,678.6324166666665,0.0,0.2602157798726971,0.17044649473872003
2024-08-23,27.8,16.1,0.0,27.310157834435607,21.950000000000003,0.0,26.7,0.0,0.0,-0.7944973291665992,-0.6072676460566135,8,Illinois,27.310157834435607,772.84,712.89,745.8447209417845,759.2223877973099,0.012923243101483628,0.34995427223583736,0.2070878058853329
2024-08-24,32.8,17.8,0.0,35.09003579559113,25.299999999999997,0.0,27.8,0.0,0.0,-0.8048257371083452,-0.593511190196115,8,Illinois,35.09003579559113,1075.84,772.84,1231.3106121358667,1150.953174095389,0.337084824816297,0.40447605566309885,0.6343812057811007
2024-08-25,33.3,23.3,0.0,34.492084111084516,28.299999999999997,0.0,32.8,1.0,1.0,-0.8149159841660791,-0.5795791048257612,8,Illinois,34.492084111084516,1108.8899999999999,1075.84,1189.703866326129,1148.5864008991143,0.31217017129518815,0.7743121503489483,0.5962075060206222
2024-08-26,35.0,25.0,0.0,39.9103602111111,30.0,0.0,33.3,2.0,2.0,-0.8247650844733614,-0.5654755126737576,8,Illinois,39.9103602111111,1225.0,1108.8899999999999,1592.8368521806399,1396.8626073888884,0.5379316754629624,0.8247614564366714,0.9246182142596172
2024-08-27,37.2,23.9,20.3,43.85341099353778,30.55,1.0,35.0,3.0,3.0,-0.8343701235229538,-0.5512045872199277,8,Illinois,43.85341099353778,1383.8400000000001,1225.0,1923.12165576814,1631.3468889596054,0.7022254580640741,1.0,1.0
2024-08-28,30.6,22.8,10.2,38.9300934206755,26.700000000000003,1.0,37.2,3.0,4.0,-0.8437282590292712,-0.5367705514607103,8,Illinois,38.9300934206755,936.3600000000001,1383.8400000000001,1515.5521737425217,1191.2608586726703,0.4970872258614791,1.0,0.40672730370415644
2024-08-29,29.4,22.8,0.0,31.900241944515585,26.1,0.0,30.6,2.0,4.0,-0.8528367217694595,-0.522177676659508,8,Illinois,31.900241944515585,864.3599999999999,936.3600000000001,1017.6254361186315,937.8671131687581,0.2041767476881494,0.3736952809216809,0.15754104638174038
2024-08-30,30.6,22.2,0.8,32.6347006444444,26.4,1.0,29.4,1.0,4.0,-0.8616928164028522,-0.5074302810827518,8,Illinois,32.6347006444444,936.3600000000001,864.3599999999999,1065.0236861524997,998.6218397199987,0.2347791935185167,0.24191651924238924,0.15577006102078716
2024-08-31,29.4,17.2,0.0,28.258726944275562,23.299999999999997,0.0,30.6,0.0,4.0,-0.8702939222685674,-0.49253272872205434,8,Illinois,28.258726944275562,864.3599999999999,936.3600000000001,798.5556485111257,830.8065721617015,0.05244695601148175,0.22402761399891175,0.07214437408950022
2024-09-01,25.0,17.8,0.0,26.65027777777778,21.4,0.0,29.4,0.0,3.0,-0.8786374941610001,-0.4774894280028391,9,Illinois,26.65027777777778,625.0,864.3599999999999,710.2373056327162,666.2569444444446,0.0,0.24096261322488455,0.042113850936408515
2024-09-02,23.9,16.1,0.0,22.97583333333333,20.0,0.0,25.0,0.0,2.0,-0.886721063082993,-0.46230483047981086,9,Illinois,22.97583333333333,571.2099999999999,625.0,527.888917361111,549.1224166666666,0.0,0.16631201180563307,0.04740463950814326
2024-09-03,25.6,15.6,0.0,24.130833333333335,20.6,0.0,23.9,0.0,1.0,-0.8945422369764496,-0.4469834295196741,9,Illinois,24.130833333333335,655.3600000000001,571.2099999999999,582.2971173611112,617.7493333333334,0.0,0.18803929987281404,0.09706539358613962
2024-09-04,28.9,15.6,0.0,27.54942127531563,22.25,0.0,25.6,0.0,0.0,-0.9020987014301837,-0.43152975897147144,9,Illinois,27.54942127531563,835.2099999999999,655.3600000000001,758.9706126048135,796.1782748566217,0.022892553138151268,0.30342931729182104,0.2679192140710054
2024-09-05,30.6,18.9,0.0,30.680156280497766,24.75,0.0,28.9,0.0,0.0,-0.9093882203647925,-0.4159483918249421,9,Illinois,30.680156280497766,936.3600000000001,835.2099999999999,941.2719893957665,938.8127821832317,0.15333984502074025,0.46787735619686627,0.3761363979020817
2024-09-06,22.8,15.6,0.0,28.164564010515555,19.2,0.0,30.6,0.0,0.0,-0.9164086366943458,-0.4002439388573056,9,Illinois,28.164564010515555,519.84,936.3600000000001,793.242665902428,642.1520594397547,0.048523500438148126,0.5847408169340994,0.09164880113973156
2024-09-07,19.4,10.6,0.0,18.551666666666666,15.0,0.0,22.8,0.0,0.0,-0.9231578729647039,-0.38442104726885545,9,Illinois,18.551666666666666,376.35999999999996,519.84,344.1643361111111,359.9023333333333,0.0,0.2135932851527241,0.04796722837852999
2024-09-08,22.8,9.4,0.0,22.46388888888889,16.1,0.0,19.4,0.0,0.0,-0.9296339319682695,-0.3684843993077793,9,Illinois,22.46388888888889,519.84,376.35999999999996,504.62630401234566,512.1766666666666,0.0,0.1447002444064216,0.09645501324788609
2024-09-09,27.8,13.9,0.0,26.762939877617825,20.85,0.0,22.8,0.0,0.0,-0.9358348973349941,-0.35243871088460327,9,Illinois,26.762939877617825,772.84,519.84,716.2549508929864,744.0097285977755,0.0,0.21357160841050618,0.2331117982791203
2024-09-10,28.3,14.4,0.0,26.867450669315588,21.35,0.0,27.8,0.0,0.0,-0.9417589340994617,-0.33628873017668287,9,Illinois,26.867450669315588,800.89,772.84,721.8599054681066,760.3488539416312,0.0,0.4045088946153882,0.24182231616283967
2024-09-11,31.1,15.0,0.0,28.91419919889784,23.05,0.0,28.3,0.0,0.0,-0.9474042892438845,-0.32003923622313857,9,Illinois,28.91419919889784,967.21,800.89,836.0309153135445,899.2315950857229,0.07975829995407668,0.4321014628859531,0.4079059621337453
2024-09-12,30.6,18.3,0.0,29.167844777777734,24.450000000000003,0.0,31.1,0.0,0.0,-0.9527692922168511,-0.30369503751065885,9,Illinois,29.167844777777734,936.3600000000001,967.21,850.7631689805359,892.5360501999987,0.09032686574073893,0.6235831680605409,0.35700412472448273
2024-09-13,29.4,20.0,0.0,28.59431378340449,24.7,0.0,30.6,0.0,0.0,-0.9578523554276669,-0.28726097055059635,9,Illinois,28.59431378340449,864.3599999999999,936.3600000000001,817.6347807437961,840.672825232092,0.06642974097518713,0.5845308190707696,0.28198675774174575
2024-09-14,30.6,20.6,0.0,30.454350755555513,25.6,0.0,29.4,0.0,0.0,-0.9626519747161487,-0.2707418984477642,9,Illinois,30.454350755555513,936.3600000000001,864.3599999999999,927.4674799424047,931.9031331199988,0.1439312814814797,0.4995277386615594,0.37494495074107054
2024-09-15,31.7,20.6,0.0,30.759003960051196,26.15,0.0,30.6,0.0,0.0,-0.9671667297977312,-0.2541427094613622,9,Illinois,30.759003960051196,1004.89,936.3600000000001,946.1163246144451,975.0604255336228,0.15662516500213317,0.5844346301297375,0.44720872953989194
2024-09-16,32.2,19.4,0.0,29.87279721940449,25.8,0.0,31.7,0.0,0.0,-0.97139528468375,-0.23746831555846842,9,Illinois,29.87279721940449,1036.8400000000001,1004.89,892.3840137116606,961.9040704648246,0.11969988414185373,0.6730069514293726,0.4678035302378131
2024-09-17,29.4,16.7,0.0,27.684918104495598,23.049999999999997,0.0,32.2,1.0,1.0,-0.9753363880767837,-0.2207236509605022,9,Illinois,27.684918104495598,864.3599999999999,1036.8400000000001,766.4546904526281,813.9365922721705,0.028538254353983234,0.7187594154927681,0.2862823727013541
2024-09-18,31.7,17.8,0.0,29.369647099597817,24.75,0.0,29.4,1.0,1.0,-0.9789888737409319,-0.20391367068311472,9,Illinois,29.369647099597817,1004.89,864.3599999999999,862.5761707549144,931.0178130572508,0.0987352958165757,0.5010476104334525,0.44589943741563143
2024-09-19,32.2,17.2,0.0,30.276932588015573,24.700000000000003,0.0,31.7,1.0,1.0,-0.9823516608469237,-0.18704334906991657,9,Illinois,30.276932588015573,1036.8400000000001,1004.89,916.6926469392394,974.9172293341015,0.1365388578339822,0.6748786391899991,0.49580241977776185
2024-09-20,33.3,21.7,0.5,32.56727818179556,27.5,1.0,32.2,1.0,2.0,-0.9854237542919524,-0.17011767832049052,9,Illinois,32.56727818179556,1108.8899999999999,1036.8400000000001,1060.627608170457,1084.490363453792,0.23196992424148158,0.5864872644352788,0.4824781663072903
2024-09-21,33.9,18.3,0.0,31.40664590313559,26.1,0.0,33.3,2.0,3.0,-0.9882042449941422,-0.15314166701312007,9,Illinois,31.40664590313559,1149.2099999999998,1108.8899999999999,986.3774068849435,1064.6852961162965,0.18361024596398293,0.681913364662671,0.505895122817335
2024-09-22,25.0,18.3,31.2,27.624331573457855,21.65,1.0,33.9,3.0,4.0,-0.9906923101615609,-0.13612033862266704,9,Illinois,27.624331573457855,625.0,1149.2099999999998,763.1036948803405,690.6082893364464,0.026013815560743964,0.7396281784920243,0.09634644429540606
2024-09-23,20.0,17.2,0.0,22.40833333333332,18.6,0.0,25.0,2.0,4.0,-0.9928872135356962,-0.11905873003404988,9,Illinois,22.40833333333332,400.0,625.0,502.13340277777723,448.1666666666664,0.0,0.1673762564403191,0.025535638949837527
2024-09-24,20.0,17.2,29.7,20.202777777777783,18.6,1.0,20.0,1.0,3.0,-0.994788305609327,-0.10196189005174576,9,Illinois,20.202777777777783,400.0,400.0,408.15222993827183,404.05555555555566,0.0,0.08916415966618801,0.02703364806220263
2024-09-25,25.6,14.4,0.0,24.760833333333338,20.0,0.0,20.0,0.0,3.0,-0.9963950238187231,-0.08483487790576538,9,Illinois,24.760833333333338,655.3600000000001,400.0,613.0988673611113,633.8773333333335,0.0,0.06698251157506667,0.0586588042296257
2024-09-26,25.0,13.9,0.0,24.17,19.45,0.0,25.6,0.0,3.0,-0.9977068927101168,-0.06768276175455162,9,Illinois,24.17,625.0,655.3600000000001,584.1889000000001,604.25,0.0,0.13739000995042921,0.04930287319394481
2024-09-27,22.8,20.0,0.0,22.08194444444444,21.4,0.0,25.0,0.0,2.0,-0.9987235240803972,-0.050510617185222886,9,Illinois,22.08194444444444,519.84,625.0,487.6122704475306,503.4683333333332,0.0,0.16586370047085372,0.04065743687166647
2024-09-28,22.8,18.9,6.4,22.19944444444444,20.85,1.0,22.8,0.0,1.0,-0.9994446170919858,-0.033323525711631344,9,Illinois,22.19944444444444,519.84,519.84,492.81533364197503,506.1473333333332,0.0,0.16316992256000945,0.06316501499519844
2024-09-29,23.3,20.6,0.0,22.920833333333334,21.950000000000003,0.0,22.8,0.0,0.0,-0.9998699583618592,-0.016126573270657762,9,Illinois,22.920833333333334,542.89,519.84,525.3646006944444,534.0554166666667,0.0,0.21296106551085472,0.09440279020514952
2024-09-30,25.6,17.8,0.0,25.665000000000003,21.700000000000003,0.0,23.3,0.0,0.0,-0.9999994220246925,0.001075151282798226,9,Illinois,25.665000000000003,655.3600000000001,542.89,658.6922250000001,657.0240000000001,0.0,0.2262991770220523,0.1603859293978314
2024-10-01,21.7,13.3,0.0,22.29083333333332,17.5,0.0,25.6,0.0,0.0,-0.999832969770105,0.018276557681691223,10,Illinois,22.29083333333332,470.89,655.3600000000001,496.8812506944439,483.7110833333331,0.0,0.3024140209193634,0.07904525696951878
2024-10-02,22.2,9.4,0.0,21.165277777777774,15.8,0.0,21.7,0.0,0.0,-0.9993706508539969,0.03547255575312556,10,Illinois,21.165277777777774,492.84,470.89,447.9689834104937,469.86916666666656,0.0,0.18667541166737364,0.09474170850403742
2024-10-03,26.7,11.7,0.0,25.87666666666667,19.2,0.0,22.2,0.0,0.0,-0.9986126020839734,0.052658056924614005,10,Illinois,25.87666666666667,712.89,492.84,669.6018777777779,690.907,0.0,0.1979720213067536,0.22163523852716785
2024-10-04,22.2,16.1,2.5,21.938333333333325,19.15,1.0,26.7,0.0,0.0,-0.9975590477788613,0.06982797572987089,10,Illinois,21.938333333333325,492.84,712.89,481.2904694444441,487.03099999999984,0.0,0.3487070777159642,0.08438133487113889
2024-10-05,30.0,15.6,0.0,28.905816744444436,22.8,0.0,22.2,0.0,0.0,-0.9962102997023297,0.0869772313136861,10,Illinois,28.905816744444436,900.0,492.84,835.5462416634043,867.1745023333331,0.07940903101851819,0.1978675300055948,0.40215684134122565
2024-10-06,23.9,12.8,0.0,27.310157834435607,18.35,0.0,30.0,0.0,0.0,-0.9945667569706337,0.1041007489354256,10,Illinois,27.310157834435607,571.2099999999999,900.0,745.8447209417845,652.7127722430109,0.012923243101483628,0.5386049167895639,0.13422273086406483
2024-10-07,20.6,10.0,0.0,19.275833333333335,15.3,0.0,23.9,0.0,0.0,-0.9926289059345095,0.121193461470736,10,Illinois,19.275833333333335,424.36000000000007,571.2099999999999,371.5577506944445,397.0821666666667,0.0,0.24330826048767148,0.0702716686246702
2024-10-08,23.3,10.0,0.0,22.832222222222214,16.65,0.0,20.6,0.0,0.0,-0.9903973200352558,0.1382503109109819,10,Illinois,22.832222222222214,542.89,424.36000000000007,521.3103716049379,531.9907777777776,0.0,0.1642431385808345,0.12282473810316175
2024-10-09,21.1,11.7,0.0,20.23222222222222,16.4,0.0,23.3,0.0,0.0,-0.9878726596350429,0.15526624985999563,10,Illinois,20.23222222222222,445.21000000000004,542.89,409.3428160493826,426.8998888888889,0.0,0.2257630476560411,0.07640486900367527
2024-10-10,22.2,12.8,0.0,21.230555555555558,17.5,0.0,21.1,0.0,0.0,-0.9850556718215013,0.172236243027682,10,Illinois,21.230555555555558,492.84,445.21000000000004,450.73648919753094,471.3183333333334,0.0,0.17374420147413233,0.09446010531286685
2024-10-11,28.9,12.2,0.0,27.141760369117826,20.549999999999997,0.0,22.2,0.0,0.0,-0.981947190186646,0.18915526872004093,10,Illinois,27.141760369117826,835.2099999999999,492.84,736.675155934615,784.3968746675051,0.005906682046576073,0.19752001820089202,0.34330477226758127
2024-10-12,21.1,15.0,0.0,23.59277777777777,18.05,0.0,28.9,0.0,0.0,-0.9785481345802031,0.20601832032517084,10,Illinois,23.59277777777777,445.21000000000004,835.2099999999999,556.6191632716045,497.807611111111,0.0,0.4652153369966073,0.07375237601827919
2024-10-13,20.0,10.0,0.0,18.985277777777778,15.0,0.0,21.1,0.0,0.0,-0.9748595108374125,0.22282040779479959,10,Illinois,18.985277777777778,400.0,445.21000000000004,360.44077229938273,379.7055555555556,0.0,0.17357680177089452,0.06785996149673242
2024-10-14,14.4,6.7,2.0,13.748333333333333,10.55,1.0,20.0,0.0,0.0,-0.9708824104813836,0.23955655912092708,10,Illinois,13.748333333333333,207.36,400.0,189.01666944444443,197.976,0.0,0.15332945680948776,0.03109442370338146
2024-10-15,9.4,6.1,8.6,11.399166666666668,7.75,1.0,14.4,0.0,0.0,-0.9666180104000972,0.2562218218071163,10,Illinois,11.399166666666668,88.36000000000001,207.36,129.94100069444448,107.15216666666669,0.0,0.08899943697075005,0.0164814558926107
2024-10-16,14.4,3.3,0.0,13.487222222222222,8.85,0.0,9.4,0.0,0.0,-0.9620675724981452,0.27281126433401914,10,Illinois,13.487222222222222,207.36,88.36000000000001,181.90516327160492,194.216,0.0,0.06263769517368778,0.03669220211680027
2024-10-17,18.3,3.3,0.0,17.58222222222222,10.8,0.0,14.4,0.0,0.0,-0.957232443323312,0.28931997761869527,10,Illinois,17.58222222222222,334.89000000000004,207.36,309.13453827160487,321.75466666666665,0.0,0.08893423873584437,0.06331724663082278
2024-10-18,20.6,7.2,0.0,19.984166666666663,13.9,0.0,18.3,0.0,0.0,-0.9521140536681102,0.3057430764672831,10,Illinois,19.984166666666663,424.36000000000007,334.89000000000004,399.36691736111095,411.6738333333333,0.0,0.1277868111103596,0.08480350516039467
2024-10-19,22.2,6.7,0.0,21.72944444444444,14.45,0.0,20.6,0.0,0.0,-0.9467139181463862,0.3220757010206104,10,Illinois,21.72944444444444,492.84,424.36000000000007,472.1687558641973,482.39366666666655,0.0,0.1636371124761561,0.11306685496150269
2024-10-20,26.1,9.4,0.0,25.234166666666663,17.75,0.0,22.2,0.0,0.0,-0.9410336347451197,0.3383130181923076,10,Illinois,25.234166666666663,681.21,492.84,636.763167361111,658.6117499999999,0.0,0.19691026889808125,0.22515020396834465
2024-10-21,27.8,11.7,0.0,26.606485227751147,19.75,0.0,26.1,0.0,0.0,-0.9350748843515574,0.3544502230989869,10,Illinois,26.606485227751147,772.84,681.21,707.90505617454,739.6602893314819,0.0,0.3207756772503084,0.2909295690398124
2024-10-22,23.9,12.8,0.0,23.974166666666672,18.35,0.0,27.8,0.0,0.0,-0.9288394302558068,0.3704825404820963,10,Illinois,23.974166666666672,571.2099999999999,772.84,574.7606673611114,572.9825833333334,0.0,0.40093686191107936,0.13542161352663826
2024-10-23,18.3,7.8,0.0,21.781666666666663,13.05,0.0,23.9,0.0,0.0,-0.9223291176290545,0.3864052261209853,10,Illinois,21.781666666666663,334.89000000000004,571.2099999999999,474.4410027777776,398.6044999999999,0.0,0.24202065954031177,0.056778212685469204
2024-10-24,18.3,5.6,1.8,17.161666666666672,11.95,1.0,18.3,0.0,0.0,-0.9155458729775467,0.40221356823680365,10,Illinois,17.161666666666672,334.89000000000004,334.89000000000004,294.522802777778,314.0585000000001,0.0,0.12748749665463396,0.06285641086488149
2024-10-25,20.0,8.9,18.3,19.64138888888889,14.45,1.0,18.3,0.0,0.0,-0.9084917035725082,0.41790288888678667,10,Illinois,19.64138888888889,400.0,334.89000000000004,385.78415748456797,392.8277777777778,0.0,0.1274350607754408,0.07988497303110616
2024-10-26,15.0,7.2,0.0,13.81361111111111,11.1,0.0,20.0,0.0,0.0,-0.9011686968561569,0.4334685453485363,10,Illinois,13.81361111111111,225.0,400.0,190.8158519290123,207.20416666666665,0.0,0.15263295212701936,0.03557686053915602
2024-10-27,15.0,4.4,0.0,14.143333333333333,9.7,0.0,15.0,0.0,0.0,-0.8935790198239952,0.4489059314938798,10,Illinois,14.143333333333333,225.0,225.0,200.03387777777775,212.14999999999998,0.0,0.09320078103443614,0.03960253139999017
2024-10-28,20.0,7.2,0.0,18.828611111111115,13.6,0.0,15.0,0.0,0.0,-0.8857249183835637,0.4642104791518923,10,Illinois,18.828611111111115,400.0,225.0,354.51659637345693,376.5722222222223,0.0,0.09316025333006178,0.08384021712392688
2024-10-29,28.3,20.0,0.0,27.932119356095637,24.15,0.0,20.0,0.0,0.0,-0.8776087166898392,0.4793776594606945,10,Illinois,27.932119356095637,800.89,400.0,780.2032917231725,790.4789777775065,0.038838306503984864,0.15243972201187603,0.32220021192530596
2024-10-30,27.2,20.6,0.0,27.12101463745771,23.9,0.0,28.3,0.0,0.0,-0.8692328164574792,0.49440298420761813,10,Illinois,27.12101463745771,739.8399999999999,800.89,735.5494349651952,737.6915981388496,0.005042276560737857,0.4271530384892552,0.24103906624712765
2024-10-31,22.2,6.7,0.8,24.27444444444445,14.45,1.0,27.2,0.0,0.0,-0.8605996962501181,0.5092820071573356,10,Illinois,24.27444444444445,492.84,739.8399999999999,589.24865308642,538.8926666666667,0.0,0.36915924145672874,0.12450058332149767
2024-11-01,12.2,3.9,0.0,11.37305555555556,8.049999999999999,0.0,22.2,0.0,0.0,-0.8517119107469189,0.5240103253675756,11,Illinois,11.37305555555556,148.83999999999997,492.84,129.3463926697532,138.75127777777783,0.0,0.1959567106814388,0.026235836336376626
2024-11-02,15.0,5.0,0.0,13.69611111111111,10.0,0.0,12.2,0.0,0.0,-0.8425720899866032,0.5385835804920232,11,Illinois,13.69611111111111,225.0,148.83999999999997,187.5834595679012,205.44166666666663,0.0,0.07447311116657598,0.04229531715604414
2024-11-03,18.3,10.0,0.8,16.845,14.15,1.0,15.0,0.0,0.0,-0.8331829385891785,0.5529974600700271,11,Illinois,16.845,334.89000000000004,225.0,283.75402499999996,308.26349999999996,0.0,0.09290761408486807,0.0641511950606556
2024-11-04,20.6,17.8,11.9,20.636944444444445,19.200000000000003,1.0,18.3,0.0,0.0,-0.8235472349556007,0.5672476988027229,11,Illinois,20.636944444444445,424.36000000000007,334.89000000000004,425.88347600308646,425.1210555555556,0.0,0.12687577382175752,0.08121446883281803
2024-11-05,20.0,15.6,27.7,20.04611111111111,17.8,1.0,20.6,0.0,0.0,-0.8136678304455991,0.5813300798152042,11,Illinois,20.04611111111111,400.0,424.36000000000007,401.8465706790123,400.9222222222222,0.0,0.1624768477182085,0.07445010363020371
2024-11-06,16.1,10.6,0.0,17.853611111111118,13.350000000000001,0.0,20.0,0.0,0.0,-0.8035476485339116,0.5952404359043674,11,Illinois,17.853611111111118,259.21000000000004,400.0,318.75142970679036,287.443138888889,0.0,0.15189373212750656,0.04140748977793921
2024-11-07,15.6,7.2,0.0,14.929999999999998,11.4,0.0,16.1,0.0,0.0,-0.7931896839451843,0.6089746507720486,11,Illinois,14.929999999999998,243.35999999999999,259.21000000000004,222.90489999999994,232.90799999999996,0.0,0.10228664907854866,0.04345650186218435
2024-11-08,17.8,6.1,0.0,17.109444444444446,11.95,0.0,15.6,0.0,0.0,-0.7825970017677834,0.6225286602431057,11,Illinois,17.109444444444446,316.84000000000003,243.35999999999999,292.7330891975309,304.54811111111115,0.0,0.09770583741852555,0.0631181660864615
2024-11-09,13.3,8.9,5.3,12.303333333333335,11.100000000000001,1.0,17.8,0.0,0.0,-0.7717727365467836,0.6358984534680745,11,Illinois,12.303333333333335,176.89000000000001,316.84000000000003,151.37201111111114,163.63433333333336,0.0,0.12032010717460291,0.03147967012429865
2024-11-10,17.8,10.0,1.3,16.845,13.9,1.0,13.3,0.0,0.0,-0.7607200913564104,0.6490800741100398,11,Illinois,16.845,316.84000000000003,176.89000000000001,283.75402499999996,299.841,0.0,0.08054291836070156,0.0628893206066057
2024-11-11,15.0,7.2,0.0,14.32611111111111,11.1,0.0,17.8,0.0,0.0,-0.7494423368521954,0.6620696215153815,11,Illinois,14.32611111111111,225.0,316.84000000000003,205.23745956790123,214.89166666666665,0.0,0.12020276572586301,0.040074358862151625
2024-11-12,10.0,5.6,0.0,9.258888888888887,7.8,0.0,15.0,0.0,0.0,-0.7379428103031386,0.6748632518680403,11,Illinois,9.258888888888887,100.0,225.0,85.72702345679008,92.58888888888887,0.0,0.09250297757098766,0.022748216085805482
2024-11-13,11.7,3.9,6.4,11.043888888888892,7.8,1.0,10.0,0.0,0.0,-0.7262249146041543,0.6874571793269664,11,Illinois,11.043888888888892,136.89,100.0,121.96748179012353,129.21350000000004,0.0,0.06406230780404336,0.0311995842839314
2024-11-14,12.8,9.4,3.6,11.92138888888889,11.100000000000001,1.0,11.7,0.0,0.0,-0.7142921172691032,0.699847677146407,11,Illinois,11.92138888888889,163.84000000000003,136.89,142.11951304012348,152.5937777777778,0.0,0.07147025527740532,0.032118494918232474
2024-11-15,12.8,7.2,0.0,11.60805555555556,10.0,0.0,12.8,0.0,0.0,-0.7021479494046978,0.7120310787787131,11,Illinois,11.60805555555556,163.84000000000003,163.84000000000003,134.7469537808643,148.58311111111115,0.0,0.07733124638312507,0.03252923347506079
2024-11-16,11.7,6.7,0.0,10.479166666666664,9.2,0.0,12.8,0.0,0.0,-0.6897960046655887,0.7240037789593305,11,Illinois,10.479166666666664,136.89,163.84000000000003,109.81293402777773,122.60624999999996,0.0,0.07729141842614476,0.028884682786783463
2024-11-17,15.6,8.3,0.0,15.243333333333332,11.95,0.0,11.7,0.0,0.0,-0.6772399381909491,0.7357622347736527,11,Illinois,15.243333333333332,243.35999999999999,136.89,232.35921111111108,237.796,0.0,0.07135957912036127,0.04729423802634072
2024-11-18,16.7,10.6,11.9,14.361944444444443,13.649999999999999,1.0,15.6,0.0,0.0,-0.6644834655228552,0.7473029667054296,11,Illinois,14.361944444444443,278.89,243.35999999999999,206.2654482253086,239.84447222222218,0.0,0.09721613330886453,0.05431284239835811
2024-11-19,18.3,8.3,3.0,17.44888888888889,13.3,1.0,16.7,0.0,0.0,-0.6515303615068021,0.75862255966641,11,Illinois,17.44888888888889,334.89000000000004,278.89,304.4637234567902,319.3146666666667,0.0,0.10753569665811932,0.07153851013381442
2024-11-20,10.0,1.1,0.8,14.613333333333335,5.55,1.0,18.3,0.0,0.0,-0.6383844591746642,0.7697176640069211,11,Illinois,14.613333333333335,100.0,334.89000000000004,213.54951111111117,146.13333333333335,0.0,0.1258822230077606,0.022105825282956452
2024-11-21,4.4,-0.6,5.6,3.193333333333336,1.9000000000000001,1.0,10.0,0.0,0.0,-0.6250496486104377,0.7805849965070866,11,Illinois,3.193333333333336,19.360000000000003,100.0,10.197377777777795,14.050666666666679,0.0,0.06379537045625074,0.018397460839021735
2024-11-22,8.9,2.2,0.0,8.234444444444446,5.550000000000001,0.0,4.4,0.0,0.0,-0.6115298757991053,0.7912213413483807,11,Illinois,8.234444444444446,79.21000000000001,19.360000000000003,67.806075308642,73.28655555555557,0.0,0.049590366378772385,0.025633556461061656
2024-11-23,7.2,3.3,0.0,7.1447222222222235,5.25,0.0,8.9,0.0,0.0,-0.5978291414589552,0.801623551065242,11,Illinois,7.1447222222222235,51.84,79.21000000000001,51.04705563271607,51.44200000000001,0.0,0.05984453991233887,0.01981816392911907
2024-11-24,12.2,3.3,0.0,10.544444444444439,7.75,0.0,7.2,0.0,0.0,-0.5839514998576998,0.8117885474764613,11,Illinois,10.544444444444439,148.83999999999997,51.84,111.1853086419752,128.64222222222216,0.0,0.05498046084953045,0.0368394902082858
2024-11-25,12.8,2.8,0.0,11.777777777777779,7.800000000000001,0.0,12.2,0.0,0.0,-0.5699010576127624,0.8217133225960589,11,Illinois,11.777777777777779,163.84000000000003,148.83999999999997,138.71604938271608,150.75555555555556,0.0,0.07360965577390302,0.03744158370032261
2024-11-26,4.4,-2.8,0.0,6.5800000000000045,0.8000000000000003,0.0,12.8,0.0,0.0,-0.5556819724760489,0.8313949395234058,11,Illinois,6.5800000000000045,19.360000000000003,163.84000000000003,43.29640000000006,28.952000000000023,0.0,0.0768852715928397,0.015061335670236197
2024-11-27,6.7,2.2,0.0,5.0463888888888935,4.45,0.0,4.4,0.0,0.0,-0.5412984521036173,0.8408305333122887,11,Illinois,5.0463888888888935,44.89,19.360000000000003,25.46604081790128,33.81080555555559,0.0,0.04945669180256856,0.022671901167631354
2024-11-28,3.9,-2.2,0.0,4.230833333333332,0.8499999999999999,0.0,6.7,0.0,0.0,-0.5267547528105542,0.8500173118187018,11,Illinois,4.230833333333332,15.209999999999999,44.89,17.899950694444435,16.500249999999994,0.0,0.05368009564331105,0.01729558932593197
2024-11-29,-1.7,-7.2,0.0,-2.3438888888888894,-4.45,0.0,3.9,0.0,0.0,-0.5120551783114646,0.8589525565270845,11,Illinois,-2.3438888888888894,2.8899999999999997,15.209999999999999,5.493815123456792,3.984611111111112,0.0,0.04871235607112107,0.016301506861063252
2024-11-30,-3.3,-9.4,0.0,-4.836666666666664,-6.35,0.0,-1.7,0.0,0.0,-0.4972040784469378,0.8676336233547726,11,Illinois,-4.836666666666664,10.889999999999999,2.8899999999999997,23.39334444444442,15.960999999999991,0.0,0.04570599377842088,0.019324657208114156
2024-12-01,-2.2,-10.0,0.0,-3.681666666666668,-6.1,0.0,-3.3,0.0,0.0,-0.4822058478963526,0.8760579434344281,12,Illinois,-3.681666666666668,4.840000000000001,10.889999999999999,13.554669444444453,8.09966666666667,0.0,0.04631966785711678,0.020162042335680443
2024-12-02,-2.2,-10.0,0.0,-4.128888888888886,-6.1,0.0,-2.2,0.0,0.0,-0.46706492487743034,0.8842230238742036,12,Illinois,-4.128888888888886,4.840000000000001,4.840000000000001,17.0477234567901,9.08355555555555,0.0,0.04578477642267806,0.020943786021270387
2024-12-03,0.0,-7.8,0.0,-2.934722222222222,-3.9,0.0,-2.2,0.0,0.0,-0.451785789832884,0.8921264484954345,12,Illinois,-2.934722222222222,0.0,4.840000000000001,8.612594521604935,-0.0,0.0,0.04575978274913844,0.023328353825557643
2024-12-04,4.4,-7.8,0.0,3.4963888888888897,-1.6999999999999997,0.0,0.0,0.0,0.0,-0.4363729641045924,0.8997658785476209,12,Illinois,3.4963888888888897,19.360000000000003,0.0,12.224735262345684,15.384111111111116,0.0,0.045642918920872584,0.023890652934673632
2024-12-05,-1.7,-10.6,0.0,2.0149999999999975,-6.1499999999999995,0.0,4.4,0.0,0.0,-0.42083100859565564,0.9071390534005044,12,Illinois,2.0149999999999975,2.8899999999999997,19.360000000000003,4.06022499999999,-3.4254999999999955,0.0,0.04924171821089869,0.012200129587481881
2024-12-06,0.6,-9.4,0.0,-1.4761111111111092,-4.4,0.0,-1.7,0.0,0.0,-0.4051645224207563,0.9142437912130223,12,Illinois,-1.4761111111111092,0.36,2.8899999999999997,2.178904012345673,-0.8856666666666655,0.0,0.04555655537491496,0.022821135735079292
2024-12-07,10.6,-3.9,0.0,9.653888888888886,3.3499999999999996,0.0,0.6,0.0,0.0,-0.3893781415452015,0.9210779895789526,12,Illinois,9.653888888888886,112.36,0.36,93.1975706790123,102.3312222222222,0.0,0.04575598531415268,0.03912635886379436
2024-12-08,13.9,4.4,0.0,12.606388888888887,9.15,0.0,10.6,0.0,0.0,-0.37347653741307074,0.9276396261490467,12,Illinois,12.606388888888887,193.21,112.36,158.92104081790117,175.22880555555554,0.0,0.06559965551313847,0.045779990029874554
2024-12-09,12.8,7.2,0.0,12.029166666666669,10.0,0.0,13.9,0.0,0.0,-0.3574644155648614,0.9339267592294762,12,Illinois,12.029166666666669,163.84000000000003,193.21,144.70085069444448,153.97333333333336,0.0,0.0831844024756537,0.03604376842299561
2024-12-10,7.2,-0.6,0.0,9.076111111111112,3.3000000000000003,0.0,12.8,0.0,0.0,-0.34134651424503615,0.9399375283564133,12,Illinois,9.076111111111112,51.84,163.84000000000003,82.37579290123459,65.34800000000001,0.0,0.07630976335957418,0.02032570859539544
2024-12-11,0.6,-10.6,0.0,-0.5458333333333343,-5.0,0.0,7.2,0.0,0.0,-0.3251276029999093,0.9456701548465688,12,Illinois,-0.5458333333333343,0.36,51.84,0.29793402777777883,-0.32750000000000057,0.0,0.05447640505367353,0.019960804225472313
2024-12-12,-8.9,-15.0,0.0,-7.225555555555555,-11.95,0.0,0.6,0.0,0.0,-0.30881248126625377,0.9511229423235357,12,Illinois,-7.225555555555555,79.21000000000001,0.36,52.20865308641975,64.30744444444444,0.0,0.04563218436882109,0.01572055642450834
2024-12-13,-2.2,-12.8,0.0,-3.49888888888889,-7.5,0.0,-8.9,0.0,0.0,-0.29240597695107734,0.9562942772197719,12,Illinois,-3.49888888888889,4.840000000000001,79.21000000000001,12.242223456790132,7.697555555555558,0.0,0.054007474447551156,0.023411010586474375
2024-12-14,5.0,-3.3,9.4,3.9697222222222215,0.8500000000000001,1.0,-2.2,0.0,0.0,-0.27591294500296043,0.9611826292540837,12,Illinois,3.9697222222222215,25.0,4.840000000000001,15.758694521604932,19.848611111111108,0.0,0.045487622462889184,0.025471493266451144
2024-12-15,7.8,4.4,0.8,7.379722222222221,6.1,1.0,5.0,0.0,0.0,-0.2593382659754056,0.9657865518844574,12,Illinois,7.379722222222221,60.839999999999996,25.0,54.460300077160475,57.561833333333325,0.0,0.0499019050113529,0.02497052533574927
2024-12-16,12.2,2.8,0.8,11.882222222222225,7.5,1.0,7.8,0.0,0.0,-0.2426868445825954,0.9701046827361175,12,Illinois,11.882222222222225,148.83999999999997,60.839999999999996,141.18720493827166,144.96311111111115,0.0,0.055870678793674695,0.0405380317341249
2024-12-17,3.9,0.6,0.0,4.9,2.25,0.0,12.2,0.0,0.0,-0.22596360824801906,0.974135744004672,12,Illinois,4.9,15.209999999999999,148.83999999999997,24.010000000000005,19.11,0.0,0.07274887454928912,0.016126804816411537
2024-12-18,2.8,-2.8,0.0,1.7641666666666664,0.0,0.0,3.9,0.0,0.0,-0.20917350564635637,0.9778785428342386,12,Illinois,1.7641666666666664,7.839999999999999,15.209999999999999,3.112284027777777,4.939666666666666,0.0,0.04821515429420384,0.02021263018754598
2024-12-19,1.1,-2.8,0.8,-0.4805555555555567,-0.8499999999999999,1.0,2.8,0.0,0.0,-0.19232150523909483,0.9813319716704275,12,Illinois,-0.4805555555555567,1.2100000000000002,7.839999999999999,0.23093364197530972,-0.5286111111111124,0.0,0.04694757240184297,0.020370175623175994
2024-12-20,2.2,-4.4,2.3,0.8833333333333352,-1.1,1.0,1.1,0.0,0.0,-0.17541259380427843,0.9844950085880858,12,Illinois,0.8833333333333352,4.840000000000001,1.2100000000000002,0.7802777777777811,1.9433333333333376,0.0,0.045664287933777234,0.0220685384283954
2024-12-21,-1.7,-8.3,0.0,-2.895555555555555,-5.0,0.0,2.2,0.0,0.0,-0.15845177496083632,0.9873667175937016,12,Illinois,-2.895555555555555,2.8899999999999997,4.840000000000001,8.38424197530864,4.9224444444444435,0.0,0.046365908717860324,0.019619011661807437
2024-12-22,1.1,-8.3,0.0,0.05749999999999823,-3.6000000000000005,0.0,-1.7,0.0,0.0,-0.14144406768794202,0.9899462489023779,12,Illinois,0.05749999999999823,1.2100000000000002,2.8899999999999997,0.0033062499999997968,0.06324999999999806,0.0,0.04516920607078971,0.02219787841255899
2024-12-23,5.6,0.6,0.0,4.743333333333331,3.0999999999999996,0.0,1.1,0.0,0.0,-0.12439450483979998,0.9922328391893008,12,Illinois,4.743333333333331,31.359999999999996,1.2100000000000002,22.499211111111094,26.562666666666654,0.0,0.045593530552520765,0.023635498070556853
2024-12-24,3.9,1.7,0.0,4.821666666666668,2.8,0.0,5.6,0.0,0.0,-0.10730813165636247,0.9942258118156161,12,Illinois,4.821666666666668,15.209999999999999,31.359999999999996,23.24846944444446,18.804500000000004,0.0,0.0507073678387848,0.0174583320886302
2024-12-25,3.9,1.1,0.0,3.1150000000000038,2.5,0.0,3.9,0.0,0.0,-0.09019000427034513,0.9959245770286599,12,Illinois,3.1150000000000038,15.209999999999999,15.209999999999999,9.703225000000023,12.148500000000015,0.0,0.04804130447642916,0.020160323896140305
2024-12-26,9.4,3.9,1.0,9.020555555555555,6.65,1.0,3.9,0.0,0.0,-0.07304518821104743,0.9973286321364752,12,Illinois,9.020555555555555,88.36000000000001,15.209999999999999,81.37042253086419,84.79322222222223,0.0,0.04801714309255247,0.0309744627442034
2024-12-27,12.2,8.3,4.8,10.319722222222222,10.25,1.0,9.4,0.0,0.0,-0.05587875690537313,0.9984375616565666,12,Illinois,10.319722222222222,148.83999999999997,88.36000000000001,106.49666674382715,125.90061111111109,0.0,0.06043081083318587,0.03900267498167378
2024-12-28,11.7,7.2,0.0,11.474722222222221,9.45,0.0,12.2,0.0,0.0,-0.03869579017652689,0.9992510374388481,12,Illinois,11.474722222222221,136.89,148.83999999999997,131.66925007716046,134.25424999999998,0.0,0.07234469208345157,0.03360428077487486
2024-12-29,9.4,3.3,22.4,8.942222222222224,6.35,1.0,11.7,0.0,0.0,-0.021501372740813793,0.999768818762748,12,Illinois,8.942222222222224,88.36000000000001,136.89,79.96333827160497,84.0568888888889,0.0,0.06980188662285695,0.02908350575058389
2024-12-30,5.6,1.1,0.0,5.0174999999999965,3.3499999999999996,0.0,9.4,0.0,0.0,-0.004300592702981974,0.9999907524084426,12,Illinois,5.0174999999999965,31.359999999999996,88.36000000000001,25.175306249999966,28.097999999999978,0.0,0.06034230471979245,0.0214266676172147
2024-12-31,6.1,1.7,16.5,5.464166666666673,3.9,1.0,5.6,0.0,0.0,0.012901459949419653,0.9999167727021953,12,Illinois,5.464166666666673,37.209999999999994,31.359999999999996,29.857117361111175,33.3314166666667,0.0,0.05053211305083636,0.023826197533429537
2025-01-01,2.2,-3.9,0.0,1.3691666666666673,-0.8499999999999999,0.0,6.1,0.0,0.0,0.017201575418260506,0.9998520419557735,1,Illinois,1.3691666666666673,4.840000000000001,37.209999999999994,1.8746173611111128,3.012166666666668,0.0,0.051483198835988335,0.019929476938598357
2025-01-02,0.6,-3.9,0.0,-0.7547222222222238,-1.65,0.0,2.2,0.0,0.0,0.03439806061360801,0.9994082116062598,1,Illinois,-0.7547222222222238,0.36,4.840000000000001,0.5696056327160518,-0.4528333333333343,0.0,0.04610659137455531,0.02023242941456723
2025-01-03,-2.8,-7.2,0.0,-2.738888888888889,-5.0,0.0,0.6,0.0,0.0,0.051584366869408364,0.9986686402879997,1,Illinois,-2.738888888888889,7.839999999999999,0.36,7.5015123456790125,7.668888888888889,0.0,0.04513967733962637,0.017453892673985363
2025-01-04,-3.3,-10.0,0.0,-5.636388888888888,-6.65,0.0,-2.8,0.0,0.0,0.06875540848113941,0.9976335468520451,1,Illinois,-5.636388888888888,10.889999999999999,7.839999999999999,31.768879706790113,18.60008333333333,0.0,0.045259007105515864,0.02431082033960346
2025-01-05,-1.1,-8.3,0.3,-5.179444444444442,-4.7,1.0,-3.3,0.0,0.0,0.08590610426133272,0.9963032375991965,1,Illinois,-5.179444444444442,1.2100000000000002,10.889999999999999,26.8266447530864,5.697388888888887,0.0,0.04550411820626287,0.030002689825166108
2025-01-06,0.0,-5.0,0.0,-1.0713888888888887,-2.5,0.0,-1.1,0.0,0.0,0.10303137904317879,0.9946781061893646,1,Illinois,-1.0713888888888887,0.0,1.2100000000000002,1.1478741512345676,-0.0,0.0,0.04478656185001121,0.02058095388219396
2025-01-07,-2.2,-8.3,0.0,-2.817222222222221,-5.25,0.0,0.0,0.0,0.0,0.1201261651823505,0.9927586335250793,1,Illinois,-2.817222222222221,4.840000000000001,0.0,7.93674104938271,6.197888888888887,0.0,0.044871590394180205,0.019522697425624583
2025-01-08,-2.2,-9.4,0.0,-4.311666666666664,-5.800000000000001,0.0,-2.2,0.0,0.0,0.13718540405660057,0.9905453876091833,1,Illinois,-4.311666666666664,4.840000000000001,4.840000000000001,18.59046944444442,9.485666666666662,0.0,0.04494179847542963,0.023717313602262924
2025-01-09,-1.7,-9.4,0.0,-3.5902777777777795,-5.55,0.0,-2.2,0.0,0.0,0.1542040475626894,0.988039023376751,1,Illinois,-3.5902777777777795,2.8899999999999997,4.840000000000001,12.89009452160495,6.103472222222225,0.0,0.044921891082105335,0.02341576427249943
2025-01-10,-1.1,-6.1,2.3,-2.0175000000000014,-3.5999999999999996,1.0,-1.7,0.0,0.0,0.17117705961019986,0.985240282501282,1,Illinois,-2.0175000000000014,1.2100000000000002,2.8899999999999997,4.070306250000006,2.219250000000002,0.0,0.044776013211146874,0.02088426769647754
2025-01-11,0.6,-2.8,0.0,-0.5197222222222249,-1.0999999999999999,0.0,-1.1,0.0,0.0,0.18809941761179758,0.9821499931752291,1,Illinois,-0.5197222222222249,0.36,1.2100000000000002,0.2701111882716077,-0.3118333333333349,0.0,0.04468747661168306,0.020409244879043827
2025-01-12,2.2,-6.1,1.3,1.3691666666666673,-1.9499999999999997,1.0,0.6,0.0,0.0,0.20496611396949532,0.9787690698649216,1,Illinois,1.3691666666666673,4.840000000000001,0.36,1.8746173611111128,3.012166666666668,0.0,0.04495803199378619,0.023112635290288463
2025-01-13,-6.1,-12.2,0.0,-2.3047222222222232,-9.149999999999999,0.0,2.2,0.0,0.0,0.22177215755648186,0.975098513039961,1,Illinois,-2.3047222222222232,37.209999999999994,4.840000000000001,5.311744521604943,14.05880555555556,0.0,0.0458801399222827,0.012494726560976487
2025-01-14,-7.8,-12.2,0.3,-9.642777777777777,-10.0,1.0,-6.1,0.0,0.0,0.23851257519407648,0.9711394088771653,1,Illinois,-9.642777777777777,60.839999999999996,37.209999999999994,92.98316327160492,75.21366666666665,0.0,0.048052921692139774,0.027050979513058737
2025-01-15,-6.7,-15.0,0.0,-8.3675,-10.85,0.0,-7.8,0.0,0.0,0.2551824131233728,0.9668929289391521,1,Illinois,-8.3675,44.89,60.839999999999996,70.01505625,56.06225,0.0,0.050830711080192235,0.026937974305578472
2025-01-16,3.9,-7.2,0.0,2.8669444444444476,-1.6500000000000001,0.0,-6.7,0.0,0.0,0.2717767384711357,0.9623603298276545,1,Illinois,2.8669444444444476,15.209999999999999,44.89,8.219370447530883,11.181083333333346,0.0,0.0488940006870797,0.027801769623557234
2025-01-17,7.8,-2.8,0.0,6.883611111111109,2.5,0.0,3.9,0.0,0.0,0.2882906407095177,0.9575429528116719,1,Illinois,6.883611111111109,60.839999999999996,15.209999999999999,47.38410192901232,53.69216666666665,0.0,0.0475588515406739,0.0306990550188283
2025-01-18,5.6,-8.3,0.0,4.743333333333331,-1.3500000000000005,0.0,7.8,0.0,0.0,0.3047192331091634,0.9524422234305676,1,Illinois,4.743333333333331,31.359999999999996,60.839999999999996,22.499211111111094,26.562666666666654,0.0,0.055033624597136795,0.026995890447280464
2025-01-19,-8.3,-16.7,0.0,-4.41611111111111,-12.5,0.0,5.6,0.0,0.0,0.321057654185271,0.9470596510722283,1,Illinois,-4.41611111111111,68.89000000000001,31.359999999999996,19.502037345679007,36.65372222222222,0.0,0.050134848748761764,0.012831844706447194
2025-01-20,-10.6,-17.8,0.0,-12.671388888888886,-14.2,0.0,-8.3,0.0,0.0,0.3373010691361842,0.9413968285264122,1,Illinois,-12.671388888888886,112.36,68.89000000000001,160.56409637345672,134.31672222222218,0.0,0.05174047638569975,0.03404469096109864
2025-01-21,-16.7,-21.1,0.0,-14.876944444444442,-18.9,0.0,-10.6,0.0,0.0,0.3534446712740877,0.9354554315134164,1,Illinois,-14.876944444444442,278.89,112.36,221.32347600308634,248.44497222222216,0.0,0.0576284957178167,0.02986840280948313
2025-01-22,-3.3,-17.8,0.3,-5.414444444444442,-10.55,1.0,-16.7,0.0,0.0,0.3694836834473831,0.9292372181882051,1,Illinois,-5.414444444444442,10.889999999999999,278.89,29.31620864197528,17.867666666666658,0.0,0.08809461457698665,0.03334868765830616
2025-01-23,-3.3,-12.8,0.0,-4.379722222222221,-8.05,0.0,-3.3,0.0,0.0,0.38541335945432564,0.9227440286201427,1,Illinois,-4.379722222222221,10.889999999999999,10.889999999999999,19.18196674382715,14.453083333333328,0.0,0.04517020486640579,0.02283584922107655
2025-01-24,-4.4,-15.6,0.0,-7.264722222222222,-10.0,0.0,-3.3,0.0,0.0,0.4012289854475009,0.9159777842484877,1,Illinois,-7.264722222222222,19.360000000000003,10.889999999999999,52.776188966049375,31.96477777777778,0.0,0.04515454207411108,0.029139394167487377
2025-01-25,6.7,-5.0,0.0,5.02027777777778,0.8500000000000001,0.0,-4.4,0.0,0.0,0.4169258813287287,0.908940487313808,1,Illinois,5.02027777777778,44.89,19.360000000000003,25.203188966049407,33.635861111111126,0.0,0.045949085939887925,0.03311651814451536
2025-01-26,0.6,-7.2,0.0,1.5683333333333296,-3.3000000000000003,0.0,6.7,0.0,0.0,0.4324994021339788,0.901634220265486,1,Illinois,1.5683333333333296,0.36,44.89,2.4596694444444327,0.9409999999999977,0.0,0.05221422481131736,0.017188460623710405
2025-01-27,7.2,-7.8,0.0,5.415277777777779,-0.2999999999999998,0.0,0.6,0.0,0.0,0.44794493940789115,0.8940611451454876,1,Illinois,5.415277777777779,51.84,0.36,29.325233410493837,38.99000000000001,0.0,0.04470650546654437,0.03457069026279922
2025-01-28,9.4,-2.2,0.0,7.921111111111113,3.6,0.0,7.2,0.0,0.0,0.4632579225674917,0.88622350294858,1,Illinois,7.921111111111113,88.36000000000001,51.84,62.74400123456793,74.45844444444447,0.0,0.05333037546573044,0.034943882273655406
2025-01-29,8.9,0.6,0.0,7.803611111111116,4.75,0.0,9.4,0.0,0.0,0.4784338202547012,0.8781236129591848,1,Illinois,7.803611111111116,79.21000000000001,88.36000000000001,60.896346373456865,69.45213888888894,0.0,0.05963804850553902,0.030260883180919306
2025-01-30,9.4,-1.7,13.2,8.550555555555558,3.85,1.0,8.9,0.0,0.0,0.49346814167723735,0.8697638720650646,1,Illinois,8.550555555555558,88.36000000000001,79.21000000000001,73.11200030864202,80.37522222222225,0.0,0.05798620123499845,0.034028447736454075
2025-01-31,5.0,1.7,20.6,5.069722222222223,3.35,1.0,9.4,0.0,0.0,0.5083564379375122,0.8611467540480452,1,Illinois,5.069722222222223,25.0,88.36000000000001,25.702083410493838,25.34861111111112,0.0,0.05960281381904453,0.02034842673438471
2025-02-01,1.7,-0.6,0.0,1.9599999999999993,0.55,0.0,5.0,0.0,0.0,0.5230943033491326,0.8522748088519838,2,Illinois,1.9599999999999993,2.8899999999999997,25.0,3.8415999999999975,3.3319999999999985,0.0,0.048896607308897604,0.017173465896051857
2025-02-02,7.2,0.0,0.0,6.055000000000001,3.6,0.0,1.7,0.0,0.0,0.5376773767406141,0.8431506618282,2,Illinois,6.055000000000001,51.84,2.8899999999999997,36.663025000000005,43.596000000000004,0.0,0.045198268756682675,0.028330646901189506
2025-02-03,8.9,1.1,0.0,8.325833333333337,5.0,0.0,7.2,0.0,0.0,0.5521013427459208,0.8337770129585915,2,Illinois,8.325833333333337,79.21000000000001,51.84,69.31950069444451,74.0999166666667,0.0,0.053238176349637775,0.029794703462571875
2025-02-04,1.7,-3.9,0.0,2.0774999999999957,-1.1,0.0,8.9,0.0,0.0,0.5663619330814524,0.8241566360566663,2,Illinois,2.0774999999999957,2.8899999999999997,79.21000000000001,4.316006249999982,3.5317499999999926,0.0,0.05790628933301776,0.017265761027924386
2025-02-05,0.0,-2.8,0.0,-1.2672222222222216,-1.4,0.0,1.7,0.0,0.0,0.580454927809098,0.8142923779467267,2,Illinois,-1.2672222222222216,0.0,2.8899999999999997,1.6058521604938256,-0.0,0.0,0.04516286265556957,0.019378458957369095
2025-02-06,3.9,-2.2,0.0,2.840833333333334,0.8499999999999999,0.0,0.0,0.0,0.0,0.5943761565849831,0.804187157621448,2,Illinois,2.840833333333334,15.209999999999999,0.0,8.070334027777783,11.079250000000004,0.0,0.04439794701946835,0.023182638971331868
2025-02-07,0.6,-6.1,0.0,1.0688888888888926,-2.75,0.0,3.9,0.0,0.0,0.6081214998935418,0.7938439653781019,2,Illinois,1.0688888888888926,0.36,15.209999999999999,1.1425234567901312,0.6413333333333355,0.0,0.04724536485799624,0.017743369566269
2025-02-08,1.1,-1.7,0.3,-0.6502777777777801,-0.29999999999999993,1.0,0.6,0.0,0.0,0.6216868902665479,0.7832658619336791,2,Illinois,-0.6502777777777801,1.2100000000000002,0.36,0.4228611882716079,-0.7153055555555581,0.0,0.04456022062716618,0.02138851889655138
2025-02-09,0.6,-5.0,0.0,-1.0322222222222206,-2.2,0.0,1.1,0.0,0.0,0.6350683134867438,0.7724559775191742,2,Illinois,-1.0322222222222206,0.36,1.2100000000000002,1.0654827160493794,-0.6193333333333323,0.0,0.04477163644982877,0.021256735371331437
2025-02-10,2.8,-8.3,0.0,0.15222222222222273,-2.7500000000000004,0.0,0.6,0.0,0.0,0.6482618097757122,0.7614175109532997,2,Illinois,0.15222222222222273,7.839999999999999,0.36,0.02317160493827176,0.4262222222222236,0.0,0.04454108008429231,0.02708919004694087
2025-02-11,-1.1,-3.9,0.0,-2.4352777777777788,-2.5,0.0,2.8,0.0,0.0,0.6612634749656386,0.7501537286959042,2,Illinois,-2.4352777777777788,1.2100000000000002,7.839999999999999,5.930577854938276,2.6788055555555568,0.0,0.04598738706314691,0.018773549648062066
2025-02-12,-1.1,-3.9,3.6,-2.817222222222221,-2.5,1.0,-1.1,0.0,0.0,0.6740694616546161,0.7386679638813748,2,Illinois,-2.817222222222221,1.2100000000000002,1.2100000000000002,7.93674104938271,3.0989444444444434,0.0,0.04423664755252776,0.020895236543425927
2025-02-13,-2.2,-13.9,0.0,-3.2247222222222245,-8.05,0.0,-1.1,0.0,0.0,0.6866759803451553,0.726963615332308,2,Illinois,-3.2247222222222245,4.840000000000001,1.2100000000000002,10.398833410493841,7.094388888888894,0.0,0.044228498295023476,0.022240237725835645
2025-02-14,-2.2,-15.0,3.0,-5.518888888888887,-8.6,1.0,-2.2,0.0,0.0,0.6990793005655562,0.7150441465537444,2,Illinois,-5.518888888888887,4.840000000000001,4.840000000000001,30.45813456790122,12.141555555555554,0.0,0.04441412605941384,0.029865938216414884
2025-02-15,1.7,-2.2,0.0,0.75277777777778,-0.2500000000000001,0.0,-2.2,0.0,0.0,0.7112757519738152,0.7029130847082615,2,Illinois,0.75277777777778,2.8899999999999997,4.840000000000001,0.5666743827160527,1.279722222222226,0.0,0.04440673539776208,0.020367770895262552
2025-02-16,-1.7,-12.2,0.3,-0.32388888888889,-6.949999999999999,1.0,1.7,0.0,0.0,0.7232617254437388,0.6905740195722293,2,Illinois,-0.32388888888889,2.8899999999999997,2.8899999999999997,0.10490401234567974,0.5506111111111129,0.0,0.04506289957244858,0.017329292373095554
2025-02-17,-11.1,-16.7,0.0,-5.848055555555557,-13.899999999999999,0.0,-1.7,0.0,0.0,0.7350336741329413,0.6780306024735382,2,Illinois,-5.848055555555557,123.21,2.8899999999999997,34.199753780864214,64.91341666666668,0.0,0.04426832729068561,0.011629235826625844
2025-02-18,-8.9,-18.9,0.0,-10.86027777777778,-13.899999999999999,0.0,-11.1,0.0,0.0,0.746588114532413,0.6652865452111116,2,Illinois,-10.86027777777778,79.21000000000001,123.21,117.94563341049387,96.65647222222225,0.0,0.058806918394773144,0.03135965382813098
2025-02-19,-7.2,-13.9,0.0,-8.996944444444445,-10.55,0.0,-8.9,0.0,0.0,0.7579216274973472,0.6523456189565257,2,Illinois,-8.996944444444445,51.84,79.21000000000001,80.94500933641976,64.778,0.0,0.052670873972773584,0.02599962852307244
2025-02-20,-3.9,-15.0,0.0,-5.388333333333332,-9.45,0.0,-7.2,0.0,0.0,0.7690308592589181,0.6392116531380588,2,Illinois,-5.388333333333332,15.209999999999999,51.84,29.034136111111096,21.014499999999995,0.0,0.04925613580534276,0.024395160803471698
2025-02-21,-1.7,-11.7,0.0,-3.065277777777777,-6.699999999999999,0.0,-3.9,0.0,0.0,0.7799125224167177,0.6258885343075018,2,Illinois,-3.065277777777777,2.8899999999999997,15.209999999999999,9.395927854938266,5.21097222222222,0.0,0.0452647741585361,0.02240404547884841
2025-02-22,1.7,-9.4,0.0,0.3088888888888914,-3.85,0.0,-1.7,0.0,0.0,0.7905633969115482,0.612380204990065,2,Illinois,0.3088888888888914,2.8899999999999997,2.8899999999999997,0.09541234567901388,0.5251111111111153,0.0,0.04424153840949948,0.023454105866556402
2025-02-23,8.3,-3.9,0.0,6.831388888888886,2.2,0.0,1.7,0.0,0.0,0.8009803309782905,0.5986906625177214,2,Illinois,6.831388888888886,68.89000000000001,2.8899999999999997,46.66787415123452,56.70052777777776,0.0,0.045024752268963256,0.03230004514623125
2025-02-24,13.9,3.3,0.0,12.13361111111111,8.6,0.0,8.3,0.0,0.0,0.8111602420785621,0.5848239578463322,2,Illinois,12.13361111111111,193.21,68.89000000000001,147.22451859567897,168.65719444444443,0.0,0.055918098115770004,0.0495942222462557
2025-02-25,13.9,2.8,0.0,12.554166666666665,8.35,0.0,13.9,0.0,0.0,0.8211001178128892,0.5707841943569036,2,Illinois,12.554166666666665,193.21,193.21,157.6071006944444,174.50291666666666,0.0,0.08093491757938742,0.04649299064285228
2025-02-26,10.6,2.8,1.0,9.324166666666668,6.699999999999999,1.0,13.9,0.0,0.0,0.8307970168121247,0.5565755266413303,2,Illinois,9.324166666666668,112.36,193.21,86.94008402777781,98.83616666666668,0.0,0.08092970491589702,0.031892970565903574
2025-02-27,10.6,1.7,0.0,9.128333333333332,6.1499999999999995,0.0,10.6,0.0,0.0,0.8402480696078469,0.5422021592729844,2,Illinois,9.128333333333332,112.36,112.36,83.32646944444443,96.76033333333332,0.0,0.06376888150748955,0.03283418257913417
2025-02-28,15.6,1.1,0.0,14.24777777777778,8.35,0.0,10.6,0.0,0.0,0.8494504794814806,0.527668345562516,2,Illinois,14.24777777777778,243.35999999999999,112.36,202.9991716049383,222.26533333333336,0.0,0.06376592139600994,0.06207717691944073
2025-03-01,2.2,-6.1,0.0,10.821944444444446,-1.9499999999999997,0.0,15.6,0.0,0.0,0.8584015232918917,0.512978386299228,3,Illinois,10.821944444444446,4.840000000000001,243.35999999999999,117.11448155864201,23.808277777777782,0.0,0.09354006907227913,0.009942423806639674
2025-03-02,3.3,-7.8,0.0,1.8191666666666646,-2.25,0.0,2.2,0.0,0.0,0.8670985522812081,0.4981366284784055,3,Illinois,1.8191666666666646,10.889999999999999,4.840000000000001,3.3093673611111036,6.003249999999992,0.0,0.045368648012631116,0.02308657705744105
2025-03-03,9.4,0.6,0.0,7.22583333333333,5.0,0.0,3.3,0.0,0.0,0.8755389928586302,0.4831474640149687,3,Illinois,7.22583333333333,88.36000000000001,10.889999999999999,52.212667361111066,67.92283333333332,0.0,0.0463991438082541,0.03245177594662336
2025-03-04,9.4,6.7,25.4,8.495555555555557,8.05,1.0,9.4,0.0,0.0,0.8837203473619977,0.4680153284438345,3,Illinois,8.495555555555557,88.36000000000001,88.36000000000001,72.17446419753088,79.85822222222224,0.0,0.05931754654771943,0.026296412791764805
2025-03-05,12.2,-0.6,5.3,11.396388888888888,5.8,1.0,9.4,0.0,0.0,0.8916401947968874,0.45274469960737107,3,Illinois,11.396388888888888,148.83999999999997,88.36000000000001,129.8776797067901,139.03594444444443,0.0,0.05931755157788093,0.041057908546337354
2025-03-06,6.1,-1.7,0.0,4.351666666666666,2.1999999999999997,0.0,12.2,0.0,0.0,0.8992961915530253,0.4373400963303323,3,Illinois,4.351666666666666,37.209999999999994,148.83999999999997,18.93700277777777,26.54516666666666,0.0,0.07105494014215383,0.022246850991666046
2025-03-07,4.4,0.6,3.3,3.036666666666671,2.5,1.0,6.1,0.0,0.0,0.9066860720977985,0.4218060770826634,3,Illinois,3.036666666666671,19.360000000000003,37.209999999999994,9.22134444444447,13.361333333333354,0.0,0.050637153326740715,0.02021450015081987
2025-03-08,10.6,-0.6,0.0,9.666944444444441,5.0,0.0,4.4,0.0,0.0,0.9138076496466615,0.4061472386305789,3,Illinois,9.666944444444441,112.36,19.360000000000003,93.44981489197525,102.46961111111108,0.0,0.047774865205160666,0.0344775625182708
2025-03-09,15.0,0.6,0.0,14.208611111111114,7.8,0.0,10.6,0.0,0.0,0.9206588168102428,0.3903682146763026,3,Illinois,14.208611111111114,225.0,112.36,201.8846297067902,213.12916666666672,0.0,0.06376596991038254,0.05474575487997486
2025-03-10,21.1,5.0,0.0,20.010277777777773,13.05,0.0,15.0,0.0,0.0,0.9272375462179537,0.374473674486883,3,Illinois,20.010277777777773,445.21000000000004,225.0,400.41121674382697,422.21686111111103,0.0,0.0887324654557563,0.12767625291815282
2025-03-11,15.6,3.3,0.0,18.21222222222222,9.45,0.0,21.1,0.0,0.0,0.9335418911179212,0.35846832151248087,3,Illinois,18.21222222222222,243.35999999999999,445.21000000000004,331.68503827160487,284.11066666666665,0.0,0.16470485578845273,0.04925425887381132
2025-03-12,11.7,3.3,0.0,9.575555555555553,7.5,0.0,15.6,0.0,0.0,0.9395699859530622,0.342356891994542,3,Illinois,9.575555555555553,136.89,243.35999999999999,91.69126419753081,112.03399999999996,0.0,0.09355901346776178,0.03290977310865328
2025-03-13,15.6,2.2,0.0,14.83861111111111,8.9,0.0,11.7,0.0,0.0,0.945320046913132,0.3261441535642696,3,Illinois,14.83861111111111,243.35999999999999,136.89,220.18437970679008,231.48233333333332,0.0,0.06861164115010872,0.056132957221924414
2025-03-14,26.7,10.0,5.8,26.506666666666668,18.35,1.0,15.6,0.0,0.0,0.9507903724625832,0.3098349038318025,3,Illinois,26.506666666666668,712.89,243.35999999999999,702.6033777777778,707.7280000000001,0.0,0.09357357602809793,0.33909713833338945
2025-03-15,19.4,6.1,8.1,24.760833333333338,12.75,1.0,26.7,0.0,0.0,0.9559793438440766,0.2934339689665273,3,Illinois,24.760833333333338,376.35999999999996,712.89,613.0988673611113,480.3601666666667,0.0,0.33166681418017413,0.09197756003389011
2025-03-16,6.7,-1.7,8.1,10.505277777777774,2.5,1.0,19.4,0.0,0.0,0.9608854255574977,0.27694620226893646,3,Illinois,10.505277777777774,44.89,376.35999999999996,110.36086118827153,70.3853611111111,0.0,0.13629224861156677,0.016147429958911316
2025-03-17,12.2,-2.8,0.0,11.255555555555558,4.699999999999999,0.0,6.7,0.0,0.0,0.9655071658143364,0.2603764827344581,3,Illinois,11.255555555555558,148.83999999999997,44.89,126.68753086419758,137.3177777777778,0.0,0.05192125223786873,0.040333032949699775
2025-03-18,22.8,7.8,0.0,22.411666666666672,15.3,0.0,12.2,0.0,0.0,0.969843196967294,0.24372971360968387,3,Illinois,22.411666666666672,519.84,148.83999999999997,502.28280277777804,510.98600000000016,0.0,0.07111410937425651,0.16547319657668122
2025-03-19,10.0,2.8,18.8,20.718055555555566,6.4,1.0,22.8,0.0,0.0,0.9738922359149924,0.22701082094141847,3,Illinois,20.718055555555566,100.0,519.84,429.23782600308687,207.18055555555566,0.0,0.20164576052975,0.01956056278551584
2025-03-20,7.2,0.0,7.4,5.646944444444447,3.6,1.0,10.0,0.0,0.0,0.9776530844816641,0.2102247521189836,3,Illinois,5.646944444444447,51.84,100.0,31.887981558642004,40.65800000000002,0.0,0.061507416223391856,0.02283239708720985
2025-03-21,16.1,0.0,0.0,14.773333333333332,8.05,0.0,7.2,0.0,0.0,0.981124629771712,0.19337647441020586,3,Illinois,14.773333333333332,259.21000000000004,51.84,218.25137777777772,237.85066666666665,0.0,0.05309373629164887,0.06358007613755036
2025-03-22,10.0,1.7,0.0,12.423611111111109,5.85,0.0,16.1,0.0,0.0,0.984305844499033,0.17647097349152166,3,Illinois,12.423611111111109,100.0,259.21000000000004,154.3461130401234,124.23611111111109,0.0,0.09801856318501188,0.022564172138131132
2025-03-23,10.0,2.2,4.6,8.524444444444445,6.1,1.0,10.0,0.0,0.0,0.9871957872910085,0.15951325197263655,3,Illinois,8.524444444444445,100.0,100.0,72.66615308641975,85.24444444444444,0.0,0.06153626366666276,0.028005773953598916
2025-03-24,10.6,1.7,0.0,8.971666666666668,6.1499999999999995,0.0,10.0,0.0,0.0,0.9897936029670716,0.14250832791617088,3,Illinois,8.971666666666668,112.36,100.0,80.49080277777779,95.09966666666668,0.0,0.061546976186926616,0.029241704304230388
2025-03-25,11.1,0.0,0.0,8.880277777777776,5.55,0.0,10.6,0.0,0.0,0.992098522791769,0.12546123335273648,3,Illinois,8.880277777777776,123.21,112.36,78.85933341049379,98.5710833333333,0.0,0.06388363907761009,0.032213307148032506
2025-03-26,12.2,0.0,0.0,10.178888888888887,6.1,0.0,11.1,0.0,0.0,0.9941098647022418,0.10837701279187609,3,Illinois,10.178888888888887,148.83999999999997,123.21,103.60977901234564,124.18244444444441,0.0,0.06599851659390794,0.03583561031209897
2025-03-27,12.8,6.7,0.0,12.029166666666669,9.75,0.0,12.2,0.0,0.0,0.9958270335100595,0.09126072172931188,3,Illinois,12.029166666666669,163.84000000000003,148.83999999999997,144.70085069444448,153.97333333333336,0.0,0.07121933535693603,0.032270804675306235
2025-03-28,26.7,9.4,15.2,25.889722222222233,18.05,1.0,12.8,0.0,0.0,0.9972495210773451,0.07411742515094437,3,Illinois,25.889722222222233,712.89,163.84000000000003,670.2777167438277,691.2555833333336,0.0,0.07444766711478541,0.3216786017354498
2025-03-29,20.0,9.4,1.5,25.3125,14.7,1.0,26.7,0.0,0.0,0.998376906467142,0.056952196034039754,3,Illinois,25.3125,400.0,712.89,640.72265625,506.25,0.0,0.3323150892598499,0.09021571946730716
2025-03-30,25.6,6.1,8.1,25.50833333333333,15.850000000000001,1.0,20.0,0.0,0.0,0.9992088560679753,0.03977011384605572,3,Illinois,25.50833333333333,655.3600000000001,400.0,650.6750694444443,653.0133333333333,0.0,0.14585470418249993,0.2608002571484569
2025-03-31,8.9,2.2,0.0,13.458333333333337,5.550000000000001,0.0,25.6,0.0,0.0,0.9997451236925734,0.022576263041545485,3,Illinois,13.458333333333337,79.21000000000001,655.3600000000001,181.12673611111123,119.77916666666671,0.0,0.287757749386223,0.015710020492573654
2025-04-01,8.3,1.7,0.0,5.728611111111112,5.0,0.0,8.9,0.0,0.0,0.9999855506507186,0.005375731557583884,4,Illinois,5.728611111111112,68.89000000000001,79.21000000000001,32.81698526234569,47.54747222222223,0.0,0.057891992781800024,0.023463329880066032
2025-04-02,22.2,5.6,46.5,21.804999999999996,13.899999999999999,1.0,8.3,0.0,0.0,0.9999300657962057,-0.011826390691832589,4,Illinois,21.804999999999996,492.84,68.89000000000001,475.45802499999985,484.0709999999999,0.0,0.05610779957668311,0.15131605474597293
2025-04-03,14.4,5.6,0.0,21.109722222222224,10.0,0.0,22.2,0.0,0.0,0.9995786855478958,-0.029025013321975237,4,Illinois,21.109722222222224,207.36,492.84,445.6203722993828,303.98,0.0,0.18808599457888628,0.03398814732497706
2025-04-04,10.0,5.6,5.1,8.628888888888888,7.8,1.0,14.4,0.0,0.0,0.9989315138848577,-0.046215046983708354,4,Illinois,8.628888888888888,100.0,207.36,74.4577234567901,86.28888888888888,0.0,0.08466228033739728,0.023151809927795624
2025-04-05,12.2,5.0,5.1,11.477500000000001,8.6,1.0,10.0,0.0,0.0,0.9979887423155984,-0.06339140486951038,4,Illinois,11.477500000000001,148.83999999999997,100.0,131.73300625000002,140.0255,0.0,0.06171695605733087,0.03075551650250275
2025-04-06,8.9,3.9,0.0,9.258888888888887,6.4,0.0,12.2,0.0,0.0,0.9967506498213929,-0.08054900421874167,4,Illinois,9.258888888888887,79.21000000000001,148.83999999999997,85.72702345679008,82.40411111111109,0.0,0.07139441081351278,0.019424192481162894
2025-04-07,8.3,0.0,0.0,6.831388888888886,4.15,0.0,8.9,0.0,0.0,0.9952176027737294,-0.09768276782171598,4,Illinois,6.831388888888886,68.89000000000001,79.21000000000001,46.66787415123452,56.70052777777776,0.0,0.05798651296091878,0.022001936730559522
2025-04-08,6.7,-2.8,0.0,4.416944444444443,1.9500000000000002,0.0,8.3,0.0,0.0,0.9933900548258936,-0.11478762552212701,4,Illinois,4.416944444444443,44.89,68.89000000000001,19.50939822530863,29.59352777777777,0.0,0.05620219806254924,0.021140401173156402
2025-04-09,6.7,1.7,1.3,5.176944444444448,4.2,1.0,6.7,0.0,0.0,0.9912685467787256,-0.13185851571739118,4,Illinois,5.176944444444448,44.89,44.89,26.800753780864234,34.6855277777778,0.0,0.05218114570823426,0.0193713292663904
2025-04-10,7.2,4.4,0.0,5.91138888888889,5.800000000000001,0.0,6.7,0.0,0.0,0.9888537064205885,-0.1488903868564548,4,Illinois,5.91138888888889,51.84,44.89,34.94451859567903,42.56200000000001,0.0,0.052197640190717466,0.018260550006153425
2025-04-11,11.1,2.8,0.0,10.100555555555554,6.949999999999999,0.0,7.2,0.0,0.0,0.986146248341595,-0.16587819893463143,4,Illinois,10.100555555555554,123.21,51.84,102.02122253086415,112.11616666666664,0.0,0.0533647842659261,0.027221002835006128
2025-04-12,16.1,2.2,0.0,15.350555555555555,9.15,0.0,11.1,0.0,0.0,0.9831469737221499,-0.1828169249850199,4,Illinois,15.350555555555555,259.21000000000004,123.21,235.63955586419752,247.14394444444446,0.0,0.06629758800893383,0.05079858511228031
2025-04-13,18.9,11.7,0.0,17.67361111111111,15.299999999999999,0.0,16.1,0.0,0.0,0.9798567700958665,-0.1997015525660636,4,Illinois,17.67361111111111,357.2099999999999,259.21000000000004,312.3565297067901,334.03124999999994,0.0,0.09855749460024636,0.06290209908609311
2025-04-14,18.9,10.0,0.0,18.264444444444436,14.45,0.0,18.9,0.0,0.0,0.9762766110869321,-0.21652708524481437,4,Illinois,18.264444444444436,357.2099999999999,357.2099999999999,333.58993086419724,345.1979999999998,0.0,0.13005208597463333,0.06265997944533255
2025-04-15,14.4,4.4,1.5,15.324444444444445,9.4,1.0,18.9,0.0,0.0,0.9724075561219968,-0.23328854407545518,4,Illinois,15.324444444444445,207.36,357.2099999999999,234.83859753086423,220.67200000000003,0.0,0.13009628097555348,0.03452417463556834
2025-04-16,10.0,2.2,0.0,11.281666666666668,6.1,0.0,14.4,0.0,0.0,0.9682507501166718,-0.2499809690726521,4,Illinois,11.281666666666668,100.0,207.36,127.2760027777778,112.81666666666668,0.0,0.08498218328987807,0.020058198778886763
2025-04-17,18.9,5.6,1.5,18.251388888888883,12.25,1.0,10.0,0.0,0.0,0.9638074231367307,-0.26659942067929354,4,Illinois,18.251388888888883,357.2099999999999,100.0,333.11319637345656,344.95124999999985,0.0,0.061958338505575666,0.0753398776085025
2025-04-18,25.6,16.7,3.8,25.008888888888894,21.15,1.0,18.9,0.0,0.0,0.9590788900341131,-0.28313898122818354,4,Illinois,25.008888888888894,655.3600000000001,357.2099999999999,625.4445234567904,640.2275555555557,0.0,0.13023421920088765,0.19573169382299166
2025-04-19,16.7,7.2,0.0,23.328333333333326,11.95,0.0,25.6,0.0,0.0,0.9540665500578387,-0.2995947563972602,4,Illinois,23.328333333333326,278.89,655.3600000000001,544.2111361111108,389.5831666666665,0.0,0.2892870345249575,0.04355717967433806
2025-04-20,17.8,9.4,6.1,14.022499999999999,13.600000000000001,1.0,16.7,0.0,0.0,0.9487718864399473,-0.31596187665790293,4,Illinois,14.022499999999999,316.84000000000003,278.89,196.63050624999997,249.60049999999998,0.0,0.10451057083161182,0.05470188966547992
2025-04-21,17.8,7.8,0.3,17.696944444444444,12.8,1.0,17.8,0.0,0.0,0.9431964659565866,-0.33223549871590435,4,Illinois,17.696944444444444,316.84000000000003,316.84000000000003,313.18184266975305,315.00561111111114,0.0,0.11641643946006056,0.05406006372614281
2025-04-22,23.9,5.0,0.0,23.054166666666667,14.45,0.0,17.8,0.0,0.0,0.9373419384643772,-0.3484108069446808,4,Illinois,23.054166666666667,571.2099999999999,316.84000000000003,531.4946006944444,550.9945833333334,0.0,0.11646160028980498,0.16294296285641618
2025-04-23,25.6,13.9,8.9,24.682499999999997,19.75,1.0,23.9,0.0,0.0,0.9312100364121947,-0.3644830148102912,4,Illinois,24.682499999999997,655.3600000000001,571.2099999999999,609.2258062499999,631.872,0.0,0.23312118976512397,0.1875718872070537
2025-04-24,25.0,11.1,0.0,24.695555555555554,18.05,0.0,25.6,0.0,0.0,0.9248025743285089,-0.38044736628785164,4,Illinois,24.695555555555554,625.0,655.3600000000001,609.8704641975309,617.3888888888888,0.0,0.28980025877395227,0.1690443019047575
2025-04-25,16.1,8.3,10.4,15.125833333333333,12.200000000000001,1.0,25.0,0.0,0.0,0.9181214482844364,-0.39629913726891813,4,Illinois,15.125833333333333,259.21000000000004,625.0,228.79083402777775,243.5259166666667,0.0,0.2682738479429303,0.037037332201087486
2025-04-26,12.2,6.7,0.0,11.477500000000001,9.45,0.0,16.1,0.0,0.0,0.9111686353326631,-0.41203363695942635,4,Illinois,11.477500000000001,148.83999999999997,259.21000000000004,131.73300625000002,140.0255,0.0,0.09904275483950374,0.023505423006885965
2025-04-27,21.1,3.3,0.0,20.587500000000002,12.200000000000001,0.0,12.2,0.0,0.0,0.9039461929224011,-0.42764620926777464,4,Illinois,20.587500000000002,445.21000000000004,148.83999999999997,423.8451562500001,434.39625000000007,0.0,0.0719386237146339,0.10275305711514449
2025-04-28,29.4,12.8,0.0,29.02254748851555,21.1,0.0,21.1,0.0,0.0,0.8964562582905575,-0.44313223418263453,4,Illinois,29.02254748851555,864.3599999999999,445.21000000000004,842.3082627231402,853.2628961623572,0.08427281202148122,0.16669839691761337,0.4015791938307252
2025-04-29,25.0,10.6,0.0,28.164564010515555,17.8,0.0,29.4,0.0,0.0,0.8887010478292915,-0.45848712914008766,4,Illinois,28.164564010515555,625.0,864.3599999999999,793.242665902428,704.1141002628889,0.048523500438148126,0.4804599809337968,0.18090785788021865
2025-04-30,16.1,8.3,0.8,17.804166666666667,12.200000000000001,1.0,25.0,0.0,0.0,0.8806828564301475,-0.47370635037968,4,Illinois,17.804166666666667,259.21000000000004,625.0,316.9883506944445,286.64708333333334,0.0,0.26879842695947226,0.035279018429332565
2025-05-01,22.8,11.1,7.6,22.225555555555545,16.95,1.0,16.1,0.0,0.0,0.8724040568049612,-0.48878539428899265,5,Illinois,22.225555555555545,519.84,259.21000000000004,493.97531975308596,506.7426666666664,0.0,0.09925669066059153,0.11833629289742488
2025-05-02,15.6,7.2,0.0,17.696944444444444,11.4,0.0,22.8,0.0,0.0,0.8638670987837349,-0.503719798736334,5,Illinois,17.696944444444444,243.35999999999999,519.84,313.18184266975305,276.07233333333335,0.0,0.20423243318684872,0.0325177170371725
2025-05-03,12.8,6.7,0.0,11.60805555555556,9.75,0.0,15.6,0.0,0.0,0.8550745085896932,-0.518505144391157,5,Illinois,11.60805555555556,163.84000000000003,243.35999999999999,134.7469537808643,148.58311111111115,0.0,0.09493674018384488,0.024651151885824035
2025-05-04,13.9,7.8,2.0,12.580277777777773,10.85,1.0,12.8,0.0,0.0,0.8460288880917339,-0.533137056031809,5,Illinois,12.580277777777773,193.21,163.84000000000003,158.26338896604926,174.86586111111106,0.0,0.07541839516168324,0.0295434960053007
2025-05-05,17.2,8.3,0.0,15.742222222222226,12.75,0.0,13.9,0.0,0.0,0.8367329140344921,-0.5476112038402312,5,Illinois,15.742222222222226,295.84,193.21,247.8175604938273,270.76622222222227,0.0,0.08221040426547474,0.045091142171159636
2025-05-06,25.0,7.8,0.0,24.708611111111118,16.4,0.0,17.2,0.0,0.0,0.8271893372462497,-0.5619233046832195,5,Illinois,24.708611111111118,625.0,295.84,610.5154630401238,617.7152777777779,0.0,0.11041330381898166,0.18072991709185418
2025-05-07,23.3,9.4,0.0,22.49,16.35,0.0,25.0,0.0,0.0,0.8174009818249189,-0.5760691233798758,5,Illinois,22.49,542.89,625.0,505.80009999999993,524.0169999999999,0.0,0.2695868812140698,0.1140667711670518
2025-05-08,15.0,7.2,0.0,14.391388888888887,11.1,0.0,23.3,0.0,0.0,0.8073707443023492,-0.5900444739548627,5,Illinois,14.391388888888887,225.0,542.89,207.1120741512345,215.8708333333333,0.0,0.21770448025788972,0.02898982726064502
2025-05-09,18.3,4.4,0.0,16.965833333333336,11.350000000000001,0.0,15.0,0.0,0.0,0.7971015927871943,-0.6038452208771035,5,Illinois,16.965833333333336,334.89000000000004,225.0,287.83950069444455,310.4747500000001,0.0,0.09030729627506288,0.0555819380098791
2025-05-10,25.0,8.3,0.0,22.281111111111116,16.65,0.0,18.3,0.0,0.0,0.7865965660866021,-0.6174672802835514,5,Illinois,22.281111111111116,625.0,334.89000000000004,496.44791234567924,557.0277777777779,0.0,0.12349802826299167,0.1622320256882083
2025-05-11,22.2,7.2,0.0,21.79472222222221,14.7,0.0,25.0,0.0,0.0,0.7758587728069828,-0.6309066211876704,5,Illinois,21.79472222222221,492.84,625.0,475.0099167438266,483.84283333333303,0.0,0.27006198364734235,0.09450279743232613
2025-05-12,27.2,11.7,0.0,26.506666666666668,19.45,0.0,22.2,0.0,0.0,0.7648913904341225,-0.6441592666722685,5,Illinois,26.506666666666668,739.8399999999999,492.84,702.6033777777778,720.9813333333334,0.0,0.19083929990815723,0.23946385878131515
2025-05-13,25.6,16.7,0.0,25.586666666666662,21.15,0.0,27.2,0.0,0.0,0.753697664392914,-0.6572212950663319,5,Illinois,25.586666666666662,655.3600000000001,739.8399999999999,654.6775111111109,655.0186666666666,0.0,0.3603711149528284,0.1539720541931112
2025-05-14,26.7,16.1,0.0,26.111666666666668,21.4,0.0,25.6,0.0,0.0,0.742280907086982,-0.6700888411055113,5,Illinois,26.111666666666668,712.89,655.3600000000001,681.8191361111112,697.1815,0.0,0.29220887694407754,0.19328887948423473
2025-05-15,35.0,16.7,0.0,36.127153572515546,25.85,0.0,26.7,0.0,0.0,0.7306444969184916,-0.6827580970759147,5,Illinois,36.127153572515546,1225.0,712.89,1305.1712252521227,1264.450375038044,0.3802980655214811,0.3376133917472271,0.936640720697929
2025-05-16,31.7,17.2,0.0,34.016651047591154,24.45,0.0,35.0,1.0,1.0,0.7187918772884232,-0.6952253139408722,5,Illinois,34.016651047591154,1004.89,1225.0,1157.1325484935844,1078.3278382086396,0.2923604603162981,0.9760590328759988,0.5495138088326228
2025-05-17,22.2,12.8,0.0,25.928888888888896,17.5,0.0,31.7,1.0,1.0,0.7067265555776158,-0.7074868024503348,5,Illinois,25.928888888888896,492.84,1004.89,672.307279012346,575.6213333333335,0.0,0.6561583545133006,0.08583602961497865
2025-05-18,16.7,8.9,0.0,20.166944444444443,12.8,0.0,22.2,1.0,1.0,0.6944521021088763,-0.719538934232584,5,Illinois,20.166944444444443,278.89,492.84,406.7056482253086,336.7879722222222,0.0,0.19217284338279708,0.034644811608208
2025-05-19,13.9,7.2,0.0,11.581944444444446,10.55,0.0,16.7,0.0,1.0,0.6819721490904629,-0.7313781428679254,5,Illinois,11.581944444444446,193.21,278.89,134.14143711419757,160.9890277777778,0.0,0.0800786164102431,0.017981350707416036
2025-05-20,14.4,10.0,12.4,14.244444444444444,12.2,1.0,13.9,0.0,1.0,0.6692903895412567,-0.7430009249440493,5,Illinois,14.244444444444444,207.36,193.21,202.90419753086417,205.12,0.0,0.062456638840280895,0.018457150914924954
2025-05-21,12.2,10.0,2.8,13.758611111111113,11.1,1.0,14.4,0.0,1.0,0.6564105761979381,-0.7544038410927472,5,Illinois,13.758611111111113,148.83999999999997,207.36,189.29937970679018,167.85505555555557,0.0,0.06513515384202237,0.012985510160133768
2025-05-22,14.4,8.3,0.0,12.776111111111112,11.350000000000001,0.0,12.2,0.0,1.0,0.6433365204044917,-0.765583517007675,5,Illinois,12.776111111111112,207.36,148.83999999999997,163.2290151234568,183.976,0.0,0.05484395276693996,0.01911887746104763
2025-05-23,17.8,6.1,0.0,16.07194444444444,11.95,0.0,14.4,0.0,0.0,0.6300720909843687,-0.7765366444428655,5,Illinois,16.07194444444444,316.84000000000003,207.36,258.30739822530853,286.08061111111107,0.0,0.08643033145381679,0.04606314626528238
2025-05-24,18.3,7.8,0.0,17.30527777777778,13.05,0.0,17.8,0.0,0.0,0.6166212130956382,-0.7872599821916922,5,Illinois,17.30527777777778,334.89000000000004,316.84000000000003,299.47263896604943,316.6865833333334,0.0,0.11821259999521057,0.04631938660774873
2025-05-25,18.9,11.1,1.0,18.316666666666666,15.0,1.0,18.3,0.0,0.0,0.6029878670694714,-0.7977503570459932,5,Illinois,18.316666666666666,357.2099999999999,334.89000000000004,335.5002777777778,346.18499999999995,0.0,0.12442983622698589,0.0492157739039587
2025-05-26,20.0,8.3,0.0,18.920000000000005,14.15,0.0,18.9,0.0,0.0,0.5891760872322963,-0.8080046647350754,5,Illinois,18.920000000000005,400.0,357.2099999999999,357.9664000000002,378.4000000000001,0.0,0.13251407104709192,0.05997298023562363
2025-05-27,20.0,12.2,0.0,18.985277777777778,16.1,0.0,20.0,0.0,0.0,0.5751899607119775,-0.8180198708443174,5,Illinois,18.985277777777778,400.0,400.0,360.44077229938273,379.7055555555556,0.0,0.14929221053764646,0.05492908525977191
2025-05-28,17.8,13.3,10.7,17.34444444444445,15.55,1.0,20.0,0.0,0.0,0.5610336262283677,-0.8277930117131022,5,Illinois,17.34444444444445,316.84000000000003,400.0,300.8297530864199,308.7311111111112,0.0,0.1493691015550365,0.037929478976408165
2025-05-29,21.7,11.7,0.0,21.387222222222224,16.7,0.0,17.8,0.0,0.0,0.5467112728685939,-0.8373211953118121,5,Illinois,21.387222222222224,470.89,316.84000000000003,457.4132743827161,464.10272222222227,0.0,0.11852127742897378,0.07735721583775948
2025-05-30,23.3,12.2,0.0,23.014999999999997,17.75,0.0,21.7,0.0,0.0,0.5322271388474397,-0.8466016020976267,5,Illinois,23.014999999999997,542.89,470.89,529.6902249999998,536.2494999999999,0.0,0.18147416730437171,0.0999008177897935
2025-05-31,17.8,11.7,0.0,22.49,14.75,0.0,23.3,0.0,0.0,0.5175855102531889,-0.8556314858488706,5,Illinois,22.49,316.84000000000003,542.89,505.80009999999993,400.322,0.0,0.2201234015976155,0.037655092948912915
2025-06-01,18.9,8.3,0.0,18.251388888888883,13.6,0.0,17.8,0.0,0.0,0.5027907197793043,-0.8644081744776648,6,Illinois,18.251388888888883,357.2099999999999,316.84000000000003,333.11319637345656,344.95124999999985,0.0,0.11870828167935421,0.04869391952456824
2025-06-02,29.4,10.0,0.0,27.860668231484485,19.7,0.0,18.9,0.0,0.0,0.4878471454423119,-0.8729290708206411,6,Illinois,27.860668231484485,864.3599999999999,357.2099999999999,776.2168343048488,819.1036460056438,0.03586117631185356,0.1329980829017078,0.344397227241049
2025-06-03,31.7,20.6,0.0,31.09243211641781,26.15,0.0,29.4,0.0,0.0,0.47275920928627757,-0.881191653407483,6,Illinois,31.09243211641781,1004.89,864.3599999999999,966.7393349140498,985.6300980904446,0.17051800485074212,0.48730583205114025,0.44275653102027845
2025-06-04,23.9,14.4,24.1,30.406492212515545,19.15,1.0,31.7,0.0,0.0,0.4575313760742512,-0.8891934772070711,6,Illinois,30.406492212515545,571.2099999999999,1004.89,924.5547686697685,726.7151638791215,0.14193717552148102,0.658613411782727,0.12810247293762897
2025-06-05,22.2,13.3,0.0,21.609166666666667,17.75,0.0,23.9,0.0,0.0,0.44216815196707204,-0.8969321743510065,6,Illinois,21.609166666666667,492.84,571.2099999999999,466.95608402777776,479.7235,0.0,0.23773705922419122,0.07452323411578503
2025-06-06,25.6,16.1,0.0,24.799999999999997,20.85,0.0,22.2,0.0,0.0,0.42667408318992467,-0.9044054548343001,6,Illinois,24.799999999999997,655.3600000000001,492.84,615.0399999999998,634.88,0.0,0.19322067779535373,0.1408490002068365
2025-06-07,25.6,15.0,2.0,24.982777777777773,20.3,1.0,25.6,0.0,0.0,0.4110537546870351,-0.9116111071930239,6,Illinois,24.982777777777773,655.3600000000001,655.3600000000001,624.139185493827,639.5591111111111,0.0,0.29554044635440885,0.1429384899014818
2025-06-08,27.8,15.6,10.7,27.763646131857854,21.7,1.0,25.6,0.0,0.0,0.3953117887649151,-0.9185469991587165,6,Illinois,27.763646131857854,772.84,655.3600000000001,770.8200465350255,771.8293624656484,0.031818588827410586,0.29568228516657163,0.22820846104422052
2025-06-09,23.3,13.3,0.0,23.054166666666667,18.3,0.0,27.8,0.0,0.0,0.37945284372454435,-0.925211078289358,6,Illinois,23.054166666666667,542.89,772.84,531.4946006944444,537.1620833333334,0.0,0.3950063586890261,0.08782233232424617
2025-06-10,26.1,13.3,0.0,25.90277777777778,19.700000000000003,0.0,23.3,0.0,0.0,0.36348161248290634,-0.9316013725767187,6,Illinois,25.90277777777778,681.21,542.89,670.9538966049383,676.0625000000001,0.0,0.22122598690376594,0.16276334709241067
2025-06-11,32.8,18.3,0.0,32.041680898524405,25.549999999999997,0.0,26.1,0.0,0.0,0.3474028211842774,-0.9377159910299093,6,Illinois,32.041680898524405,1075.84,681.21,1026.6693148028637,1050.9671334716004,0.21007003743851685,0.3160010039241827,0.5580131628175027
2025-06-12,27.8,17.8,0.0,30.707259459624495,22.8,0.0,32.8,1.0,1.0,0.3312212278016865,-0.9435531242349544,6,Illinois,30.707259459624495,772.84,1075.84,942.935783520698,853.661812977561,0.15446914415102064,0.7607574072666735,0.22607200611170566
2025-06-13,22.2,17.8,0.5,21.831111111111106,20.0,1.0,27.8,1.0,1.0,0.31494162072895193,-0.9491110448902284,6,Illinois,21.831111111111106,492.84,772.84,476.5974123456788,484.65066666666655,0.0,0.3971711634198879,0.06577438295030498
2025-06-14,23.9,16.7,0.0,23.879999999999995,20.299999999999997,0.0,22.2,1.0,1.0,0.2985688173637202,-0.9543881083175908,6,Illinois,23.879999999999995,571.2099999999999,492.84,570.2543999999998,570.7319999999999,0.0,0.19479585537022076,0.09734928587882288
2025-06-15,27.2,15.6,0.0,27.35456218899553,21.4,0.0,23.9,0.0,1.0,0.2821076626819194,-0.9593827529490743,6,Illinois,27.35456218899553,739.8399999999999,571.2099999999999,748.2720725516239,744.0440915406784,0.014773424541480415,0.18359039646738814,0.14016045564204127
2025-06-16,30.0,17.8,0.0,29.02254748851555,23.9,0.0,27.2,0.0,1.0,0.26556302780405594,-0.9640935007889755,6,Illinois,29.02254748851555,900.0,739.8399999999999,842.3082627231402,870.6764246554665,0.08427281202148122,0.2856745270224641,0.22991226224604577
2025-06-17,33.3,22.8,35.1,34.261995594095616,28.049999999999997,1.0,30.0,0.0,1.0,0.24893980855376657,-0.9685189578512204,6,Illinois,34.261995594095616,1108.8899999999999,900.0,1173.8843420898274,1140.9244532833839,0.302583149753984,0.42285346579665517,0.4805946733019457
2025-06-18,28.3,20.0,40.6,32.76279694388453,24.15,1.0,33.3,1.0,2.0,0.23224292400907015,-0.9726578145718654,6,Illinois,32.76279694388453,800.89,1108.8899999999999,1073.4008635862097,927.1871535119323,0.24011653932852214,0.6692598367310304,0.19384121635984988
2025-06-19,28.9,18.9,16.8,28.41927290529559,23.9,1.0,28.3,1.0,1.0,0.21547731504673012,-0.976508846196619,6,Illinois,28.41927290529559,835.2099999999999,800.89,807.655072465668,821.3169869630425,0.059136371053982874,0.42552742803589255,0.25087972200651754
2025-06-20,30.0,21.1,0.0,30.052721355555555,25.55,0.0,28.9,1.0,1.0,0.19864794288017112,-0.9800709131432666,6,Illinois,30.052721355555555,900.0,835.2099999999999,903.1660608746649,901.5816406666667,0.12719672314814812,0.4609783892220404,0.3034144939943157
2025-06-21,35.0,25.0,0.0,39.9103602111111,30.0,0.0,30.0,0.0,1.0,0.18175978759137534,-0.9833429613388902,6,Illinois,39.9103602111111,1225.0,900.0,1592.8368521806399,1396.8626073888884,0.5379316754629624,0.4235850822794929,0.7813797909312735
2025-06-22,35.0,26.1,0.0,39.181918055555634,30.55,0.0,35.0,1.0,2.0,0.16481784665719793,-0.9863240225317866,6,Illinois,39.181918055555634,1225.0,1225.0,1535.2227025122766,1371.3671319444472,0.5075799189814848,0.8344941167867806,0.7190704730009304
2025-06-23,35.0,25.6,0.0,38.15792965555557,30.3,0.0,35.0,2.0,3.0,0.14782713347053048,-0.9890132145779883,6,Illinois,38.15792965555557,1225.0,1225.0,1456.0275955983273,1335.527537944445,0.46491373564814875,0.8370504920882769,0.6810666969837458
2025-06-24,35.6,23.9,16.5,38.356258128515606,29.75,1.0,35.0,3.0,4.0,0.13079267585675922,-0.9914097417023038,6,Illinois,38.356258128515606,1267.3600000000001,1225.0,1471.2025376213194,1365.4827893751556,0.47317742202148355,0.8396080616126239,0.7644266960130494
2025-06-25,31.7,22.2,10.2,34.32017456463127,26.95,1.0,35.6,3.0,4.0,0.11371951458594969,-0.9935128947338007,6,Illinois,34.32017456463127,1004.89,1267.3600000000001,1177.8743821467633,1087.9495336988114,0.305007273526303,0.9034264403475027,0.35325664003053364
2025-06-26,35.0,25.0,0.0,38.49010247777784,30.0,0.0,31.7,2.0,4.0,0.0966127018812031,-0.9953220513156602,6,Illinois,38.49010247777784,1225.0,1004.89,1481.4879887498398,1347.1535867222244,0.47875426990740994,0.4323839393399517,0.5668456395434013
2025-06-27,31.7,23.9,0.0,36.03057495519112,27.799999999999997,0.0,35.0,2.0,5.0,0.07947729992362097,-0.9968366760893436,6,Illinois,36.03057495519112,1004.89,1225.0,1298.2023316016457,1142.1692260795585,0.3762739564662967,0.5654231732497084,0.20395412603255852
2025-06-28,30.0,21.7,0.0,31.126955483004483,25.85,0.0,31.7,1.0,5.0,0.062318379354325076,-0.998056320853012,6,Illinois,31.126955483004483,900.0,1004.89,968.8873576409428,933.8086644901344,0.17195647845852013,0.2639758548939463,0.08088786873140791
2025-06-29,33.9,23.3,0.0,35.22748101695786,28.6,0.0,30.0,1.0,4.0,0.04514101777397193,-0.9989806246941579,6,Illinois,35.22748101695786,1149.2099999999998,900.0,1240.9754188001264,1194.2116064748714,0.3428117090399108,0.26084976178029223,0.3012808582104036
2025-06-30,32.8,23.9,0.0,34.016651047591154,28.349999999999998,0.0,33.9,1.0,4.0,0.02795029824021032,-0.999609314096404,6,Illinois,34.016651047591154,1075.84,1149.2099999999998,1157.1325484935844,1115.7461543609897,0.2923604603162981,0.4774717268984099,0.21747910086509578
2025-07-01,31.1,22.2,0.0,31.5090838789956,26.65,0.0,32.8,2.0,4.0,0.01075130776352193,-0.9999422030204416,7,Illinois,31.5090838789956,967.21,1075.84,992.8223668935805,979.9325086367633,0.18787849495815,0.5091021051706659,0.1951125529189263
2025-07-02,32.8,21.7,0.0,31.43356560353779,27.25,0.0,31.1,2.0,3.0,-0.00645086419810515,-0.9999791929590823,7,Illinois,31.43356560353779,1075.84,967.21,988.0690465519141,1031.0209517960395,0.18473190014740792,0.499780854122346,0.3614766495048414
2025-07-03,33.3,22.8,0.0,32.94917448145782,28.049999999999997,0.0,32.8,2.0,4.0,-0.023651127245231586,-0.9997202729664083,7,Illinois,32.94917448145782,1108.8899999999999,1075.84,1085.648099009551,1097.2075102325452,0.24788227006074237,0.5094850325669781,0.30871635257572094
2025-07-04,33.3,23.9,0.0,35.22748101695786,28.599999999999998,0.0,33.3,2.0,4.0,-0.04084439154329611,-0.9991655196610109,7,Illinois,35.22748101695786,1108.8899999999999,1108.8899999999999,1240.9754188001264,1173.0751178646967,0.3428117090399108,0.5479786526130895,0.348258794365877
2025-07-05,34.4,25.0,0.0,35.10459696540446,29.7,0.0,33.3,3.0,5.0,-0.05802556932878035,-0.9983150972033183,7,Illinois,35.10459696540446,1183.36,1108.8899999999999,1232.3327281034842,1207.5981356099135,0.3376915402251859,0.5500088031470881,0.40585197025980213
2025-07-06,31.1,20.6,10.2,32.930913029315576,25.85,1.0,34.4,3.0,6.0,-0.07518957641475855,-0.9971692572470178,7,Illinois,32.930913029315576,967.21,1183.36,1084.4450329443464,1024.1513952117145,0.24712137622148234,0.5200156056910997,0.1576871671162432
2025-07-07,27.8,19.4,0.0,27.369093992871175,23.6,0.0,31.1,2.0,5.0,-0.09233133369539122,-0.9957283388645872,7,Illinois,27.369093992871175,772.84,967.21,749.067305990617,760.8608130018187,0.01537891636963229,0.31145673352875386,0.06372240152100901
2025-07-08,29.4,21.1,3.0,30.331079793937747,25.25,1.0,27.8,1.0,4.0,-0.10944576864891556,-0.993992768446958,7,Illinois,30.331079793937747,864.3599999999999,772.84,919.9744014662186,891.7337459417697,0.13879499141407278,0.1876619654139872,0.10372453692092697
2025-07-09,28.9,21.1,0.0,29.66075088801562,25.0,0.0,29.4,0.0,4.0,-0.12652781683868314,-0.9919630595773397,7,Illinois,29.66075088801562,835.2099999999999,864.3599999999999,879.7601432409194,857.1957006636513,0.11086462033398418,0.1828642993904506,0.06104084649464036
2025-07-10,28.9,21.1,13.7,28.696246040435614,25.0,1.0,28.9,0.0,3.0,-0.1435724234118113,-0.9896398128792412,7,Illinois,28.696246040435614,835.2099999999999,835.2099999999999,823.4745368132167,829.3215105685892,0.07067691835148393,0.22064315235131232,0.08537496587640038
2025-07-11,32.8,22.2,7.1,35.889603247484416,27.5,1.0,28.9,0.0,2.0,-0.16057454459499376,-0.9870237158387383,7,Illinois,35.889603247484416,1075.84,835.2099999999999,1288.063621261844,1177.1789865174887,0.3704001353118507,0.28560710365990066,0.3632614730971126
2025-07-12,28.9,22.2,0.0,34.28580817393564,25.549999999999997,0.0,32.8,1.0,2.0,-0.17752914918703497,-0.984115542601034,7,Illinois,34.28580817393564,835.2099999999999,1075.84,1175.5166421399122,990.85985622674,0.3035753405806518,0.6311272030628029,0.21275060150802408
2025-07-13,28.9,20.6,0.0,30.026780984595675,24.75,0.0,28.9,1.0,1.0,-0.19443122004766195,-0.9809161537413774,7,Illinois,30.026780984595675,835.2099999999999,835.2099999999999,901.6075762968763,867.773970454815,0.1261158743581531,0.4650876616052182,0.2435052139849871
2025-07-14,27.2,19.9,0.0,29.70166993027563,23.549999999999997,0.0,28.9,1.0,1.0,-0.2112757555821793,-0.9774264960104055,7,Illinois,29.70166993027563,739.8399999999999,835.2099999999999,882.1891966470397,807.8854221034971,0.11256958042815131,0.4652451757599458,0.18053429728958156
2025-07-15,30.0,21.7,0.7,34.97482682251561,25.85,1.0,27.2,0.0,1.0,-0.2280577712215198,-0.9736476020539838,7,Illinois,34.97482682251561,900.0,739.8399999999999,1223.2385112649574,1049.2448046754682,0.3322844509381504,0.28924586108230504,0.2934997254621174
2025-07-16,31.7,23.3,0.5,36.45781422883556,27.5,1.0,30.0,0.0,1.0,-0.24477230089725957,-0.9695805901076308,7,Illinois,36.45781422883556,1004.89,900.0,1329.1722183442846,1155.712711054087,0.3940755928681483,0.4277008531994328,0.4066918345594927
2025-07-17,24.5,17.9,0.0,26.37277777777778,21.2,0.0,31.7,0.0,1.0,-0.2614143985111562,-0.965226663665613,7,Illinois,26.37277777777778,600.25,1004.89,695.5234077160495,646.1330555555556,0.0,0.5422198410323515,0.06840427633648864
2025-07-18,24.4,17.7,0.0,27.8139038595378,21.049999999999997,0.0,24.5,0.0,1.0,-0.2779791393987801,-0.9605871111248129,7,Illinois,27.8139038595378,595.3599999999999,600.25,773.6132479076117,678.6592541727223,0.03391266081407496,0.20137439771287619,0.0771632985617898
2025-07-19,29.6,21.8,10.1,31.229195675431228,25.700000000000003,1.0,24.4,0.0,0.0,-0.2944616217868012,-0.9556633054034704,7,Illinois,31.229195675431228,876.1600000000001,595.3599999999999,975.2626625343726,924.3841919927644,0.17621648647630117,0.2581452969252528,0.30507612336295004
2025-07-20,23.9,20.2,0.0,31.015885100115636,22.049999999999997,0.0,29.6,0.0,0.0,-0.3108569682435036,-0.9504567035349151,7,Illinois,31.015885100115636,571.2099999999999,876.1600000000001,961.9851285435751,741.2796538927637,0.1673285458381515,0.5095013915912326,0.1057766531585338
2025-07-21,24.0,20.4,0.0,28.164564010515555,22.2,0.0,23.9,0.0,0.0,-0.3271603271220951,-0.9449688462364056,7,Illinois,28.164564010515555,576.0,571.2099999999999,793.242665902428,675.9495362523733,0.048523500438148126,0.2426119406126461,0.09908740782036744
2025-07-22,28.7,21.0,0.0,31.348378167197765,24.85,0.0,24.0,0.0,0.0,-0.34336687399638804,-0.939201357453208,7,Illinois,31.348378167197765,823.6899999999999,576.0,982.7208137136415,899.6984533985758,0.18118242363324022,0.24574404811518266,0.2617262766484134
2025-07-23,32.4,22.2,0.0,41.090860604495596,27.299999999999997,0.0,28.7,0.0,0.0,-0.3594718130884232,-0.9331559438780432,7,Illinois,41.090860604495596,1049.76,823.6899999999999,1688.4588252180881,1331.3438835856573,0.5871191918539832,0.45277977498857136,0.7572954537898873
2025-07-24,33.5,25.6,0.6,41.06150013175797,29.55,1.0,32.4,1.0,1.0,-0.3754703786876202,-0.9268343944460494,7,Illinois,41.06150013175797,1122.25,1049.76,1686.0467930703596,1375.560254413892,0.5858958388232486,0.7335917847595637,0.8222854620372787
2025-07-25,27.0,23.5,32.2,30.549454376151076,25.25,1.0,33.5,2.0,2.0,-0.3913578365610259,-0.9202385798054075,7,Illinois,30.549454376151076,729.0,1122.25,933.269162680536,824.835268156079,0.14789393233962814,0.8408875560539748,0.1677361876702909
2025-07-26,28.9,22.6,41.4,31.015885100115636,25.75,1.0,27.0,2.0,2.0,-0.4071294853542516,-0.9133704517637858,7,Illinois,31.015885100115636,835.2099999999999,729.0,961.9851285435751,896.3590793933419,0.1673285458381515,0.36472553338573394,0.25844915907714316
2025-07-27,27.2,22.9,3.4,36.67203977659556,25.049999999999997,1.0,28.9,1.0,2.0,-0.4227806579826773,-0.9062320427107697,7,Illinois,36.67203977659556,739.8399999999999,835.2099999999999,1344.838501376207,997.4794819233992,0.40300165735814836,0.3692050354804964,0.19464480150148983
2025-07-28,29.1,23.9,0.3,39.011986261617736,26.5,1.0,27.2,0.0,2.0,-0.4383067230125192,-0.898825465016444,7,Illinois,39.011986261617736,846.8100000000001,739.8399999999999,1521.935072076651,1135.2488002130763,0.5004994275674056,0.22463466437148596,0.23788048854593782
2025-07-29,30.1,22.5,0.0,36.91070788641558,26.3,0.0,29.1,0.0,2.0,-0.45370308603134424,-0.8911529104063088,7,Illinois,36.91070788641558,906.0100000000001,846.8100000000001,1362.4003566763013,1111.012307381109,0.4129461619339825,0.2958883285314701,0.23715390560133978
2025-07-30,26.7,22.1,10.2,35.24517878083567,24.4,1.0,30.1,0.0,2.0,-0.46896519100763184,-0.8832166493127127,7,Illinois,35.24517878083567,712.89,906.0100000000001,1242.222627293069,941.0462734483125,0.343549115868153,0.34290808579065096,0.11527027678396005
2025-07-31,22.7,17.8,9.5,25.495277777777776,20.25,1.0,26.7,0.0,1.0,-0.48408852163897587,-0.8750190302029955,7,Illinois,25.495277777777776,515.29,712.89,650.0091889660494,578.7428055555555,0.0,0.2714440538499255,0.05233643001587627
2025-08-01,21.5,17.6,0.0,24.27444444444445,19.55,0.0,22.7,0.0,0.0,-0.4990686026885319,-0.8665624788845385,8,Illinois,24.27444444444445,462.25,515.29,589.24865308642,521.9005555555557,0.0,0.21007629704038283,0.05915388048611877
2025-08-02,23.6,18.1,0.0,25.837500000000002,20.85,0.0,21.5,0.0,0.0,-0.5139010013093103,-0.8578494977869301,8,Illinois,25.837500000000002,556.96,462.25,667.5764062500001,609.7650000000001,0.0,0.1822642193615383,0.09061293762450726
2025-08-03,24.7,18.6,0.0,25.928888888888896,21.65,0.0,23.6,0.0,0.0,-0.5285813283559292,-0.8488826652214553,8,Illinois,25.928888888888896,610.0899999999999,556.96,672.307279012346,640.4435555555557,0.0,0.2346419346710702,0.10728021327043705
2025-08-04,24.7,19.9,0.0,27.987237679591207,22.299999999999997,0.0,24.7,0.0,0.0,-0.5431052396834317,-0.8396646346181327,8,Illinois,27.987237679591207,610.0899999999999,610.0899999999999,783.2854729339298,691.2847706859028,0.041134903316300285,0.26941596846143656,0.11270765951208987
2025-08-05,25.4,20.8,0.0,27.932119356095637,23.1,0.0,24.7,0.0,0.0,-0.5574684374327892,-0.8301981337405212,8,Illinois,27.932119356095637,645.16,610.0899999999999,780.2032917231725,709.4758316448291,0.038838306503984864,0.2694800480044947,0.12556810030424637
2025-08-06,27.3,20.6,0.0,30.898330215831233,23.950000000000003,0.0,25.4,0.0,0.0,-0.5716666713027052,-0.8204859638785327,8,Illinois,30.898330215831233,745.2900000000001,645.16,954.7068101265494,843.5244148921927,0.16243042565963473,0.2947704752100076,0.20224498080979367
2025-08-07,31.1,21.4,0.3,34.7744635280245,26.25,1.0,27.3,0.0,0.0,-0.5856957398073508,-0.8105309990194823,8,Illinois,34.7744635280245,967.21,745.2900000000001,1209.263313661906,1081.485815721562,0.32393598033435406,0.37771751891027017,0.46593079269804966
2025-08-08,31.0,22.9,0.0,35.75535508329567,26.95,0.0,31.1,0.0,0.0,-0.5995514915196489,-0.8003361849976323,8,Illinois,35.75535508329567,961.0,967.21,1278.4454171325574,1108.4160075821658,0.3648064618039862,0.6223691169762924,0.4524139833866301
2025-08-09,32.3,23.8,0.0,36.91070788641558,28.049999999999997,0.0,31.0,0.0,0.0,-0.6132298262997502,-0.7899045386224707,8,Illinois,36.91070788641558,1043.2899999999997,961.0,1362.4003566763013,1192.215864731223,0.4129461619339825,0.6145092138736254,0.5780562390690903
2025-08-10,32.1,24.8,0.1,35.24517878083567,28.450000000000003,1.0,32.3,1.0,1.0,-0.6267266965083301,-0.7792391467859886,8,Illinois,35.24517878083567,1030.41,1043.2899999999997,1242.222627293069,1131.370238864825,0.343549115868153,0.7269432604211803,0.5110176716652828
2025-08-11,30.1,22.8,0.0,33.820934725784504,26.450000000000003,0.0,32.1,1.0,1.0,-0.6400381082043503,-0.7683431655492202,8,Illinois,33.820934725784504,906.0100000000001,1030.41,1143.8556257257762,1018.0101352461136,0.2842056135743543,0.7091467148131697,0.3494541688388672
2025-08-12,28.9,22.7,3.1,33.78802762316448,25.799999999999997,1.0,30.1,1.0,1.0,-0.65316012232693,-0.7572198192083127,8,Illinois,33.78802762316448,835.2099999999999,906.0100000000001,1141.630810663726,976.4739983094535,0.28283448429852004,0.5487745282241919,0.3000320321311498
2025-08-13,25.7,21.9,0.2,29.083513312415594,23.799999999999997,1.0,28.9,0.0,1.0,-0.666088855860977,-0.7458723993404063,8,Illinois,29.083513312415594,660.49,835.2099999999999,845.850746593455,747.4462921290807,0.08681305468398308,0.3692401793801022,0.09737536083229839
2025-08-14,26.0,20.5,0.0,28.246993170957833,23.25,0.0,25.7,0.0,1.0,-0.6788204829862355,-0.734304263829602,8,Illinois,28.246993170957833,676.0,660.49,797.8926232001385,734.4218224449037,0.05195804878990969,0.23778705552626375,0.10200463398956511
2025-08-15,31.5,21.0,0.0,34.48873600083557,26.25,0.0,26.0,0.0,1.0,-0.6913512362094071,-0.722518835873311,8,Illinois,34.48873600083557,992.25,676.0,1189.4729109353318,1086.3951840263205,0.3120306667014822,0.2476219557931736,0.37344850500737764
2025-08-16,34.0,24.5,0.0,38.9300934206755,29.25,0.0,31.5,0.0,1.0,-0.7036774074790128,-0.7105196029692745,8,Illinois,38.9300934206755,1156.0,992.25,1515.5521737425217,1323.6231763029668,0.4970872258614791,0.530991068156271,0.647612066772341
2025-08-17,28.3,21.8,1.3,31.258456716495616,25.05,1.0,34.0,1.0,1.0,-0.7157953492826642,-0.6983101158835584,8,Illinois,31.258456716495616,800.89,1156.0,977.0911162970299,884.6143250768259,0.17743569652065064,0.8922837871725944,0.2324089019661441
2025-08-18,29.1,21.8,3.6,34.331803355555614,25.450000000000003,1.0,28.3,1.0,1.0,-0.7277014757264236,-0.6858939875998223,8,Illinois,34.331803355555614,846.8100000000001,800.89,1178.6727216445397,999.0554776466685,0.30549180648148394,0.433355616031407,0.3345320475452107
2025-08-19,26.3,21.7,21.6,26.333611111111118,24.0,1.0,29.1,1.0,1.0,-0.7393922635959241,-0.673274892250183,8,Illinois,26.333611111111118,691.69,846.8100000000001,693.459074151235,692.5739722222224,0.0,0.4816767509142963,0.13777322956573532
2025-08-20,22.7,20.7,0.0,25.178611111111113,21.7,0.0,26.3,0.0,1.0,-0.7508642533989489,-0.6604565640279754,8,Illinois,25.178611111111113,515.29,691.69,633.9624574845681,571.5544722222222,0.0,0.25806051851026424,0.050032920717731924
2025-08-21,22.5,19.8,0.0,25.035,21.15,0.0,22.7,0.0,1.0,-0.7621140503891487,-0.6474427960827475,8,Illinois,25.035,506.25,515.29,626.751225,563.2875,0.0,0.16150768732843188,0.05093234094069525
2025-08-22,25.0,19.9,0.1,27.8139038595378,22.45,1.0,22.5,0.0,1.0,-0.7731383255706026,-0.6342374393978054,8,Illinois,27.8139038595378,625.0,506.25,773.6132479076117,695.347596488445,0.03391266081407496,0.1575876273232234,0.09195829563279549
2025-08-23,28.5,20.4,0.0,29.10017681673787,24.45,0.0,25.0,0.0,1.0,-0.7839338166829201,-0.620844401650647,8,Illinois,29.10017681673787,812.25,625.0,846.8202907654082,829.3550392770294,0.08750736736407798,0.21688899859470093,0.1725991636503966
2025-08-24,23.5,16.1,0.0,24.23527777777778,19.8,0.0,28.5,0.0,0.0,-0.7944973291665992,-0.6072676460566135,8,Illinois,24.23527777777778,552.25,812.25,587.3486889660496,569.5290277777779,0.0,0.44363629123447085,0.08597506412064573
2025-08-25,20.7,14.5,0.2,21.387222222222224,17.6,1.0,23.5,0.0,0.0,-0.8048257371083452,-0.593511190196115,8,Illinois,21.387222222222224,428.48999999999995,552.25,457.4132743827161,442.7155,0.0,0.2326159812392716,0.05537218433889399
2025-08-26,21.8,13.9,0.0,22.936666666666667,17.85,0.0,20.7,0.0,0.0,-0.8149159841660791,-0.5795791048257612,8,Illinois,22.936666666666667,475.24,428.48999999999995,526.0906777777778,500.01933333333335,0.0,0.16697814877269224,0.07016963976361634
2025-08-27,23.6,13.6,0.0,21.820833333333326,18.6,0.0,21.8,0.0,0.0,-0.8247650844733614,-0.5654755126737576,8,Illinois,21.820833333333326,556.96,475.24,476.1487673611108,514.9716666666665,0.0,0.1895583638225931,0.09335562707453274
2025-08-28,25.6,17.2,6.1,21.820833333333326,21.4,1.0,23.6,0.0,0.0,-0.8343701235229538,-0.5512045872199277,8,Illinois,21.820833333333326,655.3600000000001,556.96,476.1487673611108,558.6133333333331,0.0,0.2355536670934727,0.12552804509446613
2025-08-29,21.7,13.9,0.0,21.820833333333326,17.8,0.0,25.6,0.0,0.0,-0.8437282590292712,-0.5367705514607103,8,Illinois,21.820833333333326,470.89,655.3600000000001,476.1487673611108,473.5120833333332,0.0,0.3034010725526121,0.06467657721470227
2025-08-30,21.3,15.5,0.3,21.820833333333326,18.4,1.0,21.7,0.0,0.0,-0.8528367217694595,-0.522177676659508,8,Illinois,21.820833333333326,453.69000000000005,470.89,476.1487673611108,464.7837499999998,0.0,0.18737703668040476,0.06321255118622227
2025-08-31,25.0,14.4,0.0,21.820833333333326,19.7,0.0,21.3,0.0,0.0,-0.8616928164028522,-0.5074302810827518,8,Illinois,21.820833333333326,625.0,453.69000000000005,476.1487673611108,545.5208333333331,0.0,0.17886976143409325,0.11969821175160862
