date,tmax,tmin,prcp,heat_index
1991-01-01,0.0,-10.6,0.0,-1.7008333333333328
1991-01-02,-2.2,-12.8,0.0,-2.712222222222221
1991-01-03,-8.9,-17.2,0.0,-8.513333333333334
1991-01-04,-3.3,-13.3,0.0,-5.7430555555555545
1991-01-05,0.6,-5.6,9.1,-1.3352777777777785
1991-01-06,-2.2,-7.2,0.0,-2.0430555555555547
1991-01-07,-1.7,-6.7,0.0,-1.5963888888888889
1991-01-08,0.0,-5.0,0.0,-1.3874999999999993
1991-01-09,0.0,-3.9,0.0,-1.8211111111111105
1991-01-10,0.0,-3.9,2.5,-1.8211111111111105
1991-01-11,0.6,-2.2,8.6,-0.7188888888888871
1991-01-12,0.0,-3.3,1.3,-1.2438888888888873
1991-01-13,1.1,-7.8,0.0,-1.9124999999999974
1991-01-14,3.9,-1.1,0.0,3.0758333333333354
1991-01-15,2.8,-1.7,1.3,1.9991666666666674
1991-01-16,3.3,-3.3,10.4,1.5911111111111136
1991-01-17,0.6,-5.6,0.0,0.30555555555555397
1991-01-18,0.6,-8.3,0.0,-1.7008333333333328
1991-01-19,7.8,-1.1,0.0,7.040277777777778
1991-01-20,3.3,-7.8,2.3,4.309166666666668
1991-01-21,-7.8,-15.0,0.0,-2.5424999999999978
1991-01-22,-2.2,-18.3,0.0,-9.824999999999998
1991-01-23,1.7,-10.0,0.0,-0.4022222222222243
1991-01-24,-8.9,-13.9,0.0,-9.20861111111111
1991-01-25,-8.3,-16.1,0.0,-9.691666666666665
1991-01-26,-5.6,-11.1,0.0,-7.029166666666667
1991-01-27,-0.6,-9.4,0.0,-1.7661111111111103
1991-01-28,2.2,-7.2,0.0,1.0166666666666657
1991-01-29,0.6,-7.2,0.5,-0.5850000000000024
1991-01-30,-3.9,-12.2,0.0,-4.235555555555553
1991-01-31,-5.0,-11.1,0.0,-5.951944444444442
1991-02-01,3.9,-6.1,0.0,2.840833333333334
1991-02-02,8.3,1.1,0.0,7.395555555555554
1991-02-03,11.7,2.2,0.0,10.808888888888891
1991-02-04,9.4,4.4,0.0,8.694166666666668
1991-02-05,9.4,0.0,0.0,6.658333333333333
1991-02-06,3.9,1.7,0.0,2.168888888888887
1991-02-07,3.3,-0.6,0.0,2.168888888888887
1991-02-08,3.9,-1.7,0.0,3.5616666666666674
1991-02-09,9.4,0.6,0.0,3.6400000000000037
1991-02-10,2.8,-3.3,0.0,2.1297222222222225
1991-02-11,-1.1,-7.2,0.0,-2.0011111111111095
1991-02-12,2.8,-8.3,0.0,0.36111111111111427
1991-02-13,3.9,-0.6,1.3,1.330000000000003
1991-02-14,0.0,-9.4,3.6,0.7658333333333347
1991-02-15,-9.4,-15.0,0.0,-5.5602777777777765
1991-02-16,-0.6,-16.1,0.0,-4.089166666666666
1991-02-17,7.2,-0.6,0.0,2.840833333333334
1991-02-18,8.3,1.7,6.9,1.5911111111111136
1991-02-19,6.7,-0.6,0.0,1.9991666666666674
1991-02-20,8.9,-1.1,0.0,7.040277777777778
1991-02-21,15.6,3.9,0.0,13.262500000000001
1991-02-22,7.8,-1.7,0.0,11.699444444444444
1991-02-23,2.2,-3.9,0.0,-0.6111111111111119
1991-02-24,3.3,-4.4,0.0,0.9905555555555563
1991-02-25,-1.1,-8.3,0.0,-1.2672222222222216
1991-02-26,-1.1,-9.4,0.0,-4.154444444444443
1991-02-27,-0.6,-6.7,0.5,-1.6747222222222211
1991-02-28,11.7,-1.1,3.6,3.1150000000000038
1991-03-01,13.3,7.8,15.5,10.045555555555552
1991-03-02,13.3,-2.8,2.8,8.009166666666665
1991-03-03,-0.6,-5.0,0.0,-1.8733333333333333
1991-03-04,6.1,-4.4,0.0,0.01833333333333008
1991-03-05,12.8,-1.1,0.0,10.205
1991-03-06,12.8,-1.1,0.8,10.218055555555555
1991-03-07,1.7,-4.4,0.0,0.05749999999999823
1991-03-08,7.8,-4.4,0.3,6.227500000000003
1991-03-09,4.4,-0.6,0.0,6.2666666666666675
1991-03-10,7.2,-3.3,0.0,2.4849999999999994
1991-03-11,9.4,0.0,3.6,4.756388888888886
1991-03-12,1.7,-1.1,11.4,2.524166666666664
1991-03-13,3.3,-1.7,1.0,1.2516666666666667
1991-03-14,3.3,-1.1,0.0,1.330000000000003
1991-03-15,6.1,-1.1,0.0,3.0758333333333354
1991-03-16,11.1,0.0,0.0,4.7825
1991-03-17,7.2,3.9,14.2,3.6008333333333318
1991-03-18,9.4,3.3,0.0,7.591388888888888
1991-03-19,13.9,1.7,0.0,12.606388888888887
1991-03-20,17.2,2.8,0.0,11.54277777777778
1991-03-21,23.9,10.6,1.3,20.822500000000005
1991-03-22,20.0,13.9,4.1,20.362777777777772
1991-03-23,15.0,2.8,3.8,10.844722222222222
1991-03-24,12.2,2.8,0.0,10.874166666666667
1991-03-25,18.9,3.3,0.0,10.218055555555555
1991-03-26,25.0,12.8,6.9,22.855555555555565
1991-03-27,23.9,3.9,22.9,21.58305555555556
1991-03-28,12.2,0.6,0.0,17.895555555555557
1991-03-29,2.2,-2.2,0.0,7.447777777777773
1991-03-30,6.7,-1.7,0.0,1.8424999999999987
1991-03-31,13.3,1.1,0.5,10.165833333333328
1991-04-01,11.7,1.1,0.0,7.212777777777777
1991-04-02,11.7,0.0,0.0,5.190000000000003
1991-04-03,20.6,5.0,0.0,9.888888888888888
1991-04-04,14.4,11.1,8.9,12.146666666666668
1991-04-05,25.0,7.8,0.0,22.46388888888889
1991-04-06,28.9,15.6,0.0,25.837500000000002
1991-04-07,27.2,16.7,5.6,24.669444444444444
1991-04-08,23.3,16.1,7.9,22.225555555555545
1991-04-09,17.8,5.6,40.1,20.04611111111111
1991-04-10,12.2,2.2,0.0,7.066388888888887
1991-04-11,7.8,2.2,0.0,3.6400000000000037
1991-04-12,11.7,5.0,0.3,7.105555555555551
1991-04-13,11.1,6.7,0.0,7.6305555555555555
1991-04-14,21.7,10.0,29.5,19.285555555555554
1991-04-15,17.8,7.2,32.0,17.540277777777778
1991-04-16,16.1,7.8,2.3,16.215555555555554
1991-04-17,12.8,6.1,0.0,8.299722222222227
1991-04-18,14.4,5.0,0.0,8.863888888888887
1991-04-19,12.2,6.7,0.0,7.6305555555555555
1991-04-20,6.7,4.4,0.0,5.0174999999999965
1991-04-21,12.2,4.4,0.0,7.881944444444445
1991-04-22,17.8,2.8,0.0,14.812499999999996
1991-04-23,17.2,5.0,7.9,14.208611111111114
1991-04-24,16.7,3.9,0.0,10.769722222222226
1991-04-25,20.0,8.3,0.0,14.98222222222222
1991-04-26,21.7,11.7,0.0,13.497500000000002
1991-04-27,22.2,18.3,4.8,19.429166666666664
1991-04-28,25.0,14.4,0.0,16.14694444444445
1991-04-29,23.3,14.4,8.6,21.109722222222224
1991-04-30,20.6,11.1,0.0,19.941666666666674
1991-05-01,16.7,8.9,0.8,17.72583333333333
1991-05-02,22.2,6.1,0.0,19.393333333333334
1991-05-03,13.9,7.2,0.0,17.161666666666672
1991-05-04,16.1,9.4,0.0,10.123888888888889
1991-05-05,21.7,8.3,21.1,18.825833333333335
1991-05-06,9.4,7.2,0.0,17.14527777777777
1991-05-07,19.4,6.7,0.0,16.07194444444444
1991-05-08,20.6,10.6,0.5,12.473055555555554
1991-05-09,25.0,12.2,0.0,17.501111111111115
1991-05-10,26.7,13.9,0.0,18.15666666666667
1991-05-11,30.6,16.1,0.0,21.201111111111114
1991-05-12,29.4,18.9,0.0,23.984444444444442
1991-05-13,31.7,20.0,0.0,24.5225
1991-05-14,30.6,21.1,0.0,25.035
1991-05-15,31.7,18.3,0.0,24.43111111111111
1991-05-16,30.0,18.3,14.0,24.54861111111111
1991-05-17,24.4,8.9,15.0,21.831111111111106
1991-05-18,14.4,8.9,2.0,10.319722222222222
1991-05-19,18.3,11.1,0.0,11.396388888888888
1991-05-20,24.4,11.7,0.0,18.091388888888893
1991-05-21,29.4,14.4,0.0,22.26472222222221
1991-05-22,30.6,21.7,0.0,23.524166666666662
1991-05-23,28.9,22.8,4.1,24.114999999999995
1991-05-24,31.1,22.2,1.5,28.87853803679785
1991-05-25,27.2,18.3,67.3,28.87853803679785
1991-05-26,30.0,22.2,0.0,27.47501360605107
1991-05-27,32.8,20.6,0.0,31.348378167197765
1991-05-28,33.9,22.8,0.0,32.56900581695783
1991-05-29,30.6,21.1,10.7,31.689232329591157
1991-05-30,32.2,21.1,0.0,31.96842908860448
1991-05-31,32.2,20.6,3.3,31.887677555555513
1991-06-01,30.0,18.9,0.3,19.126111111111108
1991-06-02,30.0,18.9,0.0,24.613888888888894
1991-06-03,26.7,17.8,0.0,18.96944444444444
1991-06-04,21.1,15.6,0.0,17.14527777777777
1991-06-05,21.7,15.0,0.0,17.605555555555558
1991-06-06,24.4,13.9,0.0,19.798055555555557
1991-06-07,26.7,15.0,0.0,20.545555555555556
1991-06-08,27.8,16.1,0.0,22.73805555555556
1991-06-09,30.6,16.7,0.0,27.198133401617845
1991-06-10,29.4,19.4,0.0,27.910757868995592
1991-06-11,26.7,19.4,27.9,27.065915636284476
1991-06-12,29.4,17.8,0.0,23.90611111111111
1991-06-13,31.7,17.8,0.0,24.613888888888894
1991-06-14,34.4,23.3,0.0,34.3537671678578
1991-06-15,30.6,20.6,0.0,33.57033428108443
1991-06-16,26.7,19.4,0.0,28.181459693315517
1991-06-17,28.3,16.7,0.0,22.803333333333335
1991-06-18,30.0,18.9,0.0,25.139444444444447
1991-06-19,30.6,19.4,0.0,26.137777777777778
1991-06-20,34.4,20.6,0.0,30.026780984595675
1991-06-21,33.3,18.9,0.0,29.926185775235595
1991-06-22,20.6,16.7,0.0,22.40833333333332
1991-06-23,24.4,16.7,0.0,20.519444444444446
1991-06-24,27.8,17.8,0.0,23.171666666666667
1991-06-25,30.0,17.8,0.0,25.087222222222227
1991-06-26,33.9,20.0,0.0,32.56900581695783
1991-06-27,33.9,23.3,0.0,31.846529894604444
1991-06-28,32.8,21.7,0.0,30.824248934595516
1991-06-29,35.0,22.8,0.0,34.59215684108437
1991-06-30,29.4,22.2,0.0,33.89808742945776
1991-07-01,36.1,22.2,0.0,35.616047560835526
1991-07-02,35.0,23.3,0.0,33.6296077330646
1991-07-03,33.3,21.1,1.5,29.930825938151138
1991-07-04,30.0,19.4,0.0,27.416236963591118
1991-07-05,33.3,18.9,0.0,29.689165055555495
1991-07-06,35.6,22.2,0.0,35.22748101695786
1991-07-07,36.1,20.0,18.3,36.03057495519112
1991-07-08,26.7,20.6,0.0,30.532753716924603
1991-07-09,26.7,20.6,0.0,24.37888888888889
1991-07-10,28.9,18.3,0.0,24.956666666666663
1991-07-11,30.0,21.1,8.1,25.834722222222222
1991-07-12,31.1,22.2,0.0,29.898529149217854
1991-07-13,25.6,20.0,0.0,28.957169045315645
1991-07-14,26.7,17.2,0.0,22.803333333333335
1991-07-15,30.0,16.7,0.0,26.059444444444452
1991-07-16,33.3,20.0,0.0,29.807039277137847
1991-07-17,33.3,21.1,3.8,30.743255411111097
1991-07-18,36.1,22.2,0.0,33.34978949943118
1991-07-19,37.2,22.8,0.0,34.672937611111166
1991-07-20,36.7,24.4,0.0,33.07112638487102
1991-07-21,33.3,25.0,0.0,32.56900581695783
1991-07-22,38.9,25.6,2.8,37.11799434521783
1991-07-23,30.6,22.2,0.0,29.105816139857836
1991-07-24,28.3,17.8,0.0,26.519722222222224
1991-07-25,25.6,16.7,0.0,25.90277777777778
1991-07-26,24.4,16.1,0.0,22.003611111111102
1991-07-27,26.1,16.7,0.0,22.65972222222223
1991-07-28,30.0,20.0,0.0,25.665000000000003
1991-07-29,27.8,17.8,0.0,24.049722222222226
1991-07-30,26.7,15.6,0.0,22.65972222222223
1991-07-31,33.9,16.7,0.0,29.927305577777776
1991-08-01,35.0,21.7,0.0,28.87853803679785
1991-08-02,38.9,22.2,0.3,35.108367144444465
1991-08-03,25.6,19.4,0.0,35.25822549561561
1991-08-04,25.6,17.8,0.0,21.635277777777777
1991-08-05,23.3,18.9,0.0,20.323611111111106
1991-08-06,25.0,20.0,0.0,23.302222222222216
1991-08-07,26.7,19.4,1.8,24.54861111111111
1991-08-08,23.3,18.3,35.6,22.40833333333332
1991-08-09,26.7,18.3,0.0,22.29083333333332
1991-08-10,27.2,17.2,0.0,23.879999999999995
1991-08-11,28.3,16.1,0.0,24.32666666666667
1991-08-12,28.3,16.1,0.0,23.90611111111111
1991-08-13,28.3,17.8,0.0,24.08888888888888
1991-08-14,30.0,17.8,0.0,26.08555555555556
1991-08-15,31.7,20.0,0.0,29.65017504153784
1991-08-16,33.3,19.4,0.0,30.03229921107551
1991-08-17,29.4,21.7,0.5,28.601447857571216
1991-08-18,31.1,18.9,0.0,27.624331573457855
1991-08-19,21.1,16.1,13.7,21.87027777777778
1991-08-20,25.0,17.2,0.0,22.19944444444444
1991-08-21,28.9,15.0,0.0,27.416236963591118
1991-08-22,30.6,21.1,0.0,27.35456218899553
1991-08-23,28.3,20.0,0.0,23.840833333333332
1991-08-24,30.6,20.6,0.0,25.178611111111113
1991-08-25,35.0,20.6,0.0,30.284278656195674
1991-08-26,33.9,22.2,0.0,31.326208967884572
1991-08-27,33.3,21.7,0.0,30.967434366904588
1991-08-28,35.6,23.9,0.0,31.55937428402463
1991-08-29,33.9,22.2,11.7,32.50994487721565
1991-08-30,31.7,22.2,0.0,31.55937428402463
1991-08-31,26.1,19.4,0.0,24.83583333333333
1991-09-01,24.4,16.1,0.0,21.72666666666667
1991-09-02,28.9,17.8,0.0,25.087222222222227
1991-09-03,30.0,21.1,15.2,29.697203661351164
1991-09-04,23.3,17.2,0.0,22.65972222222223
1991-09-05,26.1,14.4,0.0,24.17
1991-09-06,30.0,16.7,0.0,27.195764459617777
1991-09-07,33.3,18.3,0.0,27.416236963591118
1991-09-08,31.1,20.6,0.0,28.572364773137767
1991-09-09,34.4,21.7,15.2,34.48873600083557
1991-09-10,26.7,20.6,0.0,32.78368005370444
1991-09-11,23.3,18.3,0.0,21.765833333333333
1991-09-12,28.9,17.8,10.4,24.114999999999995
1991-09-13,29.4,19.4,5.1,23.064444444444447
1991-09-14,32.8,22.8,0.3,34.24562740051562
1991-09-15,32.8,21.7,1.8,32.53139821281776
1991-09-16,27.2,18.9,0.0,32.25272841111113
1991-09-17,26.1,13.9,0.0,23.014999999999997
1991-09-18,21.7,9.4,1.0,21.426388888888887
1991-09-19,13.9,6.7,0.0,13.210277777777783
1991-09-20,16.7,5.6,0.0,12.515
1991-09-21,20.6,5.0,0.0,18.225277777777777
1991-09-22,18.3,11.1,5.8,18.091388888888893
1991-09-23,18.9,7.8,0.0,16.032777777777774
1991-09-24,13.9,10.0,0.8,14.929999999999998
1991-09-25,20.0,7.2,0.3,18.920000000000005
1991-09-26,16.1,6.7,0.0,14.495833333333334
1991-09-27,14.4,3.9,0.0,11.963888888888887
1991-09-28,17.8,4.4,0.0,14.378333333333334
1991-09-29,18.9,7.8,0.0,16.714444444444446
1991-09-30,28.9,12.8,0.0,26.506666666666668
1991-10-01,23.9,11.7,0.0,24.130833333333335
1991-10-02,23.9,15.6,26.4,22.65972222222223
1991-10-03,21.7,13.3,20.3,19.285555555555554
1991-10-04,20.6,12.8,48.0,15.66111111111111
1991-10-05,14.4,4.4,0.3,19.572777777777773
1991-10-06,12.2,2.8,0.0,9.732222222222223
1991-10-07,13.9,2.2,0.0,11.963888888888887
1991-10-08,23.9,8.9,0.0,22.49
1991-10-09,22.2,12.8,0.0,20.23222222222222
1991-10-10,20.0,7.8,0.0,16.466388888888886
1991-10-11,20.0,10.0,1.5,16.16333333333333
1991-10-12,15.0,6.1,0.0,15.48111111111111
1991-10-13,15.0,4.4,0.3,12.65861111111111
1991-10-14,13.9,5.6,2.8,12.85444444444444
1991-10-15,10.0,2.2,0.0,8.13
1991-10-16,16.7,0.0,0.0,14.83861111111111
1991-10-17,22.8,7.8,0.0,13.617777777777778
1991-10-18,16.7,4.4,10.2,19.458611111111107
1991-10-19,9.4,0.6,0.0,6.71055555555556
1991-10-20,12.8,1.1,0.0,11.229444444444445
1991-10-21,19.4,5.0,0.0,18.434166666666666
1991-10-22,25.0,13.9,0.0,24.734722222222228
1991-10-23,25.0,15.6,0.0,23.958333333333332
1991-10-24,23.3,17.8,20.8,23.419722222222216
1991-10-25,19.4,11.1,23.4,20.16361111111111
1991-10-26,13.3,9.4,34.5,13.259166666666665
1991-10-27,12.2,8.9,0.3,12.104166666666666
1991-10-28,14.4,11.1,6.9,13.797777777777776
1991-10-29,22.2,13.9,4.1,21.804999999999996
1991-10-30,14.4,3.9,29.7,6.224722222222224
1991-10-31,13.3,6.7,0.3,10.844722222222222
1991-11-01,15.0,0.0,9.9,12.893611111111111
1991-11-02,0.0,-7.8,0.0,4.191666666666667
1991-11-03,-3.9,-9.4,0.0,-5.703888888888887
1991-11-04,-4.4,-8.9,0.0,-5.7430555555555545
1991-11-05,3.3,-7.2,0.0,2.2108333333333343
1991-11-06,2.8,-7.2,1.0,2.3413888888888894
1991-11-07,-1.7,-8.9,0.0,-4.154444444444443
1991-11-08,1.1,-10.0,0.0,-1.9358333333333317
1991-11-09,3.9,-8.9,0.0,1.5683333333333296
1991-11-10,7.8,-3.9,0.0,4.495277777777776
1991-11-11,5.0,1.1,0.0,3.036666666666671
1991-11-12,3.9,1.1,0.0,2.524166666666664
1991-11-13,13.3,1.7,0.0,11.399166666666668
1991-11-14,15.0,5.6,14.0,13.588888888888894
1991-11-15,13.9,6.1,4.8,12.721111111111108
1991-11-16,7.2,3.9,0.0,5.699166666666669
1991-11-17,11.1,2.8,0.0,7.1447222222222235
1991-11-18,20.0,9.4,5.1,17.605555555555558
1991-11-19,21.1,8.9,13.0,18.300277777777776
1991-11-20,8.9,5.6,3.0,8.626111111111111
1991-11-21,12.2,0.0,0.0,7.78722222222222
1991-11-22,11.1,2.2,0.0,8.785555555555554
1991-11-23,7.8,-4.4,3.0,7.735000000000001
1991-11-24,-2.2,-7.2,0.3,-3.250277777777778
1991-11-25,-5.0,-8.9,0.0,-4.326944444444442
1991-11-26,3.3,-10.6,0.0,-0.5458333333333343
1991-11-27,7.2,1.7,4.8,5.255277777777781
1991-11-28,3.9,2.2,19.8,4.756388888888886
1991-11-29,17.2,3.9,13.0,15.99027777777778
1991-11-30,16.7,-2.2,0.3,16.58111111111111
1991-12-01,1.1,-4.4,0.0,1.2908333333333348
1991-12-02,1.7,-1.7,17.8,0.13583333333333059
1991-12-03,-0.6,-10.6,1.0,-0.7580555555555554
1991-12-04,-10.6,-16.1,0.0,-13.684999999999999
1991-12-05,3.9,-12.8,0.0,2.445833333333331
1991-12-06,5.0,-11.7,0.0,1.330000000000003
1991-12-07,11.1,5.0,0.0,8.981388888888889
1991-12-08,17.2,3.9,1.3,15.530555555555553
1991-12-09,6.7,0.6,0.0,14.86138888888889
1991-12-10,10.6,-1.1,0.0,8.077777777777781
1991-12-11,8.3,2.2,0.0,6.974999999999996
1991-12-12,16.7,4.4,7.6,14.86138888888889
1991-12-13,8.3,1.1,0.0,15.452222222222218
1991-12-14,4.4,-4.4,1.3,2.6938888888888872
1991-12-15,-0.6,-11.1,0.3,-2.1997222222222215
1991-12-16,2.8,-11.7,0.0,1.7119444444444436
1991-12-17,2.8,-3.3,0.0,1.8424999999999987
1991-12-18,-3.3,-9.4,0.0,-1.3586111111111105
1991-12-19,0.0,-9.4,0.0,-1.7922222222222217
1991-12-20,1.7,-0.6,4.8,0.9383333333333334
1991-12-21,1.1,-2.2,0.0,2.406666666666663
1991-12-22,2.8,-1.7,0.0,0.38388888888888634
1991-12-23,3.3,-3.9,3.6,1.8816666666666668
1991-12-24,5.6,-6.1,0.0,4.5474999999999985
1991-12-25,6.1,-4.4,0.0,2.406666666666663
1991-12-26,7.8,-1.7,0.0,6.2666666666666675
1991-12-27,3.3,1.7,0.0,4.165555555555554
1991-12-28,3.3,1.7,0.0,1.4475000000000036
1991-12-29,3.3,0.0,0.0,1.4475000000000036
1991-12-30,2.2,0.0,0.0,0.9224999999999994
1991-12-31,1.1,0.0,0.0,0.2533333333333311
1992-01-01,2.8,0.0,0.0,0.30555555555555397
1992-01-02,7.2,2.8,0.5,4.717222222222222
1992-01-03,6.1,2.8,0.0,4.348333333333333
1992-01-04,4.4,2.2,0.0,4.348333333333333
1992-01-05,3.3,1.1,0.0,2.0774999999999957
1992-01-06,4.4,0.6,0.0,2.5633333333333317
1992-01-07,2.8,0.6,0.0,1.5388888888888905
1992-01-08,6.7,1.7,5.6,3.323888888888891
1992-01-09,6.7,1.1,0.0,5.699166666666669
1992-01-10,2.2,-1.1,0.0,2.6155555555555545
1992-01-11,8.3,-0.6,0.0,7.066388888888887
1992-01-12,4.4,1.7,1.3,6.553888888888891
1992-01-13,6.7,-1.1,5.1,4.531111111111111
1992-01-14,-1.1,-6.7,1.5,0.34472222222221816
1992-01-15,-5.6,-19.4,5.8,-4.4836111111111085
1992-01-16,-2.2,-21.7,0.0,-7.896944444444443
1992-01-17,0.6,-12.2,0.0,-0.4283333333333338
1992-01-18,-12.2,-16.1,0.0,-6.412222222222222
1992-01-19,0.6,-19.4,0.0,-5.022222222222222
1992-01-20,0.6,-9.4,0.0,-0.9799999999999996
1992-01-21,6.1,-0.6,0.0,2.3805555555555538
1992-01-22,7.2,0.0,3.8,5.5033333333333365
1992-01-23,4.4,-8.3,1.0,3.2847222222222268
1992-01-24,-3.3,-9.4,0.0,-3.198055555555557
1992-01-25,-0.6,-5.0,5.8,-1.8733333333333333
1992-01-26,1.1,-11.1,0.0,-1.635555555555555
1992-01-27,1.7,-3.9,0.0,0.21416666666666295
1992-01-28,1.1,-2.8,0.0,0.05749999999999823
1992-01-29,0.6,-2.2,0.0,-0.23250000000000093
1992-01-30,3.9,-1.1,0.0,3.1150000000000038
1992-01-31,3.3,-1.7,0.0,3.1150000000000038
1992-02-01,2.8,-3.3,0.0,-0.3500000000000014
1992-02-02,10.6,-3.3,0.0,7.447777777777773
1992-02-03,15.6,-1.7,0.0,12.71083333333333
1992-02-04,6.1,0.6,0.0,10.084722222222224
1992-02-05,5.6,-1.7,0.0,3.995833333333331
1992-02-06,5.0,-1.7,0.0,4.087222222222222
1992-02-07,2.8,-4.4,0.0,2.3805555555555538
1992-02-08,-3.9,-8.9,0.0,-3.2763888888888895
1992-02-09,-1.7,-12.2,0.0,-4.4836111111111085
1992-02-10,2.8,-2.2,1.5,1.594444444444443
1992-02-11,3.3,-5.0,0.0,0.9616666666666676
1992-02-12,0.0,-6.1,0.0,-2.8297222222222214
1992-02-13,0.6,-2.8,0.3,-0.23250000000000093
1992-02-14,1.1,0.0,10.4,0.34472222222221816
1992-02-15,3.9,0.6,8.9,2.74611111111111
1992-02-16,2.8,0.6,0.0,1.9991666666666674
1992-02-17,4.4,2.2,2.0,2.524166666666664
1992-02-18,10.0,2.2,6.9,2.798333333333333
1992-02-19,6.1,1.7,0.3,7.735000000000001
1992-02-20,10.0,0.0,0.0,7.1708333333333325
1992-02-21,4.4,-1.1,0.0,8.260555555555555
1992-02-22,10.0,2.8,0.0,3.7705555555555588
1992-02-23,6.7,1.7,0.0,2.6938888888888872
1992-02-24,6.1,1.1,7.9,2.654722222222219
1992-02-25,2.8,0.6,0.0,1.4475000000000036
1992-02-26,6.7,-1.7,0.0,4.126388888888886
1992-02-27,9.4,-0.6,0.0,6.974999999999996
1992-02-28,10.0,0.0,0.5,8.260555555555555
1992-02-29,4.4,-3.9,0.0,1.7119444444444436
1992-03-01,22.8,0.6,0.0,18.355833333333333
1992-03-02,17.8,2.8,0.0,17.79111111111111
1992-03-03,6.7,2.8,0.0,2.74611111111111
1992-03-04,17.2,2.8,0.0,6.475555555555559
1992-03-05,17.2,8.9,5.3,9.572222222222225
1992-03-06,17.2,8.3,2.3,13.167777777777777
1992-03-07,11.7,7.8,0.3,9.164166666666667
1992-03-08,17.2,7.8,0.0,15.716111111111111
1992-03-09,17.2,-1.7,19.1,15.846666666666668
1992-03-10,-1.7,-6.7,3.0,1.4475000000000036
1992-03-11,-1.7,-9.4,0.0,-4.154444444444443
1992-03-12,-1.1,-8.9,0.0,-4.05
1992-03-13,1.7,-7.8,0.3,-0.79388888888889
1992-03-14,1.7,-3.9,0.5,0.9383333333333334
1992-03-15,2.8,-5.0,0.0,-1.5963888888888889
1992-03-16,8.9,-4.4,3.6,6.883611111111109
1992-03-17,7.8,0.6,0.0,6.883611111111109
1992-03-18,3.3,-0.6,0.0,1.2516666666666667
1992-03-19,5.6,0.0,0.0,1.7119444444444436
1992-03-20,6.1,-1.1,0.0,2.906111111111116
1992-03-21,2.2,-3.3,16.5,0.6222222222222248
1992-03-22,2.2,-5.0,2.3,0.01833333333333008
1992-03-23,7.2,-6.1,0.0,3.4702777777777762
1992-03-24,16.1,-1.1,0.0,13.604722222222223
1992-03-25,12.2,2.8,0.0,11.99
1992-03-26,11.7,-0.6,1.5,8.628888888888888
1992-03-27,6.1,-2.2,0.0,2.723333333333334
1992-03-28,10.0,-2.8,1.8,4.165555555555554
1992-03-29,6.1,2.8,3.0,3.7705555555555588
1992-03-30,10.6,1.1,0.0,4.348333333333333
1992-03-31,12.2,0.0,1.0,9.732222222222223
1992-04-01,3.9,-2.2,2.3,4.034999999999999
1992-04-02,3.9,-3.3,0.0,-0.11222222222222517
1992-04-03,11.1,-1.7,0.0,8.328611111111112
1992-04-04,7.8,1.7,0.0,3.6400000000000037
1992-04-05,11.1,-1.1,0.0,5.846111111111113
1992-04-06,18.3,3.9,0.0,15.350555555555555
1992-04-07,17.8,7.8,0.0,13.393055555555556
1992-04-08,16.7,6.1,0.0,7.669722222222219
1992-04-09,13.3,6.1,0.0,7.421666666666663
1992-04-10,21.7,6.7,9.1,10.280555555555553
1992-04-11,15.0,5.0,0.3,18.195833333333333
1992-04-12,5.6,0.6,0.0,4.978333333333333
1992-04-13,6.1,1.1,0.0,4.087222222222222
1992-04-14,7.8,3.3,3.3,5.425000000000004
1992-04-15,16.7,3.9,11.7,8.365000000000002
1992-04-16,20.6,3.9,7.4,17.709444444444443
1992-04-17,7.8,3.3,0.3,4.491944444444442
1992-04-18,20.0,5.6,1.8,12.01277777777778
1992-04-19,22.2,16.1,2.5,19.429166666666664
1992-04-20,21.1,12.2,0.3,17.736111111111114
1992-04-21,13.3,5.0,0.0,18.235000000000003
1992-04-22,10.6,3.3,0.0,9.888888888888888
1992-04-23,14.4,6.7,5.8,8.576666666666668
1992-04-24,10.0,5.0,4.1,7.826388888888889
1992-04-25,8.9,4.4,0.3,5.846111111111113
1992-04-26,10.0,4.4,0.5,5.464166666666673
1992-04-27,10.6,1.7,0.0,4.978333333333333
1992-04-28,16.7,0.0,0.0,8.576666666666668
1992-04-29,20.6,8.3,1.5,18.656111111111105
1992-04-30,14.4,6.7,0.0,19.168055555555554
1992-05-01,31.7,13.9,0.0,28.393210477777806
1992-05-02,25.0,16.7,0.0,27.736280690231215
1992-05-03,16.7,7.8,0.0,20.470000000000002
1992-05-04,11.7,5.6,0.0,7.6305555555555555
1992-05-05,11.7,5.0,0.0,6.974999999999996
1992-05-06,14.4,2.8,0.0,9.758333333333333
1992-05-07,21.7,5.0,0.0,15.073611111111108
1992-05-08,21.7,8.3,0.0,17.04416666666667
1992-05-09,22.2,11.1,0.0,19.536944444444444
1992-05-10,28.3,11.7,0.0,17.501111111111115
1992-05-11,29.4,17.2,0.0,26.95966309799115
1992-05-12,26.1,18.3,0.8,26.007222222222232
1992-05-13,18.9,8.9,0.0,23.184722222222216
1992-05-14,17.8,8.9,0.5,13.037222222222221
1992-05-15,25.0,8.3,0.0,16.411388888888887
1992-05-16,32.2,15.0,0.0,27.534022768335646
1992-05-17,27.8,12.8,0.8,26.0463888888889
1992-05-18,16.1,8.3,0.0,24.786944444444444
1992-05-19,23.3,8.9,0.0,15.347777777777777
1992-05-20,28.9,13.9,0.0,21.044444444444448
1992-05-21,30.6,17.8,0.0,20.571666666666665
1992-05-22,28.9,20.0,0.0,27.25004875993561
1992-05-23,21.7,5.6,0.5,25.061111111111114
1992-05-24,9.4,4.4,0.0,7.6305555555555555
1992-05-25,11.7,3.9,0.0,7.4738888888888875
1992-05-26,12.2,5.6,1.0,8.576666666666668
1992-05-27,17.8,3.3,0.0,11.399166666666668
1992-05-28,20.6,6.1,0.0,14.24777777777778
1992-05-29,22.2,10.6,0.0,15.507222222222225
1992-05-30,19.4,11.1,2.8,18.251388888888883
1992-05-31,24.4,9.4,0.0,16.91027777777777
1992-06-01,25.0,12.2,0.0,15.742222222222226
1992-06-02,23.9,11.7,0.0,17.396666666666672
1992-06-03,27.2,14.4,0.0,20.87472222222222
1992-06-04,22.2,17.2,0.5,17.501111111111115
1992-06-05,25.6,16.1,0.3,15.031111111111109
1992-06-06,29.4,13.9,1.5,29.300882540051173
1992-06-07,25.0,15.0,0.0,24.104722222222218
1992-06-08,23.9,13.9,0.0,22.568333333333342
1992-06-09,23.9,15.6,0.0,18.525555555555556
1992-06-10,26.1,14.4,0.0,20.323611111111106
1992-06-11,27.8,15.0,0.0,22.54222222222223
1992-06-12,29.4,16.7,0.0,24.760833333333338
1992-06-13,32.8,17.2,0.0,27.23515810385777
1992-06-14,33.3,17.8,0.0,27.71250268391774
1992-06-15,27.2,19.4,0.0,22.920833333333334
1992-06-16,31.7,18.9,0.0,24.405
1992-06-17,32.2,20.6,43.4,31.229195675431228
1992-06-18,28.9,18.3,0.0,26.858671178435525
1992-06-19,20.6,11.7,0.3,12.43388888888889
1992-06-20,15.0,10.0,0.0,11.738611111111116
1992-06-21,16.7,7.8,0.0,12.211944444444443
1992-06-22,19.4,8.3,0.0,15.191111111111107
1992-06-23,25.0,13.3,0.5,20.27083333333334
1992-06-24,25.0,12.8,0.0,17.06694444444444
1992-06-25,27.8,11.7,0.0,25.390277777777776
1992-06-26,23.3,15.0,0.0,18.629444444444445
1992-06-27,20.6,13.3,0.0,16.47611111111111
1992-06-28,27.8,11.7,0.0,20.32305555555556
1992-06-29,31.7,16.7,0.0,27.0707745991356
1992-06-30,26.1,15.6,0.0,18.76
1992-07-01,32.8,17.2,0.0,25.139444444444447
1992-07-02,32.8,20.0,14.7,29.321357301004404
1992-07-03,23.3,17.8,0.0,23.82722222222223
1992-07-04,28.9,16.1,3.0,27.67166112575778
1992-07-05,24.4,17.8,2.0,26.623611111111114
1992-07-06,24.4,16.1,0.0,22.05583333333332
1992-07-07,26.7,17.2,1.5,21.700000000000003
1992-07-08,31.7,20.6,0.0,33.59052070244432
1992-07-09,28.3,21.1,0.0,32.25745578348452
1992-07-10,29.4,20.0,0.3,28.89326381961784
1992-07-11,27.8,19.4,0.0,22.395277777777775
1992-07-12,27.2,19.4,12.7,25.873333333333335
1992-07-13,27.8,17.2,17.5,28.462999170631267
1992-07-14,22.2,16.7,10.4,21.396944444444443
1992-07-15,24.4,16.7,0.0,19.941666666666674
1992-07-16,25.6,17.2,2.5,22.369166666666658
1992-07-17,28.9,20.0,2.0,27.12101463745771
1992-07-18,26.1,17.2,9.9,25.48166666666667
1992-07-19,30.6,17.2,0.0,27.884784716924493
1992-07-20,25.0,17.2,0.3,27.884784716924493
1992-07-21,21.1,16.1,0.0,20.04611111111111
1992-07-22,21.7,15.6,4.8,19.39
1992-07-23,20.6,17.2,0.5,19.572777777777773
1992-07-24,23.3,17.2,0.0,19.494444444444447
1992-07-25,24.4,17.2,0.0,23.589444444444435
1992-07-26,28.9,22.2,9.7,24.127500000000005
1992-07-27,25.6,20.0,0.0,22.855000000000004
1992-07-28,29.4,17.8,2.0,29.51946449841784
1992-07-29,24.4,17.8,0.3,28.181459693315517
1992-07-30,18.9,15.6,9.7,18.629444444444445
1992-07-31,24.4,15.6,1.0,21.243055555555557
1992-08-01,26.1,15.0,0.0,24.878333333333337
1992-08-02,25.6,16.1,3.6,24.37888888888889
1992-08-03,25.0,15.6,2.8,23.45888888888889
1992-08-04,23.3,13.3,0.0,20.37527777777778
1992-08-05,23.3,15.6,0.0,20.27083333333334
1992-08-06,27.8,16.1,0.0,24.509444444444448
1992-08-07,26.7,17.2,6.9,24.54861111111111
1992-08-08,30.0,21.1,0.0,26.24222222222223
1992-08-09,33.9,21.7,0.0,41.717281624504615
1992-08-10,32.2,22.8,0.0,37.263807475384425
1992-08-11,28.3,18.3,0.0,30.182367477777778
1992-08-12,21.1,15.6,4.6,19.98083333333333
1992-08-13,21.1,14.4,0.0,19.941666666666674
1992-08-14,21.1,14.4,0.0,18.394444444444446
1992-08-15,23.3,15.6,0.0,20.29694444444445
1992-08-16,24.4,13.9,0.0,20.979166666666675
1992-08-17,26.1,12.8,0.0,23.119444444444444
1992-08-18,26.1,16.7,0.0,24.405
1992-08-19,23.9,14.4,0.0,21.451944444444436
1992-08-20,24.4,13.9,0.0,21.873055555555553
1992-08-21,27.8,14.4,0.0,24.196111111111108
1992-08-22,28.9,16.1,0.0,24.509444444444448
1992-08-23,30.6,20.0,0.0,27.709960147697913
1992-08-24,31.7,20.6,0.0,30.6159912848178
1992-08-25,33.3,22.2,2.0,31.887677555555513
1992-08-26,23.9,18.3,6.6,31.539548077777795
1992-08-27,18.9,13.9,23.4,18.864444444444448
1992-08-28,21.1,12.2,0.0,17.973888888888887
1992-08-29,27.8,12.2,0.0,25.48166666666667
1992-08-30,23.9,16.1,0.0,23.775000000000002
1992-08-31,24.4,13.3,0.0,22.108055555555545
1992-09-01,25.0,13.3,0.0,21.504166666666663
1992-09-02,23.9,20.0,3.0,22.815833333333334
1992-09-03,27.2,18.3,0.0,24.760833333333338
1992-09-04,26.1,15.6,0.0,23.014999999999997
1992-09-05,28.9,17.8,0.0,23.563333333333325
1992-09-06,29.4,21.1,0.0,28.499177144657796
1992-09-07,30.0,20.0,11.4,28.37011782633774
1992-09-08,22.8,15.0,1.8,27.48057455139572
1992-09-09,21.1,15.6,82.6,20.688611111111115
1992-09-10,21.7,12.2,0.0,20.10111111111112
1992-09-11,21.7,10.0,0.0,22.48944444444444
1992-09-12,25.0,11.1,0.0,23.605277777777772
1992-09-13,27.8,13.9,0.0,26.545277777777773
1992-09-14,29.4,17.8,20.8,29.31698503179564
1992-09-15,31.1,21.7,0.0,30.026780984595675
1992-09-16,30.6,21.7,0.0,31.20833997777773
1992-09-17,26.7,19.4,5.3,30.331079793937747
1992-09-18,23.3,12.8,1.5,27.59391563633792
1992-09-19,18.9,8.3,0.0,24.02638888888889
1992-09-20,20.6,10.0,10.2,20.691944444444445
1992-09-21,21.1,16.7,12.4,32.60608745420442
1992-09-22,18.3,10.0,0.0,16.91027777777777
1992-09-23,15.0,8.3,0.0,17.213333333333328
1992-09-24,18.9,7.8,0.0,22.910555555555558
1992-09-25,23.9,9.4,0.0,19.311666666666664
1992-09-26,22.8,13.9,24.9,20.479722222222232
1992-09-27,21.1,11.7,0.0,20.12444444444444
1992-09-28,16.7,8.3,0.0,18.198611111111113
1992-09-29,18.3,5.0,0.0,14.469722222222224
1992-09-30,20.6,7.8,0.0,17.343888888888884
1992-10-01,24.4,9.4,0.0,22.97583333333333
1992-10-02,26.7,12.2,0.0,25.325000000000003
1992-10-03,28.3,14.4,0.0,23.670555555555556
1992-10-04,20.0,14.4,0.0,18.13055555555555
1992-10-05,17.2,10.0,0.0,16.91027777777777
1992-10-06,21.7,7.2,0.0,17.369999999999997
1992-10-07,23.3,9.4,0.0,20.90083333333333
1992-10-08,22.2,10.0,3.3,19.98083333333333
1992-10-09,13.9,7.2,0.3,13.787499999999998
1992-10-10,17.2,8.3,0.0,14.929444444444446
1992-10-11,18.3,8.3,0.0,16.00611111111111
1992-10-12,18.9,8.3,0.0,16.54472222222222
1992-10-13,16.7,5.6,0.0,14.73361111111111
1992-10-14,19.4,10.0,8.1,17.973888888888887
1992-10-15,12.8,10.0,3.8,12.091111111111113
1992-10-16,12.8,2.8,0.0,12.091111111111113
1992-10-17,10.0,0.0,0.0,8.524444444444445
1992-10-18,7.8,0.6,0.0,7.894444444444449
1992-10-19,8.3,-2.2,0.5,6.504444444444443
1992-10-20,15.0,2.2,0.8,14.24777777777778
1992-10-21,12.8,6.1,0.0,13.026944444444446
1992-10-22,23.3,6.1,0.0,20.994999999999997
1992-10-23,25.0,13.3,0.0,24.300555555555555
1992-10-24,17.8,8.3,0.0,23.210833333333326
1992-10-25,17.2,5.0,0.0,14.955555555555557
1992-10-26,14.4,6.1,0.0,14.417499999999999
1992-10-27,15.6,4.4,0.0,13.722222222222223
1992-10-28,18.3,4.4,0.0,16.50555555555555
1992-10-29,10.0,6.7,0.0,13.656944444444441
1992-10-30,10.6,6.7,0.0,8.155555555555559
1992-10-31,11.7,6.7,1.8,8.720277777777778
1992-11-01,9.4,7.2,33.5,9.285
1992-11-02,14.4,5.0,18.0,13.731944444444444
1992-11-03,6.7,1.7,23.4,6.501666666666669
1992-11-04,4.4,1.1,0.0,4.478888888888887
1992-11-05,3.3,0.0,1.3,1.7374999999999987
1992-11-06,3.9,0.0,0.0,1.633055555555553
1992-11-07,4.4,0.0,0.0,2.2369444444444437
1992-11-08,9.4,1.7,0.0,3.5616666666666674
1992-11-09,12.2,6.7,4.8,9.454722222222223
1992-11-10,12.2,8.9,5.6,10.266944444444448
1992-11-11,11.1,5.0,2.8,10.266944444444448
1992-11-12,9.4,2.2,17.8,8.04833333333333
1992-11-13,2.8,-1.1,1.8,3.522500000000003
1992-11-14,1.7,-2.8,0.0,-0.6116666666666661
1992-11-15,2.8,-1.7,0.0,0.32138888888889183
1992-11-16,10.0,0.6,0.0,7.447777777777773
1992-11-17,9.4,5.0,0.0,7.447777777777773
1992-11-18,6.1,4.4,0.0,4.230833333333332
1992-11-19,6.1,4.4,2.8,4.834166666666668
1992-11-20,17.8,6.1,6.6,15.572500000000003
1992-11-21,15.0,4.4,2.8,12.407222222222222
1992-11-22,6.7,4.4,5.1,6.1327777777777746
1992-11-23,5.0,2.8,0.8,5.594722222222227
1992-11-24,5.6,3.3,0.0,4.387499999999997
1992-11-25,8.9,5.6,6.1,6.171944444444443
1992-11-26,6.7,-1.1,0.0,7.904722222222221
1992-11-27,2.8,-2.2,0.0,1.0688888888888926
1992-11-28,2.8,-0.6,0.0,0.044444444444443496
1992-11-29,7.2,-0.6,0.0,5.649722222222222
1992-11-30,2.8,0.0,0.0,4.1133333333333315
1992-12-01,1.7,0.0,0.0,0.12277777777777585
1992-12-02,3.3,-1.1,0.8,1.8941666666666634
1992-12-03,1.7,-2.2,0.0,-1.1105555555555549
1992-12-04,1.1,-6.7,0.0,0.20111111111110822
1992-12-05,-2.2,-8.9,0.0,-4.3377777777777755
1992-12-06,-1.7,-6.7,0.0,-3.2775
1992-12-07,0.6,-3.3,0.0,-2.2530555555555547
1992-12-08,0.0,-3.3,0.0,-2.331388888888889
1992-12-09,0.6,-4.4,7.4,-0.572499999999998
1992-12-10,1.7,-0.6,3.8,0.7391666666666671
1992-12-11,3.9,-1.1,0.0,2.4327777777777766
1992-12-12,3.9,-0.6,0.0,2.4327777777777766
1992-12-13,2.8,0.6,0.0,1.8941666666666634
1992-12-14,2.2,-1.1,0.0,0.8175000000000033
1992-12-15,14.4,2.2,16.5,4.1133333333333315
1992-12-16,9.4,1.7,0.0,1.2777777777777761
1992-12-17,1.7,-2.2,0.0,1.2777777777777761
1992-12-18,1.7,-2.2,0.0,-0.5072222222222204
1992-12-19,4.4,-3.9,4.8,2.9708333333333314
1992-12-20,-3.3,-9.4,0.0,0.33166666666666345
1992-12-21,1.1,-8.3,0.0,0.01833333333333008
1992-12-22,5.0,-2.2,0.0,3.326666666666666
1992-12-23,2.2,-12.2,0.0,1.4475000000000036
1992-12-24,-5.6,-15.6,0.0,-7.042777777777777
1992-12-25,-1.1,-10.6,0.0,-2.5402777777777765
1992-12-26,-4.4,-11.7,0.0,-7.264722222222222
1992-12-27,4.4,-5.0,0.0,2.5922222222222207
1992-12-28,6.1,1.7,0.0,4.1525
1992-12-29,7.8,4.4,14.2,7.287777777777778
1992-12-30,11.7,4.4,32.0,6.171944444444443
1992-12-31,4.4,-10.6,0.0,-0.42888888888888804
1993-01-01,-6.1,-12.8,0.0,-7.516111111111109
1993-01-02,1.7,-8.3,2.0,-2.1224999999999974
1993-01-03,7.8,1.7,8.6,4.690555555555554
1993-01-04,11.1,0.0,40.4,8.367777777777777
1993-01-05,0.0,-4.4,0.0,1.4083333333333354
1993-01-06,-3.3,-6.7,0.0,-2.1616666666666657
1993-01-07,-2.2,-5.6,2.0,-3.408055555555557
1993-01-08,-1.1,-6.1,0.0,-2.6474999999999995
1993-01-09,-2.8,-5.0,4.6,-2.856388888888889
1993-01-10,-2.2,-5.6,5.6,-3.225277777777779
1993-01-11,-0.6,-4.4,0.0,-2.6997222222222224
1993-01-12,2.2,-2.2,17.3,-0.19388888888888703
1993-01-13,1.1,-5.0,4.6,0.33166666666666345
1993-01-14,-2.2,-7.2,0.0,-3.2775
1993-01-15,-3.9,-9.4,0.0,-4.523888888888889
1993-01-16,0.6,-9.4,0.0,-1.5838888888888885
1993-01-17,0.0,-11.1,0.0,-0.37666666666666515
1993-01-18,-3.3,-11.7,0.0,-3.6299999999999994
1993-01-19,0.6,-10.0,0.0,-2.6186111111111092
1993-01-20,2.8,-6.7,8.4,0.29249999999999926
1993-01-21,4.4,0.6,11.9,3.953333333333333
1993-01-22,3.9,-1.1,0.8,2.853333333333331
1993-01-23,8.3,-1.7,0.0,7.4738888888888875
1993-01-24,3.3,-6.1,0.0,3.5616666666666674
1993-01-25,0.0,-7.8,0.0,-3.695277777777777
1993-01-26,5.6,-6.7,0.0,4.520833333333335
1993-01-27,3.9,-2.2,0.3,3.522500000000003
1993-01-28,4.4,-5.6,0.0,2.9708333333333314
1993-01-29,-3.9,-12.2,0.0,0.5433333333333342
1993-01-30,4.4,-8.9,0.0,1.845277777777778
1993-01-31,9.4,-0.6,0.0,7.408611111111109
1993-02-01,2.8,-3.9,0.0,5.741111111111109
1993-02-02,4.4,-6.7,0.0,1.936666666666665
1993-02-03,8.3,-2.8,0.0,6.517499999999998
1993-02-04,12.2,-2.2,0.0,2.853333333333331
1993-02-05,10.6,-1.7,0.0,8.576666666666668
1993-02-06,1.1,-2.2,0.0,0.33166666666666345
1993-02-07,3.9,-1.7,0.0,2.5633333333333317
1993-02-08,1.7,-1.7,0.0,1.4083333333333354
1993-02-09,4.4,0.0,0.0,3.6008333333333318
1993-02-10,3.3,1.7,0.0,4.191666666666667
1993-02-11,2.2,-2.2,0.3,0.9088888888888904
1993-02-12,0.0,-2.2,3.3,-1.4533333333333331
1993-02-13,1.1,-3.9,0.0,-0.7161111111111099
1993-02-14,0.0,-4.4,0.0,-0.9538888888888882
1993-02-15,-1.7,-6.7,0.0,-3.4863888888888894
1993-02-16,-1.1,-5.6,8.1,-2.331388888888889
1993-02-17,-5.6,-17.2,0.0,-2.9738888888888897
1993-02-18,-8.9,-17.2,0.0,-10.021944444444447
1993-02-19,-3.3,-13.3,0.0,-5.283888888888886
1993-02-20,0.0,-5.6,4.8,-1.7405555555555532
1993-02-21,0.6,-3.9,6.1,-0.7188888888888871
1993-02-22,-3.9,-6.7,1.8,-2.0311111111111106
1993-02-23,-6.1,-15.6,0.5,-6.164722222222221
1993-02-24,-7.8,-19.4,0.0,-10.12638888888889
1993-02-25,-5.0,-15.0,1.3,-8.119444444444447
1993-02-26,-1.7,-7.2,0.0,-3.656111111111111
1993-02-27,0.0,-10.6,0.0,-2.5402777777777765
1993-02-28,1.7,-10.6,0.0,-0.6899999999999985
1993-03-01,8.3,-3.9,0.0,6.84388888888889
1993-03-02,7.8,0.6,2.8,4.191666666666667
1993-03-03,6.1,1.7,0.8,1.9333333333333356
1993-03-04,2.8,0.6,11.4,1.9333333333333356
1993-03-05,7.8,0.0,0.0,2.670555555555557
1993-03-06,9.4,-2.8,0.0,7.34333333333333
1993-03-07,5.6,-0.6,0.0,5.714999999999995
1993-03-08,6.1,1.7,0.0,4.586111111111112
1993-03-09,6.7,0.6,0.3,3.391944444444448
1993-03-10,3.9,0.0,3.3,2.524166666666664
1993-03-11,0.0,-5.0,1.3,0.2533333333333311
1993-03-12,0.0,-7.8,0.0,-3.0913888888888903
1993-03-13,-5.0,-10.6,6.1,-3.6299999999999994
1993-03-14,-5.6,-13.3,0.0,-7.343055555555555
1993-03-15,8.9,-9.4,0.0,7.447777777777773
1993-03-16,7.2,-0.6,6.6,7.382499999999999
1993-03-17,-0.6,-7.2,0.0,1.4475000000000036
1993-03-18,1.1,-7.2,0.0,-1.3063888888888897
1993-03-19,0.6,-3.9,3.3,-0.5072222222222204
1993-03-20,2.8,0.0,0.0,1.9333333333333356
1993-03-21,4.4,-1.7,4.1,2.853333333333331
1993-03-22,3.3,0.6,29.2,2.367499999999999
1993-03-23,7.2,2.8,6.4,4.964722222222224
1993-03-24,7.8,2.2,0.0,4.4397222222222235
1993-03-25,9.4,3.3,0.0,3.809722222222223
1993-03-26,7.8,1.7,0.0,2.6938888888888872
1993-03-27,8.3,0.6,0.0,1.5911111111111136
1993-03-28,13.9,0.0,0.0,5.780277777777777
1993-03-29,17.8,4.4,0.0,6.87
1993-03-30,19.4,4.4,0.0,7.972777777777777
1993-03-31,10.6,1.7,45.7,6.371111111111113
1993-04-01,1.7,-2.2,7.1,-1.1105555555555549
1993-04-02,2.2,-2.8,0.0,0.9905555555555563
1993-04-03,7.8,-2.2,0.0,2.263055555555553
1993-04-04,6.1,-1.7,0.0,2.788055555555557
1993-04-05,6.7,-0.6,0.0,4.191666666666667
1993-04-06,11.1,1.1,0.0,5.714999999999995
1993-04-07,15.0,4.4,0.0,6.371111111111113
1993-04-08,15.6,11.1,14.7,7.408611111111109
1993-04-09,15.0,7.2,0.0,14.453333333333338
1993-04-10,13.9,4.4,0.0,13.157500000000002
1993-04-11,12.8,3.3,0.5,11.960555555555556
1993-04-12,8.9,2.8,0.0,7.52611111111111
1993-04-13,10.6,2.8,0.0,5.425000000000004
1993-04-14,11.7,5.6,10.2,6.893333333333334
1993-04-15,13.3,6.1,26.4,7.996111111111111
1993-04-16,6.1,0.6,1.3,6.263333333333334
1993-04-17,13.9,-0.6,0.0,6.501666666666669
1993-04-18,18.3,6.7,0.0,16.13666666666667
1993-04-19,16.1,9.4,23.1,15.663888888888891
1993-04-20,9.4,2.8,15.2,15.360277777777778
1993-04-21,12.8,1.7,0.0,7.251944444444444
1993-04-22,17.2,2.8,0.0,12.71083333333333
1993-04-23,20.0,6.1,0.0,13.261944444444445
1993-04-24,24.4,12.8,0.0,22.988888888888887
1993-04-25,14.4,6.1,0.0,21.308333333333326
1993-04-26,9.4,2.8,0.0,7.735000000000001
1993-04-27,21.1,2.2,0.0,17.86944444444444
1993-04-28,24.4,12.8,2.5,18.525
1993-04-29,16.7,8.3,7.4,14.322777777777778
1993-04-30,20.6,8.3,0.0,12.80222222222222
1993-05-01,24.4,10.0,0.0,13.418611111111115
1993-05-02,22.8,11.1,12.4,19.311666666666664
1993-05-03,22.2,14.4,4.3,19.98083333333333
1993-05-04,20.6,13.9,6.1,14.952777777777776
1993-05-05,21.7,11.7,0.0,14.23138888888889
1993-05-06,26.7,11.1,0.0,19.311666666666664
1993-05-07,27.2,16.7,0.0,20.84861111111111
1993-05-08,30.6,17.2,0.0,20.21861111111112
1993-05-09,31.1,18.9,0.0,27.95237541043559
1993-05-10,31.1,20.0,0.0,27.656826412984522
1993-05-11,23.9,14.4,0.0,18.221944444444443
1993-05-12,28.9,6.1,0.0,26.349444444444444
1993-05-13,14.4,5.6,0.0,9.78388888888889
1993-05-14,27.8,7.8,0.0,25.194444444444443
1993-05-15,23.3,13.3,0.0,24.695555555555554
1993-05-16,18.3,8.3,0.8,19.380277777777778
1993-05-17,17.8,8.3,0.0,17.06972222222222
1993-05-18,22.2,7.8,0.5,16.818888888888885
1993-05-19,16.7,5.6,0.0,13.183611111111114
1993-05-20,16.1,8.3,0.0,13.983333333333334
1993-05-21,20.6,9.4,0.0,15.572500000000003
1993-05-22,25.6,10.0,7.4,23.4225
1993-05-23,22.2,14.4,8.6,20.688611111111115
1993-05-24,20.6,12.2,0.0,21.77833333333333
1993-05-25,19.4,11.7,0.0,15.742222222222226
1993-05-26,26.1,8.9,0.0,24.643333333333334
1993-05-27,26.7,16.1,0.0,25.82444444444445
1993-05-28,21.7,7.8,3.8,24.708611111111118
1993-05-29,17.2,8.3,0.0,11.17388888888889
1993-05-30,21.1,10.0,14.2,20.24194444444444
1993-05-31,18.9,6.7,2.3,20.24194444444444
1993-06-01,19.4,4.4,0.5,17.239444444444445
1993-06-02,17.2,11.1,2.8,14.822222222222223
1993-06-03,15.0,10.6,1.3,13.115555555555554
1993-06-04,15.0,8.3,25.4,11.882222222222225
1993-06-05,23.3,9.4,0.0,16.371666666666666
1993-06-06,24.4,10.6,0.0,21.39972222222222
1993-06-07,21.1,15.0,79.0,20.32305555555556
1993-06-08,28.3,17.8,50.8,20.610277777777778
1993-06-09,27.2,18.9,0.0,26.453888888888883
1993-06-10,28.3,17.2,0.0,27.35456218899553
1993-06-11,26.1,16.7,0.0,21.56944444444444
1993-06-12,26.1,16.1,0.0,18.681666666666672
1993-06-13,29.4,18.9,0.0,22.29083333333332
1993-06-14,27.8,18.3,12.7,26.908509560871103
1993-06-15,22.8,12.8,0.0,25.325000000000003
1993-06-16,25.0,12.2,0.0,19.416111111111118
1993-06-17,33.9,19.4,38.4,33.5228811094845
1993-06-18,30.0,16.1,12.4,32.60608745420442
1993-06-19,30.0,16.1,32.0,30.55639141532456
1993-06-20,26.7,18.9,1.3,25.455555555555552
1993-06-21,25.6,17.8,0.0,23.80111111111111
1993-06-22,30.6,17.8,0.0,27.36993689287118
1993-06-23,31.1,17.2,0.0,24.010000000000005
1993-06-24,31.1,22.2,1.3,31.229195675431228
1993-06-25,27.2,18.9,4.8,24.248333333333335
1993-06-26,29.4,15.6,3.6,28.007127103084443
1993-06-27,30.6,18.3,2.0,28.246993170957833
1993-06-28,23.3,16.1,42.2,28.16603116563555
1993-06-29,26.1,13.9,0.0,20.006944444444443
1993-06-30,22.2,16.1,20.6,19.455277777777773
1993-07-01,23.9,17.2,1.3,18.90361111111111
1993-07-02,28.9,18.9,5.6,30.580698436291087
1993-07-03,32.8,20.0,0.0,25.83416666666666
1993-07-04,33.3,23.9,0.0,33.64359277180446
1993-07-05,32.2,21.7,1.5,33.85445181291555
1993-07-06,28.3,19.4,1.5,32.6347006444444
1993-07-07,27.8,21.7,0.0,28.030491895751087
1993-07-08,32.2,20.6,0.0,30.82563389883556
1993-07-09,31.7,23.3,0.0,33.03359425555552
1993-07-10,31.1,21.1,5.3,30.013970098595514
1993-07-11,29.4,21.1,1.5,29.42909984605113
1993-07-12,28.3,19.4,0.0,28.8226880276156
1993-07-13,28.3,18.3,17.5,24.57472222222222
1993-07-14,26.7,20.0,0.0,22.29083333333332
1993-07-15,25.6,19.4,0.0,22.789722222222224
1993-07-16,28.3,19.4,0.0,25.27
1993-07-17,27.8,22.2,0.0,24.679166666666667
1993-07-18,32.8,21.7,21.8,36.72987025969787
1993-07-19,31.1,20.6,2.5,30.915363245315625
1993-07-20,26.7,18.3,0.0,31.557488575164523
1993-07-21,26.7,17.8,0.0,23.85333333333334
1993-07-22,23.3,17.8,0.0,23.184722222222216
1993-07-23,26.7,20.0,0.0,25.20472222222223
1993-07-24,28.9,20.6,1.3,26.39888888888889
1993-07-25,32.8,21.7,17.0,36.396860131671104
1993-07-26,30.6,21.1,0.0,36.839007859944346
1993-07-27,32.2,21.7,0.0,34.331803355555614
1993-07-28,30.6,22.8,0.0,34.48061279223114
1993-07-29,26.7,20.0,0.0,26.111666666666668
1993-07-30,28.3,15.6,0.0,25.061111111111114
1993-07-31,28.9,17.8,0.0,28.728486061591177
1993-08-01,29.4,20.6,0.0,30.27919129239121
1993-08-02,26.7,17.8,0.0,29.66075088801562
1993-08-03,27.8,17.2,0.0,26.08555555555556
1993-08-04,23.3,15.0,0.0,23.74888888888889
1993-08-05,24.4,13.3,0.0,22.48944444444444
1993-08-06,23.9,15.0,11.4,22.48944444444444
1993-08-07,25.0,13.9,0.0,21.56944444444444
1993-08-08,27.8,15.6,0.0,25.087222222222227
1993-08-09,25.0,17.2,10.7,24.45722222222222
1993-08-10,31.1,20.6,0.3,28.92591493923561
1993-08-11,32.2,20.0,0.3,29.776897714595595
1993-08-12,28.9,22.2,1.0,26.503333333333345
1993-08-13,31.1,21.7,0.0,25.873333333333335
1993-08-14,32.2,20.6,0.0,24.166666666666668
1993-08-15,27.8,20.6,33.3,28.330734100764637
1993-08-16,30.0,20.0,0.0,24.822777777777784
1993-08-17,28.3,21.1,0.0,25.873333333333335
1993-08-18,30.6,21.1,0.0,29.01909371427564
1993-08-19,30.0,22.8,5.8,33.882145611111156
1993-08-20,27.8,20.6,0.0,30.084231424035554
1993-08-21,26.7,20.0,0.0,23.94472222222223
1993-08-22,27.2,18.3,0.0,26.08555555555556
1993-08-23,33.3,21.7,23.9,37.862377641795575
1993-08-24,31.7,21.1,0.3,35.845619555884504
1993-08-25,32.2,21.1,2.3,32.35495978132455
1993-08-26,35.0,23.3,0.0,37.31990941927126
1993-08-27,34.4,24.4,0.0,37.51950270193562
1993-08-28,26.7,20.6,0.0,36.72987025969787
1993-08-29,27.2,20.0,30.0,25.83416666666666
1993-08-30,32.8,21.1,19.8,35.31575843611568
1993-08-31,23.9,17.2,4.1,34.331803355555614
1993-09-01,24.4,13.9,0.0,23.184722222222216
1993-09-02,22.8,18.9,9.9,22.998611111111117
1993-09-03,24.4,16.1,14.5,23.050833333333333
1993-09-04,25.0,13.3,0.0,23.644444444444446
1993-09-05,25.0,15.6,2.5,23.210833333333326
1993-09-06,21.1,12.8,12.7,19.915555555555557
1993-09-07,24.4,11.7,0.0,23.14555555555555
1993-09-08,23.3,13.9,0.3,20.27083333333334
1993-09-09,25.0,14.4,0.0,23.210833333333326
1993-09-10,19.4,10.6,0.0,20.979166666666675
1993-09-11,21.7,7.8,1.8,19.576111111111107
1993-09-12,26.7,16.1,0.0,25.533888888888896
1993-09-13,27.8,21.1,11.2,28.499177144657796
1993-09-14,23.9,12.2,55.6,25.808055555555555
1993-09-15,14.4,11.1,0.0,14.952777777777776
1993-09-16,16.7,11.1,0.0,14.678611111111113
1993-09-17,20.6,11.7,0.0,16.845
1993-09-18,20.0,10.6,0.0,18.000000000000004
1993-09-19,20.0,12.2,0.0,17.63111111111111
1993-09-20,20.0,13.3,1.8,18.94277777777778
1993-09-21,18.9,12.8,0.0,18.864444444444448
1993-09-22,24.4,12.8,0.0,22.724444444444444
1993-09-23,18.3,10.0,0.0,19.572777777777773
1993-09-24,21.1,7.8,0.0,18.000000000000004
1993-09-25,16.1,11.7,26.7,16.59361111111111
1993-09-26,19.4,11.7,8.1,18.026111111111113
1993-09-27,12.8,8.9,5.1,16.936388888888885
1993-09-28,15.6,7.2,0.0,17.200277777777774
1993-09-29,12.8,4.4,0.0,11.60805555555556
1993-09-30,16.7,1.7,0.0,15.507222222222225
1993-10-01,20.6,12.8,0.0,18.985277777777778
1993-10-02,12.8,6.1,0.0,17.06972222222222
1993-10-03,22.2,5.0,0.0,21.216944444444437
1993-10-04,20.6,7.8,0.0,19.64138888888889
1993-10-05,18.3,4.4,0.0,15.007777777777777
1993-10-06,26.7,10.0,0.0,25.390277777777776
1993-10-07,28.3,15.0,0.0,27.065915636284476
1993-10-08,26.7,10.0,19.1,24.878333333333337
1993-10-09,10.0,2.2,5.8,13.20694444444444
1993-10-10,12.2,0.0,0.0,10.19194444444444
1993-10-11,15.0,2.2,0.0,13.066111111111114
1993-10-12,13.3,5.0,0.0,11.976388888888891
1993-10-13,12.2,1.7,0.0,9.180555555555559
1993-10-14,18.3,3.3,0.0,16.649166666666662
1993-10-15,21.7,12.2,2.5,20.29694444444445
1993-10-16,17.2,11.1,11.4,19.73277777777778
1993-10-17,16.7,7.2,14.5,12.668333333333331
1993-10-18,16.7,5.6,0.5,13.037222222222221
1993-10-19,16.7,11.1,0.0,13.115555555555554
1993-10-20,15.6,8.9,7.4,12.629166666666668
1993-10-21,13.3,4.4,0.0,13.246111111111109
1993-10-22,16.1,1.7,0.0,13.578611111111114
1993-10-23,21.7,5.0,0.0,20.048888888888897
1993-10-24,22.8,8.9,0.0,21.099444444444437
1993-10-25,22.8,6.7,0.0,20.561388888888892
1993-10-26,16.7,8.3,0.0,18.276944444444446
1993-10-27,8.3,2.8,0.0,11.699444444444444
1993-10-28,13.3,2.8,0.0,11.950277777777778
1993-10-29,5.0,1.7,0.0,12.002500000000001
1993-10-30,5.0,1.1,2.5,3.5616666666666674
1993-10-31,6.1,-0.6,0.0,4.048055555555558
1993-11-01,7.2,-2.2,0.0,6.05777777777778
1993-11-02,8.9,1.1,2.5,7.972777777777777
1993-11-03,12.8,3.3,0.0,11.399166666666668
1993-11-04,15.6,7.2,0.0,13.630833333333333
1993-11-05,12.2,1.7,0.5,13.630833333333333
1993-11-06,1.7,-2.8,0.0,2.4849999999999994
1993-11-07,5.0,-6.7,0.0,3.9044444444444437
1993-11-08,11.1,-1.1,0.0,9.614166666666668
1993-11-09,11.7,-0.6,0.0,8.524444444444445
1993-11-10,10.6,2.2,0.0,6.87
1993-11-11,13.9,3.3,0.0,12.68472222222222
1993-11-12,10.0,3.3,12.2,10.978055555555551
1993-11-13,18.3,7.8,0.0,10.795277777777777
1993-11-14,7.8,6.7,3.0,7.235555555555556
1993-11-15,6.7,4.4,0.0,6.841111111111115
1993-11-16,6.7,3.9,0.0,5.949999999999997
1993-11-17,6.7,-1.1,3.3,6.5800000000000045
1993-11-18,10.0,-1.7,0.0,8.694166666666668
1993-11-19,8.9,-0.6,0.3,7.972777777777777
1993-11-20,4.4,-3.9,0.0,3.9044444444444437
1993-11-21,11.7,1.7,0.0,10.23111111111111
1993-11-22,12.2,1.7,0.0,10.283333333333328
1993-11-23,12.8,6.1,0.0,10.387777777777774
1993-11-24,9.4,3.3,2.5,9.849166666666665
1993-11-25,5.0,3.3,11.2,4.964722222222224
1993-11-26,6.1,-6.7,12.4,5.016944444444446
1993-11-27,1.1,-7.2,0.0,0.47805555555555657
1993-11-28,2.8,-3.3,0.0,1.1341666666666663
1993-11-29,-0.6,-3.3,0.0,-1.7013888888888888
1993-11-30,1.1,-3.3,0.0,0.5825000000000023
1993-12-01,8.3,-2.8,2.5,6.804722222222222
1993-12-02,8.9,1.7,4.6,7.99888888888889
1993-12-03,5.6,0.0,0.0,6.961388888888891
1993-12-04,7.8,3.3,0.5,5.5033333333333365
1993-12-05,5.0,2.2,0.5,4.387499999999997
1993-12-06,5.0,-2.2,1.3,4.873333333333337
1993-12-07,3.3,-3.3,0.0,1.7766666666666668
1993-12-08,4.4,-1.7,0.0,3.522500000000003
1993-12-09,11.1,0.6,0.0,9.627222222222223
1993-12-10,11.1,-4.4,0.0,9.180555555555559
1993-12-11,0.6,-7.2,0.0,1.5677777777777793
1993-12-12,4.4,-6.1,0.0,3.8261111111111115
1993-12-13,7.8,1.7,0.0,4.968055555555561
1993-12-14,6.1,3.3,1.8,4.690555555555554
1993-12-15,6.7,3.9,0.0,4.690555555555554
1993-12-16,5.0,2.2,0.0,5.28138888888889
1993-12-17,5.6,1.1,1.3,4.191666666666667
1993-12-18,5.0,1.7,10.7,5.28138888888889
1993-12-19,2.2,1.1,0.0,2.406666666666663
1993-12-20,2.2,-2.2,0.0,2.328333333333335
1993-12-21,-1.7,-3.9,0.0,0.044444444444443496
1993-12-22,-1.1,-5.6,0.3,-1.5838888888888885
1993-12-23,-2.8,-8.3,0.0,-2.895555555555555
1993-12-24,-7.2,-10.0,0.3,-6.334444444444445
1993-12-25,-7.8,-14.4,0.5,-9.19611111111111
1993-12-26,-10.0,-14.4,0.5,-12.27972222222222
1993-12-27,-7.8,-12.2,0.0,-10.12638888888889
1993-12-28,-5.6,-15.0,0.0,-7.424722222222221
1993-12-29,-4.4,-12.8,0.0,-5.7702777777777765
1993-12-30,-2.8,-16.1,0.8,-8.579722222222223
1993-12-31,3.3,-2.8,0.0,1.2516666666666667
1994-01-01,5.6,-1.1,0.3,4.65138888888889
1994-01-02,0.0,-1.7,0.0,0.2533333333333311
1994-01-03,-0.6,-2.2,0.5,-1.4533333333333331
1994-01-04,-0.6,-6.7,0.0,-1.7013888888888888
1994-01-05,-3.3,-10.6,2.0,-3.9069444444444437
1994-01-06,0.6,-3.3,6.4,-0.24611111111110992
1994-01-07,-2.2,-19.4,0.0,-2.0702777777777768
1994-01-08,-13.3,-20.6,0.0,-14.025555555555558
1994-01-09,-4.4,-18.9,0.0,-5.992222222222223
1994-01-10,1.1,-7.8,3.3,-2.0311111111111106
1994-01-11,2.2,-3.9,0.0,0.7783333333333352
1994-01-12,1.1,-4.4,0.0,0.8175000000000033
1994-01-13,-3.9,-16.1,0.3,-0.8233333333333329
1994-01-14,-16.1,-22.8,0.0,-10.36416666666667
1994-01-15,-20.6,-26.7,0.0,-21.755277777777778
1994-01-16,-12.2,-25.6,2.8,-15.010833333333332
1994-01-17,-12.2,-24.4,0.0,-13.790555555555557
1994-01-18,-23.9,-28.9,0.0,-20.56111111111111
1994-01-19,-16.7,-28.3,1.3,-17.93777777777778
1994-01-20,-10.0,-20.0,0.0,-11.216111111111111
1994-01-21,-5.6,-18.3,0.0,-6.451944444444446
1994-01-22,1.7,-9.4,0.0,-0.572499999999998
1994-01-23,4.4,0.6,0.0,4.191666666666667
1994-01-24,2.8,0.0,0.0,1.9333333333333356
1994-01-25,1.7,-3.3,2.0,0.43611111111110923
1994-01-26,-3.3,-7.2,1.8,-1.4011111111111103
1994-01-27,1.7,-7.2,14.7,-0.6666666666666663
1994-01-28,1.7,-3.9,7.6,0.38388888888888634
1994-01-29,-2.8,-5.6,2.0,-3.408055555555557
1994-01-30,-3.9,-9.4,1.0,-4.484722222222221
1994-01-31,-9.4,-18.9,0.0,-8.001944444444446
1994-02-01,-11.1,-20.0,0.0,-12.30583333333333
1994-02-02,-3.9,-11.1,1.3,-4.680555555555554
1994-02-03,-6.1,-16.1,0.0,-4.970555555555553
1994-02-04,-6.1,-11.1,0.5,-7.447499999999997
1994-02-05,-2.2,-11.7,0.0,-3.0913888888888903
1994-02-06,1.7,-10.6,0.0,0.4388888888888924
1994-02-07,-7.8,-13.3,2.5,-4.719722222222222
1994-02-08,-8.9,-11.1,1.3,-9.01333333333333
1994-02-09,-8.3,-16.1,2.0,-9.248333333333331
1994-02-10,-6.7,-16.7,0.0,-8.788611111111111
1994-02-11,-4.4,-13.3,0.0,-5.731111111111111
1994-02-12,-2.8,-7.8,3.0,-3.7111111111111086
1994-02-13,-2.2,-10.6,0.0,-2.474999999999999
1994-02-14,7.2,-8.3,0.0,6.253611111111113
1994-02-15,4.4,-2.8,0.0,5.2161111111111165
1994-02-16,6.1,-5.6,0.0,5.02027777777778
1994-02-17,11.7,2.2,0.0,9.653333333333336
1994-02-18,13.9,3.3,0.0,13.040000000000004
1994-02-19,16.1,10.6,19.8,15.216666666666665
1994-02-20,14.4,2.2,3.0,13.614444444444445
1994-02-21,3.9,-1.7,0.0,1.9333333333333356
1994-02-22,-1.1,-4.4,6.4,-0.914722222222222
1994-02-23,-2.8,-7.8,16.0,-2.292222222222221
1994-02-24,-6.7,-11.1,0.0,-4.432499999999998
1994-02-25,-2.2,-10.6,11.4,-2.5561111111111106
1994-02-26,-5.6,-13.3,0.0,-4.680555555555554
1994-02-27,-2.8,-15.0,0.0,-4.680555555555554
1994-02-28,0.6,-7.2,1.0,-1.5447222222222203
1994-03-01,-1.1,-4.4,0.0,-2.6997222222222224
1994-03-02,0.6,-5.0,0.0,-0.572499999999998
1994-03-03,6.7,-6.7,0.0,5.780277777777777
1994-03-04,9.4,2.2,0.0,6.87
1994-03-05,10.6,-1.1,0.0,9.180555555555559
1994-03-06,15.0,4.4,0.0,13.000833333333333
1994-03-07,8.9,1.1,0.0,10.257222222222218
1994-03-08,2.8,-2.8,0.0,6.136111111111112
1994-03-09,1.7,-2.8,0.0,-1.2411111111111102
1994-03-10,3.3,-4.4,0.0,1.8549999999999993
1994-03-11,5.6,-2.2,0.0,1.1080555555555567
1994-03-12,14.4,-0.6,2.0,13.026944444444446
1994-03-13,10.0,1.7,1.8,12.515
1994-03-14,11.7,1.1,0.0,9.679444444444446
1994-03-15,9.4,-0.6,0.0,10.283333333333328
1994-03-16,2.2,-3.9,0.0,2.788055555555557
1994-03-17,4.4,-5.6,0.0,2.5530555555555563
1994-03-18,3.9,-2.2,0.0,2.367499999999999
1994-03-19,11.7,-3.9,0.0,5.242222222222226
1994-03-20,18.3,5.0,0.0,7.4738888888888875
1994-03-21,13.9,5.6,3.3,10.677777777777777
1994-03-22,21.7,2.8,0.0,19.879166666666666
1994-03-23,25.0,8.3,0.0,21.073333333333327
1994-03-24,18.9,2.8,0.0,21.112499999999997
1994-03-25,5.6,1.1,0.0,5.571388888888886
1994-03-26,8.3,0.6,7.4,5.28138888888889
1994-03-27,11.7,3.3,2.0,6.305833333333336
1994-03-28,7.2,1.1,0.8,5.242222222222226
1994-03-29,6.1,-1.1,0.0,4.3119444444444435
1994-03-30,7.2,-1.7,0.0,2.9708333333333314
1994-03-31,12.2,-2.2,0.0,10.035277777777772
1994-04-01,19.4,3.9,0.0,10.74305555555555
1994-04-02,22.2,5.6,0.0,19.86611111111112
1994-04-03,8.3,1.7,0.0,13.578611111111114
1994-04-04,16.7,1.7,0.0,13.630833333333333
1994-04-05,11.1,0.6,0.0,12.580277777777773
1994-04-06,2.2,-0.6,0.0,0.044444444444443496
1994-04-07,8.9,-3.3,0.0,4.520833333333335
1994-04-08,16.7,2.2,0.0,14.208611111111114
1994-04-09,19.4,10.0,0.0,17.55611111111111
1994-04-10,11.1,6.1,0.0,16.374999999999996
1994-04-11,9.4,4.4,5.8,5.780277777777777
1994-04-12,19.4,5.0,29.0,14.195555555555554
1994-04-13,11.1,6.7,3.3,13.539444444444442
1994-04-14,22.8,6.7,0.0,13.418611111111115
1994-04-15,20.0,9.4,9.4,16.554444444444446
1994-04-16,17.2,7.2,0.0,15.272222222222227
1994-04-17,20.0,7.2,0.0,14.655277777777778
1994-04-18,28.9,12.8,0.0,26.798752901615536
1994-04-19,21.1,10.6,0.0,25.24666666666667
1994-04-20,17.2,6.1,0.0,18.698055555555552
1994-04-21,13.9,7.2,0.0,8.498333333333331
1994-04-22,13.9,4.4,0.0,7.946666666666668
1994-04-23,21.7,3.3,0.0,19.813888888888894
1994-04-24,28.3,13.9,0.0,26.545277777777773
1994-04-25,30.6,17.2,0.0,27.416236963591118
1994-04-26,32.2,20.0,0.0,28.34817124444444
1994-04-27,21.1,3.9,0.0,26.059444444444452
1994-04-28,13.3,3.3,11.4,6.263333333333334
1994-04-29,12.8,5.0,0.0,10.886666666666665
1994-04-30,6.7,2.2,17.5,7.669722222222219
1994-05-01,13.9,2.2,0.0,9.258888888888887
1994-05-02,16.1,5.0,0.0,11.568888888888887
1994-05-03,17.2,5.6,0.0,13.761388888888888
1994-05-04,18.9,6.1,0.0,14.04861111111111
1994-05-05,21.7,8.9,1.5,19.432499999999997
1994-05-06,11.7,5.0,0.0,13.839722222222225
1994-05-07,11.1,6.1,8.4,8.942222222222224
1994-05-08,20.6,4.4,0.0,18.32916666666667
1994-05-09,21.7,12.8,0.0,18.737222222222226
1994-05-10,20.6,9.4,0.0,14.352222222222224
1994-05-11,24.4,10.0,0.5,24.17
1994-05-12,16.7,7.8,0.0,23.370277777777783
1994-05-13,22.2,7.8,0.0,16.215
1994-05-14,20.6,12.2,2.0,18.564166666666672
1994-05-15,25.0,10.0,0.0,21.938333333333325
1994-05-16,15.0,6.7,0.0,20.626666666666676
1994-05-17,15.0,5.6,0.0,9.350277777777778
1994-05-18,17.2,7.2,0.0,10.912777777777775
1994-05-19,19.4,6.7,0.0,13.392500000000004
1994-05-20,25.0,9.4,0.0,18.590277777777782
1994-05-21,30.6,13.9,0.0,24.734722222222228
1994-05-22,31.7,15.0,0.0,26.858671178435525
1994-05-23,26.1,17.2,3.6,20.95305555555556
1994-05-24,26.1,15.0,0.0,18.091388888888893
1994-05-25,23.9,15.6,3.3,16.47611111111111
1994-05-26,16.1,6.1,0.0,14.453333333333338
1994-05-27,17.8,4.4,0.0,12.85444444444444
1994-05-28,26.7,8.3,0.0,25.24666666666667
1994-05-29,28.9,13.3,0.0,26.546626832551105
1994-05-30,32.8,18.9,0.0,26.375555555555554
1994-05-31,29.4,18.9,0.0,28.968713974595556
1994-06-01,19.4,11.1,0.0,26.363192654595576
1994-06-02,18.3,9.4,0.0,13.183611111111114
1994-06-03,22.2,8.9,0.0,14.678611111111113
1994-06-04,26.1,10.6,0.0,19.22027777777778
1994-06-05,31.7,14.4,0.0,29.927305577777776
1994-06-06,31.1,18.9,0.0,29.42909984605113
1994-06-07,28.9,12.2,0.0,23.419722222222216
1994-06-08,17.2,10.6,8.6,12.958888888888886
1994-06-09,22.2,8.9,0.0,16.371666666666666
1994-06-10,26.1,10.6,0.0,16.91027777777777
1994-06-11,29.4,13.9,10.4,26.762939877617825
1994-06-12,29.4,16.1,0.0,28.091817848284492
1994-06-13,32.2,19.4,10.4,34.80727677236455
1994-06-14,34.4,20.6,4.3,36.251057508735634
1994-06-15,35.0,25.0,0.0,35.86532957971556
1994-06-16,34.4,24.4,0.0,34.906951803991234
1994-06-17,30.0,22.2,0.0,32.6347006444444
1994-06-18,33.9,25.0,0.0,31.55937428402463
1994-06-19,29.4,20.6,0.0,30.962878330124468
1994-06-20,32.8,20.6,1.3,30.549454376151076
1994-06-21,27.7,20.0,0.0,35.03801755555546
1994-06-22,30.6,17.8,0.0,25.087222222222227
1994-06-23,23.9,17.2,33.8,23.354444444444443
1994-06-24,18.3,15.5,17.3,19.07333333333333
1994-06-25,28.9,13.9,0.0,27.721938942035614
1994-06-26,23.8,16.6,0.3,27.416236963591118
1994-06-27,22.2,17.2,0.5,22.17333333333332
1994-06-28,30.0,18.3,0.0,28.968713974595556
1994-06-29,24.4,19.4,2.8,27.416236963591118
1994-06-30,25.6,16.7,0.0,20.571111111111115
1994-07-01,30.6,19.4,0.0,30.743255411111097
1994-07-02,23.9,15.0,0.3,30.550967863277705
1994-07-03,25.6,15.0,0.0,22.329999999999995
1994-07-04,32.8,22.8,0.5,35.24018513261102
1994-07-05,35.6,24.4,0.0,39.45939653455793
1994-07-06,34.4,23.3,0.3,33.01526487027556
1994-07-07,32.2,21.7,12.7,29.385531600924462
1994-07-08,30.0,17.8,1.5,30.82563389883556
1994-07-09,22.8,18.3,0.3,23.94472222222223
1994-07-10,22.8,15.0,0.0,22.26472222222221
1994-07-11,28.3,13.9,0.0,28.030491895751087
1994-07-12,32.2,20.6,1.3,33.410108517217864
1994-07-13,23.3,17.8,0.0,21.396944444444443
1994-07-14,28.9,18.3,0.0,26.35972222222223
1994-07-15,26.1,18.3,0.0,23.524166666666662
1994-07-16,28.3,18.3,0.0,27.36993689287118
1994-07-17,28.9,20.0,0.3,27.36993689287118
1994-07-18,30.6,18.3,0.0,29.336038526595594
1994-07-19,30.0,19.4,13.0,31.95203121660452
1994-07-20,32.8,21.1,7.4,37.02505731228452
1994-07-21,28.3,19.4,6.6,27.884784716924493
1994-07-22,27.8,17.8,0.0,27.744338156835607
1994-07-23,30.6,18.3,0.0,28.696246040435614
1994-07-24,28.9,20.0,0.0,28.696246040435614
1994-07-25,28.3,17.8,0.8,27.065915636284476
1994-07-26,26.7,15.0,0.0,25.298888888888897
1994-07-27,22.8,17.2,0.0,22.698333333333334
1994-07-28,23.9,15.0,0.0,22.17333333333332
1994-07-29,26.7,14.4,0.0,23.80111111111111
1994-07-30,27.8,15.6,0.0,25.703611111111115
1994-07-31,30.6,17.8,0.0,29.40332492908447
1994-08-01,31.1,18.9,6.6,32.6347006444444
1994-08-02,24.4,17.2,0.0,23.419722222222216
1994-08-03,31.1,16.7,6.6,31.229195675431228
1994-08-04,26.7,15.6,24.1,26.35972222222223
1994-08-05,19.4,14.4,0.0,19.03750000000001
1994-08-06,22.8,12.2,0.0,21.37361111111111
1994-08-07,26.1,13.3,0.0,23.393611111111106
1994-08-08,30.6,17.2,0.0,32.62913009207105
1994-08-09,18.3,14.4,0.0,19.572777777777773
1994-08-10,20.0,14.4,14.2,18.82527777777778
1994-08-11,20.0,16.7,31.2,20.281111111111112
1994-08-12,22.2,17.2,0.0,20.649444444444452
1994-08-13,27.8,21.1,24.4,30.403401525635665
1994-08-14,22.2,15.6,0.0,26.503333333333345
1994-08-15,25.0,13.9,0.0,22.26472222222221
1994-08-16,26.7,14.4,0.0,24.57472222222222
1994-08-17,26.7,16.7,0.0,24.64
1994-08-18,27.2,17.8,0.3,26.307500000000005
1994-08-19,32.8,20.0,11.7,32.55436176994443
1994-08-20,25.0,18.3,1.3,31.146728448604506
1994-08-21,23.3,16.7,1.0,22.369166666666658
1994-08-22,26.7,15.6,0.0,23.524166666666662
1994-08-23,27.8,16.7,0.0,26.662777777777777
1994-08-24,30.6,20.6,0.0,33.44940924444435
1994-08-25,32.2,21.1,0.0,34.04386637036451
1994-08-26,28.3,21.7,2.0,34.48061279223114
1994-08-27,31.7,20.6,0.0,33.882145611111156
1994-08-28,26.1,15.0,0.0,32.295115449795645
1994-08-29,25.6,13.3,0.0,23.302222222222216
1994-08-30,20.0,16.1,24.9,21.59555555555555
1994-08-31,21.7,13.9,0.0,19.416111111111118
1994-09-01,19.4,12.8,0.0,17.461388888888887
1994-09-02,20.0,11.7,0.0,19.194166666666664
1994-09-03,20.0,14.4,1.0,18.79916666666667
1994-09-04,18.9,13.3,0.5,19.350833333333338
1994-09-05,18.9,14.4,2.5,19.034166666666675
1994-09-06,25.0,15.6,0.0,23.644444444444446
1994-09-07,25.0,12.8,0.0,24.839166666666664
1994-09-08,26.7,15.6,0.0,26.137777777777778
1994-09-09,28.9,16.7,0.0,25.586111111111116
1994-09-10,30.0,18.9,0.8,24.796666666666667
1994-09-11,30.0,18.9,0.0,24.127500000000005
1994-09-12,30.0,18.9,0.0,28.89326381961784
1994-09-13,31.7,18.3,0.0,31.142940337055492
1994-09-14,32.2,22.8,0.0,34.80727677236455
1994-09-15,32.8,21.7,0.0,34.038157929555396
1994-09-16,30.0,18.9,0.0,30.331079793937747
1994-09-17,23.3,15.6,0.0,26.597499999999993
1994-09-18,25.0,13.9,0.0,22.789722222222224
1994-09-19,28.3,15.0,0.0,24.71833333333333
1994-09-20,29.4,15.0,0.0,28.164564010515555
1994-09-21,28.3,16.1,0.0,26.059444444444452
1994-09-22,23.3,15.6,4.8,23.80111111111111
1994-09-23,21.7,15.0,1.3,19.65111111111112
1994-09-24,20.6,13.9,11.7,19.65111111111112
1994-09-25,22.2,10.0,2.8,20.27083333333334
1994-09-26,16.1,10.6,0.0,15.83361111111111
1994-09-27,15.0,10.6,0.8,15.281944444444443
1994-09-28,17.8,10.0,0.0,16.714444444444446
1994-09-29,20.6,8.3,0.0,16.30638888888889
1994-09-30,29.4,11.7,0.0,22.08194444444444
1994-10-01,17.2,12.8,0.0,18.79916666666667
1994-10-02,16.7,11.1,0.0,14.639444444444443
1994-10-03,16.7,11.1,0.0,14.587222222222225
1994-10-04,15.6,8.9,0.0,14.639444444444443
1994-10-05,16.7,6.7,0.0,16.110555555555557
1994-10-06,24.4,10.0,0.0,22.43722222222222
1994-10-07,24.4,16.1,2.0,23.82722222222223
1994-10-08,19.4,9.4,21.8,23.892500000000002
1994-10-09,14.4,5.6,0.0,13.066111111111114
1994-10-10,14.4,4.4,0.0,12.106944444444446
1994-10-11,16.7,4.4,0.0,14.417499999999999
1994-10-12,18.3,7.2,0.0,20.192500000000003
1994-10-13,18.9,8.9,0.0,15.742222222222226
1994-10-14,18.9,11.7,0.0,16.515277777777783
1994-10-15,18.9,11.1,0.0,15.47777777777778
1994-10-16,24.4,14.4,0.0,19.285555555555554
1994-10-17,26.1,15.0,0.0,24.799999999999997
1994-10-18,20.0,16.1,0.3,23.618333333333336
1994-10-19,23.3,13.3,0.3,22.988888888888887
1994-10-20,18.3,9.4,0.0,19.64138888888889
1994-10-21,22.2,6.7,0.0,20.00972222222223
1994-10-22,22.2,10.0,0.8,20.022777777777776
1994-10-23,15.0,7.2,0.0,19.536944444444444
1994-10-24,11.7,5.0,0.0,12.632499999999997
1994-10-25,6.7,5.0,0.0,8.498333333333331
1994-10-26,11.1,2.2,0.0,9.258888888888887
1994-10-27,15.0,0.6,0.0,13.69611111111111
1994-10-28,17.2,6.1,0.0,15.953888888888887
1994-10-29,17.2,10.6,0.0,16.766666666666666
1994-10-30,16.7,5.6,0.8,16.714444444444446
1994-10-31,10.0,2.2,66.8,12.14611111111111
1994-11-01,12.8,2.8,1.5,10.361666666666665
1994-11-02,17.8,3.9,0.0,16.557777777777776
1994-11-03,21.1,12.2,4.3,21.59555555555555
1994-11-04,18.3,11.7,16.0,20.04611111111111
1994-11-05,17.2,10.6,23.9,17.74861111111111
1994-11-06,14.4,4.4,1.0,14.361944444444443
1994-11-07,14.4,2.8,0.0,13.722222222222223
1994-11-08,17.2,8.3,2.3,16.241111111111113
1994-11-09,10.6,6.7,19.3,15.177500000000002
1994-11-10,10.0,5.6,0.0,8.759444444444442
1994-11-11,13.3,3.3,0.0,11.673333333333334
1994-11-12,11.1,5.0,0.0,11.213055555555552
1994-11-13,18.3,11.1,2.8,17.526666666666667
1994-11-14,16.7,5.6,3.8,17.526666666666667
1994-11-15,8.3,3.3,0.0,9.95361111111111
1994-11-16,10.6,1.7,0.0,10.453055555555556
1994-11-17,11.1,2.8,0.0,8.39055555555556
1994-11-18,11.7,3.3,0.0,10.703888888888887
1994-11-19,8.9,-1.1,0.0,7.894444444444449
1994-11-20,15.0,7.2,2.5,11.069444444444443
1994-11-21,12.2,0.0,4.6,12.17222222222222
1994-11-22,3.3,-3.9,0.0,5.28138888888889
1994-11-23,6.7,-2.2,0.0,5.493055555555554
1994-11-24,9.4,-1.7,0.0,8.025000000000004
1994-11-25,9.4,-0.6,0.0,8.11972222222222
1994-11-26,4.4,1.1,0.0,5.992500000000002
1994-11-27,15.6,2.2,21.3,13.20694444444444
1994-11-28,5.0,0.6,0.0,15.438611111111113
1994-11-29,1.1,-3.9,0.0,2.1977777777777754
1994-11-30,1.1,-5.0,0.0,0.47805555555555657
1994-12-01,11.7,-0.6,0.0,10.283333333333328
1994-12-02,13.9,2.8,7.9,12.515
1994-12-03,11.7,6.7,1.8,11.399166666666668
1994-12-04,13.9,7.8,0.0,9.689722222222224
1994-12-05,11.7,3.9,3.3,10.319166666666668
1994-12-06,3.9,0.6,27.7,6.171944444444443
1994-12-07,2.2,-0.6,7.6,2.063888888888891
1994-12-08,2.8,-1.1,1.8,1.7374999999999987
1994-12-09,1.1,-1.7,2.3,1.2777777777777761
1994-12-10,1.7,-6.1,0.0,0.12277777777777585
1994-12-11,-4.4,-8.9,0.0,-5.101111111111108
1994-12-12,-2.2,-7.2,0.0,-2.895555555555555
1994-12-13,-1.7,-5.6,0.0,-2.4097222222222214
1994-12-14,0.0,-3.3,0.0,-1.6230555555555546
1994-12-15,3.3,-2.2,0.0,2.5633333333333317
1994-12-16,4.4,1.7,8.4,3.718333333333332
1994-12-17,7.8,0.6,0.0,5.806388888888886
1994-12-18,2.2,-4.4,0.0,2.9708333333333314
1994-12-19,1.1,-5.6,0.0,0.6608333333333347
1994-12-20,6.7,0.6,0.0,5.806388888888886
1994-12-21,10.6,-0.6,0.0,6.475555555555559
1994-12-22,11.7,-1.7,0.0,8.233888888888892
1994-12-23,5.6,1.7,0.0,7.735000000000001
1994-12-24,4.4,-2.2,0.0,4.4397222222222235
1994-12-25,11.7,-3.9,0.0,5.623611111111108
1994-12-26,9.4,-3.9,0.0,8.576666666666668
1994-12-27,11.7,-2.2,0.0,9.731666666666667
1994-12-28,6.1,1.1,0.0,8.694166666666668
1994-12-29,2.8,-0.6,0.0,3.088333333333332
1994-12-30,3.9,-4.4,0.0,2.1455555555555526
1994-12-31,2.8,-2.2,3.3,1.6983333333333346
1995-01-01,-2.2,-11.7,1.0,0.9088888888888904
1995-01-02,-6.1,-12.8,0.0,-6.964444444444443
1995-01-03,-7.8,-15.6,0.0,-8.041111111111112
1995-01-04,-13.3,-17.8,0.0,-12.449444444444442
1995-01-05,-6.7,-18.3,0.0,-9.39194444444444
1995-01-06,-2.8,-7.2,6.4,-3.7633333333333323
1995-01-07,-3.3,-10.6,0.0,-3.7633333333333323
1995-01-08,-7.2,-13.3,0.0,-5.731111111111111
1995-01-09,-5.0,-10.6,2.8,-7.777222222222219
1995-01-10,-1.7,-6.7,0.0,-2.6997222222222224
1995-01-11,4.4,-2.8,0.0,1.0133333333333323
1995-01-12,9.4,4.4,0.0,6.540833333333333
1995-01-13,5.0,1.1,31.2,5.5425
1995-01-14,4.4,1.7,25.4,3.179722222222223
1995-01-15,2.2,-0.6,0.0,2.0247222222222225
1995-01-16,1.7,-0.6,0.0,0.8175000000000033
1995-01-17,6.1,-0.6,0.0,5.385833333333336
1995-01-18,6.1,-1.1,1.3,6.028333333333332
1995-01-19,3.9,1.1,26.4,2.74611111111111
1995-01-20,1.7,-3.3,0.0,2.1161111111111097
1995-01-21,-3.3,-6.1,1.0,-2.331388888888889
1995-01-22,-5.6,-7.8,4.8,-6.164722222222221
1995-01-23,-3.3,-8.9,0.0,-3.5647222222222217
1995-01-24,-3.3,-13.3,0.0,-4.233333333333332
1995-01-25,-1.1,-11.7,0.0,-2.01472222222222
1995-01-26,-0.6,-10.6,0.0,-1.384722222222222
1995-01-27,1.1,-7.2,2.8,-1.0713888888888887
1995-01-28,1.1,-5.0,0.0,-0.914722222222222
1995-01-29,-1.1,-4.4,0.0,-2.292222222222221
1995-01-30,1.7,-7.8,0.0,0.3605555555555561
1995-01-31,4.4,-5.6,0.0,3.522500000000003
1995-02-01,6.7,1.7,0.0,2.8272222222222214
1995-02-02,1.7,0.6,0.0,0.7783333333333352
1995-02-03,1.1,-1.7,1.0,-0.5072222222222204
1995-02-04,-1.7,-9.4,0.0,0.044444444444443496
1995-02-05,-9.4,-15.0,0.0,-8.328333333333333
1995-02-06,-6.7,-14.4,0.0,-9.128055555555555
1995-02-07,-6.1,-11.1,0.0,-8.197777777777778
1995-02-08,-6.1,-13.3,0.0,-9.128055555555555
1995-02-09,2.2,-9.4,0.0,1.1341666666666663
1995-02-10,4.4,-8.9,0.0,2.3022222222222215
1995-02-11,-8.9,-16.7,0.0,-6.543333333333333
1995-02-12,-7.8,-17.2,0.0,-10.690555555555555
1995-02-13,-3.3,-10.0,0.0,-6.148888888888887
1995-02-14,-0.6,-11.7,0.0,-3.8127777777777774
1995-02-15,3.3,-3.3,0.8,1.9333333333333356
1995-02-16,1.7,-6.1,0.0,1.1733333333333344
1995-02-17,8.9,-7.2,0.0,7.082222222222221
1995-02-18,13.9,-1.7,0.0,11.702222222222222
1995-02-19,7.8,0.0,0.0,9.483611111111113
1995-02-20,11.1,-0.6,0.0,7.972777777777777
1995-02-21,0.6,-3.3,0.0,3.4963888888888897
1995-02-22,11.1,-2.2,0.0,8.524444444444445
1995-02-23,10.6,0.6,0.8,8.576666666666668
1995-02-24,3.9,-2.2,0.0,3.852222222222221
1995-02-25,10.0,0.6,0.0,4.048055555555558
1995-02-26,0.6,-2.2,13.2,1.8549999999999993
1995-02-27,1.1,0.0,9.7,-0.24611111111110992
1995-02-28,1.1,-3.9,0.0,-0.2983333333333328
1995-03-01,-3.9,-10.6,0.0,2.171666666666666
1995-03-02,-2.2,-11.1,0.0,-5.414444444444442
1995-03-03,1.1,-10.0,0.0,-1.0163888888888886
1995-03-04,6.7,-5.6,0.0,2.1455555555555526
1995-03-05,3.3,0.0,5.3,2.4849999999999994
1995-03-06,2.2,0.6,0.5,2.524166666666664
1995-03-07,2.8,-3.3,17.8,0.43611111111110923
1995-03-08,-0.6,-6.1,0.0,-2.292222222222221
1995-03-09,1.1,-8.3,0.0,-0.7422222222222215
1995-03-10,11.1,-1.1,0.0,9.78388888888889
1995-03-11,17.2,4.4,0.0,16.623055555555553
1995-03-12,21.1,6.7,0.0,18.75027777777778
1995-03-13,22.8,11.1,0.0,20.691944444444445
1995-03-14,24.4,10.0,0.0,15.007777777777777
1995-03-15,22.8,8.9,0.0,12.14611111111111
1995-03-16,20.0,5.0,0.0,10.544444444444439
1995-03-17,9.4,3.3,0.0,6.028333333333332
1995-03-18,18.9,3.3,0.8,8.694166666666668
1995-03-19,13.3,6.7,0.5,12.17222222222222
1995-03-20,15.0,5.0,9.4,14.23138888888889
1995-03-21,11.1,2.2,0.0,9.180555555555559
1995-03-22,8.3,1.1,1.5,8.524444444444445
1995-03-23,5.6,1.1,1.3,2.9708333333333314
1995-03-24,10.0,-2.2,0.0,4.65138888888889
1995-03-25,14.4,-0.6,0.0,7.382499999999999
1995-03-26,10.0,5.0,0.3,6.227500000000003
1995-03-27,8.3,3.9,15.0,5.307500000000004
1995-03-28,6.1,4.4,1.8,5.594722222222227
1995-03-29,6.1,3.3,0.0,4.716666666666668
1995-03-30,8.3,2.8,0.0,3.6008333333333318
1995-03-31,5.6,0.6,0.0,4.087222222222222
1995-04-01,7.8,-1.1,0.3,5.545277777777776
1995-04-02,12.8,2.2,0.0,6.136111111111112
1995-04-03,16.7,8.3,1.8,14.838055555555558
1995-04-04,8.3,-5.0,0.0,14.378333333333334
1995-04-05,10.0,-5.0,0.0,7.134444444444444
1995-04-06,19.4,4.4,0.0,16.913055555555555
1995-04-07,10.6,3.3,1.0,5.741111111111109
1995-04-08,9.4,5.0,0.0,4.9255555555555555
1995-04-09,6.7,1.7,30.0,3.809722222222223
1995-04-10,5.6,0.0,16.5,3.522500000000003
1995-04-11,15.6,3.9,11.4,7.946666666666668
1995-04-12,6.7,3.3,1.3,13.784166666666668
1995-04-13,15.6,3.9,0.0,14.143333333333333
1995-04-14,10.0,2.8,0.0,13.526388888888887
1995-04-15,15.0,3.9,0.0,8.759444444444442
1995-04-16,17.2,7.8,0.0,9.454722222222223
1995-04-17,15.0,6.1,1.3,7.6305555555555555
1995-04-18,24.4,7.8,15.5,23.119444444444444
1995-04-19,12.2,6.7,0.0,18.38138888888889
1995-04-20,9.4,5.0,1.3,6.961388888888891
1995-04-21,10.6,6.7,0.8,10.544444444444439
1995-04-22,15.0,6.1,0.0,9.653333333333336
1995-04-23,10.6,5.6,0.0,9.154444444444445
1995-04-24,16.7,2.2,1.3,14.720555555555556
1995-04-25,14.4,3.9,0.0,14.720555555555556
1995-04-26,12.8,10.0,19.6,12.459444444444443
1995-04-27,12.8,7.2,9.7,9.376388888888888
1995-04-28,17.8,6.1,0.0,16.492499999999996
1995-04-29,16.7,6.7,2.0,15.901666666666667
1995-04-30,10.0,5.0,5.3,7.15722222222222
1995-05-01,11.7,3.9,0.0,6.84388888888889
1995-05-02,15.6,7.2,0.0,14.352222222222224
1995-05-03,15.6,5.0,0.0,14.851111111111111
1995-05-04,12.2,9.4,2.3,11.950277777777778
1995-05-05,21.7,6.7,0.0,20.75722222222222
1995-05-06,21.7,6.7,0.0,20.718055555555566
1995-05-07,23.9,11.7,0.0,23.618333333333336
1995-05-08,19.4,10.0,10.4,12.82833333333333
1995-05-09,22.2,10.0,12.4,13.536111111111113
1995-05-10,16.1,10.0,1.5,14.23138888888889
1995-05-11,18.3,10.6,0.0,14.678611111111113
1995-05-12,22.2,10.0,0.0,20.075000000000003
1995-05-13,18.3,13.9,4.1,18.985277777777778
1995-05-14,21.1,14.4,0.0,20.21861111111112
1995-05-15,23.3,9.4,0.0,19.70666666666667
1995-05-16,25.0,14.4,5.6,24.45722222222222
1995-05-17,18.3,10.6,0.5,23.393611111111106
1995-05-18,12.8,7.8,2.8,10.018888888888892
1995-05-19,24.4,7.2,0.0,22.832222222222214
1995-05-20,25.0,13.3,0.0,23.4225
1995-05-21,22.2,12.2,0.0,21.112499999999997
1995-05-22,25.0,9.4,0.0,19.12888888888889
1995-05-23,21.7,10.6,35.8,21.72611111111111
1995-05-24,12.8,9.4,14.0,11.421944444444444
1995-05-25,16.7,8.9,4.6,13.037222222222221
1995-05-26,18.9,8.9,0.0,14.022499999999999
1995-05-27,20.0,12.8,6.9,15.281944444444443
1995-05-28,23.9,14.4,5.1,23.276111111111106
1995-05-29,20.0,12.2,0.0,19.050555555555555
1995-05-30,26.1,12.2,0.0,19.85027777777778
1995-05-31,27.8,14.4,0.0,22.58083333333333
1995-06-01,25.6,18.3,0.0,21.56944444444444
1995-06-02,23.3,15.6,13.0,20.085277777777783
1995-06-03,23.3,15.6,0.0,20.006944444444443
1995-06-04,25.6,14.4,0.0,20.44055555555556
1995-06-05,25.6,15.6,0.0,21.56944444444444
1995-06-06,30.0,17.2,3.6,29.31698503179564
1995-06-07,32.2,11.1,3.0,32.1730718510555
1995-06-08,13.9,10.0,0.0,16.671944444444446
1995-06-09,20.6,12.8,0.8,14.822222222222223
1995-06-10,28.3,12.2,1.3,27.889095839271207
1995-06-11,18.3,12.8,0.0,26.414722222222217
1995-06-12,21.7,12.8,0.0,17.200277777777774
1995-06-13,27.2,11.7,0.0,21.3475
1995-06-14,29.4,17.2,0.0,24.982777777777773
1995-06-15,30.6,17.2,0.0,23.775000000000002
1995-06-16,31.7,18.9,0.0,29.402773219944436
1995-06-17,32.2,20.0,0.0,30.969506764337805
1995-06-18,32.8,22.2,0.0,31.348378167197765
1995-06-19,33.9,22.2,0.0,33.00355238343117
1995-06-20,35.6,25.6,0.0,31.846529894604444
1995-06-21,31.1,23.3,0.0,27.709960147697913
1995-06-22,32.8,21.1,0.0,27.889095839271207
1995-06-23,32.8,22.2,0.0,28.181459693315517
1995-06-24,33.3,21.1,0.0,28.181459693315517
1995-06-25,31.1,20.6,0.0,25.768888888888892
1995-06-26,27.8,20.6,2.0,24.71833333333333
1995-06-27,26.7,20.0,42.9,25.768888888888892
1995-06-28,28.9,20.6,3.6,25.808055555555555
1995-06-29,30.0,19.4,0.0,29.66075088801562
1995-06-30,27.8,18.9,0.0,25.99416666666667
1995-07-01,25.0,15.6,0.0,24.799999999999997
1995-07-02,25.6,13.9,0.0,22.48944444444444
1995-07-03,28.3,17.2,0.0,26.532222222222217
1995-07-04,30.0,20.6,7.1,30.28317007140459
1995-07-05,30.6,19.4,2.3,30.549454376151076
1995-07-06,27.2,20.6,0.0,25.703611111111115
1995-07-07,27.2,17.2,0.0,24.248333333333335
1995-07-08,28.9,15.6,0.0,23.85333333333334
1995-07-09,29.4,18.9,1.0,25.586111111111116
1995-07-10,32.2,17.8,0.0,34.038157929555396
1995-07-11,32.2,22.8,0.0,29.927305577777776
1995-07-12,36.7,24.4,0.0,35.75535508329567
1995-07-13,41.1,27.2,0.0,45.18423812307555
1995-07-14,38.9,28.9,0.0,43.37220508428453
1995-07-15,37.2,25.0,11.9,42.400736190204526
1995-07-16,34.4,24.4,0.0,34.906951803991234
1995-07-17,31.7,22.8,0.0,32.1730718510555
1995-07-18,31.1,20.0,0.0,24.473611111111115
1995-07-19,32.2,20.0,0.0,29.933376361715634
1995-07-20,26.7,21.7,8.1,28.572364773137767
1995-07-21,29.4,21.1,0.0,25.612222222222226
1995-07-22,31.7,21.7,4.8,25.139444444444447
1995-07-23,29.4,21.1,1.0,32.25745578348452
1995-07-24,32.2,22.8,0.0,35.16284580556445
1995-07-25,34.4,22.2,0.0,31.258456716495616
1995-07-26,30.6,21.7,6.4,30.331079793937747
1995-07-27,33.3,22.2,6.6,33.19595416537561
1995-07-28,32.2,23.3,0.8,33.59052070244432
1995-07-29,35.0,22.8,0.0,30.580698436291087
1995-07-30,35.6,24.4,0.0,35.03801755555546
1995-07-31,35.0,25.6,0.0,35.42378898123564
1995-08-01,29.4,22.8,6.6,32.78368005370444
1995-08-02,28.9,22.2,17.0,25.37444444444445
1995-08-03,26.1,22.8,12.2,25.873333333333335
1995-08-04,29.4,22.8,0.0,29.578584348391068
1995-08-05,30.0,22.2,0.0,30.335131654824472
1995-08-06,31.1,23.3,0.0,30.580698436291087
1995-08-07,30.0,23.9,0.0,30.962878330124468
1995-08-08,31.1,22.8,0.0,30.580698436291087
1995-08-09,27.8,22.2,0.0,26.542500000000004
1995-08-10,32.8,22.8,0.0,32.25272841111113
1995-08-11,35.0,23.9,0.0,36.251057508735634
1995-08-12,37.8,25.0,0.0,38.9300934206755
1995-08-13,37.2,27.2,0.0,38.288741326417735
1995-08-14,36.7,26.7,0.0,39.554438450015674
1995-08-15,30.6,22.2,16.3,36.60358037643559
1995-08-16,33.9,24.4,9.1,32.69051061163565
1995-08-17,33.3,23.3,1.0,30.403401525635665
1995-08-18,31.7,25.0,0.0,29.238780802115727
1995-08-19,32.8,23.9,0.3,24.901111111111113
1995-08-20,29.4,22.2,0.0,26.333611111111118
1995-08-21,33.3,19.4,0.0,26.26833333333334
1995-08-22,27.2,20.6,0.0,25.416388888888896
1995-08-23,32.8,18.9,0.0,30.03528856946448
1995-08-24,30.0,22.2,0.0,29.689165055555495
1995-08-25,31.7,22.2,0.0,29.578584348391068
1995-08-26,33.3,21.1,0.0,31.55937428402463
1995-08-27,32.2,23.9,0.0,26.425000000000004
1995-08-28,29.4,21.7,2.5,29.321357301004404
1995-08-29,32.8,23.9,0.0,30.28317007140459
1995-08-30,33.9,25.0,0.0,28.462999170631267
1995-08-31,32.2,23.3,0.0,31.229195675431228
1995-09-01,27.8,18.9,0.0,24.613888888888894
1995-09-02,28.3,15.6,0.0,26.762939877617825
1995-09-03,30.0,17.2,0.0,26.21611111111112
1995-09-04,31.7,19.4,0.0,29.66075088801562
1995-09-05,32.8,20.0,0.0,29.533732750551167
1995-09-06,30.6,21.1,0.0,28.246993170957833
1995-09-07,22.2,16.1,8.6,23.74888888888889
1995-09-08,18.9,14.4,0.0,18.300277777777776
1995-09-09,21.7,12.2,0.0,19.050555555555555
1995-09-10,19.4,12.8,0.0,17.86944444444444
1995-09-11,23.3,11.7,0.0,20.10111111111112
1995-09-12,26.1,16.1,0.0,21.42583333333333
1995-09-13,30.6,18.9,0.0,28.41927290529559
1995-09-14,27.8,17.2,0.0,26.636666666666667
1995-09-15,25.6,13.9,0.0,20.979166666666675
1995-09-16,31.1,17.2,0.0,28.492831757884485
1995-09-17,21.7,13.3,0.0,26.190000000000005
1995-09-18,21.1,9.4,0.0,17.343888888888884
1995-09-19,22.2,13.9,0.5,20.32305555555556
1995-09-20,17.2,11.7,0.0,18.300277777777776
1995-09-21,11.7,6.1,5.1,13.731944444444444
1995-09-22,11.7,3.9,0.0,9.627222222222223
1995-09-23,14.4,2.2,0.0,11.976388888888891
1995-09-24,17.8,6.7,0.0,14.851111111111111
1995-09-25,22.2,9.4,0.0,18.906944444444445
1995-09-26,25.6,10.0,0.0,22.871388888888887
1995-09-27,28.3,13.9,0.0,21.334444444444436
1995-09-28,28.9,14.4,0.0,23.696666666666665
1995-09-29,28.3,15.6,0.0,25.259722222222223
1995-09-30,30.6,19.4,0.0,27.67166112575778
1995-10-01,25.6,15.6,0.0,25.377222222222223
1995-10-02,27.8,11.7,0.0,21.886111111111102
1995-10-03,21.7,13.3,2.5,18.629444444444445
1995-10-04,21.1,10.6,0.0,17.106111111111108
1995-10-05,16.7,13.3,1.3,15.47777777777778
1995-10-06,19.4,12.8,17.8,17.500555555555554
1995-10-07,12.8,8.9,0.0,13.536111111111113
1995-10-08,18.3,8.9,0.0,15.624722222222225
1995-10-09,24.4,11.7,0.0,22.46333333333333
1995-10-10,22.8,9.4,0.0,20.192500000000003
1995-10-11,27.8,10.0,0.0,25.272777777777776
1995-10-12,29.4,13.9,0.0,26.908509560871103
1995-10-13,30.0,12.2,2.5,27.0707745991356
1995-10-14,12.2,6.7,1.5,25.298888888888897
1995-10-15,13.9,3.9,0.0,11.91111111111111
1995-10-16,16.1,3.9,0.0,14.143333333333333
1995-10-17,25.0,7.8,0.0,22.753888888888884
1995-10-18,17.8,12.8,0.0,21.611944444444436
1995-10-19,27.2,10.6,15.0,25.272777777777776
1995-10-20,10.6,5.6,14.7,19.85027777777778
1995-10-21,5.6,2.8,2.5,6.619166666666668
1995-10-22,17.2,2.8,0.0,15.468055555555557
1995-10-23,22.8,10.0,3.8,20.796388888888895
1995-10-24,10.0,2.8,0.0,19.549999999999997
1995-10-25,16.7,1.7,0.0,14.77277777777778
1995-10-26,18.3,6.7,5.6,16.084444444444443
1995-10-27,15.0,9.4,6.6,14.587222222222225
1995-10-28,11.7,5.6,4.1,10.57055555555555
1995-10-29,12.2,3.3,0.8,10.769166666666665
1995-10-30,8.9,5.6,10.2,9.705555555555556
1995-10-31,10.6,5.6,4.1,7.326944444444447
1995-11-01,17.8,10.6,16.8,16.515277777777783
1995-11-02,16.7,-0.6,6.1,16.14694444444445
1995-11-03,0.6,-2.8,0.0,3.6400000000000037
1995-11-04,0.6,-5.6,0.0,-1.149722222222221
1995-11-05,3.9,-6.1,0.0,2.263055555555553
1995-11-06,11.1,-0.6,1.3,9.180555555555559
1995-11-07,7.2,0.6,0.0,
1995-11-08,0.6,-5.0,0.0,-2.331388888888889
1995-11-09,9.4,-6.7,0.0,3.995833333333331
1995-11-10,13.3,4.4,88.6,11.91111111111111
1995-11-11,4.4,-7.8,19.8,5.6861111111111144
1995-11-12,-1.7,-7.8,0.0,-2.830277777777778
1995-11-13,0.0,-3.9,0.0,-0.9538888888888882
1995-11-14,3.3,-5.6,0.0,0.47805555555555657
1995-11-15,1.7,-5.0,0.0,-0.17750000000000277
1995-11-16,3.3,-0.6,0.0,1.633055555555553
1995-11-17,3.9,1.7,0.8,2.524166666666664
1995-11-18,3.9,2.2,0.0,3.0491666666666677
1995-11-19,9.4,0.0,0.0,7.6305555555555555
1995-11-20,12.2,2.2,0.0,10.139722222222218
1995-11-21,2.2,-3.9,0.0,6.72638888888889
1995-11-22,2.8,-6.1,0.0,1.5416666666666659
1995-11-23,1.1,-5.0,0.0,1.6069444444444434
1995-11-24,2.2,-7.8,0.0,0.11250000000000032
1995-11-25,8.9,0.6,0.0,5.6758333333333315
1995-11-26,11.1,3.3,0.0,9.154444444444445
1995-11-27,7.2,-2.2,9.9,5.069166666666665
1995-11-28,-1.1,-7.2,0.0,0.38388888888888634
1995-11-29,0.6,-7.8,0.0,-1.149722222222221
1995-11-30,10.0,-3.3,0.0,7.4738888888888875
1995-12-01,10.6,0.0,0.0,8.576666666666668
1995-12-02,14.4,0.0,0.0,7.52611111111111
1995-12-03,15.0,2.8,0.0,12.341944444444444
1995-12-04,6.7,0.6,0.0,8.524444444444445
1995-12-05,7.8,-2.8,1.0,6.371111111111113
1995-12-06,0.6,-3.9,0.0,-1.0555555555555547
1995-12-07,0.0,-6.7,0.0,-2.0930555555555546
1995-12-08,-1.1,-14.4,4.3,-2.934722222222222
1995-12-09,-14.4,-18.9,0.0,-3.7633333333333323
1995-12-10,-8.9,-16.7,0.0,-11.398888888888889
1995-12-11,-12.2,-16.7,2.3,-11.780277777777776
1995-12-12,-5.0,-12.8,0.3,-5.731111111111111
1995-12-13,4.4,-6.1,2.3,-2.5038888888888877
1995-12-14,10.0,0.0,0.0,5.242222222222226
1995-12-15,5.0,-0.6,0.0,1.4475000000000036
1995-12-16,2.8,-5.0,0.0,2.2369444444444437
1995-12-17,2.2,-2.8,0.0,0.20111111111110822
1995-12-18,2.2,0.6,0.0,0.7391666666666671
1995-12-19,1.7,-1.7,0.0,0.29249999999999926
1995-12-20,-0.6,-4.4,0.0,-0.5463888888888886
1995-12-21,0.0,-6.1,0.0,-2.6997222222222224
1995-12-22,-2.2,-7.2,0.0,-3.447222222222221
1995-12-23,-1.1,-3.9,0.0,-2.331388888888889
1995-12-24,-1.1,-5.0,0.0,-2.331388888888889
1995-12-25,-0.6,-8.9,0.0,-3.156666666666668
1995-12-26,-0.6,-8.9,0.3,-2.6083333333333334
1995-12-27,-0.6,-7.2,0.3,-2.895555555555555
1995-12-28,0.6,-8.3,0.0,-1.9886111111111089
1995-12-29,2.8,-8.9,0.0,0.32138888888889183
1995-12-30,2.8,-5.6,2.5,0.6608333333333347
1995-12-31,2.2,0.6,0.5,0.8697222222222223
1996-01-01,4.4,1.1,0.0,1.4475000000000036
1996-01-02,1.1,-5.0,0.0,0.38388888888888634
1996-01-03,-1.1,-7.2,0.0,-3.946111111111108
1996-01-04,-3.9,-7.8,0.8,-5.101111111111108
1996-01-05,-5.0,-9.4,0.0,-5.179444444444442
1996-01-06,-3.9,-9.4,0.0,-5.140277777777777
1996-01-07,-3.9,-9.4,1.0,-5.140277777777777
1996-01-08,-4.4,-15.0,0.0,-5.913888888888888
1996-01-09,0.0,-4.4,0.0,-1.7013888888888888
1996-01-10,-0.6,-8.9,0.0,-1.7405555555555532
1996-01-11,-2.2,-3.9,8.1,-3.408055555555557
1996-01-12,-0.6,-3.3,0.0,-2.0702777777777768
1996-01-13,6.7,-5.6,0.0,5.741111111111109
1996-01-14,9.4,-0.6,0.0,6.804722222222222
1996-01-15,-0.6,-5.6,0.0,0.7783333333333352
1996-01-16,7.2,-5.6,0.0,3.6008333333333318
1996-01-17,13.9,5.0,3.8,10.844722222222222
1996-01-18,16.1,-10.6,16.5,13.496944444444445
1996-01-19,-10.0,-14.4,0.0,-0.33749999999999897
1996-01-20,-4.4,-13.3,0.0,-6.451944444444446
1996-01-21,2.2,-7.8,0.0,0.0836111111111077
1996-01-22,7.2,0.6,0.0,5.242222222222226
1996-01-23,3.3,-0.6,2.3,3.6008333333333318
1996-01-24,-0.6,-10.6,0.0,1.0133333333333323
1996-01-25,2.2,-12.2,0.0,-1.7797222222222213
1996-01-26,7.8,-6.1,7.9,1.815833333333335
1996-01-27,-5.0,-11.7,0.3,4.191666666666667
1996-01-28,0.6,-12.8,0.0,-2.999999999999999
1996-01-29,1.1,-14.4,2.0,-0.2983333333333328
1996-01-30,-12.8,-17.8,0.0,-13.499999999999998
1996-01-31,-13.9,-22.8,0.0,-15.744722222222228
1996-02-01,-10.0,-20.6,0.0,-12.974999999999998
1996-02-02,-18.9,-25.6,0.0,-17.7125
1996-02-03,-18.3,-27.2,0.0,-20.665555555555557
1996-02-04,-15.0,-24.4,0.0,-17.05638888888889
1996-02-05,-3.9,-16.7,0.0,-5.518888888888887
1996-02-06,2.2,-13.3,0.0,0.3605555555555561
1996-02-07,8.3,0.0,0.8,6.87
1996-02-08,8.9,2.2,2.0,7.000555555555555
1996-02-09,10.0,-0.6,0.0,8.064166666666669
1996-02-10,13.9,2.8,0.0,11.60805555555556
1996-02-11,3.3,-2.2,0.0,3.995833333333331
1996-02-12,-1.7,-6.1,0.0,-0.7813888888888896
1996-02-13,3.3,-6.1,0.0,1.7374999999999987
1996-02-14,1.1,-3.9,0.0,2.0672222222222203
1996-02-15,0.0,-6.7,0.5,-1.8711111111111083
1996-02-16,-2.2,-7.2,0.0,-3.447222222222221
1996-02-17,-1.1,-7.2,0.5,-2.895555555555555
1996-02-18,-1.1,-11.7,0.5,-3.1305555555555546
1996-02-19,10.0,-3.3,0.0,7.842222222222222
1996-02-20,13.3,1.7,0.0,10.769166666666665
1996-02-21,2.2,0.0,0.0,9.653333333333336
1996-02-22,4.4,1.1,0.0,0.43611111111110923
1996-02-23,16.1,3.9,0.0,11.51333333333333
1996-02-24,16.1,2.2,0.0,14.104166666666668
1996-02-25,15.6,3.9,0.0,13.617777777777778
1996-02-26,10.0,5.6,1.0,6.935277777777777
1996-02-27,13.3,-2.2,8.9,11.960555555555556
1996-02-28,-2.2,-8.9,0.0,3.5616666666666674
1996-02-29,-3.3,-11.1,0.0,-5.571111111111111
1996-03-01,3.9,-8.9,0.0,1.4633333333333336
1996-03-02,-0.6,-15.6,0.0,1.0166666666666657
1996-03-03,-2.8,-16.7,0.0,-5.688611111111111
1996-03-04,4.4,-9.4,0.5,2.396388888888888
1996-03-05,3.3,0.0,11.9,0.5825000000000023
1996-03-06,0.6,-10.0,9.9,-0.8755555555555559
1996-03-07,-6.1,-13.3,3.6,-6.65111111111111
1996-03-08,-8.3,-16.1,0.0,-10.625277777777779
1996-03-09,-1.1,-12.2,0.0,-3.695277777777777
1996-03-10,3.9,-8.3,0.0,2.0672222222222203
1996-03-11,7.8,-1.1,0.0,5.571388888888886
1996-03-12,12.2,2.8,0.0,9.561944444444444
1996-03-13,16.1,2.8,0.0,12.515
1996-03-14,18.9,5.0,0.0,11.54277777777778
1996-03-15,12.2,1.1,0.0,10.257222222222218
1996-03-16,5.6,0.0,0.0,1.8941666666666634
1996-03-17,2.2,-1.1,0.8,0.7391666666666671
1996-03-18,10.0,-2.2,0.0,4.690555555555554
1996-03-19,4.4,1.1,0.0,1.7374999999999987
1996-03-20,1.7,-1.7,0.0,1.815833333333335
1996-03-21,3.9,-5.0,0.0,-1.7013888888888888
1996-03-22,8.3,-2.8,0.0,4.063888888888887
1996-03-23,12.8,-2.8,0.0,4.048055555555558
1996-03-24,18.3,4.4,12.7,15.376666666666669
1996-03-25,13.3,-8.3,0.8,13.617777777777778
1996-03-26,-2.8,-8.9,0.0,-4.654444444444445
1996-03-27,3.3,-9.4,0.0,-0.6899999999999985
1996-03-28,6.7,1.1,0.0,1.7374999999999987
1996-03-29,9.4,2.2,0.0,3.5616666666666674
1996-03-30,11.7,2.8,0.0,5.780277777777777
1996-03-31,7.8,1.7,3.0,6.87
1996-04-01,6.7,0.0,0.0,2.7358333333333302
1996-04-02,17.8,2.2,0.0,15.376666666666669
1996-04-03,24.4,5.0,0.0,14.759722222222223
1996-04-04,5.0,0.0,1.8,6.501666666666669
1996-04-05,4.4,-1.7,0.0,1.1080555555555567
1996-04-06,6.1,-2.2,0.0,1.5677777777777793
1996-04-07,4.4,-1.1,0.0,1.0427777777777791
1996-04-08,5.6,-3.9,0.0,1.1733333333333344
1996-04-09,8.9,-1.7,0.0,4.546944444444445
1996-04-10,17.8,-0.6,0.0,10.534166666666664
1996-04-11,28.3,7.8,0.0,25.142222222222223
1996-04-12,20.6,6.1,6.9,23.4225
1996-04-13,10.0,1.7,0.0,6.028333333333332
1996-04-14,8.3,1.1,4.1,2.4849999999999994
1996-04-15,7.8,3.3,11.4,5.385833333333336
1996-04-16,11.7,2.8,1.3,10.257222222222218
1996-04-17,20.0,2.2,0.0,18.828611111111115
1996-04-18,25.6,12.2,5.1,22.43722222222222
1996-04-19,24.4,11.1,22.9,21.08638888888889
1996-04-20,15.6,8.9,0.0,14.352222222222224
1996-04-21,19.4,6.1,2.5,10.951944444444443
1996-04-22,17.2,6.7,9.7,13.392500000000004
1996-04-23,10.6,3.9,0.0,6.658333333333333
1996-04-24,21.1,5.6,0.0,18.250833333333333
1996-04-25,21.1,13.3,5.8,19.680555555555557
1996-04-26,13.3,3.9,0.0,16.13666666666667
1996-04-27,16.1,2.2,0.0,8.919444444444444
1996-04-28,12.2,6.1,2.5,7.865555555555556
1996-04-29,7.8,2.8,13.2,6.080555555555552
1996-04-30,12.8,2.8,0.0,10.703888888888887
1996-05-01,17.8,6.7,0.0,14.655277777777778
1996-05-02,20.0,5.6,0.0,17.569166666666668
1996-05-03,19.4,7.2,4.1,16.453333333333333
1996-05-04,13.3,6.7,0.0,8.863888888888887
1996-05-05,14.4,6.7,1.3,10.648888888888884
1996-05-06,13.3,5.6,0.0,7.695833333333329
1996-05-07,15.0,8.9,1.0,9.979722222222225
1996-05-08,21.7,9.4,0.3,18.378611111111113
1996-05-09,24.4,10.0,26.2,20.649444444444452
1996-05-10,21.1,4.4,13.5,19.533611111111117
1996-05-11,11.7,4.4,0.0,7.34333333333333
1996-05-12,10.6,4.4,0.0,7.251944444444444
1996-05-13,15.0,3.3,1.3,12.71083333333333
1996-05-14,15.0,4.4,1.5,13.10527777777778
1996-05-15,17.2,10.0,0.0,11.291388888888886
1996-05-16,15.0,11.7,13.0,10.319166666666668
1996-05-17,31.7,12.8,0.0,31.557488575164523
1996-05-18,33.9,22.8,0.0,31.557488575164523
1996-05-19,34.4,22.8,0.0,32.738868010835645
1996-05-20,26.1,13.9,10.7,31.399100778951137
1996-05-21,26.7,13.3,0.0,24.708611111111118
1996-05-22,28.9,13.9,0.0,26.330451283057805
1996-05-23,20.6,9.4,8.4,25.811388888888896
1996-05-24,14.4,10.0,10.2,11.421944444444444
1996-05-25,16.7,10.6,4.8,11.069444444444443
1996-05-26,16.7,10.6,1.0,11.777777777777779
1996-05-27,13.3,10.0,12.4,10.214722222222221
1996-05-28,15.6,11.1,48.0,12.576944444444443
1996-05-29,16.7,7.2,0.0,11.004166666666661
1996-05-30,19.4,6.1,0.0,12.71083333333333
1996-05-31,25.0,8.3,0.0,16.91027777777777
1996-06-01,24.4,13.9,15.0,21.135833333333334
1996-06-02,27.2,15.6,3.3,25.94194444444445
1996-06-03,21.7,12.8,0.0,24.839166666666664
1996-06-04,17.2,13.3,14.5,17.369999999999997
1996-06-05,25.0,11.1,0.0,22.385000000000005
1996-06-06,23.9,15.6,5.6,23.393611111111106
1996-06-07,17.2,10.6,0.5,20.16361111111111
1996-06-08,18.9,8.9,0.0,11.421944444444444
1996-06-09,16.7,13.3,7.6,11.51333333333333
1996-06-10,22.8,13.3,1.8,15.386388888888884
1996-06-11,22.2,13.3,0.0,14.86138888888889
1996-06-12,26.7,13.3,0.0,19.350833333333338
1996-06-13,32.2,18.3,0.0,31.348378167197765
1996-06-14,30.0,20.0,1.0,30.69185234155549
1996-06-15,28.9,16.7,0.0,19.785
1996-06-16,32.8,16.1,3.8,21.436111111111117
1996-06-17,30.6,21.7,80.3,24.127500000000005
1996-06-18,27.2,21.1,0.0,24.049166666666665
1996-06-19,26.7,18.9,1.5,17.18444444444444
1996-06-20,29.4,18.9,0.0,23.892500000000002
1996-06-21,30.6,22.2,0.0,32.25745578348452
1996-06-22,28.3,17.8,0.0,33.03359425555552
1996-06-23,27.2,16.1,1.3,19.87638888888889
1996-06-24,27.2,15.6,2.5,25.703611111111115
1996-06-25,23.3,15.0,0.0,19.194166666666664
1996-06-26,30.6,15.0,0.0,23.354444444444443
1996-06-27,32.8,19.4,0.0,30.255147576975546
1996-06-28,34.4,21.1,0.0,32.86198896473778
1996-06-29,34.4,22.8,0.0,34.610924747271106
1996-06-30,33.3,25.0,0.0,34.492084111084516
1996-07-01,29.4,20.6,0.0,
1996-07-02,28.9,18.9,0.0,29.232366431555484
1996-07-03,23.9,16.7,0.0,
1996-07-04,25.6,13.3,0.0,22.830555555555556
1996-07-05,30.6,15.0,0.0,
1996-07-06,32.8,18.3,0.0,18.99611111111112
1996-07-07,33.3,21.1,0.0,29.90886722755556
1996-07-08,30.6,17.2,0.0,
1996-07-09,21.1,15.6,0.0,
1996-07-10,23.9,13.9,0.0,15.976666666666663
1996-07-11,28.9,14.4,0.0,
1996-07-12,29.4,19.4,0.0,
1996-07-13,29.4,20.0,0.0,26.965124885777826
1996-07-14,26.1,17.8,0.0,20.97861111111111
1996-07-15,29.4,17.8,0.8,27.939517511555696
1996-07-16,32.8,18.9,0.0,21.096111111111114
1996-07-17,30.0,20.6,145.3,
1996-07-18,31.7,20.6,59.9,23.405000000000012
1996-07-19,27.8,16.7,0.0,
1996-07-20,21.7,16.7,0.0,
1996-07-21,18.9,14.4,5.8,15.083333333333336
1996-07-22,26.1,13.9,0.0,
1996-07-23,27.8,16.7,0.0,20.255000000000003
1996-07-24,27.2,18.9,9.4,
1996-07-25,25.6,16.7,0.0,
1996-07-26,26.7,15.6,0.0,19.06138888888889
1996-07-27,26.1,16.7,3.8,
1996-07-28,25.0,18.3,10.9,20.33333333333333
1996-07-29,26.7,19.4,0.0,
1996-07-30,24.4,17.8,25.4,19.28333333333334
1996-07-31,23.9,15.6,0.0,22.921944444444446
1996-08-01,24.4,15.0,0.0,16.948333333333334
1996-08-02,25.0,16.7,0.0,24.024166666666673
1996-08-03,26.7,16.1,0.0,24.982777777777773
1996-08-04,29.4,20.0,0.0,
1996-08-05,32.2,22.2,0.0,32.72727353155561
1996-08-06,33.9,23.3,0.0,36.775126332444664
1996-08-07,34.4,22.8,8.1,
1996-08-08,29.4,20.6,7.1,27.297443267111174
1996-08-09,27.2,17.2,0.0,
1996-08-10,24.4,18.9,0.0,20.913333333333338
1996-08-11,25.0,19.4,0.0,22.08083333333333
1996-08-12,28.3,17.2,0.0,18.07666666666667
1996-08-13,29.4,19.4,0.0,
1996-08-14,30.6,20.0,0.0,22.211388888888887
1996-08-15,25.6,17.8,0.0,
1996-08-16,25.6,17.8,0.0,22.974166666666672
1996-08-17,27.2,17.8,0.0,20.111388888888893
1996-08-18,26.7,19.4,1.5,
1996-08-19,31.1,21.1,0.0,
1996-08-20,31.1,23.3,0.0,24.389722222222222
1996-08-21,31.1,22.2,0.0,
1996-08-22,32.2,21.1,2.5,
1996-08-23,25.0,17.2,0.0,
1996-08-24,28.3,16.1,0.0,25.021944444444447
1996-08-25,28.9,17.2,0.0,27.66945627244443
1996-08-26,29.4,17.2,0.0,
1996-08-27,26.7,18.9,0.0,22.211388888888887
1996-08-28,25.6,18.3,0.0,23.143888888888892
1996-08-29,25.6,18.3,0.0,22.08083333333333
1996-08-30,26.7,16.7,0.0,
1996-08-31,27.2,18.9,0.0,20.111388888888893
1996-09-01,29.4,20.0,0.0,23.0263888888889
1996-09-02,28.9,17.8,0.0,26.124166666666675
1996-09-03,28.9,20.0,0.0,23.19611111111112
1996-09-04,29.4,19.4,0.0,
1996-09-05,28.9,20.0,0.0,
1996-09-06,28.3,21.1,0.0,23.26138888888889
1996-09-07,27.8,21.1,5.3,
1996-09-08,28.9,20.0,2.5,29.19618301911106
1996-09-09,26.1,18.3,0.0,22.276666666666657
1996-09-10,28.3,16.7,0.0,
1996-09-11,23.9,15.6,15.5,
1996-09-12,18.9,10.6,0.0,
1996-09-13,17.8,9.4,0.0,11.56777777777778
1996-09-14,15.6,8.9,0.0,10.569999999999999
1996-09-15,18.9,13.3,0.0,14.717777777777782
1996-09-16,19.4,13.3,0.0,
1996-09-17,20.0,13.3,0.0,15.833055555555555
1996-09-18,21.7,12.2,0.0,
1996-09-19,23.3,11.1,0.0,12.61777777777778
1996-09-20,22.2,12.8,1.3,21.780555555555548
1996-09-21,22.2,15.0,0.0,
1996-09-22,22.8,12.8,0.0,
1996-09-23,20.6,11.7,1.3,
1996-09-24,20.6,11.1,0.0,
1996-09-25,20.6,8.9,0.0,17.51527777777778
1996-09-26,19.4,12.2,47.8,16.133333333333333
1996-09-27,18.9,11.1,0.0,19.126666666666665
1996-09-28,16.1,8.9,0.0,10.569999999999999
1996-09-29,19.4,10.0,0.0,9.520000000000001
1996-09-30,26.1,10.0,0.0,13.798333333333336
1996-10-01,25.0,12.2,0.0,12.826666666666666
1996-10-02,21.7,9.4,0.0,18.930833333333336
1996-10-03,12.8,5.0,0.0,8.287222222222223
1996-10-04,14.4,5.6,0.0,5.385277777777778
1996-10-05,20.6,7.2,0.0,10.334999999999997
1996-10-06,24.4,11.7,0.0,13.66777777777778
1996-10-07,16.1,10.0,0.0,
1996-10-08,11.1,6.1,1.8,
1996-10-09,15.0,4.4,0.0,
1996-10-10,11.1,3.3,5.8,9.663611111111111
1996-10-11,15.0,1.1,0.0,2.313611111111113
1996-10-12,22.2,11.1,0.0,
1996-10-13,26.1,12.8,0.0,
1996-10-14,16.7,12.8,0.0,15.976666666666663
1996-10-15,26.1,12.2,0.0,24.852222222222228
1996-10-16,20.0,14.4,10.4,
1996-10-17,23.9,7.8,13.0,
1996-10-18,12.8,3.9,0.0,7.3547222222222235
1996-10-19,14.4,1.1,0.0,2.0263888888888895
1996-10-20,16.1,2.2,0.0,10.504722222222224
1996-10-21,18.3,8.3,0.0,
1996-10-22,16.7,9.4,8.6,
1996-10-23,9.4,3.9,2.3,
1996-10-24,14.4,4.4,0.0,6.591944444444443
1996-10-25,20.0,6.7,0.0,
1996-10-26,20.6,13.3,0.0,
1996-10-27,20.6,11.7,0.0,19.915555555555557
1996-10-28,13.3,6.7,0.0,
1996-10-29,18.3,6.7,19.6,7.3547222222222235
1996-10-30,15.0,-0.6,0.3,
1996-10-31,5.6,-2.8,0.0,-1.2541666666666669
1996-11-01,4.4,-3.3,0.0,-0.34777777777777846
1996-11-02,3.3,-5.0,0.0,
1996-11-03,8.9,-3.9,0.0,
1996-11-04,9.4,2.2,1.0,
1996-11-05,12.2,5.0,0.0,7.485277777777778
1996-11-06,17.2,10.0,26.7,
1996-11-07,11.1,1.7,2.8,16.055
1996-11-08,8.3,0.0,2.3,1.3419444444444453
1996-11-09,5.6,-1.1,0.3,1.1069444444444443
1996-11-10,0.6,-3.9,0.0,
1996-11-11,0.6,-5.0,0.0,-4.299722222222222
1996-11-12,0.0,-7.8,0.0,
1996-11-13,-1.7,-6.7,0.0,-3.471666666666668
1996-11-14,1.7,-7.2,0.0,-7.684722222222222
1996-11-15,5.0,-2.8,0.0,0.7544444444444467
1996-11-16,13.3,3.9,0.0,
1996-11-17,12.2,-1.1,6.6,11.437222222222225
1996-11-18,2.2,-2.8,0.0,
1996-11-19,1.1,-2.2,0.0,
1996-11-20,1.7,-3.3,3.3,-2.121388888888889
1996-11-21,2.8,-1.1,1.8,
1996-11-22,4.4,-1.1,0.0,
1996-11-23,2.8,1.1,0.3,
1996-11-24,3.9,0.6,5.1,2.235277777777777
1996-11-25,2.8,-5.0,0.0,2.1569444444444446
1996-11-26,-2.2,-8.9,0.0,
1996-11-27,0.0,-8.9,0.5,
1996-11-28,3.9,-7.2,0.5,
1996-11-29,6.7,-2.2,9.1,-3.0277777777777772
1996-11-30,8.3,2.8,2.3,5.176388888888886
1996-12-01,3.9,-2.2,5.6,2.3919444444444458
1996-12-02,2.2,-3.9,0.0,-1.8994444444444427
1996-12-03,3.3,-4.4,2.3,
1996-12-04,1.7,-7.2,0.0,-8.108055555555556
1996-12-05,1.7,-0.6,6.4,-0.6666666666666663
1996-12-06,3.9,-1.1,0.0,-0.6666666666666663
1996-12-07,4.4,-3.9,0.0,-1.8080555555555557
1996-12-08,-0.6,-2.8,0.0,-1.0713888888888887
1996-12-09,0.0,-2.8,0.0,
1996-12-10,8.3,0.0,0.0,
1996-12-11,3.9,2.8,18.8,
1996-12-12,3.9,2.2,0.0,2.3919444444444458
1996-12-13,5.6,-1.1,0.3,-0.7580555555555554
1996-12-14,8.3,-0.6,0.0,3.206944444444449
1996-12-15,7.8,-1.1,6.1,
1996-12-16,1.7,-2.2,0.0,-2.949444444444445
1996-12-17,1.1,-7.2,0.0,0.05694444444444397
1996-12-18,-7.2,-12.8,0.0,-9.340833333333332
1996-12-19,-10.6,-15.0,0.0,
1996-12-20,-8.9,-16.1,0.0,-15.653888888888888
1996-12-21,2.8,-8.9,0.0,-9.419166666666666
1996-12-22,5.0,1.1,0.0,2.235277777777777
1996-12-23,11.1,0.6,22.4,
1996-12-24,0.6,-12.8,0.5,
1996-12-25,-12.2,-16.1,0.5,-16.78222222222222
1996-12-26,-5.0,-12.2,0.5,-11.440833333333334
1996-12-27,2.8,-7.2,0.0,-7.149444444444445
1996-12-28,4.4,1.7,0.8,2.313611111111113
1996-12-29,3.3,-2.8,0.0,1.3419444444444453
1996-12-30,0.6,-2.8,0.0,-3.9080555555555563
1996-12-31,1.7,-3.9,0.0,-0.6666666666666663
1997-01-01,5.0,1.7,0.5,1.263611111111113
1997-01-02,12.8,4.4,0.0,4.191666666666667
1997-01-03,10.0,3.3,0.5,
1997-01-04,17.8,4.4,5.8,
1997-01-05,5.0,-8.9,0.0,2.235277777777777
1997-01-06,-3.3,-12.2,0.0,-12.58222222222222
1997-01-07,-3.3,-11.7,0.0,-6.634722222222221
1997-01-08,-1.1,-10.6,0.0,-8.512777777777778
1997-01-09,-2.2,-3.9,6.9,-3.8166666666666678
1997-01-10,-3.9,-14.4,1.5,-5.916666666666666
1997-01-11,-14.4,-19.4,0.0,-15.5625
1997-01-12,-16.7,-21.7,0.0,
1997-01-13,-11.1,-19.4,0.0,-19.945277777777775
1997-01-14,-7.2,-17.8,0.0,
1997-01-15,-2.8,-11.1,9.9,
1997-01-16,-5.0,-19.4,0.0,-7.058055555555553
1997-01-17,-15.0,-22.2,0.0,
1997-01-18,-13.3,-20.0,0.0,-22.201944444444443
1997-01-19,-2.2,-15.6,0.0,-17.753888888888888
1997-01-20,6.1,-4.4,0.0,3.9566666666666666
1997-01-21,8.3,-2.2,10.9,0.20055555555555393
1997-01-22,8.3,-3.9,0.5,
1997-01-23,-1.7,-6.1,0.0,
1997-01-24,3.9,-2.2,8.4,-2.858055555555556
1997-01-25,-2.2,-16.7,0.0,-1.8080555555555557
1997-01-26,-5.6,-17.2,4.6,-18.803888888888885
1997-01-27,-1.7,-13.3,1.8,
1997-01-28,-11.7,-19.4,0.0,-15.73222222222222
1997-01-29,-6.7,-17.2,0.0,
1997-01-30,-4.4,-11.1,0.0,-9.340833333333332
1997-01-31,7.8,-6.1,0.0,
1997-02-01,3.3,-1.1,0.0,
1997-02-02,6.7,-1.1,0.0,
1997-02-03,2.8,-1.1,0.0,
1997-02-04,3.3,0.0,10.2,
1997-02-05,1.1,-2.2,0.0,0.3833333333333321
1997-02-06,-1.7,-5.0,0.0,
1997-02-07,-1.7,-5.0,0.0,-5.049444444444443
1997-02-08,-0.6,-7.8,2.3,-3.8166666666666678
1997-02-09,0.6,-7.8,0.0,-5.916666666666666
1997-02-10,0.0,-3.9,0.3,
1997-02-11,-2.2,-5.6,0.8,-4.234444444444445
1997-02-12,-2.8,-7.2,4.3,-4.234444444444445
1997-02-13,-0.6,-9.4,0.0,-6.177777777777779
1997-02-14,0.6,-6.1,0.0,-1.0061111111111112
1997-02-15,-1.1,-10.0,0.0,-3.236666666666667
1997-02-16,-2.2,-7.8,8.4,-2.858055555555556
1997-02-17,6.1,-7.2,0.0,-1.1366666666666663
1997-02-18,13.3,6.1,0.0,11.384999999999998
1997-02-19,10.0,-1.1,0.0,6.069722222222222
1997-02-20,9.4,-2.8,34.3,5.46361111111111
1997-02-21,8.9,-2.8,82.6,2.4833333333333325
1997-02-22,0.6,-6.1,0.0,-3.9080555555555563
1997-02-23,2.8,-6.1,0.0,-0.3086111111111123
1997-02-24,-1.1,-7.8,0.0,-0.40000000000000135
1997-02-25,2.2,-8.3,0.0,-6.3997222222222225
1997-02-26,3.9,1.7,19.3,2.1569444444444446
1997-02-27,3.3,0.6,8.6,
1997-02-28,6.7,1.1,0.8,1.263611111111113
1997-03-01,13.9,2.2,2.5,9.128333333333332
1997-03-02,5.6,-1.1,0.0,0.9633333333333343
1997-03-03,3.9,-1.1,0.0,
1997-03-04,8.3,1.1,0.0,1.1722222222222218
1997-03-05,3.3,-1.1,0.3,1.1069444444444443
1997-03-06,0.6,-5.0,0.0,-2.408611111111109
1997-03-07,8.9,-6.1,0.0,
1997-03-08,8.3,0.0,0.0,1.1069444444444443
1997-03-09,7.8,0.0,6.1,6.591944444444443
1997-03-10,14.4,0.0,0.0,10.060833333333331
1997-03-11,7.2,0.0,0.0,3.0763888888888937
1997-03-12,4.4,0.0,0.0,2.091666666666667
1997-03-13,7.8,1.1,4.6,3.1416666666666675
1997-03-14,1.7,-6.7,1.5,2.1569444444444446
1997-03-15,-2.2,-10.0,0.0,-4.57388888888889
1997-03-16,3.3,-11.1,0.0,-5.571666666666669
1997-03-17,14.4,1.7,0.0,12.213055555555554
1997-03-18,3.3,0.0,0.0,2.313611111111113
1997-03-19,10.0,-1.7,0.0,1.7522222222222201
1997-03-20,11.1,3.9,0.0,9.180555555555559
1997-03-21,22.8,6.1,0.0,1.4333333333333325
1997-03-22,7.2,1.1,0.0,1.263611111111113
1997-03-23,3.9,-2.8,0.0,1.1069444444444443
1997-03-24,6.7,-2.8,7.1,3.206944444444449
1997-03-25,8.9,2.8,1.8,9.663611111111111
1997-03-26,15.0,0.0,0.0,13.197777777777778
1997-03-27,24.4,8.9,0.0,17.37166666666667
1997-03-28,17.8,8.9,4.1,12.983333333333336
1997-03-29,10.6,3.9,1.5,9.663611111111111
1997-03-30,5.6,1.1,2.5,3.5333333333333368
1997-03-31,7.8,0.0,0.0,5.978333333333331
1997-04-01,16.7,0.0,0.0,15.088888888888887
1997-04-02,21.1,5.0,0.0,19.262777777777778
1997-04-03,20.0,11.1,0.0,17.763333333333335
1997-04-04,24.4,11.1,1.0,23.58027777777778
1997-04-05,20.0,12.2,7.4,17.60666666666667
1997-04-06,15.6,0.0,0.0,14.717777777777782
1997-04-07,6.7,-2.8,0.0,2.684722222222228
1997-04-08,0.6,-4.4,0.0,-2.2519444444444443
1997-04-09,2.8,-5.6,0.0,-7.384444444444444
1997-04-10,3.9,-3.9,0.0,1.7522222222222201
1997-04-11,2.2,0.0,18.0,1.9088888888888889
1997-04-12,3.3,-0.6,2.0,2.4833333333333325
1997-04-13,8.9,-1.1,0.8,6.897777777777776
1997-04-14,12.2,-1.1,0.0,10.034722222222221
1997-04-15,19.4,2.8,1.8,14.208611111111114
1997-04-16,11.1,1.1,0.5,8.548333333333334
1997-04-17,9.4,0.6,0.0,2.235277777777777
1997-04-18,13.3,-1.1,1.5,1.9088888888888889
1997-04-19,12.2,3.3,3.8,4.335277777777778
1997-04-20,15.6,4.4,0.0,8.613611111111116
1997-04-21,10.6,3.9,0.0,5.633333333333334
1997-04-22,11.1,2.8,0.0,6.591944444444443
1997-04-23,12.2,5.0,0.0,6.513611111111111
1997-04-24,12.2,5.0,2.5,8.470000000000006
1997-04-25,14.4,3.3,0.0,9.232777777777777
1997-04-26,17.8,3.3,0.0,11.163055555555555
1997-04-27,15.0,5.0,0.5,10.439444444444442
1997-04-28,18.9,3.3,0.0,10.648333333333333
1997-04-29,24.4,9.4,0.0,21.66305555555555
1997-04-30,20.0,5.6,12.7,18.07666666666667
1997-05-01,15.6,2.2,6.4,9.454722222222223
1997-05-02,11.7,7.2,6.4,9.663611111111111
1997-05-03,15.0,5.6,2.8,10.439444444444442
1997-05-04,18.9,4.4,0.0,17.51527777777778
1997-05-05,24.4,10.0,0.8,22.7913888888889
1997-05-06,20.6,6.7,0.0,21.454166666666666
1997-05-07,17.8,8.3,11.7,12.748333333333335
1997-05-08,22.8,11.1,0.5,20.639166666666664
1997-05-09,13.9,6.7,0.0,19.58916666666667
1997-05-10,16.7,4.4,0.0,10.334999999999997
1997-05-11,22.2,10.6,0.8,17.711111111111116
1997-05-12,17.2,6.1,0.0,16.595833333333335
1997-05-13,11.7,4.4,0.3,15.271666666666667
1997-05-14,14.4,7.2,1.3,9.833333333333336
1997-05-15,11.1,4.4,0.0,6.513611111111111
1997-05-16,20.0,2.8,0.0,18.317222222222224
1997-05-17,16.7,5.6,0.0,18.395555555555553
1997-05-18,26.1,6.7,12.4,25.243888888888886
1997-05-19,20.0,7.8,0.0,17.880833333333335
1997-05-20,18.3,6.1,0.0,13.66777777777778
1997-05-21,14.4,4.4,0.0,10.504722222222224
1997-05-22,18.3,5.0,0.0,12.434999999999997
1997-05-23,24.4,7.8,0.0,15.715555555555556
1997-05-24,28.9,12.8,4.1,26.965124885777826
1997-05-25,15.0,10.0,2.5,12.983333333333336
1997-05-26,13.9,8.9,0.0,8.470000000000006
1997-05-27,18.9,8.9,0.0,9.520000000000001
1997-05-28,17.2,11.7,1.5,11.854999999999999
1997-05-29,17.8,13.9,0.0,9.754999999999999
1997-05-30,21.1,13.3,0.0,18.656666666666663
1997-05-31,20.0,12.2,0.0,13.798333333333336
1997-06-01,20.0,11.1,0.0,13.66777777777778
1997-06-02,17.2,11.7,2.8,17.815555555555562
1997-06-03,21.1,12.8,0.0,14.783055555555555
1997-06-04,22.2,9.4,0.0,21.728333333333328
1997-06-05,23.9,11.7,0.0,16.765555555555554
1997-06-06,20.0,14.4,5.3,14.783055555555555
1997-06-07,17.8,13.3,19.3,15.005000000000003
1997-06-08,22.8,12.2,0.0,11.776666666666667
1997-06-09,24.4,11.1,0.0,23.80222222222222
1997-06-10,26.7,12.2,0.0,25.954444444444448
1997-06-11,25.6,16.7,9.4,14.848333333333336
1997-06-12,25.6,17.2,0.0,22.08083333333333
1997-06-13,29.4,15.6,0.0,23.07861111111112
1997-06-14,20.6,11.1,0.0,14.717777777777782
1997-06-15,28.3,9.4,0.0,28.274843087111044
1997-06-16,27.2,13.3,21.6,27.478487941777765
1997-06-17,21.1,12.2,0.0,14.717777777777782
1997-06-18,27.8,13.9,1.3,16.948333333333334
1997-06-19,30.6,14.4,0.0,15.976666666666663
1997-06-20,32.2,24.4,1.5,33.239386577777815
1997-06-21,28.9,21.1,4.3,31.887677555555513
1997-06-22,31.7,18.9,0.0,32.42304028755553
1997-06-23,34.4,23.3,0.0,24.311388888888892
1997-06-24,35.6,24.4,0.0,36.950664021777825
1997-06-25,31.1,21.7,4.8,32.29855081244453
1997-06-26,28.9,19.4,0.0,28.922434379555526
1997-06-27,30.6,17.8,0.0,29.167844777777734
1997-06-28,31.7,19.4,0.0,30.912882311555524
1997-06-29,32.2,21.1,0.0,28.922434379555526
1997-06-30,30.6,21.1,13.0,31.34656448977779
1997-07-01,32.8,20.0,0.0,28.532566155111038
1997-07-02,34.4,21.1,0.0,25.37444444444445
1997-07-03,24.4,17.2,0.0,27.126322248444506
1997-07-04,18.9,13.3,0.0,22.869722222222226
1997-07-05,26.1,12.8,0.0,21.819722222222218
1997-07-06,28.3,17.2,0.0,24.891388888888894
1997-07-07,24.4,15.6,0.0,19.81111111111111
1997-07-08,29.4,15.0,1.5,22.08083333333333
1997-07-09,21.1,13.9,0.0,20.769722222222228
1997-07-10,26.1,12.2,0.0,23.0263888888889
1997-07-11,29.4,16.1,0.0,25.021944444444447
1997-07-12,31.7,18.9,0.0,27.66945627244443
1997-07-13,35.6,23.9,0.0,36.005812703555684
1997-07-14,33.9,23.3,0.0,29.19618301911106
1997-07-15,33.3,20.0,0.0,21.096111111111114
1997-07-16,35.6,22.2,0.0,36.950664021777825
1997-07-17,34.4,25.0,0.0,31.325432343555615
1997-07-18,32.2,21.1,26.2,32.011302207111086
1997-07-19,27.8,20.0,0.0,25.178611111111113
1997-07-20,31.7,21.1,0.0,34.59919833644446
1997-07-21,26.1,19.4,10.2,23.26138888888889
1997-07-22,23.9,20.0,4.1,21.161388888888883
1997-07-23,23.3,18.9,0.5,21.305
1997-07-24,28.3,17.8,0.0,25.243888888888886
1997-07-25,30.6,21.1,0.0,20.33333333333333
1997-07-26,37.2,23.3,17.8,46.016750447111185
1997-07-27,34.4,24.4,2.5,25.243888888888886
1997-07-28,28.3,20.0,0.0,24.311388888888892
1997-07-29,23.3,17.8,0.0,19.86333333333333
1997-07-30,26.1,16.1,0.0,22.02861111111111
1997-07-31,29.4,15.6,0.0,22.14611111111111
1997-08-01,30.6,18.9,0.0,23.143888888888892
1997-08-02,34.4,22.8,0.0,32.72727353155561
1997-08-03,33.3,21.1,9.4,24.076388888888893
1997-08-04,26.7,18.3,0.0,22.211388888888887
1997-08-05,22.8,15.0,0.0,21.728333333333328
1997-08-06,25.0,13.9,0.0,24.786944444444444
1997-08-07,27.2,15.6,0.0,24.076388888888893
1997-08-08,28.3,17.2,0.0,27.66945627244443
1997-08-09,25.6,20.0,0.0,21.096111111111114
1997-08-10,29.4,20.6,0.0,22.276666666666657
1997-08-11,21.7,17.8,25.7,20.111388888888893
1997-08-12,24.4,17.2,13.7,23.26138888888889
1997-08-13,23.9,17.2,0.0,24.311388888888892
1997-08-14,24.4,16.1,0.0,18.761111111111116
1997-08-15,29.4,21.7,8.9,22.355000000000004
1997-08-16,32.8,21.1,50.5,23.405000000000012
1997-08-17,25.0,17.8,27.2,22.276666666666657
1997-08-18,21.1,15.6,0.0,20.86111111111111
1997-08-19,21.7,14.4,0.3,21.07055555555556
1997-08-20,23.3,16.7,0.0,22.355000000000004
1997-08-21,22.2,13.9,0.0,15.005000000000003
1997-08-22,23.9,12.8,0.0,19.81111111111111
1997-08-23,24.4,13.3,0.0,19.75888888888889
1997-08-24,26.1,17.2,8.6,23.143888888888892
1997-08-25,22.8,17.2,0.0,19.205000000000002
1997-08-26,27.2,16.1,0.0,19.126666666666665
1997-08-27,30.0,21.7,0.0,21.38333333333334
1997-08-28,23.9,18.3,0.0,20.111388888888893
1997-08-29,24.4,15.6,0.0,22.974166666666672
1997-08-30,23.9,17.2,0.3,18.07666666666667
1997-08-31,27.2,19.4,0.0,21.226666666666667
1997-09-01,29.4,17.2,0.0,23.19611111111112
1997-09-02,25.0,16.7,0.0,22.276666666666657
1997-09-03,19.4,11.1,0.0,15.715555555555556
1997-09-04,20.6,9.4,0.0,14.495833333333334
1997-09-05,23.9,11.1,0.5,21.689166666666665
1997-09-06,31.1,16.7,0.0,31.371828855555602
1997-09-07,23.3,17.8,0.0,28.532566155111038
1997-09-08,22.2,17.8,2.0,22.14611111111111
1997-09-09,23.3,17.8,0.0,20.176666666666662
1997-09-10,21.7,15.0,0.0,18.865555555555556
1997-09-11,22.8,12.8,0.0,14.848333333333336
1997-09-12,23.9,11.7,0.0,21.728333333333328
1997-09-13,25.0,13.3,0.0,24.813055555555554
1997-09-14,26.7,18.3,0.0,19.915555555555557
1997-09-15,28.9,16.7,0.0,22.211388888888887
1997-09-16,29.4,20.0,27.9,22.211388888888887
1997-09-17,27.8,17.8,6.4,22.355000000000004
1997-09-18,28.9,15.6,0.0,18.813333333333336
1997-09-19,28.9,17.8,5.3,30.15387115511095
1997-09-20,20.6,13.3,0.0,16.883055555555554
1997-09-21,19.4,11.7,0.0,13.485000000000001
1997-09-22,17.8,11.1,1.8,16.595833333333335
1997-09-23,18.3,12.2,3.3,12.905
1997-09-24,21.1,10.0,0.0,18.369444444444444
1997-09-25,26.1,11.7,0.0,19.75888888888889
1997-09-26,20.0,13.3,0.0,15.767777777777777
1997-09-27,25.6,11.7,0.0,20.913333333333338
1997-09-28,21.7,14.4,0.0,19.6675
1997-09-29,25.0,12.2,0.0,19.628333333333337
1997-09-30,18.3,12.2,0.0,14.717777777777782
1997-10-01,15.0,8.9,0.0,16.595833333333335
1997-10-02,26.7,7.8,0.0,10.439444444444442
1997-10-03,30.6,15.6,0.0,28.88871927955556
1997-10-04,24.4,16.1,3.6,22.08083333333333
1997-10-05,31.7,15.0,0.0,28.029696888444366
1997-10-06,29.4,17.2,0.0,23.880555555555556
1997-10-07,29.4,18.3,0.0,29.093004120444423
1997-10-08,28.9,19.4,0.8,20.913333333333338
1997-10-09,24.4,11.1,6.1,25.074166666666667
1997-10-10,20.0,8.9,0.0,13.55027777777778
1997-10-11,25.0,9.4,0.0,12.382777777777779
1997-10-12,27.8,17.2,0.0,18.813333333333336
1997-10-13,23.3,7.8,9.7,22.08083333333333
1997-10-14,8.9,3.3,0.0,5.241666666666668
1997-10-15,12.8,1.7,0.0,11.202222222222224
1997-10-16,12.2,6.7,0.0,11.332777777777778
1997-10-17,11.7,3.9,0.0,10.387222222222224
1997-10-18,14.4,3.3,0.0,13.354444444444447
1997-10-19,18.3,3.9,0.0,6.291666666666668
1997-10-20,12.2,4.4,0.0,15.545833333333336
1997-10-21,10.0,3.3,0.0,5.241666666666668
1997-10-22,6.7,0.6,0.0,5.886944444444444
1997-10-23,12.2,3.3,0.3,11.163055555555555
1997-10-24,10.0,5.6,4.3,9.598333333333334
1997-10-25,10.6,7.8,0.0,9.598333333333334
1997-10-26,7.8,1.1,37.8,4.491944444444442
1997-10-27,3.9,-1.7,1.5,3.9566666666666666
1997-10-28,11.1,-2.2,0.0,-0.8494444444444444
1997-10-29,15.0,1.7,0.0,13.26305555555556
1997-10-30,16.7,6.7,0.0,10.504722222222224
1997-10-31,18.3,11.7,0.0,15.715555555555556
1997-11-01,13.9,6.1,1.3,11.933333333333335
1997-11-02,6.7,0.6,0.3,5.241666666666668
1997-11-03,3.9,0.0,3.0,2.313611111111113
1997-11-04,3.9,2.8,0.5,3.44194444444445
1997-11-05,8.9,2.2,3.0,7.42
1997-11-06,8.3,6.1,3.0,6.435277777777778
1997-11-07,8.3,4.4,0.0,7.42
1997-11-08,8.9,4.4,0.0,7.3547222222222235
1997-11-09,7.2,5.0,0.0,6.069722222222222
1997-11-10,5.6,-0.6,0.5,5.32
1997-11-11,0.6,-3.3,0.0,1.856666666666666
1997-11-12,1.1,-6.7,0.0,-5.206111111111112
1997-11-13,2.8,-2.2,0.0,-1.2541666666666669
1997-11-14,3.3,1.1,2.5,3.206944444444449
1997-11-15,1.7,-3.9,11.9,1.3419444444444453
1997-11-16,-2.2,-7.8,0.0,-1.8994444444444427
1997-11-17,1.7,-7.8,0.0,-3.1061111111111117
1997-11-18,4.4,-3.3,0.0,0.05694444444444397
1997-11-19,2.2,-5.6,0.0,-0.2041666666666665
1997-11-20,7.8,-2.8,0.3,4.191666666666667
1997-11-21,6.1,2.8,0.0,6.121944444444445
1997-11-22,7.8,-2.8,0.0,6.174166666666668
1997-11-23,0.0,-5.6,0.0,-5.206111111111112
1997-11-24,2.8,-8.9,0.0,-1.3063888888888897
1997-11-25,13.9,2.8,0.0,4.191666666666667
1997-11-26,11.1,1.1,0.0,8.548333333333334
1997-11-27,9.4,-1.1,17.5,1.1069444444444443
1997-11-28,13.3,6.7,0.5,12.983333333333336
1997-11-29,10.6,6.7,4.6,10.883333333333335
1997-11-30,8.3,3.3,0.0,5.633333333333334
1997-12-01,5.0,2.8,0.0,4.256944444444441
1997-12-02,4.4,2.2,0.0,3.0763888888888937
1997-12-03,3.3,1.7,1.8,2.3919444444444458
1997-12-04,1.7,-2.2,0.0,2.235277777777777
1997-12-05,-1.7,-5.6,0.5,-2.121388888888889
1997-12-06,0.0,-3.9,0.0,-0.9277777777777767
1997-12-07,-0.6,-2.8,0.0,-1.0061111111111112
1997-12-08,-0.6,-3.3,0.5,-1.8994444444444427
1997-12-09,1.7,-1.1,2.8,0.20055555555555393
1997-12-10,2.2,0.0,11.7,1.3419444444444453
1997-12-11,2.2,0.0,0.5,1.1069444444444443
1997-12-12,0.0,-4.4,0.0,0.05694444444444397
1997-12-13,2.2,-5.6,0.0,-5.12777777777778
1997-12-14,6.1,-6.1,0.0,-2.949444444444445
1997-12-15,8.9,-2.2,0.0,-1.0061111111111112
1997-12-16,7.8,0.0,0.0,5.124166666666667
1997-12-17,8.9,-2.8,0.0,6.976111111111113
1997-12-18,7.8,0.6,0.0,2.091666666666667
1997-12-19,10.6,-0.6,0.0,8.287222222222223
1997-12-20,3.3,-0.6,0.0,3.44194444444445
1997-12-21,2.8,-1.1,0.0,0.9633333333333343
1997-12-22,2.8,0.0,8.1,2.1569444444444446
1997-12-23,3.9,0.0,0.0,1.3419444444444453
1997-12-24,1.7,0.0,15.2,1.3419444444444453
1997-12-25,2.2,-3.3,1.3,1.3419444444444453
1997-12-26,0.6,-3.9,0.0,-0.9277777777777767
1997-12-27,-0.6,-7.2,0.0,-2.2519444444444443
1997-12-28,1.1,-7.2,0.0,-4.156111111111112
1997-12-29,0.6,-3.3,3.8,0.20055555555555393
1997-12-30,-2.2,-7.8,0.0,-4.299722222222222
1997-12-31,-4.4,-10.6,0.0,-6.5825000000000005
1998-01-01,6.1,-9.4,0.0,3.9044444444444437
1998-01-02,10.0,2.8,0.0,9.520000000000001
1998-01-03,13.9,2.8,10.7,10.648333333333333
1998-01-04,13.3,1.7,7.9,3.5333333333333368
1998-01-05,13.3,5.0,15.5,11.854999999999999
1998-01-06,8.3,3.9,2.8,4.583333333333333
1998-01-07,5.0,1.7,7.1,6.591944444444443
1998-01-08,1.7,0.0,24.9,0.3833333333333321
1998-01-09,1.1,-6.7,1.3,0.291944444444441
1998-01-10,-6.7,-12.8,0.0,-0.8494444444444444
1998-01-11,-2.8,-11.7,0.0,-11.5975
1998-01-12,0.0,-8.9,0.8,-1.0713888888888887
1998-01-13,-8.9,-16.7,0.0,-16.00638888888889
1998-01-14,-2.2,-12.8,6.9,-12.79111111111111
1998-01-15,-0.6,-3.9,0.0,-1.8994444444444427
1998-01-16,-1.7,-3.3,0.0,-1.9777777777777752
1998-01-17,-1.7,-7.2,0.0,-2.949444444444445
1998-01-18,-2.2,-12.8,0.0,-11.440833333333334
1998-01-19,-1.7,-8.3,0.0,-3.1061111111111117
1998-01-20,-1.7,-7.2,0.0,-5.049444444444443
1998-01-21,0.0,-2.2,2.0,-0.8494444444444444
1998-01-22,0.6,-1.1,3.3,-0.7580555555555554
1998-01-23,0.6,-4.4,0.8,-1.8080555555555557
1998-01-24,0.0,-5.0,0.0,-3.0277777777777772
1998-01-25,0.0,-3.9,0.0,-0.9277777777777767
1998-01-26,3.9,-3.9,0.0,-0.8494444444444444
1998-01-27,2.2,-1.1,0.0,2.235277777777777
1998-01-28,5.6,-1.7,0.5,4.335277777777778
1998-01-29,5.0,0.0,2.0,0.1222222222222216
1998-01-30,1.1,-1.7,0.0,-0.2041666666666665
1998-01-31,5.6,-2.2,0.0,4.191666666666667
1998-02-01,8.3,1.1,1.0,7.119722222222222
1998-02-02,5.6,-1.1,0.0,6.435277777777778
1998-02-03,4.4,-1.7,0.0,3.0763888888888937
1998-02-04,1.7,-0.6,0.0,0.05694444444444397
1998-02-05,1.7,-1.7,0.0,-1.0061111111111112
1998-02-06,5.0,0.0,0.0,0.20055555555555393
1998-02-07,4.4,-1.7,0.0,0.20055555555555393
1998-02-08,6.1,-1.1,0.0,4.126388888888886
1998-02-09,8.9,-2.2,0.0,0.20055555555555393
1998-02-10,8.9,-1.7,3.3,4.191666666666667
1998-02-11,7.2,2.8,20.8,3.1416666666666675
1998-02-12,3.9,-1.1,0.0,1.1722222222222218
1998-02-13,4.4,-1.1,0.0,1.1069444444444443
1998-02-14,6.1,0.6,0.0,4.074166666666667
1998-02-15,11.7,1.1,0.0,10.230555555555554
1998-02-16,6.7,3.9,6.4,2.313611111111113
1998-02-17,6.7,3.9,18.3,3.44194444444445
1998-02-18,3.9,2.8,2.5,2.3919444444444458
1998-02-19,5.0,2.8,0.5,2.3919444444444458
1998-02-20,6.7,1.7,1.0,6.239444444444441
1998-02-21,7.2,1.1,0.0,1.263611111111113
1998-02-22,9.4,3.9,0.0,4.41361111111111
1998-02-23,8.3,1.1,0.0,3.285277777777781
1998-02-24,12.2,3.9,3.0,5.541944444444443
1998-02-25,13.9,1.7,0.0,6.370000000000001
1998-02-26,17.2,7.8,0.5,5.32
1998-02-27,11.7,3.3,2.0,13.354444444444447
1998-02-28,10.0,1.7,0.0,8.22194444444445
1998-03-01,3.9,0.0,0.0,6.291666666666668
1998-03-02,2.8,-1.1,0.3,2.1569444444444446
1998-03-03,2.8,-0.6,2.8,0.291944444444441
1998-03-04,3.3,-1.1,2.8,1.1069444444444443
1998-03-05,3.9,0.0,0.0,2.091666666666667
1998-03-06,3.9,0.0,0.5,2.091666666666667
1998-03-07,6.1,0.0,1.8,4.008888888888886
1998-03-08,3.9,2.2,19.3,2.4833333333333325
1998-03-09,2.2,-8.3,35.8,0.291944444444441
1998-03-10,-5.0,-10.6,0.0,-9.4975
1998-03-11,-5.6,-10.6,0.0,-7.684722222222222
1998-03-12,-4.4,-13.3,0.0,-5.415
1998-03-13,3.9,-8.3,0.0,-3.1713888888888895
1998-03-14,1.1,-5.6,0.0,-5.349722222222223
1998-03-15,-1.1,-5.6,0.3,-2.121388888888889
1998-03-16,2.2,-1.7,0.0,-2.0561111111111092
1998-03-17,4.4,0.6,23.1,2.235277777777777
1998-03-18,11.1,3.9,5.3,5.633333333333334
1998-03-19,4.4,1.1,0.5,3.44194444444445
1998-03-20,2.2,0.0,0.0,0.05694444444444397
1998-03-21,5.6,-1.1,0.0,3.011111111111112
1998-03-22,8.3,-3.3,0.0,5.886944444444444
1998-03-23,7.8,-0.6,0.0,6.017499999999999
1998-03-24,10.6,-1.1,0.0,-0.2041666666666665
1998-03-25,15.6,5.0,0.0,15.598055555555554
1998-03-26,23.9,13.9,0.0,15.767777777777777
1998-03-27,25.0,13.3,0.0,15.833055555555555
1998-03-28,18.9,11.1,12.7,14.717777777777782
1998-03-29,26.1,8.9,0.0,26.03277777777778
1998-03-30,26.1,18.3,0.8,23.932777777777783
1998-03-31,21.7,9.4,21.1,23.932777777777783
1998-04-01,9.4,3.9,7.6,8.22194444444445
1998-04-02,9.4,3.9,0.0,5.385277777777778
1998-04-03,6.7,3.9,0.0,4.335277777777778
1998-04-04,10.0,2.8,0.0,8.169722222222223
1998-04-05,11.1,-0.6,0.0,6.121944444444445
1998-04-06,16.7,3.3,0.0,9.337222222222223
1998-04-07,16.1,7.8,11.2,15.336944444444441
1998-04-08,11.1,7.2,8.6,9.663611111111111
1998-04-09,7.8,5.0,1.0,9.754999999999999
1998-04-10,13.3,2.2,0.0,12.173888888888888
1998-04-11,19.4,2.2,0.0,5.006666666666667
1998-04-12,22.8,12.8,0.0,3.44194444444445
1998-04-13,20.6,13.3,17.3,16.648055555555555
1998-04-14,20.0,10.6,0.5,13.798333333333336
1998-04-15,18.9,10.0,0.3,11.619999999999997
1998-04-16,11.7,2.8,2.0,13.798333333333336
1998-04-17,13.3,1.1,0.0,12.134722222222223
1998-04-18,16.1,3.9,0.0,15.232499999999996
1998-04-19,16.7,5.0,0.0,11.280555555555557
1998-04-20,18.3,7.8,17.3,10.230555555555554
1998-04-21,12.8,8.9,3.8,10.726666666666667
1998-04-22,17.2,7.2,0.0,16.504444444444445
1998-04-23,22.2,6.1,0.0,21.454166666666666
1998-04-24,24.4,8.9,0.0,15.506666666666668
1998-04-25,20.6,8.9,3.8,15.650277777777777
1998-04-26,15.6,5.6,8.9,11.854999999999999
1998-04-27,10.6,5.0,0.0,5.176388888888886
1998-04-28,13.9,3.9,2.0,12.291388888888887
1998-04-29,17.2,8.9,8.4,10.726666666666667
1998-04-30,16.7,10.6,1.0,11.854999999999999
1998-05-01,20.0,11.1,0.0,15.833055555555555
1998-05-02,17.2,10.6,0.0,11.776666666666667
1998-05-03,13.3,8.9,5.8,9.833333333333336
1998-05-04,22.2,8.9,0.0,12.61777777777778
1998-05-05,22.8,12.8,3.8,21.871944444444438
1998-05-06,22.8,14.4,15.7,18.813333333333336
1998-05-07,16.7,12.8,51.1,12.983333333333336
1998-05-08,20.6,11.7,3.8,13.73305555555556
1998-05-09,18.9,10.6,0.0,17.711111111111116
1998-05-10,19.4,10.0,0.0,10.439444444444442
1998-05-11,21.7,9.4,0.0,12.683055555555553
1998-05-12,26.7,11.1,1.5,19.75888888888889
1998-05-13,25.0,15.6,3.8,24.930555555555557
1998-05-14,28.3,13.9,0.0,28.029696888444366
1998-05-15,31.1,21.1,0.0,28.53942504177774
1998-05-16,28.3,18.3,0.0,18.813333333333336
1998-05-17,30.6,13.9,0.0,28.826934755555587
1998-05-18,33.3,17.8,0.0,31.276867825777842
1998-05-19,33.3,21.1,0.0,17.946111111111108
1998-05-20,25.0,15.6,0.0,20.717499999999998
1998-05-21,25.6,13.3,0.0,15.833055555555555
1998-05-22,18.3,12.8,0.0,14.6525
1998-05-23,21.1,13.3,5.1,13.798333333333336
1998-05-24,21.1,11.7,19.1,11.854999999999999
1998-05-25,21.1,11.7,0.0,12.748333333333335
1998-05-26,25.0,10.6,0.0,21.819722222222218
1998-05-27,28.3,13.9,0.0,21.963333333333328
1998-05-28,33.3,18.9,5.8,26.124166666666675
1998-05-29,28.9,18.9,1.0,34.855849563555616
1998-05-30,31.7,17.2,0.0,14.926666666666668
1998-05-31,28.3,15.6,0.0,26.293888888888894
1998-06-01,25.6,12.2,0.0,12.683055555555553
1998-06-02,26.1,11.1,0.0,23.80222222222222
1998-06-03,15.0,10.6,6.4,13.798333333333336
1998-06-04,18.3,11.1,0.0,15.506666666666668
1998-06-05,15.0,7.8,2.5,15.376111111111108
1998-06-06,16.7,6.7,1.3,15.545833333333336
1998-06-07,21.1,7.8,0.0,16.648055555555555
1998-06-08,20.6,10.0,4.1,17.763333333333335
1998-06-09,17.8,13.9,26.9,17.105
1998-06-10,24.4,14.4,0.0,22.974166666666672
1998-06-11,24.4,16.7,31.2,23.405000000000012
1998-06-12,29.4,18.3,0.0,28.922434379555526
1998-06-13,26.1,16.1,0.0,19.915555555555557
1998-06-14,24.4,17.2,0.8,19.915555555555557
1998-06-15,26.1,18.3,0.0,25.99361111111111
1998-06-16,27.2,17.2,0.5,27.66945627244443
1998-06-17,29.4,16.7,0.0,24.193888888888893
1998-06-18,32.2,18.3,12.2,33.239386577777815
1998-06-19,28.3,18.9,0.0,25.99361111111111
1998-06-20,32.2,21.1,0.0,23.07861111111112
1998-06-21,31.1,21.1,0.0,22.276666666666657
1998-06-22,30.0,20.6,0.0,30.733060379555532
1998-06-23,30.6,18.9,0.0,26.124166666666675
1998-06-24,35.0,23.9,0.0,39.441867661777856
1998-06-25,36.1,23.9,0.0,32.011302207111086
1998-06-26,30.6,21.1,22.4,34.1048593111111
1998-06-27,35.0,21.7,0.0,42.17654097377778
1998-06-28,31.7,20.0,5.8,32.011302207111086
1998-06-29,31.7,19.4,2.5,33.239386577777815
1998-06-30,28.3,18.3,0.0,22.14611111111111
1998-07-01,26.7,18.3,0.0,22.974166666666672
1998-07-02,30.0,17.2,0.0,28.029696888444366
1998-07-03,31.7,21.1,24.6,34.126960103555646
1998-07-04,23.3,17.8,0.0,21.38333333333334
1998-07-05,25.6,18.3,0.0,19.98083333333333
1998-07-06,30.6,21.7,0.0,30.15387115511095
1998-07-07,27.2,20.6,6.9,23.326666666666668
1998-07-08,27.8,20.0,0.0,24.246111111111112
1998-07-09,28.9,20.0,0.0,27.939517511555696
1998-07-10,27.2,19.4,0.0,27.939517511555696
1998-07-11,26.7,18.9,0.0,20.97861111111111
1998-07-12,28.9,18.3,0.0,21.871944444444438
1998-07-13,30.0,20.0,0.0,21.963333333333328
1998-07-14,32.2,21.1,0.0,32.39278539805116
1998-07-15,32.2,21.7,0.0,26.124166666666675
1998-07-16,31.7,22.8,0.0,31.34656448977779
1998-07-17,29.4,21.7,0.0,29.15886103361784
1998-07-18,31.7,22.2,0.0,32.42304028755553
1998-07-19,33.3,20.0,6.6,25.296111111111113
1998-07-20,32.2,22.8,0.8,36.005812703555684
1998-07-21,35.6,25.0,0.3,39.162484632444624
1998-07-22,27.8,21.7,3.0,26.293888888888894
1998-07-23,27.2,19.4,0.0,26.81385117911107
1998-07-24,27.8,17.2,0.0,26.419571995111113
1998-07-25,28.3,16.7,0.0,19.81111111111111
1998-07-26,28.9,16.7,0.0,27.66431045955554
1998-07-27,28.3,18.3,0.0,29.675842565777796
1998-07-28,31.7,20.6,0.0,22.211388888888887
1998-07-29,29.4,22.2,0.0,26.124166666666675
1998-07-30,26.1,18.3,0.0,26.03277777777778
1998-07-31,25.6,18.3,0.0,24.930555555555557
1998-08-01,28.9,16.7,0.0,29.232366431555484
1998-08-02,29.4,18.3,0.0,28.53942504177774
1998-08-03,28.9,22.2,2.8,24.311388888888892
1998-08-04,23.9,20.6,55.1,22.355000000000004
1998-08-05,27.8,20.6,12.4,29.19618301911106
1998-08-06,28.3,22.2,0.0,23.405000000000012
1998-08-07,25.6,21.1,42.4,25.452777777777776
1998-08-08,28.9,21.7,0.0,28.532566155111038
1998-08-09,31.1,22.2,0.0,24.311388888888892
1998-08-10,31.7,20.6,8.9,30.454350755555513
1998-08-11,26.1,18.9,0.0,26.359166666666667
1998-08-12,25.6,17.2,0.0,22.08083333333333
1998-08-13,26.7,20.0,0.0,22.08083333333333
1998-08-14,29.4,18.3,0.0,20.97861111111111
1998-08-15,27.8,20.0,1.0,25.243888888888886
1998-08-16,28.9,17.2,0.0,26.124166666666675
1998-08-17,29.4,21.1,0.0,30.733060379555532
1998-08-18,25.6,20.6,0.0,29.675842565777796
1998-08-19,26.1,17.2,0.0,19.915555555555557
1998-08-20,31.1,16.7,0.0,32.6347006444444
1998-08-21,32.8,21.7,0.0,27.803986445777756
1998-08-22,31.7,23.3,0.0,34.59919833644446
1998-08-23,33.9,22.2,0.0,37.417663543111225
1998-08-24,31.1,20.0,11.7,26.42444444444444
1998-08-25,30.0,21.1,5.8,22.355000000000004
1998-08-26,29.4,18.3,0.0,28.53942504177774
1998-08-27,28.9,21.1,0.0,28.922434379555526
1998-08-28,24.4,18.9,8.4,27.939517511555696
1998-08-29,31.1,18.9,0.0,31.371828855555602
1998-08-30,28.3,18.3,0.0,22.02861111111111
1998-08-31,27.2,16.1,0.0,20.913333333333338
1998-09-01,26.1,18.9,0.0,26.085
1998-09-02,24.4,15.6,0.0,17.026666666666664
1998-09-03,30.0,14.4,6.4,26.085
1998-09-04,25.6,18.9,0.0,25.87611111111111
1998-09-05,31.7,15.6,0.0,21.91111111111111
1998-09-06,34.4,22.2,1.3,25.178611111111113
1998-09-07,23.9,16.1,89.2,21.428055555555552
1998-09-08,21.1,13.3,0.0,19.75888888888889
1998-09-09,22.8,13.9,0.5,21.780555555555548
1998-09-10,25.6,12.8,0.0,25.83694444444445
1998-09-11,28.9,15.6,0.0,26.81385117911107
1998-09-12,31.1,16.7,0.0,19.81111111111111
1998-09-13,32.2,17.8,0.0,20.97861111111111
1998-09-14,25.6,20.6,5.1,24.311388888888892
1998-09-15,22.8,20.6,3.6,22.355000000000004
1998-09-16,25.0,20.6,0.0,24.193888888888893
1998-09-17,25.6,18.9,0.0,21.161388888888883
1998-09-18,27.2,15.6,0.0,24.076388888888893
1998-09-19,30.6,18.3,0.0,28.532566155111038
1998-09-20,31.1,20.0,17.0,23.26138888888889
1998-09-21,20.6,16.1,0.0,23.326666666666668
1998-09-22,20.0,11.1,0.0,18.813333333333336
1998-09-23,20.0,10.0,0.0,13.393611111111115
1998-09-24,18.9,12.2,0.3,18.930833333333336
1998-09-25,27.2,14.4,1.0,28.855553559555556
1998-09-26,33.9,21.7,0.0,25.296111111111113
1998-09-27,30.6,17.2,0.0,30.454350755555513
1998-09-28,23.9,13.9,0.0,16.817777777777778
1998-09-29,23.3,14.4,1.0,22.14611111111111
1998-09-30,25.0,12.8,8.4,23.0263888888889
1998-10-01,16.1,8.3,0.0,19.126666666666665
1998-10-02,15.6,6.7,16.5,13.55027777777778
1998-10-03,15.0,10.6,0.3,13.66777777777778
1998-10-04,17.8,12.2,0.0,12.748333333333335
1998-10-05,22.8,13.3,0.3,15.005000000000003
1998-10-06,23.9,12.8,5.6,23.19611111111112
1998-10-07,16.1,10.6,0.0,15.650277777777777
1998-10-08,15.6,11.1,0.0,13.66777777777778
1998-10-09,17.8,10.0,0.0,11.502499999999998
1998-10-10,18.9,6.7,0.0,9.598333333333334
1998-10-11,21.1,7.8,0.0,11.776666666666667
1998-10-12,21.7,9.4,0.0,19.86333333333333
1998-10-13,13.3,5.6,0.0,15.506666666666668
1998-10-14,15.0,2.8,0.0,12.487222222222224
1998-10-15,18.9,10.0,0.5,16.700277777777774
1998-10-16,26.7,15.0,0.0,27.478487941777765
1998-10-17,22.2,17.2,36.6,23.07861111111112
1998-10-18,20.0,7.2,10.9,19.915555555555557
1998-10-19,19.4,5.0,0.0,14.495833333333334
1998-10-20,14.4,5.0,0.0,13.354444444444447
1998-10-21,12.8,5.0,0.0,9.389444444444443
1998-10-22,13.3,2.2,0.0,6.174166666666668
1998-10-23,17.2,3.9,0.0,7.224166666666668
1998-10-24,19.4,4.4,0.0,18.460833333333333
1998-10-25,20.0,7.8,0.0,17.830277777777773
1998-10-26,23.3,11.1,0.0,23.080277777777777
1998-10-27,22.8,15.0,10.7,19.75888888888889
1998-10-28,17.8,10.0,1.3,18.233333333333334
1998-10-29,16.7,7.8,11.7,18.656666666666663
1998-10-30,18.3,13.9,2.5,14.033333333333337
1998-10-31,15.6,12.8,0.0,16.133333333333333
1998-11-01,13.9,12.2,0.3,13.955
1998-11-02,12.2,7.8,0.0,9.454722222222223
1998-11-03,8.3,5.0,0.0,9.389444444444443
1998-11-04,5.6,1.7,4.8,5.176388888888886
1998-11-05,5.6,1.1,2.0,2.313611111111113
1998-11-06,7.2,0.0,0.0,5.006666666666667
1998-11-07,6.1,-1.7,0.0,-0.9277777777777767
1998-11-08,5.0,1.1,1.5,3.731388888888891
1998-11-09,9.4,3.9,10.2,7.826388888888889
1998-11-10,18.3,5.0,21.3,16.055
1998-11-11,8.3,2.2,0.0,2.1569444444444446
1998-11-12,8.3,2.8,0.0,6.291666666666668
1998-11-13,12.2,5.6,0.0,11.502499999999998
1998-11-14,15.0,5.6,0.0,14.678611111111113
1998-11-15,8.9,4.4,0.0,5.124166666666667
1998-11-16,14.4,4.4,0.0,6.370000000000001
1998-11-17,8.9,4.4,0.0,9.598333333333334
1998-11-18,16.1,4.4,0.0,15.533333333333339
1998-11-19,13.3,1.1,0.0,13.602500000000001
1998-11-20,1.7,-2.2,0.0,-2.0561111111111092
1998-11-21,6.1,-2.8,0.0,5.02027777777778
1998-11-22,15.6,3.9,0.0,6.239444444444441
1998-11-23,16.1,6.7,0.0,10.387222222222224
1998-11-24,14.4,1.1,0.0,13.197777777777778
1998-11-25,12.2,7.2,1.3,10.569999999999999
1998-11-26,15.6,4.4,0.0,14.929999999999998
1998-11-27,18.3,2.8,0.0,17.79111111111111
1998-11-28,20.6,7.2,0.0,8.470000000000006
1998-11-29,20.6,13.3,0.0,20.12444444444444
1998-11-30,18.3,4.4,6.4,15.005000000000003
1998-12-01,14.4,2.2,0.0,13.878888888888888
1998-12-02,17.2,9.4,0.0,9.389444444444443
1998-12-03,20.6,14.4,0.0,18.99611111111112
1998-12-04,20.0,15.0,0.0,17.105
1998-12-05,17.2,13.9,0.0,15.005000000000003
1998-12-06,17.2,3.9,35.1,7.733333333333334
1998-12-07,6.7,2.8,0.0,4.583333333333333
1998-12-08,7.2,0.0,0.0,2.1569444444444446
1998-12-09,10.0,0.0,0.0,8.130555555555558
1998-12-10,5.6,-0.6,0.0,1.1722222222222218
1998-12-11,10.0,-2.2,0.0,7.067499999999999
1998-12-12,10.0,-1.1,0.0,7.895555555555557
1998-12-13,9.4,-1.7,0.0,8.548333333333334
1998-12-14,8.9,-2.2,0.0,7.42
1998-12-15,11.1,2.2,0.0,10.387222222222224
1998-12-16,6.7,0.0,0.0,3.1416666666666675
1998-12-17,3.9,-1.7,0.0,3.0763888888888937
1998-12-18,12.2,1.1,0.0,10.965555555555556
1998-12-19,6.7,-1.1,0.0,10.282777777777778
1998-12-20,3.3,-1.1,1.3,2.091666666666667
1998-12-21,1.7,-11.1,2.3,0.291944444444441
1998-12-22,-9.4,-15.0,0.0,-15.88888888888889
1998-12-23,-4.4,-12.2,0.0,-11.532222222222222
1998-12-24,-1.7,-11.7,0.0,-3.7730555555555565
1998-12-25,0.6,-8.3,0.0,-0.7547222222222238
1998-12-26,0.0,-6.1,0.0,-3.3672222222222223
1998-12-27,6.7,-1.7,0.0,5.150833333333335
1998-12-28,6.1,-6.1,0.0,-3.999444444444445
1998-12-29,2.8,-12.8,2.3,2.235277777777777
1998-12-30,-10.0,-16.7,0.8,-6.465
1998-12-31,-7.2,-12.8,0.0,-9.4975
1999-01-01,-6.1,-13.3,2.0,-7.319166666666665
1999-01-02,-3.3,-8.3,21.3,-6.966666666666666
1999-01-03,-2.8,-15.6,2.8,-10.390833333333331
1999-01-04,-15.0,-22.2,0.0,-15.653888888888888
1999-01-05,-7.2,-26.1,1.3,-16.78222222222222
1999-01-06,-5.0,-15.0,2.3,-11.532222222222222
1999-01-07,-12.2,-20.6,0.0,-11.5975
1999-01-08,-4.4,-12.2,4.8,-5.049444444444443
1999-01-09,-10.0,-19.4,1.0,-12.58222222222222
1999-01-10,-8.9,-18.3,0.0,-17.845277777777778
1999-01-11,-9.4,-18.3,5.3,-18.803888888888885
1999-01-12,-1.1,-10.6,0.5,-3.0277777777777772
1999-01-13,-4.4,-8.9,0.0,-2.949444444444445
1999-01-14,-7.2,-9.4,0.8,-9.340833333333332
1999-01-15,-1.1,-8.3,0.0,-5.049444444444443
1999-01-16,5.0,-2.8,0.0,4.126388888888886
1999-01-17,5.6,-5.0,10.4,3.206944444444449
1999-01-18,2.2,-5.0,1.0,4.191666666666667
1999-01-19,0.0,-7.2,1.3,-1.8994444444444427
1999-01-20,5.6,-6.7,0.0,-1.7166666666666646
1999-01-21,5.0,0.6,24.4,3.206944444444449
1999-01-22,8.9,3.3,6.9,7.224166666666668
1999-01-23,7.2,1.1,18.5,2.4833333333333325
1999-01-24,1.7,0.0,0.0,0.291944444444441
1999-01-25,1.7,-4.4,0.0,-2.0561111111111092
1999-01-26,5.0,-6.1,0.0,3.011111111111112
1999-01-27,11.1,1.1,0.0,8.130555555555558
1999-01-28,1.7,0.0,0.0,0.9633333333333343
1999-01-29,5.6,-1.1,0.0,2.091666666666667
1999-01-30,6.7,-3.3,0.0,3.206944444444449
1999-01-31,5.0,0.0,0.0,1.1722222222222218
1999-02-01,7.8,1.7,1.3,5.176388888888886
1999-02-02,6.1,1.7,5.6,4.9674999999999985
1999-02-03,7.8,2.2,0.5,4.9674999999999985
1999-02-04,6.1,-5.0,0.0,-0.40000000000000135
1999-02-05,7.2,-5.0,1.3,1.9611111111111117
1999-02-06,9.4,1.7,0.0,4.191666666666667
1999-02-07,3.9,-0.6,0.0,1.263611111111113
1999-02-08,8.9,-0.6,0.0,1.3419444444444453
1999-02-09,13.9,2.8,0.0,12.017222222222223
1999-02-10,16.1,1.1,0.0,8.130555555555558
1999-02-11,21.7,-1.1,5.8,18.930833333333336
1999-02-12,0.0,-8.3,0.5,16.948333333333334
1999-02-13,2.2,-8.9,0.0,-3.471666666666668
1999-02-14,8.3,-4.4,0.0,5.978333333333331
1999-02-15,13.9,1.7,0.0,11.202222222222224
1999-02-16,8.3,0.6,1.3,2.3919444444444458
1999-02-17,0.6,-2.8,0.0,-1.201944444444444
1999-02-18,3.3,-5.0,0.0,-1.201944444444444
1999-02-19,1.1,-2.2,0.0,-1.0061111111111112
1999-02-20,-0.6,-5.0,0.0,-2.1866666666666665
1999-02-21,2.2,-3.3,0.0,-1.0713888888888887
1999-02-22,1.1,-5.6,0.0,-2.5
1999-02-23,2.2,-3.3,0.0,-0.2563888888888894
1999-02-24,2.8,-4.4,3.0,0.9633333333333343
1999-02-25,4.4,-0.6,0.0,0.20055555555555393
1999-02-26,9.4,-1.1,6.6,4.191666666666667
1999-02-27,10.6,5.0,5.8,3.44194444444445
1999-02-28,6.1,2.2,1.3,7.485277777777778
1999-03-01,7.2,-0.6,0.0,1.9611111111111117
1999-03-02,7.8,1.1,6.1,6.513611111111111
1999-03-03,2.8,-2.2,0.0,5.46361111111111
1999-03-04,3.3,-4.4,0.0,-1.0713888888888887
1999-03-05,6.1,0.0,11.9,2.235277777777777
1999-03-06,0.0,-5.0,6.1,-2.949444444444445
1999-03-07,-3.3,-7.2,0.5,-3.3019444444444446
1999-03-08,0.0,-7.2,5.1,-2.1866666666666665
1999-03-09,0.0,-2.2,8.4,-1.8994444444444427
1999-03-10,1.7,-2.8,0.3,-1.1366666666666663
1999-03-11,2.8,-5.0,0.0,1.9611111111111117
1999-03-12,2.8,-5.6,0.0,-0.08666666666666797
1999-03-13,1.7,-1.1,0.0,-0.02138888888889036
1999-03-14,3.9,-1.1,0.0,1.9611111111111117
1999-03-15,6.7,-3.9,0.0,5.782500000000002
1999-03-16,12.2,1.1,0.0,11.241388888888887
1999-03-17,16.7,3.9,0.0,15.506666666666668
1999-03-18,8.9,1.7,0.0,5.058888888888886
1999-03-19,7.2,-0.6,0.0,4.074166666666667
1999-03-20,13.3,-2.2,0.0,10.139166666666668
1999-03-21,8.9,0.6,0.0,3.9566666666666666
1999-03-22,6.7,-2.2,0.0,0.9633333333333343
1999-03-23,13.9,-1.7,0.0,10.967222222222222
1999-03-24,6.7,-0.6,0.0,9.917222222222222
1999-03-25,5.0,-1.1,0.0,2.0263888888888895
1999-03-26,6.7,0.6,0.0,3.011111111111112
1999-03-27,14.4,-1.1,0.0,6.239444444444441
1999-03-28,13.3,4.4,0.0,11.123888888888887
1999-03-29,18.3,3.9,0.0,15.049722222222222
1999-03-30,23.3,6.7,0.0,20.37805555555555
1999-03-31,22.8,10.0,0.0,17.293333333333337
1999-04-01,17.2,12.8,0.0,14.783055555555555
1999-04-02,25.0,12.8,0.0,14.783055555555555
1999-04-03,22.8,15.6,0.0,20.04611111111111
1999-04-04,20.6,8.3,5.6,19.510833333333338
1999-04-05,17.2,5.6,1.8,6.591944444444443
1999-04-06,16.7,8.9,1.0,15.767777777777777
1999-04-07,25.6,6.1,0.0,22.608611111111117
1999-04-08,18.3,10.0,30.0,9.454722222222223
1999-04-09,12.2,6.1,9.7,7.6419444444444435
1999-04-10,15.6,4.4,2.8,4.256944444444441
1999-04-11,11.1,5.0,0.0,9.520000000000001
1999-04-12,14.4,3.3,0.0,8.22194444444445
1999-04-13,16.1,5.0,0.0,10.504722222222224
1999-04-14,17.2,5.0,0.0,10.139166666666668
1999-04-15,13.3,7.8,27.4,11.332777777777778
1999-04-16,7.8,6.1,8.6,7.733333333333334
1999-04-17,10.0,2.8,0.0,6.435277777777778
1999-04-18,8.9,5.0,3.3,7.3547222222222235
1999-04-19,12.8,2.8,0.0,5.385277777777778
1999-04-20,15.0,3.3,3.8,7.42
1999-04-21,17.8,9.4,1.3,10.726666666666667
1999-04-22,15.0,8.3,38.1,9.833333333333336
1999-04-23,11.1,4.4,3.8,7.289444444444442
1999-04-24,12.2,3.3,0.0,8.130555555555558
1999-04-25,17.8,3.3,0.0,10.387222222222224
1999-04-26,18.3,6.7,0.0,8.339444444444446
1999-04-27,13.3,8.3,34.3,9.520000000000001
1999-04-28,17.2,8.3,1.3,8.404722222222224
1999-04-29,17.2,7.8,0.0,12.34361111111111
1999-04-30,18.9,5.6,0.0,12.134722222222223
1999-05-01,22.8,6.1,0.0,22.438888888888897
1999-05-02,23.3,7.8,0.0,16.42611111111111
1999-05-03,26.7,13.9,0.0,18.70888888888889
1999-05-04,28.3,15.6,0.0,18.865555555555556
1999-05-05,27.8,17.8,2.3,24.813055555555554
1999-05-06,19.4,12.2,7.9,22.974166666666672
1999-05-07,17.2,12.2,0.0,14.6525
1999-05-08,15.6,10.0,0.0,13.602500000000001
1999-05-09,16.7,7.8,0.0,12.683055555555553
1999-05-10,23.9,8.3,0.0,15.650277777777777
1999-05-11,26.7,14.4,25.1,15.715555555555556
1999-05-12,23.9,13.3,3.8,19.81111111111111
1999-05-13,15.0,9.4,0.8,12.905
1999-05-14,18.3,8.9,0.0,12.487222222222224
1999-05-15,23.3,12.8,0.3,17.946111111111108
1999-05-16,29.4,15.6,0.0,15.976666666666663
1999-05-17,26.7,17.8,14.5,25.126388888888894
1999-05-18,21.1,13.3,2.0,23.0263888888889
1999-05-19,22.8,10.6,0.0,19.628333333333337
1999-05-20,27.8,13.9,0.0,14.783055555555555
1999-05-21,26.7,15.6,26.9,24.813055555555554
1999-05-22,21.1,12.2,0.5,15.833055555555555
1999-05-23,22.8,11.7,11.2,20.97861111111111
1999-05-24,13.3,10.6,0.0,16.648055555555555
1999-05-25,20.6,7.8,0.0,17.319444444444446
1999-05-26,22.8,11.7,0.0,17.37166666666667
1999-05-27,28.3,10.6,0.0,22.752222222222226
1999-05-28,30.6,18.9,0.0,25.91527777777778
1999-05-29,31.1,19.4,0.0,24.930555555555557
1999-05-30,30.0,18.3,1.3,23.971944444444446
1999-05-31,28.9,19.4,13.7,27.939517511555696
1999-06-01,26.1,15.0,47.8,22.211388888888887
1999-06-02,24.4,14.4,3.6,14.926666666666668
1999-06-03,18.9,13.3,0.0,14.6525
1999-06-04,26.7,13.3,0.0,21.963333333333328
1999-06-05,32.8,18.3,0.0,33.665803991555485
1999-06-06,34.4,24.4,0.0,34.126960103555646
1999-06-07,32.8,24.4,0.0,30.63497851511113
1999-06-08,33.3,23.3,0.0,24.076388888888893
1999-06-09,33.3,22.8,0.0,26.241666666666674
1999-06-10,33.3,22.8,11.2,29.675842565777796
1999-06-11,32.8,21.7,30.5,32.42304028755553
1999-06-12,28.9,21.1,4.6,25.243888888888886
1999-06-13,23.9,16.1,20.1,21.226666666666667
1999-06-14,25.0,15.0,0.0,19.367222222222217
1999-06-15,17.8,12.8,0.0,17.880833333333335
1999-06-16,19.4,13.9,0.0,17.60666666666667
1999-06-17,19.4,10.6,0.0,16.556666666666665
1999-06-18,23.9,10.6,0.0,19.75888888888889
1999-06-19,26.1,17.2,0.0,21.963333333333328
1999-06-20,26.7,16.7,0.0,20.913333333333338
1999-06-21,28.9,20.0,0.0,24.128611111111113
1999-06-22,30.6,21.1,6.9,28.532566155111038
1999-06-23,30.6,22.2,3.3,28.922434379555526
1999-06-24,28.3,22.2,9.7,22.43333333333333
1999-06-25,30.6,20.0,0.0,27.478487941777765
1999-06-26,31.7,21.7,23.1,26.293888888888894
1999-06-27,29.4,22.2,2.3,32.72727353155561
1999-06-28,31.7,20.6,1.8,26.42444444444444
1999-06-29,22.8,15.0,0.0,18.761111111111116
1999-06-30,26.7,16.7,0.0,22.974166666666672
1999-07-01,27.2,19.4,12.7,27.297443267111174
1999-07-02,31.1,20.6,0.0,28.53942504177774
1999-07-03,33.3,26.1,0.0,38.0092205804447
1999-07-04,35.0,26.7,0.0,38.39286542044457
1999-07-05,35.0,26.7,0.0,36.87690864355567
1999-07-06,31.1,22.2,0.0,38.139577415111084
1999-07-07,31.1,18.9,0.0,26.085
1999-07-08,31.1,19.4,0.0,29.167844777777734
1999-07-09,31.1,21.7,0.0,30.63497851511113
1999-07-10,24.4,16.1,0.0,28.029696888444366
1999-07-11,27.8,15.0,0.0,24.930555555555557
1999-07-12,27.8,17.2,0.0,26.03277777777778
1999-07-13,30.0,17.8,0.0,26.124166666666675
1999-07-14,31.7,20.0,0.0,28.88871927955556
1999-07-15,33.3,21.1,0.0,30.912882311555524
1999-07-16,35.0,23.3,0.0,34.855849563555616
1999-07-17,27.8,21.7,39.4,34.126960103555646
1999-07-18,30.0,21.7,0.0,25.37444444444445
1999-07-19,32.2,22.2,7.1,33.665803991555485
1999-07-20,28.9,22.2,0.0,24.389722222222222
1999-07-21,35.0,23.9,29.2,32.6347006444444
1999-07-22,34.4,24.4,0.0,29.646778983555564
1999-07-23,35.0,23.9,0.5,38.39286542044457
1999-07-24,35.6,23.3,0.0,30.66645219955549
1999-07-25,36.7,26.1,0.0,35.35430882977785
1999-07-26,32.2,26.1,0.3,29.675842565777796
1999-07-27,31.7,23.9,0.0,30.66645219955549
1999-07-28,35.0,25.6,0.0,37.417663543111225
1999-07-29,37.2,24.4,0.0,44.77563172711112
1999-07-30,40.0,28.9,0.0,44.76394195511112
1999-07-31,33.3,26.1,0.0,40.675428944444484
1999-08-01,28.9,21.1,0.0,27.939517511555696
1999-08-02,27.2,20.0,0.0,25.954444444444448
1999-08-03,29.4,18.3,0.0,27.803986445777756
1999-08-04,29.4,21.1,0.0,26.03277777777778
1999-08-05,26.7,18.9,0.0,24.982777777777773
1999-08-06,31.7,18.3,0.0,29.689165055555495
1999-08-07,25.6,21.7,5.1,23.326666666666668
1999-08-08,23.3,18.3,0.0,23.326666666666668
1999-08-09,26.1,13.9,0.8,23.932777777777783
1999-08-10,32.2,20.6,0.0,29.90886722755556
1999-08-11,30.0,20.6,0.0,26.085
1999-08-12,25.0,18.3,10.9,25.243888888888886
1999-08-13,27.8,18.9,1.5,28.855553559555556
1999-08-14,23.3,15.6,0.0,22.752222222222226
1999-08-15,27.8,14.4,0.0,24.982777777777773
1999-08-16,30.6,17.2,0.0,28.60630777155556
1999-08-17,31.7,20.6,0.0,27.66945627244443
1999-08-18,23.9,18.3,1.5,23.19611111111112
1999-08-19,23.3,17.8,14.2,22.14611111111111
1999-08-20,25.0,16.1,0.0,23.932777777777783
1999-08-21,24.4,14.4,0.0,24.076388888888893
1999-08-22,26.7,15.6,0.0,27.478487941777765
1999-08-23,26.1,19.4,9.4,24.246111111111112
1999-08-24,23.9,19.4,9.4,22.211388888888887
1999-08-25,22.2,19.4,4.3,22.276666666666657
1999-08-26,27.2,18.3,0.0,24.193888888888893
1999-08-27,31.1,18.9,0.0,30.15387115511095
1999-08-28,33.3,22.2,0.0,31.213585699111068
1999-08-29,25.6,18.9,0.0,22.08083333333333
1999-08-30,21.1,17.2,0.0,19.75888888888889
1999-08-31,26.7,15.0,0.0,23.880555555555556
1999-09-01,30.6,17.2,0.0,29.232366431555484
1999-09-02,32.8,18.3,0.0,30.15387115511095
1999-09-03,32.8,20.6,0.0,30.15387115511095
1999-09-04,33.3,20.6,0.0,26.241666666666674
1999-09-05,34.4,21.1,0.0,26.085
1999-09-06,25.0,16.1,0.0,22.869722222222226
1999-09-07,26.7,13.9,0.0,22.869722222222226
1999-09-08,30.0,17.8,0.0,28.199663933777813
1999-09-09,22.2,12.2,0.0,21.58472222222222
1999-09-10,24.4,10.6,0.0,23.6325
1999-09-11,28.3,11.7,0.0,23.880555555555556
1999-09-12,27.8,15.0,6.9,26.965124885777826
1999-09-13,20.6,12.2,0.0,18.617500000000007
1999-09-14,22.8,10.0,0.0,19.510833333333338
1999-09-15,21.1,8.9,0.0,17.711111111111116
1999-09-16,20.0,11.1,0.0,19.70666666666667
1999-09-17,21.1,10.0,0.0,19.70666666666667
1999-09-18,25.6,12.2,0.0,19.6675
1999-09-19,27.8,13.3,1.0,25.79777777777778
1999-09-20,19.4,12.2,0.0,21.963333333333328
1999-09-21,16.7,8.9,1.8,14.495833333333334
1999-09-22,23.3,7.8,0.0,20.469444444444445
1999-09-23,27.2,11.1,0.0,25.771666666666672
1999-09-24,19.4,12.8,0.0,17.65888888888889
1999-09-25,27.8,10.0,0.0,20.97861111111111
1999-09-26,30.6,16.7,0.0,28.05942110177776
1999-09-27,23.9,16.1,4.8,20.176666666666662
1999-09-28,20.6,11.7,39.1,20.176666666666662
1999-09-29,18.3,9.4,6.4,12.213055555555554
1999-09-30,21.7,6.7,0.0,20.57388888888889
1999-10-01,17.8,6.7,0.0,15.297777777777778
1999-10-02,14.4,5.0,2.3,14.6525
1999-10-03,9.4,5.6,19.1,9.454722222222223
1999-10-04,13.3,5.6,0.0,12.434999999999997
1999-10-05,18.9,4.4,0.0,17.410833333333333
1999-10-06,16.1,7.2,0.0,16.46527777777778
1999-10-07,23.3,7.8,0.0,21.62388888888889
1999-10-08,17.2,14.4,1.3,17.65888888888889
1999-10-09,20.6,13.3,0.0,17.026666666666664
1999-10-10,26.7,13.3,0.0,23.932777777777783
1999-10-11,20.6,9.4,0.0,16.765555555555554
1999-10-12,24.4,10.6,0.0,20.639166666666664
1999-10-13,19.4,8.9,1.3,19.86333333333333
1999-10-14,16.7,5.6,0.0,13.354444444444447
1999-10-15,26.7,10.0,0.0,25.83694444444445
1999-10-16,21.1,11.1,1.8,23.80222222222222
1999-10-17,12.2,4.4,0.0,10.230555555555554
1999-10-18,12.2,3.3,0.0,10.334999999999997
1999-10-19,15.6,5.6,0.0,14.24777777777778
1999-10-20,12.2,2.8,0.0,12.382777777777779
1999-10-21,21.1,3.9,0.0,19.484722222222217
1999-10-22,16.1,6.1,0.0,17.476111111111113
1999-10-23,10.0,3.9,0.0,8.078333333333335
1999-10-24,11.1,-1.1,0.0,9.943333333333332
1999-10-25,18.9,2.2,0.0,17.267222222222227
1999-10-26,16.7,7.8,0.0,15.232499999999996
1999-10-27,17.8,5.6,0.0,14.313055555555556
1999-10-28,27.2,10.6,0.0,12.291388888888887
1999-10-29,26.1,10.0,0.0,24.721666666666664
1999-10-30,25.0,15.0,0.0,23.80222222222222
1999-10-31,20.0,11.7,0.0,14.783055555555555
1999-11-01,25.0,9.4,2.8,23.880555555555556
1999-11-02,9.4,1.7,0.0,15.41527777777778
1999-11-03,8.9,-1.1,0.0,4.836944444444444
1999-11-04,18.9,1.1,0.0,18.225833333333334
1999-11-05,20.0,8.3,0.0,16.25638888888889
1999-11-06,14.4,3.3,0.0,10.034722222222221
1999-11-07,13.3,2.2,0.0,9.128333333333332
1999-11-08,23.3,6.7,0.0,22.38666666666667
1999-11-09,23.9,13.9,0.0,22.713055555555563
1999-11-10,21.7,9.4,0.0,20.678333333333335
1999-11-11,9.4,6.1,0.0,9.663611111111111
1999-11-12,16.1,3.9,0.0,15.545833333333336
1999-11-13,21.7,6.1,0.0,20.57388888888889
1999-11-14,15.6,2.8,0.0,10.191388888888888
1999-11-15,11.7,0.6,0.0,9.089166666666667
1999-11-16,8.9,1.7,0.0,7.171944444444446
1999-11-17,10.6,1.7,0.0,9.01083333333333
1999-11-18,22.2,6.7,0.0,18.317222222222224
1999-11-19,15.0,4.4,0.5,17.267222222222227
1999-11-20,7.2,2.8,0.0,7.3547222222222235
1999-11-21,12.2,2.2,0.0,9.754999999999999
1999-11-22,17.2,9.4,4.8,15.598055555555554
1999-11-23,18.3,5.6,7.9,17.880833333333335
1999-11-24,8.3,1.7,0.0,8.169722222222223
1999-11-25,8.9,-1.1,0.0,9.089166666666667
1999-11-26,8.9,1.7,0.8,8.130555555555558
1999-11-27,9.4,1.1,0.0,9.128333333333332
1999-11-28,8.9,-2.2,0.0,8.000000000000004
1999-11-29,4.4,-2.2,0.0,4.9674999999999985
1999-11-30,5.0,-4.4,0.0,4.7977777777777755
1999-12-01,7.2,-1.1,0.0,5.926111111111112
1999-12-02,15.0,5.6,0.0,12.173888888888888
1999-12-03,13.9,10.0,14.2,12.748333333333335
1999-12-04,12.8,8.9,23.4,11.776666666666667
1999-12-05,8.9,0.0,24.1,9.754999999999999
1999-12-06,3.3,-1.7,0.0,3.285277777777781
1999-12-07,5.6,-2.2,0.0,5.176388888888886
1999-12-08,10.0,0.0,0.0,9.285
1999-12-09,12.2,5.6,1.3,11.332777777777778
1999-12-10,5.6,-1.1,0.0,1.9088888888888889
1999-12-11,5.6,-3.3,0.0,4.008888888888886
1999-12-12,5.6,0.0,0.0,5.176388888888886
1999-12-13,7.8,-2.2,0.0,6.121944444444445
1999-12-14,4.4,1.7,3.8,3.3636111111111138
1999-12-15,4.4,1.1,5.1,3.44194444444445
1999-12-16,1.1,-5.0,1.5,1.263611111111113
1999-12-17,0.0,-6.1,4.1,0.1222222222222216
1999-12-18,-0.6,-10.0,0.0,-1.201944444444444
1999-12-19,4.4,-3.3,0.0,3.206944444444449
1999-12-20,3.9,-13.3,0.5,3.285277777777781
1999-12-21,-7.2,-16.1,0.0,-9.628055555555555
1999-12-22,-7.8,-12.2,0.0,-8.369166666666665
1999-12-23,-7.2,-14.4,1.3,-8.434444444444445
1999-12-24,-4.4,-12.8,0.0,-6.3997222222222225
1999-12-25,0.0,-13.9,0.0,-4.234444444444445
1999-12-26,1.1,-4.4,0.0,-0.7580555555555554
1999-12-27,-1.7,-9.4,0.0,-3.471666666666668
1999-12-28,0.0,-11.1,0.0,-2.121388888888889
1999-12-29,8.9,-1.7,0.0,7.171944444444446
1999-12-30,5.0,-1.1,0.0,2.313611111111113
1999-12-31,6.7,-3.3,0.0,4.915277777777776
2000-01-01,11.1,1.7,0.0,9.180555555555559
2000-01-02,16.1,2.8,0.0,15.715555555555556
2000-01-03,5.0,0.6,4.3,6.435277777777778
2000-01-04,1.1,-4.4,0.3,3.44194444444445
2000-01-05,-2.2,-8.9,0.0,-4.077777777777778
2000-01-06,6.7,-2.8,0.0,5.124166666666667
2000-01-07,-0.6,-5.0,0.0,0.1222222222222216
2000-01-08,8.3,-1.7,1.8,7.171944444444446
2000-01-09,5.6,2.8,3.3,4.531111111111111
2000-01-10,8.3,4.4,3.6,7.52611111111111
2000-01-11,4.4,-1.1,0.0,6.239444444444441
2000-01-12,3.3,-2.2,0.0,1.9611111111111117
2000-01-13,1.7,-7.8,0.3,1.147222222222221
2000-01-14,-1.7,-8.9,0.0,-3.236666666666667
2000-01-15,7.2,-2.2,0.0,5.67638888888889
2000-01-16,3.9,-3.3,0.0,4.008888888888886
2000-01-17,-3.3,-7.2,3.8,-3.236666666666667
2000-01-18,0.0,-6.7,0.0,-0.9277777777777767
2000-01-19,-1.7,-8.9,9.4,-1.8994444444444427
2000-01-20,-6.1,-16.7,0.3,-3.658888888888888
2000-01-21,-9.4,-18.9,0.0,-12.501666666666665
2000-01-22,-1.7,-13.9,3.3,-5.12777777777778
2000-01-23,-1.7,-15.0,0.0,-2.858055555555556
2000-01-24,-8.9,-18.9,0.0,-11.741111111111111
2000-01-25,-3.3,-10.0,0.5,-6.3997222222222225
2000-01-26,-3.9,-12.8,0.0,-5.349722222222223
2000-01-27,-3.3,-9.4,0.5,-5.2844444444444445
2000-01-28,-0.6,-10.6,0.0,-2.999999999999999
2000-01-29,-2.2,-6.7,4.3,-3.459722222222224
2000-01-30,-2.2,-4.4,4.1,-2.949444444444445
2000-01-31,-3.9,-11.7,0.0,-2.949444444444445
2000-02-01,-1.1,-7.2,0.0,-2.2519444444444443
2000-02-02,0.6,-11.7,0.0,-4.299722222222222
2000-02-03,3.9,-1.7,0.0,2.091666666666667
2000-02-04,1.1,-7.2,1.0,0.05694444444444397
2000-02-05,-2.2,-8.9,0.0,-3.9722222222222214
2000-02-06,1.1,-6.7,0.0,-0.02138888888889036
2000-02-07,2.8,-4.4,0.0,1.9611111111111117
2000-02-08,1.7,-8.3,0.0,-0.02138888888889036
2000-02-09,10.0,1.1,0.0,9.180555555555559
2000-02-10,7.2,0.0,0.0,6.291666666666668
2000-02-11,0.0,-5.0,0.0,2.313611111111113
2000-02-12,2.2,-7.8,0.0,-0.2036111111111142
2000-02-13,0.0,-1.1,0.0,-0.8494444444444444
2000-02-14,1.1,-4.4,0.0,-0.08666666666666797
2000-02-15,6.1,-4.4,0.0,3.206944444444449
2000-02-16,3.9,-3.9,0.0,5.176388888888886
2000-02-17,2.2,-4.4,0.0,0.7544444444444467
2000-02-18,0.0,-1.7,16.3,-0.08611111111111372
2000-02-19,0.6,-2.8,0.0,-0.2041666666666665
2000-02-20,1.1,-5.6,0.0,-1.201944444444444
2000-02-21,8.9,-5.6,0.0,8.287222222222223
2000-02-22,15.6,6.1,0.0,14.600277777777782
2000-02-23,18.9,10.0,0.0,17.51527777777778
2000-02-24,15.6,7.2,14.2,15.376111111111108
2000-02-25,22.8,6.7,0.0,22.134166666666665
2000-02-26,17.8,10.0,4.1,19.86333333333333
2000-02-27,11.7,5.0,0.0,12.826666666666666
2000-02-28,13.9,0.6,0.0,12.134722222222223
2000-02-29,18.3,7.2,0.0,17.37166666666667
2000-03-01,13.3,3.9,0.8,16.321666666666665
2000-03-02,4.4,0.0,0.0,7.067499999999999
2000-03-03,8.3,-2.8,0.0,6.936944444444444
2000-03-04,17.2,-1.7,0.0,16.321666666666665
2000-03-05,20.6,3.9,0.0,20.443333333333335
2000-03-06,21.1,5.6,0.0,20.37805555555555
2000-03-07,26.1,11.7,0.0,25.91527777777778
2000-03-08,26.1,13.9,0.0,25.91527777777778
2000-03-09,17.8,-1.1,0.5,22.869722222222226
2000-03-10,1.7,-2.2,0.0,0.20055555555555393
2000-03-11,1.7,-2.8,0.0,-0.046944444444447536
2000-03-12,9.4,-5.0,0.0,7.804166666666666
2000-03-13,8.3,1.7,0.8,7.3547222222222235
2000-03-14,15.0,0.0,0.5,13.22388888888889
2000-03-15,19.4,2.2,2.5,18.656666666666663
2000-03-16,5.0,-0.6,0.0,12.826666666666666
2000-03-17,2.2,-1.1,0.0,0.7022222222222239
2000-03-18,6.7,-2.8,0.0,4.876111111111111
2000-03-19,7.8,2.8,7.9,5.124166666666667
2000-03-20,13.3,6.7,6.4,12.683055555555553
2000-03-21,11.1,6.7,0.8,10.648333333333333
2000-03-22,15.6,4.4,0.0,15.545833333333336
2000-03-23,17.2,6.7,0.0,16.595833333333335
2000-03-24,21.7,10.0,2.3,20.80888888888889
2000-03-25,17.2,8.3,0.0,18.70888888888889
2000-03-26,20.6,3.3,5.3,19.393333333333334
2000-03-27,13.3,3.9,1.8,18.369444444444444
2000-03-28,7.2,1.1,0.3,10.139166666666668
2000-03-29,10.0,-0.6,0.0,8.130555555555558
2000-03-30,10.0,0.0,0.0,9.285
2000-03-31,17.8,0.0,0.0,16.204166666666666
2000-04-01,13.9,8.9,0.0,15.206388888888888
2000-04-02,13.9,7.8,0.0,12.552499999999998
2000-04-03,16.1,6.7,0.3,15.297777777777778
2000-04-04,8.3,0.6,0.0,11.241388888888887
2000-04-05,17.8,-0.6,0.0,16.230277777777776
2000-04-06,17.8,8.3,0.0,17.293333333333337
2000-04-07,11.7,0.6,15.5,15.088888888888887
2000-04-08,5.0,-1.7,1.5,3.8261111111111115
2000-04-09,14.4,0.0,0.0,13.158611111111114
2000-04-10,4.4,1.1,3.8,6.174166666666668
2000-04-11,4.4,0.0,0.0,3.44194444444445
2000-04-12,9.4,-1.1,0.0,7.895555555555557
2000-04-13,17.8,3.3,0.0,17.293333333333337
2000-04-14,25.0,7.8,0.0,23.6325
2000-04-15,25.0,5.6,0.0,23.880555555555556
2000-04-16,15.0,5.0,31.0,12.683055555555553
2000-04-17,8.9,5.0,0.0,10.648333333333333
2000-04-18,12.8,5.0,0.0,12.61777777777778
2000-04-19,15.0,10.0,16.8,14.848333333333336
2000-04-20,20.0,6.1,32.3,20.04611111111111
2000-04-21,10.0,4.4,13.2,11.698333333333334
2000-04-22,18.9,1.1,0.0,17.37166666666667
2000-04-23,10.6,7.2,6.1,12.173888888888888
2000-04-24,18.3,6.1,0.0,17.37166666666667
2000-04-25,16.7,5.6,0.0,15.128055555555555
2000-04-26,17.8,5.0,0.0,16.164999999999996
2000-04-27,20.0,6.7,0.0,19.393333333333334
2000-04-28,20.0,5.6,0.0,19.393333333333334
2000-04-29,13.3,5.6,0.0,16.204166666666666
2000-04-30,22.2,4.4,0.0,21.66305555555555
2000-05-01,18.3,9.4,9.1,17.880833333333335
2000-05-02,21.7,8.3,0.0,21.780555555555548
2000-05-03,25.6,12.8,0.0,25.87611111111111
2000-05-04,27.8,17.2,0.0,27.66945627244443
2000-05-05,29.4,17.8,0.0,29.42344713511115
2000-05-06,30.6,18.3,0.0,30.052721355555555
2000-05-07,26.1,20.0,0.0,27.66945627244443
2000-05-08,30.6,18.9,24.1,31.887677555555513
2000-05-09,19.4,11.1,27.7,30.15387115511095
2000-05-10,18.3,8.3,0.0,17.65888888888889
2000-05-11,26.1,15.6,6.4,23.19611111111112
2000-05-12,30.0,16.7,7.9,33.239386577777815
2000-05-13,16.7,8.3,0.0,22.276666666666657
2000-05-14,17.8,5.6,0.0,16.321666666666665
2000-05-15,21.7,7.2,0.0,20.443333333333335
2000-05-16,20.6,12.8,3.6,20.769722222222228
2000-05-17,21.1,13.3,1.0,19.06138888888889
2000-05-18,21.7,8.3,15.5,22.14611111111111
2000-05-19,9.4,7.8,0.0,11.776666666666667
2000-05-20,15.6,8.9,0.0,14.313055555555556
2000-05-21,21.7,9.4,0.0,20.678333333333335
2000-05-22,26.1,13.9,4.8,25.954444444444448
2000-05-23,28.3,17.8,0.0,26.965124885777826
2000-05-24,28.3,16.1,0.0,26.892080439555514
2000-05-25,25.6,12.2,0.0,25.628055555555562
2000-05-26,22.2,15.0,1.8,23.541111111111107
2000-05-27,21.1,13.3,28.7,21.096111111111114
2000-05-28,16.1,11.1,5.1,19.126666666666665
2000-05-29,20.0,8.9,0.0,18.656666666666663
2000-05-30,27.2,13.9,0.8,28.22722080577791
2000-05-31,25.6,15.0,28.2,28.532566155111038
2000-06-01,31.1,15.6,0.3,33.665803991555485
2000-06-02,22.8,12.8,0.0,31.887677555555513
2000-06-03,17.8,11.1,0.0,17.51527777777778
2000-06-04,16.7,12.2,1.5,16.556666666666665
2000-06-05,17.2,10.6,13.0,16.648055555555555
2000-06-06,22.2,7.8,0.0,21.58472222222222
2000-06-07,26.7,12.2,0.0,25.71944444444445
2000-06-08,32.8,18.9,0.0,32.837765091555625
2000-06-09,32.2,20.0,0.0,32.45798420844449
2000-06-10,32.2,22.8,1.5,33.665803991555485
2000-06-11,28.3,15.6,10.9,31.87245595155562
2000-06-12,21.1,13.3,16.8,22.14611111111111
2000-06-13,28.3,15.0,14.2,29.232366431555484
2000-06-14,28.3,19.4,14.7,28.855553559555556
2000-06-15,27.2,17.2,0.0,25.954444444444448
2000-06-16,24.4,17.2,0.8,25.91527777777778
2000-06-17,18.3,14.4,0.3,20.97861111111111
2000-06-18,23.3,13.9,0.0,22.647777777777783
2000-06-19,27.8,15.6,0.0,27.66431045955554
2000-06-20,27.8,20.0,14.5,29.19618301911106
2000-06-21,27.2,21.1,0.0,26.965124885777826
2000-06-22,28.9,17.8,0.0,27.66431045955554
2000-06-23,30.6,17.8,2.5,29.827509431555605
2000-06-24,26.1,19.4,28.7,28.60630777155556
2000-06-25,30.6,18.3,0.0,30.454350755555513
2000-06-26,28.3,19.4,0.0,28.53942504177774
2000-06-27,25.6,16.7,0.0,23.932777777777783
2000-06-28,22.2,15.6,2.5,23.72388888888889
2000-06-29,25.6,14.4,0.0,23.84138888888889
2000-06-30,27.2,14.4,0.0,26.718515183555557
2000-07-01,28.3,17.2,0.0,28.53942504177774
2000-07-02,30.6,20.0,22.1,35.35430882977785
2000-07-03,24.4,18.9,24.9,30.15387115511095
2000-07-04,26.1,18.3,0.0,26.176388888888894
2000-07-05,29.4,20.6,0.0,30.15387115511095
2000-07-06,28.3,19.4,0.0,28.922434379555526
2000-07-07,25.6,18.9,0.0,23.932777777777783
2000-07-08,30.0,18.9,0.0,31.371828855555602
2000-07-09,32.2,22.2,0.0,36.775126332444664
2000-07-10,28.3,19.4,24.9,33.239386577777815
2000-07-11,25.6,18.3,0.0,26.176388888888894
2000-07-12,27.2,20.6,0.0,27.478487941777765
2000-07-13,31.7,19.4,0.0,31.36906995955557
2000-07-14,31.1,22.2,0.0,30.63497851511113
2000-07-15,26.7,20.0,0.0,28.60630777155556
2000-07-16,28.9,17.8,0.0,28.352715167555544
2000-07-17,31.7,21.7,0.0,31.887677555555513
2000-07-18,23.9,16.7,0.8,28.352715167555544
2000-07-19,21.1,16.1,0.0,20.769722222222228
2000-07-20,25.0,16.1,0.0,24.891388888888894
2000-07-21,24.4,15.6,0.0,23.880555555555556
2000-07-22,23.9,15.0,0.0,22.673888888888897
2000-07-23,23.3,13.9,0.0,22.7913888888889
2000-07-24,26.1,13.3,0.0,25.87611111111111
2000-07-25,28.3,17.8,0.0,27.66431045955554
2000-07-26,29.4,18.9,0.0,29.093004120444423
2000-07-27,30.6,21.1,4.6,31.887677555555513
2000-07-28,28.9,20.6,1.5,30.15387115511095
2000-07-29,26.1,21.1,6.4,26.124166666666675
2000-07-30,25.6,20.6,11.9,24.128611111111113
2000-07-31,22.2,19.4,6.4,22.211388888888887
2000-08-01,29.4,18.9,0.5,30.733060379555532
2000-08-02,31.1,19.4,3.0,33.665803991555485
2000-08-03,22.8,14.4,0.0,22.14611111111111
2000-08-04,26.7,14.4,0.0,26.49947119244446
2000-08-05,25.0,17.8,9.7,25.79777777777778
2000-08-06,31.7,20.6,27.9,35.35430882977785
2000-08-07,30.0,20.0,0.0,30.30655435155552
2000-08-08,30.0,22.2,0.0,32.011302207111086
2000-08-09,32.2,21.1,0.0,32.45798420844449
2000-08-10,30.6,18.9,0.0,28.60630777155556
2000-08-11,26.7,18.9,0.0,26.085
2000-08-12,28.9,17.8,0.0,28.029696888444366
2000-08-13,27.8,21.1,0.0,28.53942504177774
2000-08-14,31.1,20.0,0.0,33.02082296755563
2000-08-15,33.9,23.3,0.0,38.39286542044457
2000-08-16,25.6,19.4,0.0,36.775126332444664
2000-08-17,25.0,17.2,33.3,25.178611111111113
2000-08-18,24.4,16.7,0.0,24.024166666666673
2000-08-19,22.8,15.6,0.0,21.91111111111111
2000-08-20,23.9,17.2,0.0,22.869722222222226
2000-08-21,27.2,15.0,0.0,27.126322248444506
2000-08-22,30.0,21.7,0.0,31.887677555555513
2000-08-23,30.0,21.7,6.6,31.34656448977779
2000-08-24,27.8,19.4,0.0,28.53942504177774
2000-08-25,29.4,17.8,0.0,29.093004120444423
2000-08-26,27.8,20.6,0.0,29.232366431555484
2000-08-27,25.6,20.6,0.0,26.241666666666674
2000-08-28,30.0,19.4,0.0,29.90886722755556
2000-08-29,31.1,22.8,0.0,35.35430882977785
2000-08-30,31.7,22.8,0.0,36.775126332444664
2000-08-31,34.4,22.8,0.0,35.68866088044452
2000-09-01,34.4,22.8,0.0,36.51626202977783
2000-09-02,33.9,23.3,0.0,34.698568305777826
2000-09-03,30.0,22.2,0.0,30.733060379555532
2000-09-04,22.2,16.7,0.5,28.029696888444366
2000-09-05,20.0,14.4,0.0,19.58916666666667
2000-09-06,24.4,13.3,0.0,23.763055555555564
2000-09-07,32.2,18.3,0.0,31.617799348444514
2000-09-08,28.9,21.7,0.0,29.232366431555484
2000-09-09,30.0,20.6,0.0,30.30655435155552
2000-09-10,28.3,22.2,12.7,30.15387115511095
2000-09-11,32.2,17.8,105.7,34.59919833644446
2000-09-12,22.2,13.9,2.5,21.780555555555548
2000-09-13,26.7,12.8,0.0,26.419571995111113
2000-09-14,23.9,14.4,7.9,24.747777777777774
2000-09-15,18.3,10.0,0.0,16.504444444444445
2000-09-16,20.6,8.3,0.0,20.508611111111115
2000-09-17,26.7,13.9,0.0,26.58378090355558
2000-09-18,31.7,13.9,0.0,30.59818369155558
2000-09-19,32.8,18.9,0.0,30.163848980444502
2000-09-20,18.3,8.3,0.0,27.095502235111056
2000-09-21,22.2,11.1,10.7,17.410833333333333
2000-09-22,22.2,15.0,5.3,16.765555555555554
2000-09-23,22.2,15.0,5.3,22.276666666666657
2000-09-24,15.6,10.6,6.9,15.833055555555555
2000-09-25,13.3,7.2,0.0,12.487222222222224
2000-09-26,21.1,6.1,0.0,20.508611111111115
2000-09-27,21.7,9.4,0.0,20.678333333333335
2000-09-28,17.2,10.0,0.0,16.42611111111111
2000-09-29,24.4,10.0,0.0,23.6325
2000-09-30,26.7,12.2,0.0,25.745555555555562
2000-10-01,28.9,16.1,0.0,27.715543016444467
2000-10-02,27.8,16.7,0.0,26.81385117911107
2000-10-03,22.2,11.7,21.8,23.84138888888889
2000-10-04,16.7,12.2,8.4,17.711111111111116
2000-10-05,15.0,8.3,5.3,14.6525
2000-10-06,9.4,2.2,0.0,13.798333333333336
2000-10-07,9.4,-0.6,5.8,8.039166666666667
2000-10-08,8.3,1.1,2.0,6.017499999999999
2000-10-09,14.4,0.6,0.0,13.093333333333337
2000-10-10,16.7,2.2,0.0,16.191111111111113
2000-10-11,19.4,3.9,0.0,18.291111111111114
2000-10-12,23.3,7.2,0.0,22.556388888888897
2000-10-13,26.1,12.2,0.0,25.71944444444445
2000-10-14,24.4,16.7,0.0,22.830555555555556
2000-10-15,20.6,11.7,1.0,20.80888888888889
2000-10-16,15.6,8.3,0.0,14.600277777777782
2000-10-17,16.7,7.2,0.0,16.648055555555555
2000-10-18,20.6,7.2,0.0,20.678333333333335
2000-10-19,25.0,10.6,0.0,23.763055555555564
2000-10-20,25.0,11.7,0.0,24.852222222222228
2000-10-21,21.1,12.2,0.0,21.780555555555548
2000-10-22,20.6,11.7,0.0,19.81111111111111
2000-10-23,22.2,15.6,1.3,22.08083333333333
2000-10-24,21.1,14.4,2.5,21.096111111111114
2000-10-25,22.2,14.4,0.0,21.030833333333337
2000-10-26,25.0,17.2,1.3,24.891388888888894
2000-10-27,22.8,11.7,0.0,22.869722222222226
2000-10-28,12.2,8.3,0.0,15.833055555555555
2000-10-29,13.9,3.9,0.0,12.382777777777779
2000-10-30,17.8,5.6,0.0,16.386944444444442
2000-10-31,22.2,11.1,0.0,21.50638888888889
2000-11-01,23.9,15.0,0.0,23.763055555555564
2000-11-02,18.3,10.6,1.3,20.639166666666664
2000-11-03,16.1,7.2,0.0,15.206388888888888
2000-11-04,12.8,3.9,0.0,12.134722222222223
2000-11-05,16.1,4.4,0.0,15.271666666666667
2000-11-06,12.2,8.3,16.5,12.173888888888888
2000-11-07,15.0,5.6,0.0,13.955
2000-11-08,10.0,2.2,2.0,9.180555555555559
2000-11-09,9.4,2.8,23.4,8.705000000000004
2000-11-10,7.2,0.6,0.0,6.239444444444441
2000-11-11,8.9,-1.1,0.0,7.171944444444446
2000-11-12,9.4,5.0,1.5,8.339444444444446
2000-11-13,6.7,-1.1,7.4,8.548333333333334
2000-11-14,1.7,-1.1,0.5,1.1722222222222218
2000-11-15,4.4,-4.4,0.0,2.958888888888893
2000-11-16,6.7,-1.1,0.0,6.291666666666668
2000-11-17,1.1,-2.2,0.3,0.05694444444444397
2000-11-18,1.7,-5.0,0.0,-0.2041666666666665
2000-11-19,6.1,-5.0,0.8,5.058888888888886
2000-11-20,-1.7,-6.7,0.5,2.091666666666667
2000-11-21,-3.9,-8.9,0.0,-5.2844444444444445
2000-11-22,0.0,-8.9,0.0,-1.4108333333333316
2000-11-23,3.3,-5.6,0.0,1.7522222222222201
2000-11-24,7.8,-4.4,0.0,5.821666666666666
2000-11-25,7.8,1.1,7.1,7.171944444444446
2000-11-26,6.1,3.3,3.6,5.541944444444443
2000-11-27,4.4,-0.6,0.0,3.44194444444445
2000-11-28,5.6,-0.6,0.0,3.1416666666666675
2000-11-29,3.3,0.6,2.3,2.313611111111113
2000-11-30,3.9,2.2,0.3,2.313611111111113
2000-12-01,2.8,1.1,0.8,2.235277777777777
2000-12-02,2.2,-1.7,0.0,0.9111111111111114
2000-12-03,2.2,-4.4,0.0,0.7936111111111109
2000-12-04,3.3,-3.3,0.0,2.091666666666667
2000-12-05,1.1,-10.0,0.0,1.1069444444444443
2000-12-06,-5.6,-10.6,0.0,-7.149444444444445
2000-12-07,0.6,-6.1,5.1,-0.7580555555555554
2000-12-08,-1.1,-11.1,0.0,0.20055555555555393
2000-12-09,-0.6,-11.7,0.0,-3.236666666666667
2000-12-10,2.2,-1.7,0.0,1.1722222222222218
2000-12-11,0.0,-7.8,34.8,0.1222222222222216
2000-12-12,-7.8,-18.9,0.0,-2.766666666666667
2000-12-13,-3.9,-19.4,9.1,-6.008055555555554
2000-12-14,-0.6,-10.0,0.0,-2.121388888888889
2000-12-15,0.0,-12.2,0.8,-3.999444444444445
2000-12-16,1.7,-7.8,1.0,1.263611111111113
2000-12-17,-7.8,-16.7,0.0,-0.9277777777777767
2000-12-18,-7.8,-17.2,4.6,-10.3125
2000-12-19,-5.6,-12.8,0.3,-7.240833333333332
2000-12-20,-7.2,-18.3,2.5,-9.419166666666666
2000-12-21,-6.7,-20.0,1.3,-8.108055555555556
2000-12-22,-13.9,-21.7,0.0,-15.810555555555554
2000-12-23,-6.1,-18.9,0.0,-8.369166666666665
2000-12-24,-11.1,-18.3,0.0,-7.319166666666665
2000-12-25,-7.2,-17.8,0.0,-9.680277777777778
2000-12-26,-6.7,-12.8,0.3,-8.199444444444445
2000-12-27,-7.2,-12.8,0.3,-8.199444444444445
2000-12-28,-6.1,-11.7,0.0,-7.319166666666665
2000-12-29,-3.3,-9.4,6.6,-7.149444444444445
2000-12-30,0.0,-4.4,6.4,-1.8994444444444427
2000-12-31,-1.7,-8.9,0.0,-1.8994444444444427
2001-01-01,-3.3,-10.6,0.0,-4.299722222222222
2001-01-02,-6.1,-13.9,0.0,-8.369166666666665
2001-01-03,-2.2,-13.9,0.0,-2.949444444444445
2001-01-04,0.0,-5.0,0.0,-2.858055555555556
2001-01-05,2.8,-4.4,0.0,1.9611111111111117
2001-01-06,2.2,-6.7,0.0,0.9633333333333343
2001-01-07,1.7,-5.0,0.0,1.0416666666666667
2001-01-08,-1.7,-8.3,0.0,-3.236666666666667
2001-01-09,-3.9,-11.1,0.0,-5.2844444444444445
2001-01-10,1.7,-6.7,0.0,0.9633333333333343
2001-01-11,4.4,-4.4,0.0,2.0263888888888895
2001-01-12,2.8,-2.2,0.0,1.1722222222222218
2001-01-13,3.3,1.1,0.0,2.235277777777777
2001-01-14,3.3,0.6,6.4,2.3919444444444458
2001-01-15,2.2,0.0,0.3,2.3919444444444458
2001-01-16,0.0,-2.8,0.0,0.20055555555555393
2001-01-17,-2.2,-6.7,0.0,-2.949444444444445
2001-01-18,0.0,-7.2,0.0,-1.0061111111111112
2001-01-19,-1.7,-7.2,0.0,-1.9777777777777752
2001-01-20,-3.3,-10.0,0.0,-4.469444444444445
2001-01-21,-2.2,-11.1,0.0,-4.299722222222222
2001-01-22,-1.1,-10.6,0.0,-2.1866666666666665
2001-01-23,2.8,-5.0,0.0,1.0416666666666667
2001-01-24,-1.7,-7.2,0.0,-1.9777777777777752
2001-01-25,-2.8,-9.4,0.0,-3.999444444444445
2001-01-26,0.0,-5.0,2.8,-1.7166666666666646
2001-01-27,-2.8,-8.3,0.0,-0.8494444444444444
2001-01-28,-1.1,-9.4,2.0,-3.1713888888888895
2001-01-29,6.1,-1.1,16.5,3.44194444444445
2001-01-30,4.4,0.6,3.6,5.541944444444443
2001-01-31,2.2,-1.7,0.0,1.3419444444444453
2001-02-01,1.1,-14.4,0.3,0.1222222222222216
2001-02-02,-10.0,-17.8,0.0,-4.077777777777778
2001-02-03,0.0,-11.7,0.3,-3.1061111111111117
2001-02-04,2.2,0.0,0.8,1.4475000000000036
2001-02-05,0.6,-2.2,1.5,0.291944444444441
2001-02-06,3.9,-3.9,2.0,2.1977777777777754
2001-02-07,2.8,-6.1,0.0,1.1069444444444443
2001-02-08,11.7,1.7,20.6,8.705000000000004
2001-02-09,12.2,-5.6,15.7,11.854999999999999
2001-02-10,-5.6,-10.0,0.0,-0.6666666666666663
2001-02-11,-2.2,-10.6,0.0,-3.419444444444445
2001-02-12,3.9,-3.9,0.0,2.958888888888893
2001-02-13,4.4,0.6,1.0,3.1416666666666675
2001-02-14,3.3,-0.6,4.6,2.4833333333333325
2001-02-15,1.1,-1.7,0.0,0.20055555555555393
2001-02-16,0.6,-8.9,0.0,0.05694444444444397
2001-02-17,-5.6,-13.3,0.0,-4.469444444444445
2001-02-18,-1.7,-12.8,0.0,-3.563055555555555
2001-02-19,7.2,-2.2,0.0,6.174166666666668
2001-02-20,4.4,-7.2,0.0,5.176388888888886
2001-02-21,-4.4,-11.7,0.0,-3.471666666666668
2001-02-22,-1.7,-6.1,0.5,-3.0277777777777772
2001-02-23,-1.1,-7.8,0.0,-3.0277777777777772
2001-02-24,13.9,-1.1,34.5,3.44194444444445
2001-02-25,13.9,-1.7,0.3,13.955
2001-02-26,5.0,-5.0,0.0,4.074166666666667
2001-02-27,0.0,-7.2,0.0,2.091666666666667
2001-02-28,-1.7,-10.6,0.0,-3.339444444444444
2001-03-01,5.6,-6.1,0.0,4.416944444444443
2001-03-02,5.6,-0.6,0.0,5.176388888888886
2001-03-03,9.4,-2.8,0.0,8.169722222222223
2001-03-04,1.7,-3.9,0.0,5.006666666666667
2001-03-05,-1.1,-7.2,0.0,-3.1713888888888895
2001-03-06,1.7,-5.6,0.0,-0.2563888888888894
2001-03-07,7.8,-5.0,0.0,5.847777777777775
2001-03-08,2.8,-2.2,0.0,1.9611111111111117
2001-03-09,3.9,-4.4,0.0,2.7630555555555563
2001-03-10,10.0,-3.9,1.5,9.050000000000004
2001-03-11,5.0,-1.1,2.5,8.078333333333335
2001-03-12,10.0,0.0,4.1,8.705000000000004
2001-03-13,6.1,0.0,0.0,9.663611111111111
2001-03-14,10.6,-0.6,1.8,10.282777777777778
2001-03-15,8.3,2.8,11.2,9.337222222222223
2001-03-16,2.8,0.0,16.0,2.5633333333333317
2001-03-17,3.3,-1.7,1.5,1.9077777777777765
2001-03-18,7.8,-4.4,0.0,6.031666666666666
2001-03-19,7.8,-1.1,0.0,6.897777777777776
2001-03-20,10.0,0.6,0.0,9.01083333333333
2001-03-21,12.2,-0.6,0.0,10.967222222222222
2001-03-22,13.9,-0.6,0.0,12.173888888888888
2001-03-23,10.6,1.7,0.0,10.230555555555554
2001-03-24,2.8,-5.0,0.0,7.067499999999999
2001-03-25,-3.3,-6.7,0.3,-2.408611111111109
2001-03-26,0.6,-8.3,0.0,-0.40000000000000135
2001-03-27,4.4,-3.9,0.0,1.804444444444447
2001-03-28,10.0,-2.2,0.0,8.880277777777776
2001-03-29,8.9,2.8,0.3,7.4738888888888875
2001-03-30,10.6,2.8,0.0,9.089166666666667
2001-03-31,13.3,2.8,1.8,12.34361111111111
2001-04-01,9.4,-0.6,0.0,7.960833333333334
2001-04-02,16.7,1.1,0.0,15.297777777777778
2001-04-03,8.9,2.8,0.0,10.191388888888888
2001-04-04,11.7,3.3,0.0,11.163055555555555
2001-04-05,17.2,5.0,7.4,16.504444444444445
2001-04-06,18.3,7.2,6.6,18.155
2001-04-07,28.3,7.8,0.0,27.19198765244444
2001-04-08,25.6,8.3,0.0,25.693333333333335
2001-04-09,17.2,7.8,10.2,24.695555555555554
2001-04-10,12.2,7.8,0.0,11.698333333333334
2001-04-11,25.0,11.7,15.2,25.126388888888894
2001-04-12,19.4,8.3,0.0,23.971944444444446
2001-04-13,14.4,5.6,0.0,13.26305555555556
2001-04-14,18.9,7.8,0.0,17.37166666666667
2001-04-15,11.7,7.2,18.3,13.158611111111114
2001-04-16,7.2,-1.1,1.3,10.504722222222224
2001-04-17,7.8,-1.1,0.3,5.886944444444444
2001-04-18,13.3,-0.6,0.0,12.043333333333331
2001-04-19,20.6,5.0,0.0,19.367222222222217
2001-04-20,25.6,11.7,8.9,25.954444444444448
2001-04-21,27.2,17.2,11.2,26.124166666666675
2001-04-22,26.7,12.2,4.8,26.176388888888894
2001-04-23,23.3,7.2,0.5,27.66945627244443
2001-04-24,16.7,6.7,0.0,15.180277777777778
2001-04-25,16.7,8.9,0.0,15.336944444444441
2001-04-26,25.0,8.3,0.0,24.695555555555554
2001-04-27,17.8,8.9,0.0,23.6325
2001-04-28,17.8,7.2,0.0,17.37166666666667
2001-04-29,25.0,10.6,0.0,23.515
2001-04-30,30.6,13.9,0.0,28.442480055555563
2001-05-01,29.4,18.3,0.0,27.931986671555578
2001-05-02,28.3,17.8,0.0,27.66431045955554
2001-05-03,30.6,15.6,0.0,28.988929077777737
2001-05-04,18.3,10.6,0.0,27.817360643111115
2001-05-05,19.4,11.7,1.3,18.761111111111116
2001-05-06,25.6,13.3,4.1,24.852222222222228
2001-05-07,21.1,12.2,3.0,22.974166666666672
2001-05-08,25.0,10.0,0.0,24.669444444444444
2001-05-09,27.8,13.9,0.0,26.892080439555514
2001-05-10,30.0,16.1,6.4,28.352715167555544
2001-05-11,19.4,7.8,9.1,23.0263888888889
2001-05-12,13.9,6.1,0.0,13.158611111111114
2001-05-13,20.6,5.0,0.0,19.341111111111108
2001-05-14,20.0,10.6,1.5,18.421666666666667
2001-05-15,32.8,15.6,0.0,33.665803991555485
2001-05-16,32.8,18.9,3.0,34.126960103555646
2001-05-17,30.6,19.4,1.0,29.093004120444423
2001-05-18,23.3,14.4,0.3,27.939517511555696
2001-05-19,23.3,13.3,0.0,22.608611111111117
2001-05-20,26.1,12.8,1.3,24.721666666666664
2001-05-21,21.7,12.8,5.1,22.869722222222226
2001-05-22,17.2,8.3,0.5,17.65888888888889
2001-05-23,16.7,8.3,3.3,15.650277777777777
2001-05-24,16.1,8.3,3.8,15.506666666666668
2001-05-25,15.6,8.3,0.0,14.443611111111112
2001-05-26,13.9,7.2,37.8,13.66777777777778
2001-05-27,15.0,10.0,5.8,13.73305555555556
2001-05-28,18.9,10.6,5.8,18.813333333333336
2001-05-29,18.3,10.6,0.0,17.815555555555562
2001-05-30,15.6,8.3,0.0,15.206388888888888
2001-05-31,16.7,10.6,22.4,15.545833333333336
2001-06-01,18.3,10.0,1.3,17.65888888888889
2001-06-02,16.1,11.7,0.3,17.65888888888889
2001-06-03,14.4,10.0,0.0,13.602500000000001
2001-06-04,13.3,8.9,0.0,12.61777777777778
2001-06-05,15.0,10.0,19.1,15.005000000000003
2001-06-06,19.4,12.2,0.0,19.06138888888889
2001-06-07,20.0,12.8,0.0,18.930833333333336
2001-06-08,23.3,10.6,0.0,22.830555555555556
2001-06-09,27.8,14.4,0.0,26.965124885777826
2001-06-10,29.4,18.3,0.0,29.90886722755556
2001-06-11,31.1,18.9,0.8,32.42304028755553
2001-06-12,31.1,17.8,8.9,32.42304028755553
2001-06-13,33.9,23.3,0.0,36.51626202977783
2001-06-14,33.9,21.1,17.3,36.005812703555684
2001-06-15,25.6,19.4,0.0,33.45426527955562
2001-06-16,31.1,16.1,0.0,30.912882311555524
2001-06-17,31.7,17.2,0.5,29.827509431555605
2001-06-18,33.9,20.6,2.0,33.368435607111174
2001-06-19,30.6,19.4,0.0,31.935141747111157
2001-06-20,25.0,18.9,0.0,23.80222222222222
2001-06-21,20.0,14.4,10.9,22.752222222222226
2001-06-22,20.0,13.3,0.0,19.86333333333333
2001-06-23,22.8,11.7,0.0,21.819722222222218
2001-06-24,27.8,13.3,0.0,26.81385117911107
2001-06-25,30.0,18.3,0.0,28.352715167555544
2001-06-26,31.1,19.4,0.0,29.827509431555605
2001-06-27,31.1,20.0,0.0,30.63497851511113
2001-06-28,31.1,21.1,0.0,30.378051760444457
2001-06-29,31.7,21.1,0.0,31.36906995955557
2001-06-30,32.2,22.2,0.0,32.45798420844449
2001-07-01,26.1,13.9,0.0,31.36906995955557
2001-07-02,23.9,13.3,0.0,22.673888888888897
2001-07-03,26.1,17.8,15.2,26.176388888888894
2001-07-04,31.7,21.1,0.0,31.05804073244447
2001-07-05,22.8,15.6,0.0,27.817360643111115
2001-07-06,25.6,12.8,0.0,25.771666666666672
2001-07-07,31.1,18.3,10.7,36.29964811111102
2001-07-08,31.1,22.2,0.0,34.525531887555445
2001-07-09,32.8,21.7,0.0,36.775126332444664
2001-07-10,32.8,21.1,0.0,32.45798420844449
2001-07-11,25.6,18.9,0.0,29.46794591111108
2001-07-12,26.7,17.8,0.0,25.91527777777778
2001-07-13,26.1,17.8,0.0,25.771666666666672
2001-07-14,30.6,16.7,0.0,28.988929077777737
2001-07-15,31.7,18.9,0.0,30.03199358177777
2001-07-16,30.6,21.1,0.0,29.46794591111108
2001-07-17,30.6,23.9,0.0,32.011302207111086
2001-07-18,31.1,22.8,0.5,33.239386577777815
2001-07-19,32.2,22.8,0.0,35.91511605511118
2001-07-20,34.4,23.9,0.0,36.87690864355567
2001-07-21,33.9,23.9,0.0,36.87690864355567
2001-07-22,36.1,23.3,2.0,39.54156081111111
2001-07-23,35.0,23.3,9.9,40.564670267111154
2001-07-24,32.8,22.8,3.8,35.91511605511118
2001-07-25,25.6,20.0,46.5,30.733060379555532
2001-07-26,26.1,20.0,0.0,25.99361111111111
2001-07-27,25.6,18.3,0.0,24.930555555555557
2001-07-28,26.7,19.4,0.3,28.532566155111038
2001-07-29,32.8,22.8,0.0,35.199778739555654
2001-07-30,32.8,22.2,0.0,35.91511605511118
2001-07-31,35.6,24.4,0.0,38.49010247777784
2001-08-01,34.4,25.6,0.0,37.417663543111225
2001-08-02,28.3,22.8,90.9,34.855849563555616
2001-08-03,30.0,22.2,0.0,31.371828855555602
2001-08-04,29.4,20.0,0.0,29.42344713511115
2001-08-05,32.2,21.1,0.0,34.855849563555616
2001-08-06,33.9,21.7,0.0,34.698568305777826
2001-08-07,35.0,23.9,0.0,41.8917068777778
2001-08-08,34.4,25.6,0.0,38.139577415111084
2001-08-09,35.0,23.3,6.6,38.39286542044457
2001-08-10,25.6,20.6,0.0,36.005812703555684
2001-08-11,26.1,17.2,0.0,25.954444444444448
2001-08-12,29.4,17.2,0.0,28.60630777155556
2001-08-13,24.4,17.2,2.5,27.478487941777765
2001-08-14,25.6,15.0,0.0,24.721666666666664
2001-08-15,25.6,17.2,3.3,24.891388888888894
2001-08-16,21.7,18.3,13.5,23.07861111111112
2001-08-17,26.7,15.6,0.0,25.91527777777778
2001-08-18,21.7,17.8,8.1,23.932777777777783
2001-08-19,22.8,16.7,3.3,23.0263888888889
2001-08-20,26.1,15.0,0.0,24.852222222222228
2001-08-21,26.7,16.1,3.3,27.297443267111174
2001-08-22,31.1,21.7,0.8,34.59919833644446
2001-08-23,25.6,21.7,0.0,25.243888888888886
2001-08-24,27.2,20.6,3.6,28.855553559555556
2001-08-25,27.2,21.7,29.7,29.646778983555564
2001-08-26,27.8,21.1,0.0,29.675842565777796
2001-08-27,29.4,19.4,0.0,30.30655435155552
2001-08-28,26.7,17.8,0.0,29.675842565777796
2001-08-29,28.3,16.1,0.0,27.803986445777756
2001-08-30,30.6,21.1,13.5,31.887677555555513
2001-08-31,25.0,17.2,6.9,29.90886722755556
2001-09-01,19.4,14.4,0.0,19.915555555555557
2001-09-02,26.7,12.8,0.0,25.954444444444448
2001-09-03,30.0,17.8,0.0,31.371828855555602
2001-09-04,24.4,17.8,0.0,29.675842565777796
2001-09-05,25.6,16.1,0.0,25.021944444444447
2001-09-06,30.6,18.3,15.5,32.42304028755553
2001-09-07,31.7,21.1,0.5,34.126960103555646
2001-09-08,30.6,21.1,0.0,29.42344713511115
2001-09-09,23.9,13.9,17.0,26.085
2001-09-10,26.1,12.8,0.0,25.79777777777778
2001-09-11,26.7,12.8,0.0,25.954444444444448
2001-09-12,28.9,16.1,0.0,27.803986445777756
2001-09-13,21.1,15.6,0.0,25.87611111111111
2001-09-14,17.8,12.8,0.0,17.450000000000006
2001-09-15,19.4,12.8,0.0,18.539166666666663
2001-09-16,22.8,12.2,0.0,21.689166666666665
2001-09-17,20.6,14.4,4.1,20.86111111111111
2001-09-18,21.1,14.4,21.1,20.913333333333338
2001-09-19,20.6,15.0,16.0,21.226666666666667
2001-09-20,23.3,12.8,8.9,22.7913888888889
2001-09-21,20.0,14.4,1.3,21.819722222222218
2001-09-22,23.9,12.2,0.0,22.869722222222226
2001-09-23,20.0,10.6,14.7,21.819722222222218
2001-09-24,13.9,8.3,0.0,13.876666666666672
2001-09-25,15.0,6.1,0.0,13.302222222222223
2001-09-26,20.6,10.6,0.0,20.508611111111115
2001-09-27,17.2,8.3,0.0,16.556666666666665
2001-09-28,13.9,12.2,0.0,12.683055555555553
2001-09-29,18.3,10.0,0.0,17.65888888888889
2001-09-30,22.2,8.3,0.0,21.819722222222218
2001-10-01,25.6,11.1,0.0,25.87611111111111
2001-10-02,27.8,12.8,0.0,27.803986445777756
2001-10-03,26.7,13.9,0.0,26.718515183555557
2001-10-04,16.1,9.4,34.3,23.84138888888889
2001-10-05,11.7,5.6,6.9,11.502499999999998
2001-10-06,11.1,2.2,0.0,10.034722222222221
2001-10-07,11.7,0.0,0.0,10.060833333333331
2001-10-08,19.4,6.1,0.0,18.395555555555553
2001-10-09,23.3,12.8,0.5,22.830555555555556
2001-10-10,18.9,13.9,4.1,20.717499999999998
2001-10-11,18.3,11.7,2.5,19.06138888888889
2001-10-12,16.1,12.2,19.6,15.767777777777777
2001-10-13,20.6,13.9,49.0,21.161388888888883
2001-10-14,15.6,8.9,2.5,15.376111111111108
2001-10-15,11.7,6.7,2.5,12.34361111111111
2001-10-16,11.7,5.0,1.0,11.241388888888887
2001-10-17,11.1,1.7,0.0,10.060833333333331
2001-10-18,17.8,5.6,0.0,17.37166666666667
2001-10-19,16.7,8.9,0.0,15.376111111111108
2001-10-20,20.6,7.2,0.0,20.57388888888889
2001-10-21,18.9,12.8,0.0,17.60666666666667
2001-10-22,18.9,12.2,1.5,16.948333333333334
2001-10-23,18.9,15.0,15.5,18.99611111111112
2001-10-24,18.3,5.6,12.7,18.99611111111112
2001-10-25,5.6,2.2,0.0,9.663611111111111
2001-10-26,5.6,3.3,0.0,5.058888888888886
2001-10-27,8.3,1.7,0.0,6.897777777777776
2001-10-28,12.2,0.6,0.0,11.163055555555555
2001-10-29,16.7,6.7,0.0,15.376111111111108
2001-10-30,11.7,8.9,0.8,10.648333333333333
2001-10-31,20.6,10.0,0.0,19.44555555555556
2001-11-01,19.4,14.4,0.0,18.930833333333336
2001-11-02,18.9,8.9,3.0,18.930833333333336
2001-11-03,19.4,5.0,0.0,18.460833333333333
2001-11-04,16.7,5.0,0.0,16.42611111111111
2001-11-05,13.3,2.2,0.0,12.252222222222223
2001-11-06,17.2,3.9,0.0,16.386944444444442
2001-11-07,22.2,8.3,0.0,21.91111111111111
2001-11-08,15.0,1.7,0.0,18.930833333333336
2001-11-09,11.7,0.0,0.0,10.282777777777778
2001-11-10,16.7,4.4,0.0,16.34777777777778
2001-11-11,10.6,3.9,0.0,9.337222222222223
2001-11-12,13.9,1.7,0.0,12.382777777777779
2001-11-13,17.8,7.2,0.3,17.410833333333333
2001-11-14,17.2,10.6,3.6,16.883055555555554
2001-11-15,20.6,12.2,0.0,20.04611111111111
2001-11-16,17.2,8.9,0.0,18.07666666666667
2001-11-17,18.3,5.6,0.0,17.946111111111108
2001-11-18,17.8,10.0,0.8,17.880833333333335
2001-11-19,14.4,2.8,2.0,15.898333333333332
2001-11-20,6.1,-1.1,0.0,5.006666666666667
2001-11-21,12.8,2.2,0.0,12.34361111111111
2001-11-22,13.9,3.9,0.0,13.26305555555556
2001-11-23,15.6,8.3,0.0,15.45444444444444
2001-11-24,18.3,10.0,7.4,18.07666666666667
2001-11-25,10.0,6.1,3.0,15.898333333333332
2001-11-26,11.1,4.4,3.0,10.648333333333333
2001-11-27,11.7,2.8,0.0,11.933333333333335
2001-11-28,6.7,2.2,3.6,5.46361111111111
2001-11-29,7.8,5.0,6.4,6.683333333333334
2001-11-30,10.0,5.6,9.9,8.783333333333335
2001-12-01,5.6,1.7,1.3,6.683333333333334
2001-12-02,12.2,0.6,0.0,11.502499999999998
2001-12-03,13.9,6.1,0.0,12.683055555555553
2001-12-04,17.8,11.7,0.0,16.948333333333334
2001-12-05,20.0,8.3,1.8,20.04611111111111
2001-12-06,11.1,3.9,0.0,18.07666666666667
2001-12-07,8.3,1.7,0.0,7.485277777777778
2001-12-08,8.9,0.0,0.0,8.339444444444446
2001-12-09,5.6,-3.3,0.0,5.385277777777778
2001-12-10,8.9,-1.1,0.0,8.039166666666667
2001-12-11,8.9,-1.7,0.0,7.289444444444442
2001-12-12,8.9,5.6,5.1,8.613611111111116
2001-12-13,8.3,0.0,0.3,8.705000000000004
2001-12-14,5.0,0.0,6.1,3.3636111111111138
2001-12-15,5.0,0.6,0.0,4.335277777777778
2001-12-16,8.3,5.0,5.1,7.6419444444444435
2001-12-17,8.3,1.7,2.5,7.6419444444444435
2001-12-18,8.9,-0.6,0.0,8.22194444444445
2001-12-19,5.0,0.0,2.8,6.370000000000001
2001-12-20,5.6,-2.2,0.0,3.708611111111111
2001-12-21,5.6,-3.9,0.0,4.732500000000002
2001-12-22,9.4,1.7,3.3,7.56361111111111
2001-12-23,1.7,-5.6,0.3,8.705000000000004
2001-12-24,-5.6,-8.9,0.0,-4.156111111111112
2001-12-25,-4.4,-10.6,0.0,-5.467222222222222
2001-12-26,-7.2,-11.7,0.3,-9.419166666666666
2001-12-27,-1.7,-7.2,0.0,-3.1713888888888895
2001-12-28,-3.3,-7.2,0.0,-3.1713888888888895
2001-12-29,-6.7,-12.2,0.0,-7.384444444444444
2001-12-30,-6.7,-13.9,0.0,-8.512777777777778
2001-12-31,-5.0,-12.8,0.0,-7.632499999999999
2002-01-01,-2.2,-11.7,0.0,-4.57388888888889
2002-01-02,0.0,-9.4,0.0,-1.3586111111111105
2002-01-03,-1.1,-10.0,0.0,-2.408611111111109
2002-01-04,4.4,-6.7,0.0,2.9066666666666703
2002-01-05,3.3,-1.7,0.8,1.9611111111111117
2002-01-06,3.3,-3.3,0.0,2.0263888888888895
2002-01-07,-1.1,-8.3,0.0,-1.201944444444444
2002-01-08,5.6,-5.0,0.0,4.074166666666667
2002-01-09,13.3,3.3,0.0,12.291388888888887
2002-01-10,8.3,1.7,0.0,9.285
2002-01-11,6.1,0.6,0.0,5.006666666666667
2002-01-12,6.1,-0.6,0.0,5.006666666666667
2002-01-13,5.6,-3.9,0.0,4.915277777777776
2002-01-14,5.6,1.1,0.8,4.256944444444441
2002-01-15,1.7,-0.6,0.0,1.263611111111113
2002-01-16,1.7,-3.3,6.6,0.291944444444441
2002-01-17,-2.8,-10.0,0.0,0.291944444444441
2002-01-18,-3.9,-9.4,0.0,-5.206111111111112
2002-01-19,0.0,-8.9,0.0,-3.236666666666667
2002-01-20,2.8,-4.4,0.0,1.9611111111111117
2002-01-21,1.7,-1.1,1.0,0.9633333333333343
2002-01-22,13.3,0.0,1.0,12.108611111111113
2002-01-23,10.0,3.3,0.0,9.754999999999999
2002-01-24,5.0,0.0,0.0,4.335277777777778
2002-01-25,10.6,-1.7,0.0,9.943333333333332
2002-01-26,12.8,1.1,0.0,12.108611111111113
2002-01-27,16.1,2.8,0.0,15.297777777777778
2002-01-28,11.7,3.3,0.0,12.252222222222223
2002-01-29,3.9,1.1,0.0,3.3636111111111138
2002-01-30,1.1,-0.6,17.0,1.1722222222222218
2002-01-31,2.2,-0.6,17.8,0.3833333333333321
2002-02-01,2.2,-5.6,0.0,1.3419444444444453
2002-02-02,1.1,-9.4,0.0,-0.02138888888889036
2002-02-03,2.2,-5.0,0.0,0.9633333333333343
2002-02-04,-3.3,-10.0,0.0,-0.02138888888889036
2002-02-05,0.6,-10.6,0.0,-1.201944444444444
2002-02-06,2.8,-6.1,0.0,1.9088888888888889
2002-02-07,4.4,-3.9,0.0,3.1416666666666675
2002-02-08,5.6,-0.6,0.0,5.124166666666667
2002-02-09,11.7,1.1,0.0,11.280555555555557
2002-02-10,8.9,-1.7,1.0,8.287222222222223
2002-02-11,3.9,-5.6,0.0,0.9633333333333343
2002-02-12,6.1,-2.2,0.0,4.9674999999999985
2002-02-13,1.1,-7.2,0.0,1.9611111111111117
2002-02-14,7.8,-1.7,0.0,5.978333333333331
2002-02-15,5.6,2.2,0.0,5.176388888888886
2002-02-16,6.1,0.6,0.0,4.876111111111111
2002-02-17,3.3,-2.2,0.0,2.8544444444444474
2002-02-18,10.6,-1.7,0.0,9.050000000000004
2002-02-19,8.3,4.4,9.1,8.000000000000004
2002-02-20,12.8,1.7,5.1,11.854999999999999
2002-02-21,1.7,-0.6,0.0,3.3636111111111138
2002-02-22,3.9,-4.4,0.0,2.684722222222228
2002-02-23,8.9,-2.8,0.0,7.119722222222222
2002-02-24,16.1,3.3,0.0,15.376111111111108
2002-02-25,11.1,0.0,0.8,12.213055555555554
2002-02-26,0.6,-6.7,3.8,1.263611111111113
2002-02-27,-3.3,-8.3,0.0,-5.12777777777778
2002-02-28,0.0,-9.4,0.0,-1.1366666666666663
2002-03-01,1.7,-5.0,5.8,-1.201944444444444
2002-03-02,1.7,-5.0,24.6,1.4333333333333325
2002-03-03,-5.0,-16.7,0.8,0.3833333333333321
2002-03-04,-6.7,-20.0,0.3,-11.532222222222222
2002-03-05,1.1,-8.9,0.0,-0.02138888888889036
2002-03-06,7.8,0.6,0.0,6.069722222222222
2002-03-07,6.1,1.1,0.0,3.3636111111111138
2002-03-08,17.8,6.1,7.1,16.817777777777778
2002-03-09,17.2,-5.6,21.6,16.817777777777778
2002-03-10,-1.7,-8.9,0.0,-3.471666666666668
2002-03-11,7.2,-5.0,0.0,10.993333333333332
2002-03-12,11.7,0.0,0.0,11.280555555555557
2002-03-13,15.0,2.2,0.0,14.495833333333334
2002-03-14,18.3,3.9,0.0,17.60666666666667
2002-03-15,15.6,2.2,0.0,16.648055555555555
2002-03-16,5.0,0.6,0.0,3.1416666666666675
2002-03-17,4.4,1.7,0.3,3.206944444444449
2002-03-18,7.8,2.8,0.0,6.291666666666668
2002-03-19,9.4,2.2,1.3,8.470000000000006
2002-03-20,7.8,1.7,0.5,7.42
2002-03-21,3.9,-7.8,1.3,3.3636111111111138
2002-03-22,3.3,-9.4,0.0,1.569444444444446
2002-03-23,11.7,-2.8,0.0,9.943333333333332
2002-03-24,5.0,-1.7,0.0,7.895555555555557
2002-03-25,0.0,-3.9,3.6,-1.0061111111111112
2002-03-26,2.2,-3.3,1.0,1.0416666666666667
2002-03-27,7.8,-4.4,0.0,7.067499999999999
2002-03-28,9.4,0.0,0.0,8.548333333333334
2002-03-29,7.8,2.8,8.4,7.733333333333334
2002-03-30,11.1,2.8,0.0,10.139166666666668
2002-03-31,10.0,0.0,0.3,8.078333333333335
2002-04-01,6.1,-2.2,6.4,5.32
2002-04-02,8.3,2.2,6.6,7.6419444444444435
2002-04-03,5.6,-1.1,0.0,4.008888888888886
2002-04-04,3.9,-0.6,0.0,2.0263888888888895
2002-04-05,5.6,-2.8,0.0,5.006666666666667
2002-04-06,6.7,-3.3,0.0,5.006666666666667
2002-04-07,10.0,2.2,9.1,8.548333333333334
2002-04-08,12.8,7.8,35.1,11.933333333333335
2002-04-09,8.9,3.3,1.3,11.933333333333335
2002-04-10,18.3,2.8,0.0,17.34555555555556
2002-04-11,24.4,10.0,0.0,23.58027777777778
2002-04-12,18.9,8.3,0.0,22.530277777777787
2002-04-13,17.8,6.7,0.0,17.65888888888889
2002-04-14,25.0,7.8,0.0,24.747777777777774
2002-04-15,31.7,18.3,0.0,30.052721355555555
2002-04-16,31.1,19.4,0.0,30.378051760444457
2002-04-17,29.4,18.9,4.3,28.60630777155556
2002-04-18,31.7,20.0,0.8,31.325432343555615
2002-04-19,21.1,7.2,19.3,29.46794591111108
2002-04-20,8.9,5.0,6.6,10.387222222222224
2002-04-21,6.1,3.9,9.4,5.541944444444443
2002-04-22,7.2,2.8,0.0,6.121944444444445
2002-04-23,16.1,1.7,0.0,15.45444444444444
2002-04-24,23.3,6.7,12.2,22.647777777777783
2002-04-25,12.8,3.3,0.0,13.798333333333336
2002-04-26,10.0,3.3,0.0,10.034722222222221
2002-04-27,13.9,6.7,20.3,7.6419444444444435
2002-04-28,15.6,5.6,0.0,15.898333333333332
2002-04-29,16.1,5.6,0.0,15.41527777777778
2002-04-30,15.6,10.6,0.0,15.297777777777778
2002-05-01,16.7,7.2,3.3,15.336944444444441
2002-05-02,12.8,7.2,0.0,11.332777777777778
2002-05-03,11.7,3.9,0.0,10.100000000000001
2002-05-04,20.6,3.9,0.0,20.417222222222225
2002-05-05,22.8,10.0,0.0,19.393333333333334
2002-05-06,23.9,15.6,10.9,24.024166666666673
2002-05-07,19.4,7.2,0.0,23.0263888888889
2002-05-08,18.9,7.8,16.5,16.948333333333334
2002-05-09,19.4,9.4,12.4,19.28333333333334
2002-05-10,19.4,7.2,0.0,18.251944444444444
2002-05-11,13.9,7.8,66.3,15.154166666666665
2002-05-12,13.9,7.8,8.1,12.983333333333336
2002-05-13,14.4,6.7,0.0,13.354444444444447
2002-05-14,18.3,6.1,0.0,17.450000000000006
2002-05-15,24.4,7.2,0.0,23.69777777777778
2002-05-16,19.4,6.7,15.2,21.728333333333328
2002-05-17,7.2,2.8,0.0,7.56361111111111
2002-05-18,11.7,1.1,0.0,10.060833333333331
2002-05-19,12.8,5.0,1.3,11.384999999999998
2002-05-20,9.4,2.8,0.0,8.130555555555558
2002-05-21,13.9,1.1,0.0,13.132500000000004
2002-05-22,20.0,7.2,0.0,19.41944444444444
2002-05-23,22.8,12.8,6.4,21.819722222222218
2002-05-24,17.8,6.7,1.3,20.913333333333338
2002-05-25,15.6,6.7,6.4,15.005000000000003
2002-05-26,23.3,5.6,0.0,22.647777777777783
2002-05-27,25.0,13.3,0.0,24.786944444444444
2002-05-28,25.6,16.1,0.3,25.074166666666667
2002-05-29,28.9,18.9,0.0,28.029696888444366
2002-05-30,30.0,19.4,0.0,30.454350755555513
2002-05-31,30.0,20.6,0.0,29.093004120444423
2002-06-01,33.9,17.8,0.0,31.99975541511118
2002-06-02,23.3,13.3,0.0,29.408073613777837
2002-06-03,24.4,13.3,0.8,22.974166666666672
2002-06-04,22.2,15.6,18.3,22.08083333333333
2002-06-05,18.9,10.0,0.3,22.14611111111111
2002-06-06,18.9,10.6,0.0,17.763333333333335
2002-06-07,26.1,11.7,0.0,25.71944444444445
2002-06-08,28.9,15.6,0.0,27.66431045955554
2002-06-09,31.7,18.3,0.0,30.378051760444457
2002-06-10,32.8,21.7,48.3,32.42304028755553
2002-06-11,28.9,21.1,0.5,29.675842565777796
2002-06-12,21.7,15.0,0.0,25.178611111111113
2002-06-13,17.8,14.4,7.1,17.946111111111108
2002-06-14,20.0,13.3,22.9,18.865555555555556
2002-06-15,26.1,13.3,0.0,25.79777777777778
2002-06-16,25.6,13.3,0.0,24.669444444444444
2002-06-17,26.7,15.6,1.0,24.813055555555554
2002-06-18,28.9,15.6,0.0,22.7913888888889
2002-06-19,30.0,20.0,0.0,27.126322248444506
2002-06-20,33.9,23.9,0.0,34.00097096844453
2002-06-21,31.7,23.9,0.0,33.02082296755563
2002-06-22,33.9,21.1,0.0,34.04459294755566
2002-06-23,33.9,23.3,0.0,33.368435607111174
2002-06-24,33.9,22.2,0.0,34.04459294755566
2002-06-25,30.6,23.3,3.6,33.665803991555485
2002-06-26,30.6,21.1,6.4,32.42304028755553
2002-06-27,28.3,20.0,0.0,30.052721355555555
2002-06-28,28.9,17.8,0.0,28.199663933777813
2002-06-29,31.1,19.4,0.0,31.36906995955557
2002-06-30,34.4,23.3,0.0,38.39286542044457
2002-07-01,34.4,25.0,0.0,36.005812703555684
2002-07-02,35.0,25.0,0.0,34.126960103555646
2002-07-03,35.6,24.4,0.0,36.92080481111116
2002-07-04,32.8,22.8,6.6,35.91511605511118
2002-07-05,27.2,21.7,0.0,27.66945627244443
2002-07-06,29.4,21.1,0.0,28.88871927955556
2002-07-07,32.2,21.1,0.0,31.36906995955557
2002-07-08,35.0,23.9,0.3,37.417663543111225
2002-07-09,30.0,21.1,13.0,36.87690864355567
2002-07-10,26.1,21.1,0.0,25.954444444444448
2002-07-11,24.4,19.4,0.0,23.880555555555556
2002-07-12,25.6,17.2,0.0,24.747777777777774
2002-07-13,27.2,16.1,0.0,26.49947119244446
2002-07-14,31.1,16.1,0.0,29.4814722564445
2002-07-15,31.7,18.3,0.0,30.63497851511113
2002-07-16,32.8,22.2,0.0,31.935141747111157
2002-07-17,32.2,22.2,0.0,32.45798420844449
2002-07-18,32.8,23.3,0.0,32.837765091555625
2002-07-19,28.3,22.8,0.0,30.15387115511095
2002-07-20,33.3,20.0,0.0,35.199778739555654
2002-07-21,36.7,26.7,0.0,42.03768066577773
2002-07-22,32.8,25.6,0.0,40.62008964977786
2002-07-23,26.1,20.6,0.0,30.15387115511095
2002-07-24,25.6,20.0,0.0,25.667222222222218
2002-07-25,27.2,20.0,0.0,28.22722080577791
2002-07-26,31.1,23.3,0.0,34.59919833644446
2002-07-27,33.3,22.2,7.4,38.139577415111084
2002-07-28,31.7,24.4,0.0,36.775126332444664
2002-07-29,30.6,22.8,1.3,30.733060379555532
2002-07-30,34.4,21.1,0.0,34.698568305777826
2002-07-31,35.6,23.9,0.0,34.47332644044452
2002-08-01,35.0,25.0,0.0,39.441867661777856
2002-08-02,27.8,21.1,1.3,38.139577415111084
2002-08-03,32.2,20.0,0.0,33.665803991555485
2002-08-04,32.8,23.3,8.6,35.91511605511118
2002-08-05,29.4,21.7,0.8,31.34656448977779
2002-08-06,23.9,18.9,0.0,25.074166666666667
2002-08-07,24.4,17.8,0.0,23.763055555555564
2002-08-08,26.7,18.9,0.0,26.718515183555557
2002-08-09,28.9,18.3,0.0,27.470992943555565
2002-08-10,32.8,19.4,0.0,31.325432343555615
2002-08-11,34.4,22.2,0.0,34.04459294755566
2002-08-12,33.3,21.7,0.0,34.698568305777826
2002-08-13,31.7,20.6,20.3,33.45426527955562
2002-08-14,26.1,19.4,0.0,26.176388888888894
2002-08-15,31.1,18.3,0.0,32.42304028755553
2002-08-16,26.7,22.2,5.1,29.90886722755556
2002-08-17,31.1,20.0,0.0,33.665803991555485
2002-08-18,27.8,15.0,0.0,30.30655435155552
2002-08-19,23.9,17.2,7.6,23.84138888888889
2002-08-20,24.4,15.0,0.0,23.932777777777783
2002-08-21,31.7,18.9,0.0,35.35430882977785
2002-08-22,27.8,20.6,46.7,34.1048593111111
2002-08-23,25.6,21.1,12.7,25.37444444444445
2002-08-24,27.2,20.6,0.0,27.66945627244443
2002-08-25,28.9,19.4,0.0,28.922434379555526
2002-08-26,28.3,21.1,0.0,28.274843087111044
2002-08-27,28.9,21.1,0.0,29.093004120444423
2002-08-28,26.1,20.6,0.0,25.99361111111111
2002-08-29,26.7,19.4,0.0,26.085
2002-08-30,28.3,19.4,0.0,27.803986445777756
2002-08-31,28.9,19.4,0.0,28.274843087111044
2002-09-01,30.6,20.0,0.0,30.912882311555524
2002-09-02,28.9,19.4,10.9,30.15387115511095
2002-09-03,27.8,20.0,0.0,30.15387115511095
2002-09-04,29.4,16.7,0.0,28.199663933777813
2002-09-05,28.9,18.9,0.0,27.478487941777765
2002-09-06,31.1,17.8,0.0,30.03199358177777
2002-09-07,32.8,17.8,0.0,31.325432343555615
2002-09-08,34.4,20.0,0.0,34.04459294755566
2002-09-09,33.3,22.2,0.0,33.45426527955562
2002-09-10,32.8,18.9,3.8,31.935141747111157
2002-09-11,23.9,15.0,0.0,23.763055555555564
2002-09-12,26.7,13.3,0.0,25.71944444444445
2002-09-13,26.7,15.0,0.0,25.771666666666672
2002-09-14,30.0,16.1,0.0,27.817360643111115
2002-09-15,22.2,13.3,0.0,25.87611111111111
2002-09-16,26.1,11.1,0.0,25.71944444444445
2002-09-17,26.7,13.9,0.0,25.83694444444445
2002-09-18,27.8,17.8,6.6,29.232366431555484
2002-09-19,28.3,22.2,6.4,30.15387115511095
2002-09-20,22.8,17.8,9.9,26.293888888888894
2002-09-21,27.8,15.0,0.0,26.419571995111113
2002-09-22,20.0,10.0,5.6,22.921944444444446
2002-09-23,21.7,7.8,0.0,20.469444444444445
2002-09-24,16.7,6.7,0.0,18.460833333333333
2002-09-25,23.9,8.9,0.0,22.556388888888897
2002-09-26,25.0,11.7,0.0,23.72388888888889
2002-09-27,20.0,11.7,0.0,19.81111111111111
2002-09-28,24.4,11.1,0.0,23.84138888888889
2002-09-29,30.0,17.2,5.1,30.052721355555555
2002-09-30,30.0,18.9,0.0,28.553710244444435
2002-10-01,27.8,20.6,0.0,28.53942504177774
2002-10-02,23.3,17.2,3.8,26.124166666666675
2002-10-03,18.3,15.6,0.0,18.01138888888889
2002-10-04,22.8,12.8,26.2,23.19611111111112
2002-10-05,17.8,8.3,0.0,16.556666666666665
2002-10-06,21.7,8.9,0.0,21.780555555555548
2002-10-07,13.3,6.1,0.0,16.34777777777778
2002-10-08,19.4,8.3,0.0,18.343333333333334
2002-10-09,20.0,10.0,0.0,17.711111111111116
2002-10-10,23.3,11.1,0.0,22.673888888888897
2002-10-11,22.8,11.7,0.0,22.673888888888897
2002-10-12,22.8,10.0,6.4,22.974166666666672
2002-10-13,10.0,3.3,0.0,12.905
2002-10-14,14.4,1.7,0.0,13.132500000000004
2002-10-15,15.6,4.4,0.0,15.41527777777778
2002-10-16,10.0,3.3,0.3,10.334999999999997
2002-10-17,7.8,3.3,2.3,6.435277777777778
2002-10-18,16.1,3.3,3.0,15.545833333333336
2002-10-19,12.8,2.8,0.0,14.848333333333336
2002-10-20,11.7,0.6,0.0,10.060833333333331
2002-10-21,13.9,3.9,0.0,13.26305555555556
2002-10-22,11.7,5.0,0.0,11.332777777777778
2002-10-23,8.3,5.0,1.0,7.42
2002-10-24,8.3,5.6,1.0,7.3547222222222235
2002-10-25,8.9,5.0,8.1,7.56361111111111
2002-10-26,8.9,3.9,0.0,7.6419444444444435
2002-10-27,7.8,2.8,0.0,7.289444444444442
2002-10-28,10.0,5.6,0.3,8.22194444444445
2002-10-29,8.3,5.6,0.3,9.285
2002-10-30,8.9,5.0,0.0,7.224166666666668
2002-10-31,10.0,0.6,0.0,9.232777777777777
2002-11-01,3.9,-3.3,0.0,4.126388888888886
2002-11-02,8.3,-1.7,0.0,6.936944444444444
2002-11-03,7.8,-1.7,0.3,5.978333333333331
2002-11-04,8.3,0.0,0.0,6.069722222222222
2002-11-05,5.0,1.7,5.3,3.44194444444445
2002-11-06,5.6,2.2,0.0,5.241666666666668
2002-11-07,14.4,0.0,0.0,13.354444444444447
2002-11-08,17.8,8.3,0.0,17.476111111111113
2002-11-09,17.2,11.7,8.9,16.817777777777778
2002-11-10,16.7,5.6,0.0,16.948333333333334
2002-11-11,5.6,2.2,0.5,12.748333333333335
2002-11-12,6.7,2.2,0.0,5.124166666666667
2002-11-13,13.3,1.7,0.0,12.291388888888887
2002-11-14,13.3,5.0,6.6,12.252222222222223
2002-11-15,5.6,2.2,0.3,5.46361111111111
2002-11-16,2.2,0.0,0.0,1.9611111111111117
2002-11-17,3.9,-1.7,1.0,2.0263888888888895
2002-11-18,7.8,-2.2,2.5,5.241666666666668
2002-11-19,11.7,0.6,0.3,11.241388888888887
2002-11-20,12.8,5.6,0.0,12.291388888888887
2002-11-21,7.2,2.2,5.1,8.287222222222223
2002-11-22,3.9,-2.2,0.0,2.0263888888888895
2002-11-23,8.3,-1.1,0.0,7.171944444444446
2002-11-24,4.4,-2.8,2.3,5.058888888888886
2002-11-25,-0.6,-5.6,0.0,-1.8994444444444427
2002-11-26,-1.7,-5.6,4.1,-2.858055555555556
2002-11-27,-0.6,-8.9,0.0,-2.3041666666666654
2002-11-28,1.7,-7.8,0.0,-0.08666666666666797
2002-11-29,8.3,1.7,0.0,7.224166666666668
2002-11-30,5.0,-7.8,0.3,6.069722222222222
2002-12-01,2.2,-10.0,0.0,0.6238888888888915
2002-12-02,2.2,-3.9,4.3,1.1722222222222218
2002-12-03,-3.3,-8.3,0.5,-2.949444444444445
2002-12-04,-2.2,-7.8,0.0,-3.236666666666667
2002-12-05,-2.8,-8.9,0.0,-3.1713888888888895
2002-12-06,-0.6,-12.2,0.0,-2.2519444444444443
2002-12-07,5.6,-2.2,0.0,5.006666666666667
2002-12-08,0.0,-7.2,0.0,2.0263888888888895
2002-12-09,-0.6,-9.4,0.0,-2.4608333333333317
2002-12-10,6.7,-3.9,0.0,5.926111111111112
2002-12-11,6.7,-3.9,0.0,5.782500000000002
2002-12-12,3.3,-1.1,0.0,2.7630555555555563
2002-12-13,4.4,1.1,0.0,3.3636111111111138
2002-12-14,2.8,-0.6,0.0,3.3636111111111138
2002-12-15,7.8,0.6,0.0,7.119722222222222
2002-12-16,0.6,-2.2,0.0,3.206944444444449
2002-12-17,2.8,-2.2,0.8,1.0416666666666667
2002-12-18,12.8,2.8,26.9,11.854999999999999
2002-12-19,12.8,2.2,0.0,11.854999999999999
2002-12-20,2.2,-1.1,0.0,3.1416666666666675
2002-12-21,1.7,-1.7,0.0,0.8458333333333338
2002-12-22,0.0,-3.9,0.0,-1.0061111111111112
2002-12-23,0.6,-4.4,0.0,-0.43916666666666754
2002-12-24,0.0,-5.6,3.3,-1.8994444444444427
2002-12-25,-1.1,-4.4,3.0,-1.9777777777777752
2002-12-26,-2.2,-7.8,0.0,-4.156111111111112
2002-12-27,0.6,-7.8,0.0,-2.0561111111111092
2002-12-28,0.6,-2.8,0.0,0.05694444444444397
2002-12-29,5.6,-3.9,0.0,3.1416666666666675
2002-12-30,15.6,3.3,0.0,15.833055555555555
2002-12-31,5.6,-0.6,0.0,12.683055555555553
2003-01-01,1.1,-1.1,0.0,0.7936111111111109
2003-01-02,-0.6,-2.2,0.3,-2.0561111111111092
2003-01-03,1.7,-4.4,0.0,-0.2041666666666665
2003-01-04,0.6,-6.7,1.3,-0.2041666666666665
2003-01-05,0.6,-1.1,1.5,-0.7580555555555554
2003-01-06,0.6,-3.9,0.0,0.20055555555555393
2003-01-07,7.2,-3.9,0.0,3.206944444444449
2003-01-08,12.2,2.8,0.0,11.280555555555557
2003-01-09,5.6,-1.7,0.0,10.191388888888888
2003-01-10,-1.7,-10.0,0.0,1.0416666666666667
2003-01-11,-6.7,-12.8,0.0,-8.63027777777778
2003-01-12,0.0,-11.7,0.0,-1.528333333333332
2003-01-13,-1.7,-7.2,0.0,-2.4608333333333317
2003-01-14,-7.2,-12.2,0.8,-5.74138888888889
2003-01-15,-5.6,-15.0,0.0,-7.7238888888888875
2003-01-16,-3.3,-8.9,0.0,-5.571666666666669
2003-01-17,-4.4,-11.7,0.0,-5.571666666666669
2003-01-18,-6.1,-14.4,0.8,-7.240833333333332
2003-01-19,-1.7,-16.1,0.0,-5.206111111111112
2003-01-20,-4.4,-10.0,0.0,-3.1713888888888895
2003-01-21,-7.2,-13.3,0.0,-9.797777777777776
2003-01-22,-9.4,-15.6,0.0,-10.978333333333332
2003-01-23,-11.1,-19.4,0.0,-13.0
2003-01-24,-8.3,-16.1,0.0,-10.939166666666667
2003-01-25,1.7,-9.4,0.8,-0.3086111111111123
2003-01-26,-6.1,-15.0,0.5,-0.3086111111111123
2003-01-27,-7.2,-17.8,0.0,-10.743333333333332
2003-01-28,0.6,-7.2,3.0,-0.1388888888888889
2003-01-29,-1.7,-6.1,0.0,-1.8994444444444427
2003-01-30,-0.6,-5.0,0.0,-3.1713888888888895
2003-01-31,2.2,-0.6,2.5,1.263611111111113
2003-02-01,1.1,0.0,0.0,0.3833333333333321
2003-02-02,2.8,1.1,0.3,2.313611111111113
2003-02-03,7.2,0.6,1.3,6.683333333333334
2003-02-04,0.6,-11.7,0.0,5.633333333333334
2003-02-05,-2.8,-13.3,0.0,-6.517222222222223
2003-02-06,1.1,-8.3,0.0,-0.2563888888888894
2003-02-07,-7.8,-12.8,0.0,-4.364999999999999
2003-02-08,-0.6,-11.7,0.0,-3.236666666666667
2003-02-09,-3.3,-13.9,0.0,-2.2519444444444443
2003-02-10,-1.1,-11.7,0.0,-3.3019444444444446
2003-02-11,0.0,-13.9,0.8,-2.2519444444444443
2003-02-12,-5.6,-15.0,0.0,-1.201944444444444
2003-02-13,0.0,-10.6,0.0,-1.4499999999999997
2003-02-14,1.7,-7.2,3.3,-0.02138888888889036
2003-02-15,-1.7,-7.2,0.0,-0.02138888888889036
2003-02-16,-3.3,-7.8,0.0,-5.415
2003-02-17,0.0,-6.1,0.0,-2.121388888888889
2003-02-18,2.2,-3.9,0.0,1.1069444444444443
2003-02-19,4.4,-3.3,0.0,2.8544444444444474
2003-02-20,10.0,-2.2,0.0,8.000000000000004
2003-02-21,8.9,-2.2,0.0,7.895555555555557
2003-02-22,1.7,-5.6,0.0,5.006666666666667
2003-02-23,-2.8,-10.6,0.0,-4.077777777777778
2003-02-24,-4.4,-13.3,0.8,-5.415
2003-02-25,-7.2,-16.1,0.0,-9.745555555555557
2003-02-26,-1.7,-10.6,0.0,-3.471666666666668
2003-02-27,-0.6,-8.9,0.0,-2.3694444444444427
2003-02-28,4.4,-7.8,0.0,2.593333333333337
2003-03-01,3.3,-2.2,0.0,1.9611111111111117
2003-03-02,0.0,-10.0,0.5,0.1222222222222216
2003-03-03,0.0,-11.1,2.3,-5.12777777777778
2003-03-04,1.7,-3.9,8.6,1.0416666666666667
2003-03-05,-3.3,-5.6,5.6,-2.858055555555556
2003-03-06,-1.7,-7.2,1.8,-3.3019444444444446
2003-03-07,2.2,-5.0,0.0,1.1069444444444443
2003-03-08,6.7,-9.4,3.3,5.176388888888886
2003-03-09,-9.4,-13.3,0.0,-5.206111111111112
2003-03-10,-6.1,-15.0,0.0,-7.632499999999999
2003-03-11,6.7,-7.8,0.0,5.978333333333331
2003-03-12,7.2,1.1,0.0,6.174166666666668
2003-03-13,1.7,-1.7,1.0,1.263611111111113
2003-03-14,12.8,-2.8,0.0,11.084722222222222
2003-03-15,11.1,1.1,0.0,10.504722222222224
2003-03-16,20.0,6.7,0.0,19.70666666666667
2003-03-17,22.2,5.6,0.0,21.728333333333328
2003-03-18,8.9,3.9,0.0,16.700277777777774
2003-03-19,9.4,3.9,3.3,8.548333333333334
2003-03-20,18.3,6.7,13.7,16.700277777777774
2003-03-21,11.1,3.9,0.5,12.683055555555553
2003-03-22,8.3,3.9,0.0,7.3547222222222235
2003-03-23,17.2,6.1,0.0,16.321666666666665
2003-03-24,24.4,8.3,0.8,23.67166666666667
2003-03-25,15.6,6.7,1.5,21.62388888888889
2003-03-26,16.7,2.2,0.0,15.180277777777778
2003-03-27,18.9,5.6,0.0,17.267222222222227
2003-03-28,17.2,2.8,9.1,16.817777777777778
2003-03-29,3.9,-0.6,0.0,3.44194444444445
2003-03-30,6.1,-3.3,0.0,3.7738888888888886
2003-03-31,13.3,-2.2,1.5,12.017222222222223
2003-04-01,27.2,7.8,0.0,26.651944444444446
2003-04-02,22.8,5.6,0.0,21.689166666666665
2003-04-03,11.1,4.4,8.9,10.569999999999999
2003-04-04,5.6,0.6,37.1,7.56361111111111
2003-04-05,1.7,-2.8,0.0,2.4833333333333325
2003-04-06,3.9,-0.6,0.0,1.9611111111111117
2003-04-07,2.2,-1.1,6.4,3.0763888888888937
2003-04-08,1.1,0.0,0.0,0.20055555555555393
2003-04-09,6.7,-0.6,0.0,5.006666666666667
2003-04-10,13.3,-1.7,0.0,11.965
2003-04-11,20.6,1.7,0.0,20.37805555555555
2003-04-12,9.4,2.8,0.0,11.045555555555556
2003-04-13,18.9,1.1,0.0,18.369444444444444
2003-04-14,29.4,10.6,0.0,27.51703570755558
2003-04-15,30.0,16.7,0.0,28.442480055555563
2003-04-16,20.0,7.2,0.0,26.651944444444446
2003-04-17,9.4,5.0,0.5,9.337222222222223
2003-04-18,8.9,3.9,0.0,8.339444444444446
2003-04-19,26.7,6.1,0.0,25.91527777777778
2003-04-20,21.1,10.0,3.0,20.86111111111111
2003-04-21,10.6,6.1,0.5,13.602500000000001
2003-04-22,11.7,3.9,0.0,10.230555555555554
2003-04-23,12.2,2.2,0.0,10.993333333333332
2003-04-24,15.6,3.9,0.0,15.180277777777778
2003-04-25,15.0,6.1,0.0,14.286944444444442
2003-04-26,13.9,4.4,0.0,12.069444444444441
2003-04-27,23.9,3.9,0.0,23.515
2003-04-28,23.3,13.3,0.0,22.530277777777787
2003-04-29,20.0,8.3,0.8,18.460833333333333
2003-04-30,20.6,8.3,30.2,20.04611111111111
2003-05-01,12.8,7.8,30.0,12.905
2003-05-02,11.7,4.4,0.0,10.230555555555554
2003-05-03,13.9,3.9,0.0,12.173888888888888
2003-05-04,15.6,5.0,28.2,14.286944444444442
2003-05-05,22.2,11.7,0.0,21.819722222222218
2003-05-06,20.0,10.0,2.8,19.6675
2003-05-07,18.3,9.4,0.3,17.763333333333335
2003-05-08,16.7,9.4,10.2,15.650277777777777
2003-05-09,29.4,12.2,24.1,28.60630777155556
2003-05-10,23.3,15.0,16.3,26.718515183555557
2003-05-11,21.1,10.0,2.5,22.276666666666657
2003-05-12,19.4,10.6,0.0,18.395555555555553
2003-05-13,22.8,8.9,0.0,21.48027777777778
2003-05-14,15.0,9.4,6.6,16.230277777777776
2003-05-15,12.8,8.3,0.0,11.619999999999997
2003-05-16,17.8,10.0,0.0,16.648055555555555
2003-05-17,20.6,10.6,0.0,19.86333333333333
2003-05-18,21.7,10.6,0.0,20.913333333333338
2003-05-19,23.3,15.6,20.3,23.07861111111112
2003-05-20,20.0,10.0,2.3,22.08083333333333
2003-05-21,13.9,7.8,0.0,13.393611111111115
2003-05-22,16.1,6.7,0.0,15.297777777777778
2003-05-23,17.8,8.3,0.5,16.42611111111111
2003-05-24,21.7,7.2,0.0,20.417222222222225
2003-05-25,18.9,10.0,0.0,17.567500000000003
2003-05-26,21.1,8.9,0.0,20.639166666666664
2003-05-27,22.8,10.6,0.0,21.66305555555555
2003-05-28,21.7,13.9,3.8,20.86111111111111
2003-05-29,19.4,11.1,0.0,18.761111111111116
2003-05-30,21.7,10.0,23.9,20.769722222222228
2003-05-31,14.4,6.7,0.0,21.780555555555548
2003-06-01,16.7,3.9,0.0,15.297777777777778
2003-06-02,20.0,7.2,3.8,19.510833333333338
2003-06-03,16.7,11.1,5.3,16.595833333333335
2003-06-04,20.0,12.2,0.0,18.500000000000007
2003-06-05,25.6,9.4,0.0,24.669444444444444
2003-06-06,22.2,13.3,2.5,21.66305555555555
2003-06-07,25.0,15.0,0.0,24.747777777777774
2003-06-08,21.1,14.4,5.1,21.780555555555548
2003-06-09,25.0,12.8,0.0,24.813055555555554
2003-06-10,25.0,15.6,2.0,25.126388888888894
2003-06-11,20.6,12.2,0.0,25.178611111111113
2003-06-12,21.1,13.3,0.0,20.97861111111111
2003-06-13,20.6,15.6,0.0,20.97861111111111
2003-06-14,25.0,13.3,0.0,23.880555555555556
2003-06-15,25.0,14.4,0.0,23.932777777777783
2003-06-16,25.6,14.4,0.0,25.83694444444445
2003-06-17,26.1,13.3,0.0,25.771666666666672
2003-06-18,32.2,16.1,8.9,30.912882311555524
2003-06-19,20.0,12.2,0.0,20.111388888888893
2003-06-20,22.8,10.0,0.0,21.50638888888889
2003-06-21,26.1,11.1,0.0,25.771666666666672
2003-06-22,29.4,16.1,0.0,28.05942110177776
2003-06-23,31.7,18.3,0.0,29.644002323111142
2003-06-24,33.9,21.7,0.0,34.04459294755566
2003-06-25,33.9,22.8,0.0,33.368435607111174
2003-06-26,23.9,16.7,13.2,32.45798420844449
2003-06-27,28.3,14.4,0.0,27.095502235111056
2003-06-28,27.8,18.9,2.0,27.803986445777756
2003-06-29,27.8,17.8,0.0,27.126322248444506
2003-06-30,29.4,17.2,0.0,28.199663933777813
2003-07-01,29.4,18.9,0.0,28.05942110177776
2003-07-02,30.6,18.3,0.0,28.988929077777737
2003-07-03,33.9,22.2,0.5,33.368435607111174
2003-07-04,34.4,25.0,0.0,36.005812703555684
2003-07-05,31.1,20.6,17.8,34.855849563555616
2003-07-06,31.7,20.0,17.8,35.91511605511118
2003-07-07,31.7,21.1,15.2,35.35430882977785
2003-07-08,25.6,18.3,9.4,35.35430882977785
2003-07-09,23.3,18.3,3.0,23.19611111111112
2003-07-10,27.8,17.2,2.5,27.66945627244443
2003-07-11,24.4,16.1,1.0,23.932777777777783
2003-07-12,26.7,16.1,0.0,25.79777777777778
2003-07-13,28.3,16.7,0.0,26.81385117911107
2003-07-14,29.4,18.3,0.0,28.60630777155556
2003-07-15,30.6,20.0,34.5,30.454350755555513
2003-07-16,27.8,16.7,0.0,28.274843087111044
2003-07-17,30.6,19.4,19.6,31.371828855555602
2003-07-18,22.8,16.7,0.0,22.355000000000004
2003-07-19,28.3,13.9,0.0,27.352912241777727
2003-07-20,30.6,19.4,32.5,32.011302207111086
2003-07-21,28.3,18.9,6.4,28.22722080577791
2003-07-22,22.8,17.8,0.0,22.974166666666672
2003-07-23,23.9,15.6,0.0,22.921944444444446
2003-07-24,26.1,13.9,0.0,25.745555555555562
2003-07-25,28.3,16.7,0.0,27.803986445777756
2003-07-26,28.9,20.6,0.0,28.922434379555526
2003-07-27,27.8,19.4,5.1,29.19618301911106
2003-07-28,23.9,15.6,5.3,23.0263888888889
2003-07-29,27.2,13.9,0.0,26.58378090355558
2003-07-30,27.8,16.7,0.0,27.803986445777756
2003-07-31,30.0,19.4,0.0,29.42344713511115
2003-08-01,31.1,18.9,14.5,33.02082296755563
2003-08-02,29.4,17.8,0.0,28.53942504177774
2003-08-03,27.8,18.3,3.8,27.66945627244443
2003-08-04,25.0,17.8,0.0,24.128611111111113
2003-08-05,26.7,17.2,0.0,26.124166666666675
2003-08-06,28.3,20.6,1.3,28.922434379555526
2003-08-07,27.2,20.0,0.0,27.66945627244443
2003-08-08,25.6,19.4,0.3,24.193888888888893
2003-08-09,25.0,17.8,2.5,24.076388888888893
2003-08-10,27.8,17.2,0.0,27.803986445777756
2003-08-11,24.4,17.2,7.9,25.954444444444448
2003-08-12,24.4,20.0,0.0,24.128611111111113
2003-08-13,27.2,20.0,0.0,28.22722080577791
2003-08-14,29.4,21.7,0.3,32.011302207111086
2003-08-15,32.2,22.8,0.0,34.126960103555646
2003-08-16,33.3,23.3,0.0,34.698568305777826
2003-08-17,28.9,22.8,0.0,30.66645219955549
2003-08-18,28.9,20.0,0.0,27.803986445777756
2003-08-19,28.3,18.3,0.0,28.274843087111044
2003-08-20,32.2,19.4,0.0,34.126960103555646
2003-08-21,36.1,23.9,0.0,41.83291942311117
2003-08-22,26.7,20.0,0.0,38.139577415111084
2003-08-23,26.7,17.8,0.0,25.87611111111111
2003-08-24,30.6,18.3,0.0,30.052721355555555
2003-08-25,34.4,22.2,0.0,34.698568305777826
2003-08-26,33.3,23.3,2.0,34.698568305777826
2003-08-27,30.0,20.6,0.0,33.45426527955562
2003-08-28,33.9,20.0,0.0,36.51626202977783
2003-08-29,26.7,21.1,13.0,33.45426527955562
2003-08-30,22.8,18.9,0.0,24.852222222222228
2003-08-31,21.1,16.7,11.7,20.80888888888889
2003-09-01,18.9,16.7,24.1,18.155
2003-09-02,22.2,17.2,0.0,22.02861111111111
2003-09-03,27.8,16.1,0.0,28.274843087111044
2003-09-04,22.2,15.0,0.0,25.83694444444445
2003-09-05,22.8,11.7,0.0,22.752222222222226
2003-09-06,26.7,12.2,0.0,25.87611111111111
2003-09-07,29.4,16.1,0.0,28.274843087111044
2003-09-08,27.8,18.9,0.0,27.478487941777765
2003-09-09,27.2,19.4,0.0,27.939517511555696
2003-09-10,27.8,18.3,0.0,27.939517511555696
2003-09-11,28.9,20.0,0.0,28.88871927955556
2003-09-12,27.8,17.8,1.3,27.66945627244443
2003-09-13,30.0,21.1,0.3,28.60630777155556
2003-09-14,23.9,16.1,16.8,27.126322248444506
2003-09-15,23.9,13.3,0.0,22.608611111111117
2003-09-16,28.3,13.9,0.0,26.928445741777793
2003-09-17,27.8,16.1,0.0,27.19198765244444
2003-09-18,26.7,16.1,0.0,26.81385117911107
2003-09-19,20.0,11.7,0.0,22.830555555555556
2003-09-20,21.1,7.8,0.0,20.57388888888889
2003-09-21,25.0,11.7,2.5,24.695555555555554
2003-09-22,20.6,12.2,8.1,22.713055555555563
2003-09-23,20.6,8.9,0.0,20.443333333333335
2003-09-24,21.1,12.2,2.8,21.161388888888883
2003-09-25,16.1,8.3,0.0,19.628333333333337
2003-09-26,18.3,9.4,14.5,17.567500000000003
2003-09-27,17.2,8.9,0.0,16.504444444444445
2003-09-28,15.0,7.8,0.5,12.34361111111111
2003-09-29,14.4,5.6,0.0,13.197777777777778
2003-09-30,13.3,5.6,0.0,12.108611111111113
2003-10-01,12.2,2.2,0.0,11.123888888888887
2003-10-02,11.7,0.0,0.0,9.943333333333332
2003-10-03,12.2,4.4,7.4,10.726666666666667
2003-10-04,15.0,5.0,0.0,13.22388888888889
2003-10-05,15.0,7.2,0.0,13.393611111111115
2003-10-06,16.7,6.1,0.0,15.180277777777778
2003-10-07,26.7,9.4,0.0,26.49947119244446
2003-10-08,26.7,12.2,0.0,25.83694444444445
2003-10-09,22.8,14.4,0.0,22.752222222222226
2003-10-10,24.4,12.2,0.0,23.932777777777783
2003-10-11,25.6,13.9,1.0,25.91527777777778
2003-10-12,20.6,9.4,0.0,23.880555555555556
2003-10-13,22.8,8.9,0.0,21.50638888888889
2003-10-14,15.6,9.4,25.4,18.395555555555553
2003-10-15,16.7,5.6,0.0,16.25638888888889
2003-10-16,12.8,4.4,0.0,13.22388888888889
2003-10-17,14.4,2.2,0.0,13.132500000000004
2003-10-18,20.6,6.1,0.0,20.599999999999998
2003-10-19,18.3,11.7,0.0,18.617500000000007
2003-10-20,29.4,11.7,0.0,27.931986671555578
2003-10-21,19.4,10.0,0.0,23.84138888888889
2003-10-22,13.3,6.1,0.0,12.61777777777778
2003-10-23,12.8,7.2,0.0,11.384999999999998
2003-10-24,16.1,6.1,3.8,15.376111111111108
2003-10-25,13.9,8.3,10.4,13.55027777777778
2003-10-26,7.8,2.2,0.0,11.56777777777778
2003-10-27,6.1,2.2,0.3,5.124166666666667
2003-10-28,12.8,5.6,1.5,11.502499999999998
2003-10-29,9.4,4.4,0.8,8.22194444444445
2003-10-30,21.7,5.6,0.0,21.819722222222218
2003-10-31,19.4,10.0,0.0,20.80888888888889
2003-11-01,10.6,8.9,1.3,11.56777777777778
2003-11-02,14.4,10.0,30.5,13.876666666666672
2003-11-03,12.2,9.4,18.3,12.826666666666666
2003-11-04,20.6,10.0,15.5,20.04611111111111
2003-11-05,10.0,3.9,0.0,19.98083333333333
2003-11-06,7.8,0.6,0.0,6.806388888888889
2003-11-07,6.7,-2.2,0.0,4.836944444444444
2003-11-08,2.2,-4.4,0.0,1.804444444444447
2003-11-09,5.0,-2.8,0.0,3.643333333333333
2003-11-10,11.7,-0.6,0.3,10.060833333333331
2003-11-11,13.9,9.4,0.3,13.798333333333336
2003-11-12,16.7,1.7,0.0,15.506666666666668
2003-11-13,4.4,-1.1,0.0,5.124166666666667
2003-11-14,10.0,-2.8,0.0,9.01083333333333
2003-11-15,6.1,3.9,0.8,6.017499999999999
2003-11-16,9.4,6.1,1.8,8.548333333333334
2003-11-17,12.8,4.4,7.6,12.61777777777778
2003-11-18,16.7,10.0,56.6,17.105
2003-11-19,14.4,3.3,0.0,13.955
2003-11-20,18.3,3.9,0.0,17.51527777777778
2003-11-21,11.7,6.1,0.0,15.545833333333336
2003-11-22,16.7,8.3,0.0,13.798333333333336
2003-11-23,18.9,-0.6,27.2,17.815555555555562
2003-11-24,-0.6,-6.1,0.0,6.513611111111111
2003-11-25,4.4,-3.3,0.0,2.9066666666666703
2003-11-26,8.9,0.6,0.0,7.0283333333333315
2003-11-27,7.2,3.3,0.5,6.435277777777778
2003-11-28,3.3,-2.2,0.0,5.32
2003-11-29,2.8,-3.9,0.0,0.9111111111111114
2003-11-30,12.2,2.8,0.0,11.163055555555555
2003-12-01,5.6,-1.1,0.0,11.163055555555555
2003-12-02,2.8,-3.9,0.0,1.5955555555555554
2003-12-03,4.4,-0.6,0.0,2.7630555555555563
2003-12-04,3.9,0.6,7.6,3.285277777777781
2003-12-05,5.6,1.1,13.5,5.058888888888886
2003-12-06,3.3,-1.1,0.0,3.285277777777781
2003-12-07,4.4,-1.7,0.0,3.1416666666666675
2003-12-08,7.2,2.2,0.0,6.291666666666668
2003-12-09,10.0,5.0,8.9,6.591944444444443
2003-12-10,12.8,-1.1,11.4,12.61777777777778
2003-12-11,-1.1,-9.4,0.0,2.235277777777777
2003-12-12,-3.3,-11.1,0.0,-5.663055555555555
2003-12-13,-1.1,-7.2,0.5,-2.3041666666666654
2003-12-14,-0.6,-3.3,0.5,-1.9777777777777752
2003-12-15,3.3,-4.4,0.0,2.1569444444444446
2003-12-16,5.6,-4.4,1.0,5.32
2003-12-17,-3.3,-7.2,0.3,-3.1061111111111117
2003-12-18,-2.2,-6.7,0.0,-4.156111111111112
2003-12-19,-0.6,-7.2,0.0,-2.3041666666666654
2003-12-20,-0.6,-10.6,0.0,-2.5
2003-12-21,8.3,-3.3,0.0,7.119722222222222
2003-12-22,7.2,2.8,1.0,6.239444444444441
2003-12-23,3.3,-2.8,1.5,4.256944444444441
2003-12-24,-2.8,-7.2,0.3,-0.9277777777777767
2003-12-25,2.8,-7.8,0.0,0.6630555555555557
2003-12-26,6.1,-5.6,0.0,5.006666666666667
2003-12-27,9.4,0.6,0.0,8.078333333333335
2003-12-28,9.4,5.6,5.1,8.613611111111116
2003-12-29,8.9,-1.1,0.0,8.613611111111116
2003-12-30,5.0,-3.3,0.0,3.0763888888888937
2003-12-31,5.6,-1.7,0.0,5.006666666666667
2004-01-01,10.0,-2.2,0.0,6.291666666666668
2004-01-02,16.1,5.0,0.3,14.926666666666668
2004-01-03,12.2,0.0,0.3,15.898333333333332
2004-01-04,1.1,-1.7,13.7,0.1222222222222216
2004-01-05,-0.6,-15.0,0.8,-1.8080555555555557
2004-01-06,-12.2,-18.9,0.0,-9.4975
2004-01-07,-4.4,-14.4,0.0,-8.512777777777778
2004-01-08,-0.6,-5.0,0.0,-2.1866666666666665
2004-01-09,-2.2,-7.2,0.0,-1.9777777777777752
2004-01-10,-2.8,-7.2,0.0,-5.206111111111112
2004-01-11,4.4,-2.8,0.0,3.0763888888888937
2004-01-12,4.4,-0.6,0.0,3.285277777777781
2004-01-13,0.6,-2.8,0.0,0.1222222222222216
2004-01-14,2.2,-6.1,0.0,1.1722222222222218
2004-01-15,-3.9,-9.4,0.0,-3.1061111111111117
2004-01-16,-2.2,-3.9,0.0,-3.236666666666667
2004-01-17,1.1,-2.2,2.8,0.291944444444441
2004-01-18,-1.1,-13.9,0.0,0.291944444444441
2004-01-19,-7.2,-15.0,0.0,-9.680277777777778
2004-01-20,-5.6,-11.1,0.0,-7.684722222222222
2004-01-21,3.3,-10.0,0.0,2.0263888888888895
2004-01-22,-5.0,-15.0,0.0,2.0263888888888895
2004-01-23,-3.3,-13.9,1.5,-6.099444444444444
2004-01-24,-5.0,-9.4,0.5,-5.049444444444443
2004-01-25,-5.6,-10.0,0.5,-8.512777777777778
2004-01-26,-3.9,-7.2,0.3,-6.099444444444444
2004-01-27,-3.9,-12.2,5.6,-5.049444444444443
2004-01-28,-10.0,-16.1,0.0,-8.434444444444445
2004-01-29,-14.4,-17.2,1.5,-13.632222222222222
2004-01-30,-15.6,-21.1,0.0,-17.753888888888888
2004-01-31,-10.0,-20.6,0.0,-11.845555555555556
2004-02-01,-0.6,-10.6,0.0,-2.408611111111109
2004-02-02,1.1,-4.4,3.8,-1.201944444444444
2004-02-03,1.1,-12.2,1.3,0.291944444444441
2004-02-04,-3.3,-14.4,0.0,-4.417222222222223
2004-02-05,-1.7,-4.4,4.1,-3.1713888888888895
2004-02-06,-0.6,-2.8,1.3,-1.9777777777777752
2004-02-07,-1.1,-6.1,1.0,-1.9777777777777752
2004-02-08,-2.8,-10.0,0.0,-4.156111111111112
2004-02-09,0.6,-3.9,0.0,-0.08666666666666797
2004-02-10,-2.2,-8.9,0.0,-2.121388888888889
2004-02-11,2.2,-10.0,0.0,0.9633333333333343
2004-02-12,-2.8,-7.8,0.0,-0.02138888888889036
2004-02-13,-1.7,-11.1,0.0,-3.3019444444444446
2004-02-14,1.7,-5.0,0.0,0.7936111111111109
2004-02-15,-3.9,-7.8,0.0,-2.0561111111111092
2004-02-16,-2.8,-9.4,0.0,-4.57388888888889
2004-02-17,2.2,-6.7,0.0,0.7544444444444467
2004-02-18,6.1,-6.7,0.0,5.124166666666667
2004-02-19,7.2,0.0,0.0,6.291666666666668
2004-02-20,7.2,1.1,5.1,6.591944444444443
2004-02-21,4.4,-0.6,2.3,3.011111111111112
2004-02-22,7.2,-3.9,0.0,6.174166666666668
2004-02-23,7.8,3.9,0.3,6.291666666666668
2004-02-24,3.9,0.0,0.0,5.32
2004-02-25,3.3,-3.9,0.0,1.9611111111111117
2004-02-26,5.0,-1.7,0.0,3.9044444444444437
2004-02-27,7.2,-1.7,0.0,6.017499999999999
2004-02-28,12.8,-0.6,0.0,12.134722222222223
2004-02-29,16.1,5.0,0.0,14.404444444444444
2004-03-01,17.2,7.8,2.8,16.595833333333335
2004-03-02,10.0,5.0,0.0,13.485000000000001
2004-03-03,8.3,3.9,0.5,7.224166666666668
2004-03-04,7.2,4.4,27.7,7.289444444444442
2004-03-05,16.1,4.4,22.1,15.976666666666663
2004-03-06,7.2,3.3,0.0,6.069722222222222
2004-03-07,7.2,1.1,0.5,6.370000000000001
2004-03-08,4.4,-1.1,0.0,2.9066666666666703
2004-03-09,3.9,-1.1,0.0,2.0263888888888895
2004-03-10,8.9,-2.8,0.0,8.039166666666667
2004-03-11,6.1,-7.8,0.0,7.067499999999999
2004-03-12,1.1,-8.3,0.0,-0.43916666666666754
2004-03-13,8.3,-5.6,0.0,6.871666666666666
2004-03-14,6.7,1.7,4.3,5.978333333333331
2004-03-15,2.8,-1.7,0.3,4.915277777777776
2004-03-16,1.7,-1.1,0.0,1.1069444444444443
2004-03-17,2.8,-1.7,2.0,2.313611111111113
2004-03-18,5.6,-2.2,3.3,5.32
2004-03-19,11.1,-1.7,0.0,10.191388888888888
2004-03-20,17.2,0.6,1.3,16.321666666666665
2004-03-21,1.1,-3.9,0.0,6.976111111111113
2004-03-22,4.4,-6.1,0.0,2.593333333333337
2004-03-23,15.6,0.0,0.0,15.154166666666665
2004-03-24,17.8,6.7,6.9,16.648055555555555
2004-03-25,16.7,13.3,1.0,17.60666666666667
2004-03-26,20.0,8.3,7.6,19.915555555555557
2004-03-27,16.1,6.1,0.0,17.880833333333335
2004-03-28,23.9,9.4,19.1,22.869722222222226
2004-03-29,16.1,6.1,0.0,15.336944444444441
2004-03-30,14.4,3.3,0.5,13.302222222222223
2004-03-31,8.9,2.8,0.0,7.171944444444446
2004-04-01,10.0,2.2,0.0,8.000000000000004
2004-04-02,12.2,1.7,0.0,10.993333333333332
2004-04-03,15.0,0.6,0.0,14.208611111111114
2004-04-04,7.8,1.1,0.0,7.0283333333333315
2004-04-05,10.0,0.0,0.0,7.960833333333334
2004-04-06,22.8,6.7,0.0,21.62388888888889
2004-04-07,17.2,7.2,0.0,20.443333333333335
2004-04-08,13.9,5.6,0.0,13.354444444444447
2004-04-09,13.3,2.2,0.0,12.108611111111113
2004-04-10,12.8,2.2,0.0,11.202222222222224
2004-04-11,7.2,1.7,0.0,6.121944444444445
2004-04-12,5.6,1.1,0.0,3.8652777777777754
2004-04-13,7.8,0.6,0.0,5.978333333333331
2004-04-14,20.6,-0.6,0.0,18.291111111111114
2004-04-15,23.9,10.0,0.0,22.779999999999994
2004-04-16,28.3,13.3,1.0,26.928445741777793
2004-04-17,26.1,11.7,1.8,26.27300514177779
2004-04-18,30.6,12.2,0.0,28.826934755555587
2004-04-19,22.8,8.9,0.0,26.651944444444446
2004-04-20,17.8,7.2,19.3,14.926666666666668
2004-04-21,18.3,8.9,0.5,18.01138888888889
2004-04-22,11.7,6.1,0.0,12.434999999999997
2004-04-23,16.7,5.6,0.0,16.058888888888887
2004-04-24,11.7,6.1,11.7,14.286944444444442
2004-04-25,17.2,7.8,1.5,16.91027777777777
2004-04-26,16.1,7.2,0.0,15.180277777777778
2004-04-27,11.1,2.8,0.0,11.123888888888887
2004-04-28,26.1,9.4,0.0,25.771666666666672
2004-04-29,25.6,15.6,4.1,25.745555555555562
2004-04-30,15.6,6.1,8.4,21.728333333333328
2004-05-01,8.9,6.1,1.5,8.325833333333337
2004-05-02,10.6,3.3,0.0,9.089166666666667
2004-05-03,10.6,0.6,0.0,9.102222222222222
2004-05-04,19.4,6.7,0.0,18.656666666666663
2004-05-05,18.3,7.2,0.0,18.656666666666663
2004-05-06,29.4,13.3,0.0,29.093004120444423
2004-05-07,13.3,8.9,3.8,22.921944444444446
2004-05-08,30.0,10.6,0.0,29.167844777777734
2004-05-09,31.1,12.2,6.1,30.680156280497766
2004-05-10,29.4,15.6,0.0,28.352715167555544
2004-05-11,28.3,12.8,0.0,27.803986445777756
2004-05-12,29.4,19.4,14.2,29.093004120444423
2004-05-13,25.6,19.4,10.4,25.74333333333333
2004-05-14,20.6,9.4,25.4,21.357777777777788
2004-05-15,12.8,6.7,0.0,11.332777777777778
2004-05-16,21.1,6.1,0.0,20.678333333333335
2004-05-17,27.2,15.6,0.0,27.297443267111174
2004-05-18,23.3,10.0,8.1,27.478487941777765
2004-05-19,22.2,9.4,0.0,22.02861111111111
2004-05-20,29.4,20.0,1.8,32.011302207111086
2004-05-21,25.6,11.1,8.1,28.855553559555556
2004-05-22,27.2,14.4,5.3,26.124166666666675
2004-05-23,27.8,13.3,2.3,26.085
2004-05-24,18.9,9.4,0.0,25.178611111111113
2004-05-25,20.6,10.6,4.8,20.913333333333338
2004-05-26,18.9,11.1,0.0,19.915555555555557
2004-05-27,25.6,10.0,0.0,26.085
2004-05-28,15.6,8.3,0.0,23.880555555555556
2004-05-29,20.6,10.6,0.5,19.81111111111111
2004-05-30,24.4,17.2,40.6,24.193888888888893
2004-05-31,19.4,13.9,8.4,23.19611111111112
2004-06-01,24.4,13.9,1.0,23.72388888888889
2004-06-02,18.3,11.7,3.8,20.678333333333335
2004-06-03,20.6,11.1,0.0,19.49777777777778
2004-06-04,21.7,8.9,0.0,21.689166666666665
2004-06-05,24.4,11.7,0.0,23.54055555555555
2004-06-06,28.9,19.4,0.0,27.932119356095637
2004-06-07,31.7,18.3,0.0,32.42304028755553
2004-06-08,33.3,22.8,0.0,34.698568305777826
2004-06-09,30.0,21.1,0.5,33.45426527955562
2004-06-10,24.4,15.6,27.7,24.193888888888893
2004-06-11,27.8,18.9,3.6,28.855553559555556
2004-06-12,26.7,16.7,9.4,26.241666666666674
2004-06-13,27.8,20.0,0.0,28.922434379555526
2004-06-14,29.4,18.9,14.0,29.41421488587567
2004-06-15,25.6,17.8,0.0,28.274843087111044
2004-06-16,28.3,17.8,0.0,29.697203661351164
2004-06-17,27.8,17.8,0.0,29.232366431555484
2004-06-18,27.8,17.2,0.0,26.03277777777778
2004-06-19,18.3,12.2,0.0,21.819722222222218
2004-06-20,23.3,11.7,0.0,22.647777777777783
2004-06-21,21.1,16.1,10.7,21.62388888888889
2004-06-22,22.8,15.6,0.0,21.66305555555555
2004-06-23,28.3,14.4,0.3,27.470992943555565
2004-06-24,21.7,12.8,1.5,24.852222222222228
2004-06-25,22.2,12.8,0.0,21.5325
2004-06-26,24.4,12.8,0.0,23.67166666666667
2004-06-27,26.1,15.0,0.0,24.786944444444444
2004-06-28,22.2,15.6,2.3,22.830555555555556
2004-06-29,27.8,14.4,0.0,26.58378090355558
2004-06-30,28.3,17.2,0.0,27.721938942035614
2004-07-01,29.4,17.8,0.0,28.352715167555544
2004-07-02,28.3,18.3,0.0,27.803986445777756
2004-07-03,29.4,21.1,18.5,31.34656448977779
2004-07-04,28.3,21.7,0.8,29.31698503179564
2004-07-05,23.3,17.8,3.0,27.66945627244443
2004-07-06,29.4,18.9,39.9,30.915363245315625
2004-07-07,21.1,15.6,0.5,22.276666666666657
2004-07-08,25.0,13.3,0.0,24.15694444444445
2004-07-09,25.0,17.2,25.4,23.971944444444446
2004-07-10,27.8,18.3,0.0,28.22722080577791
2004-07-11,30.6,19.4,0.0,32.6347006444444
2004-07-12,31.1,21.1,0.0,31.371828855555602
2004-07-13,30.0,21.7,0.0,31.648926787671186
2004-07-14,27.2,19.4,0.0,30.733060379555532
2004-07-15,28.9,17.2,0.0,27.4763316527378
2004-07-16,28.9,19.4,0.5,28.53942504177774
2004-07-17,24.4,18.9,0.5,24.076388888888893
2004-07-18,26.7,18.3,0.0,26.02027777777778
2004-07-19,28.3,17.8,0.0,28.274843087111044
2004-07-20,32.2,22.2,0.0,34.126960103555646
2004-07-21,30.6,23.9,14.5,35.35430882977785
2004-07-22,33.3,20.6,3.3,36.87690864355567
2004-07-23,22.2,17.2,0.0,25.243888888888886
2004-07-24,22.8,16.1,0.0,21.66305555555555
2004-07-25,22.8,18.3,0.0,22.713055555555563
2004-07-26,23.9,16.1,1.5,22.830555555555556
2004-07-27,26.7,16.1,0.0,25.94194444444445
2004-07-28,28.3,15.6,0.0,27.803986445777756
2004-07-29,28.3,18.3,0.0,27.910757868995592
2004-07-30,23.3,18.3,4.8,27.126322248444506
2004-07-31,28.9,18.3,0.0,27.721938942035614
2004-08-01,31.7,17.8,0.0,31.36906995955557
2004-08-02,31.1,22.2,0.0,32.15124504993779
2004-08-03,32.2,20.0,30.5,33.02082296755563
2004-08-04,23.9,19.4,6.4,28.22722080577791
2004-08-05,22.2,17.2,0.0,21.871944444444438
2004-08-06,23.9,13.3,0.0,22.673888888888897
2004-08-07,25.6,14.4,0.0,24.721666666666664
2004-08-08,27.2,17.2,0.0,26.965124885777826
2004-08-09,30.0,18.9,0.0,30.052721355555555
2004-08-10,20.6,15.6,0.0,26.124166666666675
2004-08-11,17.2,12.8,0.3,17.763333333333335
2004-08-12,16.7,10.6,0.3,16.595833333333335
2004-08-13,20.6,11.7,0.0,19.680555555555557
2004-08-14,21.7,12.2,0.0,20.769722222222228
2004-08-15,23.3,12.2,0.0,22.7913888888889
2004-08-16,26.1,13.3,0.0,25.771666666666672
2004-08-17,28.3,17.2,5.6,28.577176604924507
2004-08-18,25.0,18.3,4.1,25.087222222222227
2004-08-19,22.8,16.1,0.0,22.08083333333333
2004-08-20,23.3,15.0,0.0,21.938333333333325
2004-08-21,23.9,15.0,0.0,22.752222222222226
2004-08-22,27.8,13.3,0.0,27.297443267111174
2004-08-23,26.7,18.3,0.0,27.939517511555696
2004-08-24,27.2,20.6,18.0,28.532566155111038
2004-08-25,23.9,19.4,10.9,24.246111111111112
2004-08-26,28.3,20.0,3.0,30.66645219955549
2004-08-27,28.9,21.1,8.4,31.015885100115636
2004-08-28,25.6,15.6,39.9,29.19618301911106
2004-08-29,20.0,14.4,0.0,19.194166666666664
2004-08-30,24.4,12.2,0.0,23.971944444444446
2004-08-31,26.7,15.6,0.0,25.954444444444448
2004-09-01,28.3,17.2,0.0,28.007127103084443
2004-09-02,28.9,19.4,0.0,28.274843087111044
2004-09-03,28.9,20.6,0.0,29.47601872620456
2004-09-04,28.9,20.0,0.0,28.53942504177774
2004-09-05,30.0,21.1,0.0,30.194046724604465
2004-09-06,26.7,16.7,0.3,28.922434379555526
2004-09-07,22.8,14.4,0.0,21.91111111111111
2004-09-08,21.7,17.2,0.0,20.80888888888889
2004-09-09,22.8,14.4,0.0,21.819722222222218
2004-09-10,26.7,13.3,0.0,26.718515183555557
2004-09-11,27.8,17.2,0.0,27.66431045955554
2004-09-12,29.4,16.1,0.0,28.352715167555544
2004-09-13,30.6,18.3,0.0,29.689165055555495
2004-09-14,30.0,20.0,0.0,29.930825938151138
2004-09-15,30.6,19.4,21.3,30.454350755555513
2004-09-16,23.3,16.7,0.3,25.296111111111113
2004-09-17,20.6,16.7,0.0,20.678333333333335
2004-09-18,24.4,13.3,0.0,23.72388888888889
2004-09-19,25.6,15.6,0.0,25.745555555555562
2004-09-20,26.1,13.3,0.0,25.26027777777778
2004-09-21,28.3,15.0,0.0,27.068432814157852
2004-09-22,28.3,13.9,0.0,27.095502235111056
2004-09-23,30.0,16.7,0.0,28.212559992871135
2004-09-24,27.2,17.2,0.0,26.43262086172445
2004-09-25,22.8,12.8,0.0,23.67166666666667
2004-09-26,21.7,10.6,0.0,20.691944444444445
2004-09-27,23.3,10.0,0.0,22.752222222222226
2004-09-28,19.4,11.7,0.0,18.656666666666663
2004-09-29,18.9,8.9,0.0,17.51527777777778
2004-09-30,21.7,6.7,0.0,21.428055555555552
2004-10-01,23.3,11.1,13.7,22.713055555555563
2004-10-02,14.4,4.4,1.3,20.717499999999998
2004-10-03,20.6,3.9,0.0,20.37805555555555
2004-10-04,15.0,4.4,0.0,17.293333333333337
2004-10-05,15.6,3.3,0.0,14.156388888888888
2004-10-06,23.3,7.8,0.0,22.832222222222214
2004-10-07,25.6,11.1,0.0,24.56500000000001
2004-10-08,20.6,16.7,8.9,22.647777777777783
2004-10-09,21.1,10.0,0.0,20.469444444444445
2004-10-10,16.7,7.2,0.0,15.545833333333336
2004-10-11,16.1,7.8,0.0,15.41527777777778
2004-10-12,15.6,8.3,0.0,15.545833333333336
2004-10-13,17.8,10.6,0.0,16.648055555555555
2004-10-14,13.9,8.9,3.6,13.602500000000001
2004-10-15,11.7,7.2,1.0,10.726666666666667
2004-10-16,7.8,3.3,0.0,10.282777777777778
2004-10-17,12.2,-0.6,0.0,11.320833333333333
2004-10-18,10.0,5.6,0.0,10.139166666666668
2004-10-19,12.2,9.4,0.0,11.619999999999997
2004-10-20,12.2,10.6,0.3,11.803888888888888
2004-10-21,15.0,9.4,0.0,13.55027777777778
2004-10-22,17.8,8.3,0.0,16.700277777777774
2004-10-23,24.4,12.2,26.2,24.076388888888893
2004-10-24,19.4,8.9,0.0,18.617500000000007
2004-10-25,24.4,7.2,0.0,23.67166666666667
2004-10-26,17.8,12.2,0.3,17.763333333333335
2004-10-27,18.3,12.2,0.0,17.763333333333335
2004-10-28,16.7,10.0,0.0,15.767777777777777
2004-10-29,25.6,16.7,4.6,25.178611111111113
2004-10-30,21.7,9.4,1.8,24.193888888888893
2004-10-31,13.9,7.2,0.0,13.393611111111115
2004-11-01,10.6,9.4,30.5,10.569999999999999
2004-11-02,10.0,7.8,0.3,9.833333333333336
2004-11-03,11.7,7.8,7.6,10.334999999999997
2004-11-04,10.6,5.0,17.8,10.334999999999997
2004-11-05,12.2,1.7,0.0,11.281666666666668
2004-11-06,18.3,6.1,0.0,17.37166666666667
2004-11-07,14.4,4.4,0.0,13.302222222222223
2004-11-08,8.3,0.6,0.0,9.969444444444441
2004-11-09,11.7,3.9,0.0,10.69138888888889
2004-11-10,16.7,7.8,0.0,16.267777777777773
2004-11-11,11.7,3.9,0.0,14.548055555555557
2004-11-12,8.3,2.8,0.0,7.067499999999999
2004-11-13,7.8,-0.6,0.0,7.0283333333333315
2004-11-14,10.0,-0.6,0.0,9.01083333333333
2004-11-15,11.1,2.2,1.8,10.283333333333328
2004-11-16,13.3,8.3,0.0,11.960555555555556
2004-11-17,17.2,12.2,0.5,16.948333333333334
2004-11-18,17.8,10.0,7.6,16.948333333333334
2004-11-19,13.9,9.4,9.7,13.20694444444444
2004-11-20,12.2,6.7,0.8,12.905
2004-11-21,8.3,1.7,0.0,7.3547222222222235
2004-11-22,8.9,2.2,0.0,7.565277777777774
2004-11-23,11.7,6.7,0.3,10.387222222222224
2004-11-24,7.2,-0.6,19.1,7.3547222222222235
2004-11-25,0.6,-5.0,0.0,0.3833333333333321
2004-11-26,8.3,-0.6,0.8,5.385277777777778
2004-11-27,8.3,2.8,13.2,7.669722222222219
2004-11-28,6.1,1.1,0.0,4.836944444444444
2004-11-29,3.9,1.1,2.5,2.8544444444444474
2004-11-30,5.0,0.6,15.2,4.41361111111111
2004-12-01,0.6,-2.8,1.0,3.44194444444445
2004-12-02,4.4,-2.2,0.0,3.1416666666666675
2004-12-03,2.8,-3.9,0.0,1.3691666666666673
2004-12-04,7.2,1.1,0.0,6.121944444444445
2004-12-05,8.3,-1.7,1.8,7.3547222222222235
2004-12-06,10.6,4.4,3.3,9.663611111111111
2004-12-07,10.0,5.0,32.0,10.726666666666667
2004-12-08,6.1,2.8,0.0,6.513611111111111
2004-12-09,11.1,3.9,0.0,10.439444444444442
2004-12-10,7.8,3.9,2.3,9.598333333333334
2004-12-11,3.9,0.6,0.5,5.46361111111111
2004-12-12,6.7,0.6,0.0,5.241666666666668
2004-12-13,0.6,-6.7,0.0,1.9611111111111117
2004-12-14,-2.8,-8.9,0.0,-4.311666666666664
2004-12-15,2.8,-7.2,0.0,1.5161111111111107
2004-12-16,6.7,-1.7,0.0,5.0725000000000025
2004-12-17,1.1,-5.6,0.0,2.958888888888893
2004-12-18,4.4,-6.7,0.8,3.0763888888888937
2004-12-19,-6.7,-15.6,0.0,0.20055555555555393
2004-12-20,-2.2,-12.2,0.0,-4.41611111111111
2004-12-21,1.1,-9.4,0.0,-0.02138888888889036
2004-12-22,-9.4,-12.8,0.0,-7.515000000000001
2004-12-23,-7.2,-14.4,0.0,-8.786944444444442
2004-12-24,-11.7,-18.9,0.0,-11.793333333333335
2004-12-25,-6.7,-12.2,0.3,-8.512777777777778
2004-12-26,-3.9,-9.4,0.0,-5.206111111111112
2004-12-27,-3.3,-8.3,0.0,-4.469444444444445
2004-12-28,5.6,-5.0,0.0,5.006666666666667
2004-12-29,5.0,-2.8,0.0,4.335277777777778
2004-12-30,13.3,1.1,2.5,9.663611111111111
2004-12-31,13.9,0.0,0.0,13.798333333333336
2005-01-01,6.1,-2.2,21.6,4.5474999999999985
2005-01-02,12.8,1.7,2.0,12.721111111111108
2005-01-03,2.8,1.7,14.5,2.6155555555555545
2005-01-04,2.8,0.0,3.0,2.0774999999999957
2005-01-05,0.0,-3.3,16.0,0.8311111111111124
2005-01-06,-2.2,-9.4,3.6,-3.303055555555557
2005-01-07,-2.2,-10.6,0.0,-3.8938888888888874
2005-01-08,-2.2,-3.9,0.3,-3.1725000000000017
2005-01-09,1.7,-3.3,0.0,0.2533333333333311
2005-01-10,1.7,-0.6,1.0,0.9616666666666676
2005-01-11,2.2,0.0,3.8,1.4997222222222224
2005-01-12,16.7,1.7,19.1,16.58111111111111
2005-01-13,11.1,-8.3,24.4,16.58111111111111
2005-01-14,-8.3,-15.0,0.0,-2.187222222222223
2005-01-15,-8.9,-14.4,0.0,-11.372222222222222
2005-01-16,-9.4,-15.0,0.0,-11.346111111111112
2005-01-17,-11.1,-16.1,0.0,-13.18333333333333
2005-01-18,-5.0,-16.7,2.0,-9.496388888888886
2005-01-19,1.7,-5.0,0.0,0.7919444444444442
2005-01-20,-2.8,-5.0,1.8,-2.817222222222221
2005-01-21,-4.4,-8.9,7.4,-4.379722222222221
2005-01-22,-5.6,-10.6,12.7,-6.794722222222222
2005-01-23,-5.6,-12.2,0.0,-7.068888888888887
2005-01-24,0.6,-6.7,0.0,-1.1366666666666663
2005-01-25,6.7,-2.8,0.0,5.28138888888889
2005-01-26,2.2,-6.1,1.3,4.27
2005-01-27,-5.0,-10.6,0.8,-4.957499999999999
2005-01-28,-1.7,-13.3,0.0,-3.7991666666666686
2005-01-29,2.2,-5.0,0.0,0.9905555555555563
2005-01-30,1.7,-3.9,0.0,0.6744444444444437
2005-01-31,1.1,-5.6,0.0,-0.5458333333333343
2005-02-01,0.6,-3.3,0.0,-1.0713888888888887
2005-02-02,1.7,-5.6,0.0,-0.020833333333336097
2005-02-03,6.7,-6.1,0.0,5.819999999999999
2005-02-04,10.6,-2.8,0.0,9.914999999999997
2005-02-05,12.8,2.2,0.0,11.529722222222224
2005-02-06,8.3,5.0,0.5,8.260555555555555
2005-02-07,7.2,1.1,5.8,7.209999999999997
2005-02-08,1.1,-3.3,0.3,2.6938888888888872
2005-02-09,-0.6,-4.4,0.5,-2.187222222222223
2005-02-10,0.6,-6.1,0.0,-1.384722222222222
2005-02-11,5.6,-5.0,0.3,3.995833333333331
2005-02-12,10.6,-0.6,0.0,9.70611111111111
2005-02-13,7.2,2.2,19.1,4.1525
2005-02-14,10.0,3.3,4.6,9.833333333333336
2005-02-15,6.7,1.1,9.1,5.594722222222227
2005-02-16,1.1,-3.3,0.0,1.4997222222222224
2005-02-17,-2.8,-7.2,0.0,-2.409166666666667
2005-02-18,-3.3,-11.1,0.0,-4.96722222222222
2005-02-19,5.0,-6.1,0.0,3.2222222222222205
2005-02-20,3.9,-0.6,7.6,2.74611111111111
2005-02-21,2.8,0.6,0.0,2.74611111111111
2005-02-22,1.7,-3.3,0.3,1.2908333333333348
2005-02-23,2.2,-6.1,0.0,0.4916666666666695
2005-02-24,2.8,-1.7,0.0,0.60916666666667
2005-02-25,5.6,-1.1,0.0,3.995833333333331
2005-02-26,1.7,-2.2,0.0,2.3022222222222215
2005-02-27,4.4,-2.8,2.5,3.4311111111111123
2005-02-28,2.2,-3.3,10.7,1.9861111111111087
2005-03-01,-2.8,-6.7,0.0,-2.0697222222222242
2005-03-02,-2.2,-10.0,0.0,-4.363888888888887
2005-03-03,1.7,-8.9,0.0,0.40027777777777845
2005-03-04,7.2,-4.4,1.0,5.846111111111113
2005-03-05,5.6,1.1,0.0,5.872222222222226
2005-03-06,17.8,2.2,0.0,17.240000000000006
2005-03-07,13.3,-2.8,0.3,16.098055555555554
2005-03-08,-1.1,-7.2,0.0,-1.8058333333333307
2005-03-09,-0.6,-7.8,0.0,-2.2366666666666646
2005-03-10,2.8,-6.1,3.8,0.9224999999999994
2005-03-11,2.2,-3.3,1.0,2.0383333333333318
2005-03-12,1.1,-7.8,0.0,0.2533333333333311
2005-03-13,1.1,-8.9,0.0,-0.3602777777777809
2005-03-14,3.3,-3.9,0.0,1.6466666666666658
2005-03-15,5.6,-5.6,0.0,3.117777777777779
2005-03-16,10.6,-2.8,0.0,9.076111111111112
2005-03-17,3.9,-1.1,0.8,6.713888888888885
2005-03-18,10.0,0.0,0.5,6.279722222222222
2005-03-19,10.0,1.1,2.5,9.063055555555557
2005-03-20,5.6,-1.7,0.0,3.943611111111112
2005-03-21,3.9,-2.8,0.0,2.3022222222222215
2005-03-22,5.6,0.6,1.3,4.560555555555557
2005-03-23,5.0,0.0,1.3,3.8783333333333303
2005-03-24,10.0,-2.8,4.6,8.39388888888889
2005-03-25,3.3,0.6,9.4,5.598055555555558
2005-03-26,6.1,0.0,0.3,4.821666666666668
2005-03-27,8.9,-1.7,0.0,7.317222222222218
2005-03-28,15.0,0.0,0.0,13.578611111111114
2005-03-29,20.6,3.9,0.0,19.35416666666667
2005-03-30,25.0,12.8,18.0,24.17
2005-03-31,14.4,6.1,0.0,14.678611111111113
2005-04-01,12.2,4.4,3.8,13.17111111111111
2005-04-02,13.3,3.9,0.8,11.885555555555555
2005-04-03,16.7,1.1,0.0,14.799444444444443
2005-04-04,20.0,5.6,0.0,19.41944444444444
2005-04-05,24.4,11.7,0.0,24.17
2005-04-06,26.1,10.0,0.5,25.33861111111111
2005-04-07,11.7,5.6,0.3,20.822500000000005
2005-04-08,15.6,5.0,0.0,14.82555555555555
2005-04-09,18.9,6.1,0.0,17.67361111111111
2005-04-10,25.6,10.0,0.0,24.786944444444444
2005-04-11,26.1,13.3,0.0,25.234166666666663
2005-04-12,13.3,6.1,17.3,20.522222222222222
2005-04-13,12.2,3.9,0.0,11.190277777777776
2005-04-14,16.7,5.0,0.0,15.836944444444448
2005-04-15,17.2,3.9,0.0,15.863055555555555
2005-04-16,23.3,6.7,0.0,22.25500000000001
2005-04-17,26.1,11.7,0.0,24.104722222222218
2005-04-18,28.3,10.6,0.0,26.828007457724482
2005-04-19,27.8,15.6,0.0,26.415277777777785
2005-04-20,21.7,7.2,0.8,25.41694444444444
2005-04-21,14.4,7.2,0.0,13.105833333333337
2005-04-22,8.9,2.8,17.5,9.784444444444441
2005-04-23,5.0,1.7,0.0,6.015833333333337
2005-04-24,11.7,1.1,0.0,10.69138888888889
2005-04-25,18.9,3.9,0.0,18.159999999999993
2005-04-26,13.9,6.1,0.0,15.889166666666666
2005-04-27,13.3,5.6,0.0,11.911666666666669
2005-04-28,13.3,5.6,0.0,12.003055555555555
2005-04-29,11.1,6.7,0.0,9.614722222222222
2005-04-30,14.4,3.3,0.5,12.30611111111111
2005-05-01,10.0,2.2,0.0,10.009166666666664
2005-05-02,6.7,1.7,0.0,6.700833333333331
2005-05-03,10.6,0.6,0.0,7.317222222222218
2005-05-04,17.2,2.8,0.0,15.23305555555556
2005-05-05,21.1,7.2,0.0,19.945
2005-05-06,23.9,11.7,0.0,22.988888888888887
2005-05-07,16.7,7.8,0.0,22.503055555555562
2005-05-08,29.4,8.9,0.0,27.943133147715557
2005-05-09,24.4,17.2,5.3,27.141760369117826
2005-05-10,28.9,15.0,0.0,27.224983142015567
2005-05-11,18.3,7.2,5.1,26.441388888888895
2005-05-12,12.8,6.1,4.3,11.54277777777778
2005-05-13,23.3,8.9,10.9,22.29083333333332
2005-05-14,18.3,8.3,0.3,18.15666666666667
2005-05-15,12.2,6.7,0.0,11.99
2005-05-16,14.4,6.7,0.0,13.17111111111111
2005-05-17,22.2,10.0,0.0,21.230555555555558
2005-05-18,26.1,14.4,0.0,24.59111111111112
2005-05-19,23.3,11.7,18.3,24.000277777777782
2005-05-20,20.6,10.6,0.0,19.602222222222217
2005-05-21,23.3,8.9,0.0,22.398611111111116
2005-05-22,27.2,16.1,0.0,26.415277777777785
2005-05-23,21.1,10.6,0.0,24.07861111111111
2005-05-24,19.4,9.4,0.0,18.985277777777778
2005-05-25,20.0,10.0,0.0,18.434166666666666
2005-05-26,23.3,13.3,0.0,22.385555555555563
2005-05-27,21.7,11.1,1.0,21.72944444444444
2005-05-28,20.6,10.6,0.0,20.101666666666663
2005-05-29,21.7,9.4,0.0,20.639722222222222
2005-05-30,22.2,10.0,0.0,21.833888888888882
2005-05-31,22.8,10.6,0.0,21.96444444444444
2005-06-01,26.1,13.9,0.0,25.85055555555556
2005-06-02,22.8,16.1,1.5,23.014999999999997
2005-06-03,21.7,16.1,0.0,21.765833333333333
2005-06-04,30.6,16.7,16.5,30.454350755555513
2005-06-05,32.2,22.2,0.0,30.898330215831233
2005-06-06,32.8,18.9,0.0,30.276932588015573
2005-06-07,33.9,20.0,3.8,33.61686139803551
2005-06-08,32.8,22.2,0.0,33.07112638487102
2005-06-09,31.7,20.0,0.0,32.02327019841567
2005-06-10,31.7,24.4,0.0,33.379843183571246
2005-06-11,31.1,22.8,0.0,32.02327019841567
2005-06-12,27.2,22.2,0.0,29.898529149217854
2005-06-13,32.8,21.7,0.0,32.02327019841567
2005-06-14,26.7,19.4,2.5,30.898330215831233
2005-06-15,22.8,13.9,0.0,22.685833333333335
2005-06-16,25.6,13.3,0.0,24.617222222222225
2005-06-17,21.1,13.9,0.0,21.781666666666663
2005-06-18,21.7,12.2,0.0,20.34972222222222
2005-06-19,25.0,12.8,0.0,24.248333333333335
2005-06-20,28.9,15.0,0.0,27.721938942035614
2005-06-21,32.2,19.4,0.0,31.53111406157112
2005-06-22,28.3,19.4,0.0,26.790513540817827
2005-06-23,33.9,18.9,0.0,35.25822549561561
2005-06-24,36.7,24.4,0.0,35.60670538276444
2005-06-25,32.2,23.3,0.0,33.14911354593783
2005-06-26,35.0,21.7,0.0,35.25822549561561
2005-06-27,35.6,24.4,0.0,34.427815724817805
2005-06-28,34.4,24.4,0.0,33.50871679346449
2005-06-29,31.1,25.0,1.5,31.617318406151192
2005-06-30,32.8,21.1,1.3,32.56900581695783
2005-07-01,25.0,16.7,0.0,31.126955483004483
2005-07-02,23.3,16.1,0.0,22.503055555555562
2005-07-03,30.0,16.7,0.0,28.493173582275574
2005-07-04,32.2,21.1,1.5,31.285569377315557
2005-07-05,30.6,17.8,0.0,28.493173582275574
2005-07-06,26.1,18.3,0.0,25.665000000000003
2005-07-07,26.7,20.0,0.0,26.0463888888889
2005-07-08,28.9,17.8,0.0,27.656826412984522
2005-07-09,30.6,17.2,0.0,29.0329700379378
2005-07-10,32.2,20.0,0.0,30.61551331281785
2005-07-11,32.2,22.2,0.0,29.83680901797119
2005-07-12,29.4,21.7,1.5,29.41421488587567
2005-07-13,30.6,23.3,0.0,30.454350755555513
2005-07-14,31.1,22.8,0.0,31.20833997777773
2005-07-15,30.0,22.2,0.0,30.717955184364623
2005-07-16,32.2,22.8,0.0,32.76279694388453
2005-07-17,35.6,23.9,0.0,35.5804232555556
2005-07-18,33.3,24.4,1.8,34.48873600083557
2005-07-19,32.8,20.6,0.0,30.824248934595516
2005-07-20,33.3,21.7,7.6,35.889603247484416
2005-07-21,33.3,23.3,0.0,35.889603247484416
2005-07-22,29.4,21.7,0.0,30.194046724604465
2005-07-23,28.9,21.7,0.0,31.326208967884572
2005-07-24,40.0,25.6,0.0,41.46671187777782
2005-07-25,31.7,22.2,18.0,39.03357521153779
2005-07-26,30.6,18.9,21.8,35.52997874444458
2005-07-27,23.9,16.7,0.3,23.09333333333333
2005-07-28,26.7,14.4,0.0,25.87666666666667
2005-07-29,28.3,17.2,0.0,27.676087608817763
2005-07-30,30.0,18.3,0.0,28.78069813099559
2005-07-31,31.7,22.2,0.0,31.285569377315557
2005-08-01,33.9,21.1,0.0,33.22438139641778
2005-08-02,33.3,23.3,0.0,33.267316841991125
2005-08-03,33.9,24.4,0.0,35.781684200924495
2005-08-04,32.8,25.0,0.0,34.48873600083557
2005-08-05,28.3,21.7,0.0,31.887677555555513
2005-08-06,28.9,17.8,0.0,27.721938942035614
2005-08-07,32.2,18.9,0.0,30.496386040504504
2005-08-08,33.9,21.1,0.0,32.35669658323555
2005-08-09,35.0,21.7,0.0,34.3537671678578
2005-08-10,31.1,21.7,6.9,32.78368005370444
2005-08-11,25.0,21.1,13.0,26.307500000000005
2005-08-12,29.4,22.8,0.8,31.015885100115636
2005-08-13,25.0,20.0,9.1,29.15886103361784
2005-08-14,24.4,18.3,0.0,23.775555555555552
2005-08-15,26.7,17.2,0.0,26.190000000000005
2005-08-16,28.3,19.4,0.0,28.601447857571216
2005-08-17,28.9,17.8,0.0,28.246993170957833
2005-08-18,28.9,22.8,1.8,31.258456716495616
2005-08-19,31.1,21.1,0.0,31.5090838789956
2005-08-20,30.0,21.1,5.1,31.326208967884572
2005-08-21,27.8,18.9,0.0,28.76327423575113
2005-08-22,22.2,17.2,0.0,25.928888888888896
2005-08-23,22.8,16.1,0.0,21.977499999999992
2005-08-24,25.0,19.4,0.0,24.904444444444447
2005-08-25,27.2,18.3,0.0,27.065915636284476
2005-08-26,28.9,20.0,0.0,29.083513312415594
2005-08-27,29.4,21.1,0.0,27.97271591321781
2005-08-28,31.1,18.9,0.0,29.917249037404456
2005-08-29,28.9,20.0,0.0,27.932119356095637
2005-08-30,27.8,18.9,0.0,27.35456218899553
2005-08-31,25.0,17.8,0.0,24.405
2005-09-01,29.4,18.9,0.0,27.7640842376711
2005-09-02,28.9,16.7,0.0,27.324429869697802
2005-09-03,27.2,15.0,0.0,26.45444444444444
2005-09-04,28.3,16.1,0.0,26.858671178435525
2005-09-05,30.6,18.3,0.0,29.167844777777734
2005-09-06,30.6,19.4,0.0,28.905816744444436
2005-09-07,32.2,21.1,0.0,30.255147576975546
2005-09-08,27.8,20.6,0.0,28.741592507075584
2005-09-09,30.0,18.3,0.0,29.56310813900446
2005-09-10,33.3,21.1,0.0,32.04274908243562
2005-09-11,32.2,22.2,0.0,32.21115006887111
2005-09-12,32.8,21.1,0.0,30.3755960911912
2005-09-13,35.0,22.2,0.0,33.30603208156442
2005-09-14,24.4,18.9,3.8,30.37309437673785
2005-09-15,21.1,17.2,17.0,20.84861111111111
2005-09-16,20.6,13.3,2.3,19.915555555555557
2005-09-17,23.9,12.2,0.0,23.723333333333333
2005-09-18,27.8,15.6,0.0,26.908509560871103
2005-09-19,30.0,18.9,18.5,30.294298970771212
2005-09-20,27.8,16.7,0.0,26.762939877617825
2005-09-21,31.1,16.7,0.0,29.328596676871125
2005-09-22,31.7,18.9,7.1,32.78368005370444
2005-09-23,20.0,17.2,0.0,21.253333333333334
2005-09-24,22.8,17.8,0.5,22.369166666666658
2005-09-25,23.3,20.6,3.3,23.563333333333325
2005-09-26,20.6,13.9,0.5,21.279444444444444
2005-09-27,23.9,11.1,0.0,23.054166666666667
2005-09-28,23.9,10.0,15.0,23.236944444444443
2005-09-29,16.7,6.7,0.0,15.967500000000001
2005-09-30,21.7,7.2,0.0,21.15222222222222
2005-10-01,26.1,11.7,0.0,25.837500000000002
2005-10-02,28.3,15.6,2.0,28.499177144657796
2005-10-03,30.6,21.7,0.3,31.04908144444437
2005-10-04,31.7,21.7,0.0,31.846529894604444
2005-10-05,29.4,20.6,0.0,29.336038526595594
2005-10-06,22.2,8.9,0.0,27.416236963591118
2005-10-07,12.2,6.7,0.0,10.58361111111111
2005-10-08,12.2,6.7,0.0,11.581944444444446
2005-10-09,15.0,10.0,0.0,14.469722222222224
2005-10-10,17.8,9.4,0.0,16.792777777777772
2005-10-11,15.6,13.9,0.0,15.347777777777777
2005-10-12,17.2,13.3,0.0,17.02777777777777
2005-10-13,22.8,10.6,0.0,21.938333333333325
2005-10-14,24.4,10.6,0.0,23.54055555555555
2005-10-15,20.0,8.9,0.0,21.269722222222224
2005-10-16,16.7,6.1,0.0,15.90222222222222
2005-10-17,24.4,7.8,0.3,24.196111111111108
2005-10-18,22.2,8.3,0.0,21.7686111111111
2005-10-19,17.2,10.6,0.0,19.510833333333338
2005-10-20,12.2,10.0,0.5,11.673333333333334
2005-10-21,14.4,8.9,0.0,13.262500000000001
2005-10-22,12.8,3.9,0.0,11.581944444444446
2005-10-23,8.9,1.1,3.8,9.493888888888888
2005-10-24,10.0,5.0,8.4,8.759444444444442
2005-10-25,11.7,5.0,6.4,10.426944444444441
2005-10-26,11.1,3.3,0.0,9.758333333333333
2005-10-27,11.7,3.9,1.3,9.954166666666664
2005-10-28,13.9,1.7,0.0,13.145000000000001
2005-10-29,15.6,2.2,0.0,14.890833333333331
2005-10-30,18.3,5.0,0.0,17.712777777777774
2005-10-31,13.9,10.0,6.1,15.468055555555557
2005-11-01,12.2,5.0,0.0,11.960555555555556
2005-11-02,18.3,3.3,0.0,17.621388888888887
2005-11-03,21.1,11.7,0.0,20.101666666666663
2005-11-04,21.1,11.7,0.0,20.023333333333333
2005-11-05,17.8,10.6,6.6,17.279166666666672
2005-11-06,16.1,6.1,4.8,17.736111111111114
2005-11-07,16.1,5.0,0.0,15.637777777777778
2005-11-08,17.8,10.6,0.0,15.282499999999999
2005-11-09,19.4,4.4,1.3,19.39
2005-11-10,8.3,-0.6,0.0,7.921111111111113
2005-11-11,15.6,2.2,0.0,14.82555555555555
2005-11-12,18.9,8.3,4.3,17.712777777777774
2005-11-13,16.1,3.9,0.0,15.507222222222225
2005-11-14,9.4,1.7,1.3,8.524444444444445
2005-11-15,13.9,3.3,7.1,10.411111111111108
2005-11-16,3.3,-6.1,0.0,12.721111111111108
2005-11-17,-2.2,-9.4,0.0,-4.4291666666666645
2005-11-18,3.3,-5.0,0.0,1.698888888888885
2005-11-19,12.2,0.6,0.0,11.320833333333333
2005-11-20,8.3,1.1,0.0,8.025555555555558
2005-11-21,8.9,2.2,0.0,8.13
2005-11-22,3.9,-1.1,0.0,6.015833333333337
2005-11-23,7.8,-0.6,2.0,6.475555555555559
2005-11-24,5.0,-8.3,0.0,5.176944444444448
2005-11-25,-2.8,-10.0,0.3,-5.045555555555554
2005-11-26,9.4,-3.3,0.0,8.433055555555558
2005-11-27,12.8,6.7,2.5,10.766388888888885
2005-11-28,16.1,3.9,18.3,15.452222222222218
2005-11-29,3.9,-3.3,0.0,8.66805555555556
2005-11-30,-2.8,-5.0,0.0,-3.4205555555555573
2005-12-01,-1.7,-6.7,1.3,-2.6866666666666656
2005-12-02,-5.0,-11.1,0.0,-5.244722222222222
2005-12-03,-1.1,-7.2,1.5,-2.226388888888889
2005-12-04,-2.2,-10.0,0.0,-2.265555555555557
2005-12-05,-8.3,-13.9,0.0,-7.489444444444445
2005-12-06,-7.2,-15.0,0.0,-9.287499999999998
2005-12-07,-9.4,-17.8,0.0,-10.967500000000001
2005-12-08,-3.3,-13.3,10.9,-4.288333333333331
2005-12-09,-2.2,-12.2,0.0,-3.1333333333333337
2005-12-10,-0.6,-11.7,1.8,-4.957499999999999
2005-12-11,0.6,-10.6,0.8,-0.27166666666666905
2005-12-12,-1.7,-11.1,0.0,-3.0261111111111108
2005-12-13,-2.2,-4.4,0.0,-4.431944444444444
2005-12-14,1.7,-2.2,1.3,-0.7711111111111101
2005-12-15,1.7,-4.4,0.5,1.0138888888888904
2005-12-16,-4.4,-8.3,1.0,-0.23250000000000093
2005-12-17,-5.6,-10.6,0.0,-7.003611111111109
2005-12-18,-8.9,-15.0,0.0,-8.722777777777777
2005-12-19,-12.2,-17.8,0.0,-13.343333333333334
2005-12-20,-5.6,-14.4,0.0,-6.964444444444443
2005-12-21,-5.6,-11.7,0.0,-7.606944444444445
2005-12-22,3.3,-10.6,0.0,1.9077777777777765
2005-12-23,6.1,2.2,0.0,5.320555555555559
2005-12-24,3.9,1.1,5.1,3.731388888888891
2005-12-25,2.8,0.6,2.3,2.2211111111111097
2005-12-26,2.8,0.0,0.0,1.8816666666666668
2005-12-27,7.8,0.0,0.0,7.066388888888887
2005-12-28,4.4,1.1,1.5,5.464166666666673
2005-12-29,4.4,0.0,0.3,2.367499999999999
2005-12-30,3.3,0.0,6.9,2.1297222222222225
2005-12-31,2.8,0.0,0.0,1.9599999999999993
2006-01-01,7.8,-1.1,0.8,5.872222222222226
2006-01-02,6.1,4.4,15.7,6.632222222222223
2006-01-03,5.6,3.9,0.0,4.491944444444442
2006-01-04,6.1,2.2,0.0,5.646944444444447
2006-01-05,2.8,-0.6,0.0,2.524166666666664
2006-01-06,-0.6,-2.2,0.0,-0.4805555555555567
2006-01-07,4.4,-1.7,0.0,3.4963888888888897
2006-01-08,7.2,1.1,0.0,6.410277777777777
2006-01-09,4.4,1.1,0.0,4.821666666666668
2006-01-10,3.3,-3.3,1.3,2.406666666666663
2006-01-11,6.1,2.2,2.0,5.46361111111111
2006-01-12,13.3,2.8,0.0,12.146666666666668
2006-01-13,8.9,0.0,23.1,9.98027777777778
2006-01-14,2.8,-1.1,0.0,0.9644444444444468
2006-01-15,6.1,-2.2,0.0,5.0463888888888935
2006-01-16,7.8,0.0,0.0,6.4363888888888905
2006-01-17,6.7,-2.8,1.3,6.501666666666669
2006-01-18,2.2,-6.1,0.0,-1.2411111111111102
2006-01-19,12.8,0.6,0.0,12.238055555555556
2006-01-20,9.4,0.0,21.6,11.174444444444447
2006-01-21,0.6,-5.0,1.0,0.38388888888888634
2006-01-22,2.2,-7.8,0.0,0.8311111111111124
2006-01-23,-1.1,-5.0,0.0,0.21416666666666295
2006-01-24,4.4,-1.7,0.0,2.997500000000003
2006-01-25,2.2,-3.3,0.0,2.367499999999999
2006-01-26,6.1,-5.0,0.0,4.915277777777776
2006-01-27,9.4,1.7,0.0,8.498333333333331
2006-01-28,10.6,4.4,12.7,8.720277777777778
2006-01-29,10.0,4.4,8.6,10.163055555555552
2006-01-30,4.4,0.0,0.3,4.978333333333333
2006-01-31,3.3,-1.1,0.0,1.8033333333333306
2006-02-01,9.4,0.0,0.0,8.169722222222223
2006-02-02,6.1,-1.7,0.0,5.241666666666668
2006-02-03,6.7,-0.6,5.8,6.291666666666668
2006-02-04,0.0,-4.4,2.0,3.206944444444449
2006-02-05,1.1,-5.6,0.0,-0.2041666666666665
2006-02-06,1.7,-6.7,0.0,0.5194444444444457
2006-02-07,0.0,-6.7,0.0,-0.5044444444444451
2006-02-08,0.0,-5.6,1.3,-2.4352777777777788
2006-02-09,0.0,-8.9,0.3,-2.0930555555555546
2006-02-10,2.8,-3.3,0.0,1.8424999999999987
2006-02-11,1.7,-2.8,2.3,1.0416666666666667
2006-02-12,-1.1,-5.0,0.0,-1.9777777777777752
2006-02-13,2.2,-8.3,0.0,0.7544444444444467
2006-02-14,12.8,-3.9,0.0,12.108611111111113
2006-02-15,6.7,1.1,3.8,10.034722222222221
2006-02-16,5.6,-5.0,18.3,4.491944444444442
2006-02-17,-2.8,-14.4,0.0,0.20055555555555393
2006-02-18,-12.8,-21.1,0.0,-8.63027777777778
2006-02-19,-6.7,-16.7,0.0,-8.786944444444442
2006-02-20,0.6,-10.0,0.0,-1.4108333333333316
2006-02-21,3.9,-5.6,0.0,2.0019444444444425
2006-02-22,8.3,-2.2,0.0,6.976111111111113
2006-02-23,6.7,-3.3,0.0,4.9674999999999985
2006-02-24,8.3,-5.6,0.0,6.806388888888889
2006-02-25,6.7,-5.0,0.0,5.926111111111112
2006-02-26,1.1,-8.3,0.0,-0.6872222222222233
2006-02-27,3.9,-2.2,0.0,2.6194444444444462
2006-02-28,3.3,-3.3,0.0,0.860000000000001
2006-03-01,6.1,0.0,0.0,4.3777777777777755
2006-03-02,3.9,-2.8,0.0,2.775555555555561
2006-03-03,2.8,-4.4,0.0,0.9122222222222239
2006-03-04,3.9,-3.3,0.0,2.119444444444443
2006-03-05,0.6,-2.8,8.1,-0.7188888888888871
2006-03-06,2.2,-1.7,0.3,1.4475000000000036
2006-03-07,6.1,-3.9,2.8,5.0725000000000025
2006-03-08,13.3,3.9,6.1,10.544444444444439
2006-03-09,14.4,3.3,20.1,14.322777777777778
2006-03-10,12.2,3.3,0.5,10.965555555555556
2006-03-11,19.4,6.7,5.3,18.13055555555555
2006-03-12,14.4,5.0,7.1,18.195833333333333
2006-03-13,17.8,-0.6,20.1,16.87111111111111
2006-03-14,5.0,-2.8,0.0,3.721666666666666
2006-03-15,6.1,-3.9,0.0,4.3777777777777755
2006-03-16,3.3,0.6,0.0,1.7641666666666664
2006-03-17,3.9,-1.1,0.0,2.1455555555555526
2006-03-18,4.4,-3.9,0.0,2.6058333333333334
2006-03-19,8.3,-3.3,0.0,5.861944444444447
2006-03-20,2.8,-1.1,0.0,1.6727777777777755
2006-03-21,0.6,-2.8,0.0,1.147222222222221
2006-03-22,9.4,-3.9,0.0,7.855833333333335
2006-03-23,5.0,0.6,0.0,6.713888888888885
2006-03-24,3.9,0.0,2.8,3.036666666666671
2006-03-25,6.7,-0.6,0.0,5.7808333333333355
2006-03-26,7.2,-0.6,0.0,6.05777777777778
2006-03-27,10.6,-0.6,2.5,9.666944444444441
2006-03-28,6.7,3.9,2.5,6.133333333333336
2006-03-29,10.6,4.4,0.0,9.337222222222223
2006-03-30,21.1,4.4,0.3,20.23222222222222
2006-03-31,21.7,7.8,1.8,20.245277777777773
2006-04-01,8.9,3.9,0.0,10.045555555555552
2006-04-02,15.6,3.9,9.4,15.347777777777777
2006-04-03,12.2,3.9,11.9,14.756944444444445
2006-04-04,13.3,2.2,0.0,11.794166666666667
2006-04-05,12.8,1.7,0.0,11.846388888888887
2006-04-06,13.9,5.0,0.0,12.82833333333333
2006-04-07,12.8,0.6,0.0,12.368611111111111
2006-04-08,5.6,0.0,0.0,4.021944444444444
2006-04-09,12.8,-1.1,0.0,10.743611111111115
2006-04-10,21.1,5.6,0.0,19.984166666666663
2006-04-11,23.9,11.7,0.0,23.48833333333333
2006-04-12,24.4,14.4,2.5,23.65805555555555
2006-04-13,26.1,12.2,2.0,25.299444444444436
2006-04-14,27.2,17.8,0.0,25.612777777777776
2006-04-15,18.9,9.4,0.0,24.43111111111111
2006-04-16,17.8,8.3,33.8,16.936388888888885
2006-04-17,13.9,7.8,1.3,12.554166666666665
2006-04-18,18.9,7.8,0.0,17.765
2006-04-19,23.9,11.1,0.0,23.553611111111113
2006-04-20,23.3,13.3,5.1,22.806111111111104
2006-04-21,21.1,10.0,0.0,21.6511111111111
2006-04-22,20.6,10.6,0.3,19.549999999999997
2006-04-23,22.2,8.3,0.0,21.217499999999994
2006-04-24,22.2,5.6,0.0,21.781666666666663
2006-04-25,7.8,2.2,6.6,18.86777777777778
2006-04-26,17.2,0.6,0.0,16.38805555555555
2006-04-27,21.1,6.7,0.0,19.380277777777778
2006-04-28,19.4,7.2,0.0,18.776388888888896
2006-04-29,16.1,11.7,5.6,15.42888888888889
2006-04-30,15.6,12.8,19.8,15.347777777777777
2006-05-01,15.6,12.2,4.6,14.86138888888889
2006-05-02,21.1,12.8,0.5,19.680555555555557
2006-05-03,22.8,12.2,0.0,22.49
2006-05-04,20.0,12.8,0.0,20.480277777777772
2006-05-05,15.6,8.9,0.0,17.30527777777778
2006-05-06,13.3,5.6,0.0,12.055277777777778
2006-05-07,21.7,7.2,0.0,21.165277777777774
2006-05-08,23.3,11.1,0.0,22.923611111111104
2006-05-09,22.8,13.9,0.0,22.411666666666672
2006-05-10,23.3,13.3,5.8,22.685833333333335
2006-05-11,13.9,3.3,18.3,20.626666666666676
2006-05-12,7.2,2.2,3.6,6.658333333333333
2006-05-13,10.0,6.1,2.0,8.903055555555556
2006-05-14,13.3,5.0,2.5,12.82833333333333
2006-05-15,16.1,9.4,2.8,14.678611111111113
2006-05-16,17.8,8.9,0.5,16.936388888888885
2006-05-17,22.8,8.9,4.6,21.859999999999992
2006-05-18,16.7,7.8,1.5,16.098055555555554
2006-05-19,16.1,7.2,0.0,15.48111111111111
2006-05-20,22.8,5.0,0.0,21.72944444444444
2006-05-21,17.2,7.8,0.0,20.626666666666676
2006-05-22,15.0,5.0,0.0,13.761388888888888
2006-05-23,23.9,6.1,0.0,22.753888888888884
2006-05-24,26.7,13.3,17.8,25.53444444444444
2006-05-25,23.3,18.3,1.3,23.276111111111106
2006-05-26,27.8,17.8,0.0,27.676087608817763
2006-05-27,30.6,16.1,0.0,30.454350755555513
2006-05-28,34.4,23.3,0.0,33.89747241697559
2006-05-29,33.3,22.8,3.8,33.57033428108443
2006-05-30,31.7,20.0,11.4,32.56900581695783
2006-05-31,26.7,18.9,0.0,30.824248934595516
2006-06-01,24.4,17.2,0.0,23.59277777777777
2006-06-02,26.7,15.6,0.0,25.87666666666667
2006-06-03,23.3,13.9,0.0,22.594444444444452
2006-06-04,25.0,13.9,0.0,24.0525
2006-06-05,27.2,12.2,0.0,26.441388888888895
2006-06-06,28.3,16.7,0.0,27.4763316527378
2006-06-07,28.3,18.3,0.0,27.763646131857854
2006-06-08,27.8,15.6,0.0,27.49281419379563
2006-06-09,19.4,11.7,2.5,26.762939877617825
2006-06-10,16.7,9.4,42.4,15.716111111111111
2006-06-11,18.3,12.2,0.5,17.396666666666672
2006-06-12,20.6,11.1,0.0,20.245277777777773
2006-06-13,23.3,11.1,0.0,22.516111111111115
2006-06-14,25.6,13.3,0.0,25.43
2006-06-15,29.4,17.8,0.0,29.02254748851555
2006-06-16,32.8,23.3,0.0,32.21115006887111
2006-06-17,33.3,22.8,0.0,33.416860450984544
2006-06-18,26.1,20.6,1.8,32.04274908243562
2006-06-19,30.0,20.0,0.0,28.905816744444436
2006-06-20,25.6,17.8,0.0,26.59805555555556
2006-06-21,31.7,22.8,2.5,33.34978949943118
2006-06-22,27.8,20.0,4.8,30.28317007140459
2006-06-23,22.2,15.6,0.0,26.65027777777778
2006-06-24,26.1,12.8,0.0,25.3125
2006-06-25,22.2,16.7,36.8,24.0525
2006-06-26,21.7,16.1,0.5,21.58305555555556
2006-06-27,26.1,15.6,0.0,24.865277777777774
2006-06-28,25.0,15.0,6.4,24.248333333333335
2006-06-29,25.0,13.9,0.0,24.839166666666664
2006-06-30,30.0,15.6,0.0,28.78069813099559
2006-07-01,32.8,20.6,0.0,33.267316841991125
2006-07-02,29.4,23.3,0.0,32.023305295084555
2006-07-03,28.3,21.7,8.6,31.258456716495616
2006-07-04,25.6,18.9,0.0,30.284278656195674
2006-07-05,25.0,17.2,0.0,24.117777777777782
2006-07-06,25.6,15.6,0.0,24.747777777777774
2006-07-07,28.9,15.0,0.0,27.534022768335646
2006-07-08,29.4,19.4,0.0,28.33797592205119
2006-07-09,31.7,22.8,0.0,32.19925999255788
2006-07-10,26.7,19.4,0.0,30.743255411111097
2006-07-11,25.0,20.6,10.2,24.796666666666667
2006-07-12,26.7,20.6,5.3,26.333611111111118
2006-07-13,30.0,20.6,0.0,31.557488575164523
2006-07-14,31.1,22.2,38.6,32.25745578348452
2006-07-15,36.1,22.8,0.0,36.40425372780442
2006-07-16,34.4,24.4,0.0,37.21448419023117
2006-07-17,35.0,23.9,1.3,40.31313256477118
2006-07-18,28.3,22.8,0.3,39.011986261617736
2006-07-19,32.2,22.2,0.0,35.286900788051064
2006-07-20,27.2,21.7,29.7,33.44940924444435
2006-07-21,26.1,18.9,0.3,25.71722222222222
2006-07-22,27.2,17.2,3.8,26.57194444444444
2006-07-23,26.7,16.7,0.0,26.111666666666668
2006-07-24,31.7,20.6,0.0,31.846529894604444
2006-07-25,32.8,23.3,0.0,34.016651047591154
2006-07-26,29.4,22.8,0.8,31.96842908860448
2006-07-27,31.1,22.2,8.9,33.882145611111156
2006-07-28,33.9,21.7,0.0,35.889603247484416
2006-07-29,34.4,24.4,0.0,37.20667336761786
2006-07-30,32.2,25.6,0.0,36.100147751724435
2006-07-31,37.2,26.1,0.0,42.5015134520513
2006-08-01,37.2,26.7,0.0,41.70951489267559
2006-08-02,36.1,24.4,31.2,41.298035890151304
2006-08-03,27.8,20.6,20.1,38.846038964051104
2006-08-04,31.7,19.4,0.0,30.276920798631156
2006-08-05,30.0,18.9,0.0,29.336038526595594
2006-08-06,29.4,22.2,0.0,29.898529149217854
2006-08-07,30.0,23.3,0.0,30.915363245315625
2006-08-08,25.0,21.7,0.0,25.035
2006-08-09,28.3,21.1,0.0,29.66075088801562
2006-08-10,26.7,22.2,60.5,30.026780984595675
2006-08-11,24.4,20.6,0.0,24.757500000000004
2006-08-12,26.1,17.2,0.0,24.839166666666664
2006-08-13,28.3,17.2,0.0,27.044716462524498
2006-08-14,27.8,20.0,0.0,27.910757868995592
2006-08-15,27.8,16.7,0.0,26.858671178435525
2006-08-16,27.8,18.9,0.0,26.908509560871103
2006-08-17,29.4,17.8,0.0,28.87853803679785
2006-08-18,28.3,22.8,10.2,29.66075088801562
2006-08-19,26.7,20.6,0.0,28.15824500283553
2006-08-20,25.0,17.8,0.0,24.32666666666667
2006-08-21,28.3,15.6,0.0,27.310157834435607
2006-08-22,30.6,17.8,0.0,29.576440311111114
2006-08-23,30.6,18.9,0.0,31.20833997777773
2006-08-24,28.9,20.0,30.5,29.898529149217854
2006-08-25,27.8,20.6,0.0,28.92591493923561
2006-08-26,26.7,22.2,0.0,29.105816139857836
2006-08-27,25.6,22.2,0.0,25.243888888888886
2006-08-28,22.8,17.8,27.7,22.855555555555565
2006-08-29,20.6,17.2,0.8,20.401944444444446
2006-08-30,23.9,17.8,0.0,23.07861111111112
2006-08-31,23.3,16.7,0.0,23.171666666666667
2006-09-01,23.9,18.9,0.0,23.90611111111111
2006-09-02,23.9,16.1,0.0,23.223888888888887
2006-09-03,25.0,15.0,0.0,24.35277777777778
2006-09-04,21.7,15.6,15.5,22.73805555555556
2006-09-05,25.0,15.6,0.0,23.840833333333332
2006-09-06,26.7,15.0,0.0,26.65027777777778
2006-09-07,28.3,17.2,0.0,27.49281419379563
2006-09-08,28.3,16.7,0.0,27.78952527557118
2006-09-09,22.2,17.8,0.0,25.981111111111122
2006-09-10,18.9,16.1,6.6,19.350833333333338
2006-09-11,20.0,15.6,30.7,19.494444444444447
2006-09-12,22.8,17.2,2.5,22.40833333333332
2006-09-13,17.8,16.1,27.4,19.533611111111117
2006-09-14,22.2,15.6,0.0,22.134166666666665
2006-09-15,25.6,13.9,0.0,24.904444444444447
2006-09-16,26.7,16.1,0.0,26.986454903191134
2006-09-17,29.4,16.7,18.3,29.898529149217854
2006-09-18,22.2,11.7,0.0,23.641666666666666
2006-09-19,13.3,8.9,0.0,18.434166666666666
2006-09-20,16.7,6.7,0.0,16.032777777777774
2006-09-21,20.6,8.3,0.0,19.549999999999997
2006-09-22,22.2,13.9,3.8,22.26472222222221
2006-09-23,23.3,14.4,2.3,22.855555555555565
2006-09-24,19.4,11.1,0.0,18.434166666666666
2006-09-25,22.2,8.9,0.0,21.62388888888889
2006-09-26,22.8,11.1,0.0,21.79472222222221
2006-09-27,20.0,11.1,0.3,20.101666666666663
2006-09-28,15.0,7.8,0.0,15.151944444444446
2006-09-29,16.1,6.7,0.5,15.42888888888889
2006-09-30,20.0,10.6,1.8,19.680555555555557
2006-10-01,25.0,8.9,0.8,24.117777777777782
2006-10-02,28.3,16.1,96.5,27.416236963591118
2006-10-03,29.4,16.1,0.0,30.159277208915682
2006-10-04,24.4,13.9,1.8,28.957169045315645
2006-10-05,15.0,10.0,0.0,14.717777777777782
2006-10-06,15.0,7.8,0.0,13.748333333333333
2006-10-07,21.1,7.2,0.0,20.101666666666663
2006-10-08,23.3,10.0,0.0,22.359444444444453
2006-10-09,20.6,10.0,0.0,20.428055555555556
2006-10-10,16.1,12.2,1.5,15.243333333333332
2006-10-11,13.9,2.2,12.7,13.797777777777776
2006-10-12,5.0,0.0,0.8,5.2161111111111165
2006-10-13,11.1,1.1,0.0,10.061388888888887
2006-10-14,11.1,1.7,0.0,9.614722222222222
2006-10-15,12.2,0.6,0.0,11.333888888888891
2006-10-16,13.9,9.4,20.6,13.314722222222223
2006-10-17,15.0,10.6,11.4,14.678611111111113
2006-10-18,16.7,7.2,5.1,16.659444444444443
2006-10-19,7.8,3.9,0.0,12.01277777777778
2006-10-20,12.2,1.7,0.0,11.49055555555556
2006-10-21,16.7,9.4,5.1,15.637777777777778
2006-10-22,9.4,2.2,1.3,13.523611111111112
2006-10-23,6.1,1.7,0.0,4.560555555555557
2006-10-24,8.9,-0.6,0.0,7.895000000000004
2006-10-25,11.1,-1.1,0.0,9.627777777777776
2006-10-26,7.8,6.1,10.7,7.447777777777773
2006-10-27,8.3,5.0,0.3,7.826388888888889
2006-10-28,11.7,4.4,0.0,10.69138888888889
2006-10-29,12.8,1.7,0.0,11.242500000000003
2006-10-30,21.7,8.3,0.0,20.75722222222222
2006-10-31,17.2,1.7,0.0,18.985277777777778
2006-11-01,6.1,-1.1,0.0,4.758611111111112
2006-11-02,2.2,-3.3,0.0,2.0149999999999975
2006-11-03,5.0,-5.0,0.0,3.747777777777775
2006-11-04,9.4,1.1,0.0,7.895000000000004
2006-11-05,12.8,3.9,0.0,10.939444444444446
2006-11-06,13.3,7.8,0.3,12.68472222222222
2006-11-07,13.9,10.0,1.3,13.588888888888894
2006-11-08,18.9,7.8,0.0,17.921666666666667
2006-11-09,21.7,10.0,0.0,21.165277777777774
2006-11-10,10.6,5.0,23.4,12.68472222222222
2006-11-11,6.1,2.8,1.8,6.172500000000001
2006-11-12,7.8,2.2,0.0,6.935833333333331
2006-11-13,6.7,2.8,0.0,6.133333333333336
2006-11-14,8.3,4.4,1.3,7.669722222222219
2006-11-15,9.4,6.7,0.3,8.785555555555554
2006-11-16,7.2,3.3,0.0,7.209999999999997
2006-11-17,5.6,2.2,0.0,4.087222222222222
2006-11-18,7.2,1.7,0.0,6.371111111111113
2006-11-19,7.2,0.6,0.3,6.162222222222222
2006-11-20,7.8,-1.7,0.0,6.805277777777777
2006-11-21,10.0,1.1,0.0,8.472222222222221
2006-11-22,13.3,1.1,0.0,11.911666666666669
2006-11-23,15.0,2.2,0.0,13.500277777777777
2006-11-24,16.7,3.9,0.0,15.967500000000001
2006-11-25,16.1,6.7,0.0,15.807500000000005
2006-11-26,17.2,10.0,0.0,16.91027777777777
2006-11-27,17.2,12.8,0.0,17.001666666666665
2006-11-28,17.8,13.3,0.3,17.44888888888889
2006-11-29,17.2,5.6,33.3,17.18444444444444
2006-11-30,5.6,-1.7,13.5,14.322777777777778
2006-12-01,2.2,-6.7,26.4,1.5388888888888905
2006-12-02,-0.6,-8.3,0.0,-1.7405555555555532
2006-12-03,-7.8,-10.6,0.0,-4.471111111111108
2006-12-04,-2.8,-12.8,0.0,-4.588611111111109
2006-12-05,1.7,-11.7,0.0,-4.050555555555554
2006-12-06,2.8,-5.0,0.0,1.8816666666666668
2006-12-07,-5.0,-11.7,0.0,-1.8711111111111083
2006-12-08,-4.4,-13.9,0.0,-7.1341666666666645
2006-12-09,3.3,-5.0,0.0,1.1080555555555567
2006-12-10,6.7,0.6,0.0,4.99416666666667
2006-12-11,10.0,5.0,4.1,7.379722222222221
2006-12-12,11.1,5.0,4.3,10.844722222222222
2006-12-13,9.4,2.2,0.0,10.844722222222222
2006-12-14,11.7,4.4,1.0,11.083055555555555
2006-12-15,8.3,2.2,0.0,9.98027777777778
2006-12-16,14.4,2.2,0.0,11.435555555555558
2006-12-17,13.9,7.2,0.3,13.706388888888894
2006-12-18,7.2,0.0,0.0,8.39388888888889
2006-12-19,7.2,-2.8,0.0,5.940277777777779
2006-12-20,5.6,-1.7,7.9,4.651944444444444
2006-12-21,12.2,3.9,10.4,9.741944444444444
2006-12-22,13.3,6.1,24.9,12.681944444444445
2006-12-23,6.1,2.8,0.0,7.1447222222222235
2006-12-24,7.2,-0.6,0.0,6.345000000000003
2006-12-25,6.1,0.6,0.0,4.9
2006-12-26,2.2,-0.6,0.0,2.524166666666664
2006-12-27,4.4,-0.6,0.0,3.4311111111111123
2006-12-28,10.0,3.9,0.0,8.602777777777778
2006-12-29,13.3,6.1,0.0,12.211944444444443
2006-12-30,11.7,8.9,0.0,11.109166666666665
2006-12-31,15.0,7.8,6.4,14.20527777777778
2007-01-01,7.8,1.1,0.0,10.60972222222222
2007-01-02,6.7,-1.1,0.0,5.728611111111112
2007-01-03,10.0,1.7,0.0,9.076111111111112
2007-01-04,10.0,4.4,39.9,9.350277777777778
2007-01-05,11.7,7.2,0.8,11.239722222222225
2007-01-06,7.2,1.7,1.5,10.084722222222224
2007-01-07,5.6,0.0,1.3,4.9
2007-01-08,5.0,-1.1,0.0,4.348333333333333
2007-01-09,2.2,-3.3,0.0,2.8669444444444476
2007-01-10,2.8,-6.1,0.0,-1.2672222222222216
2007-01-11,9.4,2.8,0.0,6.883611111111109
2007-01-12,11.1,2.8,1.3,10.241388888888888
2007-01-13,2.8,0.6,0.3,3.731388888888891
2007-01-14,2.8,1.1,16.8,1.3691666666666673
2007-01-15,2.2,-5.0,6.1,1.9077777777777765
2007-01-16,-2.8,-8.9,0.0,-3.2247222222222245
2007-01-17,-4.4,-10.6,0.0,-6.373611111111111
2007-01-18,0.6,-4.4,0.5,-0.4413888888888905
2007-01-19,-1.1,-6.1,0.0,-0.32388888888889
2007-01-20,-0.6,-10.0,0.0,-1.9886111111111089
2007-01-21,-0.6,-3.3,3.8,-0.914722222222222
2007-01-22,0.6,-2.8,0.0,0.01833333333333008
2007-01-23,-1.1,-3.9,0.0,-2.187222222222223
2007-01-24,-1.1,-3.3,0.0,-2.934722222222222
2007-01-25,-2.2,-7.2,0.0,-3.4205555555555573
2007-01-26,6.7,-6.7,0.0,5.846111111111113
2007-01-27,1.7,-8.3,0.0,4.821666666666668
2007-01-28,-4.4,-13.3,0.5,-4.510277777777777
2007-01-29,-3.9,-11.7,0.5,-5.244722222222222
2007-01-30,-8.3,-13.3,0.0,-4.957499999999999
2007-01-31,-6.7,-15.6,0.0,-8.236944444444447
2007-02-01,-3.3,-10.6,0.3,-4.653888888888886
2007-02-02,-10.6,-13.3,0.0,-5.704444444444444
2007-02-03,-11.1,-20.6,0.0,-12.804722222222217
2007-02-04,-16.1,-20.6,0.0,-18.276666666666667
2007-02-05,-13.9,-22.8,0.0,-16.596111111111114
2007-02-06,-12.2,-20.0,3.6,-14.419999999999996
2007-02-07,-11.1,-17.8,0.0,-13.539166666666667
2007-02-08,-11.1,-19.4,0.0,-12.935277777777774
2007-02-09,-7.2,-16.7,0.0,-9.57472222222222
2007-02-10,-10.0,-17.8,0.0,-11.806388888888888
2007-02-11,-2.8,-14.4,0.0,-4.588611111111109
2007-02-12,-0.6,-3.9,1.8,-1.4402777777777764
2007-02-13,-2.8,-7.2,17.3,-2.0697222222222242
2007-02-14,-5.6,-13.3,0.8,-7.606944444444445
2007-02-15,-9.4,-16.1,0.0,-10.586111111111114
2007-02-16,-7.2,-20.0,0.0,-12.30583333333333
2007-02-17,-2.8,-8.3,3.0,-4.220277777777778
2007-02-18,-4.4,-9.4,0.0,-5.808888888888891
2007-02-19,6.1,-9.4,0.0,5.098611111111116
2007-02-20,8.3,-1.1,0.0,7.421666666666663
2007-02-21,8.9,-4.4,0.0,7.591388888888888
2007-02-22,4.4,-2.2,0.0,4.860833333333332
2007-02-23,-0.6,-2.8,0.0,-0.046944444444447536
2007-02-24,0.0,-3.3,13.0,-1.3586111111111105
2007-02-25,4.4,-0.6,15.7,3.428333333333337
2007-02-26,0.0,-1.7,0.3,-0.6666666666666663
2007-02-27,0.6,-2.2,0.0,-0.9538888888888882
2007-02-28,2.8,-1.7,0.0,1.2125000000000026
2007-03-01,8.9,0.6,9.4,8.009166666666665
2007-03-02,0.6,-3.3,1.5,6.762777777777779
2007-03-03,-2.8,-6.1,0.0,-2.265555555555557
2007-03-04,0.0,-9.4,0.0,-1.3063888888888897
2007-03-05,1.1,-6.7,0.0,-0.5850000000000024
2007-03-06,-3.9,-9.4,0.3,-5.848055555555557
2007-03-07,-2.2,-5.0,0.0,-3.2247222222222245
2007-03-08,3.9,-7.2,0.0,2.8016666666666703
2007-03-09,13.3,-0.6,,12.606388888888887
2007-03-10,11.7,0.6,0.0,10.743611111111115
2007-03-11,12.2,-1.7,0.0,10.743611111111115
2007-03-12,17.2,3.9,0.0,16.792777777777772
2007-03-13,23.3,8.9,0.0,23.080277777777777
2007-03-14,17.2,1.1,7.6,21.504722222222224
2007-03-15,4.4,-0.6,0.3,4.7825
2007-03-16,3.9,-3.3,0.0,1.6205555555555564
2007-03-17,3.3,-3.9,0.0,1.5683333333333296
2007-03-18,8.3,-4.4,0.0,5.992500000000002
2007-03-19,16.1,2.2,8.9,14.877777777777778
2007-03-20,5.6,-0.6,0.0,13.053611111111113
2007-03-21,21.1,2.8,20.3,21.044444444444448
2007-03-22,17.8,7.2,12.4,19.87638888888889
2007-03-23,11.1,7.2,4.1,10.35888888888889
2007-03-24,17.8,9.4,0.0,17.814444444444447
2007-03-25,25.6,10.0,0.0,24.930555555555557
2007-03-26,26.1,18.9,0.0,25.586666666666662
2007-03-27,23.3,6.7,0.0,23.276111111111106
2007-03-28,11.1,6.7,8.9,10.805555555555552
2007-03-29,16.7,8.3,0.0,16.058888888888887
2007-03-30,13.3,8.3,0.0,12.65861111111111
2007-03-31,17.8,7.2,11.4,17.631666666666675
2007-04-01,16.7,8.3,0.0,16.607222222222223
2007-04-02,17.2,5.6,0.0,16.16333333333333
2007-04-03,21.1,2.2,1.5,20.362777777777772
2007-04-04,2.2,-2.2,0.0,15.95111111111111
2007-04-05,4.4,-2.8,0.0,2.6058333333333334
2007-04-06,2.2,-4.4,0.0,1.4116666666666648
2007-04-07,0.0,-5.6,0.0,-0.9636111111111134
2007-04-08,4.4,-2.8,0.0,2.119444444444443
2007-04-09,5.6,0.6,0.0,3.9044444444444437
2007-04-10,10.6,-1.1,0.0,9.588611111111113
2007-04-11,6.7,0.0,33.0,7.251944444444444
2007-04-12,3.3,0.6,2.5,3.428333333333337
2007-04-13,11.1,-0.6,0.0,9.614722222222222
2007-04-14,7.8,1.7,0.0,7.186666666666663
2007-04-15,13.3,-0.6,0.0,12.358333333333333
2007-04-16,16.7,1.1,0.0,15.836944444444448
2007-04-17,22.2,4.4,0.0,20.626666666666676
2007-04-18,10.0,3.9,0.0,9.614722222222222
2007-04-19,14.4,5.6,0.0,13.262500000000001
2007-04-20,18.9,3.9,0.0,17.73888888888889
2007-04-21,24.4,6.7,0.0,23.974166666666672
2007-04-22,28.3,14.4,0.0,26.790513540817827
2007-04-23,22.2,13.3,0.0,25.3125
2007-04-24,19.4,10.0,6.4,18.368888888888886
2007-04-25,10.6,7.8,36.8,14.417499999999999
2007-04-26,16.1,7.2,14.2,15.530555555555553
2007-04-27,12.2,7.2,0.5,11.699444444444444
2007-04-28,22.2,4.4,0.0,21.282777777777778
2007-04-29,27.2,8.9,5.1,26.507309687591107
2007-04-30,20.6,10.6,0.3,25.837500000000002
2007-05-01,28.9,11.1,0.0,29.083513312415594
2007-05-02,15.6,6.1,0.0,15.243333333333332
2007-05-03,19.4,8.9,0.0,18.368888888888886
2007-05-04,19.4,10.6,0.0,18.551666666666666
2007-05-05,18.9,12.2,0.0,17.921666666666667
2007-05-06,20.0,11.1,0.0,18.724166666666672
2007-05-07,28.9,10.0,0.0,26.976995015351136
2007-05-08,27.2,15.6,0.0,26.68972755820452
2007-05-09,24.4,17.2,0.5,23.840833333333332
2007-05-10,28.3,15.0,0.0,27.093906147537833
2007-05-11,22.8,10.0,0.0,24.196111111111108
2007-05-12,18.3,8.3,0.0,17.67361111111111
2007-05-13,20.6,6.7,0.0,19.393333333333334
2007-05-14,32.2,14.4,0.0,30.43976250705777
2007-05-15,27.2,13.3,14.2,28.681861811111155
2007-05-16,17.8,7.2,4.1,15.507222222222225
2007-05-17,16.1,6.7,0.0,14.760277777777778
2007-05-18,21.1,6.1,0.0,20.483055555555566
2007-05-19,26.7,13.3,0.0,25.70694444444445
2007-05-20,20.6,6.7,0.5,24.53888888888889
2007-05-21,26.1,7.8,0.0,25.53444444444444
2007-05-22,31.1,15.6,0.0,28.814790013475562
2007-05-23,31.7,18.9,0.0,29.43414525931556
2007-05-24,31.7,18.9,0.0,29.50398828303779
2007-05-25,18.9,14.4,2.3,27.848301325715614
2007-05-26,21.1,10.0,14.0,20.12444444444444
2007-05-27,23.9,15.6,2.0,22.962777777777777
2007-05-28,24.4,12.2,0.0,24.196111111111108
2007-05-29,31.7,18.3,0.0,30.37309437673785
2007-05-30,31.7,21.1,0.0,29.65970892249557
2007-05-31,26.7,20.0,13.2,28.75228311111112
2007-06-01,30.0,19.4,6.4,29.336038526595594
2007-06-02,27.2,20.0,0.0,27.360965654024444
2007-06-03,25.0,17.8,13.0,24.405
2007-06-04,22.2,13.9,4.6,23.82777777777777
2007-06-05,17.2,10.6,10.4,17.18444444444444
2007-06-06,22.8,8.9,0.0,21.53083333333333
2007-06-07,33.3,21.7,0.0,33.07112638487102
2007-06-08,27.2,17.2,0.0,31.846529894604444
2007-06-09,26.1,13.9,0.0,25.3125
2007-06-10,27.2,16.1,0.0,26.629206586524436
2007-06-11,30.0,18.3,0.0,27.908959375464487
2007-06-12,27.8,18.9,0.0,26.717046959235613
2007-06-13,30.0,18.3,0.0,28.75228311111112
2007-06-14,31.7,20.0,0.0,29.83680901797119
2007-06-15,31.7,19.4,0.0,30.14254564121777
2007-06-16,33.3,20.0,0.0,31.576198403235576
2007-06-17,32.8,21.7,0.5,33.356838967857776
2007-06-18,31.7,23.3,2.5,31.5090838789956
2007-06-19,27.2,18.3,25.4,26.493611111111115
2007-06-20,29.4,16.7,0.0,27.790741763971212
2007-06-21,26.7,18.9,0.0,27.093906147537833
2007-06-22,23.9,16.7,2.0,23.080277777777777
2007-06-23,20.0,16.1,11.2,20.153888888888883
2007-06-24,23.9,18.3,0.0,24.02361111111111
2007-06-25,30.0,19.4,0.0,31.015885100115636
2007-06-26,32.2,22.8,0.0,33.85445181291555
2007-06-27,32.2,21.7,2.8,35.31575843611568
2007-06-28,22.8,16.1,0.0,24.5225
2007-06-29,21.7,13.3,0.0,21.67444444444445
2007-06-30,25.0,14.4,0.0,24.760833333333338
2007-07-01,24.4,16.1,0.0,23.65805555555555
2007-07-02,25.0,14.4,0.0,24.799999999999997
2007-07-03,28.3,17.2,6.4,27.763646131857854
2007-07-04,29.4,19.4,10.9,30.159277208915682
2007-07-05,31.1,21.1,0.0,29.644002323111142
2007-07-06,28.9,20.0,0.0,28.572364773137767
2007-07-07,32.2,20.0,0.0,31.617318406151192
2007-07-08,33.9,23.9,0.0,36.32746605479784
2007-07-09,34.4,22.2,14.0,35.25822549561561
2007-07-10,31.7,21.1,4.1,33.34978949943118
2007-07-11,25.0,17.2,0.0,24.708611111111118
2007-07-12,26.7,15.6,0.0,26.506666666666668
2007-07-13,23.3,15.0,0.0,24.799999999999997
2007-07-14,29.4,16.7,0.0,28.246993170957833
2007-07-15,26.7,17.8,0.0,27.310157834435607
2007-07-16,27.8,18.9,0.5,27.676087608817763
2007-07-17,28.3,20.6,3.8,28.957169045315645
2007-07-18,29.4,20.6,38.4,32.62913009207105
2007-07-19,27.8,17.2,1.5,31.98403855947564
2007-07-20,23.3,16.7,0.0,23.080277777777777
2007-07-21,23.9,14.4,0.0,22.594444444444452
2007-07-22,27.2,16.1,0.0,26.558888888888895
2007-07-23,27.8,17.2,0.0,27.369093992871175
2007-07-24,27.8,18.3,0.0,26.611111111111114
2007-07-25,28.3,21.1,0.0,28.146045184835597
2007-07-26,28.9,17.8,26.2,28.246993170957833
2007-07-27,28.3,21.1,0.5,28.499177144657796
2007-07-28,26.7,21.1,0.0,28.33768810961774
2007-07-29,29.4,19.4,0.0,27.908959375464487
2007-07-30,30.0,18.3,0.0,28.905816744444436
2007-07-31,32.8,20.6,0.0,31.53111406157112
2007-08-01,33.3,20.6,0.0,32.88196913043552
2007-08-02,32.8,22.8,0.0,32.755005308284495
2007-08-03,31.1,22.8,0.0,31.96842908860448
2007-08-04,27.2,20.0,1.5,27.23515810385777
2007-08-05,31.1,20.0,17.0,35.21891191607106
2007-08-06,29.4,23.9,1.8,33.21375493548445
2007-08-07,33.3,22.8,0.0,38.33124403731548
2007-08-08,30.6,23.3,2.5,35.55203763279115
2007-08-09,29.4,22.8,6.6,31.648926787671186
2007-08-10,30.0,22.8,0.0,31.648926787671186
2007-08-11,31.7,20.0,0.0,31.5090838789956
2007-08-12,30.6,20.0,3.8,31.229195675431228
2007-08-13,26.7,20.6,0.0,29.10017681673787
2007-08-14,28.9,17.8,11.9,30.28317007140459
2007-08-15,27.2,22.2,10.2,29.697203661351164
2007-08-16,25.0,19.4,0.0,25.873888888888885
2007-08-17,26.7,18.3,0.0,25.87666666666667
2007-08-18,20.6,15.6,8.9,24.104722222222218
2007-08-19,20.6,16.7,35.3,20.6761111111111
2007-08-20,24.4,20.0,20.6,24.71833333333333
2007-08-21,29.4,20.6,0.0,32.25745578348452
2007-08-22,32.8,21.1,28.7,37.235683568124536
2007-08-23,32.2,21.1,63.2,34.80727677236455
2007-08-24,27.2,20.6,5.3,27.962515993535547
2007-08-25,24.4,18.3,5.1,25.74333333333333
2007-08-26,25.6,16.1,0.0,25.377777777777776
2007-08-27,26.1,17.2,0.0,26.02027777777778
2007-08-28,33.3,20.6,0.0,34.73444154748442
2007-08-29,30.0,20.6,0.0,32.15124504993779
2007-08-30,23.9,15.6,0.0,23.524166666666662
2007-08-31,24.4,13.9,0.0,23.68416666666666
2007-09-01,26.1,15.6,0.0,26.007222222222232
2007-09-02,28.9,16.7,0.0,28.258726944275562
2007-09-03,31.7,17.8,0.0,31.126955483004483
2007-09-04,32.8,19.4,0.0,31.297374850524463
2007-09-05,33.3,22.2,0.0,33.356838967857776
2007-09-06,28.9,23.3,2.5,30.454350755555513
2007-09-07,28.9,21.7,27.7,29.697203661351164
2007-09-08,25.6,20.0,0.0,26.307500000000005
2007-09-09,26.1,17.2,0.0,25.495277777777776
2007-09-10,22.8,13.3,7.9,22.225555555555545
2007-09-11,21.7,10.6,0.0,21.36111111111111
2007-09-12,18.9,7.8,0.0,18.303611111111113
2007-09-13,26.1,11.7,0.0,25.26027777777778
2007-09-14,19.4,8.3,0.0,24.000277777777782
2007-09-15,16.7,5.6,0.0,15.324444444444445
2007-09-16,22.2,9.4,0.0,21.191388888888884
2007-09-17,26.7,12.8,0.0,25.96805555555556
2007-09-18,32.2,18.9,0.0,31.232713954984572
2007-09-19,28.9,20.0,0.0,29.576440311111114
2007-09-20,24.4,17.2,0.0,24.956666666666663
2007-09-21,32.2,20.0,0.0,31.232713954984572
2007-09-22,22.2,14.4,0.0,29.076271755555542
2007-09-23,28.3,12.8,0.0,27.368370834995595
2007-09-24,32.8,21.7,0.0,33.356838967857776
2007-09-25,28.3,20.0,0.0,31.5090838789956
2007-09-26,20.0,12.8,5.3,24.114999999999995
2007-09-27,23.3,11.1,0.0,22.88444444444444
2007-09-28,22.8,11.7,0.0,21.7686111111111
2007-09-29,27.8,11.1,0.0,26.42833333333333
2007-09-30,28.9,16.1,5.1,27.684918104495598
2007-10-01,20.0,15.0,5.1,26.506666666666668
2007-10-02,26.7,15.0,3.8,26.57194444444444
2007-10-03,23.3,13.3,0.0,25.43
2007-10-04,28.3,13.3,0.0,28.601447857571216
2007-10-05,29.4,20.0,5.1,30.915363245315625
2007-10-06,31.1,21.7,0.0,32.53139821281776
2007-10-07,31.1,21.1,0.0,31.846529894604444
2007-10-08,31.1,17.2,0.0,30.680156280497766
2007-10-09,25.0,10.0,0.0,26.190000000000005
2007-10-10,11.7,8.3,0.0,19.484722222222217
2007-10-11,13.3,8.9,0.0,12.211944444444443
2007-10-12,13.9,7.2,0.0,12.554166666666665
2007-10-13,15.0,6.7,0.0,13.839722222222225
2007-10-14,17.2,12.8,0.3,16.411388888888887
2007-10-15,25.0,12.8,0.8,23.65805555555555
2007-10-16,20.0,13.3,5.1,22.54222222222223
2007-10-17,23.3,10.0,2.3,23.028055555555557
2007-10-18,26.1,15.6,13.2,25.94194444444445
2007-10-19,16.1,11.7,0.0,19.915555555555557
2007-10-20,23.3,8.3,0.0,22.88444444444444
2007-10-21,26.7,16.1,0.0,25.85055555555556
2007-10-22,18.9,8.3,4.1,22.936666666666667
2007-10-23,11.7,7.8,1.0,11.083055555555555
2007-10-24,11.7,7.2,0.0,10.991666666666667
2007-10-25,13.9,7.2,0.0,11.634166666666669
2007-10-26,18.9,11.7,7.9,17.475000000000005
2007-10-27,13.9,3.9,2.5,12.211944444444443
2007-10-28,13.3,1.1,0.0,12.436666666666664
2007-10-29,15.6,3.9,0.0,14.851666666666667
2007-10-30,18.9,5.6,0.0,18.290555555555557
2007-10-31,17.2,6.1,0.0,16.818888888888885
2007-11-01,12.2,2.8,0.0,11.189722222222226
2007-11-02,13.9,2.8,0.0,12.988333333333337
2007-11-03,13.3,2.2,0.0,11.859444444444442
2007-11-04,11.7,4.4,0.5,10.874166666666667
2007-11-05,12.2,2.8,0.0,11.451388888888893
2007-11-06,7.2,1.1,0.0,6.136111111111112
2007-11-07,5.6,-0.6,0.0,4.416944444444443
2007-11-08,11.1,3.3,0.0,10.218055555555555
2007-11-09,8.9,0.6,0.0,7.98638888888889
2007-11-10,10.6,-1.7,0.0,9.232777777777777
2007-11-11,13.9,5.6,1.0,10.163055555555552
2007-11-12,18.9,10.0,0.0,18.000000000000004
2007-11-13,15.6,2.8,0.0,14.851666666666667
2007-11-14,13.3,4.4,0.3,12.62972222222222
2007-11-15,4.4,-2.2,0.0,7.251944444444444
2007-11-16,4.4,-3.9,0.0,3.339722222222221
2007-11-17,6.7,2.2,0.5,5.950555555555555
2007-11-18,5.6,3.3,0.3,4.939166666666669
2007-11-19,16.1,3.9,0.0,14.913611111111107
2007-11-20,14.4,7.8,5.3,16.02944444444445
2007-11-21,7.8,1.1,34.3,9.78111111111111
2007-11-22,1.1,-3.3,0.3,4.4397222222222235
2007-11-23,-0.6,-5.6,0.0,-1.9363888888888878
2007-11-24,3.3,-3.3,0.0,2.171666666666666
2007-11-25,3.3,-2.2,0.0,2.367499999999999
2007-11-26,3.9,-0.6,0.0,2.4849999999999994
2007-11-27,2.8,-2.8,0.0,3.0627777777777805
2007-11-28,9.4,-2.8,0.0,8.13
2007-11-29,0.6,-7.2,0.0,8.169166666666667
2007-11-30,2.8,-6.1,0.0,0.9905555555555563
2007-12-01,1.7,-6.1,12.2,-2.4608333333333317
2007-12-02,9.4,-2.2,6.1,8.705000000000004
2007-12-03,-0.6,-7.2,0.0,0.9224999999999994
2007-12-04,0.6,-4.4,4.8,-0.4413888888888905
2007-12-05,-1.1,-11.1,4.6,-1.8994444444444427
2007-12-06,-3.9,-13.9,0.8,-7.108055555555556
2007-12-07,-1.1,-3.9,0.0,-2.0697222222222242
2007-12-08,-2.2,-8.9,0.0,-2.1088888888888886
2007-12-09,0.6,-2.8,0.5,-0.8233333333333329
2007-12-10,1.1,-2.2,0.0,-0.23250000000000093
2007-12-11,1.1,-1.7,20.1,0.38388888888888634
2007-12-12,2.2,-3.3,0.0,0.75277777777778
2007-12-13,1.1,-1.7,0.3,0.2533333333333311
2007-12-14,-1.7,-6.7,0.0,-1.5316666666666654
2007-12-15,-0.6,-2.8,13.5,-1.8994444444444427
2007-12-16,-1.7,-7.8,6.1,-1.8994444444444427
2007-12-17,-5.0,-8.9,0.0,-6.755555555555554
2007-12-18,1.7,-6.1,0.0,0.75277777777778
2007-12-19,1.7,-5.0,0.0,0.01833333333333008
2007-12-20,3.9,-4.4,1.3,2.406666666666663
2007-12-21,3.9,1.1,1.5,2.6938888888888872
2007-12-22,10.6,2.2,1.3,9.07277777777778
2007-12-23,11.1,-9.4,1.8,10.726666666666667
2007-12-24,-2.8,-6.1,0.0,-4.549444444444442
2007-12-25,5.6,-4.4,0.0,4.087222222222222
2007-12-26,7.2,-1.7,0.5,6.227500000000003
2007-12-27,2.2,-0.6,2.0,4.651944444444444
2007-12-28,1.7,-0.6,7.6,0.38388888888888634
2007-12-29,-0.6,-5.6,0.0,0.29249999999999926
2007-12-30,0.6,-4.4,0.3,-0.4022222222222243
2007-12-31,0.0,-4.4,4.8,-0.8233333333333329
2008-01-01,-1.7,-15.0,3.0,-0.7711111111111101
2008-01-02,-6.1,-16.1,0.0,-8.158611111111112
2008-01-03,-5.0,-17.2,0.0,-9.235277777777775
2008-01-04,1.7,-5.6,0.0,-1.0713888888888887
2008-01-05,6.1,1.7,0.8,5.594722222222227
2008-01-06,15.6,5.6,0.0,15.491388888888887
2008-01-07,18.3,12.2,17.5,18.235000000000003
2008-01-08,13.3,2.8,37.6,13.193888888888885
2008-01-09,4.4,-0.6,0.0,6.801944444444447
2008-01-10,6.7,0.6,7.1,5.872222222222226
2008-01-11,2.8,-1.1,0.0,3.323888888888891
2008-01-12,5.6,-2.8,0.0,4.061111111111113
2008-01-13,2.2,-2.8,0.0,3.036666666666671
2008-01-14,-2.8,-7.8,0.0,-1.6099999999999979
2008-01-15,-2.8,-10.0,0.0,-4.614722222222222
2008-01-16,3.9,-6.1,0.0,2.1977777777777754
2008-01-17,1.1,-10.6,3.8,0.5700000000000018
2008-01-18,-1.7,-13.3,0.3,-2.856388888888889
2008-01-19,-13.3,-19.4,0.0,-6.755555555555554
2008-01-20,-12.2,-20.0,0.0,-14.129444444444443
2008-01-21,-2.2,-12.8,2.3,-3.7077777777777774
2008-01-22,-0.6,-11.7,2.5,-1.9783333333333333
2008-01-23,-8.9,-13.9,1.3,-10.311944444444444
2008-01-24,-11.7,-19.4,0.0,-10.758611111111112
2008-01-25,-6.1,-19.4,1.3,-9.39194444444444
2008-01-26,0.0,-7.2,0.5,-1.0322222222222206
2008-01-27,2.2,-11.1,0.0,1.0427777777777791
2008-01-28,6.7,-1.1,1.5,5.67638888888889
2008-01-29,9.4,-16.7,4.3,9.111944444444443
2008-01-30,-10.6,-18.3,0.0,-1.3488888888888875
2008-01-31,-3.3,-11.1,5.8,-5.12777777777778
2008-02-01,-0.6,-4.4,9.1,-1.6099999999999979
2008-02-02,-0.6,-3.9,0.0,-2.0697222222222242
2008-02-03,0.0,-3.3,8.1,-1.5316666666666654
2008-02-04,6.1,0.0,2.3,4.583333333333333
2008-02-05,6.1,1.1,6.9,5.738333333333338
2008-02-06,1.7,-2.8,19.8,1.0661111111111135
2008-02-07,-2.2,-3.3,0.0,-1.4011111111111103
2008-02-08,3.9,-3.3,3.0,1.9599999999999993
2008-02-09,2.2,-8.9,0.0,2.4849999999999994
2008-02-10,-8.9,-19.4,0.0,-0.9538888888888882
2008-02-11,-9.4,-19.4,1.3,-13.630555555555553
2008-02-12,-5.6,-9.4,2.8,-7.319722222222223
2008-02-13,-5.0,-12.8,0.0,-6.794722222222222
2008-02-14,2.2,-8.9,0.0,1.2908333333333348
2008-02-15,-2.2,-10.6,0.0,1.3169444444444482
2008-02-16,2.2,-11.7,0.0,-0.6763888888888895
2008-02-17,11.7,-0.6,21.3,9.61138888888889
2008-02-18,0.6,-13.9,0.0,0.9616666666666676
2008-02-19,-8.9,-15.6,0.0,-10.586111111111114
2008-02-20,-6.7,-14.4,0.5,-8.498055555555558
2008-02-21,-5.0,-12.2,0.0,-6.660833333333333
2008-02-22,-1.1,-6.1,0.0,-2.934722222222222
2008-02-23,1.7,-6.1,0.0,-0.1383333333333366
2008-02-24,2.8,-6.7,0.0,1.7641666666666664
2008-02-25,1.1,-0.6,10.2,0.38388888888888634
2008-02-26,0.6,-6.1,4.8,1.1069444444444443
2008-02-27,-3.9,-8.9,0.0,-5.848055555555557
2008-02-28,-3.9,-12.2,1.3,-5.414444444444442
2008-02-29,3.9,-5.0,2.8,2.3022222222222215
2008-03-01,0.6,-5.0,0.0,1.2125000000000026
2008-03-02,14.4,0.6,0.0,12.473055555555554
2008-03-03,13.9,-3.3,10.4,13.588888888888894
2008-03-04,-0.6,-3.9,0.0,-2.226388888888889
2008-03-05,2.8,-6.1,0.0,1.0166666666666657
2008-03-06,2.2,-4.4,0.0,0.38722222222222374
2008-03-07,-2.2,-8.9,0.0,-2.552777777777777
2008-03-08,-2.8,-8.9,0.3,-5.415
2008-03-09,2.8,-5.6,0.0,1.0427777777777791
2008-03-10,1.7,-3.9,0.0,-0.046944444444447536
2008-03-11,8.9,-5.0,0.0,7.921111111111113
2008-03-12,6.7,-1.1,0.0,6.227500000000003
2008-03-13,15.0,3.9,0.0,13.630833333333333
2008-03-14,12.8,1.1,0.0,12.055277777777778
2008-03-15,4.4,-0.6,0.0,10.19194444444444
2008-03-16,2.8,-1.1,0.0,1.6466666666666658
2008-03-17,4.4,-0.6,2.3,2.840833333333334
2008-03-18,7.8,2.2,1.5,6.893333333333334
2008-03-19,8.3,1.1,0.0,7.34333333333333
2008-03-20,8.9,-2.2,0.0,6.609444444444439
2008-03-21,1.1,-1.1,8.6,0.6483333333333342
2008-03-22,2.8,-2.2,1.3,1.490000000000001
2008-03-23,4.4,-2.8,0.0,2.6711111111111148
2008-03-24,4.4,-2.2,0.0,2.775555555555561
2008-03-25,15.6,2.2,0.0,14.313055555555556
2008-03-26,11.1,0.0,0.0,9.666944444444441
2008-03-27,8.3,0.6,11.4,8.971666666666668
2008-03-28,4.4,0.0,0.0,2.723333333333334
2008-03-29,6.7,-1.7,0.0,5.532777777777779
2008-03-30,6.1,2.2,2.3,5.55555555555556
2008-03-31,16.1,4.4,9.7,15.005000000000003
2008-04-01,15.0,0.6,0.0,15.530555555555553
2008-04-02,10.0,-1.1,0.0,8.997777777777777
2008-04-03,12.2,2.2,1.8,10.730555555555554
2008-04-04,11.7,2.8,0.5,10.848055555555554
2008-04-05,17.2,3.9,0.0,16.440277777777776
2008-04-06,18.3,6.1,0.0,17.621388888888887
2008-04-07,12.2,6.1,0.0,16.492499999999996
2008-04-08,10.0,5.6,13.2,8.759444444444442
2008-04-09,11.1,3.3,0.0,9.888888888888888
2008-04-10,13.3,3.3,15.2,9.164166666666667
2008-04-11,18.3,4.4,1.3,17.605555555555558
2008-04-12,5.0,1.1,6.4,6.172500000000001
2008-04-13,5.0,1.1,0.8,3.391944444444448
2008-04-14,10.0,1.1,0.0,8.39388888888889
2008-04-15,15.0,0.6,0.0,14.182500000000001
2008-04-16,22.8,7.8,0.0,21.204444444444448
2008-04-17,23.3,10.0,0.0,22.962777777777777
2008-04-18,24.4,11.1,0.0,23.644999999999996
2008-04-19,16.1,10.0,7.9,20.691944444444445
2008-04-20,21.1,8.3,0.0,20.271388888888882
2008-04-21,23.9,7.2,0.0,23.119444444444444
2008-04-22,23.9,13.3,0.0,23.080277777777777
2008-04-23,22.8,11.1,0.0,22.54222222222223
2008-04-24,23.3,12.2,1.5,22.871388888888887
2008-04-25,27.8,7.2,9.7,27.910757868995592
2008-04-26,14.4,4.4,0.0,24.32666666666667
2008-04-27,11.7,4.4,0.0,11.872499999999999
2008-04-28,8.3,2.8,4.3,10.152777777777773
2008-04-29,6.7,1.7,0.0,5.124722222222226
2008-04-30,15.0,1.7,0.0,13.69611111111111
2008-05-01,23.3,8.9,0.0,22.633611111111115
2008-05-02,23.3,13.3,18.3,22.999166666666675
2008-05-03,13.3,6.7,0.3,20.571666666666665
2008-05-04,18.9,3.9,0.0,18.264444444444436
2008-05-05,23.3,10.0,0.0,22.333333333333343
2008-05-06,27.8,11.1,0.0,26.376111111111115
2008-05-07,21.7,10.0,14.5,22.910555555555558
2008-05-08,15.0,8.3,0.0,19.941666666666674
2008-05-09,14.4,5.6,0.0,13.118888888888891
2008-05-10,16.1,5.0,0.0,15.008333333333333
2008-05-11,15.6,8.3,49.0,13.931111111111111
2008-05-12,11.7,5.0,0.0,12.80222222222222
2008-05-13,23.3,7.2,4.3,22.385555555555563
2008-05-14,16.1,7.8,1.8,19.536944444444444
2008-05-15,13.9,6.1,0.0,12.54111111111111
2008-05-16,22.2,5.0,0.0,21.781666666666663
2008-05-17,22.8,10.6,5.1,21.15222222222222
2008-05-18,12.8,7.2,0.0,18.81555555555555
2008-05-19,15.0,5.6,0.0,13.591666666666669
2008-05-20,17.8,9.4,0.0,16.518611111111106
2008-05-21,18.3,7.2,0.0,17.712777777777774
2008-05-22,13.3,8.3,0.0,17.13555555555556
2008-05-23,15.0,8.9,0.0,12.736944444444443
2008-05-24,20.0,6.7,0.0,19.41944444444444
2008-05-25,25.6,10.6,0.0,25.50833333333333
2008-05-26,28.9,11.1,13.5,29.898529149217854
2008-05-27,11.1,7.2,0.0,28.146045184835597
2008-05-28,16.1,7.2,0.0,14.890833333333331
2008-05-29,20.0,7.2,2.0,18.828611111111115
2008-05-30,25.0,14.4,8.9,24.5225
2008-05-31,26.1,16.1,0.0,25.981111111111122
2008-06-01,21.7,13.3,0.0,24.865277777777774
2008-06-02,29.4,16.1,0.0,27.848301325715614
2008-06-03,23.3,13.9,29.2,24.839166666666664
2008-06-04,25.6,15.0,13.5,25.808611111111112
2008-06-05,31.1,20.0,5.6,33.85445181291555
2008-06-06,30.0,22.8,0.8,32.6347006444444
2008-06-07,28.9,22.2,2.0,31.326208967884572
2008-06-08,30.6,18.3,43.4,33.78802762316448
2008-06-09,23.3,18.3,6.4,32.6347006444444
2008-06-10,27.2,15.6,0.8,26.637222222222224
2008-06-11,30.0,18.9,0.0,28.151444389031152
2008-06-12,32.8,22.8,0.0,34.3537671678578
2008-06-13,27.8,18.9,5.1,32.78368005370444
2008-06-14,28.9,16.1,0.0,27.368370834995595
2008-06-15,27.8,15.6,6.6,28.181459693315517
2008-06-16,23.3,15.6,0.0,24.43111111111111
2008-06-17,24.4,13.3,0.0,24.065555555555562
2008-06-18,23.9,14.4,0.0,22.910555555555558
2008-06-19,26.7,12.8,0.0,25.837500000000002
2008-06-20,28.3,15.6,1.5,27.534022768335646
2008-06-21,28.3,16.7,1.8,26.546626832551105
2008-06-22,27.2,16.1,0.8,25.889722222222233
2008-06-23,24.4,13.9,0.0,22.633611111111115
2008-06-24,27.8,13.9,0.0,26.629206586524436
2008-06-25,26.1,19.4,5.1,25.928888888888896
2008-06-26,30.6,21.7,0.0,31.015885100115636
2008-06-27,29.4,20.6,0.0,30.294298970771212
2008-06-28,28.9,18.9,0.0,27.224983142015567
2008-06-29,25.0,16.1,1.5,24.117777777777782
2008-06-30,27.2,16.1,0.0,26.42833333333333
2008-07-01,28.9,13.9,0.0,27.421114341624484
2008-07-02,31.1,17.2,5.8,32.53139821281776
2008-07-03,21.7,15.0,0.0,27.835943809757786
2008-07-04,23.9,14.4,0.0,23.61888888888889
2008-07-05,26.1,13.9,0.0,25.87666666666667
2008-07-06,31.1,17.2,0.0,30.276920798631156
2008-07-07,30.6,23.3,0.0,32.25272841111113
2008-07-08,30.0,21.1,11.2,31.887677555555513
2008-07-09,29.4,19.4,0.0,27.908959375464487
2008-07-10,28.9,17.8,11.7,28.39887615283563
2008-07-11,31.7,17.8,0.8,34.7744635280245
2008-07-12,28.3,18.9,15.0,31.20833997777773
2008-07-13,26.1,16.1,0.0,25.928888888888896
2008-07-14,28.9,16.7,0.0,28.03957093897562
2008-07-15,32.8,19.4,0.0,32.21115006887111
2008-07-16,32.8,22.8,0.0,35.286900788051064
2008-07-17,32.8,23.3,0.0,33.356838967857776
2008-07-18,32.8,22.8,0.0,32.78368005370444
2008-07-19,26.7,21.1,26.7,28.15824500283553
2008-07-20,30.0,20.0,11.4,31.539548077777795
2008-07-21,28.9,21.1,2.5,30.717955184364623
2008-07-22,23.9,18.9,0.0,24.02361111111111
2008-07-23,27.2,15.6,0.0,26.672469195537772
2008-07-24,27.8,15.6,0.0,27.093906147537833
2008-07-25,28.9,18.3,0.0,29.31698503179564
2008-07-26,29.4,19.4,0.0,28.258726944275562
2008-07-27,28.3,17.2,0.0,28.164564010515555
2008-07-28,28.9,21.1,0.0,28.89326381961784
2008-07-29,31.7,21.1,13.0,33.19595416537561
2008-07-30,32.2,22.2,0.0,32.56900581695783
2008-07-31,32.2,21.7,17.0,33.379843183571246
2008-08-01,31.7,22.2,0.0,34.24562740051562
2008-08-02,26.7,20.6,0.0,30.28317007140459
2008-08-03,29.4,17.2,0.0,29.227926396497807
2008-08-04,31.1,20.6,28.4,33.44940924444435
2008-08-05,31.1,21.7,0.5,31.98403855947564
2008-08-06,28.9,19.4,0.0,29.385531600924462
2008-08-07,27.2,17.2,0.0,26.858671178435525
2008-08-08,25.6,17.8,0.0,24.839166666666664
2008-08-09,25.6,16.1,4.8,25.691111111111113
2008-08-10,23.3,16.1,0.0,24.5225
2008-08-11,24.4,15.6,0.0,23.82777777777777
2008-08-12,25.0,16.7,0.0,24.891388888888894
2008-08-13,25.0,18.9,1.0,24.37888888888889
2008-08-14,25.6,18.3,1.3,25.53444444444444
2008-08-15,25.6,16.1,0.0,24.786944444444444
2008-08-16,28.3,15.0,0.0,27.145045127235615
2008-08-17,29.4,17.2,0.0,28.87853803679785
2008-08-18,29.4,18.3,0.0,28.007127103084443
2008-08-19,28.9,18.3,0.0,30.159277208915682
2008-08-20,27.2,19.4,0.0,27.08954415243555
2008-08-21,27.8,20.6,0.0,27.676087608817763
2008-08-22,28.9,23.9,1.3,30.28317007140459
2008-08-23,32.2,20.6,0.3,34.28580817393564
2008-08-24,25.6,18.3,0.0,29.15886103361784
2008-08-25,23.3,18.9,0.0,23.09333333333333
2008-08-26,23.9,16.1,0.0,23.801666666666662
2008-08-27,27.8,15.6,0.0,27.557598236284473
2008-08-28,27.2,19.4,0.8,27.835943809757786
2008-08-29,28.9,19.4,0.0,28.03957093897562
2008-08-30,30.6,16.1,0.0,29.171102530595565
2008-08-31,32.2,18.3,0.0,30.37309437673785
2008-09-01,31.7,19.4,0.0,29.933376361715634
2008-09-02,35.0,20.0,0.8,34.427815724817805
2008-09-03,25.0,20.0,0.0,28.499177144657796
2008-09-04,20.0,17.2,77.5,20.571666666666665
2008-09-05,20.0,15.0,0.5,19.311666666666664
2008-09-06,23.3,13.3,0.0,22.633611111111115
2008-09-07,23.3,14.4,0.0,21.938333333333325
2008-09-08,21.1,11.7,27.4,20.783333333333342
2008-09-09,20.0,9.4,0.0,18.434166666666666
2008-09-10,22.2,10.0,0.0,21.859999999999992
2008-09-11,26.1,13.9,0.0,25.53444444444444
2008-09-12,22.8,21.1,22.1,23.142777777777784
2008-09-13,25.0,20.6,91.9,24.796666666666667
2008-09-14,22.2,14.4,53.1,24.349999999999998
2008-09-15,18.3,12.8,0.0,17.763333333333335
2008-09-16,21.7,10.0,0.0,21.426388888888887
2008-09-17,28.3,14.4,0.0,27.624331573457855
2008-09-18,23.3,16.7,0.0,23.14555555555555
2008-09-19,26.1,14.4,0.0,25.469166666666663
2008-09-20,27.8,15.0,0.0,26.0463888888889
2008-09-21,26.7,15.6,0.0,26.986454903191134
2008-09-22,27.8,17.2,0.0,27.557598236284473
2008-09-23,28.3,17.2,0.0,27.656826412984522
2008-09-24,27.8,16.7,0.0,27.12101463745771
2008-09-25,25.6,18.9,0.0,25.50833333333333
2008-09-26,25.6,16.1,0.0,25.325555555555557
2008-09-27,26.7,12.8,0.0,25.889722222222233
2008-09-28,20.6,15.6,0.0,21.938333333333325
2008-09-29,18.3,13.3,1.8,18.339444444444442
2008-09-30,16.7,8.9,0.0,16.58111111111111
2008-10-01,16.7,7.8,0.0,15.021388888888888
2008-10-02,16.7,6.1,0.0,15.533333333333339
2008-10-03,15.0,9.4,0.3,15.047499999999998
2008-10-04,15.6,5.6,0.0,14.417499999999999
2008-10-05,16.1,7.8,0.5,15.42888888888889
2008-10-06,21.1,13.3,0.0,20.245277777777773
2008-10-07,18.3,13.3,24.1,18.49944444444445
2008-10-08,17.2,11.1,5.1,17.354166666666668
2008-10-09,20.6,8.9,0.0,19.341111111111108
2008-10-10,22.8,7.8,0.0,22.307222222222226
2008-10-11,26.7,12.8,0.0,26.59805555555556
2008-10-12,30.0,16.7,0.0,28.27729071411561
2008-10-13,26.7,17.8,0.0,26.137777777777778
2008-10-14,21.1,12.8,0.0,24.43111111111111
2008-10-15,17.8,10.0,6.4,17.22361111111111
2008-10-16,15.0,6.7,0.0,14.32611111111111
2008-10-17,13.3,6.7,0.0,12.71083333333333
2008-10-18,15.6,6.7,1.8,15.008333333333333
2008-10-19,16.7,6.7,0.0,16.058888888888887
2008-10-20,13.3,7.2,6.4,14.32611111111111
2008-10-21,12.8,3.9,0.0,11.54277777777778
2008-10-22,12.2,4.4,0.0,10.782777777777781
2008-10-23,15.6,4.4,3.6,14.32611111111111
2008-10-24,13.3,7.2,19.8,13.262500000000001
2008-10-25,11.7,6.1,0.3,11.109166666666665
2008-10-26,13.3,2.2,0.3,12.003055555555555
2008-10-27,8.3,1.1,0.3,6.805277777777777
2008-10-28,7.2,0.0,0.0,6.083888888888893
2008-10-29,10.6,0.6,0.0,9.54944444444444
2008-10-30,17.2,1.1,0.0,16.006666666666668
2008-10-31,21.7,9.4,0.0,20.84861111111111
2008-11-01,12.2,9.4,0.0,18.64305555555556
2008-11-02,21.1,9.4,0.0,20.454166666666666
2008-11-03,22.8,13.3,0.3,22.54222222222223
2008-11-04,22.2,11.7,0.0,21.938333333333325
2008-11-05,21.7,11.1,0.0,21.36111111111111
2008-11-06,19.4,10.6,7.6,19.01138888888889
2008-11-07,10.6,2.2,1.3,15.582777777777778
2008-11-08,3.9,2.2,0.3,4.1525
2008-11-09,3.3,-1.1,0.0,2.6155555555555545
2008-11-10,3.9,-2.8,0.0,2.0933333333333337
2008-11-11,3.9,-3.3,6.9,2.445833333333331
2008-11-12,9.4,3.3,1.8,8.626111111111111
2008-11-13,12.8,6.7,0.8,11.699444444444444
2008-11-14,11.1,6.1,2.3,10.688055555555552
2008-11-15,6.1,1.7,0.0,7.78722222222222
2008-11-16,2.2,-1.7,0.3,2.2369444444444437
2008-11-17,2.2,-3.9,0.0,0.8861111111111105
2008-11-18,1.7,-5.6,0.0,-0.29500000000000326
2008-11-19,6.7,-1.7,0.0,5.754722222222226
2008-11-20,2.2,-5.0,0.0,4.625833333333331
2008-11-21,-1.7,-8.3,0.0,-3.287222222222223
2008-11-22,0.6,-7.2,0.0,-0.7547222222222238
2008-11-23,6.7,-4.4,0.0,5.624166666666671
2008-11-24,3.3,0.0,1.8,3.943611111111112
2008-11-25,4.4,-2.2,0.0,2.7494444444444475
2008-11-26,5.6,-4.4,0.0,4.416944444444443
2008-11-27,7.2,-3.9,0.0,5.702499999999999
2008-11-28,6.7,-2.8,0.0,5.624166666666671
2008-11-29,6.7,-3.9,0.0,4.941944444444448
2008-11-30,3.9,0.6,9.4,3.3658333333333346
2008-12-01,2.2,-5.6,9.9,1.6433333333333324
2008-12-02,1.1,-6.1,0.0,-1.6099999999999979
2008-12-03,3.9,-5.6,3.0,3.0627777777777805
2008-12-04,-4.4,-10.0,0.0,-0.7188888888888871
2008-12-05,-5.6,-12.8,0.0,-7.463333333333335
2008-12-06,0.0,-10.0,2.3,-0.8624999999999992
2008-12-07,-6.7,-14.4,0.0,-6.451944444444446
2008-12-08,4.4,-6.7,2.0,-0.32388888888889
2008-12-09,5.6,-2.8,27.4,4.531111111111111
2008-12-10,-1.1,-5.6,0.0,-0.14111111111111185
2008-12-11,0.6,-7.2,0.0,-0.5197222222222249
2008-12-12,-6.1,-10.6,0.0,-3.3813888888888894
2008-12-13,4.4,-6.7,7.9,2.958333333333335
2008-12-14,10.6,1.7,3.8,8.417222222222225
2008-12-15,1.7,-14.4,2.5,10.202222222222222
2008-12-16,-6.1,-13.3,7.1,-7.806111111111112
2008-12-17,-6.7,-12.2,0.0,-7.176111111111112
2008-12-18,-4.4,-12.8,1.0,-6.794722222222222
2008-12-19,0.0,-4.4,25.4,-0.914722222222222
2008-12-20,-0.6,-8.9,1.3,-0.914722222222222
2008-12-21,-8.9,-20.6,0.0,-5.049444444444443
2008-12-22,-13.3,-19.4,0.0,-16.860555555555557
2008-12-23,1.1,-13.3,11.9,-2.5561111111111106
2008-12-24,1.7,-13.3,6.1,1.0661111111111135
2008-12-25,-3.3,-16.7,0.0,-8.696666666666667
2008-12-26,11.7,-3.3,1.3,3.953333333333333
2008-12-27,16.7,0.6,52.1,16.19916666666667
2008-12-28,0.6,-3.9,0.0,12.143333333333336
2008-12-29,6.7,-1.7,0.0,5.242222222222226
2008-12-30,5.0,-3.3,0.3,3.6008333333333318
2008-12-31,-3.3,-10.6,0.0,3.6400000000000037
2009-01-01,0.0,-7.8,0.0,-1.8449999999999989
2009-01-02,-0.6,-6.7,0.0,-1.7013888888888888
2009-01-03,2.8,-7.2,0.0,-0.046944444444447536
2009-01-04,3.3,-7.8,1.0,2.6938888888888872
2009-01-05,-2.2,-11.1,0.0,-3.7600000000000002
2009-01-06,-0.6,-6.7,0.8,-1.5316666666666654
2009-01-07,-1.7,-11.1,1.8,-2.5561111111111106
2009-01-08,-6.1,-11.1,0.0,-7.949722222222222
2009-01-09,-1.7,-10.0,4.8,-3.303055555555557
2009-01-10,-1.7,-6.1,10.7,-2.595277777777779
2009-01-11,-6.1,-8.3,0.0,-4.918333333333332
2009-01-12,-0.6,-10.6,4.8,-4.379722222222221
2009-01-13,-1.1,-17.2,1.0,-1.4011111111111103
2009-01-14,-8.9,-17.2,5.1,-10.311944444444444
2009-01-15,-17.2,-25.0,0.0,-14.945
2009-01-16,-15.6,-27.8,0.0,-18.80222222222222
2009-01-17,-3.9,-15.6,0.3,-5.534722222222224
2009-01-18,-7.8,-12.2,0.0,-5.009722222222221
2009-01-19,-4.4,-11.7,0.0,-5.887222222222223
2009-01-20,-3.3,-12.2,0.0,-5.349166666666664
2009-01-21,-1.7,-11.1,0.0,-2.895555555555555
2009-01-22,1.7,-8.9,0.0,0.60916666666667
2009-01-23,1.1,-10.6,0.0,0.16194444444444006
2009-01-24,-10.6,-16.7,0.0,-3.459722222222224
2009-01-25,-9.4,-17.2,0.0,-9.71833333333333
2009-01-26,-8.3,-14.4,0.0,-10.033888888888885
2009-01-27,-5.0,-12.2,0.3,-7.003611111111109
2009-01-28,-6.7,-10.6,2.5,-7.949722222222222
2009-01-29,-1.7,-10.6,0.0,-2.856388888888889
2009-01-30,-8.9,-14.4,0.0,-6.925277777777777
2009-01-31,3.3,-13.9,0.0,1.9077777777777765
2009-02-01,3.9,-3.3,0.0,2.445833333333331
2009-02-02,-2.8,-11.1,0.0,-1.1366666666666663
2009-02-03,-6.1,-16.1,0.0,-6.451944444444446
2009-02-04,-7.8,-16.1,0.0,-9.57472222222222
2009-02-05,-3.3,-15.0,0.0,-4.719166666666664
2009-02-06,6.7,-8.9,0.0,5.91138888888889
2009-02-07,15.0,2.8,0.0,14.535
2009-02-08,6.1,-1.7,0.0,11.200555555555557
2009-02-09,12.2,-2.2,5.1,11.239722222222225
2009-02-10,16.7,10.0,0.0,16.215555555555554
2009-02-11,11.1,2.2,20.3,12.85444444444444
2009-02-12,3.9,-1.1,0.0,3.914166666666669
2009-02-13,1.7,-3.3,0.8,1.8424999999999987
2009-02-14,1.1,-5.0,0.5,-0.4805555555555567
2009-02-15,0.0,-7.2,0.0,-1.8058333333333307
2009-02-16,0.6,-7.8,0.0,-0.7286111111111124
2009-02-17,5.6,-2.8,0.5,3.995833333333331
2009-02-18,3.9,-6.7,10.2,3.2847222222222268
2009-02-19,-5.0,-12.2,0.0,0.291944444444441
2009-02-20,-2.2,-10.6,0.0,-3.733888888888891
2009-02-21,-0.6,-6.7,4.6,-1.9261111111111104
2009-02-22,-3.9,-10.6,0.0,-5.12777777777778
2009-02-23,-2.8,-11.7,0.0,-4.3377777777777755
2009-02-24,4.4,-6.7,0.0,2.7494444444444475
2009-02-25,12.8,1.1,0.0,12.13361111111111
2009-02-26,12.2,1.1,44.7,9.833333333333336
2009-02-27,10.0,-5.0,2.5,11.566111111111113
2009-02-28,-2.2,-6.1,0.0,-3.5641666666666674
2009-03-01,-5.6,-9.4,1.8,-6.295277777777777
2009-03-02,-5.6,-9.4,0.0,-7.633055555555558
2009-03-03,-1.1,-7.2,0.0,-3.156666666666668
2009-03-04,7.2,-2.2,0.0,5.585000000000003
2009-03-05,17.8,3.9,0.0,17.501111111111115
2009-03-06,19.4,6.1,0.0,18.841666666666672
2009-03-07,7.8,3.9,32.3,10.505277777777774
2009-03-08,12.8,1.7,51.3,12.681944444444445
2009-03-09,6.1,1.1,2.5,4.860833333333332
2009-03-10,16.7,1.1,28.4,16.737777777777776
2009-03-11,1.1,-7.8,0.0,16.14694444444445
2009-03-12,-3.9,-8.9,0.0,-3.5902777777777795
2009-03-13,5.0,-5.6,0.0,3.721666666666666
2009-03-14,10.0,-3.3,0.0,9.01083333333333
2009-03-15,13.9,-0.6,0.0,13.014444444444445
2009-03-16,17.8,5.6,0.0,17.122500000000006
2009-03-17,23.3,8.3,0.0,22.398611111111116
2009-03-18,13.9,5.0,0.0,20.678888888888892
2009-03-19,8.3,-1.7,0.0,9.154444444444445
2009-03-20,5.6,-2.8,0.0,4.482222222222221
2009-03-21,16.1,3.9,0.0,15.324444444444445
2009-03-22,16.1,4.4,0.0,15.350555555555555
2009-03-23,13.9,4.4,0.8,13.118888888888891
2009-03-24,21.1,9.4,3.0,20.652777777777786
2009-03-25,10.0,4.4,0.0,19.03750000000001
2009-03-26,15.0,4.4,0.0,13.591666666666669
2009-03-27,7.8,0.6,0.0,11.017777777777777
2009-03-28,3.3,0.6,18.0,1.9077777777777765
2009-03-29,5.0,0.0,20.1,3.995833333333331
2009-03-30,6.1,-2.2,0.0,5.0725000000000025
2009-03-31,11.7,3.3,13.5,11.043888888888892
2009-04-01,12.2,3.3,0.0,11.281666666666668
2009-04-02,12.8,3.9,6.9,10.991666666666667
2009-04-03,10.0,1.7,1.3,8.524444444444445
2009-04-04,8.9,-0.6,0.0,7.947222222222226
2009-04-05,5.6,0.6,22.1,4.560555555555557
2009-04-06,4.4,0.6,0.0,3.391944444444448
2009-04-07,9.4,-1.1,0.0,8.171944444444447
2009-04-08,12.2,-1.1,0.0,10.100555555555554
2009-04-09,14.4,1.7,0.0,12.975277777777782
2009-04-10,7.8,3.9,0.0,9.54944444444444
2009-04-11,8.3,1.7,0.0,6.700833333333331
2009-04-12,11.7,0.0,0.0,10.178888888888887
2009-04-13,7.8,2.8,19.1,7.291111111111109
2009-04-14,6.7,2.8,0.0,5.846111111111113
2009-04-15,13.9,5.0,0.0,12.949166666666668
2009-04-16,16.1,2.8,0.0,15.298333333333337
2009-04-17,21.1,3.3,0.0,20.496111111111112
2009-04-18,23.3,7.2,0.0,22.450833333333343
2009-04-19,16.7,7.8,25.4,20.73111111111111
2009-04-20,12.2,5.0,2.8,11.017777777777777
2009-04-21,6.7,3.3,3.8,9.285
2009-04-22,16.7,3.3,0.0,15.87611111111111
2009-04-23,19.4,3.9,4.6,18.841666666666672
2009-04-24,29.4,12.8,0.0,28.258726944275562
2009-04-25,25.0,6.1,3.8,25.43
2009-04-26,27.2,5.6,4.6,26.908509560871103
2009-04-27,22.8,10.6,36.8,25.96805555555556
2009-04-28,10.6,6.1,2.5,16.737777777777776
2009-04-29,12.8,8.3,1.0,12.473055555555554
2009-04-30,20.6,12.8,12.7,19.572777777777773
2009-05-01,16.7,8.9,0.3,17.106111111111108
2009-05-02,18.3,7.2,0.0,17.083333333333336
2009-05-03,21.1,7.2,0.0,20.010277777777773
2009-05-04,21.1,9.4,0.0,20.075555555555553
2009-05-05,21.1,12.2,0.0,20.179999999999993
2009-05-06,23.9,13.3,21.6,23.028055555555557
2009-05-07,25.0,13.3,0.8,24.695555555555554
2009-05-08,23.3,13.9,0.3,23.09333333333333
2009-05-09,17.8,7.2,0.0,20.90083333333333
2009-05-10,19.4,6.1,0.0,18.86777777777778
2009-05-11,16.1,4.4,0.0,15.008333333333333
2009-05-12,22.2,6.7,0.0,21.139166666666668
2009-05-13,21.7,12.2,30.2,19.971111111111107
2009-05-14,20.6,12.8,0.0,21.357777777777788
2009-05-15,17.2,12.8,20.8,18.972222222222225
2009-05-16,16.7,8.3,1.3,15.690000000000005
2009-05-17,15.0,5.0,0.0,14.156388888888888
2009-05-18,19.4,7.2,0.0,18.173055555555557
2009-05-19,26.7,12.2,0.0,26.467500000000005
2009-05-20,29.4,16.1,0.0,27.510452641597837
2009-05-21,29.4,15.6,0.0,27.790741763971212
2009-05-22,21.1,13.3,0.0,26.952184976551163
2009-05-23,26.1,12.8,0.0,25.96805555555556
2009-05-24,21.1,13.3,0.0,20.926944444444448
2009-05-25,17.8,13.3,2.5,16.649166666666662
2009-05-26,24.4,13.3,36.1,23.302222222222216
2009-05-27,23.9,14.4,0.0,22.920833333333334
2009-05-28,17.8,12.8,0.0,19.494444444444447
2009-05-29,25.0,12.8,0.0,24.17
2009-05-30,26.1,11.7,0.0,25.785277777777782
2009-05-31,22.2,9.4,0.0,24.117777777777782
2009-06-01,26.7,11.1,14.0,26.1638888888889
2009-06-02,16.1,10.0,1.3,15.768333333333338
2009-06-03,16.1,8.9,0.0,15.047499999999998
2009-06-04,20.0,8.3,0.0,19.367222222222217
2009-06-05,26.7,8.3,0.0,25.82444444444445
2009-06-06,18.9,12.8,0.0,25.28638888888889
2009-06-07,23.3,13.3,0.0,23.328333333333326
2009-06-08,27.8,12.8,11.4,28.030491895751087
2009-06-09,19.4,13.3,0.0,26.1638888888889
2009-06-10,19.4,12.8,1.5,19.168055555555554
2009-06-11,15.6,11.7,46.5,16.87111111111111
2009-06-12,22.2,10.0,0.0,21.452499999999997
2009-06-13,18.9,13.3,6.4,19.03750000000001
2009-06-14,24.4,12.2,0.0,23.119444444444444
2009-06-15,27.2,13.9,0.0,26.493611111111115
2009-06-16,21.7,17.8,29.2,24.15694444444445
2009-06-17,22.8,17.2,0.0,22.225555555555545
2009-06-18,27.2,17.2,3.3,27.835943809757786
2009-06-19,31.1,18.9,16.8,35.21891191607106
2009-06-20,31.1,20.6,0.0,33.621580418115514
2009-06-21,30.0,21.7,0.0,30.915363245315625
2009-06-22,31.7,21.1,5.6,33.6296077330646
2009-06-23,33.9,23.9,0.0,36.03057495519112
2009-06-24,33.9,22.8,1.8,37.21448419023117
2009-06-25,33.9,24.4,0.0,36.32746605479784
2009-06-26,30.0,22.2,0.0,34.7744635280245
2009-06-27,32.2,19.4,1.3,31.725273249617764
2009-06-28,28.3,20.0,0.0,30.759003960051196
2009-06-29,25.6,18.3,0.0,26.672469195537772
2009-06-30,20.0,16.1,0.0,22.633611111111115
2009-07-01,18.3,13.9,0.8,18.091388888888893
2009-07-02,22.8,15.6,0.0,22.08194444444444
2009-07-03,26.1,16.7,0.0,25.53444444444444
2009-07-04,20.6,16.7,3.8,20.715277777777775
2009-07-05,27.8,16.1,0.0,27.49281419379563
2009-07-06,29.4,17.2,0.0,27.97271591321781
2009-07-07,24.4,18.3,0.0,26.57194444444444
2009-07-08,20.0,16.7,7.6,19.915555555555557
2009-07-09,26.7,17.2,0.0,26.059444444444452
2009-07-10,28.9,19.4,3.6,28.92591493923561
2009-07-11,29.4,20.6,14.0,28.33797592205119
2009-07-12,27.8,15.6,0.0,27.065915636284476
2009-07-13,25.6,18.9,0.0,24.734722222222228
2009-07-14,27.2,15.6,0.0,26.493611111111115
2009-07-15,30.0,19.4,12.7,30.194046724604465
2009-07-16,27.8,18.3,2.5,27.987237679591207
2009-07-17,21.1,14.4,0.8,21.831111111111106
2009-07-18,22.8,14.4,0.0,20.796388888888895
2009-07-19,22.8,15.6,0.0,21.96444444444444
2009-07-20,24.4,15.0,0.0,24.248333333333335
2009-07-21,27.8,17.8,0.0,27.23515810385777
2009-07-22,26.1,18.9,0.0,26.0463888888889
2009-07-23,26.1,17.2,0.8,25.612777777777776
2009-07-24,28.3,16.7,5.3,28.007127103084443
2009-07-25,27.2,18.9,0.3,27.08954415243555
2009-07-26,27.8,17.8,0.0,27.624331573457855
2009-07-27,28.9,18.9,0.3,28.87853803679785
2009-07-28,30.0,20.0,0.0,29.927305577777776
2009-07-29,26.1,18.9,0.0,27.195764459617777
2009-07-30,26.7,18.3,0.0,25.981111111111122
2009-07-31,27.8,16.7,0.0,26.858671178435525
2009-08-01,23.9,17.2,0.3,25.45611111111111
2009-08-02,26.1,14.4,0.0,25.377777777777776
2009-08-03,30.0,20.0,1.5,29.227926396497807
2009-08-04,30.0,20.6,0.0,29.41421488587567
2009-08-05,26.1,18.9,0.0,28.601447857571216
2009-08-06,27.2,16.7,0.0,25.85055555555556
2009-08-07,23.3,19.4,7.1,24.15694444444445
2009-08-08,32.2,20.6,1.3,36.68049771557119
2009-08-09,33.3,25.0,5.8,38.16772704802459
2009-08-10,30.0,21.7,0.0,35.52997874444458
2009-08-11,27.2,18.3,0.0,27.835943809757786
2009-08-12,27.8,17.2,0.0,26.95966309799115
2009-08-13,30.0,17.2,0.0,28.88871927955556
2009-08-14,31.1,19.4,0.0,30.276920798631156
2009-08-15,31.7,21.1,0.0,31.126955483004483
2009-08-16,32.2,21.7,10.4,33.820934725784504
2009-08-17,28.3,21.7,6.6,29.47601872620456
2009-08-18,28.9,18.9,0.0,27.910757868995592
2009-08-19,27.2,17.8,15.5,27.08954415243555
2009-08-20,26.1,17.8,2.5,25.612777777777776
2009-08-21,23.3,15.0,1.3,23.223888888888887
2009-08-22,20.6,14.4,0.0,19.745833333333326
2009-08-23,22.8,14.4,0.0,21.55694444444445
2009-08-24,26.1,13.9,0.0,25.50833333333333
2009-08-25,27.8,16.1,0.0,27.884784716924493
2009-08-26,22.2,17.8,18.3,25.71722222222222
2009-08-27,19.4,16.7,28.2,20.085277777777783
2009-08-28,21.7,16.1,10.2,21.804999999999996
2009-08-29,20.6,13.3,0.3,19.745833333333326
2009-08-30,18.9,10.6,0.0,18.460277777777776
2009-08-31,19.4,9.4,0.0,18.460277777777776
2009-09-01,21.7,10.0,0.0,20.783333333333342
2009-09-02,22.2,11.7,0.0,21.36111111111111
2009-09-03,23.9,13.9,0.0,23.09333333333333
2009-09-04,23.9,14.4,0.0,23.65805555555555
2009-09-05,25.6,13.9,0.0,25.43
2009-09-06,25.0,18.9,0.0,24.37888888888889
2009-09-07,25.0,17.2,0.0,24.300555555555555
2009-09-08,25.6,16.7,0.0,25.061111111111114
2009-09-09,25.0,20.0,0.0,24.48333333333333
2009-09-10,26.7,18.3,0.0,26.08555555555556
2009-09-11,25.6,17.8,0.0,25.53444444444444
2009-09-12,25.6,16.1,0.0,25.495277777777776
2009-09-13,26.1,13.9,0.0,25.43
2009-09-14,28.9,15.0,0.0,27.932119356095637
2009-09-15,28.3,17.2,0.0,27.910757868995592
2009-09-16,22.2,17.2,0.0,21.635277777777777
2009-09-17,21.7,12.2,0.0,20.822500000000005
2009-09-18,26.1,11.1,0.0,25.45611111111111
2009-09-19,23.9,14.4,0.0,23.223888888888887
2009-09-20,21.7,12.2,9.1,20.926944444444448
2009-09-21,20.6,17.2,0.0,20.16361111111111
2009-09-22,24.4,17.2,0.3,24.193333333333335
2009-09-23,24.4,16.7,0.0,23.984444444444442
2009-09-24,21.7,17.8,0.0,21.765833333333333
2009-09-25,21.1,15.6,0.3,20.926944444444448
2009-09-26,18.9,13.3,0.0,18.78666666666667
2009-09-27,23.3,11.7,4.1,22.594444444444452
2009-09-28,17.2,10.0,0.0,21.452499999999997
2009-09-29,14.4,8.9,0.0,13.957222222222224
2009-09-30,16.1,8.9,0.0,14.535
2009-10-01,15.0,6.7,18.5,14.6525
2009-10-02,13.3,8.9,5.3,12.721111111111108
2009-10-03,14.4,8.3,1.0,13.957222222222224
2009-10-04,16.1,7.2,0.0,15.021388888888888
2009-10-05,16.1,5.6,0.0,15.047499999999998
2009-10-06,16.7,9.4,1.3,15.846666666666668
2009-10-07,15.6,7.2,0.0,15.09972222222222
2009-10-08,12.2,8.3,3.8,13.236388888888891
2009-10-09,11.1,3.9,13.0,10.89694444444444
2009-10-10,8.9,0.6,0.0,7.447777777777773
2009-10-11,7.2,-1.7,0.0,5.532777777777779
2009-10-12,9.4,5.6,0.0,8.720277777777778
2009-10-13,8.9,2.2,0.0,8.299722222222227
2009-10-14,8.9,5.6,1.3,8.195277777777783
2009-10-15,6.7,5.0,8.9,8.234444444444446
2009-10-16,7.8,4.4,2.5,6.553888888888891
2009-10-17,11.1,3.9,0.3,9.70611111111111
2009-10-18,11.7,0.6,0.0,10.887222222222224
2009-10-19,18.9,6.1,0.0,17.86944444444444
2009-10-20,17.8,10.6,0.8,17.475000000000005
2009-10-21,21.1,12.8,0.0,20.401944444444446
2009-10-22,14.4,9.4,27.9,18.64305555555556
2009-10-23,16.7,6.1,37.6,16.776944444444442
2009-10-24,9.4,3.9,2.0,9.741944444444444
2009-10-25,17.2,6.7,6.4,16.293888888888887
2009-10-26,12.8,10.0,3.6,14.678611111111113
2009-10-27,11.1,8.9,3.8,10.949166666666663
2009-10-28,14.4,10.0,0.0,14.08777777777778
2009-10-29,15.6,8.9,25.9,15.308611111111109
2009-10-30,20.0,8.3,31.5,19.611944444444447
2009-10-31,8.3,2.2,0.0,11.803888888888888
2009-11-01,11.1,1.1,0.0,10.283333333333328
2009-11-02,16.1,6.1,0.0,15.506666666666668
2009-11-03,8.9,1.1,0.0,8.169722222222223
2009-11-04,12.2,5.0,0.0,10.309444444444441
2009-11-05,12.2,2.2,0.0,11.281666666666668
2009-11-06,16.7,2.2,0.0,16.07194444444444
2009-11-07,21.7,10.6,0.0,20.822500000000005
2009-11-08,21.7,7.8,0.0,21.504722222222224
2009-11-09,18.3,10.6,0.0,19.194166666666664
2009-11-10,12.2,7.2,0.0,11.529722222222224
2009-11-11,11.7,2.8,0.0,10.178888888888887
2009-11-12,12.8,0.6,0.0,11.872499999999999
2009-11-13,13.3,3.9,0.0,12.580277777777773
2009-11-14,17.8,8.3,0.0,17.475000000000005
2009-11-15,13.3,6.1,0.8,15.807500000000005
2009-11-16,9.4,7.2,0.0,8.169166666666667
2009-11-17,9.4,6.7,2.0,8.602777777777778
2009-11-18,9.4,6.7,7.9,8.66805555555556
2009-11-19,8.9,5.6,0.3,7.78722222222222
2009-11-20,11.7,5.6,0.0,11.043888888888892
2009-11-21,11.7,2.2,0.0,11.043888888888892
2009-11-22,13.9,2.2,0.0,12.736944444444443
2009-11-23,9.4,5.6,0.0,8.981388888888889
2009-11-24,10.6,3.3,15.2,10.280555555555553
2009-11-25,9.4,2.8,3.3,9.741944444444444
2009-11-26,5.6,1.1,2.3,5.0174999999999965
2009-11-27,4.4,-1.1,0.0,2.840833333333334
2009-11-28,12.2,-0.6,0.0,11.54277777777778
2009-11-29,7.2,1.7,0.5,9.389444444444443
2009-11-30,5.0,-1.1,0.0,4.230833333333332
2009-12-01,13.3,0.6,0.0,12.488888888888887
2009-12-02,7.8,2.2,1.0,9.206666666666669
2009-12-03,3.3,-3.3,0.0,4.9
2009-12-04,-2.2,-4.4,0.0,-0.5850000000000024
2009-12-05,0.6,-4.4,0.0,-1.384722222222222
2009-12-06,2.8,-3.9,0.0,1.0688888888888926
2009-12-07,0.0,-2.2,1.0,-0.046944444444447536
2009-12-08,2.2,-2.2,12.7,0.8311111111111124
2009-12-09,2.2,-12.2,7.4,1.4997222222222224
2009-12-10,-10.0,-16.7,0.0,-6.755555555555554
2009-12-11,-4.4,-12.2,0.0,-5.939444444444446
2009-12-12,3.3,-6.1,1.5,1.594444444444443
2009-12-13,3.3,0.6,0.0,2.524166666666664
2009-12-14,4.4,-2.2,0.8,3.914166666666669
2009-12-15,-2.2,-12.8,0.0,1.4475000000000036
2009-12-16,-5.0,-14.4,0.0,-6.660833333333333
2009-12-17,2.8,-6.7,0.0,0.5700000000000018
2009-12-18,3.3,0.6,2.0,2.6155555555555545
2009-12-19,1.1,-0.6,7.1,0.9616666666666676
2009-12-20,-0.6,-2.2,0.0,-0.19333333333333474
2009-12-21,-1.1,-3.3,0.3,-2.738888888888889
2009-12-22,0.0,-2.2,5.1,-0.8624999999999992
2009-12-23,0.0,-0.6,7.6,-0.8624999999999992
2009-12-24,2.2,0.0,9.1,0.2533333333333311
2009-12-25,6.1,-5.6,11.7,5.55555555555556
2009-12-26,-2.8,-6.7,3.3,-3.8938888888888874
2009-12-27,-6.1,-8.9,0.8,-5.4955555555555575
2009-12-28,-1.1,-9.4,0.0,-2.226388888888889
2009-12-29,-3.9,-12.2,0.0,-4.693055555555555
2009-12-30,-0.6,-7.8,1.8,-2.0175000000000014
2009-12-31,0.6,-11.7,0.5,-0.27166666666666905
2010-01-01,-7.8,-15.0,0.0,-9.43111111111111
2010-01-02,-11.1,-16.1,0.0,-12.13611111111111
2010-01-03,-7.2,-17.2,0.0,-9.352777777777776
2010-01-04,-7.2,-12.8,0.0,-8.696666666666667
2010-01-05,-5.0,-9.4,0.0,-6.373611111111111
2010-01-06,-5.0,-13.3,0.0,-6.295277777777777
2010-01-07,-6.1,-9.4,8.1,-7.240833333333332
2010-01-08,-2.2,-9.4,2.8,-3.802499999999998
2010-01-09,-4.4,-12.8,0.0,-6.4127777777777775
2010-01-10,-7.2,-17.8,0.0,-7.528611111111114
2010-01-11,-2.8,-8.3,0.0,-4.024444444444443
2010-01-12,-0.6,-6.7,0.0,-1.7013888888888888
2010-01-13,1.1,-7.8,0.0,0.01833333333333008
2010-01-14,5.0,-1.1,0.0,3.6008333333333318
2010-01-15,1.1,-3.9,0.0,2.524166666666664
2010-01-16,-2.2,-4.4,0.0,-1.4924999999999973
2010-01-17,1.7,-6.1,0.0,0.6483333333333342
2010-01-18,-0.6,-2.2,0.0,-1.4924999999999973
2010-01-19,3.3,-4.4,0.0,1.1080555555555567
2010-01-20,0.6,-1.7,1.0,-0.4413888888888905
2010-01-21,2.2,-1.1,3.8,0.7136111111111119
2010-01-22,1.7,0.6,0.0,0.8833333333333352
2010-01-23,7.8,1.1,0.0,5.108888888888888
2010-01-24,8.3,-0.6,10.2,7.865555555555556
2010-01-25,0.0,-7.2,0.8,1.5388888888888905
2010-01-26,-5.0,-10.6,0.0,-3.8938888888888874
2010-01-27,-4.4,-12.2,0.5,-6.794722222222222
2010-01-28,-7.8,-13.3,0.0,-5.586944444444445
2010-01-29,-6.1,-15.0,0.0,-8.263055555555557
2010-01-30,-3.9,-8.3,0.0,-6.451944444444446
2010-01-31,-1.1,-9.4,0.0,-3.1174999999999997
2010-02-01,-0.6,-8.3,0.0,-1.8972222222222217
2010-02-02,0.0,-3.9,1.8,-0.9930555555555564
2010-02-03,0.6,-5.0,0.0,-0.914722222222222
2010-02-04,1.1,-4.4,0.0,-0.4805555555555567
2010-02-05,1.7,-1.1,3.0,0.6744444444444437
2010-02-06,-1.1,-3.9,0.0,-0.23250000000000093
2010-02-07,-1.1,-5.6,0.0,-2.4352777777777788
2010-02-08,-1.7,-6.1,0.0,-2.960833333333333
2010-02-09,-2.2,-5.0,15.2,-2.960833333333333
2010-02-10,-2.8,-8.3,1.8,-2.949444444444445
2010-02-11,-0.6,-12.2,0.0,-2.46138888888889
2010-02-12,0.6,-10.0,0.0,-1.4108333333333316
2010-02-13,-0.6,-10.6,0.0,-2.513611111111113
2010-02-14,-0.6,-12.8,0.0,-2.01472222222222
2010-02-15,-1.7,-10.0,0.3,-2.934722222222222
2010-02-16,0.6,-3.3,0.0,-1.2672222222222216
2010-02-17,0.6,-2.2,0.0,-0.5458333333333343
2010-02-18,5.0,-2.8,0.0,3.248333333333334
2010-02-19,6.7,-6.1,0.0,5.415277777777779
2010-02-20,4.4,-1.1,0.0,3.5616666666666674
2010-02-21,2.8,0.0,10.9,2.0383333333333318
2010-02-22,0.6,-1.1,3.8,0.33166666666666345
2010-02-23,0.6,-5.6,0.0,-0.23250000000000093
2010-02-24,-1.1,-6.1,2.5,-3.3813888888888894
2010-02-25,-1.1,-6.7,0.0,-2.121388888888889
2010-02-26,0.6,-7.8,0.0,-0.702500000000001
2010-02-27,1.1,-2.2,0.3,0.0836111111111077
2010-02-28,3.3,0.6,0.0,2.367499999999999
2010-03-01,1.7,0.0,0.0,0.75277777777778
2010-03-02,0.6,-2.2,0.0,-0.4022222222222243
2010-03-03,5.0,-3.3,0.0,3.339722222222221
2010-03-04,6.7,-3.9,0.0,4.850555555555561
2010-03-05,3.9,-3.9,0.0,2.1977777777777754
2010-03-06,8.3,-5.0,0.0,7.264999999999999
2010-03-07,8.3,-0.6,3.6,6.805277777777777
2010-03-08,7.8,1.1,0.0,7.209999999999997
2010-03-09,10.6,-0.6,0.3,10.123888888888889
2010-03-10,17.8,8.9,2.5,16.792777777777772
2010-03-11,16.7,9.4,6.4,15.846666666666668
2010-03-12,12.2,5.6,1.3,14.061666666666667
2010-03-13,9.4,5.0,18.0,9.111944444444443
2010-03-14,9.4,4.4,0.3,8.169166666666667
2010-03-15,8.9,3.9,0.0,8.234444444444446
2010-03-16,15.6,2.2,0.0,14.616666666666667
2010-03-17,16.1,0.6,0.0,15.193888888888889
2010-03-18,16.7,3.3,0.0,16.11111111111111
2010-03-19,18.3,4.4,0.0,17.686666666666667
2010-03-20,4.4,0.0,10.4,13.787499999999998
2010-03-21,6.1,1.1,1.3,5.28138888888889
2010-03-22,10.0,2.2,0.0,8.328611111111112
2010-03-23,13.9,-0.6,0.0,12.384444444444442
2010-03-24,11.7,3.3,0.0,10.639166666666666
2010-03-25,8.3,-1.1,0.0,8.971666666666668
2010-03-26,4.4,-2.2,0.0,2.436111111111114
2010-03-27,11.1,1.1,0.3,9.653888888888886
2010-03-28,10.6,3.3,0.0,8.971666666666668
2010-03-29,7.8,0.6,0.0,6.279722222222222
2010-03-30,17.2,0.0,0.0,16.557777777777776
2010-03-31,25.0,10.6,0.0,24.708611111111118
2010-04-01,27.8,13.3,0.0,27.198133401617845
2010-04-02,27.2,15.6,0.0,26.45444444444444
2010-04-03,15.6,10.0,6.4,24.000277777777782
2010-04-04,23.3,7.8,31.0,22.923611111111104
2010-04-05,21.7,10.6,0.8,21.204444444444448
2010-04-06,25.6,8.9,0.0,24.930555555555557
2010-04-07,10.6,4.4,19.8,25.50833333333333
2010-04-08,4.4,1.7,0.3,5.108888888888888
2010-04-09,13.3,0.0,0.0,11.950833333333332
2010-04-10,23.9,6.1,0.0,22.832222222222214
2010-04-11,16.7,8.3,0.0,20.561388888888892
2010-04-12,21.7,7.8,0.0,20.600555555555566
2010-04-13,18.3,10.6,0.0,20.06249999999999
2010-04-14,28.3,9.4,0.0,26.754968918595594
2010-04-15,28.3,16.1,0.0,26.721373591057827
2010-04-16,21.1,6.7,1.3,25.273333333333326
2010-04-17,14.4,3.9,0.0,14.799444444444443
2010-04-18,10.6,3.3,0.0,10.022222222222219
2010-04-19,13.3,3.3,0.0,12.055277777777778
2010-04-20,15.6,5.0,0.0,14.916944444444445
2010-04-21,17.8,5.0,0.0,16.01972222222222
2010-04-22,15.6,4.4,1.0,14.391388888888887
2010-04-23,17.8,6.7,1.0,16.440277777777776
2010-04-24,17.2,11.7,8.9,16.02944444444445
2010-04-25,15.0,8.9,3.6,16.10777777777778
2010-04-26,16.1,7.8,0.0,15.42888888888889
2010-04-27,10.6,3.9,0.0,11.255555555555558
2010-04-28,17.2,1.7,0.0,15.889166666666666
2010-04-29,26.1,10.6,0.0,25.36472222222222
2010-04-30,27.8,17.2,23.6,27.23515810385777
2010-05-01,21.7,16.1,0.0,23.354444444444443
2010-05-02,20.0,12.2,10.2,19.168055555555554
2010-05-03,22.2,11.1,0.0,21.820833333333326
2010-05-04,26.7,11.7,0.0,25.785277777777782
2010-05-05,22.8,13.9,0.0,24.617222222222225
2010-05-06,15.6,8.9,2.8,19.89277777777777
2010-05-07,15.0,7.8,22.6,14.166111111111109
2010-05-08,10.0,5.0,0.8,12.51222222222222
2010-05-09,13.3,2.8,0.0,12.384444444444442
2010-05-10,14.4,6.1,0.5,13.591666666666669
2010-05-11,15.0,6.7,20.6,14.283611111111108
2010-05-12,11.7,7.8,3.8,10.844722222222222
2010-05-13,25.6,9.4,20.6,25.586666666666662
2010-05-14,19.4,9.4,0.0,21.635277777777777
2010-05-15,17.2,8.3,0.0,16.792777777777772
2010-05-16,18.9,7.8,0.0,17.895555555555557
2010-05-17,15.6,11.1,3.3,14.443611111111112
2010-05-18,16.7,9.4,0.0,15.585555555555556
2010-05-19,22.8,7.8,0.0,22.359444444444453
2010-05-20,22.2,10.6,2.5,21.452499999999997
2010-05-21,22.2,13.3,9.1,21.07055555555556
2010-05-22,22.2,14.4,0.0,22.17333333333332
2010-05-23,31.7,18.3,0.0,33.379843183571246
2010-05-24,32.8,22.8,0.0,34.7744635280245
2010-05-25,30.6,21.7,0.0,30.743255411111097
2010-05-26,29.4,20.6,0.0,29.65017504153784
2010-05-27,25.0,17.2,0.0,26.1638888888889
2010-05-28,24.4,15.0,0.0,24.196111111111108
2010-05-29,28.9,16.7,0.0,28.601447857571216
2010-05-30,32.8,17.8,0.5,31.576198403235576
2010-05-31,28.9,18.3,75.4,30.026780984595675
2010-06-01,28.9,18.3,0.0,29.083513312415594
2010-06-02,25.0,15.0,28.4,28.696246040435614
2010-06-03,21.7,14.4,0.0,20.783333333333342
2010-06-04,28.3,15.6,0.0,28.957169045315645
2010-06-05,26.1,15.6,5.6,26.24222222222223
2010-06-06,23.9,14.4,4.3,24.219444444444445
2010-06-07,20.6,13.3,0.0,19.6675
2010-06-08,19.4,15.0,10.4,17.856388888888894
2010-06-09,28.3,19.4,0.0,27.369093992871175
2010-06-10,23.9,15.6,0.0,26.493611111111115
2010-06-11,31.1,17.8,6.4,33.44940924444435
2010-06-12,25.0,16.7,7.1,32.25745578348452
2010-06-13,22.8,16.1,3.8,22.225555555555545
2010-06-14,22.2,16.1,0.0,21.831111111111106
2010-06-15,26.1,16.1,49.0,26.39888888888889
2010-06-16,28.9,18.3,0.0,28.246993170957833
2010-06-17,28.9,19.4,0.0,28.89326381961784
2010-06-18,32.8,18.9,21.8,34.73444154748442
2010-06-19,30.0,18.9,0.0,28.572364773137767
2010-06-20,26.7,19.4,0.0,27.557598236284473
2010-06-21,29.4,20.0,3.0,31.015885100115636
2010-06-22,30.0,21.1,0.0,31.648926787671186
2010-06-23,30.6,19.4,30.0,34.331803355555614
2010-06-24,27.2,18.3,0.0,26.637222222222224
2010-06-25,28.9,18.9,0.0,28.696246040435614
2010-06-26,31.1,20.0,19.6,32.15124504993779
2010-06-27,30.6,22.2,10.9,32.6347006444444
2010-06-28,27.8,18.3,0.0,29.543688464791305
2010-06-29,22.8,16.7,0.0,25.53444444444444
2010-06-30,24.4,13.9,0.0,23.014999999999997
2010-07-01,25.0,14.4,0.0,23.59277777777777
2010-07-02,28.3,16.7,0.0,27.318101132851165
2010-07-03,30.6,17.8,0.0,29.167844777777734
2010-07-04,33.3,22.2,0.3,33.89808742945776
2010-07-05,32.8,26.1,0.0,32.56727818179556
2010-07-06,32.8,23.9,1.5,34.7744635280245
2010-07-07,34.4,22.2,2.5,35.889603247484416
2010-07-08,31.1,23.3,3.6,31.617318406151192
2010-07-09,30.6,22.8,0.0,29.167844777777734
2010-07-10,31.7,20.6,1.3,30.480205070851152
2010-07-11,29.4,19.4,20.6,28.78069813099559
2010-07-12,28.9,18.3,0.0,28.696246040435614
2010-07-13,28.9,21.7,3.3,28.89326381961784
2010-07-14,32.8,22.2,0.0,35.781684200924495
2010-07-15,33.3,22.8,0.0,38.18538774865792
2010-07-16,32.2,20.0,0.0,31.725273249617764
2010-07-17,33.3,21.7,0.0,33.356838967857776
2010-07-18,33.3,23.3,3.8,36.67203977659556
2010-07-19,28.9,22.2,0.0,32.15124504993779
2010-07-20,29.4,20.6,0.0,30.915363245315625
2010-07-21,32.2,22.8,0.0,31.887677555555513
2010-07-22,32.2,22.2,13.0,37.267713707404496
2010-07-23,35.0,21.7,41.1,39.64739735793769
2010-07-24,30.6,20.6,121.2,32.53139821281776
2010-07-25,27.2,20.6,4.1,31.258456716495616
2010-07-26,28.9,17.8,0.0,28.59431378340449
2010-07-27,31.7,21.7,0.0,33.6296077330646
2010-07-28,32.8,25.0,1.0,35.781684200924495
2010-07-29,27.2,20.6,0.0,30.967434366904588
2010-07-30,26.1,21.7,0.0,26.08555555555556
2010-07-31,25.6,18.3,16.5,25.113333333333337
2010-08-01,28.9,18.9,0.0,29.300882540051173
2010-08-02,28.9,21.1,5.1,29.543688464791305
2010-08-03,30.6,18.3,43.7,33.44940924444435
2010-08-04,27.2,21.7,10.4,33.21375493548445
2010-08-05,28.9,20.6,0.0,29.898529149217854
2010-08-06,27.8,17.8,0.0,27.49281419379563
2010-08-07,28.9,18.9,0.0,29.31698503179564
2010-08-08,30.6,21.7,1.0,32.930913029315576
2010-08-09,32.2,23.9,0.0,33.78802762316448
2010-08-10,31.1,25.0,0.0,34.80727677236455
2010-08-11,32.8,25.0,0.0,33.820934725784504
2010-08-12,32.2,23.9,0.0,34.7744635280245
2010-08-13,33.9,22.2,15.2,35.09003579559113
2010-08-14,31.1,22.2,0.0,34.7744635280245
2010-08-15,28.9,20.0,0.0,32.25272841111113
2010-08-16,26.7,17.8,0.0,26.637222222222224
2010-08-17,25.6,18.3,0.5,25.495277777777776
2010-08-18,28.3,17.8,0.8,27.987237679591207
2010-08-19,31.1,20.6,0.0,31.617318406151192
2010-08-20,33.9,23.9,0.0,35.616047560835526
2010-08-21,30.0,21.7,9.9,31.539548077777795
2010-08-22,26.7,20.6,0.0,28.292644831457842
2010-08-23,25.6,19.4,0.0,25.638888888888893
2010-08-24,27.2,20.0,1.3,27.676087608817763
2010-08-25,26.1,17.2,0.0,25.638888888888893
2010-08-26,25.6,16.7,0.0,24.786944444444444
2010-08-27,28.3,16.1,0.0,27.932119356095637
2010-08-28,30.6,18.3,0.0,29.171102530595565
2010-08-29,33.9,22.2,0.0,34.97482682251561
2010-08-30,31.1,22.8,0.0,32.56727818179556
2010-08-31,33.9,23.9,0.0,34.492084111084516
2010-09-01,26.7,21.7,3.3,32.56900581695783
2010-09-02,28.3,18.9,22.1,29.697203661351164
2010-09-03,22.2,13.9,0.0,28.499177144657796
2010-09-04,20.0,11.1,0.0,18.86777777777778
2010-09-05,25.0,11.1,0.0,24.130833333333335
2010-09-06,28.9,20.0,0.0,27.368370834995595
2010-09-07,26.1,15.6,0.0,27.224983142015567
2010-09-08,21.7,11.7,0.0,21.820833333333326
2010-09-09,20.0,11.7,0.0,19.6675
2010-09-10,22.2,15.0,0.0,21.452499999999997
2010-09-11,23.9,15.0,2.5,23.82777777777777
2010-09-12,28.3,11.7,0.0,27.318101132851165
2010-09-13,27.8,16.1,0.0,26.672469195537772
2010-09-14,25.0,14.4,0.0,23.527499999999993
2010-09-15,23.9,16.1,1.0,23.775555555555552
2010-09-16,21.1,13.3,0.0,23.749444444444443
2010-09-17,23.3,10.6,0.0,23.028055555555557
2010-09-18,18.9,15.6,4.1,22.503055555555562
2010-09-19,20.0,13.3,0.3,19.063611111111115
2010-09-20,25.0,16.7,0.0,24.57472222222222
2010-09-21,31.7,19.4,3.8,32.023305295084555
2010-09-22,23.9,17.8,0.0,25.021944444444447
2010-09-23,32.2,18.9,0.0,32.023305295084555
2010-09-24,26.1,14.4,3.8,29.02254748851555
2010-09-25,15.6,11.1,0.3,18.525555555555556
2010-09-26,15.6,11.1,1.3,14.469722222222224
2010-09-27,17.2,9.4,0.0,15.690000000000005
2010-09-28,21.1,7.8,0.0,20.101666666666663
2010-09-29,24.4,10.0,0.0,23.54055555555555
2010-09-30,23.9,11.7,0.0,22.962777777777777
2010-10-01,23.3,9.4,1.0,21.7686111111111
2010-10-02,12.8,7.8,5.3,20.127777777777773
2010-10-03,13.9,6.1,0.0,12.081388888888888
2010-10-04,15.0,5.0,0.0,14.378333333333334
2010-10-05,18.9,4.4,0.0,18.23833333333333
2010-10-06,25.6,7.2,0.0,24.695555555555554
2010-10-07,24.4,9.4,0.0,23.37083333333333
2010-10-08,26.1,9.4,0.0,25.65472222222223
2010-10-09,30.6,13.3,0.0,28.75228311111112
2010-10-10,29.4,15.0,0.0,27.318101132851165
2010-10-11,27.2,13.9,0.0,26.717046959235613
2010-10-12,24.4,12.2,0.0,23.71027777777777
2010-10-13,17.2,8.9,5.1,17.696944444444444
2010-10-14,18.9,6.1,0.0,17.55611111111111
2010-10-15,16.7,8.3,0.0,15.928333333333333
2010-10-16,21.7,6.7,0.0,20.54833333333334
2010-10-17,17.8,8.9,0.0,18.303611111111113
2010-10-18,15.6,7.2,0.0,13.891944444444443
2010-10-19,16.1,4.4,0.0,14.851666666666667
2010-10-20,21.1,7.8,0.0,20.470000000000002
2010-10-21,13.3,5.0,0.0,17.621388888888887
2010-10-22,18.3,2.8,0.0,16.978888888888893
2010-10-23,19.4,12.2,5.8,18.551666666666666
2010-10-24,22.8,13.9,27.9,22.003611111111102
2010-10-25,22.2,13.9,0.0,21.58305555555556
2010-10-26,21.7,12.2,11.2,21.70055555555556
2010-10-27,18.3,6.1,0.0,17.516944444444448
2010-10-28,7.8,3.9,0.0,11.99
2010-10-29,10.0,0.6,0.0,8.406944444444443
2010-10-30,17.2,5.0,0.0,16.032777777777774
2010-10-31,11.1,3.9,0.0,11.581944444444446
2010-11-01,11.7,4.4,0.0,10.769722222222226
2010-11-02,11.1,2.8,0.0,10.244166666666665
2010-11-03,11.7,1.7,0.3,10.965555555555556
2010-11-04,10.0,4.4,0.8,9.180555555555559
2010-11-05,5.0,-0.6,0.0,6.370000000000001
2010-11-06,7.8,-3.3,0.0,5.9794444444444474
2010-11-07,15.6,2.2,0.0,14.195555555555554
2010-11-08,20.0,5.0,0.0,18.75027777777778
2010-11-09,20.6,7.8,0.0,19.510833333333338
2010-11-10,21.1,7.2,0.0,20.06249999999999
2010-11-11,21.1,10.0,0.3,19.70666666666667
2010-11-12,15.0,10.0,0.0,16.91027777777777
2010-11-13,15.0,4.4,1.3,13.761388888888888
2010-11-14,9.4,3.3,1.8,7.973333333333335
2010-11-15,10.6,2.2,0.5,9.836666666666668
2010-11-16,8.9,1.1,0.0,8.66805555555556
2010-11-17,8.3,2.2,0.0,7.1447222222222235
2010-11-18,5.0,-0.6,0.0,6.133333333333336
2010-11-19,10.6,-1.1,0.0,9.784444444444441
2010-11-20,7.2,1.1,0.0,6.974999999999996
2010-11-21,16.1,5.6,0.0,13.037222222222221
2010-11-22,19.4,4.4,33.0,19.311666666666664
2010-11-23,4.4,-2.8,0.0,16.948333333333334
2010-11-24,4.4,-2.8,8.9,0.38388888888888634
2010-11-25,5.0,-5.6,0.3,3.953333333333333
2010-11-26,0.6,-7.2,0.0,-0.702500000000001
2010-11-27,1.7,-5.6,0.0,-0.16444444444444806
2010-11-28,7.8,-4.4,0.0,6.279722222222222
2010-11-29,10.0,2.8,15.5,9.389444444444443
2010-11-30,10.0,-3.3,0.8,9.741944444444444
2010-12-01,-3.3,-5.6,0.0,-2.817222222222221
2010-12-02,0.6,-4.4,0.0,-0.7547222222222238
2010-12-03,0.0,-7.2,0.0,-1.2672222222222216
2010-12-04,0.6,-3.9,8.1,0.1222222222222216
2010-12-05,-2.8,-11.1,0.0,-0.8233333333333329
2010-12-06,-6.7,-11.7,0.0,-7.003611111111109
2010-12-07,-6.1,-11.1,0.0,-7.698333333333334
2010-12-08,-3.3,-11.7,0.0,-5.414444444444442
2010-12-09,-1.7,-11.1,1.8,-5.283888888888886
2010-12-10,3.3,-3.3,0.0,1.8424999999999987
2010-12-11,3.3,-3.9,13.2,2.168888888888887
2010-12-12,0.0,-10.6,4.3,2.2733333333333325
2010-12-13,-8.3,-12.8,0.0,-7.489444444444445
2010-12-14,-5.6,-13.9,0.0,-7.672222222222223
2010-12-15,-4.4,-15.0,0.0,-6.056944444444446
2010-12-16,-1.7,-6.1,1.0,-3.459722222222224
2010-12-17,-5.6,-10.6,0.0,-4.719166666666664
2010-12-18,-6.7,-11.7,0.0,-8.761944444444445
2010-12-19,-6.1,-11.7,0.0,-7.606944444444445
2010-12-20,-3.3,-12.2,5.3,-4.549444444444442
2010-12-21,0.0,-3.9,0.0,-1.4011111111111103
2010-12-22,2.2,-7.2,0.0,0.6744444444444437
2010-12-23,-0.6,-6.7,0.0,0.6744444444444437
2010-12-24,0.0,-2.2,3.8,-0.8624999999999992
2010-12-25,0.0,-2.8,1.3,-1.0713888888888887
2010-12-26,0.0,-5.6,2.0,-0.9538888888888882
2010-12-27,-5.0,-10.0,0.0,-3.303055555555557
2010-12-28,-2.2,-10.0,0.0,-3.4205555555555573
2010-12-29,2.8,-7.8,1.3,1.2908333333333348
2010-12-30,8.9,2.8,0.0,7.735000000000001
2010-12-31,13.3,7.8,29.2,12.62972222222222
2011-01-01,7.8,-9.4,0.0,13.08944444444444
2011-01-02,-3.9,-10.6,0.0,-5.492777777777777
2011-01-03,2.2,-5.6,0.0,0.9383333333333334
2011-01-04,0.0,-10.0,0.0,-0.08611111111111372
2011-01-05,0.0,-11.7,0.0,-1.8449999999999989
2011-01-06,-1.1,-7.2,0.0,-1.0713888888888887
2011-01-07,-5.0,-10.6,0.8,-6.056944444444446
2011-01-08,-4.4,-12.2,0.0,-5.939444444444446
2011-01-09,-0.6,-11.7,0.0,-2.6180555555555567
2011-01-10,0.0,-7.2,0.0,-1.4108333333333316
2011-01-11,-2.8,-5.0,5.8,-3.0261111111111108
2011-01-12,-1.7,-5.6,0.0,-3.4205555555555573
2011-01-13,-3.9,-8.9,0.0,-4.050555555555554
2011-01-14,-2.8,-8.3,0.0,-4.128888888888886
2011-01-15,-2.8,-7.8,0.0,-3.9722222222222214
2011-01-16,-4.4,-12.2,0.0,-6.295277777777777
2011-01-17,1.7,-7.2,5.3,0.16194444444444006
2011-01-18,1.7,-4.4,1.8,0.9616666666666676
2011-01-19,-3.3,-7.8,0.0,-4.957499999999999
2011-01-20,-5.6,-13.9,0.0,-7.1341666666666645
2011-01-21,-11.7,-18.3,0.0,-10.442500000000003
2011-01-22,-7.2,-13.9,0.5,-8.761944444444445
2011-01-23,-6.1,-13.9,0.5,-7.881111111111114
2011-01-24,-1.7,-8.9,0.3,-2.6474999999999995
2011-01-25,-0.6,-5.6,0.0,-1.6622222222222207
2011-01-26,-1.7,-7.2,0.0,-2.1480555555555565
2011-01-27,-3.3,-7.8,1.0,-4.379722222222221
2011-01-28,0.0,-7.8,0.0,-1.2149999999999987
2011-01-29,1.7,-2.8,0.0,0.6483333333333342
2011-01-30,0.0,-2.8,0.3,-0.4805555555555567
2011-01-31,-2.8,-6.7,1.8,-2.895555555555555
2011-02-01,-4.4,-6.7,24.1,-5.665277777777779
2011-02-02,-3.9,-12.2,11.4,-5.808888888888891
2011-02-03,-8.3,-18.9,0.0,-7.633055555555558
2011-02-04,-2.8,-13.9,0.0,-4.3377777777777755
2011-02-05,-1.7,-11.7,0.0,-3.0913888888888903
2011-02-06,0.0,-3.9,2.3,-0.914722222222222
2011-02-07,0.0,-5.0,3.8,-0.9538888888888882
2011-02-08,-4.4,-16.1,0.0,-4.379722222222221
2011-02-09,-10.6,-17.2,0.0,-12.475555555555552
2011-02-10,-9.4,-21.1,0.0,-11.085
2011-02-11,-1.1,-12.2,0.3,-5.388333333333332
2011-02-12,3.3,-3.3,0.0,1.1733333333333344
2011-02-13,9.4,1.1,0.0,7.973333333333335
2011-02-14,6.7,-1.7,0.0,6.227500000000003
2011-02-15,4.4,-2.8,0.8,3.1569444444444468
2011-02-16,11.1,2.8,0.0,9.914999999999997
2011-02-17,14.4,10.0,0.0,14.126944444444444
2011-02-18,12.2,1.7,0.0,13.66777777777778
2011-02-19,2.2,-2.2,0.0,5.02027777777778
2011-02-20,2.8,-1.7,21.1,2.0774999999999957
2011-02-21,1.7,-3.3,0.8,0.9616666666666676
2011-02-22,-2.8,-4.4,1.0,-2.738888888888889
2011-02-23,1.1,-4.4,2.3,0.12277777777777585
2011-02-24,3.3,0.6,0.0,2.3022222222222215
2011-02-25,2.8,-1.1,1.3,0.9905555555555563
2011-02-26,1.1,-2.8,3.6,-1.0322222222222206
2011-02-27,3.3,-2.8,13.7,2.328333333333335
2011-02-28,3.3,-3.3,1.5,2.1455555555555526
2011-03-01,7.2,-3.9,0.0,5.819999999999999
2011-03-02,3.3,-3.3,0.0,5.819999999999999
2011-03-03,7.8,-2.8,0.0,6.110000000000003
2011-03-04,15.0,2.2,21.3,14.613333333333335
2011-03-05,2.2,-2.8,4.6,6.513611111111111
2011-03-06,1.1,-2.8,0.0,-1.0322222222222206
2011-03-07,1.7,-3.9,0.0,0.16194444444444006
2011-03-08,7.2,0.0,0.3,6.345000000000003
2011-03-09,8.9,1.7,11.4,8.495555555555557
2011-03-10,2.8,-1.1,0.3,5.108888888888888
2011-03-11,8.9,-2.2,0.0,7.251944444444444
2011-03-12,7.2,-1.7,0.0,6.475555555555559
2011-03-13,6.1,-3.9,0.0,3.391944444444448
2011-03-14,5.6,-1.7,0.0,4.651944444444444
2011-03-15,3.9,0.6,0.0,2.9322222222222254
2011-03-16,16.7,0.6,0.0,15.468055555555557
2011-03-17,20.0,8.3,0.0,19.82416666666667
2011-03-18,13.3,3.9,0.0,19.259444444444444
2011-03-19,9.4,1.7,0.0,8.077777777777781
2011-03-20,16.1,5.0,7.1,9.389444444444443
2011-03-21,15.6,5.6,4.3,14.913611111111107
2011-03-22,6.7,3.9,5.1,6.5800000000000045
2011-03-23,8.3,-1.1,4.3,7.288333333333333
2011-03-24,1.7,-2.8,0.3,0.9616666666666676
2011-03-25,2.2,-3.3,0.0,-0.1383333333333366
2011-03-26,0.6,-3.3,0.0,-0.702500000000001
2011-03-27,1.7,-2.8,0.0,-0.21666666666667092
2011-03-28,2.2,-4.4,0.0,0.36111111111111427
2011-03-29,5.0,-2.2,0.0,3.6825000000000014
2011-03-30,7.8,-0.6,0.0,6.005555555555556
2011-03-31,7.8,-3.3,0.0,5.624166666666671
2011-04-01,7.8,-0.6,4.3,6.162222222222222
2011-04-02,12.2,2.8,0.0,10.769722222222226
2011-04-03,25.0,5.0,0.8,24.248333333333335
2011-04-04,20.6,4.4,4.1,24.27444444444445
2011-04-05,11.1,1.7,0.0,9.627777777777776
2011-04-06,14.4,5.6,0.0,13.236388888888891
2011-04-07,7.8,3.9,7.9,7.591388888888888
2011-04-08,8.3,6.1,17.3,7.4711111111111075
2011-04-09,18.9,7.8,0.0,16.91027777777777
2011-04-10,28.9,18.3,2.0,29.10017681673787
2011-04-11,21.1,7.8,0.0,28.030491895751087
2011-04-12,14.4,5.0,0.0,13.340833333333338
2011-04-13,18.9,3.3,0.0,17.608333333333334
2011-04-14,12.2,6.1,0.0,15.324444444444445
2011-04-15,12.2,4.4,7.6,10.991666666666667
2011-04-16,10.6,2.2,3.3,10.319722222222222
2011-04-17,11.1,1.1,2.5,9.232777777777777
2011-04-18,6.1,0.6,11.4,8.602777777777778
2011-04-19,5.0,2.2,23.9,3.376111111111114
2011-04-20,6.7,2.2,0.0,5.346666666666672
2011-04-21,9.4,0.6,0.5,8.13
2011-04-22,13.9,5.0,19.8,7.917777777777776
2011-04-23,18.3,9.4,0.0,17.72583333333333
2011-04-24,13.9,7.8,0.0,13.878888888888888
2011-04-25,12.8,7.2,11.9,11.843055555555557
2011-04-26,20.0,10.0,18.8,18.76055555555556
2011-04-27,12.8,6.7,8.4,15.768333333333338
2011-04-28,8.3,5.0,1.0,11.318055555555556
2011-04-29,16.1,2.8,0.0,15.389722222222227
2011-04-30,22.8,9.4,0.0,21.899166666666662
2011-05-01,17.8,11.1,0.0,21.41333333333334
2011-05-02,15.6,6.1,0.0,14.117222222222223
2011-05-03,10.6,3.3,0.0,9.180555555555559
2011-05-04,13.9,2.8,0.0,13.00138888888889
2011-05-05,16.7,5.0,2.5,15.637777777777778
2011-05-06,20.6,7.2,0.0,18.828611111111115
2011-05-07,15.6,7.8,0.0,18.251388888888883
2011-05-08,20.0,6.7,0.0,19.063611111111115
2011-05-09,23.3,10.6,0.0,23.054166666666667
2011-05-10,32.8,17.8,0.0,34.59215684108437
2011-05-11,31.1,19.4,17.3,33.356838967857776
2011-05-12,30.6,17.2,1.3,30.680156280497766
2011-05-13,25.0,8.3,0.3,28.741592507075584
2011-05-14,10.6,7.8,10.7,12.51222222222222
2011-05-15,8.9,5.6,11.4,8.586944444444448
2011-05-16,11.7,4.4,0.0,9.810555555555554
2011-05-17,15.6,4.4,0.0,14.32611111111111
2011-05-18,16.1,10.0,0.5,15.87277777777778
2011-05-19,22.8,10.0,0.0,21.58305555555556
2011-05-20,22.2,10.0,0.0,21.58305555555556
2011-05-21,24.4,10.6,0.0,24.45722222222222
2011-05-22,31.1,18.3,0.3,31.846529894604444
2011-05-23,26.7,18.3,0.0,26.0463888888889
2011-05-24,20.6,8.9,0.0,24.904444444444447
2011-05-25,23.9,8.9,58.4,23.354444444444443
2011-05-26,10.0,6.1,14.7,11.960555555555556
2011-05-27,14.4,5.6,0.0,13.366944444444448
2011-05-28,17.8,11.1,5.6,17.106111111111108
2011-05-29,22.2,13.9,12.2,20.715277777777775
2011-05-30,32.2,18.3,0.0,34.28580817393564
2011-05-31,31.1,21.1,0.0,31.539548077777795
2011-06-01,27.8,17.2,0.0,28.33768810961774
2011-06-02,20.6,13.9,0.0,26.629206586524436
2011-06-03,31.1,13.9,0.3,31.846529894604444
2011-06-04,32.8,19.4,11.7,35.616047560835526
2011-06-05,28.9,17.2,0.0,27.987237679591207
2011-06-06,34.4,16.7,0.0,35.25822549561561
2011-06-07,36.1,25.0,0.0,36.558321442275684
2011-06-08,35.6,19.4,16.5,35.108367144444465
2011-06-09,20.6,11.1,65.5,32.86198896473778
2011-06-10,21.7,10.6,13.7,21.175000000000004
2011-06-11,18.3,11.7,1.0,17.106111111111108
2011-06-12,17.8,10.6,0.0,16.740555555555552
2011-06-13,22.2,13.3,0.0,21.308888888888887
2011-06-14,25.0,14.4,0.0,24.826111111111118
2011-06-15,22.2,13.9,23.1,21.899166666666662
2011-06-16,27.2,16.7,1.3,27.35456218899553
2011-06-17,27.8,17.8,0.0,28.39887615283563
2011-06-18,28.3,17.2,0.0,28.957169045315645
2011-06-19,28.3,18.3,0.0,29.15886103361784
2011-06-20,26.7,20.6,43.2,29.15886103361784
2011-06-21,31.7,20.6,3.8,35.286900788051064
2011-06-22,23.9,18.9,0.3,32.25745578348452
2011-06-23,22.2,17.2,1.5,22.17333333333332
2011-06-24,20.0,15.6,0.0,19.285555555555554
2011-06-25,25.6,16.1,0.0,24.826111111111118
2011-06-26,26.7,17.8,0.0,25.94194444444445
2011-06-27,26.7,17.8,3.6,27.71250268391774
2011-06-28,27.2,18.3,0.0,27.835943809757786
2011-06-29,26.7,17.2,0.0,26.02027777777778
2011-06-30,31.7,18.9,2.8,32.023305295084555
2011-07-01,31.7,21.1,0.5,31.617318406151192
2011-07-02,33.9,22.8,0.0,39.567818893064526
2011-07-03,30.0,21.1,0.0,29.47601872620456
2011-07-04,31.1,20.0,0.0,29.414604370115587
2011-07-05,33.3,19.4,0.0,32.35669658323555
2011-07-06,30.6,21.7,0.0,31.043001335615575
2011-07-07,27.8,18.9,2.0,26.493611111111115
2011-07-08,30.0,18.3,0.0,28.27729071411561
2011-07-09,32.2,19.4,0.0,32.21115006887111
2011-07-10,32.8,23.9,0.0,33.57033428108443
2011-07-11,32.2,21.1,8.1,33.820934725784504
2011-07-12,31.1,21.7,0.3,33.34978949943118
2011-07-13,23.3,18.9,0.0,25.638888888888893
2011-07-14,27.8,18.3,0.0,27.065915636284476
2011-07-15,30.0,21.7,0.0,29.56310813900446
2011-07-16,32.2,23.3,0.0,32.04274908243562
2011-07-17,35.0,23.3,0.0,38.49010247777784
2011-07-18,33.9,27.2,0.0,37.05415802092446
2011-07-19,33.9,26.7,0.0,38.33124403731548
2011-07-20,37.8,25.0,0.0,42.63741197588451
2011-07-21,38.3,27.8,0.0,44.002183921571266
2011-07-22,32.2,21.7,20.3,38.85491958937559
2011-07-23,30.6,21.1,58.7,35.24517878083567
2011-07-24,30.6,22.2,9.1,31.887677555555513
2011-07-25,30.0,22.8,0.0,31.229195675431228
2011-07-26,29.4,22.2,0.0,30.026780984595675
2011-07-27,33.3,22.2,11.9,37.67863462375107
2011-07-28,31.1,23.3,19.6,36.67203977659556
2011-07-29,30.0,23.3,7.6,31.887677555555513
2011-07-30,32.8,20.0,0.0,34.3537671678578
2011-07-31,32.8,22.8,0.0,34.59215684108437
2011-08-01,32.8,24.4,0.0,34.7744635280245
2011-08-02,34.4,23.3,19.1,39.567818893064526
2011-08-03,30.6,22.8,0.0,37.235683568124536
2011-08-04,27.8,20.6,0.0,28.751274357351114
2011-08-05,28.9,21.1,0.0,29.66075088801562
2011-08-06,29.4,22.8,22.1,31.326208967884572
2011-08-07,30.6,21.1,14.2,32.6347006444444
2011-08-08,26.7,20.6,7.4,27.835943809757786
2011-08-09,27.8,18.9,0.0,27.835943809757786
2011-08-10,25.6,16.7,0.0,24.930555555555557
2011-08-11,27.2,15.6,0.0,26.57194444444444
2011-08-12,27.8,18.3,0.0,27.35456218899553
2011-08-13,28.9,18.9,9.9,29.65017504153784
2011-08-14,23.9,16.7,0.3,23.302222222222216
2011-08-15,26.7,15.0,0.0,26.611111111111114
2011-08-16,28.3,17.2,0.0,27.49281419379563
2011-08-17,28.3,18.3,0.0,29.31698503179564
2011-08-18,29.4,21.7,0.0,28.601447857571216
2011-08-19,30.0,19.4,0.0,31.04908144444437
2011-08-20,26.1,20.0,10.4,29.65017504153784
2011-08-21,27.2,18.9,0.0,25.981111111111122
2011-08-22,27.8,16.1,0.0,27.416236963591118
2011-08-23,23.3,18.9,13.0,24.405
2011-08-24,33.3,21.1,0.0,39.011986261617736
2011-08-25,26.7,18.3,0.0,30.680156280497766
2011-08-26,28.3,16.1,0.0,27.543531976835535
2011-08-27,28.3,19.4,0.0,28.751274357351114
2011-08-28,25.0,16.1,0.0,24.248333333333335
2011-08-29,25.6,16.1,0.0,24.956666666666663
2011-08-30,26.1,17.8,1.3,25.50833333333333
2011-08-31,31.7,18.3,2.5,33.19595416537561
2011-09-01,35.0,23.3,0.0,38.9300934206755
2011-09-02,34.4,26.1,0.0,37.84634757387565
2011-09-03,30.6,21.7,13.0,34.7744635280245
2011-09-04,23.3,15.6,0.0,23.641666666666666
2011-09-05,19.4,11.7,0.0,19.680555555555557
2011-09-06,18.9,13.9,0.0,18.525555555555556
2011-09-07,21.1,14.4,0.0,20.245277777777773
2011-09-08,23.3,16.7,3.6,22.54222222222223
2011-09-09,22.2,17.8,1.5,21.765833333333333
2011-09-10,24.4,14.4,0.0,23.879999999999995
2011-09-11,28.3,15.6,0.0,27.932119356095637
2011-09-12,30.0,17.8,0.0,29.36368185555555
2011-09-13,24.4,14.4,0.0,27.416236963591118
2011-09-14,15.6,8.9,1.3,18.15666666666667
2011-09-15,15.6,6.7,0.0,13.748333333333333
2011-09-16,15.0,8.9,0.0,14.313055555555556
2011-09-17,20.6,11.1,0.0,19.602222222222217
2011-09-18,18.9,13.3,10.2,17.501111111111115
2011-09-19,20.0,13.3,9.7,19.915555555555557
2011-09-20,23.9,11.7,0.0,23.59277777777777
2011-09-21,22.2,13.9,0.0,21.977499999999992
2011-09-22,17.2,11.7,0.0,19.01138888888889
2011-09-23,16.7,8.9,0.8,15.663888888888891
2011-09-24,17.2,10.6,1.3,16.37222222222222
2011-09-25,18.3,11.7,3.0,17.605555555555558
2011-09-26,17.2,11.7,34.3,16.32
2011-09-27,17.2,12.2,8.9,16.4375
2011-09-28,17.8,11.7,3.8,16.58111111111111
2011-09-29,18.9,10.6,2.5,18.434166666666666
2011-09-30,14.4,8.3,5.1,16.189444444444444
2011-10-01,13.3,6.7,0.0,12.185833333333333
2011-10-02,18.3,5.0,0.0,17.174722222222226
2011-10-03,21.1,7.2,0.0,20.718055555555566
2011-10-04,23.3,7.8,0.0,22.450833333333343
2011-10-05,26.7,11.1,0.0,25.85055555555556
2011-10-06,27.2,13.3,0.0,26.53277777777778
2011-10-07,28.9,15.0,0.0,27.908959375464487
2011-10-08,27.8,16.1,0.0,27.198133401617845
2011-10-09,26.7,13.3,0.0,25.87666666666667
2011-10-10,25.0,14.4,0.0,24.747777777777774
2011-10-11,25.6,14.4,0.0,24.839166666666664
2011-10-12,25.0,13.9,0.0,24.209166666666672
2011-10-13,17.8,11.1,12.7,21.41333333333334
2011-10-14,16.1,9.4,0.0,15.047499999999998
2011-10-15,16.1,8.3,0.0,15.42888888888889
2011-10-16,15.6,7.8,2.5,14.877777777777778
2011-10-17,13.9,4.4,0.0,12.554166666666665
2011-10-18,12.2,4.4,0.5,11.174444444444447
2011-10-19,9.4,6.1,21.8,9.493888888888888
2011-10-20,8.3,5.6,2.8,7.865555555555556
2011-10-21,12.8,2.8,0.0,11.451388888888893
2011-10-22,18.9,2.8,0.0,17.765
2011-10-23,20.0,5.0,6.4,18.880833333333335
2011-10-24,17.8,7.2,1.5,16.68833333333333
2011-10-25,23.3,9.4,1.8,22.46388888888889
2011-10-26,12.2,7.8,0.0,21.321944444444448
2011-10-27,10.6,3.3,3.8,9.258888888888887
2011-10-28,12.8,2.2,0.0,11.294722222222223
2011-10-29,12.8,2.2,0.0,10.730555555555554
2011-10-30,13.9,2.2,3.0,12.54111111111111
2011-10-31,11.7,3.9,0.0,10.874166666666667
2011-11-01,18.9,3.9,0.0,17.830277777777773
2011-11-02,18.9,8.9,0.0,17.804166666666667
2011-11-03,8.9,7.8,8.4,15.637777777777778
2011-11-04,10.6,5.0,0.0,9.232777777777777
2011-11-05,14.4,3.3,0.0,13.656944444444441
2011-11-06,15.0,8.3,0.0,13.931111111111111
2011-11-07,14.4,10.6,5.8,13.891944444444443
2011-11-08,13.9,8.3,34.8,13.20694444444444
2011-11-09,16.7,2.2,7.6,15.031111111111109
2011-11-10,5.0,0.0,0.5,3.6400000000000037
2011-11-11,7.2,-1.1,0.0,6.253611111111113
2011-11-12,15.6,2.8,0.0,14.929999999999998
2011-11-13,21.7,8.3,0.0,21.321944444444448
2011-11-14,11.1,5.0,0.3,16.466388888888886
2011-11-15,17.8,2.8,0.0,16.61
2011-11-16,7.8,0.0,0.0,13.432222222222224
2011-11-17,2.2,-3.3,0.0,1.8974999999999969
2011-11-18,10.6,-1.7,0.0,9.510277777777777
2011-11-19,15.0,6.1,0.0,11.699444444444444
2011-11-20,13.3,4.4,0.0,14.166111111111109
2011-11-21,7.8,4.4,0.0,7.105555555555551
2011-11-22,7.2,4.4,10.9,6.5800000000000045
2011-11-23,10.0,1.1,0.0,8.628888888888888
2011-11-24,7.8,4.4,0.0,7.288333333333333
2011-11-25,14.4,4.4,0.0,13.458333333333337
2011-11-26,14.4,7.2,22.4,13.797777777777776
2011-11-27,7.2,1.7,2.0,14.283611111111108
2011-11-28,5.0,1.1,0.0,3.6400000000000037
2011-11-29,6.7,-0.6,0.0,5.846111111111113
2011-11-30,6.7,-3.9,0.0,4.785277777777779
2011-12-01,8.3,-1.1,0.0,6.831388888888886
2011-12-02,5.6,0.6,0.3,4.678055555555558
2011-12-03,10.6,2.2,4.6,9.350277777777778
2011-12-04,11.7,1.7,2.5,10.805555555555552
2011-12-05,4.4,1.7,0.5,3.7705555555555588
2011-12-06,3.3,-2.2,0.0,3.5616666666666674
2011-12-07,1.7,-3.9,0.0,-0.29500000000000326
2011-12-08,2.2,-4.4,0.0,1.0427777777777791
2011-12-09,0.0,-8.3,0.5,0.01833333333333008
2011-12-10,-3.3,-11.1,0.0,-5.518888888888887
2011-12-11,6.7,-3.9,0.0,4.625833333333331
2011-12-12,8.3,-2.2,0.0,6.17527777777778
2011-12-13,6.7,3.9,1.3,6.015833333333337
2011-12-14,13.3,5.0,34.3,10.949166666666663
2011-12-15,13.9,0.0,0.3,13.758611111111113
2011-12-16,1.7,-3.3,0.0,1.1080555555555567
2011-12-17,0.6,-2.2,1.0,-0.914722222222222
2011-12-18,7.2,-3.3,0.0,5.242222222222226
2011-12-19,10.6,3.9,0.0,9.350277777777778
2011-12-20,4.4,2.8,0.5,5.242222222222226
2011-12-21,6.7,3.9,0.0,5.069722222222223
2011-12-22,5.0,0.0,1.3,3.731388888888891
2011-12-23,1.1,-5.0,0.0,1.4997222222222224
2011-12-24,3.9,-5.0,0.0,2.263055555555553
2011-12-25,7.8,-1.7,0.0,6.17527777777778
2011-12-26,7.2,-3.3,1.3,5.728611111111112
2011-12-27,4.4,-2.8,5.3,3.6008333333333318
2011-12-28,0.0,-6.1,0.0,1.7641666666666664
2011-12-29,9.4,0.0,0.0,8.103888888888891
2011-12-30,7.8,1.7,10.2,7.379722222222221
2011-12-31,5.6,-1.7,0.0,5.646944444444447
2012-01-01,6.7,-1.7,0.5,6.015833333333337
2012-01-02,-1.7,-8.3,0.3,-1.1105555555555549
2012-01-03,-2.8,-10.6,0.0,-4.94111111111111
2012-01-04,6.1,-3.3,0.0,4.50833333333333
2012-01-05,9.4,-2.2,0.0,8.025555555555558
2012-01-06,13.3,5.0,0.0,11.451388888888893
2012-01-07,7.2,-1.1,0.0,9.258888888888887
2012-01-08,5.0,-3.3,0.0,3.4572222222222218
2012-01-09,8.3,-3.3,0.0,6.805277777777777
2012-01-10,11.1,-1.7,0.0,9.732222222222223
2012-01-11,10.6,0.0,0.0,9.180555555555559
2012-01-12,2.8,-7.2,12.4,6.227500000000003
2012-01-13,-5.0,-8.9,0.3,-4.918333333333332
2012-01-14,-6.1,-10.0,0.0,-8.080277777777777
2012-01-15,-0.6,-10.6,0.0,-1.7797222222222213
2012-01-16,6.7,-1.1,2.0,5.5033333333333365
2012-01-17,5.6,-8.9,3.0,5.594722222222227
2012-01-18,-3.3,-11.7,0.0,-4.549444444444442
2012-01-19,-2.2,-14.4,0.3,-3.3813888888888894
2012-01-20,-5.0,-14.4,13.0,-9.01333333333333
2012-01-21,-3.3,-8.9,0.3,-5.048888888888887
2012-01-22,5.6,-8.9,14.5,1.0138888888888904
2012-01-23,7.8,-1.1,5.8,7.6419444444444435
2012-01-24,2.8,-3.9,0.0,1.738055555555557
2012-01-25,1.7,-4.4,0.0,0.16194444444444006
2012-01-26,2.8,0.0,0.0,2.0383333333333318
2012-01-27,6.1,0.6,0.8,4.443055555555556
2012-01-28,0.6,-3.3,1.8,2.263055555555553
2012-01-29,-0.6,-6.1,0.0,-1.5838888888888885
2012-01-30,11.7,-5.6,0.0,10.965555555555556
2012-01-31,14.4,6.1,0.0,13.458333333333337
2012-02-01,7.8,1.1,0.0,12.893611111111111
2012-02-02,6.7,0.6,0.0,5.385833333333336
2012-02-03,4.4,1.1,0.0,3.1541666666666717
2012-02-04,4.4,-1.7,2.0,3.1150000000000038
2012-02-05,6.7,-2.8,0.0,4.717222222222222
2012-02-06,0.0,-1.7,0.0,1.8816666666666668
2012-02-07,2.2,-1.7,0.0,1.1722222222222218
2012-02-08,2.8,-3.9,0.0,0.7947222222222234
2012-02-09,1.7,-6.7,0.0,0.4916666666666695
2012-02-10,1.7,-9.4,3.3,0.8833333333333352
2012-02-11,-6.7,-12.2,0.0,-8.48777777777778
2012-02-12,2.2,-9.4,0.0,0.8208333333333369
2012-02-13,2.8,-7.2,0.5,0.8861111111111105
2012-02-14,2.2,-2.2,0.5,1.2516666666666667
2012-02-15,6.1,0.0,3.8,4.860833333333332
2012-02-16,8.9,1.1,2.8,6.831388888888886
2012-02-17,9.4,-2.8,0.0,8.472222222222221
2012-02-18,3.3,-1.7,0.0,8.025555555555558
2012-02-19,2.8,-3.3,0.0,0.45250000000000135
2012-02-20,6.7,-3.9,0.0,4.968055555555561
2012-02-21,5.0,0.6,2.5,4.531111111111111
2012-02-22,5.6,0.0,0.0,4.860833333333332
2012-02-23,3.9,-2.2,2.8,3.679166666666668
2012-02-24,1.7,-3.9,8.1,1.6433333333333324
2012-02-25,-1.7,-7.2,0.0,-2.6866666666666656
2012-02-26,11.1,-5.6,0.0,9.693055555555553
2012-02-27,4.4,-2.8,0.0,9.076111111111112
2012-02-28,8.3,-3.9,2.3,7.22583333333333
2012-02-29,15.6,1.7,6.6,14.956111111111106
2012-03-01,3.9,1.7,0.0,4.1525
2012-03-02,5.0,1.7,4.8,4.400555555555555
2012-03-03,1.7,-1.7,0.0,0.9616666666666676
2012-03-04,2.2,-3.3,0.0,-0.5850000000000024
2012-03-05,2.8,-6.7,0.0,0.9905555555555563
2012-03-06,20.0,0.0,0.0,19.41944444444444
2012-03-07,20.0,12.2,0.0,19.61527777777778
2012-03-08,16.1,2.2,5.3,17.422777777777778
2012-03-09,5.0,-1.1,0.0,3.2222222222222205
2012-03-10,15.6,-2.2,0.0,14.734166666666665
2012-03-11,20.6,3.9,0.0,19.288888888888888
2012-03-12,19.4,11.1,8.4,18.656111111111105
2012-03-13,21.7,8.9,0.0,19.91888888888888
2012-03-14,27.2,12.2,0.0,26.637222222222224
2012-03-15,27.8,10.6,0.3,27.12101463745771
2012-03-16,27.8,8.9,0.0,26.762939877617825
2012-03-17,27.2,14.4,0.0,26.57194444444444
2012-03-18,27.2,16.1,0.0,26.59805555555556
2012-03-19,26.1,17.8,0.0,25.612777777777776
2012-03-20,29.4,18.9,0.0,28.27729071411561
2012-03-21,30.0,18.9,0.0,28.27729071411561
2012-03-22,28.9,16.7,1.0,27.198133401617845
2012-03-23,17.2,11.7,34.0,22.19944444444444
2012-03-24,16.1,10.0,0.0,15.99027777777778
2012-03-25,19.4,6.1,0.0,19.22027777777778
2012-03-26,8.3,2.8,0.0,10.688055555555552
2012-03-27,22.8,3.9,0.0,21.308888888888887
2012-03-28,20.0,7.2,0.0,20.718055555555566
2012-03-29,8.9,4.4,0.0,11.043888888888892
2012-03-30,12.2,4.4,1.3,11.239722222222225
2012-03-31,7.8,3.9,0.0,7.1447222222222235
2012-04-01,16.7,7.2,5.6,15.347777777777777
2012-04-02,16.7,8.3,0.0,15.507222222222225
2012-04-03,21.1,8.9,0.0,20.245277777777773
2012-04-04,13.9,7.8,0.0,13.06666666666667
2012-04-05,9.4,3.9,0.0,8.602777777777778
2012-04-06,11.1,3.3,0.0,9.666944444444441
2012-04-07,18.9,2.8,0.0,18.173055555555557
2012-04-08,19.4,7.2,0.0,17.49083333333333
2012-04-09,16.7,4.4,0.0,15.823888888888888
2012-04-10,7.2,1.1,0.0,12.28
2012-04-11,11.1,-0.6,0.0,10.152777777777773
2012-04-12,16.7,0.6,0.0,15.915277777777773
2012-04-13,18.9,7.2,0.0,17.031111111111116
2012-04-14,18.9,10.6,13.2,18.261111111111113
2012-04-15,24.4,15.0,22.1,23.932222222222222
2012-04-16,18.9,6.1,0.0,21.72666666666667
2012-04-17,12.2,5.0,0.0,11.017777777777777
2012-04-18,22.2,6.1,1.3,21.308888888888887
2012-04-19,16.1,7.2,0.0,20.206111111111106
2012-04-20,10.0,4.4,0.5,9.650555555555558
2012-04-21,10.6,2.2,0.0,9.036944444444446
2012-04-22,10.6,5.0,0.0,9.693055555555553
2012-04-23,14.4,2.2,0.0,13.014444444444445
2012-04-24,17.8,2.2,0.0,15.863055555555555
2012-04-25,16.7,10.0,1.0,16.346111111111114
2012-04-26,12.8,3.9,0.0,12.998055555555554
2012-04-27,11.1,2.8,0.0,10.087499999999999
2012-04-28,10.0,6.7,5.8,9.285
2012-04-29,14.4,6.1,4.1,13.197222222222223
2012-04-30,17.2,9.4,13.2,16.659444444444443
2012-05-01,17.8,11.1,8.9,17.815555555555562
2012-05-02,26.7,15.6,0.0,25.612777777777776
2012-05-03,30.0,20.0,22.9,30.331079793937747
2012-05-04,21.1,10.6,7.6,29.10017681673787
2012-05-05,17.2,11.7,0.0,16.47666666666667
2012-05-06,22.8,11.7,17.8,22.108055555555545
2012-05-07,16.7,12.2,16.8,15.66111111111111
2012-05-08,21.1,10.0,0.0,20.206111111111106
2012-05-09,15.6,7.8,0.0,18.394999999999996
2012-05-10,18.3,7.2,0.0,17.031111111111116
2012-05-11,25.6,8.9,0.0,24.617222222222225
2012-05-12,19.4,10.6,4.1,23.98722222222222
2012-05-13,21.1,11.1,0.0,19.275833333333335
2012-05-14,26.7,7.8,0.0,24.578055555555554
2012-05-15,29.4,13.3,0.0,27.54942127531563
2012-05-16,17.2,10.6,0.0,26.43262086172445
2012-05-17,21.7,9.4,0.0,20.639722222222222
2012-05-18,29.4,13.9,0.0,27.324429869697802
2012-05-19,32.8,17.8,0.0,30.817032305315607
2012-05-20,33.9,18.3,3.8,31.894722860195557
2012-05-21,18.3,12.2,0.0,27.35456218899553
2012-05-22,20.0,9.4,0.0,19.458611111111107
2012-05-23,27.8,9.4,0.0,26.297777777777785
2012-05-24,32.2,19.4,0.0,30.097442011117867
2012-05-25,26.7,19.4,0.0,28.905816744444436
2012-05-26,27.8,17.2,0.0,27.35456218899553
2012-05-27,36.1,22.2,0.0,35.18448127531562
2012-05-28,34.4,24.4,0.3,33.586408477777795
2012-05-29,29.4,17.8,0.0,32.04274908243562
2012-05-30,20.6,11.7,0.0,26.323888888888895
2012-05-31,12.8,9.4,27.7,14.6525
2012-06-01,17.8,9.4,0.5,16.16333333333333
2012-06-02,23.9,9.4,0.0,22.962777777777777
2012-06-03,26.7,13.3,0.0,25.82444444444445
2012-06-04,23.3,15.0,0.0,24.734722222222228
2012-06-05,21.1,13.9,0.0,19.64138888888889
2012-06-06,23.3,13.3,0.0,22.988888888888887
2012-06-07,25.6,12.2,0.0,25.299444444444436
2012-06-08,31.1,15.0,0.0,28.61567085555551
2012-06-09,32.2,18.9,0.0,29.57917617076451
2012-06-10,33.3,21.7,0.0,31.37722273372446
2012-06-11,32.2,22.2,0.0,33.379843183571246
2012-06-12,25.6,16.7,0.0,29.930825938151138
2012-06-13,22.2,13.9,0.0,20.23222222222222
2012-06-14,30.6,15.6,0.0,27.98978828193782
2012-06-15,34.4,19.4,0.0,32.051154196175595
2012-06-16,34.4,20.6,14.0,34.5413827922756
2012-06-17,30.6,20.0,2.5,30.331079793937747
2012-06-18,34.4,22.2,0.0,34.59215684108437
2012-06-19,34.4,23.9,0.0,35.513380247404434
2012-06-20,34.4,24.4,0.0,35.25822549561561
2012-06-21,28.3,20.6,0.5,31.53111406157112
2012-06-22,28.3,17.2,0.0,27.624331573457855
2012-06-23,30.0,17.2,0.0,28.1825764545045
2012-06-24,33.9,21.7,0.0,31.894722860195557
2012-06-25,23.9,17.8,0.0,28.258726944275562
2012-06-26,27.2,16.7,0.0,26.493611111111115
2012-06-27,32.8,17.8,0.0,30.92745487159113
2012-06-28,38.3,25.0,1.8,45.34640112908441
2012-06-29,31.1,21.1,7.9,36.29964811111102
2012-06-30,32.8,21.1,0.0,33.820934725784504
2012-07-01,32.8,18.9,1.3,34.28580817393564
2012-07-02,36.1,23.3,0.0,37.83491347777776
2012-07-03,36.1,25.0,0.0,38.15792965555557
2012-07-04,38.9,27.2,0.0,41.0865594767378
2012-07-05,39.4,26.1,0.0,39.621159165037845
2012-07-06,40.6,28.3,0.0,43.38218793185786
2012-07-07,36.7,23.3,0.0,41.23738470599116
2012-07-08,29.4,23.9,0.0,27.790741763971212
2012-07-09,32.2,19.4,0.0,30.406492212515545
2012-07-10,27.8,21.1,0.0,26.908509560871103
2012-07-11,30.0,20.6,0.0,28.925280710631114
2012-07-12,32.2,21.7,0.0,30.59818369155558
2012-07-13,33.9,22.8,0.8,32.88196913043552
2012-07-14,32.2,21.7,0.5,31.043001335615575
2012-07-15,35.0,21.1,0.0,34.77222676805112
2012-07-16,36.7,25.0,0.0,37.26480069285115
2012-07-17,37.8,26.7,0.0,38.46099728833563
2012-07-18,33.3,21.7,54.4,36.3571822555555
2012-07-19,29.4,21.1,10.7,30.967434366904588
2012-07-20,27.8,20.6,0.0,27.195764459617777
2012-07-21,31.7,20.6,0.0,31.348378167197765
2012-07-22,32.8,23.9,0.0,32.19925999255788
2012-07-23,36.7,27.2,0.0,39.03336019249782
2012-07-24,31.1,21.7,13.0,36.91070788641558
2012-07-25,38.3,23.3,0.0,41.65121022441559
2012-07-26,31.7,22.2,14.0,38.78692140841783
2012-07-27,31.1,21.1,0.0,30.316243944444384
2012-07-28,28.3,21.7,0.0,27.910757868995592
2012-07-29,31.1,20.0,0.0,29.263648144444492
2012-07-30,33.9,23.3,0.0,34.261995594095616
2012-07-31,30.0,21.7,1.5,33.267316841991125
2012-08-01,32.2,21.7,0.0,31.348378167197765
2012-08-02,33.9,21.7,0.0,33.89747241697559
2012-08-03,34.4,23.3,0.0,35.513380247404434
2012-08-04,35.0,22.2,36.3,37.91852052531555
2012-08-05,29.4,21.1,0.0,28.03957093897562
2012-08-06,30.0,19.4,0.0,28.572364773137767
2012-08-07,34.4,19.4,0.0,33.3264943697156
2012-08-08,28.9,23.9,0.8,32.69984507868445
2012-08-09,25.6,18.3,0.3,25.061111111111114
2012-08-10,24.4,16.7,7.4,24.209166666666672
2012-08-11,26.1,13.9,0.0,25.495277777777776
2012-08-12,25.0,15.6,0.0,24.196111111111108
2012-08-13,21.7,17.2,8.6,24.15694444444445
2012-08-14,28.3,15.0,0.0,27.543531976835535
2012-08-15,30.0,19.4,0.0,29.36368185555555
2012-08-16,24.4,17.8,7.6,28.50576934161565
2012-08-17,25.0,14.4,0.0,24.682499999999997
2012-08-18,25.6,13.3,0.0,24.708611111111118
2012-08-19,26.1,16.1,0.0,25.39083333333333
2012-08-20,24.4,15.6,14.7,24.17
2012-08-21,26.1,14.4,0.0,24.760833333333338
2012-08-22,29.4,14.4,0.0,27.97271591321781
2012-08-23,32.8,20.6,0.0,30.92745487159113
2012-08-24,34.4,21.7,0.0,32.37481451085111
2012-08-25,34.4,21.7,0.0,32.40333525931559
2012-08-26,27.2,20.0,78.2,31.167626144195612
2012-08-27,31.1,20.6,0.0,29.689165055555495
2012-08-28,30.6,17.8,0.0,28.925280710631114
2012-08-29,28.9,21.1,0.0,27.721938942035614
2012-08-30,32.8,20.6,0.0,31.725273249617764
2012-08-31,33.9,22.2,0.0,35.75535508329567
2012-09-01,25.6,22.8,6.6,32.53139821281776
2012-09-02,27.2,22.8,1.0,28.64234278149107
2012-09-03,31.1,22.8,0.0,33.34978949943118
2012-09-04,32.2,19.4,4.8,33.78802762316448
2012-09-05,30.0,18.9,1.8,30.743255411111097
2012-09-06,30.6,21.1,0.0,29.65017504153784
2012-09-07,25.6,15.0,4.8,26.02027777777778
2012-09-08,23.3,12.8,7.9,21.820833333333326
2012-09-09,22.2,12.8,0.0,22.003611111111102
2012-09-10,25.6,12.2,0.0,24.117777777777782
2012-09-11,29.4,13.9,0.0,28.1825764545045
2012-09-12,30.6,17.2,0.0,29.70166993027563
2012-09-13,22.2,13.3,4.6,27.4763316527378
2012-09-14,23.9,11.7,0.0,22.88444444444444
2012-09-15,26.1,12.2,0.0,25.299444444444436
2012-09-16,26.1,12.8,0.0,25.33861111111111
2012-09-17,26.1,14.4,6.6,25.495277777777776
2012-09-18,17.8,10.0,0.0,18.96944444444444
2012-09-19,23.3,7.8,0.0,22.32027777777778
2012-09-20,22.2,12.8,0.0,21.178333333333338
2012-09-21,16.1,10.6,2.3,18.225277777777777
2012-09-22,16.1,8.3,0.5,14.378333333333334
2012-09-23,16.7,5.6,0.0,15.350555555555555
2012-09-24,21.7,5.0,0.0,21.100000000000005
2012-09-25,25.6,12.2,0.0,24.839166666666664
2012-09-26,20.6,13.3,0.0,22.803333333333335
2012-09-27,20.0,8.9,0.0,18.946111111111115
2012-09-28,20.0,10.6,0.0,19.168055555555554
2012-09-29,26.1,8.9,0.0,25.74611111111112
2012-09-30,19.4,10.6,0.0,19.03750000000001
2012-10-01,18.9,9.4,0.0,17.856388888888894
2012-10-02,20.6,14.4,0.0,20.245277777777773
2012-10-03,20.6,15.6,0.5,19.87638888888889
2012-10-04,27.2,9.4,2.5,26.908509560871103
2012-10-05,10.6,4.4,0.0,12.748333333333335
2012-10-06,10.0,1.7,0.0,8.446111111111113
2012-10-07,10.6,2.8,0.0,8.997777777777777
2012-10-08,15.6,1.1,0.0,14.156388888888888
2012-10-09,19.4,6.1,5.6,18.81555555555555
2012-10-10,11.7,3.3,0.0,16.623055555555553
2012-10-11,19.4,3.3,0.3,18.251388888888883
2012-10-12,11.7,4.4,0.0,16.01972222222222
2012-10-13,20.0,8.3,11.7,17.853611111111118
2012-10-14,22.2,8.3,20.3,21.07055555555556
2012-10-15,15.6,7.2,0.0,14.313055555555556
2012-10-16,21.1,6.7,0.0,20.678888888888892
2012-10-17,20.6,12.2,13.2,19.745833333333326
2012-10-18,12.8,6.7,3.8,15.582777777777778
2012-10-19,11.7,6.1,2.0,10.045555555555552
2012-10-20,14.4,4.4,0.0,13.340833333333338
2012-10-21,21.1,4.4,0.0,20.245277777777773
2012-10-22,20.0,13.3,4.8,18.93027777777778
2012-10-23,21.1,15.0,1.5,21.096111111111114
2012-10-24,26.1,16.1,0.0,26.190000000000005
2012-10-25,25.0,6.7,15.2,25.008888888888894
2012-10-26,10.6,2.8,0.0,13.798333333333336
2012-10-27,8.9,1.7,0.0,7.947222222222226
2012-10-28,10.0,3.9,0.0,8.550555555555558
2012-10-29,10.6,2.8,0.0,9.258888888888887
2012-10-30,8.3,3.9,0.0,7.34333333333333
2012-10-31,9.4,1.7,0.0,8.498333333333331
2012-11-01,12.2,1.7,0.0,10.808888888888891
2012-11-02,10.0,1.1,0.0,8.550555555555558
2012-11-03,7.2,2.8,0.0,6.371111111111113
2012-11-04,10.0,1.1,0.0,8.433055555555558
2012-11-05,6.1,0.6,0.0,5.242222222222226
2012-11-06,6.1,-1.1,3.6,4.678055555555558
2012-11-07,8.9,4.4,0.5,8.195277777777783
2012-11-08,7.8,3.3,0.0,7.105555555555551
2012-11-09,14.4,2.8,0.0,13.878888888888888
2012-11-10,20.0,12.2,7.9,19.82416666666667
2012-11-11,21.1,4.4,9.1,20.84861111111111
2012-11-12,5.6,-1.7,1.8,14.913611111111107
2012-11-13,5.6,-4.4,0.0,3.1830555555555566
2012-11-14,7.2,-1.1,0.0,6.136111111111112
2012-11-15,8.9,-1.1,0.0,7.921111111111113
2012-11-16,12.8,-1.1,0.0,11.294722222222223
2012-11-17,12.8,-1.1,0.0,11.320833333333333
2012-11-18,13.9,1.1,0.0,13.092777777777782
2012-11-19,15.0,5.6,0.3,13.722222222222223
2012-11-20,14.4,5.6,0.0,13.458333333333337
2012-11-21,13.3,2.2,0.0,12.368611111111111
2012-11-22,17.8,7.8,3.3,16.740555555555552
2012-11-23,7.8,-2.2,0.0,14.613333333333335
2012-11-24,0.6,-3.9,0.0,-1.2672222222222216
2012-11-25,7.2,-1.7,0.0,5.624166666666671
2012-11-26,2.8,-5.0,0.0,2.1977777777777754
2012-11-27,1.7,-7.2,0.0,-0.11222222222222517
2012-11-28,7.2,-2.8,0.0,5.585000000000003
2012-11-29,11.1,0.6,0.0,10.283333333333328
2012-11-30,11.7,4.4,0.0,10.283333333333328
2012-12-01,15.6,2.8,0.0,14.08777777777778
2012-12-02,18.9,7.8,0.3,18.065277777777776
2012-12-03,22.2,7.8,0.5,21.67444444444445
2012-12-04,16.7,5.0,0.3,19.85027777777778
2012-12-05,5.6,-1.7,0.0,10.821944444444446
2012-12-06,8.3,0.6,0.0,6.4363888888888905
2012-12-07,7.8,5.6,3.0,7.1708333333333325
2012-12-08,6.1,3.9,1.8,6.015833333333337
2012-12-09,5.6,2.8,3.6,4.491944444444442
2012-12-10,3.9,-2.8,0.0,5.069722222222223
2012-12-11,2.2,-4.4,0.0,0.9644444444444468
2012-12-12,7.8,-2.8,0.0,6.162222222222222
2012-12-13,9.4,0.6,0.0,7.895000000000004
2012-12-14,10.0,-1.1,0.0,8.472222222222221
2012-12-15,10.6,5.6,6.9,9.020555555555555
2012-12-16,10.6,2.8,0.0,10.202222222222222
2012-12-17,5.0,0.6,0.0,4.126388888888886
2012-12-18,6.1,0.0,0.0,4.230833333333332
2012-12-19,6.1,1.1,1.5,4.939166666666669
2012-12-20,10.0,0.6,34.0,9.689722222222224
2012-12-21,0.6,-6.7,0.8,1.4475000000000036
2012-12-22,0.6,-8.3,0.0,-0.6502777777777801
2012-12-23,2.2,-6.1,0.0,1.2908333333333348
2012-12-24,1.7,-1.7,0.0,0.75277777777778
2012-12-25,1.1,-2.2,0.0,-1.0713888888888887
2012-12-26,0.6,-1.7,0.0,0.01833333333333008
2012-12-27,0.6,-2.2,0.0,-0.4805555555555567
2012-12-28,0.6,-1.1,0.3,-0.32388888888889
2012-12-29,0.0,-6.7,0.3,-0.8624999999999992
2012-12-30,1.7,-9.4,0.0,-0.08611111111111372
2012-12-31,2.2,-6.1,0.0,1.147222222222221
2013-01-01,-2.8,-11.1,0.0,-4.050555555555554
2013-01-02,-1.1,-11.7,0.0,-3.248055555555555
2013-01-03,-1.1,-7.8,0.0,-2.1480555555555565
2013-01-04,2.8,-10.6,0.0,1.5683333333333296
2013-01-05,3.9,-5.6,0.8,1.738055555555557
2013-01-06,2.8,-6.7,0.0,1.9861111111111087
2013-01-07,3.9,-7.8,0.0,2.7494444444444475
2013-01-08,5.6,-2.8,0.0,4.625833333333331
2013-01-09,10.6,-1.7,0.0,9.523333333333332
2013-01-10,7.8,-4.4,15.2,6.700833333333331
2013-01-11,12.2,6.1,6.9,12.104166666666666
2013-01-12,11.7,0.0,3.0,11.318055555555556
2013-01-13,0.0,-10.0,0.8,1.2516666666666667
2013-01-14,-3.3,-11.7,0.0,-4.810555555555555
2013-01-15,-0.6,-10.0,0.0,-2.01472222222222
2013-01-16,3.3,-8.3,0.0,1.594444444444443
2013-01-17,0.0,-6.7,0.0,1.147222222222221
2013-01-18,5.6,-7.2,0.0,3.995833333333331
2013-01-19,8.9,-2.8,0.0,8.103888888888891
2013-01-20,-2.8,-10.0,0.0,6.4363888888888905
2013-01-21,-9.4,-15.6,0.0,-9.522499999999999
2013-01-22,-11.1,-18.3,0.0,-13.656666666666666
2013-01-23,-6.7,-12.2,0.3,-8.119444444444447
2013-01-24,-6.1,-15.0,0.0,-7.841944444444446
2013-01-25,-1.7,-7.2,1.5,-4.024444444444443
2013-01-26,-1.7,-11.7,0.0,-3.4205555555555573
2013-01-27,2.8,-3.9,6.6,-0.9277777777777767
2013-01-28,10.6,2.8,3.8,9.741944444444444
2013-01-29,16.1,4.4,31.0,16.06861111111111
2013-01-30,8.9,-6.1,10.4,13.876666666666672
2013-01-31,-6.1,-15.6,0.5,-1.8994444444444427
2013-02-01,-8.9,-17.2,0.8,-12.344999999999999
2013-02-02,-3.9,-12.8,1.3,-5.12777777777778
2013-02-03,-5.0,-11.7,1.3,-7.042777777777777
2013-02-04,-1.7,-8.3,1.8,-2.738888888888889
2013-02-05,0.0,-11.1,0.8,-1.5838888888888885
2013-02-06,3.3,-8.3,0.0,1.8033333333333306
2013-02-07,2.2,0.0,17.3,1.8424999999999987
2013-02-08,0.6,-3.9,0.0,0.29249999999999926
2013-02-09,1.7,-3.3,0.0,0.6744444444444437
2013-02-10,10.0,1.1,6.9,7.56361111111111
2013-02-11,7.8,-2.2,0.0,9.61138888888889
2013-02-12,-1.1,-4.4,0.0,-1.1758333333333324
2013-02-13,7.8,-5.0,0.0,6.227500000000003
2013-02-14,4.4,-0.6,0.0,3.4963888888888897
2013-02-15,1.1,-6.7,0.0,1.594444444444443
2013-02-16,-5.6,-11.7,0.0,-3.2741666666666664
2013-02-17,-0.6,-13.3,0.0,-2.7094444444444457
2013-02-18,11.7,-1.7,8.1,10.426944444444441
2013-02-19,-0.6,-11.7,0.0,8.942222222222224
2013-02-20,-3.3,-13.3,0.0,-5.414444444444442
2013-02-21,0.0,-6.7,2.3,-1.6622222222222207
2013-02-22,1.7,-5.0,4.8,0.8311111111111124
2013-02-23,-2.2,-5.6,0.0,-1.6622222222222207
2013-02-24,4.4,-8.9,0.0,2.723333333333334
2013-02-25,5.6,-6.1,0.0,3.9697222222222215
2013-02-26,2.2,0.6,17.0,1.8033333333333306
2013-02-27,1.7,0.6,2.5,0.33166666666666345
2013-02-28,2.2,-2.8,0.5,0.8833333333333352
2013-03-01,0.0,-2.8,0.5,-1.1105555555555549
2013-03-02,0.6,-7.8,0.0,-1.2672222222222216
2013-03-03,1.7,-9.4,0.0,0.23055555555555904
2013-03-04,1.1,-6.1,0.0,-1.1366666666666663
2013-03-05,0.6,-2.2,19.6,0.01833333333333008
2013-03-06,2.2,-2.2,0.3,0.12277777777777585
2013-03-07,5.6,-1.7,0.0,3.2222222222222205
2013-03-08,5.6,-3.9,0.0,3.2744444444444474
2013-03-09,8.9,0.0,0.5,5.2161111111111165
2013-03-10,12.8,5.6,28.7,11.200555555555557
2013-03-11,9.4,0.0,1.0,12.329444444444443
2013-03-12,2.8,-3.3,0.3,1.147222222222221
2013-03-13,1.1,-5.6,0.0,0.0836111111111077
2013-03-14,2.8,-5.6,0.0,1.2516666666666667
2013-03-15,6.1,-1.1,3.6,5.320555555555559
2013-03-16,2.2,-1.1,0.0,1.4997222222222224
2013-03-17,2.2,-2.8,0.0,1.0427777777777791
2013-03-18,2.2,-6.7,1.3,0.9616666666666676
2013-03-19,1.1,-8.3,0.0,0.2533333333333311
2013-03-20,-3.3,-9.4,0.0,-1.9886111111111089
2013-03-21,1.7,-10.0,0.0,-0.34722222222222615
2013-03-22,5.0,-7.2,0.0,2.5927777777777785
2013-03-23,5.0,-3.9,0.0,2.723333333333334
2013-03-24,2.8,0.0,0.8,1.1733333333333344
2013-03-25,3.9,0.0,0.0,2.263055555555553
2013-03-26,6.1,-1.1,0.0,3.8261111111111115
2013-03-27,6.7,-1.1,0.0,4.928888888888893
2013-03-28,10.6,-3.3,0.0,8.893333333333336
2013-03-29,12.2,0.0,0.0,10.626111111111113
2013-03-30,15.0,0.0,0.0,13.630833333333333
2013-03-31,15.6,2.2,0.0,14.273888888888886
2013-04-01,5.0,-1.7,0.0,7.3694444444444445
2013-04-02,7.8,-4.4,0.0,5.3369444444444465
2013-04-03,6.1,-3.9,0.0,3.708611111111111
2013-04-04,14.4,-1.1,0.0,13.408888888888887
2013-04-05,8.9,2.2,0.0,12.332222222222219
2013-04-06,21.1,2.2,4.1,20.496111111111112
2013-04-07,15.6,4.4,0.0,18.355833333333333
2013-04-08,20.0,3.9,11.9,19.076666666666664
2013-04-09,15.6,3.9,2.0,13.458333333333337
2013-04-10,5.6,3.3,30.7,6.632222222222223
2013-04-11,10.0,3.9,4.6,9.203333333333335
2013-04-12,8.3,2.2,1.0,9.203333333333335
2013-04-13,8.3,1.1,0.3,6.227500000000003
2013-04-14,21.1,3.9,0.0,20.271388888888882
2013-04-15,18.3,7.8,10.4,19.64138888888889
2013-04-16,13.3,5.6,0.3,11.37305555555556
2013-04-17,11.1,5.6,69.3,7.956944444444442
2013-04-18,17.2,3.9,45.5,16.659444444444443
2013-04-19,3.9,0.6,0.3,17.14527777777777
2013-04-20,7.8,-1.1,0.0,6.005555555555556
2013-04-21,12.2,0.0,0.0,10.743611111111115
2013-04-22,19.4,5.0,0.0,18.251388888888883
2013-04-23,15.6,2.8,19.1,15.980555555555554
2013-04-24,10.6,2.2,0.3,9.666944444444441
2013-04-25,10.6,4.4,0.8,9.063055555555557
2013-04-26,19.4,3.9,0.0,18.421111111111102
2013-04-27,20.0,7.2,0.0,18.841666666666672
2013-04-28,17.2,11.1,1.5,16.411388888888887
2013-04-29,23.3,10.6,0.0,23.028055555555557
2013-04-30,30.0,15.0,0.0,28.572364773137767
2013-05-01,29.4,16.7,0.0,28.040058533564512
2013-05-02,21.7,5.6,0.0,26.672469195537772
2013-05-03,10.0,4.4,0.5,8.981388888888889
2013-05-04,22.2,9.4,0.0,21.348055555555558
2013-05-05,21.1,8.9,0.0,20.179999999999993
2013-05-06,21.7,10.6,0.0,20.101666666666663
2013-05-07,24.4,8.9,0.0,24.039444444444445
2013-05-08,25.0,10.0,0.0,24.104722222222218
2013-05-09,24.4,9.4,19.6,23.65805555555555
2013-05-10,10.0,6.1,0.5,18.300277777777776
2013-05-11,16.7,5.6,0.0,15.61166666666667
2013-05-12,12.8,3.3,0.0,11.255555555555558
2013-05-13,16.7,2.8,0.0,14.747222222222225
2013-05-14,32.2,13.9,0.0,30.28977988803559
2013-05-15,28.3,16.7,0.0,26.908509560871103
2013-05-16,27.8,13.3,0.0,26.350000000000005
2013-05-17,22.8,13.9,0.0,22.65972222222223
2013-05-18,26.1,13.9,0.0,25.56055555555555
2013-05-19,30.6,15.6,0.0,29.927305577777776
2013-05-20,33.3,17.8,36.8,30.61551331281785
2013-05-21,27.8,17.8,4.1,28.826934755555587
2013-05-22,22.8,12.8,14.7,27.08954415243555
2013-05-23,13.3,5.6,15.7,21.504722222222224
2013-05-24,13.9,4.4,0.0,12.515
2013-05-25,14.4,7.8,0.0,13.314722222222223
2013-05-26,20.0,7.2,0.5,19.01138888888889
2013-05-27,18.9,13.3,10.4,18.235000000000003
2013-05-28,24.4,15.0,52.3,24.613888888888894
2013-05-29,30.0,18.3,0.5,29.930825938151138
2013-05-30,28.9,17.8,2.0,29.15886103361784
2013-05-31,25.6,17.8,6.6,27.71250268391774
2013-06-01,24.4,17.2,10.2,24.049722222222226
2013-06-02,17.2,7.2,0.0,20.6761111111111
2013-06-03,20.0,5.6,0.0,18.946111111111115
2013-06-04,22.2,10.0,0.0,20.75722222222222
2013-06-05,24.4,13.3,0.0,23.014999999999997
2013-06-06,18.3,11.7,1.3,18.486388888888886
2013-06-07,20.0,11.7,0.0,19.61527777777778
2013-06-08,23.3,10.0,0.0,22.936666666666667
2013-06-09,28.3,13.9,0.3,26.858671178435525
2013-06-10,24.4,15.6,20.1,26.558888888888895
2013-06-11,28.9,15.0,2.5,28.601447857571216
2013-06-12,30.6,17.2,18.0,33.78802762316448
2013-06-13,22.2,14.4,0.0,22.473611111111104
2013-06-14,24.4,13.3,0.0,23.61888888888889
2013-06-15,27.2,15.6,1.3,27.884784716924493
2013-06-16,29.4,20.6,0.0,28.89326381961784
2013-06-17,31.1,16.7,4.1,29.807039277137847
2013-06-18,21.1,13.9,0.0,28.681861811111155
2013-06-19,24.4,13.3,0.0,23.54055555555555
2013-06-20,30.0,16.7,0.0,29.336038526595594
2013-06-21,29.4,21.1,2.5,30.331079793937747
2013-06-22,28.3,21.1,0.0,28.292644831457842
2013-06-23,31.7,20.0,3.0,32.78368005370444
2013-06-24,30.6,20.0,6.4,31.34656448977779
2013-06-25,31.1,21.1,0.0,34.24562740051562
2013-06-26,27.2,19.4,4.8,31.326208967884572
2013-06-27,32.8,18.9,2.3,33.379843183571246
2013-06-28,28.3,19.4,2.5,27.910757868995592
2013-06-29,22.2,17.8,0.0,22.894722222222228
2013-06-30,24.4,17.2,0.0,24.248333333333335
2013-07-01,23.9,15.6,0.0,23.61888888888889
2013-07-02,20.0,16.1,0.0,22.568333333333342
2013-07-03,23.3,16.1,0.5,21.72666666666667
2013-07-04,28.9,15.6,0.0,28.246993170957833
2013-07-05,30.6,16.7,0.0,29.927305577777776
2013-07-06,27.8,21.7,0.0,28.577176604924507
2013-07-07,31.7,21.1,0.0,32.78368005370444
2013-07-08,30.6,21.1,33.5,34.24562740051562
2013-07-09,29.4,23.9,1.3,33.44940924444435
2013-07-10,30.6,18.3,0.0,33.21375493548445
2013-07-11,27.2,17.2,0.0,26.506666666666668
2013-07-12,28.3,15.0,0.0,27.145045127235615
2013-07-13,28.9,19.4,0.0,27.910757868995592
2013-07-14,31.1,22.2,0.0,31.96842908860448
2013-07-15,33.3,23.3,0.0,35.286900788051064
2013-07-16,33.9,24.4,0.0,36.60358037643559
2013-07-17,35.6,25.6,0.0,36.91070788641558
2013-07-18,35.6,25.6,7.4,38.15792965555557
2013-07-19,36.1,23.9,1.8,38.03229269063124
2013-07-20,31.1,22.2,1.8,35.77663859119783
2013-07-21,31.7,21.7,0.0,31.53111406157112
2013-07-22,32.2,21.7,0.3,31.689232329591157
2013-07-23,26.7,17.8,0.0,30.743255411111097
2013-07-24,22.8,16.1,0.0,21.873055555555553
2013-07-25,27.8,13.9,0.0,26.558888888888895
2013-07-26,23.3,18.3,2.3,25.94194444444445
2013-07-27,20.0,13.3,0.0,21.253333333333334
2013-07-28,21.7,12.8,0.0,21.308888888888887
2013-07-29,24.4,13.9,0.0,23.71027777777777
2013-07-30,23.3,15.6,0.3,22.76416666666667
2013-07-31,23.3,17.2,6.6,22.894722222222228
2013-08-01,28.3,15.6,0.0,27.093906147537833
2013-08-02,30.0,18.3,9.1,29.31698503179564
2013-08-03,26.7,18.3,0.0,25.94194444444445
2013-08-04,23.9,15.6,0.0,23.080277777777777
2013-08-05,24.4,17.2,0.3,23.840833333333332
2013-08-06,29.4,20.0,0.0,30.159277208915682
2013-08-07,32.8,20.0,0.0,33.89808742945776
2013-08-08,26.1,20.0,0.0,26.37277777777778
2013-08-09,28.9,16.7,0.0,28.146045184835597
2013-08-10,27.2,20.0,0.0,27.360965654024444
2013-08-11,28.9,17.2,0.0,27.932119356095637
2013-08-12,29.4,20.0,9.1,29.41421488587567
2013-08-13,21.7,16.1,0.0,24.613888888888894
2013-08-14,21.7,14.4,0.0,20.73111111111111
2013-08-15,23.9,13.3,0.0,23.080277777777777
2013-08-16,27.8,14.4,0.0,26.672469195537772
2013-08-17,26.7,15.6,0.0,25.94194444444445
2013-08-18,27.8,16.7,0.0,26.95966309799115
2013-08-19,30.6,17.2,0.0,28.741592507075584
2013-08-20,31.1,20.0,0.0,30.496386040504504
2013-08-21,32.8,21.1,2.0,32.56727818179556
2013-08-22,25.6,18.9,9.4,31.126955483004483
2013-08-23,27.8,17.8,0.0,26.507309687591107
2013-08-24,30.6,17.8,0.0,29.263648144444492
2013-08-25,32.2,20.0,0.0,32.56900581695783
2013-08-26,33.3,21.1,0.0,36.03057495519112
2013-08-27,35.6,25.0,0.0,37.91852052531555
2013-08-28,28.9,21.7,0.0,35.09003579559113
2013-08-29,30.6,20.6,0.0,30.743255411111097
2013-08-30,35.6,22.2,12.7,39.181918055555634
2013-08-31,25.0,21.1,21.3,24.613888888888894
2013-09-01,29.4,20.0,0.5,30.159277208915682
2013-09-02,25.6,16.7,0.0,28.751274357351114
2013-09-03,24.4,14.4,0.0,24.23527777777778
2013-09-04,29.4,15.0,0.0,27.721938942035614
2013-09-05,23.3,17.8,0.0,26.007222222222232
2013-09-06,29.4,16.7,0.0,29.300882540051173
2013-09-07,30.6,20.0,0.0,29.689165055555495
2013-09-08,25.6,21.1,0.0,28.246993170957833
2013-09-09,34.4,20.6,0.0,38.58431805415117
2013-09-10,35.6,25.6,0.0,36.60358037643559
2013-09-11,33.9,23.9,1.3,34.97482682251561
2013-09-12,28.9,17.2,0.5,29.543688464791305
2013-09-13,19.4,11.7,0.0,20.95305555555556
2013-09-14,22.8,10.0,0.0,21.716388888888883
2013-09-15,16.7,14.4,8.9,20.023333333333333
2013-09-16,17.8,12.8,0.0,17.396666666666672
2013-09-17,21.7,11.1,0.0,20.34972222222222
2013-09-18,27.8,16.7,19.1,28.312649868817804
2013-09-19,28.9,21.1,11.4,30.549454376151076
2013-09-20,25.0,14.4,1.0,26.307500000000005
2013-09-21,20.0,10.0,0.0,20.362777777777772
2013-09-22,19.4,9.4,0.0,17.895555555555557
2013-09-23,20.0,9.4,0.0,19.03750000000001
2013-09-24,21.7,10.6,0.0,20.678333333333335
2013-09-25,21.7,12.8,0.0,20.783333333333342
2013-09-26,24.4,12.8,0.0,23.65805555555555
2013-09-27,27.2,13.9,0.0,26.558888888888895
2013-09-28,29.4,14.4,1.5,28.50576934161565
2013-09-29,20.0,11.1,4.8,26.57194444444444
2013-09-30,23.9,10.0,0.0,23.54055555555555
2013-10-01,26.1,16.7,0.0,25.638888888888893
2013-10-02,25.0,17.8,0.0,24.43111111111111
2013-10-03,25.6,17.8,33.3,25.76944444444444
2013-10-04,24.4,18.9,0.0,24.08888888888888
2013-10-05,27.8,18.3,10.7,28.751274357351114
2013-10-06,19.4,8.3,2.5,21.948611111111106
2013-10-07,20.0,7.2,0.0,18.920000000000005
2013-10-08,24.4,9.4,0.0,23.59277777777777
2013-10-09,21.1,11.1,0.0,20.206111111111106
2013-10-10,24.4,10.6,0.0,23.61888888888889
2013-10-11,25.0,13.3,0.0,24.196111111111108
2013-10-12,23.3,11.1,0.0,22.685833333333335
2013-10-13,18.3,7.8,0.0,17.736111111111114
2013-10-14,17.2,7.2,0.0,15.61166666666667
2013-10-15,18.3,10.6,3.0,18.13055555555555
2013-10-16,12.2,8.3,0.0,17.853611111111118
2013-10-17,12.2,6.1,4.8,11.239722222222225
2013-10-18,10.0,5.6,0.0,9.350277777777778
2013-10-19,12.2,6.1,0.3,10.887222222222224
2013-10-20,18.3,4.4,0.8,17.765
2013-10-21,12.8,2.2,1.3,17.765
2013-10-22,5.0,-0.6,2.5,3.995833333333331
2013-10-23,7.8,0.0,0.0,5.67638888888889
2013-10-24,6.7,0.6,0.0,5.598055555555558
2013-10-25,11.1,-1.7,0.0,9.653888888888886
2013-10-26,13.3,3.3,0.0,10.991666666666667
2013-10-27,13.3,0.0,0.0,11.333888888888891
2013-10-28,12.8,2.2,0.0,11.673333333333334
2013-10-29,13.9,6.1,0.0,12.65861111111111
2013-10-30,17.2,8.3,40.4,14.952777777777776
2013-10-31,18.3,7.8,45.0,18.456944444444442
2013-11-01,9.4,6.7,2.3,14.322777777777778
2013-11-02,8.9,3.3,0.0,7.917777777777776
2013-11-03,11.7,1.1,0.0,9.836666666666668
2013-11-04,14.4,6.7,0.0,13.314722222222223
2013-11-05,13.3,10.6,0.5,12.551388888888889
2013-11-06,13.9,2.2,26.2,13.836944444444448
2013-11-07,7.2,-0.6,0.0,6.31888888888889
2013-11-08,9.4,-2.2,0.0,8.038611111111114
2013-11-09,15.0,5.6,0.0,13.761388888888888
2013-11-10,10.0,1.1,0.0,11.043888888888892
2013-11-11,8.9,-3.9,5.1,8.103888888888891
2013-11-12,1.1,-5.6,0.0,-0.702500000000001
2013-11-13,5.0,-7.2,0.0,3.117777777777779
2013-11-14,10.0,-1.1,0.0,9.036944444444446
2013-11-15,10.0,3.3,0.0,8.576666666666668
2013-11-16,16.1,6.1,10.7,14.244444444444444
2013-11-17,20.6,5.6,20.6,20.085277777777783
2013-11-18,6.7,-1.1,0.0,8.824722222222224
2013-11-19,5.6,-3.3,0.0,3.4963888888888897
2013-11-20,6.7,-0.6,5.8,5.754722222222226
2013-11-21,11.1,5.0,2.0,10.084722222222224
2013-11-22,6.7,-2.8,1.3,8.009166666666665
2013-11-23,-2.2,-9.4,0.0,0.0836111111111077
2013-11-24,-2.8,-11.7,0.0,-5.006388888888888
2013-11-25,0.0,-5.6,0.3,-1.384722222222222
2013-11-26,2.8,-8.3,0.0,1.2125000000000026
2013-11-27,-1.7,-10.0,0.0,-1.8972222222222217
2013-11-28,1.1,-5.0,0.0,-0.21666666666667092
2013-11-29,2.8,-7.2,0.0,0.9905555555555563
2013-11-30,10.6,-1.1,0.0,9.076111111111112
2013-12-01,6.7,-1.1,0.0,6.279722222222222
2013-12-02,6.1,0.6,2.3,4.625833333333331
2013-12-03,10.6,2.8,0.0,9.78111111111111
2013-12-04,13.9,5.6,0.3,13.167777777777777
2013-12-05,5.6,-5.6,0.0,13.797777777777776
2013-12-06,-5.6,-10.6,0.0,-5.283888888888886
2013-12-07,-6.1,-13.3,0.0,-8.471944444444444
2013-12-08,-3.3,-8.9,3.0,-4.918333333333332
2013-12-09,-3.3,-16.7,0.0,-4.340555555555553
2013-12-10,-5.6,-17.2,0.0,-7.068888888888887
2013-12-11,-6.1,-17.2,0.8,-8.119444444444447
2013-12-12,-6.1,-19.4,0.0,-8.236944444444447
2013-12-13,-0.6,-9.4,1.5,-2.226388888888889
2013-12-14,-1.1,-5.6,7.4,-1.7405555555555532
2013-12-15,-4.4,-11.1,0.0,-2.0697222222222242
2013-12-16,-5.6,-11.1,1.0,-7.003611111111109
2013-12-17,1.1,-8.9,0.5,-0.4413888888888905
2013-12-18,1.1,-8.9,0.0,-1.384722222222222
2013-12-19,6.1,1.1,1.5,5.385833333333336
2013-12-20,2.8,0.6,4.3,2.74611111111111
2013-12-21,2.2,0.0,9.1,1.5911111111111136
2013-12-22,2.2,-3.9,2.3,1.5911111111111136
2013-12-23,-2.8,-17.8,0.0,-2.0175000000000014
2013-12-24,-7.8,-18.3,0.0,-9.93
2013-12-25,-2.8,-7.8,1.8,-3.802499999999998
2013-12-26,2.2,-9.4,0.0,-0.4413888888888905
2013-12-27,7.2,-3.3,0.0,5.176944444444448
2013-12-28,10.6,1.1,0.0,9.836666666666668
2013-12-29,3.9,-11.1,0.0,7.066388888888887
2013-12-30,-9.4,-16.1,1.0,-5.704444444444444
2013-12-31,-10.0,-16.1,2.3,-12.096944444444441
2014-01-01,-5.0,-10.0,5.8,-6.125555555555555
2014-01-02,-5.6,-15.6,6.4,-6.755555555555554
2014-01-03,-6.7,-20.0,0.0,-10.442500000000003
2014-01-04,0.6,-6.7,6.6,-0.4805555555555567
2014-01-05,-0.6,-17.8,12.2,-1.3488888888888875
2014-01-06,-17.8,-26.1,0.0,-13.685555555555556
2014-01-07,-15.0,-23.9,0.0,-18.028611111111115
2014-01-08,-8.9,-19.4,0.0,-11.780277777777776
2014-01-09,-1.7,-17.2,0.3,-6.125555555555555
2014-01-10,5.6,-1.7,27.4,2.798333333333333
2014-01-11,5.0,-0.6,3.8,5.213333333333334
2014-01-12,6.1,-1.7,0.0,4.1525
2014-01-13,8.9,-2.2,0.0,7.040277777777778
2014-01-14,1.7,-5.6,0.3,2.4849999999999994
2014-01-15,-5.6,-8.9,0.0,-3.459722222222224
2014-01-16,1.7,-6.7,0.3,0.9616666666666676
2014-01-17,-6.1,-10.6,0.8,-0.7711111111111101
2014-01-18,-6.1,-12.2,3.6,-7.949722222222222
2014-01-19,3.9,-12.2,0.0,-0.36305555555555613
2014-01-20,3.3,-6.1,3.6,2.997500000000003
2014-01-21,-6.1,-17.2,3.6,-3.802499999999998
2014-01-22,-9.4,-17.2,0.3,-10.850000000000001
2014-01-23,-11.7,-20.0,0.0,-12.30583333333333
2014-01-24,-2.8,-21.1,0.8,-7.108055555555556
2014-01-25,0.6,-14.4,0.3,-0.19333333333333474
2014-01-26,0.0,-14.4,5.1,-1.1105555555555549
2014-01-27,-14.4,-21.7,0.0,-1.1105555555555549
2014-01-28,-15.6,-23.9,0.0,-18.106944444444444
2014-01-29,-5.0,-17.2,0.0,-7.225555555555555
2014-01-30,0.6,-7.2,0.8,-1.3586111111111105
2014-01-31,-1.7,-7.2,0.3,-0.32388888888889
2014-02-01,0.0,-5.6,10.4,-1.4011111111111103
2014-02-02,-5.0,-14.4,0.0,-3.1725000000000017
2014-02-03,-5.0,-17.2,0.0,-7.264722222222222
2014-02-04,-3.9,-12.2,2.0,-5.179444444444442
2014-02-05,-3.9,-12.8,9.4,-4.918333333333332
2014-02-06,-11.1,-18.9,0.0,-8.526944444444446
2014-02-07,-11.7,-20.0,0.0,-13.539166666666667
2014-02-08,-8.9,-14.4,2.5,-10.27277777777778
2014-02-09,-6.7,-14.4,0.0,-8.722777777777777
2014-02-10,-10.6,-19.4,0.0,-12.2275
2014-02-11,-8.9,-20.0,0.0,-11.241666666666667
2014-02-12,-4.4,-16.7,0.0,-6.543333333333333
2014-02-13,1.1,-9.4,0.0,-2.3438888888888894
2014-02-14,-5.6,-10.6,0.0,-0.9930555555555564
2014-02-15,-4.4,-14.4,0.8,-5.848055555555557
2014-02-16,-2.2,-7.8,0.0,-3.49888888888889
2014-02-17,-1.7,-5.6,10.4,-5.127222222222222
2014-02-18,7.2,-5.0,0.0,5.754722222222226
2014-02-19,7.2,0.0,0.0,5.67638888888889
2014-02-20,10.6,1.7,24.9,3.428333333333337
2014-02-21,2.8,-2.2,0.3,9.833333333333336
2014-02-22,1.7,-5.0,0.0,0.5700000000000018
2014-02-23,-1.7,-8.9,0.0,-1.3586111111111105
2014-02-24,-3.9,-10.6,0.0,-5.466666666666665
2014-02-25,-4.4,-14.4,0.0,-6.478055555555555
2014-02-26,-7.2,-17.2,0.0,-10.690555555555555
2014-02-27,-7.2,-14.4,0.0,-8.801111111111112
2014-02-28,-1.1,-14.4,0.0,-2.513611111111113
2014-03-01,0.0,-11.1,3.8,-1.3063888888888897
2014-03-02,-8.9,-15.6,2.8,-9.590555555555556
2014-03-03,-6.7,-17.2,0.0,-9.45722222222222
2014-03-04,-2.8,-11.1,0.0,-4.41611111111111
2014-03-05,-4.4,-7.2,3.0,-4.8888888888888875
2014-03-06,0.6,-8.9,0.0,-1.9363888888888878
2014-03-07,8.3,-6.7,0.0,6.8574999999999955
2014-03-08,3.9,-5.0,1.0,5.242222222222226
2014-03-09,5.6,-6.1,0.0,3.535555555555558
2014-03-10,12.2,5.0,0.0,11.529722222222224
2014-03-11,10.6,0.6,14.2,9.810555555555554
2014-03-12,1.1,-8.3,11.7,3.1541666666666717
2014-03-13,3.9,-10.0,0.0,0.21416666666666295
2014-03-14,12.8,2.8,0.0,11.477500000000001
2014-03-15,4.4,-2.2,0.0,5.91138888888889
2014-03-16,-1.7,-7.2,0.0,-0.9930555555555564
2014-03-17,3.9,-6.7,0.0,2.0933333333333337
2014-03-18,11.1,-1.1,0.0,9.862777777777778
2014-03-19,8.3,1.7,12.2,8.195277777777783
2014-03-20,8.9,-0.6,0.5,7.264999999999999
2014-03-21,14.4,0.6,0.3,13.81361111111111
2014-03-22,5.6,-1.7,0.0,13.314722222222223
2014-03-23,-1.1,-6.1,0.0,1.0427777777777791
2014-03-24,2.8,-6.7,0.0,0.7163888888888911
2014-03-25,-0.6,-6.1,1.8,-0.8069444444444448
2014-03-26,3.9,-8.3,0.0,2.0019444444444425
2014-03-27,12.2,1.7,4.1,8.417222222222225
2014-03-28,12.8,1.1,1.0,12.551388888888889
2014-03-29,5.0,-2.2,0.0,3.4572222222222218
2014-03-30,13.9,-3.9,0.0,12.436666666666664
2014-03-31,20.0,6.7,0.8,18.199166666666667
2014-04-01,13.9,1.1,0.0,17.516944444444448
2014-04-02,7.2,2.2,0.0,7.382499999999999
2014-04-03,5.6,2.8,35.6,5.069722222222223
2014-04-04,7.8,1.7,0.5,7.523333333333334
2014-04-05,9.4,0.6,0.0,7.777500000000003
2014-04-06,13.3,2.2,0.0,11.963888888888887
2014-04-07,12.8,2.8,0.0,10.821944444444446
2014-04-08,13.9,4.4,0.8,12.146666666666668
2014-04-09,17.2,2.2,0.0,15.889166666666666
2014-04-10,18.3,6.7,0.0,17.30527777777778
2014-04-11,21.1,5.0,0.0,19.89277777777777
2014-04-12,26.7,11.1,0.0,26.611111111111114
2014-04-13,22.2,7.8,11.7,23.723333333333333
2014-04-14,17.8,-0.6,6.9,18.93027777777778
2014-04-15,3.3,-2.8,0.0,0.9644444444444468
2014-04-16,11.1,-0.6,0.0,10.126666666666663
2014-04-17,17.2,6.1,0.0,15.507222222222225
2014-04-18,10.6,3.9,0.0,13.787499999999998
2014-04-19,17.8,3.3,0.0,16.623055555555553
2014-04-20,26.1,8.3,0.0,25.24722222222222
2014-04-21,25.6,15.0,8.4,24.826111111111118
2014-04-22,15.6,3.9,0.0,16.776944444444442
2014-04-23,10.6,2.8,0.5,9.076111111111112
2014-04-24,17.8,5.0,0.5,16.479444444444443
2014-04-25,21.1,8.3,6.9,20.101666666666663
2014-04-26,15.6,4.4,0.3,19.432499999999997
2014-04-27,16.1,5.6,1.8,15.008333333333333
2014-04-28,14.4,8.3,10.4,14.495833333333334
2014-04-29,19.4,10.0,3.0,19.141944444444444
2014-04-30,11.7,7.8,1.8,14.613333333333335
2014-05-01,10.0,6.1,3.3,9.454722222222223
2014-05-02,12.8,8.3,1.3,11.673333333333334
2014-05-03,20.0,9.4,0.0,19.41944444444444
2014-05-04,16.1,8.3,0.0,18.81555555555555
2014-05-05,15.0,7.2,2.3,13.748333333333333
2014-05-06,17.2,7.2,0.0,16.623055555555553
2014-05-07,26.7,11.1,0.0,26.02027777777778
2014-05-08,33.9,20.0,0.0,32.35669658323555
2014-05-09,24.4,13.9,52.6,29.57917617076451
2014-05-10,25.0,11.1,0.0,24.65638888888889
2014-05-11,29.4,17.2,31.8,28.78069813099559
2014-05-12,30.0,18.3,1.5,31.900241944515585
2014-05-13,21.1,12.2,4.8,31.015885100115636
2014-05-14,13.9,6.7,2.5,13.56277777777778
2014-05-15,13.9,5.6,10.4,12.094444444444441
2014-05-16,7.2,5.0,3.0,9.232777777777777
2014-05-17,16.1,5.0,0.0,15.350555555555555
2014-05-18,21.7,8.9,0.0,20.075555555555553
2014-05-19,21.7,11.7,0.0,21.256666666666668
2014-05-20,30.6,17.2,32.5,30.454350755555513
2014-05-21,31.7,20.0,0.0,29.933376361715634
2014-05-22,20.6,12.2,0.0,28.905816744444436
2014-05-23,20.0,10.6,0.0,18.985277777777778
2014-05-24,23.3,10.0,0.0,22.503055555555562
2014-05-25,29.4,12.2,0.0,27.421114341624484
2014-05-26,32.2,19.4,0.0,31.5090838789956
2014-05-27,30.0,16.1,5.3,30.6159912848178
2014-05-28,22.8,14.4,3.0,22.920833333333334
2014-05-29,25.0,13.9,0.0,24.891388888888894
2014-05-30,26.1,13.9,0.0,25.50833333333333
2014-05-31,31.7,15.6,0.0,29.745586538231123
2014-06-01,33.3,20.6,0.0,33.61686139803551
2014-06-02,29.4,20.6,8.9,31.126955483004483
2014-06-03,27.8,21.1,0.0,28.312649868817804
2014-06-04,22.2,14.4,4.8,24.799999999999997
2014-06-05,23.9,13.3,0.0,23.462222222222223
2014-06-06,27.8,12.2,0.0,26.415277777777785
2014-06-07,29.4,16.7,3.3,27.908959375464487
2014-06-08,21.1,12.8,6.6,24.826111111111118
2014-06-09,26.1,13.3,0.0,24.982777777777773
2014-06-10,21.1,15.0,33.5,21.58305555555556
2014-06-11,20.6,16.7,4.8,20.75444444444444
2014-06-12,27.8,17.2,0.3,28.181459693315517
2014-06-13,23.9,13.9,0.0,24.35277777777778
2014-06-14,27.2,13.9,0.0,26.376111111111115
2014-06-15,30.0,17.8,0.0,30.915363245315625
2014-06-16,32.2,20.6,0.0,32.94917448145782
2014-06-17,33.9,26.1,0.0,36.60358037643559
2014-06-18,29.4,17.2,22.6,35.781684200924495
2014-06-19,27.8,15.6,16.3,29.697203661351164
2014-06-20,30.0,18.9,1.3,31.539548077777795
2014-06-21,29.4,17.2,31.0,30.915363245315625
2014-06-22,27.8,18.9,0.0,28.499177144657796
2014-06-23,28.9,20.0,7.9,30.967434366904588
2014-06-24,29.4,21.1,42.2,31.557488575164523
2014-06-25,26.1,16.7,1.5,25.178611111111113
2014-06-26,25.0,15.6,0.0,24.48333333333333
2014-06-27,33.3,16.7,0.0,33.356838967857776
2014-06-28,31.1,23.9,12.4,33.85445181291555
2014-06-29,31.1,21.7,1.3,34.80727677236455
2014-06-30,31.1,20.0,70.6,36.68049771557119
2014-07-01,28.9,20.0,0.3,34.48061279223114
2014-07-02,23.3,14.4,2.0,27.676087608817763
2014-07-03,23.9,13.9,1.0,23.09333333333333
2014-07-04,26.1,15.6,0.0,25.87666666666667
2014-07-05,26.1,17.2,0.3,26.007222222222232
2014-07-06,31.7,18.9,0.0,35.55203763279115
2014-07-07,31.7,22.2,5.8,32.56900581695783
2014-07-08,28.9,21.1,10.2,30.316243944444384
2014-07-09,27.2,17.8,0.0,26.986454903191134
2014-07-10,25.6,17.2,0.0,25.035
2014-07-11,28.3,17.2,0.0,27.145045127235615
2014-07-12,27.2,21.1,99.6,29.878027129724483
2014-07-13,30.0,21.7,2.0,30.403401525635665
2014-07-14,27.2,17.8,1.0,29.10017681673787
2014-07-15,21.7,13.9,8.1,24.826111111111118
2014-07-16,22.8,13.3,0.0,21.96444444444444
2014-07-17,25.6,14.4,0.0,25.43
2014-07-18,27.2,17.8,0.0,26.59805555555556
2014-07-19,26.7,16.7,0.0,26.611111111111114
2014-07-20,28.9,18.9,0.0,28.164564010515555
2014-07-21,30.6,20.0,0.0,30.743255411111097
2014-07-22,32.8,22.2,7.6,37.05415802092446
2014-07-23,24.4,17.8,0.0,36.68049771557119
2014-07-24,23.9,15.6,0.0,23.028055555555557
2014-07-25,25.0,15.6,0.0,24.37888888888889
2014-07-26,29.4,21.1,0.0,31.258456716495616
2014-07-27,31.7,18.9,1.3,31.539548077777795
2014-07-28,22.8,16.7,0.0,24.891388888888894
2014-07-29,27.2,15.6,0.3,25.981111111111122
2014-07-30,26.7,16.1,0.0,26.59805555555556
2014-07-31,29.4,17.2,0.0,28.59431378340449
2014-08-01,28.3,19.4,6.4,28.181459693315517
2014-08-02,28.9,17.2,0.0,27.932119356095637
2014-08-03,30.6,18.9,0.0,31.126955483004483
2014-08-04,31.1,20.0,26.4,30.194046724604465
2014-08-05,26.7,20.0,1.5,27.962515993535547
2014-08-06,27.2,18.3,0.0,27.25004875993561
2014-08-07,27.2,20.6,0.0,27.08954415243555
2014-08-08,27.8,21.1,0.0,27.557598236284473
2014-08-09,26.7,20.0,0.0,26.637222222222224
2014-08-10,27.8,21.7,0.0,28.181459693315517
2014-08-11,28.9,20.0,5.1,30.159277208915682
2014-08-12,21.1,17.2,1.0,26.307500000000005
2014-08-13,28.3,15.0,0.0,28.696246040435614
2014-08-14,22.8,16.1,0.0,22.855555555555565
2014-08-15,26.7,12.8,0.0,25.90277777777778
2014-08-16,27.2,17.8,0.0,28.15824500283553
2014-08-17,22.2,18.9,0.0,26.307500000000005
2014-08-18,29.4,19.4,0.0,30.159277208915682
2014-08-19,30.0,22.8,1.8,30.284278656195674
2014-08-20,30.6,20.0,0.0,31.617318406151192
2014-08-21,28.3,21.7,40.4,31.188054025724526
2014-08-22,30.6,23.3,115.1,33.621580418115514
2014-08-23,30.6,21.7,4.6,34.04386637036451
2014-08-24,31.7,22.8,0.0,35.845619555884504
2014-08-25,33.3,22.8,24.1,41.22300979895104
2014-08-26,30.0,22.2,1.0,31.229195675431228
2014-08-27,27.2,21.1,0.0,30.159277208915682
2014-08-28,25.0,20.6,0.8,24.982777777777773
2014-08-29,31.1,22.8,0.0,34.24562740051562
2014-08-30,30.0,23.3,0.5,31.887677555555513
2014-08-31,30.6,21.7,0.0,31.539548077777795
2014-09-01,29.4,23.3,0.0,31.015885100115636
2014-09-02,29.4,20.6,0.0,28.33797592205119
2014-09-03,29.4,19.4,0.0,30.194046724604465
2014-09-04,30.6,22.8,7.9,33.03359425555552
2014-09-05,31.7,19.4,12.4,36.68049771557119
2014-09-06,24.4,16.7,0.0,24.196111111111108
2014-09-07,26.7,14.4,0.0,25.39083333333333
2014-09-08,26.1,15.6,0.0,25.469166666666663
2014-09-09,27.2,18.9,0.0,27.835943809757786
2014-09-10,27.8,14.4,46.0,30.78902595639117
2014-09-11,14.4,11.1,0.0,24.02361111111111
2014-09-12,13.9,7.8,3.0,13.588888888888894
2014-09-13,15.6,5.6,0.0,15.047499999999998
2014-09-14,19.4,7.8,0.0,18.946111111111115
2014-09-15,16.7,12.2,0.3,17.34444444444445
2014-09-16,20.6,8.3,0.0,19.549999999999997
2014-09-17,22.2,9.4,0.0,21.321944444444448
2014-09-18,22.2,11.7,0.0,21.53083333333333
2014-09-19,24.4,13.9,0.0,24.065555555555562
2014-09-20,26.7,17.2,8.1,25.76944444444444
2014-09-21,21.1,11.1,0.0,23.524166666666662
2014-09-22,20.6,8.9,0.0,19.536944444444444
2014-09-23,24.4,10.0,0.0,23.028055555555557
2014-09-24,25.0,12.2,0.0,24.104722222222218
2014-09-25,25.6,14.4,0.0,24.799999999999997
2014-09-26,27.2,15.0,0.0,26.59805555555556
2014-09-27,26.1,16.1,0.0,25.96805555555556
2014-09-28,26.1,14.4,0.0,26.059444444444452
2014-09-29,28.9,13.9,0.0,28.59431378340449
2014-09-30,16.1,10.6,0.0,18.300277777777776
2014-10-01,22.8,11.1,0.0,22.65972222222223
2014-10-02,23.9,18.9,25.1,24.08888888888888
2014-10-03,20.0,7.8,27.9,22.369166666666658
2014-10-04,9.4,2.8,1.3,9.98027777777778
2014-10-05,13.3,5.6,0.0,12.515
2014-10-06,17.2,8.9,0.0,16.293888888888887
2014-10-07,20.6,9.4,0.0,19.549999999999997
2014-10-08,19.4,8.9,0.0,18.75027777777778
2014-10-09,17.8,10.0,0.0,15.468055555555557
2014-10-10,15.0,6.7,0.0,14.469722222222224
2014-10-11,15.6,4.4,0.0,14.851666666666667
2014-10-12,17.8,7.2,0.0,17.396666666666672
2014-10-13,21.7,15.0,15.0,21.909444444444446
2014-10-14,19.4,12.2,27.2,21.87027777777778
2014-10-15,15.0,11.1,3.0,15.031111111111109
2014-10-16,14.4,11.7,0.3,14.283611111111108
2014-10-17,17.2,9.4,0.3,16.411388888888887
2014-10-18,11.1,3.9,0.5,13.56277777777778
2014-10-19,13.9,2.2,0.0,12.736944444444443
2014-10-20,18.9,10.0,0.0,17.947777777777773
2014-10-21,12.2,9.4,0.0,13.523611111111112
2014-10-22,13.3,6.1,0.0,12.65861111111111
2014-10-23,16.7,5.0,0.0,16.16333333333333
2014-10-24,20.0,12.2,0.0,19.102777777777778
2014-10-25,23.9,11.1,0.0,22.779999999999994
2014-10-26,18.9,6.7,0.0,18.685000000000006
2014-10-27,26.1,12.2,0.5,25.586666666666662
2014-10-28,18.9,8.9,1.0,23.236944444444443
2014-10-29,9.4,4.4,0.0,11.477500000000001
2014-10-30,11.7,2.8,0.0,10.387777777777774
2014-10-31,9.4,1.1,0.5,9.285
2014-11-01,6.7,0.6,0.0,5.728611111111112
2014-11-02,11.7,-1.7,0.0,10.665277777777781
2014-11-03,17.8,7.2,0.0,17.30527777777778
2014-11-04,16.1,7.2,0.8,16.740555555555552
2014-11-05,17.2,3.9,0.0,16.58388888888889
2014-11-06,11.1,4.4,0.0,14.273888888888886
2014-11-07,7.2,2.8,0.0,6.201388888888894
2014-11-08,9.4,3.9,0.0,8.628888888888888
2014-11-09,11.7,2.2,0.0,10.283333333333328
2014-11-10,18.3,6.7,0.0,17.30527777777778
2014-11-11,16.1,0.6,5.6,15.637777777777778
2014-11-12,0.6,-2.8,0.0,1.8816666666666668
2014-11-13,-0.6,-3.3,0.0,-2.409166666666667
2014-11-14,-1.7,-4.4,0.0,-2.934722222222222
2014-11-15,0.6,-6.1,0.0,-0.7808333333333353
2014-11-16,0.6,-3.9,0.0,-0.36305555555555613
2014-11-17,-3.9,-10.6,0.0,-0.4022222222222243
2014-11-18,-6.1,-11.1,0.0,-7.737500000000002
2014-11-19,0.6,-7.2,0.0,-0.6763888888888895
2014-11-20,-1.1,-8.3,0.0,-3.339444444444444
2014-11-21,2.2,-10.6,0.0,0.12611111111111326
2014-11-22,12.2,1.1,1.0,10.766388888888885
2014-11-23,12.2,10.0,18.5,11.843055555555557
2014-11-24,10.6,-2.8,10.7,11.526944444444448
2014-11-25,-1.1,-5.6,0.0,-2.1088888888888886
2014-11-26,0.0,-5.6,0.0,-2.856388888888889
2014-11-27,-1.1,-7.2,0.0,-1.1105555555555549
2014-11-28,2.2,-6.7,0.0,0.05749999999999823
2014-11-29,12.2,0.6,0.0,11.239722222222225
2014-11-30,13.3,-1.7,0.0,12.473055555555554
2014-12-01,-1.7,-6.1,0.0,1.4083333333333354
2014-12-02,0.6,-5.6,0.0,-0.4022222222222243
2014-12-03,3.9,-3.3,0.0,2.6711111111111148
2014-12-04,2.8,-3.9,0.0,1.1080555555555567
2014-12-05,5.0,1.7,0.0,4.230833333333332
2014-12-06,6.1,1.1,0.0,4.651944444444444
2014-12-07,3.9,-1.1,0.0,2.1977777777777754
2014-12-08,3.9,1.7,2.8,3.323888888888891
2014-12-09,4.4,0.6,0.5,3.679166666666668
2014-12-10,2.2,-0.6,0.0,1.2908333333333348
2014-12-11,1.1,-3.3,0.0,0.16194444444444006
2014-12-12,3.9,-3.9,0.0,3.193333333333336
2014-12-13,9.4,2.8,0.0,8.981388888888889
2014-12-14,11.7,8.3,0.0,11.357222222222221
2014-12-15,8.9,6.1,3.8,9.689722222222224
2014-12-16,8.3,0.0,1.5,7.865555555555556
2014-12-17,0.0,-3.3,0.0,2.0383333333333318
2014-12-18,-0.6,-3.9,0.0,-2.3047222222222232
2014-12-19,1.1,-1.7,0.0,0.01833333333333008
2014-12-20,1.7,0.0,0.0,0.12277777777777585
2014-12-21,3.3,1.1,0.0,2.406666666666663
2014-12-22,6.7,-0.6,9.1,3.861944444444446
2014-12-23,10.0,5.6,2.8,9.389444444444443
2014-12-24,6.1,3.3,3.0,7.209999999999997
2014-12-25,6.7,1.7,0.0,5.950555555555555
2014-12-26,11.1,3.3,0.0,9.98027777777778
2014-12-27,10.0,0.6,0.0,10.123888888888889
2014-12-28,2.2,-3.3,0.0,1.2908333333333348
2014-12-29,1.7,-5.0,0.0,-0.4805555555555567
2014-12-30,-4.4,-10.6,0.0,-2.934722222222222
2014-12-31,-6.7,-14.4,0.0,-8.944722222222222
2015-01-01,0.0,-8.3,0.0,-1.3586111111111105
2015-01-02,2.2,-6.7,0.0,0.4916666666666695
2015-01-03,2.8,-0.6,15.0,2.168888888888887
2015-01-04,2.2,-15.0,4.6,2.2211111111111097
2015-01-05,-12.2,-18.3,3.8,-10.520833333333336
2015-01-06,-11.1,-15.0,0.3,-12.804722222222217
2015-01-07,-13.3,-20.0,0.0,-13.395555555555553
2015-01-08,-6.7,-21.7,2.5,-12.582777777777775
2015-01-09,-8.9,-16.1,0.0,-8.001944444444446
2015-01-10,-3.3,-17.8,0.0,-8.197777777777778
2015-01-11,1.1,-3.9,2.5,-0.08611111111111372
2015-01-12,-1.1,-7.2,1.3,-1.9261111111111104
2015-01-13,-5.0,-10.6,0.0,-6.295277777777777
2015-01-14,-6.1,-15.0,0.0,-7.528611111111114
2015-01-15,2.2,-8.3,0.0,0.6483333333333342
2015-01-16,1.7,-5.6,0.0,0.6744444444444437
2015-01-17,6.7,-1.1,0.0,5.28138888888889
2015-01-18,6.1,-0.6,0.0,4.860833333333332
2015-01-19,6.1,-2.8,0.0,5.28138888888889
2015-01-20,4.4,0.6,0.3,3.679166666666668
2015-01-21,2.2,-0.6,0.0,0.9616666666666676
2015-01-22,1.1,-1.1,0.0,0.16194444444444006
2015-01-23,1.1,-1.1,0.0,-0.4022222222222243
2015-01-24,7.2,0.0,0.0,6.371111111111113
2015-01-25,3.3,-3.3,3.3,2.1297222222222225
2015-01-26,-1.7,-6.1,1.3,-2.856388888888889
2015-01-27,0.6,-4.4,0.0,-1.1758333333333324
2015-01-28,2.2,-4.4,0.3,0.5700000000000018
2015-01-29,3.9,-0.6,0.0,2.958333333333335
2015-01-30,0.0,-5.0,0.0,1.7641666666666664
2015-01-31,3.9,-5.0,4.3,2.893055555555561
2015-02-01,0.6,-6.1,34.0,1.9077777777777765
2015-02-02,-5.6,-12.8,0.8,-5.4955555555555575
2015-02-03,-1.1,-13.3,1.8,-3.9722222222222214
2015-02-04,-1.1,-11.1,1.5,-2.0175000000000014
2015-02-05,-8.3,-16.1,0.0,-8.761944444444445
2015-02-06,0.0,-9.4,0.0,-1.2411111111111102
2015-02-07,6.7,-3.9,0.0,5.320555555555559
2015-02-08,5.6,-0.6,0.0,5.464166666666673
2015-02-09,-0.6,-3.3,0.0,0.33166666666666345
2015-02-10,0.6,-3.9,0.0,-0.702500000000001
2015-02-11,3.3,-6.1,0.0,2.367499999999999
2015-02-12,-6.1,-11.7,0.0,-1.7405555555555532
2015-02-13,-1.7,-13.9,0.0,-5.743611111111113
2015-02-14,-1.7,-15.6,0.0,-2.817222222222221
2015-02-15,-8.3,-17.8,0.5,-10.48166666666667
2015-02-16,-7.2,-13.3,0.0,-9.114444444444446
2015-02-17,-5.6,-11.7,0.3,-7.003611111111109
2015-02-18,-11.7,-17.8,0.0,-9.93
2015-02-19,-13.9,-20.6,0.0,-16.05805555555556
2015-02-20,-6.7,-18.3,0.0,-8.86638888888889
2015-02-21,0.6,-7.2,0.0,-1.1758333333333324
2015-02-22,-1.1,-13.9,0.0,-1.7013888888888888
2015-02-23,-9.4,-17.8,0.0,-11.267777777777777
2015-02-24,0.0,-14.4,0.0,-2.3047222222222232
2015-02-25,-2.2,-8.9,3.8,-1.7013888888888888
2015-02-26,-5.6,-13.9,4.6,-6.073333333333334
2015-02-27,-8.3,-17.8,0.0,-10.13888888888889
2015-02-28,-5.0,-17.2,0.3,-6.673888888888888
2015-03-01,-2.8,-7.8,0.3,-3.9722222222222214
2015-03-02,1.1,-8.9,0.0,-0.7808333333333353
2015-03-03,2.8,-2.8,2.3,1.9861111111111087
2015-03-04,0.6,-10.0,0.0,1.3691666666666673
2015-03-05,-7.2,-13.3,0.0,-8.471944444444444
2015-03-06,-2.2,-14.4,0.0,-4.194166666666664
2015-03-07,7.8,-3.3,0.0,6.883611111111109
2015-03-08,5.6,-0.6,0.0,4.678055555555558
2015-03-09,11.1,-2.2,0.0,9.732222222222223
2015-03-10,12.8,2.8,0.0,11.699444444444444
2015-03-11,12.2,2.2,0.0,10.782777777777781
2015-03-12,14.4,0.6,0.0,13.539444444444442
2015-03-13,18.3,5.0,0.0,17.63444444444444
2015-03-14,16.7,4.4,0.0,15.389722222222227
2015-03-15,17.8,1.1,0.0,17.213888888888892
2015-03-16,23.3,6.7,0.0,22.962777777777777
2015-03-17,6.7,-0.6,0.0,21.41333333333334
2015-03-18,10.0,-1.1,0.0,8.775833333333335
2015-03-19,10.0,5.0,0.0,8.198055555555557
2015-03-20,11.1,3.9,0.0,9.888888888888888
2015-03-21,10.0,1.7,0.0,8.759444444444442
2015-03-22,2.8,-1.1,0.0,2.328333333333335
2015-03-23,0.0,-1.1,10.9,-0.020833333333336097
2015-03-24,4.4,-3.9,1.3,2.775555555555561
2015-03-25,6.1,3.3,4.1,5.464166666666673
2015-03-26,7.8,1.1,0.0,6.162222222222222
2015-03-27,1.1,-3.9,1.0,3.2744444444444474
2015-03-28,2.8,-6.1,0.0,0.6772222222222228
2015-03-29,10.6,-2.2,0.8,8.13
2015-03-30,17.8,2.8,0.0,17.083333333333336
2015-03-31,13.9,5.0,0.0,13.656944444444441
2015-04-01,23.3,5.0,0.0,22.819166666666668
2015-04-02,20.0,10.0,10.4,21.191388888888884
2015-04-03,13.9,0.6,0.0,16.740555555555552
2015-04-04,16.1,-0.6,0.0,15.23305555555556
2015-04-05,20.6,8.3,0.0,19.24972222222222
2015-04-06,17.8,5.0,3.0,16.939722222222223
2015-04-07,9.4,4.4,1.3,8.694166666666668
2015-04-08,12.2,6.1,3.0,11.777777777777779
2015-04-09,23.3,7.8,24.4,23.45888888888889
2015-04-10,18.3,5.6,0.0,23.393611111111106
2015-04-11,17.8,3.9,0.0,16.531666666666663
2015-04-12,21.7,8.3,0.0,20.54833333333334
2015-04-13,20.6,11.7,3.6,20.049444444444443
2015-04-14,19.4,7.8,0.0,18.107777777777773
2015-04-15,19.4,6.7,0.0,18.724166666666672
2015-04-16,17.8,8.3,10.7,16.740555555555552
2015-04-17,26.7,9.4,0.0,25.36472222222222
2015-04-18,20.0,10.0,0.0,22.46388888888889
2015-04-19,20.6,10.6,11.7,19.49777777777778
2015-04-20,13.3,6.1,0.3,13.167777777777777
2015-04-21,14.4,5.0,0.0,12.936111111111112
2015-04-22,9.4,2.8,0.0,8.446111111111113
2015-04-23,13.3,1.1,0.0,12.253888888888886
2015-04-24,15.6,1.7,8.4,14.012777777777778
2015-04-25,9.4,4.4,9.7,9.627777777777776
2015-04-26,13.9,3.9,0.0,13.014444444444445
2015-04-27,13.3,6.1,0.0,12.580277777777773
2015-04-28,15.6,3.3,0.0,14.313055555555556
2015-04-29,17.8,5.6,0.0,16.58388888888889
2015-04-30,10.6,5.6,0.0,10.426944444444441
2015-05-01,18.3,4.4,0.0,17.765
2015-05-02,26.1,11.7,0.0,25.181944444444436
2015-05-03,27.8,15.6,3.8,26.507309687591107
2015-05-04,23.3,13.9,0.0,22.76416666666667
2015-05-05,15.6,10.6,19.8,16.502777777777776
2015-05-06,27.8,10.6,0.0,27.676087608817763
2015-05-07,30.6,13.9,0.0,28.75228311111112
2015-05-08,28.9,18.9,8.4,28.89326381961784
2015-05-09,19.4,9.4,11.9,20.16361111111111
2015-05-10,14.4,8.3,5.1,14.126944444444444
2015-05-11,21.7,10.0,5.1,21.135833333333334
2015-05-12,14.4,8.3,0.0,18.603888888888886
2015-05-13,11.7,7.2,0.0,12.632499999999997
2015-05-14,20.6,7.8,3.6,19.576111111111107
2015-05-15,26.1,15.6,0.3,26.111666666666668
2015-05-16,27.8,19.4,0.8,28.751274357351114
2015-05-17,28.9,20.6,0.0,30.026780984595675
2015-05-18,27.2,10.6,0.0,29.10017681673787
2015-05-19,12.2,6.7,0.0,18.946111111111115
2015-05-20,10.6,6.1,0.5,9.063055555555557
2015-05-21,21.1,8.3,0.0,20.023333333333333
2015-05-22,20.0,10.0,0.0,20.023333333333333
2015-05-23,28.3,11.7,0.0,26.68972755820452
2015-05-24,24.4,16.7,14.2,24.669444444444444
2015-05-25,27.2,20.0,3.3,27.543531976835535
2015-05-26,25.0,20.6,12.7,27.676087608817763
2015-05-27,25.0,17.8,1.5,23.393611111111106
2015-05-28,28.9,15.6,0.0,28.164564010515555
2015-05-29,28.9,21.7,2.8,29.66075088801562
2015-05-30,22.8,7.2,22.6,28.957169045315645
2015-05-31,13.9,6.7,1.5,12.736944444444443
2015-06-01,16.7,8.9,0.0,15.637777777777778
2015-06-02,21.7,7.2,0.0,20.783333333333342
2015-06-03,26.1,12.8,0.0,25.928888888888896
2015-06-04,27.8,16.7,0.0,28.39887615283563
2015-06-05,22.8,13.3,0.0,28.312649868817804
2015-06-06,22.8,12.2,0.0,22.003611111111102
2015-06-07,28.3,15.6,11.9,30.284278656195674
2015-06-08,30.0,17.2,7.6,29.41421488587567
2015-06-09,30.6,16.1,0.0,30.03229921107551
2015-06-10,34.4,21.7,31.0,36.91070788641558
2015-06-11,26.1,18.3,8.6,25.243888888888886
2015-06-12,23.3,14.4,3.8,23.10361111111111
2015-06-13,31.1,14.4,11.2,33.78802762316448
2015-06-14,29.4,21.1,49.3,31.900241944515585
2015-06-15,28.3,21.7,27.9,30.78902595639117
2015-06-16,23.3,15.6,0.0,23.195000000000004
2015-06-17,22.2,14.4,8.1,22.29083333333332
2015-06-18,27.8,15.0,0.3,29.578584348391068
2015-06-19,20.0,13.9,0.0,25.035
2015-06-20,27.8,13.9,9.4,28.751274357351114
2015-06-21,30.6,21.1,0.3,30.824248934595516
2015-06-22,29.4,22.2,0.8,33.84550669876458
2015-06-23,27.2,19.4,0.0,34.48061279223114
2015-06-24,26.1,18.9,0.0,26.0463888888889
2015-06-25,28.3,18.3,7.6,28.33768810961774
2015-06-26,21.1,16.1,16.0,21.948611111111106
2015-06-27,25.0,15.0,0.0,24.747777777777774
2015-06-28,27.2,14.4,0.0,26.53277777777778
2015-06-29,23.9,18.9,18.5,23.879999999999995
2015-06-30,26.7,16.1,0.0,26.111666666666668
2015-07-01,20.0,14.4,0.0,19.98083333333333
2015-07-02,21.7,13.3,0.0,21.01833333333333
2015-07-03,25.0,16.1,0.0,24.248333333333335
2015-07-04,28.9,16.7,0.0,28.164564010515555
2015-07-05,29.4,18.3,0.0,29.336038526595594
2015-07-06,31.1,21.7,12.7,33.19595416537561
2015-07-07,23.3,15.0,10.2,30.549454376151076
2015-07-08,20.0,15.0,0.5,19.798055555555557
2015-07-09,23.3,16.1,1.0,22.711944444444455
2015-07-10,27.8,17.2,0.0,27.23515810385777
2015-07-11,27.2,18.3,1.8,27.543531976835535
2015-07-12,28.3,20.6,0.3,29.543688464791305
2015-07-13,31.1,21.1,15.0,35.99969964348455
2015-07-14,28.9,17.8,0.0,37.86849669121564
2015-07-15,24.4,16.7,0.0,24.23527777777778
2015-07-16,26.1,17.2,17.0,26.190000000000005
2015-07-17,33.9,23.3,0.0,38.846038964051104
2015-07-18,33.9,24.4,4.3,39.53985497449563
2015-07-19,31.1,22.2,0.0,33.85445181291555
2015-07-20,31.7,20.0,0.0,31.348378167197765
2015-07-21,27.8,21.1,0.0,30.294298970771212
2015-07-22,28.9,19.4,0.0,27.721938942035614
2015-07-23,30.0,19.4,0.0,28.925280710631114
2015-07-24,30.6,20.6,0.0,29.689165055555495
2015-07-25,33.3,22.8,0.0,36.45781422883556
2015-07-26,27.8,21.7,0.0,29.697203661351164
2015-07-27,32.2,21.7,0.0,32.023305295084555
2015-07-28,34.4,23.3,0.0,36.32746605479784
2015-07-29,32.2,23.3,0.5,34.28580817393564
2015-07-30,32.2,20.6,0.0,30.18421456132451
2015-07-31,32.2,21.1,0.0,30.18421456132451
2015-08-01,31.7,18.9,0.0,30.14254564121777
2015-08-02,35.0,20.0,14.2,36.32746605479784
2015-08-03,28.9,20.0,0.0,34.73444154748442
2015-08-04,28.9,17.8,0.0,27.908959375464487
2015-08-05,28.3,18.3,0.0,27.534022768335646
2015-08-06,28.9,21.1,0.0,28.50576934161565
2015-08-07,29.4,20.0,0.0,28.33797592205119
2015-08-08,29.4,21.7,0.0,29.898529149217854
2015-08-09,28.3,21.1,0.0,28.577176604924507
2015-08-10,30.0,21.7,13.0,30.915363245315625
2015-08-11,27.8,20.0,0.0,27.676087608817763
2015-08-12,26.1,18.3,0.0,25.612777777777776
2015-08-13,30.0,19.4,0.0,29.56310813900446
2015-08-14,32.2,21.7,5.3,34.73444154748442
2015-08-15,32.2,21.1,26.7,34.32017456463127
2015-08-16,32.8,22.2,0.0,33.57033428108443
2015-08-17,32.2,22.2,3.8,34.016651047591154
2015-08-18,28.9,21.1,22.9,30.717955184364623
2015-08-19,26.1,17.8,0.0,28.92591493923561
2015-08-20,24.4,16.1,0.0,23.644999999999996
2015-08-21,28.9,15.6,0.0,28.164564010515555
2015-08-22,28.3,18.9,0.0,27.49281419379563
2015-08-23,26.1,18.3,0.5,26.59805555555556
2015-08-24,24.4,13.9,0.0,23.59277777777777
2015-08-25,22.8,16.7,0.0,22.620555555555562
2015-08-26,19.4,15.0,0.0,19.168055555555554
2015-08-27,23.9,13.3,0.0,23.749444444444443
2015-08-28,24.4,16.7,0.0,23.90611111111111
2015-08-29,24.4,18.9,8.9,24.5225
2015-08-30,25.6,18.9,0.0,25.665000000000003
2015-08-31,30.6,18.3,0.0,31.887677555555513
2015-09-01,31.7,23.3,0.0,34.7744635280245
2015-09-02,33.3,22.8,0.0,35.24517878083567
2015-09-03,33.9,23.3,0.0,35.513380247404434
2015-09-04,30.6,22.2,0.0,33.820934725784504
2015-09-05,30.6,22.8,0.0,30.717955184364623
2015-09-06,34.4,23.3,0.0,35.34735951507558
2015-09-07,32.2,25.0,0.0,34.32017456463127
2015-09-08,31.1,21.1,33.5,32.25272841111113
2015-09-09,25.6,16.7,0.0,24.891388888888894
2015-09-10,25.0,15.0,6.4,24.248333333333335
2015-09-11,20.6,13.9,10.7,19.429166666666664
2015-09-12,18.9,11.7,4.6,17.804166666666667
2015-09-13,21.7,10.0,0.0,20.678888888888892
2015-09-14,28.3,13.3,0.0,27.534022768335646
2015-09-15,28.9,18.3,0.0,27.54942127531563
2015-09-16,28.9,16.1,0.0,28.03957093897562
2015-09-17,30.6,18.9,0.0,30.454350755555513
2015-09-18,26.1,19.4,98.3,28.577176604924507
2015-09-19,21.7,13.9,2.8,21.948611111111106
2015-09-20,22.2,11.7,0.0,21.36111111111111
2015-09-21,23.3,13.3,0.0,22.49
2015-09-22,27.2,13.9,0.0,26.493611111111115
2015-09-23,26.7,16.1,0.0,25.87666666666667
2015-09-24,25.6,16.7,0.0,25.50833333333333
2015-09-25,24.4,17.8,0.0,23.840833333333332
2015-09-26,24.4,16.1,0.0,23.879999999999995
2015-09-27,24.4,19.4,0.0,23.932222222222222
2015-09-28,27.2,19.4,0.0,27.47501360605107
2015-09-29,22.2,15.0,0.0,25.087222222222227
2015-09-30,17.2,12.8,0.0,16.16333333333333
2015-10-01,15.6,11.7,0.0,15.073611111111108
2015-10-02,16.7,11.7,0.0,16.098055555555554
2015-10-03,12.8,9.4,1.5,14.956111111111106
2015-10-04,15.6,10.6,0.0,14.717777777777782
2015-10-05,16.1,13.9,0.0,15.95111111111111
2015-10-06,20.0,14.4,0.0,19.75888888888889
2015-10-07,22.8,13.3,0.0,22.003611111111102
2015-10-08,26.1,12.8,0.0,25.50833333333333
2015-10-09,19.4,9.4,0.0,23.171666666666667
2015-10-10,18.9,7.2,0.0,18.421111111111102
2015-10-11,26.7,11.7,0.0,25.928888888888896
2015-10-12,25.0,13.3,0.0,24.02638888888889
2015-10-13,17.8,10.6,0.0,19.510833333333338
2015-10-14,18.3,7.2,0.0,17.161666666666672
2015-10-15,21.7,9.4,0.0,20.496111111111112
2015-10-16,13.3,5.6,0.0,15.889166666666666
2015-10-17,12.2,2.2,0.0,10.678333333333335
2015-10-18,16.1,1.7,0.0,14.734166666666665
2015-10-19,23.3,8.3,0.0,22.32027777777778
2015-10-20,25.0,12.8,2.3,24.617222222222225
2015-10-21,25.0,15.0,0.0,24.27444444444445
2015-10-22,17.8,12.8,0.0,22.65972222222223
2015-10-23,18.9,12.2,1.5,17.396666666666672
2015-10-24,20.0,10.6,2.0,19.494444444444447
2015-10-25,17.2,5.6,0.0,16.01972222222222
2015-10-26,16.7,5.6,0.0,15.507222222222225
2015-10-27,13.9,10.6,11.9,13.458333333333337
2015-10-28,14.4,3.9,5.3,14.244444444444444
2015-10-29,8.9,3.3,0.0,8.260555555555555
2015-10-30,13.9,2.8,0.0,12.65861111111111
2015-10-31,12.2,7.8,20.8,10.453055555555556
2015-11-01,18.3,7.8,0.0,17.25305555555556
2015-11-02,23.3,10.0,0.0,22.88444444444444
2015-11-03,22.8,10.0,0.0,22.620555555555562
2015-11-04,22.8,10.0,0.0,22.73805555555556
2015-11-05,21.7,16.1,0.0,21.504722222222224
2015-11-06,19.4,6.1,11.4,19.39
2015-11-07,12.8,3.3,0.0,11.425277777777778
2015-11-08,12.2,1.1,0.0,10.730555555555554
2015-11-09,13.3,1.7,0.0,12.3975
2015-11-10,14.4,3.3,0.0,13.105833333333337
2015-11-11,17.8,6.1,18.5,17.279166666666672
2015-11-12,14.4,6.7,0.8,16.13722222222222
2015-11-13,8.9,2.2,0.0,8.694166666666668
2015-11-14,14.4,-0.6,0.0,13.630833333333333
2015-11-15,18.9,6.7,0.0,17.63444444444444
2015-11-16,14.4,8.9,1.5,14.273888888888886
2015-11-17,17.2,9.4,12.7,14.86138888888889
2015-11-18,17.2,10.0,8.6,17.02777777777777
2015-11-19,10.0,2.8,0.0,12.85444444444444
2015-11-20,6.1,0.6,3.8,4.785277777777779
2015-11-21,1.7,-6.1,20.6,3.786944444444443
2015-11-22,-1.7,-10.6,0.0,-2.738888888888889
2015-11-23,3.9,-2.8,0.0,2.958333333333335
2015-11-24,7.2,-3.3,0.0,6.345000000000003
2015-11-25,11.7,3.9,0.5,11.017777777777777
2015-11-26,16.7,10.0,15.0,16.502777777777776
2015-11-27,13.9,3.3,26.4,15.87277777777778
2015-11-28,4.4,2.2,0.0,3.6008333333333318
2015-11-29,6.1,-1.1,0.0,5.242222222222226
2015-11-30,7.8,3.9,4.1,7.040277777777778
2015-12-01,7.2,3.9,5.6,7.105555555555551
2015-12-02,3.9,0.6,4.8,4.717222222222222
2015-12-03,2.8,-0.6,0.0,1.9077777777777765
2015-12-04,8.9,0.6,0.0,8.169166666666667
2015-12-05,7.2,-1.1,0.0,5.819999999999999
2015-12-06,8.9,0.0,0.0,8.103888888888891
2015-12-07,4.4,0.6,0.0,6.4363888888888905
2015-12-08,9.4,4.4,0.0,7.708888888888889
2015-12-09,12.8,6.1,0.0,11.581944444444446
2015-12-10,15.6,6.1,0.0,14.391388888888887
2015-12-11,12.8,6.7,0.0,11.49055555555556
2015-12-12,15.6,10.6,0.0,15.452222222222218
2015-12-13,17.8,12.2,23.4,17.106111111111108
2015-12-14,16.7,6.1,10.9,16.607222222222223
2015-12-15,6.7,5.0,0.0,7.78722222222222
2015-12-16,12.8,1.7,3.3,11.803888888888888
2015-12-17,2.2,-1.1,0.0,5.242222222222226
2015-12-18,0.6,-3.3,0.0,-0.702500000000001
2015-12-19,0.0,-8.3,0.0,-0.702500000000001
2015-12-20,10.6,-2.2,0.8,9.666944444444441
2015-12-21,12.2,6.1,21.3,11.92138888888889
2015-12-22,6.7,2.8,0.5,10.202222222222222
2015-12-23,16.1,5.6,21.3,15.582777777777778
2015-12-24,6.7,2.2,0.0,14.126944444444444
2015-12-25,7.8,2.2,0.0,6.935833333333331
2015-12-26,7.2,5.0,8.4,6.658333333333333
2015-12-27,6.1,2.2,6.6,6.762777777777779
2015-12-28,5.6,0.0,50.8,2.367499999999999
2015-12-29,5.0,-0.6,0.0,4.4397222222222235
2015-12-30,-0.6,-2.2,2.5,-0.9930555555555564
2015-12-31,-1.7,-4.4,0.0,-2.817222222222221
2016-01-01,-0.6,-6.7,0.0,-2.856388888888889
2016-01-02,0.6,-5.6,0.0,-0.5197222222222249
2016-01-03,-0.6,-4.4,0.0,-1.0713888888888887
2016-01-04,0.0,-3.9,0.0,-1.2149999999999987
2016-01-05,1.1,-6.1,0.0,-0.046944444444447536
2016-01-06,3.9,-3.9,0.0,2.8669444444444476
2016-01-07,6.1,2.2,0.0,5.124722222222226
2016-01-08,7.8,3.9,5.8,6.224722222222224
2016-01-09,6.7,-2.8,9.1,7.340555555555552
2016-01-10,-2.8,-15.6,0.0,0.33166666666666345
2016-01-11,-3.3,-16.7,3.3,-6.873055555555554
2016-01-12,-5.6,-15.0,0.3,-4.379722222222221
2016-01-13,-1.7,-16.7,0.0,-6.925277777777777
2016-01-14,7.2,-2.2,0.0,6.501666666666669
2016-01-15,6.1,0.0,1.3,6.553888888888891
2016-01-16,0.0,-10.0,0.0,0.2533333333333311
2016-01-17,-10.0,-17.2,0.0,-4.154999999999999
2016-01-18,-12.2,-18.9,0.0,-14.798611111111107
2016-01-19,-7.8,-16.7,0.0,-9.57472222222222
2016-01-20,-3.9,-10.6,1.3,-5.782777777777778
2016-01-21,0.0,-8.9,0.0,-1.8972222222222217
2016-01-22,0.0,-6.1,0.5,-1.8449999999999989
2016-01-23,1.7,-4.4,0.0,0.517777777777779
2016-01-24,2.8,-4.4,0.0,1.147222222222221
2016-01-25,6.1,-1.7,2.3,4.1525
2016-01-26,3.3,-2.8,0.3,5.0174999999999965
2016-01-27,1.7,-3.3,0.0,-0.046944444444447536
2016-01-28,5.0,-0.6,0.3,4.061111111111113
2016-01-29,2.8,-4.4,0.0,1.2908333333333348
2016-01-30,9.4,2.2,0.0,8.13
2016-01-31,9.4,1.7,0.8,9.07277777777778
2016-02-01,8.3,-0.6,0.0,7.447777777777773
2016-02-02,4.4,2.2,19.8,4.678055555555558
2016-02-03,3.9,-1.7,0.0,3.861944444444446
2016-02-04,0.0,-6.1,0.0,-0.32388888888889
2016-02-05,1.1,-2.8,0.0,-0.11222222222222517
2016-02-06,5.6,-3.3,0.0,4.625833333333331
2016-02-07,7.8,1.1,0.0,6.935833333333331
2016-02-08,1.1,-5.0,0.5,5.2161111111111165
2016-02-09,-5.0,-9.4,1.0,-3.4205555555555573
2016-02-10,-7.2,-11.7,0.0,-8.918611111111112
2016-02-11,-4.4,-12.8,0.0,-6.778333333333333
2016-02-12,-3.9,-12.8,0.0,-5.939444444444446
2016-02-13,-7.2,-15.6,0.0,-9.023055555555556
2016-02-14,-7.2,-10.6,3.0,-9.19611111111111
2016-02-15,-1.7,-7.2,0.0,-2.6866666666666656
2016-02-16,2.8,-3.3,1.3,1.147222222222221
2016-02-17,2.2,-2.8,0.0,0.45250000000000135
2016-02-18,5.6,-3.3,0.0,4.651944444444444
2016-02-19,18.3,5.6,0.0,16.766666666666666
2016-02-20,15.6,5.6,0.0,14.273888888888886
2016-02-21,6.7,1.7,0.0,10.965555555555556
2016-02-22,7.2,-2.2,0.0,5.728611111111112
2016-02-23,7.8,-0.6,0.0,6.083888888888893
2016-02-24,3.9,0.0,6.6,3.3658333333333346
2016-02-25,3.3,0.0,0.0,1.6205555555555564
2016-02-26,1.7,-2.2,0.0,-0.08611111111111372
2016-02-27,12.8,-2.2,0.0,11.950833333333332
2016-02-28,17.8,3.3,1.3,17.318333333333335
2016-02-29,12.8,-1.1,0.0,15.151944444444446
2016-03-01,0.6,-6.7,3.0,1.1733333333333344
2016-03-02,0.6,-10.0,0.0,-0.8983333333333358
2016-03-03,0.6,-1.7,1.8,-0.32388888888889
2016-03-04,3.9,-5.0,0.8,2.7494444444444475
2016-03-05,4.4,-1.7,0.0,3.6400000000000037
2016-03-06,11.7,1.7,0.0,10.426944444444441
2016-03-07,16.7,8.3,0.0,16.293888888888887
2016-03-08,22.8,14.4,0.0,21.938333333333325
2016-03-09,18.3,11.7,1.5,20.362777777777772
2016-03-10,11.7,5.0,0.0,14.835277777777783
2016-03-11,11.7,2.8,0.0,10.874166666666667
2016-03-12,15.6,3.3,0.0,14.469722222222224
2016-03-13,10.0,6.1,20.8,10.084722222222224
2016-03-14,12.2,6.1,1.3,11.239722222222225
2016-03-15,17.8,8.3,2.0,17.540277777777778
2016-03-16,14.4,8.3,3.0,16.936388888888885
2016-03-17,14.4,6.1,0.0,13.053611111111113
2016-03-18,10.0,1.7,0.0,10.743611111111115
2016-03-19,8.3,2.2,0.0,6.345000000000003
2016-03-20,7.2,0.6,0.0,5.624166666666671
2016-03-21,10.0,0.0,0.0,8.971666666666668
2016-03-22,19.4,6.7,0.0,18.81555555555555
2016-03-23,8.3,3.9,3.0,17.213888888888892
2016-03-24,4.4,-0.6,31.5,5.108888888888888
2016-03-25,7.2,-0.6,0.0,6.279722222222222
2016-03-26,12.8,1.7,0.0,11.49055555555556
2016-03-27,18.9,5.6,4.6,18.434166666666666
2016-03-28,11.7,3.9,0.0,10.309444444444441
2016-03-29,15.6,1.7,0.0,14.208611111111114
2016-03-30,16.7,7.8,9.4,15.09972222222222
2016-03-31,21.1,7.2,2.0,20.519444444444446
2016-04-01,10.6,2.8,4.6,12.277222222222225
2016-04-02,5.6,-1.7,1.5,5.28138888888889
2016-04-03,22.2,-1.7,0.3,21.690277777777773
2016-04-04,3.9,-0.6,0.0,21.703333333333326
2016-04-05,8.3,-1.7,0.5,7.291111111111109
2016-04-06,10.0,6.1,14.5,9.689722222222224
2016-04-07,6.1,1.7,1.3,7.865555555555556
2016-04-08,6.7,-1.7,3.6,5.28138888888889
2016-04-09,2.8,-4.4,0.0,2.041111111111107
2016-04-10,10.6,1.1,4.8,8.534722222222225
2016-04-11,11.1,4.4,0.0,10.35888888888889
2016-04-12,7.8,0.6,0.0,8.945555555555558
2016-04-13,13.9,2.8,0.0,11.963888888888887
2016-04-14,16.1,4.4,0.0,15.285277777777784
2016-04-15,20.6,7.2,0.0,20.049444444444443
2016-04-16,25.0,8.9,0.0,24.039444444444445
2016-04-17,26.7,10.6,0.0,26.389166666666668
2016-04-18,28.3,11.7,0.0,26.928405505235606
2016-04-19,16.1,8.9,0.0,22.333333333333343
2016-04-20,22.8,12.2,8.9,21.820833333333326
2016-04-21,21.7,13.3,1.0,21.348055555555558
2016-04-22,14.4,6.7,0.0,15.243333333333332
2016-04-23,15.6,5.6,0.0,14.495833333333334
2016-04-24,26.7,7.8,0.0,25.889722222222233
2016-04-25,28.9,16.7,0.3,27.78952527557118
2016-04-26,22.2,6.7,0.0,27.065915636284476
2016-04-27,10.0,6.1,19.8,9.389444444444443
2016-04-28,10.6,7.2,1.0,10.123888888888889
2016-04-29,10.6,6.7,0.3,9.389444444444443
2016-04-30,10.0,7.2,20.6,9.454722222222223
2016-05-01,10.6,6.7,11.9,10.202222222222222
2016-05-02,14.4,6.7,0.0,13.69611111111111
2016-05-03,20.0,5.6,0.0,19.458611111111107
2016-05-04,15.0,6.7,13.5,17.712777777777774
2016-05-05,16.1,5.6,0.0,15.021388888888888
2016-05-06,28.3,7.8,0.0,27.141760369117826
2016-05-07,21.7,9.4,0.0,26.790513540817827
2016-05-08,20.6,7.2,0.0,20.088611111111106
2016-05-09,15.6,10.6,10.2,18.316666666666666
2016-05-10,21.7,12.2,42.2,21.135833333333334
2016-05-11,20.6,12.8,0.3,20.02
2016-05-12,21.7,12.8,11.4,21.47861111111111
2016-05-13,19.4,7.2,16.8,18.946111111111115
2016-05-14,8.9,6.1,0.0,16.37222222222222
2016-05-15,13.9,3.3,0.0,12.3975
2016-05-16,21.7,8.3,0.0,20.088611111111106
2016-05-17,14.4,8.9,0.5,18.342777777777776
2016-05-18,18.9,7.2,0.0,17.86944444444444
2016-05-19,20.6,6.7,0.0,19.288888888888888
2016-05-20,20.0,11.7,0.0,19.484722222222217
2016-05-21,24.4,13.3,0.0,23.436111111111114
2016-05-22,25.6,12.2,0.0,24.669444444444444
2016-05-23,28.9,12.2,0.0,27.299166898337837
2016-05-24,31.7,17.8,0.0,29.87279721940449
2016-05-25,32.2,18.3,18.5,30.829704868737778
2016-05-26,29.4,18.3,0.0,29.682065621315626
2016-05-27,28.9,20.6,4.6,29.300882540051173
2016-05-28,28.3,21.1,0.0,29.31698503179564
2016-05-29,27.2,18.3,0.0,28.312649868817804
2016-05-30,30.6,18.3,0.0,29.227926396497807
2016-05-31,28.9,18.3,21.1,28.164564010515555
2016-06-01,27.2,18.3,11.9,27.360965654024444
2016-06-02,26.7,16.7,0.0,26.519722222222224
2016-06-03,28.9,17.2,0.0,27.721938942035614
2016-06-04,23.9,18.9,0.3,26.762939877617825
2016-06-05,27.2,17.2,3.0,26.506666666666668
2016-06-06,28.9,16.7,0.0,27.224983142015567
2016-06-07,20.0,13.3,0.0,24.669444444444444
2016-06-08,21.1,12.2,0.0,19.75888888888889
2016-06-09,22.8,14.4,2.5,21.765833333333333
2016-06-10,34.4,18.3,0.0,34.427815724817805
2016-06-11,33.9,23.9,0.0,35.25822549561561
2016-06-12,27.2,16.1,0.0,32.94917448145782
2016-06-13,31.1,15.6,0.0,30.03229921107551
2016-06-14,31.1,20.6,0.0,32.78368005370444
2016-06-15,33.3,20.6,17.8,34.7744635280245
2016-06-16,27.2,18.3,0.0,33.379843183571246
2016-06-17,30.0,17.2,0.0,28.212559992871135
2016-06-18,31.1,17.8,0.0,28.681861811111155
2016-06-19,32.8,21.1,0.0,31.75479802455107
2016-06-20,33.3,22.8,0.0,37.05415802092446
2016-06-21,29.4,18.9,0.0,32.195672139537734
2016-06-22,25.0,20.0,15.0,27.421114341624484
2016-06-23,26.7,19.4,0.0,25.76944444444444
2016-06-24,27.8,19.4,0.0,27.763646131857854
2016-06-25,32.8,21.7,0.0,34.3537671678578
2016-06-26,32.2,23.9,12.7,34.28580817393564
2016-06-27,32.8,21.1,0.0,32.69984507868445
2016-06-28,22.8,15.6,0.0,25.612777777777776
2016-06-29,25.6,13.9,0.0,24.760833333333338
2016-06-30,26.1,17.8,0.0,25.495277777777776
2016-07-01,22.8,17.8,0.0,24.891388888888894
2016-07-02,25.0,15.0,0.0,24.104722222222218
2016-07-03,25.6,16.7,0.0,24.865277777777774
2016-07-04,27.2,18.9,0.0,27.592192616015534
2016-07-05,31.1,20.6,0.0,31.126955483004483
2016-07-06,32.2,20.0,45.5,33.379843183571246
2016-07-07,28.9,22.2,0.3,31.326208967884572
2016-07-08,31.1,21.1,0.0,33.6296077330646
2016-07-09,26.1,19.4,0.0,27.932119356095637
2016-07-10,28.9,17.8,0.0,28.164564010515555
2016-07-11,33.3,22.8,0.0,35.616047560835526
2016-07-12,32.2,24.4,0.0,35.286900788051064
2016-07-13,30.6,21.1,14.7,32.62913009207105
2016-07-14,31.1,20.6,0.0,31.617318406151192
2016-07-15,25.0,18.3,1.3,29.227926396497807
2016-07-16,25.0,16.7,0.0,24.891388888888894
2016-07-17,30.0,19.4,35.8,31.900241944515585
2016-07-18,30.6,21.1,0.0,32.50994487721565
2016-07-19,31.1,21.1,0.0,31.617318406151192
2016-07-20,31.7,23.3,0.0,33.820934725784504
2016-07-21,32.2,23.9,19.8,39.541848642951145
2016-07-22,32.8,23.3,0.5,39.53985497449563
2016-07-23,33.3,22.2,28.4,39.011986261617736
2016-07-24,34.4,22.8,17.8,42.74355978799784
2016-07-25,30.6,23.3,0.0,30.743255411111097
2016-07-26,30.6,22.8,0.0,30.743255411111097
2016-07-27,32.2,21.7,0.0,32.56900581695783
2016-07-28,28.9,22.2,17.8,30.549454376151076
2016-07-29,27.8,21.1,27.4,29.47601872620456
2016-07-30,26.1,21.7,0.0,25.74333333333333
2016-07-31,27.8,19.4,0.0,28.030491895751087
2016-08-01,28.3,21.1,0.0,29.31698503179564
2016-08-02,31.1,22.8,0.0,31.20833997777773
2016-08-03,32.2,23.3,0.0,33.16821562719118
2016-08-04,33.3,23.9,0.0,33.89808742945776
2016-08-05,31.1,23.3,0.0,33.16821562719118
2016-08-06,28.3,19.4,0.0,29.543688464791305
2016-08-07,28.9,18.9,0.0,28.258726944275562
2016-08-08,29.4,23.3,0.0,29.56310813900446
2016-08-09,32.2,21.7,0.0,32.023305295084555
2016-08-10,32.8,23.3,0.0,33.57033428108443
2016-08-11,34.4,25.0,0.0,38.58431805415117
2016-08-12,28.9,23.9,50.8,35.845619555884504
2016-08-13,29.4,23.9,3.6,31.557488575164523
2016-08-14,29.4,20.6,0.0,30.194046724604465
2016-08-15,25.6,22.2,6.9,29.10017681673787
2016-08-16,29.4,22.2,2.0,30.159277208915682
2016-08-17,31.1,21.7,0.0,32.15124504993779
2016-08-18,30.0,22.2,15.2,33.21375493548445
2016-08-19,29.4,21.7,3.8,30.294298970771212
2016-08-20,27.8,18.9,19.6,29.47601872620456
2016-08-21,25.0,16.1,0.0,24.196111111111108
2016-08-22,26.1,15.0,0.0,25.981111111111122
2016-08-23,27.8,18.3,0.0,27.910757868995592
2016-08-24,29.4,22.2,7.6,32.25745578348452
2016-08-25,29.4,21.7,1.8,31.326208967884572
2016-08-26,27.2,20.0,1.0,28.030491895751087
2016-08-27,30.0,21.1,27.7,32.6347006444444
2016-08-28,28.3,23.3,0.0,30.549454376151076
2016-08-29,32.2,22.8,0.8,33.820934725784504
2016-08-30,29.4,23.3,6.1,31.229195675431228
2016-08-31,25.6,21.1,0.0,27.835943809757786
2016-09-01,23.3,18.3,0.0,23.184722222222216
2016-09-02,23.9,17.8,0.0,23.171666666666667
2016-09-03,25.0,16.1,0.0,24.300555555555555
2016-09-04,27.2,17.2,0.0,27.12101463745771
2016-09-05,32.2,19.4,0.0,34.28580817393564
2016-09-06,33.9,24.4,0.0,37.51950270193562
2016-09-07,34.4,24.4,0.8,36.91070788641558
2016-09-08,27.8,22.2,5.6,33.6296077330646
2016-09-09,27.2,20.6,1.5,28.292644831457842
2016-09-10,23.9,16.7,1.3,22.633611111111115
2016-09-11,24.4,13.3,0.0,24.130833333333335
2016-09-12,27.2,16.1,0.0,26.908509560871103
2016-09-13,30.6,18.3,0.0,30.331079793937747
2016-09-14,23.9,19.4,0.3,25.691111111111113
2016-09-15,25.6,17.8,0.0,25.56055555555555
2016-09-16,28.9,18.9,1.3,29.66075088801562
2016-09-17,28.3,19.4,0.5,27.835943809757786
2016-09-18,27.8,17.2,0.0,27.044716462524498
2016-09-19,31.7,17.2,0.0,30.097442011117867
2016-09-20,28.9,21.7,0.0,28.151444389031152
2016-09-21,25.0,20.0,3.6,25.299444444444436
2016-09-22,29.4,20.0,0.0,29.300882540051173
2016-09-23,23.9,21.1,0.0,29.300882540051173
2016-09-24,24.4,19.4,0.0,23.984444444444442
2016-09-25,30.0,18.3,7.6,30.915363245315625
2016-09-26,22.2,13.9,0.8,28.499177144657796
2016-09-27,22.2,11.7,0.0,21.113055555555558
2016-09-28,17.2,11.1,20.8,18.21222222222222
2016-09-29,20.0,15.6,8.1,18.891111111111105
2016-09-30,18.9,16.1,8.1,18.891111111111105
2016-10-01,18.3,15.0,40.1,18.300277777777776
2016-10-02,19.4,14.4,0.0,19.311666666666664
2016-10-03,19.4,16.1,0.0,19.259444444444444
2016-10-04,23.9,16.7,0.0,23.801666666666662
2016-10-05,27.8,17.8,0.0,27.763646131857854
2016-10-06,24.4,16.1,22.1,24.15416666666666
2016-10-07,22.2,9.4,0.0,22.999166666666675
2016-10-08,18.9,6.7,0.0,18.368888888888886
2016-10-09,17.2,10.0,0.0,16.740555555555552
2016-10-10,22.8,10.0,0.0,21.873055555555553
2016-10-11,24.4,15.6,0.0,23.61888888888889
2016-10-12,20.0,8.3,11.4,21.387222222222224
2016-10-13,14.4,5.0,0.0,13.145000000000001
2016-10-14,20.0,6.1,0.0,18.920000000000005
2016-10-15,21.7,12.2,0.0,21.135833333333334
2016-10-16,22.2,18.3,10.7,22.369166666666658
2016-10-17,29.4,20.6,0.0,29.41421488587567
2016-10-18,25.6,14.4,0.0,28.146045184835597
2016-10-19,22.2,11.7,0.0,21.308888888888887
2016-10-20,15.6,8.3,0.0,17.37055555555556
2016-10-21,12.8,4.4,0.0,11.425277777777778
2016-10-22,16.1,3.3,0.0,15.008333333333333
2016-10-23,22.8,8.3,0.0,22.516111111111115
2016-10-24,13.9,6.1,0.0,18.972222222222225
2016-10-25,11.7,5.6,0.5,10.965555555555556
2016-10-26,10.6,7.8,23.6,10.084722222222224
2016-10-27,11.1,6.7,0.0,10.319722222222222
2016-10-28,18.9,6.1,0.0,18.091388888888893
2016-10-29,22.8,14.4,0.0,22.803333333333335
2016-10-30,14.4,6.7,7.1,17.14527777777777
2016-10-31,16.7,6.7,0.0,14.587222222222225
2016-11-01,25.0,16.7,0.0,24.32666666666667
2016-11-02,18.9,13.9,14.0,22.08194444444444
2016-11-03,18.9,11.1,0.0,18.486388888888886
2016-11-04,17.2,7.8,0.0,16.13722222222222
2016-11-05,20.6,8.3,0.0,19.64138888888889
2016-11-06,21.1,8.9,0.0,20.23222222222222
2016-11-07,19.4,8.9,0.0,18.421111111111102
2016-11-08,17.8,11.1,0.3,16.845
2016-11-09,14.4,6.1,0.0,13.630833333333333
2016-11-10,17.8,6.1,0.0,17.161666666666672
2016-11-11,11.7,7.2,0.0,14.352222222222224
2016-11-12,11.1,2.2,0.0,10.283333333333328
2016-11-13,13.9,2.8,0.0,13.092777777777782
2016-11-14,16.1,5.0,0.0,15.09972222222222
2016-11-15,12.8,3.9,0.0,12.80222222222222
2016-11-16,16.1,5.0,0.0,14.613333333333335
2016-11-17,23.3,9.4,0.0,23.054166666666667
2016-11-18,18.9,4.4,2.8,19.70666666666667
2016-11-19,4.4,-1.7,0.0,8.694166666666668
2016-11-20,2.2,-3.9,0.0,0.9644444444444468
2016-11-21,6.1,-4.4,0.0,4.443055555555556
2016-11-22,5.0,-1.1,0.3,3.4311111111111123
2016-11-23,7.8,3.3,8.1,6.224722222222224
2016-11-24,7.2,2.8,0.0,6.762777777777779
2016-11-25,5.6,1.1,0.0,4.821666666666668
2016-11-26,8.9,0.6,0.0,8.234444444444446
2016-11-27,7.8,1.7,1.8,6.055000000000001
2016-11-28,11.7,5.6,27.4,10.463333333333335
2016-11-29,14.4,7.2,0.0,13.366944444444448
2016-11-30,8.3,2.2,0.0,12.277222222222225
2016-12-01,5.6,2.8,0.3,4.7825
2016-12-02,5.0,1.7,0.0,4.087222222222222
2016-12-03,1.7,-0.6,0.0,2.3022222222222215
2016-12-04,1.7,-1.1,12.7,0.16194444444444006
2016-12-05,1.7,0.6,0.0,0.29249999999999926
2016-12-06,4.4,-2.2,0.0,3.6400000000000037
2016-12-07,-1.1,-4.4,0.0,-0.4805555555555567
2016-12-08,-3.9,-7.8,0.0,-4.588611111111109
2016-12-09,-3.3,-6.7,0.0,-4.653888888888886
2016-12-10,-3.9,-6.7,3.6,-5.283888888888886
2016-12-11,1.7,-3.9,8.4,0.29249999999999926
2016-12-12,1.1,-10.0,0.0,0.9224999999999994
2016-12-13,-3.9,-15.0,0.3,-5.101111111111108
2016-12-14,-6.1,-15.6,0.0,-7.698333333333334
2016-12-15,-11.7,-17.2,0.0,-12.935277777777774
2016-12-16,-5.0,-12.2,0.8,-7.698333333333334
2016-12-17,-3.3,-6.7,2.8,-4.431944444444444
2016-12-18,-6.7,-20.6,1.0,-6.794722222222222
2016-12-19,-8.9,-21.1,0.0,-11.715
2016-12-20,-1.1,-8.9,0.0,-2.46138888888889
2016-12-21,3.3,-5.6,0.0,1.1733333333333344
2016-12-22,3.9,-2.8,0.0,2.840833333333334
2016-12-23,3.3,-2.2,1.3,1.9077777777777765
2016-12-24,2.8,1.1,0.0,1.9599999999999993
2016-12-25,5.6,0.6,1.5,1.0138888888888904
2016-12-26,12.8,-1.1,6.6,12.721111111111108
2016-12-27,0.0,-3.3,0.0,4.599722222222222
2016-12-28,6.7,-4.4,0.0,5.624166666666671
2016-12-29,2.2,-0.6,0.0,4.126388888888886
2016-12-30,2.8,-3.9,0.0,0.5700000000000018
2016-12-31,6.1,-3.3,0.0,3.9044444444444437
2017-01-01,5.0,-5.6,0.0,3.1830555555555566
2017-01-02,5.0,-0.6,6.1,3.6400000000000037
2017-01-03,5.6,-6.1,0.5,5.069722222222223
2017-01-04,-6.1,-12.2,0.0,2.0383333333333318
2017-01-05,-9.4,-15.0,0.0,-10.690555555555555
2017-01-06,-12.2,-17.2,0.0,-13.499999999999998
2017-01-07,-7.2,-16.7,0.0,-8.996944444444445
2017-01-08,-6.7,-15.6,0.0,-9.075277777777778
2017-01-09,1.7,-7.2,0.5,-2.370000000000001
2017-01-10,11.1,-2.8,5.1,10.766388888888885
2017-01-11,7.2,-2.8,13.7,6.801944444444447
2017-01-12,-0.6,-5.6,2.8,4.491944444444442
2017-01-13,-1.7,-7.8,0.0,-4.024444444444443
2017-01-14,1.7,-3.9,0.0,-0.08611111111111372
2017-01-15,1.7,-5.6,0.0,-0.020833333333336097
2017-01-16,3.9,0.6,14.5,1.5911111111111136
2017-01-17,4.4,0.6,12.7,3.428333333333337
2017-01-18,2.2,0.0,0.0,1.4083333333333354
2017-01-19,5.6,0.0,19.8,4.9
2017-01-20,8.3,2.8,5.3,5.108888888888888
2017-01-21,15.6,4.4,0.0,15.21722222222222
2017-01-22,7.8,4.4,0.0,11.174444444444447
2017-01-23,6.1,3.9,0.0,5.425000000000004
2017-01-24,3.9,2.2,0.0,4.860833333333332
2017-01-25,6.7,1.7,2.3,6.094166666666669
2017-01-26,1.7,0.0,0.5,3.1541666666666717
2017-01-27,0.0,-3.9,0.0,0.12277777777777585
2017-01-28,-1.1,-3.3,0.0,-2.187222222222223
2017-01-29,-1.7,-5.0,0.0,-2.934722222222222
2017-01-30,3.9,-8.3,0.0,-1.8972222222222217
2017-01-31,6.1,2.2,0.5,4.625833333333331
2017-02-01,3.9,-5.0,0.0,2.9322222222222254
2017-02-02,-3.9,-9.4,0.0,-0.8461111111111129
2017-02-03,-1.7,-9.4,0.0,-3.3655555555555554
2017-02-04,1.1,-8.9,0.0,-0.4255555555555585
2017-02-05,5.0,-1.7,0.0,3.2744444444444474
2017-02-06,12.8,-2.8,0.0,11.581944444444446
2017-02-07,11.7,1.1,14.0,11.474722222222221
2017-02-08,1.1,-6.7,0.0,6.133333333333336
2017-02-09,-3.9,-10.0,0.0,-3.5641666666666674
2017-02-10,6.7,-7.8,0.0,4.061111111111113
2017-02-11,11.1,3.3,0.0,9.810555555555554
2017-02-12,9.4,0.0,0.0,7.803611111111116
2017-02-13,7.2,-2.8,0.0,6.031666666666666
2017-02-14,10.6,1.1,0.0,9.666944444444441
2017-02-15,2.2,-2.2,0.0,6.279722222222222
2017-02-16,5.6,-0.6,0.0,4.469166666666666
2017-02-17,19.4,0.0,0.0,18.342777777777776
2017-02-18,21.1,7.2,0.0,20.496111111111112
2017-02-19,19.4,3.3,0.0,17.608333333333334
2017-02-20,21.1,7.8,0.0,20.23222222222222
2017-02-21,18.3,11.7,4.1,18.091388888888893
2017-02-22,19.4,11.1,0.0,19.22027777777778
2017-02-23,15.0,3.3,4.1,18.13055555555555
2017-02-24,6.7,0.6,2.8,5.069722222222223
2017-02-25,1.1,-5.0,0.0,6.133333333333336
2017-02-26,9.4,-4.4,0.0,8.289444444444444
2017-02-27,12.2,0.6,0.0,11.37305555555556
2017-02-28,15.0,8.3,43.9,14.835277777777783
2017-03-01,12.2,0.0,2.3,14.952777777777776
2017-03-02,2.2,-2.8,0.0,0.9383333333333334
2017-03-03,0.6,-6.1,0.0,-0.9113888888888906
2017-03-04,5.6,-1.7,0.3,4.599722222222222
2017-03-05,16.1,0.6,0.0,14.98222222222222
2017-03-06,17.8,11.1,0.0,14.86138888888889
2017-03-07,17.8,6.7,6.4,17.696944444444444
2017-03-08,11.1,4.4,0.0,9.969999999999999
2017-03-09,5.0,1.1,0.0,8.801944444444448
2017-03-10,2.8,-5.0,0.0,1.738055555555557
2017-03-11,-1.1,-7.8,0.0,-2.8661111111111106
2017-03-12,2.2,-6.7,0.3,0.5988888888888906
2017-03-13,-0.6,-3.3,4.6,-1.3063888888888897
2017-03-14,-1.7,-6.7,6.9,-1.7013888888888888
2017-03-15,0.6,-8.3,0.0,-1.4761111111111092
2017-03-16,5.6,-7.2,0.0,4.403888888888889
2017-03-17,10.0,1.7,0.8,8.456388888888892
2017-03-18,7.2,2.2,0.0,8.759444444444442
2017-03-19,11.7,-0.6,0.0,10.335555555555555
2017-03-20,12.2,5.0,15.7,11.777777777777779
2017-03-21,12.8,0.6,0.0,11.177222222222222
2017-03-22,1.7,-1.7,0.0,2.367499999999999
2017-03-23,10.6,0.0,0.0,9.036944444444446
2017-03-24,27.8,5.0,11.4,26.546626832551105
2017-03-25,9.4,4.4,14.0,8.586944444444448
2017-03-26,16.7,8.9,5.1,16.02944444444445
2017-03-27,11.1,5.6,0.0,13.115555555555554
2017-03-28,8.3,2.8,0.0,7.1447222222222235
2017-03-29,9.4,2.2,7.1,8.66805555555556
2017-03-30,7.8,3.9,55.6,7.708888888888889
2017-03-31,5.0,2.8,0.0,6.801944444444447
2017-04-01,13.3,0.6,0.0,11.885555555555555
2017-04-02,15.6,5.6,0.0,14.877777777777778
2017-04-03,11.1,7.8,7.1,11.017777777777777
2017-04-04,13.3,7.8,0.0,12.776111111111112
2017-04-05,8.9,3.9,31.5,10.019444444444442
2017-04-06,11.1,3.3,12.7,9.232777777777777
2017-04-07,12.2,2.8,0.0,11.09888888888889
2017-04-08,19.4,4.4,0.0,18.86777777777778
2017-04-09,25.0,13.9,0.0,24.27444444444445
2017-04-10,25.6,5.6,16.5,24.196111111111108
2017-04-11,12.8,5.6,0.0,14.20527777777778
2017-04-12,13.9,3.9,0.0,12.185833333333333
2017-04-13,16.7,7.2,3.8,15.742222222222226
2017-04-14,20.6,7.8,5.3,19.745833333333326
2017-04-15,27.8,17.2,0.0,27.12101463745771
2017-04-16,23.3,13.9,11.4,25.94194444444445
2017-04-17,20.6,7.2,0.0,20.06249999999999
2017-04-18,25.0,6.7,0.0,24.760833333333338
2017-04-19,21.1,7.8,2.8,24.209166666666672
2017-04-20,23.9,9.4,0.0,23.354444444444443
2017-04-21,11.1,7.2,0.0,13.931111111111111
2017-04-22,14.4,6.7,0.0,13.539444444444442
2017-04-23,20.6,3.9,0.0,19.984166666666663
2017-04-24,22.2,5.6,0.0,21.15222222222222
2017-04-25,26.7,13.9,0.0,25.90277777777778
2017-04-26,25.0,16.7,6.9,25.39083333333333
2017-04-27,16.7,6.1,3.3,21.01833333333333
2017-04-28,15.0,5.6,0.0,14.022499999999999
2017-04-29,8.3,5.0,58.2,11.278888888888893
2017-04-30,11.1,6.7,30.7,8.009166666666665
2017-05-01,14.4,7.2,10.4,13.797777777777776
2017-05-02,10.6,5.6,1.0,9.689722222222224
2017-05-03,13.3,3.3,0.0,11.950833333333332
2017-05-04,11.1,7.8,0.0,10.244166666666665
2017-05-05,14.4,6.1,0.0,13.722222222222223
2017-05-06,13.9,6.7,2.0,12.606388888888887
2017-05-07,14.4,3.3,0.0,12.475833333333329
2017-05-08,12.8,3.9,0.8,11.281666666666668
2017-05-09,15.6,6.1,10.2,14.561111111111112
2017-05-10,18.3,10.0,22.9,17.973888888888887
2017-05-11,17.2,9.4,0.0,16.792777777777772
2017-05-12,21.7,8.3,0.0,21.269722222222224
2017-05-13,27.2,8.9,0.0,26.717046959235613
2017-05-14,21.7,11.7,0.0,25.90277777777778
2017-05-15,29.4,10.6,0.0,28.007127103084443
2017-05-16,31.7,19.4,0.0,30.829704868737778
2017-05-17,30.0,18.3,15.2,29.336038526595594
2017-05-18,26.7,10.0,1.3,27.557598236284473
2017-05-19,10.0,6.7,6.6,24.300555555555555
2017-05-20,20.0,10.0,7.6,19.429166666666664
2017-05-21,18.9,11.1,1.0,20.12444444444444
2017-05-22,23.9,9.4,0.5,22.97583333333333
2017-05-23,18.3,13.9,10.7,19.745833333333326
2017-05-24,16.1,11.1,12.7,15.386944444444445
2017-05-25,21.1,12.2,0.0,19.82416666666667
2017-05-26,21.7,11.1,9.9,20.926944444444448
2017-05-27,23.9,13.3,0.0,23.223888888888887
2017-05-28,25.0,15.0,0.0,24.209166666666672
2017-05-29,25.6,16.1,0.0,24.695555555555554
2017-05-30,23.3,13.3,0.0,22.936666666666667
2017-05-31,23.3,12.2,0.0,22.910555555555558
2017-06-01,26.1,12.8,0.0,25.26027777777778
2017-06-02,29.4,14.4,0.0,27.824858449475617
2017-06-03,30.0,17.2,0.0,28.1825764545045
2017-06-04,32.8,21.1,0.0,32.21115006887111
2017-06-05,25.6,15.0,0.0,30.3755960911912
2017-06-06,23.9,12.8,0.0,22.962777777777777
2017-06-07,24.4,14.4,0.0,23.527499999999993
2017-06-08,28.3,13.9,0.5,27.0354797434045
2017-06-09,31.7,18.9,1.3,30.255147576975546
2017-06-10,32.8,20.0,0.0,30.817032305315607
2017-06-11,34.4,21.7,0.0,33.416860450984544
2017-06-12,35.0,23.3,0.0,36.089105944444455
2017-06-13,31.7,21.7,0.5,33.61686139803551
2017-06-14,32.2,20.0,5.1,34.32017456463127
2017-06-15,32.8,21.1,0.0,32.023305295084555
2017-06-16,30.0,19.4,3.8,30.743255411111097
2017-06-17,31.1,22.8,1.8,32.930913029315576
2017-06-18,26.7,21.1,0.0,30.28317007140459
2017-06-19,26.1,16.1,2.3,26.02027777777778
2017-06-20,26.7,15.0,4.8,26.519722222222224
2017-06-21,26.1,13.9,0.0,25.56055555555555
2017-06-22,31.7,22.8,0.5,33.85445181291555
2017-06-23,28.3,19.4,20.8,31.648926787671186
2017-06-24,23.9,16.7,0.0,25.981111111111122
2017-06-25,22.8,13.3,0.0,21.781666666666663
2017-06-26,23.3,12.8,0.0,22.359444444444453
2017-06-27,25.6,12.2,0.0,24.117777777777782
2017-06-28,28.3,17.2,7.1,27.543531976835535
2017-06-29,28.3,20.0,6.4,29.15886103361784
2017-06-30,28.3,19.4,0.3,29.47601872620456
2017-07-01,28.3,20.0,0.0,27.932119356095637
2017-07-02,31.7,16.7,0.5,31.5090838789956
2017-07-03,27.8,20.6,0.0,28.39887615283563
2017-07-04,28.9,20.0,0.0,29.66075088801562
2017-07-05,30.6,21.7,0.0,29.930825938151138
2017-07-06,33.3,22.2,0.0,34.492084111084516
2017-07-07,31.1,19.4,0.0,34.3537671678578
2017-07-08,25.6,17.8,0.0,25.45611111111111
2017-07-09,30.6,16.1,0.0,30.052721355555555
2017-07-10,29.4,20.0,10.7,30.967434366904588
2017-07-11,30.0,22.2,0.5,32.62913009207105
2017-07-12,26.7,20.6,23.4,29.24256325473562
2017-07-13,28.9,22.2,0.0,29.898529149217854
2017-07-14,23.9,17.8,0.0,28.312649868817804
2017-07-15,28.3,16.1,0.0,28.312649868817804
2017-07-16,27.2,18.3,0.0,26.190000000000005
2017-07-17,26.1,14.4,0.0,26.0463888888889
2017-07-18,32.2,17.2,0.0,31.232713954984572
2017-07-19,31.7,21.7,6.4,34.32017456463127
2017-07-20,31.7,21.1,17.8,36.67203977659556
2017-07-21,31.7,22.8,34.3,34.32017456463127
2017-07-22,30.6,22.2,16.5,32.6347006444444
2017-07-23,32.8,21.7,2.0,32.50994487721565
2017-07-24,23.9,20.0,0.0,24.48333333333333
2017-07-25,27.8,18.9,0.0,27.49281419379563
2017-07-26,29.4,20.0,1.5,31.900241944515585
2017-07-27,27.8,22.2,0.3,29.926185775235595
2017-07-28,26.1,21.1,0.0,26.08555555555556
2017-07-29,25.6,18.3,0.0,25.495277777777776
2017-07-30,28.9,17.8,0.0,28.246993170957833
2017-07-31,30.0,20.0,0.0,29.56310813900446
2017-08-01,30.0,21.7,0.0,29.227926396497807
2017-08-02,30.6,20.0,0.0,30.743255411111097
2017-08-03,30.0,17.2,23.4,31.20833997777773
2017-08-04,20.0,13.3,0.8,24.5225
2017-08-05,26.1,15.0,0.0,25.53444444444444
2017-08-06,25.0,18.9,0.0,24.930555555555557
2017-08-07,25.0,15.6,0.0,23.879999999999995
2017-08-08,28.9,15.0,0.0,27.198133401617845
2017-08-09,28.9,17.8,0.0,27.78952527557118
2017-08-10,29.4,18.3,0.0,29.300882540051173
2017-08-11,26.7,18.9,0.0,28.577176604924507
2017-08-12,24.4,16.1,0.0,24.35277777777778
2017-08-13,25.0,15.0,0.0,24.839166666666664
2017-08-14,28.9,18.3,0.0,28.312649868817804
2017-08-15,28.9,20.0,0.0,29.10017681673787
2017-08-16,33.3,21.1,3.0,33.6296077330646
2017-08-17,28.9,22.8,3.8,29.878027129724483
2017-08-18,28.3,19.4,0.0,28.246993170957833
2017-08-19,27.8,17.8,0.0,27.557598236284473
2017-08-20,31.7,19.4,0.3,32.39278539805116
2017-08-21,30.6,22.2,7.9,32.930913029315576
2017-08-22,27.2,17.8,1.8,28.64234278149107
2017-08-23,25.6,15.6,0.0,25.39083333333333
2017-08-24,24.4,15.0,0.0,23.68416666666666
2017-08-25,22.8,11.7,0.0,22.49
2017-08-26,25.6,15.0,0.0,24.826111111111118
2017-08-27,26.1,17.8,1.8,25.586666666666662
2017-08-28,25.6,18.9,0.5,25.035
2017-08-29,24.4,17.2,0.0,23.984444444444442
2017-08-30,27.2,16.1,0.0,26.65027777777778
2017-08-31,23.3,18.9,0.0,23.90611111111111
2017-09-01,20.6,14.4,0.0,19.70666666666667
2017-09-02,23.3,10.0,8.9,22.962777777777777
2017-09-03,28.9,13.9,0.0,27.534022768335646
2017-09-04,28.9,18.3,0.0,29.66075088801562
2017-09-05,22.2,12.8,0.0,23.223888888888887
2017-09-06,19.4,10.0,0.0,18.434166666666666
2017-09-07,21.1,11.7,0.0,20.23222222222222
2017-09-08,22.2,15.0,0.0,20.783333333333342
2017-09-09,21.7,13.9,0.0,21.36111111111111
2017-09-10,21.1,11.7,0.0,20.271388888888882
2017-09-11,23.9,12.8,0.0,22.503055555555562
2017-09-12,25.0,14.4,0.0,24.17
2017-09-13,24.4,17.8,1.3,23.328333333333326
2017-09-14,27.2,15.0,0.0,26.1638888888889
2017-09-15,31.1,17.8,0.0,30.406492212515545
2017-09-16,31.7,19.4,0.0,30.898330215831233
2017-09-17,31.1,18.9,0.0,31.285569377315557
2017-09-18,25.0,15.0,0.0,27.47501360605107
2017-09-19,25.6,18.9,4.8,25.113333333333337
2017-09-20,33.3,18.9,0.0,35.75535508329567
2017-09-21,35.0,23.3,0.0,36.127153572515546
2017-09-22,35.0,23.9,0.0,36.127153572515546
2017-09-23,35.0,23.9,0.0,35.513380247404434
2017-09-24,33.3,22.8,0.0,32.69984507868445
2017-09-25,33.3,21.7,0.0,32.041680898524405
2017-09-26,33.9,22.2,0.0,32.88196913043552
2017-09-27,22.8,14.4,0.0,30.406492212515545
2017-09-28,22.8,12.2,0.0,22.411666666666672
2017-09-29,21.1,15.6,0.0,20.245277777777773
2017-09-30,18.9,13.9,0.0,18.421111111111102
2017-10-01,22.2,11.1,0.0,21.217499999999994
2017-10-02,28.3,16.7,0.0,27.534022768335646
2017-10-03,26.1,19.4,2.0,26.24222222222223
2017-10-04,22.2,16.7,3.8,24.08888888888888
2017-10-05,24.4,13.3,1.0,23.749444444444443
2017-10-06,22.2,16.7,8.9,21.948611111111106
2017-10-07,26.7,16.1,12.2,27.360965654024444
2017-10-08,26.7,13.3,0.0,26.493611111111115
2017-10-09,27.8,12.8,0.0,26.858671178435525
2017-10-10,18.3,15.0,22.1,21.977499999999992
2017-10-11,17.2,13.9,21.1,17.26277777777777
2017-10-12,15.6,13.9,0.0,15.452222222222218
2017-10-13,23.3,12.2,0.0,23.223888888888887
2017-10-14,20.0,16.7,129.8,22.711944444444455
2017-10-15,20.0,8.9,7.6,20.24194444444444
2017-10-16,17.2,6.1,0.0,16.61
2017-10-17,21.7,8.9,0.0,20.639722222222222
2017-10-18,21.7,10.0,0.0,21.256666666666668
2017-10-19,20.6,11.7,0.0,19.262777777777778
2017-10-20,26.7,12.2,0.0,26.519722222222224
2017-10-21,25.6,16.7,0.0,25.56055555555555
2017-10-22,22.2,11.1,19.3,23.236944444444443
2017-10-23,12.2,10.0,29.5,12.104166666666666
2017-10-24,10.0,5.6,14.0,11.435555555555558
2017-10-25,12.2,3.3,0.0,11.399166666666668
2017-10-26,16.1,3.9,0.0,15.021388888888888
2017-10-27,12.2,2.8,0.0,13.839722222222225
2017-10-28,4.4,2.2,0.3,4.061111111111113
2017-10-29,7.8,0.6,0.0,6.8574999999999955
2017-10-30,10.6,3.3,0.0,9.128333333333332
2017-10-31,5.0,1.7,0.0,4.717222222222222
2017-11-01,7.2,2.8,9.4,5.950555555555555
2017-11-02,11.1,7.2,2.5,10.844722222222222
2017-11-03,10.0,4.4,0.0,9.741944444444444
2017-11-04,10.6,6.1,4.8,8.678333333333338
2017-11-05,11.7,6.7,0.5,11.566111111111113
2017-11-06,6.7,0.6,0.0,10.202222222222222
2017-11-07,8.9,0.6,0.0,7.52611111111111
2017-11-08,8.3,-1.7,0.0,7.317222222222218
2017-11-09,8.3,-5.6,0.0,6.909722222222222
2017-11-10,-0.6,-6.7,0.0,-0.28194444444444855
2017-11-11,3.9,-3.3,0.0,1.6727777777777755
2017-11-12,5.0,3.3,3.0,3.809722222222223
2017-11-13,5.6,0.0,0.0,4.9
2017-11-14,10.0,0.6,0.0,8.720277777777778
2017-11-15,11.1,1.1,10.2,10.72722222222222
2017-11-16,3.9,0.0,0.0,8.260555555555555
2017-11-17,8.9,2.2,10.4,6.345000000000003
2017-11-18,8.9,2.2,20.6,8.626111111111111
2017-11-19,3.3,-1.1,0.0,3.679166666666668
2017-11-20,12.2,-0.6,0.0,11.425277777777778
2017-11-21,7.2,-2.2,1.5,8.13
2017-11-22,1.7,-5.0,0.0,0.38722222222222374
2017-11-23,8.9,0.0,0.0,7.317222222222218
2017-11-24,16.7,1.1,0.0,15.507222222222225
2017-11-25,12.8,2.2,0.0,12.211944444444443
2017-11-26,9.4,-2.2,0.0,8.524444444444445
2017-11-27,13.9,2.2,0.0,12.632499999999997
2017-11-28,16.7,7.8,0.0,16.11111111111111
2017-11-29,8.9,1.7,0.0,13.878888888888888
2017-11-30,12.8,3.9,0.0,11.294722222222223
2017-12-01,11.7,-0.6,0.0,10.178888888888887
2017-12-02,12.2,1.7,0.0,11.399166666666668
2017-12-03,14.4,-0.6,0.0,13.591666666666669
2017-12-04,18.3,7.8,0.3,17.947777777777773
2017-12-05,7.8,-2.2,0.0,16.91027777777777
2017-12-06,2.2,-3.3,0.0,0.33500000000000085
2017-12-07,-1.7,-7.2,0.0,-1.4108333333333316
2017-12-08,2.8,-7.8,0.0,1.4508333333333292
2017-12-09,0.0,-6.7,0.8,-0.7547222222222238
2017-12-10,2.2,-6.7,0.0,0.5438888888888884
2017-12-11,4.4,-3.3,1.3,2.893055555555561
2017-12-12,0.0,-7.8,0.0,0.43611111111110923
2017-12-13,3.3,-5.6,0.0,2.1977777777777754
2017-12-14,-1.1,-7.8,0.0,-0.5197222222222249
2017-12-15,3.3,-6.1,0.0,-0.046944444444447536
2017-12-16,8.9,1.1,0.0,7.947222222222226
2017-12-17,8.3,0.0,0.0,7.447777777777773
2017-12-18,7.2,5.0,0.8,6.801944444444447
2017-12-19,10.6,2.8,0.0,9.614722222222222
2017-12-20,2.8,-1.1,0.0,5.624166666666671
2017-12-21,5.0,1.1,0.0,3.4311111111111123
2017-12-22,5.0,1.7,0.0,3.6008333333333318
2017-12-23,1.7,-6.1,0.0,2.5633333333333317
2017-12-24,-4.4,-7.2,5.3,-5.179444444444442
2017-12-25,-5.6,-15.6,0.0,-6.925277777777777
2017-12-26,-13.9,-18.3,0.0,-12.726388888888884
2017-12-27,-13.3,-19.4,0.0,-15.323611111111111
2017-12-28,-10.0,-16.7,0.8,-11.741111111111111
2017-12-29,-8.9,-12.2,2.0,-10.758611111111112
2017-12-30,-9.4,-17.8,0.0,-10.758611111111112
2017-12-31,-9.4,-17.8,0.0,-11.780277777777776
2018-01-01,-16.1,-21.7,0.0,-15.193055555555556
2018-01-02,-13.9,-23.3,0.0,-16.321944444444444
2018-01-03,-7.8,-13.9,0.0,-9.287499999999998
2018-01-04,-10.6,-16.7,0.0,-11.675833333333335
2018-01-05,-11.1,-17.8,0.0,-13.630555555555553
2018-01-06,-8.3,-18.3,0.0,-10.795000000000003
2018-01-07,0.6,-13.3,1.3,-2.1480555555555565
2018-01-08,2.8,-1.1,0.0,1.3169444444444482
2018-01-09,1.1,-2.2,0.0,0.2533333333333311
2018-01-10,13.3,-0.6,0.5,9.78111111111111
2018-01-11,15.6,-5.0,4.1,15.621944444444447
2018-01-12,-4.4,-8.9,0.0,6.85416666666667
2018-01-13,-7.8,-13.3,0.0,-6.873055555555554
2018-01-14,-5.6,-13.9,1.5,-7.290833333333334
2018-01-15,-4.4,-12.8,3.0,-5.534722222222224
2018-01-16,-3.9,-14.4,0.3,-5.283888888888886
2018-01-17,-6.1,-15.0,0.0,-7.528611111111114
2018-01-18,0.6,-8.3,0.0,-0.6502777777777801
2018-01-19,4.4,-2.2,0.0,2.9322222222222254
2018-01-20,8.3,0.6,0.0,7.5
2018-01-21,8.9,3.9,0.3,7.4711111111111075
2018-01-22,12.8,2.8,15.5,12.551388888888889
2018-01-23,3.3,-1.7,1.8,10.766388888888885
2018-01-24,-0.6,-2.8,0.3,-2.1088888888888886
2018-01-25,6.7,-3.3,0.0,5.91138888888889
2018-01-26,11.1,2.8,0.0,10.309444444444441
2018-01-27,10.6,2.8,0.0,10.257222222222218
2018-01-28,5.6,-1.1,0.0,5.728611111111112
2018-01-29,0.0,-7.8,0.0,0.21416666666666295
2018-01-30,-0.6,-9.4,0.0,-2.4352777777777788
2018-01-31,6.7,-0.6,0.0,5.150833333333335
2018-02-01,2.2,-12.8,0.0,4.087222222222222
2018-02-02,-5.6,-15.0,0.0,-8.563333333333334
2018-02-03,5.6,-5.6,0.8,3.708611111111111
2018-02-04,1.7,-13.9,3.0,2.566666666666669
2018-02-05,-11.1,-18.3,5.1,-11.5975
2018-02-06,-5.6,-14.4,0.5,-7.528611111111114
2018-02-07,-6.1,-11.1,2.0,-8.080277777777777
2018-02-08,-5.6,-12.8,3.0,-7.463333333333335
2018-02-09,-1.7,-5.6,16.3,-2.595277777777779
2018-02-10,-3.3,-8.3,1.0,-3.854722222222221
2018-02-11,-4.4,-10.6,6.9,-4.957499999999999
2018-02-12,-1.7,-15.6,0.0,-3.7730555555555565
2018-02-13,2.2,-8.3,0.0,0.36111111111111427
2018-02-14,7.8,-2.2,0.0,6.501666666666669
2018-02-15,8.9,3.3,0.0,7.917777777777776
2018-02-16,3.3,-6.7,0.0,6.501666666666669
2018-02-17,2.2,-8.3,2.0,0.7919444444444442
2018-02-18,5.6,-6.7,0.0,2.406666666666663
2018-02-19,15.6,3.9,21.1,13.836944444444448
2018-02-20,18.9,1.1,64.8,18.96944444444444
2018-02-21,1.1,-1.7,4.1,7.4711111111111075
2018-02-22,5.0,-0.6,0.0,3.5616666666666674
2018-02-23,7.2,1.7,5.1,6.762777777777779
2018-02-24,10.6,1.7,2.5,4.491944444444442
2018-02-25,11.1,1.1,0.5,9.78111111111111
2018-02-26,12.8,-1.7,0.0,11.320833333333333
2018-02-27,16.7,5.0,0.0,15.48111111111111
2018-02-28,15.6,3.3,0.3,15.243333333333332
2018-03-01,6.7,0.6,18.5,5.242222222222226
2018-03-02,7.8,-0.6,0.0,6.635555555555553
2018-03-03,6.1,1.7,0.0,4.850555555555561
2018-03-04,8.3,0.0,0.0,6.661666666666666
2018-03-05,5.6,1.1,3.0,4.560555555555557
2018-03-06,5.6,0.6,1.3,4.191666666666667
2018-03-07,1.7,-3.3,0.3,1.4475000000000036
2018-03-08,2.2,-4.4,0.0,0.40027777777777845
2018-03-09,3.9,-5.0,0.0,2.041111111111107
2018-03-10,4.4,-3.9,0.0,2.566666666666669
2018-03-11,5.0,-1.7,0.0,2.775555555555561
2018-03-12,7.8,-0.6,0.0,6.05777777777778
2018-03-13,2.2,-4.4,3.8,2.8669444444444476
2018-03-14,8.3,-5.6,0.0,7.186666666666663
2018-03-15,9.4,-0.6,0.0,7.251944444444444
2018-03-16,2.8,-1.1,0.0,1.2516666666666667
2018-03-17,7.2,-0.6,6.1,5.558888888888889
2018-03-18,13.3,-2.2,0.0,12.332222222222219
2018-03-19,8.3,0.6,0.0,10.69138888888889
2018-03-20,2.8,-1.7,0.0,2.406666666666663
2018-03-21,4.4,-1.1,0.0,2.723333333333334
2018-03-22,8.9,-3.9,0.0,6.661666666666666
2018-03-23,6.1,-0.6,0.0,3.852222222222221
2018-03-24,5.0,0.6,0.0,3.300555555555557
2018-03-25,5.6,-2.2,0.0,3.7738888888888886
2018-03-26,12.8,0.0,5.6,12.146666666666668
2018-03-27,11.1,6.1,7.4,10.988333333333332
2018-03-28,11.7,3.9,0.3,10.426944444444441
2018-03-29,9.4,2.2,1.8,8.942222222222224
2018-03-30,9.4,1.7,0.0,7.947222222222226
2018-03-31,15.6,1.1,1.5,13.839722222222225
2018-04-01,2.8,-3.3,0.0,7.421666666666663
2018-04-02,7.2,-5.0,0.0,6.044722222222225
2018-04-03,5.6,1.7,3.3,4.7825
2018-04-04,2.2,-2.8,0.3,2.2211111111111097
2018-04-05,5.6,-4.4,2.5,3.852222222222221
2018-04-06,3.9,-2.8,0.0,2.2369444444444437
2018-04-07,3.9,-6.1,0.0,1.8844444444444421
2018-04-08,4.4,-5.0,0.0,2.6058333333333334
2018-04-09,4.4,0.0,3.0,3.5616666666666674
2018-04-10,7.8,-1.7,0.0,6.110000000000003
2018-04-11,19.4,3.9,0.0,18.355833333333333
2018-04-12,23.9,7.2,0.5,22.97583333333333
2018-04-13,11.7,4.4,1.3,10.58361111111111
2018-04-14,5.6,2.8,11.9,6.762777777777779
2018-04-15,3.9,-1.7,19.1,2.74611111111111
2018-04-16,1.7,-2.2,0.8,1.4997222222222224
2018-04-17,7.2,-1.1,0.0,4.99416666666667
2018-04-18,3.3,0.0,3.8,1.8033333333333306
2018-04-19,12.8,0.6,0.8,10.769722222222226
2018-04-20,16.1,0.6,0.0,14.025833333333331
2018-04-21,11.7,5.0,0.0,10.7175
2018-04-22,16.7,6.7,0.0,15.272222222222227
2018-04-23,17.8,6.1,0.0,16.006666666666668
2018-04-24,17.8,8.3,0.0,16.87111111111111
2018-04-25,11.7,3.9,0.0,14.6525
2018-04-26,20.0,2.2,0.0,17.58222222222222
2018-04-27,12.8,5.0,1.5,15.285277777777784
2018-04-28,10.6,3.3,0.0,9.128333333333332
2018-04-29,13.9,0.6,0.0,12.227777777777773
2018-04-30,26.7,5.6,0.0,26.24555555555556
2018-05-01,30.0,14.4,0.0,28.040058533564512
2018-05-02,31.1,18.9,5.6,30.378051760444457
2018-05-03,21.7,14.4,5.1,25.586666666666662
2018-05-04,23.9,17.2,0.0,23.59277777777777
2018-05-05,27.8,13.9,0.0,26.867450669315588
2018-05-06,20.6,11.1,0.0,26.68972755820452
2018-05-07,22.8,10.0,0.0,22.398611111111116
2018-05-08,28.3,13.3,0.0,26.754968918595594
2018-05-09,28.3,15.6,6.4,28.39887615283563
2018-05-10,22.8,11.7,0.0,27.08954415243555
2018-05-11,13.9,9.4,0.8,17.540277777777778
2018-05-12,11.7,7.8,21.6,10.688055555555552
2018-05-13,20.6,9.4,0.5,19.259444444444444
2018-05-14,30.0,12.2,37.6,30.454350755555513
2018-05-15,20.6,11.1,0.0,19.39
2018-05-16,25.0,9.4,0.0,24.708611111111118
2018-05-17,22.8,12.2,0.0,23.553611111111113
2018-05-18,20.0,11.7,1.5,19.680555555555557
2018-05-19,20.6,13.9,3.8,20.636944444444445
2018-05-20,15.6,7.2,0.3,15.582777777777778
2018-05-21,18.3,10.0,31.8,17.931944444444447
2018-05-22,19.4,12.2,0.5,18.93027777777778
2018-05-23,25.6,10.6,0.0,25.41694444444444
2018-05-24,30.6,15.0,0.0,29.263648144444492
2018-05-25,32.2,20.0,1.3,31.09243211641781
2018-05-26,32.2,20.6,0.0,31.5090838789956
2018-05-27,35.6,22.2,0.0,35.25822549561561
2018-05-28,35.6,22.2,0.0,35.34735951507558
2018-05-29,30.6,21.1,0.0,34.427815724817805
2018-05-30,30.6,22.2,16.5,32.25272841111113
2018-05-31,31.7,21.1,0.0,33.16821562719118
2018-06-01,26.7,12.2,0.0,31.04908144444437
2018-06-02,23.3,11.7,8.1,22.920833333333334
2018-06-03,26.1,15.6,0.0,25.87666666666667
2018-06-04,26.7,12.8,0.0,26.506666666666668
2018-06-05,23.3,13.3,1.0,26.493611111111115
2018-06-06,26.7,11.1,1.3,24.982777777777773
2018-06-07,27.2,17.2,0.0,26.986454903191134
2018-06-08,22.8,16.1,18.5,21.765833333333333
2018-06-09,27.2,14.4,9.7,26.2813888888889
2018-06-10,21.7,16.1,27.4,21.357777777777788
2018-06-11,20.6,16.7,3.8,20.793611111111105
2018-06-12,27.2,18.3,0.0,28.430175718017736
2018-06-13,28.3,18.3,0.0,26.546626832551105
2018-06-14,27.2,16.7,0.0,26.59805555555556
2018-06-15,31.7,18.3,0.0,33.16821562719118
2018-06-16,33.9,21.1,8.9,37.84634757387565
2018-06-17,35.0,25.6,0.0,39.567818893064526
2018-06-18,35.0,20.0,0.3,39.64739735793769
2018-06-19,28.9,18.9,2.5,30.28317007140459
2018-06-20,26.1,18.9,0.3,25.76944444444444
2018-06-21,20.0,17.8,68.6,21.201111111111114
2018-06-22,18.3,16.1,16.0,19.047777777777778
2018-06-23,27.2,16.7,0.0,26.611111111111114
2018-06-24,27.8,18.3,0.0,27.884784716924493
2018-06-25,25.6,17.8,0.0,25.665000000000003
2018-06-26,29.4,19.4,24.1,31.900241944515585
2018-06-27,26.7,20.6,1.8,26.43805555555556
2018-06-28,30.6,18.9,0.0,32.25272841111113
2018-06-29,35.0,23.3,0.0,42.74355978799784
2018-06-30,35.0,26.1,0.0,41.90100301223787
2018-07-01,34.4,24.4,0.0,40.31313256477118
2018-07-02,27.2,21.1,0.0,27.8139038595378
2018-07-03,32.8,20.0,0.0,36.45781422883556
2018-07-04,33.3,23.9,2.3,39.541848642951145
2018-07-05,35.0,22.2,21.1,41.07169827777786
2018-07-06,25.6,18.3,0.0,26.503333333333345
2018-07-07,27.2,17.2,0.0,26.558888888888895
2018-07-08,31.1,18.3,0.0,29.328596676871125
2018-07-09,32.8,20.0,0.0,32.755005308284495
2018-07-10,30.6,23.3,0.0,32.25745578348452
2018-07-11,30.0,21.7,0.0,30.052721355555555
2018-07-12,30.6,22.2,0.0,30.743255411111097
2018-07-13,33.9,22.2,0.0,34.31864240850442
2018-07-14,26.7,22.8,4.8,33.356838967857776
2018-07-15,32.8,22.8,0.0,35.889603247484416
2018-07-16,33.9,23.3,3.6,35.75535508329567
2018-07-17,28.3,20.6,0.0,32.25745578348452
2018-07-18,26.1,17.8,0.0,25.43
2018-07-19,31.7,18.9,1.3,30.255147576975546
2018-07-20,26.7,21.1,21.1,28.601447857571216
2018-07-21,25.6,20.6,2.8,25.20472222222223
2018-07-22,25.0,20.6,8.6,25.283055555555556
2018-07-23,27.8,20.0,0.0,28.181459693315517
2018-07-24,28.9,19.4,0.0,29.543688464791305
2018-07-25,31.7,20.0,0.0,30.496386040504504
2018-07-26,27.8,19.4,0.0,28.59431378340449
2018-07-27,26.1,17.2,0.0,25.50833333333333
2018-07-28,27.8,16.1,0.0,26.762939877617825
2018-07-29,26.7,17.8,0.0,26.007222222222232
2018-07-30,27.2,17.2,0.0,26.986454903191134
2018-07-31,26.7,20.0,0.5,26.08555555555556
2018-08-01,30.0,17.2,0.3,28.50576934161565
2018-08-02,31.1,20.6,0.0,31.04908144444437
2018-08-03,31.1,18.3,0.0,30.14254564121777
2018-08-04,35.6,22.8,0.0,36.558321442275684
2018-08-05,35.0,24.4,0.3,35.5804232555556
2018-08-06,29.4,22.2,0.8,34.016651047591154
2018-08-07,29.4,21.1,7.6,30.6159912848178
2018-08-08,27.8,20.6,0.0,28.33768810961774
2018-08-09,32.8,20.0,0.0,35.616047560835526
2018-08-10,29.4,21.7,0.0,30.717955184364623
2018-08-11,31.7,20.6,0.0,30.759003960051196
2018-08-12,31.1,21.1,0.0,30.406492212515545
2018-08-13,31.7,19.4,0.0,30.824248934595516
2018-08-14,32.2,20.6,0.0,31.53111406157112
2018-08-15,30.6,22.8,1.5,31.326208967884572
2018-08-16,30.0,22.2,1.5,31.015885100115636
2018-08-17,29.4,20.6,6.1,29.697203661351164
2018-08-18,27.8,22.2,0.0,28.957169045315645
2018-08-19,29.4,20.0,0.0,31.229195675431228
2018-08-20,26.7,21.7,8.6,26.43805555555556
2018-08-21,26.7,20.0,3.8,26.190000000000005
2018-08-22,27.2,15.6,0.0,26.506666666666668
2018-08-23,27.2,15.6,0.0,26.762939877617825
2018-08-24,23.9,17.8,1.8,25.43
2018-08-25,31.1,18.9,2.8,33.882145611111156
2018-08-26,35.0,23.3,0.0,41.090860604495596
2018-08-27,35.6,25.6,0.0,39.03336019249782
2018-08-28,33.9,20.6,16.5,38.16772704802459
2018-08-29,25.0,18.9,19.6,28.64234278149107
2018-08-30,23.3,17.8,0.0,22.620555555555562
2018-08-31,30.0,16.7,29.5,32.25272841111113
2018-09-01,30.6,22.2,3.3,33.882145611111156
2018-09-02,33.3,23.3,0.0,35.286900788051064
2018-09-03,31.1,22.8,15.0,34.24562740051562
2018-09-04,33.9,22.2,0.0,36.91070788641558
2018-09-05,33.3,21.7,5.3,35.22748101695786
2018-09-06,22.2,20.0,8.9,26.46416666666667
2018-09-07,21.1,18.9,8.9,21.279444444444444
2018-09-08,20.6,17.2,0.0,19.915555555555557
2018-09-09,21.1,16.1,0.0,20.362777777777772
2018-09-10,23.3,16.1,0.0,23.223888888888887
2018-09-11,26.7,13.9,0.0,26.611111111111114
2018-09-12,27.8,13.9,0.0,27.49281419379563
2018-09-13,26.1,13.3,0.0,26.059444444444452
2018-09-14,29.4,16.7,0.0,28.87853803679785
2018-09-15,28.3,17.2,0.0,27.543531976835535
2018-09-16,31.7,19.4,0.0,31.20833997777773
2018-09-17,33.3,20.6,0.0,34.3537671678578
2018-09-18,27.2,20.6,0.0,29.300882540051173
2018-09-19,26.1,19.4,0.0,25.638888888888893
2018-09-20,35.0,20.0,0.0,38.49010247777784
2018-09-21,28.3,14.4,0.0,34.97482682251561
2018-09-22,17.8,13.3,0.0,19.6675
2018-09-23,21.1,11.7,0.0,20.90083333333333
2018-09-24,22.2,14.4,1.3,21.831111111111106
2018-09-25,28.9,17.2,13.5,28.89326381961784
2018-09-26,20.0,10.6,0.0,20.12444444444444
2018-09-27,20.6,8.9,0.0,20.127777777777773
2018-09-28,16.7,8.3,1.3,18.355833333333333
2018-09-29,15.6,5.6,0.3,14.286944444444442
2018-09-30,20.0,12.2,0.3,19.259444444444444
2018-10-01,24.4,13.9,19.1,23.328333333333326
2018-10-02,20.0,15.0,5.1,24.48333333333333
2018-10-03,31.1,15.6,0.0,31.96842908860448
2018-10-04,26.7,11.7,0.5,29.930825938151138
2018-10-05,18.9,12.2,25.1,19.008611111111108
2018-10-06,22.8,14.4,7.6,22.43444444444443
2018-10-07,18.3,13.9,20.8,16.06861111111111
2018-10-08,29.4,18.3,4.3,30.6159912848178
2018-10-09,30.0,21.7,1.3,30.743255411111097
2018-10-10,23.9,11.1,31.5,27.71250268391774
2018-10-11,11.1,4.4,0.0,20.75444444444444
2018-10-12,5.6,2.2,0.5,7.447777777777773
2018-10-13,11.7,1.1,0.0,10.361666666666665
2018-10-14,14.4,4.4,2.3,13.393055555555556
2018-10-15,8.9,2.8,2.5,11.174444444444447
2018-10-16,14.4,1.1,0.0,13.591666666666669
2018-10-17,11.1,3.9,0.0,10.913333333333336
2018-10-18,14.4,1.1,0.0,13.526388888888887
2018-10-19,11.7,7.2,1.8,11.294722222222223
2018-10-20,11.7,0.0,0.0,11.396388888888888
2018-10-21,10.0,-2.2,0.0,8.958611111111113
2018-10-22,17.2,3.3,0.0,16.531666666666663
2018-10-23,11.7,4.4,0.0,13.17111111111111
2018-10-24,10.6,3.3,0.0,9.862777777777778
2018-10-25,11.1,3.3,0.0,9.758333333333333
2018-10-26,12.2,7.8,0.0,11.083055555555555
2018-10-27,11.7,6.1,0.8,11.083055555555555
2018-10-28,11.1,6.7,4.6,10.084722222222224
2018-10-29,13.9,3.9,0.0,12.606388888888887
2018-10-30,20.6,7.2,14.2,19.194166666666664
2018-10-31,15.6,9.4,6.6,20.480277777777772
2018-11-01,11.1,7.8,0.0,11.017777777777777
2018-11-02,10.6,3.3,0.0,9.232777777777777
2018-11-03,9.4,1.1,1.5,8.038611111111114
2018-11-04,11.7,7.8,15.0,10.844722222222222
2018-11-05,11.1,7.2,7.6,10.844722222222222
2018-11-06,10.0,3.3,1.3,9.741944444444444
2018-11-07,3.9,1.1,0.0,6.4363888888888905
2018-11-08,5.0,0.6,0.0,3.3658333333333346
2018-11-09,4.4,-6.7,2.8,3.4963888888888897
2018-11-10,1.1,-6.7,0.0,-0.7286111111111124
2018-11-11,5.6,-1.7,0.0,3.9044444444444437
2018-11-12,2.8,-3.9,0.0,2.8016666666666703
2018-11-13,-1.1,-6.7,0.0,-1.7797222222222213
2018-11-14,2.2,-7.2,0.0,0.5438888888888884
2018-11-15,1.7,-2.2,2.5,0.2533333333333311
2018-11-16,5.0,-2.2,0.0,4.126388888888886
2018-11-17,2.8,0.6,4.3,1.9599999999999993
2018-11-18,3.3,-3.9,2.5,1.9599999999999993
2018-11-19,1.1,-5.0,0.0,-0.4022222222222243
2018-11-20,2.2,-1.7,0.0,1.0427777777777791
2018-11-21,3.3,-1.7,0.0,2.1977777777777754
2018-11-22,3.9,-0.6,0.0,2.997500000000003
2018-11-23,10.6,1.1,1.5,9.914999999999997
2018-11-24,9.4,3.9,2.8,8.365000000000002
2018-11-25,5.0,0.6,23.4,4.939166666666669
2018-11-26,1.1,-3.9,13.5,3.193333333333336
2018-11-27,-3.9,-6.7,0.0,-3.9722222222222214
2018-11-28,-2.2,-7.8,0.3,-4.549444444444442
2018-11-29,2.8,-2.2,0.0,1.2125000000000026
2018-11-30,6.1,0.0,0.0,5.28138888888889
2018-12-01,7.8,1.1,19.8,5.594722222222227
2018-12-02,8.9,2.2,2.5,7.865555555555556
2018-12-03,2.2,-1.1,0.5,3.7705555555555588
2018-12-04,0.0,-2.2,0.0,-1.0322222222222206
2018-12-05,0.6,-3.9,0.0,-1.7013888888888888
2018-12-06,0.6,-6.7,0.0,-0.36305555555555613
2018-12-07,-2.8,-8.3,0.0,-4.154999999999999
2018-12-08,-1.1,-7.2,0.0,-2.409166666666667
2018-12-09,1.7,-7.8,0.0,0.4916666666666695
2018-12-10,1.1,-8.3,0.0,-0.5458333333333343
2018-12-11,3.9,-3.3,0.0,2.8669444444444476
2018-12-12,6.1,-1.1,0.0,4.717222222222222
2018-12-13,6.1,-3.3,6.9,5.346666666666672
2018-12-14,5.6,1.7,4.1,5.1611111111111105
2018-12-15,8.9,-0.6,0.0,8.025555555555558
2018-12-16,9.4,-1.7,0.0,8.524444444444445
2018-12-17,5.0,-2.2,0.0,4.860833333333332
2018-12-18,5.0,-3.9,0.0,4.678055555555558
2018-12-19,10.0,1.1,0.0,8.863888888888887
2018-12-20,9.4,3.9,1.3,8.495555555555557
2018-12-21,4.4,-0.6,1.5,7.523333333333334
2018-12-22,2.2,-1.1,0.0,0.16194444444444006
2018-12-23,3.9,-2.2,0.0,2.775555555555561
2018-12-24,1.1,-4.4,0.0,1.738055555555557
2018-12-25,8.3,-1.1,0.3,7.0011111111111095
2018-12-26,8.9,-1.7,0.0,7.98638888888889
2018-12-27,12.2,4.4,16.5,9.689722222222224
2018-12-28,12.2,-2.2,0.5,11.960555555555556
2018-12-29,-0.6,-4.4,0.5,-1.4924999999999973
2018-12-30,2.8,-6.7,0.0,1.698888888888885
2018-12-31,5.0,0.6,21.8,4.531111111111111
2019-01-01,2.2,-2.8,0.0,3.2847222222222268
2019-01-02,0.0,-2.8,0.3,-0.8624999999999992
2019-01-03,5.0,-3.9,0.0,3.4572222222222218
2019-01-04,10.0,0.0,0.0,9.076111111111112
2019-01-05,11.7,-0.6,0.0,11.017777777777777
2019-01-06,5.6,2.8,0.0,7.708888888888889
2019-01-07,12.8,5.0,8.6,12.051944444444445
2019-01-08,8.3,-3.3,0.0,11.92138888888889
2019-01-09,-3.3,-8.3,0.0,3.9697222222222215
2019-01-10,-3.9,-9.4,0.0,-5.205555555555554
2019-01-11,-0.6,-5.6,0.0,-1.7797222222222213
2019-01-12,0.0,-1.1,5.3,-1.4402777777777764
2019-01-13,0.0,-2.8,0.5,-1.1366666666666663
2019-01-14,-2.2,-6.1,0.0,-2.187222222222223
2019-01-15,0.6,-3.9,0.0,-3.1333333333333337
2019-01-16,1.7,-1.7,0.0,0.33166666666666345
2019-01-17,2.2,-1.7,0.0,0.8311111111111124
2019-01-18,0.0,-1.7,0.5,0.16194444444444006
2019-01-19,-1.7,-9.4,8.6,-1.5838888888888885
2019-01-20,-7.8,-13.9,1.3,-5.048888888888887
2019-01-21,-9.4,-13.3,0.0,-11.15027777777778
2019-01-22,2.2,-10.6,3.0,-0.7711111111111101
2019-01-23,1.7,-6.1,5.3,1.1183333333333363
2019-01-24,-5.0,-16.1,0.0,-6.794722222222222
2019-01-25,-13.9,-20.6,0.8,-9.721111111111108
2019-01-26,-10.6,-20.6,2.0,-12.344999999999999
2019-01-27,-11.1,-18.9,0.0,-12.530555555555551
2019-01-28,1.7,-12.8,11.4,1.0138888888888904
2019-01-29,-11.7,-22.8,0.0,-9.538333333333332
2019-01-30,-22.8,-30.0,0.0,-19.891944444444448
2019-01-31,-16.7,-28.9,1.3,-21.086111111111105
2019-02-01,-6.1,-16.7,0.5,-8.119444444444447
2019-02-02,5.0,-9.4,0.0,4.348333333333333
2019-02-03,9.4,3.3,0.0,7.431944444444444
2019-02-04,10.6,-1.1,0.8,10.411111111111108
2019-02-05,1.1,-2.8,6.6,3.2847222222222268
2019-02-06,3.3,0.6,2.0,2.654722222222219
2019-02-07,7.8,-11.7,12.7,7.523333333333334
2019-02-08,-9.4,-15.0,0.0,-2.0697222222222242
2019-02-09,-3.3,-13.9,0.0,-5.466666666666665
2019-02-10,-1.7,-5.0,1.5,-2.960833333333333
2019-02-11,0.0,-1.7,5.1,-0.9538888888888882
2019-02-12,0.6,-6.1,7.4,-0.08888888888889095
2019-02-13,-1.1,-10.6,0.0,-3.1725000000000017
2019-02-14,7.8,-1.1,0.0,6.553888888888891
2019-02-15,0.6,-11.7,0.0,5.464166666666673
2019-02-16,-1.1,-7.8,0.0,-2.226388888888889
2019-02-17,-1.7,-3.9,3.3,-2.738888888888889
2019-02-18,-0.6,-5.6,2.3,-2.3438888888888894
2019-02-19,0.6,-10.0,0.0,-1.2149999999999987
2019-02-20,2.8,-1.7,1.5,1.5911111111111136
2019-02-21,1.7,-3.3,0.0,1.0138888888888904
2019-02-22,3.3,-5.0,0.0,2.1977777777777754
2019-02-23,9.4,1.7,11.4,2.445833333333331
2019-02-24,7.8,-10.0,0.3,8.678333333333338
2019-02-25,-5.0,-13.3,0.0,-6.4127777777777775
2019-02-26,-3.9,-7.8,0.0,-5.283888888888886
2019-02-27,0.0,-8.3,0.0,-1.7797222222222213
2019-02-28,-2.2,-10.6,0.0,-3.629444444444445
2019-03-01,1.1,-3.9,0.0,0.01833333333333008
2019-03-02,1.7,-2.2,0.0,-0.11222222222222517
2019-03-03,-2.2,-14.4,0.0,-2.265555555555557
2019-03-04,-9.4,-18.9,0.0,-9.653055555555552
2019-03-05,-5.6,-12.8,0.0,-7.868055555555555
2019-03-06,0.0,-12.2,0.0,-2.1061111111111095
2019-03-07,-2.2,-8.9,0.0,-2.0930555555555546
2019-03-08,3.9,-5.0,0.0,2.9322222222222254
2019-03-09,6.7,-1.7,13.5,5.176944444444448
2019-03-10,3.9,-1.1,0.0,5.738333333333338
2019-03-11,6.1,-2.2,0.0,4.469166666666666
2019-03-12,9.4,-3.3,0.0,7.973333333333335
2019-03-13,16.1,5.0,16.0,15.282499999999999
2019-03-14,17.8,4.4,12.4,16.936388888888885
2019-03-15,4.4,0.0,0.3,7.066388888888887
2019-03-16,6.1,-1.7,0.0,4.968055555555561
2019-03-17,7.2,-1.7,0.0,6.05777777777778
2019-03-18,7.2,-2.2,0.0,5.0725000000000025
2019-03-19,10.0,-1.1,0.0,8.971666666666668
2019-03-20,7.2,4.4,3.6,7.291111111111109
2019-03-21,7.8,2.8,0.5,6.4363888888888905
2019-03-22,8.3,-0.6,0.0,6.162222222222222
2019-03-23,11.7,-2.8,0.0,10.126666666666663
2019-03-24,10.6,2.2,2.8,9.836666666666668
2019-03-25,6.1,-1.1,0.0,5.5033333333333365
2019-03-26,7.8,-2.8,0.0,5.861944444444447
2019-03-27,15.0,-0.6,2.5,13.539444444444442
2019-03-28,18.3,7.2,0.0,17.86944444444444
2019-03-29,12.8,3.9,11.7,12.055277777777778
2019-03-30,6.7,-0.6,10.2,7.52611111111111
2019-03-31,4.4,-4.4,0.0,2.5536111111111146
2019-04-01,9.4,-2.8,0.0,7.98638888888889
2019-04-02,13.9,3.3,0.0,12.3975
2019-04-03,15.0,2.8,0.5,14.143333333333333
2019-04-04,8.9,4.4,9.4,12.449722222222219
2019-04-05,13.9,5.0,0.0,12.40777777777778
2019-04-06,18.3,5.0,0.0,17.475000000000005
2019-04-07,21.1,11.7,4.1,21.044444444444448
2019-04-08,23.3,11.7,0.0,22.307222222222226
2019-04-09,20.0,5.0,0.0,21.230555555555558
2019-04-10,5.6,2.2,1.5,17.057222222222222
2019-04-11,16.1,3.9,9.1,15.585555555555556
2019-04-12,12.2,3.9,3.8,14.061666666666667
2019-04-13,12.2,2.8,0.0,10.782777777777781
2019-04-14,5.0,0.0,19.1,9.693055555555553
2019-04-15,12.2,-0.6,0.0,10.874166666666667
2019-04-16,23.9,8.3,0.0,23.71027777777777
2019-04-17,25.0,8.9,0.0,24.23527777777778
2019-04-18,18.3,6.7,12.7,23.68416666666666
2019-04-19,9.4,5.0,0.0,8.628888888888888
2019-04-20,18.3,5.0,0.0,16.887500000000003
2019-04-21,25.6,7.2,0.0,25.208055555555557
2019-04-22,26.7,14.4,4.6,26.558888888888895
2019-04-23,18.9,10.0,0.0,20.979166666666675
2019-04-24,18.3,7.2,0.0,16.61
2019-04-25,18.9,8.3,0.8,17.79111111111111
2019-04-26,18.3,10.0,1.3,17.057222222222222
2019-04-27,10.6,0.6,27.7,15.272222222222227
2019-04-28,11.1,1.1,0.0,9.536388888888887
2019-04-29,11.7,6.1,38.4,10.766388888888885
2019-04-30,10.0,4.4,38.9,10.805555555555552
2019-05-01,15.6,7.2,16.8,15.386944444444445
2019-05-02,9.4,6.1,8.4,10.202222222222222
2019-05-03,13.9,6.7,0.5,12.65861111111111
2019-05-04,16.1,5.6,0.0,15.507222222222225
2019-05-05,23.3,6.7,0.0,22.97583333333333
2019-05-06,22.2,8.3,1.0,21.912222222222212
2019-05-07,10.0,7.2,13.7,10.045555555555552
2019-05-08,24.4,8.3,11.4,23.171666666666667
2019-05-09,20.6,9.4,30.7,22.65972222222223
2019-05-10,13.3,7.2,0.0,12.094444444444441
2019-05-11,12.2,7.2,2.5,10.887222222222224
2019-05-12,11.7,6.1,2.8,10.426944444444441
2019-05-13,16.1,6.1,0.0,15.008333333333333
2019-05-14,21.1,6.1,0.0,20.075555555555553
2019-05-15,25.0,11.1,0.0,23.59277777777777
2019-05-16,24.4,15.0,2.0,24.48333333333333
2019-05-17,20.6,7.8,3.6,23.984444444444442
2019-05-18,28.3,7.2,15.2,28.601447857571216
2019-05-19,23.9,11.7,2.3,22.829444444444455
2019-05-20,13.9,8.3,0.0,20.480277777777772
2019-05-21,13.3,7.8,4.6,11.200555555555557
2019-05-22,28.3,10.6,18.8,27.557598236284473
2019-05-23,24.4,17.8,0.8,27.08954415243555
2019-05-24,25.6,13.3,2.3,22.988888888888887
2019-05-25,28.3,22.2,0.0,29.10017681673787
2019-05-26,25.0,13.3,0.3,28.030491895751087
2019-05-27,24.4,12.8,65.0,23.932222222222222
2019-05-28,21.7,11.1,19.1,22.473611111111104
2019-05-29,23.3,11.1,2.5,23.328333333333326
2019-05-30,26.7,16.1,3.0,26.08555555555556
2019-05-31,28.3,16.1,0.0,27.910757868995592
2019-06-01,27.8,12.2,5.3,27.360965654024444
2019-06-02,20.6,11.7,0.0,20.206111111111106
2019-06-03,20.0,10.6,0.0,18.946111111111115
2019-06-04,28.3,15.6,3.0,28.246993170957833
2019-06-05,30.0,15.6,8.6,29.41421488587567
2019-06-06,24.4,13.9,0.0,23.958333333333332
2019-06-07,27.2,13.9,0.0,27.08954415243555
2019-06-08,26.1,15.6,0.0,25.53444444444444
2019-06-09,22.8,18.3,0.5,23.276111111111106
2019-06-10,24.4,16.1,0.0,23.501388888888886
2019-06-11,27.8,14.4,0.0,26.721373591057827
2019-06-12,23.3,13.3,17.3,25.75916666666667
2019-06-13,20.6,11.1,1.0,19.510833333333338
2019-06-14,27.2,11.1,0.8,26.45444444444444
2019-06-15,21.7,13.9,13.7,24.039444444444445
2019-06-16,19.4,13.3,3.0,20.911111111111104
2019-06-17,20.0,13.3,0.0,19.941666666666674
2019-06-18,26.1,14.4,0.0,26.059444444444452
2019-06-19,23.9,13.3,9.4,24.248333333333335
2019-06-20,21.1,12.8,6.4,21.044444444444448
2019-06-21,22.2,11.7,0.0,21.873055555555553
2019-06-22,27.2,16.1,0.0,27.884784716924493
2019-06-23,27.8,18.9,6.1,30.284278656195674
2019-06-24,26.1,19.4,5.8,25.808611111111112
2019-06-25,30.6,17.2,0.0,29.56310813900446
2019-06-26,32.2,21.1,5.1,32.56900581695783
2019-06-27,32.2,20.6,0.0,34.32017456463127
2019-06-28,32.8,22.2,17.0,35.286900788051064
2019-06-29,30.6,22.2,0.0,32.25272841111113
2019-06-30,32.2,22.2,7.9,34.28580817393564
2019-07-01,32.8,21.1,0.0,35.55203763279115
2019-07-02,33.3,21.7,25.4,37.51950270193562
2019-07-03,30.0,21.7,9.7,33.85445181291555
2019-07-04,32.8,21.1,0.0,35.889603247484416
2019-07-05,33.3,24.4,0.0,37.20667336761786
2019-07-06,30.0,21.1,0.0,35.286900788051064
2019-07-07,26.1,19.4,0.0,25.53444444444444
2019-07-08,28.3,18.3,0.0,27.763646131857854
2019-07-09,31.7,19.4,0.0,30.958095754335634
2019-07-10,35.6,24.4,0.0,38.15792965555557
2019-07-11,27.8,20.0,0.0,34.261995594095616
2019-07-12,30.6,16.7,0.0,30.406492212515545
2019-07-13,34.4,22.8,0.3,37.20667336761786
2019-07-14,32.2,22.8,0.3,33.379843183571246
2019-07-15,33.3,23.9,0.0,34.3537671678578
2019-07-16,28.9,22.2,10.2,31.04908144444437
2019-07-17,32.8,23.3,8.1,36.343957807751195
2019-07-18,31.1,21.7,31.8,37.86849669121564
2019-07-19,35.0,27.2,0.0,44.20635371329767
2019-07-20,36.1,24.4,0.0,43.91276584636458
2019-07-21,26.7,21.7,20.6,28.64234278149107
2019-07-22,24.4,17.2,0.0,24.405
2019-07-23,27.2,16.7,0.0,26.65027777777778
2019-07-24,26.7,16.7,0.0,25.90277777777778
2019-07-25,30.0,17.2,0.0,28.33797592205119
2019-07-26,30.0,20.0,0.0,29.682065621315626
2019-07-27,31.7,22.2,0.0,32.76279694388453
2019-07-28,32.2,22.8,0.0,33.16821562719118
2019-07-29,27.8,21.1,29.7,31.617318406151192
2019-07-30,26.1,19.4,0.0,26.39888888888889
2019-07-31,24.4,17.2,0.0,24.27444444444445
2019-08-01,26.7,15.6,0.0,26.637222222222224
2019-08-02,27.8,17.2,0.0,27.624331573457855
2019-08-03,31.7,17.8,0.0,30.37309437673785
2019-08-04,30.0,22.8,0.0,30.717955184364623
2019-08-05,32.8,21.7,0.0,32.76279694388453
2019-08-06,29.4,21.1,6.9,31.285569377315557
2019-08-07,31.1,20.0,0.0,30.824248934595516
2019-08-08,31.1,21.7,0.0,29.917249037404456
2019-08-09,28.3,17.2,0.0,27.368370834995595
2019-08-10,30.0,19.4,0.0,28.258726944275562
2019-08-11,28.9,20.6,0.3,29.10017681673787
2019-08-12,28.3,22.2,8.9,30.549454376151076
2019-08-13,29.4,21.1,8.4,31.015885100115636
2019-08-14,28.9,18.9,0.0,28.957169045315645
2019-08-15,25.6,18.3,0.0,25.638888888888893
2019-08-16,29.4,18.3,0.0,30.294298970771212
2019-08-17,25.6,20.6,1.0,29.15886103361784
2019-08-18,28.9,20.6,31.5,30.549454376151076
2019-08-19,29.4,21.7,1.0,31.648926787671186
2019-08-20,25.6,20.0,10.7,29.105816139857836
2019-08-21,28.9,18.3,0.0,30.549454376151076
2019-08-22,25.6,20.6,0.0,25.900000000000002
2019-08-23,23.9,18.9,0.0,23.14555555555555
2019-08-24,23.3,17.2,0.0,23.014999999999997
2019-08-25,25.6,16.7,0.0,24.865277777777774
2019-08-26,25.6,18.9,14.2,25.97833333333333
2019-08-27,27.2,18.9,0.0,26.986454903191134
2019-08-28,24.4,15.6,0.0,24.865277777777774
2019-08-29,30.0,15.6,0.0,29.898529149217854
2019-08-30,23.3,16.7,0.0,27.835943809757786
2019-08-31,24.4,17.8,4.1,23.749444444444443
2019-09-01,22.8,16.7,23.9,22.225555555555545
2019-09-02,28.3,16.7,0.0,28.89326381961784
2019-09-03,27.2,20.0,4.3,30.084231424035554
2019-09-04,21.1,16.7,0.0,30.084231424035554
2019-09-05,21.1,13.9,0.0,22.02972222222221
2019-09-06,23.9,18.3,0.0,23.393611111111106
2019-09-07,26.1,13.9,0.0,26.059444444444452
2019-09-08,19.4,16.7,1.3,22.711944444444455
2019-09-09,25.6,16.7,0.5,25.76944444444444
2019-09-10,32.8,22.8,0.0,35.781684200924495
2019-09-11,32.8,21.1,0.8,35.781684200924495
2019-09-12,27.8,20.0,2.3,32.62913009207105
2019-09-13,26.1,16.7,17.3,28.430175718017736
2019-09-14,27.2,14.4,0.0,27.676087608817763
2019-09-15,25.6,17.8,24.6,26.059444444444452
2019-09-16,24.4,19.4,0.0,25.283055555555556
2019-09-17,26.1,18.9,0.0,25.76944444444444
2019-09-18,28.3,17.8,0.0,28.41927290529559
2019-09-19,29.4,17.8,0.0,28.78069813099559
2019-09-20,30.0,20.6,0.8,31.229195675431228
2019-09-21,27.2,21.7,18.5,29.543688464791305
2019-09-22,25.6,19.4,18.8,25.74333333333333
2019-09-23,23.9,16.7,0.0,23.142777777777784
2019-09-24,26.7,14.4,0.0,26.059444444444452
2019-09-25,26.7,18.3,0.0,26.08555555555556
2019-09-26,22.8,13.9,0.0,23.68416666666666
2019-09-27,21.7,15.6,56.4,20.832777777777775
2019-09-28,20.0,15.0,10.9,21.396944444444443
2019-09-29,20.6,16.7,25.1,20.793611111111105
2019-09-30,30.6,18.9,0.0,32.25272841111113
2019-10-01,31.1,22.2,0.0,34.80727677236455
2019-10-02,27.2,15.6,14.5,31.98403855947564
2019-10-03,21.1,10.6,4.6,19.82416666666667
2019-10-04,15.0,8.9,0.0,14.613333333333335
2019-10-05,18.3,9.4,10.7,17.973888888888887
2019-10-06,20.6,10.6,0.0,19.49777777777778
2019-10-07,21.7,8.9,0.0,21.217499999999994
2019-10-08,21.7,8.9,0.0,21.230555555555558
2019-10-09,22.2,11.7,0.0,21.321944444444448
2019-10-10,21.7,12.2,1.8,21.67444444444445
2019-10-11,20.0,3.9,12.2,21.67444444444445
2019-10-12,12.8,2.8,0.0,11.924722222222222
2019-10-13,13.3,3.3,0.0,12.029166666666669
2019-10-14,12.8,3.9,0.0,12.055277777777778
2019-10-15,18.9,5.6,0.8,18.15666666666667
2019-10-16,11.7,6.1,0.0,15.621944444444447
2019-10-17,13.3,5.0,0.0,12.13361111111111
2019-10-18,15.6,3.9,0.0,15.021388888888888
2019-10-19,21.1,7.8,0.0,20.639722222222222
2019-10-20,15.6,10.0,0.0,18.394999999999996
2019-10-21,20.0,11.1,2.0,19.22027777777778
2019-10-22,11.1,7.2,0.3,15.021388888888888
2019-10-23,15.6,4.4,0.3,14.956111111111106
2019-10-24,10.6,5.6,0.0,13.761388888888888
2019-10-25,10.0,5.0,0.0,9.232777777777777
2019-10-26,10.6,3.9,87.6,8.626111111111111
2019-10-27,15.0,6.7,1.8,13.839722222222225
2019-10-28,11.1,5.0,0.0,12.329444444444443
2019-10-29,8.9,2.8,4.8,8.456388888888892
2019-10-30,5.6,0.6,27.2,5.108888888888888
2019-10-31,3.3,-3.3,8.6,5.108888888888888
2019-11-01,7.8,-3.9,0.0,6.831388888888886
2019-11-02,7.2,0.6,0.0,6.345000000000003
2019-11-03,12.2,-0.6,0.0,10.874166666666667
2019-11-04,12.2,3.9,0.0,10.453055555555556
2019-11-05,5.6,-0.6,0.0,7.52611111111111
2019-11-06,14.4,-0.6,0.0,13.118888888888891
2019-11-07,0.6,-6.1,0.0,3.6400000000000037
2019-11-08,0.6,-8.3,0.0,-1.5022222222222226
2019-11-09,8.9,-2.2,0.0,7.34333333333333
2019-11-10,6.7,2.2,0.8,6.31888888888889
2019-11-11,2.8,-10.0,6.9,4.1525
2019-11-12,-7.2,-12.8,0.0,-6.964444444444443
2019-11-13,-2.2,-10.6,0.0,-4.719166666666664
2019-11-14,0.6,-3.9,0.0,-1.7013888888888888
2019-11-15,3.3,-5.6,0.0,2.328333333333335
2019-11-16,5.6,-1.7,0.0,4.625833333333331
2019-11-17,5.6,-1.7,0.3,4.717222222222222
2019-11-18,5.6,2.2,0.0,4.230833333333332
2019-11-19,5.0,2.2,1.0,4.309166666666668
2019-11-20,9.4,3.9,0.0,8.759444444444442
2019-11-21,13.3,4.4,13.0,13.115555555555554
2019-11-22,4.4,-1.7,0.0,7.735000000000001
2019-11-23,5.0,-2.8,0.0,3.4311111111111123
2019-11-24,10.0,0.6,0.0,9.258888888888887
2019-11-25,12.8,3.3,0.0,12.211944444444443
2019-11-26,12.2,0.6,10.2,9.415555555555557
2019-11-27,13.9,1.1,3.0,13.20694444444444
2019-11-28,3.9,0.0,0.0,2.367499999999999
2019-11-29,4.4,1.7,0.5,3.193333333333336
2019-11-30,5.0,2.2,7.6,4.348333333333333
2019-12-01,6.1,0.6,2.5,5.699166666666669
2019-12-02,3.3,-0.6,0.0,2.1297222222222225
2019-12-03,4.4,-1.1,0.0,3.4572222222222218
2019-12-04,6.7,0.0,0.0,5.702499999999999
2019-12-05,7.8,-2.2,0.0,6.974999999999996
2019-12-06,6.1,-2.8,0.0,6.501666666666669
2019-12-07,3.9,-3.9,0.0,2.840833333333334
2019-12-08,8.9,1.7,0.0,8.417222222222225
2019-12-09,9.4,-3.9,0.5,9.07277777777778
2019-12-10,-3.9,-9.4,0.0,2.5633333333333317
2019-12-11,-3.9,-10.0,0.0,-5.388333333333332
2019-12-12,7.8,-6.7,0.0,6.227500000000003
2019-12-13,7.2,1.1,0.0,6.253611111111113
2019-12-14,2.2,-3.3,0.0,4.061111111111113
2019-12-15,-2.8,-6.7,0.3,-2.265555555555557
2019-12-16,-0.6,-3.9,0.3,-1.6099999999999979
2019-12-17,-0.6,-6.7,0.0,-1.5838888888888885
2019-12-18,-1.7,-10.6,0.0,-2.778055555555557
2019-12-19,2.8,-8.9,0.0,1.698888888888885
2019-12-20,5.0,-4.4,0.0,4.087222222222222
2019-12-21,9.4,0.0,0.0,8.038611111111114
2019-12-22,11.7,0.0,0.0,10.913333333333336
2019-12-23,11.7,2.2,0.0,10.939444444444446
2019-12-24,12.8,-2.2,0.0,12.211944444444443
2019-12-25,16.1,4.4,0.0,15.151944444444446
2019-12-26,16.7,4.4,0.0,16.411388888888887
2019-12-27,4.4,-1.1,0.0,12.932777777777776
2019-12-28,10.6,-1.1,4.1,6.094166666666669
2019-12-29,14.4,8.9,21.6,14.414166666666663
2019-12-30,8.9,-2.2,2.0,12.01277777777778
2019-12-31,-1.1,-3.3,1.5,-1.5838888888888885
2020-01-01,6.1,-5.6,0.0,4.717222222222222
2020-01-02,9.4,2.8,0.0,8.260555555555555
2020-01-03,5.6,1.7,0.0,7.1708333333333325
2020-01-04,1.7,-2.8,0.5,1.2908333333333348
2020-01-05,6.1,-3.9,0.0,5.242222222222226
2020-01-06,5.6,-3.3,0.0,4.717222222222222
2020-01-07,5.6,-2.2,0.0,4.651944444444444
2020-01-08,-1.1,-8.3,0.0,1.738055555555557
2020-01-09,10.0,-5.0,0.3,9.285
2020-01-10,10.0,3.9,29.7,9.650555555555558
2020-01-11,3.9,-3.3,19.1,3.914166666666669
2020-01-12,0.6,-3.9,0.0,-1.3488888888888875
2020-01-13,1.7,0.0,0.0,-0.14111111111111185
2020-01-14,6.1,-1.7,0.0,4.860833333333332
2020-01-15,2.8,-1.7,0.0,2.168888888888887
2020-01-16,-1.1,-8.3,0.0,2.1297222222222225
2020-01-17,-1.1,-8.3,5.8,-3.5641666666666674
2020-01-18,2.8,-14.4,10.2,2.168888888888887
2020-01-19,-6.7,-16.1,0.0,-8.158611111111112
2020-01-20,0.0,-7.8,0.0,-1.2672222222222216
2020-01-21,-0.6,-8.3,0.0,-2.3438888888888894
2020-01-22,1.7,-4.4,0.0,0.5700000000000018
2020-01-23,2.2,-1.1,2.3,0.9224999999999994
2020-01-24,3.9,1.1,8.4,3.428333333333337
2020-01-25,1.7,0.6,3.0,2.74611111111111
2020-01-26,1.1,-2.2,0.0,0.33166666666666345
2020-01-27,2.2,-2.2,0.0,1.3169444444444482
2020-01-28,0.6,-0.6,0.0,0.8311111111111124
2020-01-29,1.1,-1.1,0.0,-0.4022222222222243
2020-01-30,1.1,-0.6,0.0,-0.020833333333336097
2020-01-31,2.8,-0.6,0.5,1.9077777777777765
2020-02-01,3.3,0.6,1.0,2.0774999999999957
2020-02-02,12.2,1.7,0.0,11.425277777777778
2020-02-03,8.3,-1.1,0.0,7.066388888888887
2020-02-04,3.3,-0.6,0.0,3.6400000000000037
2020-02-05,-0.6,-2.8,2.3,-1.1366666666666663
2020-02-06,-0.6,-2.8,4.1,-2.1480555555555565
2020-02-07,2.8,-5.6,0.3,1.4247222222222196
2020-02-08,1.7,-3.3,0.0,0.4916666666666695
2020-02-09,2.8,-5.0,2.5,2.0774999999999957
2020-02-10,2.2,-2.8,0.0,1.5388888888888905
2020-02-11,1.7,-3.9,0.0,0.5438888888888884
2020-02-12,2.2,-4.4,5.3,1.1733333333333344
2020-02-13,0.0,-15.0,2.0,-0.14111111111111185
2020-02-14,-10.0,-18.3,0.0,-12.475555555555552
2020-02-15,0.6,-13.9,0.0,-1.1105555555555549
2020-02-16,6.7,-7.8,0.0,4.469166666666666
2020-02-17,4.4,-1.7,5.6,3.3658333333333346
2020-02-18,3.9,-3.3,0.0,2.74611111111111
2020-02-19,-0.6,-8.3,0.0,-0.08611111111111372
2020-02-20,-3.9,-11.7,0.0,-4.94111111111111
2020-02-21,2.8,-11.1,0.0,1.4116666666666648
2020-02-22,10.0,-3.3,0.0,9.063055555555557
2020-02-23,13.3,0.6,0.0,11.99
2020-02-24,6.1,3.3,0.0,9.154444444444445
2020-02-25,3.9,0.0,3.6,3.1541666666666717
2020-02-26,0.0,-3.3,1.8,-0.036666666666668055
2020-02-27,-0.6,-5.6,0.0,-1.9363888888888878
2020-02-28,-1.1,-7.8,0.0,-2.565833333333334
2020-02-29,1.7,-8.9,0.0,0.33500000000000085
2020-03-01,14.4,-1.1,0.0,13.288611111111111
2020-03-02,10.0,1.7,0.0,11.239722222222225
2020-03-03,10.0,0.0,0.0,8.628888888888888
2020-03-04,9.4,1.7,0.0,8.328611111111112
2020-03-05,11.1,0.6,0.0,10.309444444444441
2020-03-06,3.9,-2.2,0.0,6.201388888888894
2020-03-07,11.1,-5.0,0.0,10.035277777777772
2020-03-08,18.9,4.4,0.0,18.12083333333333
2020-03-09,15.0,8.3,25.4,15.90222222222222
2020-03-10,11.1,1.1,0.0,12.721111111111108
2020-03-11,6.7,2.2,0.0,5.28138888888889
2020-03-12,13.3,2.2,0.0,12.998055555555554
2020-03-13,9.4,1.1,0.0,12.551388888888889
2020-03-14,5.0,0.0,0.0,7.134444444444444
2020-03-15,3.9,1.1,0.0,2.8016666666666703
2020-03-16,5.0,0.0,0.8,4.348333333333333
2020-03-17,8.9,2.8,0.0,7.147499999999998
2020-03-18,7.2,3.9,14.7,6.801944444444447
2020-03-19,17.2,4.4,8.9,13.928333333333335
2020-03-20,17.2,-0.6,0.5,17.39333333333333
2020-03-21,0.6,-2.8,0.0,0.01833333333333008
2020-03-22,2.2,-2.2,6.1,0.5700000000000018
2020-03-23,6.7,0.6,1.8,5.320555555555559
2020-03-24,7.8,0.6,0.0,6.4363888888888905
2020-03-25,13.3,0.0,0.0,12.238055555555556
2020-03-26,11.1,3.3,0.0,11.777777777777779
2020-03-27,10.6,2.8,2.0,9.689722222222224
2020-03-28,19.4,7.2,13.7,14.991944444444446
2020-03-29,17.2,6.7,0.3,18.509166666666662
2020-03-30,10.0,3.9,0.0,9.232777777777777
2020-03-31,6.1,2.8,0.0,4.9
2020-04-01,11.7,2.2,0.0,11.017777777777777
2020-04-02,15.0,-0.6,0.0,13.210277777777783
2020-04-03,21.1,7.8,0.3,20.127777777777773
2020-04-04,13.3,2.2,3.0,16.740555555555552
2020-04-05,10.0,2.8,0.0,8.367777777777777
2020-04-06,18.3,2.2,3.8,17.921666666666667
2020-04-07,26.7,12.8,17.5,27.08954415243555
2020-04-08,20.6,9.4,4.8,25.56055555555555
2020-04-09,10.0,2.2,0.0,11.960555555555556
2020-04-10,10.6,1.1,0.0,9.01083333333333
2020-04-11,18.3,5.6,5.8,17.083333333333336
2020-04-12,18.9,9.4,0.8,18.551666666666666
2020-04-13,12.8,1.7,1.3,15.452222222222218
2020-04-14,5.0,-1.1,0.0,3.721666666666666
2020-04-15,4.4,-2.2,2.3,2.6058333333333334
2020-04-16,7.8,-2.2,0.0,6.609444444444439
2020-04-17,5.6,0.6,9.4,5.467500000000002
2020-04-18,15.0,0.6,0.0,13.617777777777778
2020-04-19,16.7,4.4,0.0,15.90222222222222
2020-04-20,18.3,2.2,1.5,17.083333333333336
2020-04-21,11.1,2.8,0.0,14.98222222222222
2020-04-22,16.7,4.4,0.0,14.851666666666667
2020-04-23,15.0,6.7,0.0,15.61166666666667
2020-04-24,9.4,5.6,0.0,8.863888888888887
2020-04-25,8.3,5.6,20.3,7.431944444444444
2020-04-26,16.7,6.1,0.0,15.350555555555555
2020-04-27,20.0,3.9,8.1,19.432499999999997
2020-04-28,24.4,11.7,8.9,23.775555555555552
2020-04-29,16.7,5.6,58.7,18.93027777777778
2020-04-30,12.2,5.6,3.0,11.148333333333337
2020-05-01,19.4,2.8,0.0,18.776388888888896
2020-05-02,26.1,14.4,0.0,24.826111111111118
2020-05-03,22.8,8.9,0.0,22.281111111111116
2020-05-04,8.9,5.0,0.0,21.664166666666663
2020-05-05,8.9,5.6,6.6,7.956944444444442
2020-05-06,16.1,3.3,0.0,14.760277777777778
2020-05-07,18.9,7.8,0.0,17.608333333333334
2020-05-08,7.8,1.1,0.0,9.01083333333333
2020-05-09,15.0,-0.6,0.0,13.434999999999999
2020-05-10,11.7,2.8,10.7,13.461111111111114
2020-05-11,10.0,4.4,0.0,8.576666666666668
2020-05-12,16.7,3.9,0.0,15.915277777777773
2020-05-13,20.6,7.2,0.3,19.984166666666663
2020-05-14,22.8,12.8,59.9,22.369166666666658
2020-05-15,25.0,13.9,8.9,23.749444444444443
2020-05-16,20.6,11.1,10.2,20.979166666666675
2020-05-17,20.0,12.2,100.3,20.24194444444444
2020-05-18,18.9,11.1,0.0,19.664166666666667
2020-05-19,16.1,11.1,5.6,15.621944444444447
2020-05-20,18.3,12.8,0.0,17.540277777777778
2020-05-21,20.0,13.3,0.0,19.194166666666664
2020-05-22,21.1,13.9,0.0,20.480277777777772
2020-05-23,27.2,12.8,13.2,27.543531976835535
2020-05-24,31.7,17.8,0.0,32.19925999255788
2020-05-25,31.1,21.1,0.0,31.126955483004483
2020-05-26,31.7,21.1,0.0,31.846529894604444
2020-05-27,30.6,22.2,4.6,30.743255411111097
2020-05-28,28.3,18.3,4.3,27.987237679591207
2020-05-29,24.4,14.4,0.8,24.48333333333333
2020-05-30,22.2,12.8,0.0,21.36111111111111
2020-05-31,18.9,11.1,0.0,17.73888888888889
2020-06-01,25.0,12.8,0.0,24.17
2020-06-02,34.4,19.4,0.0,35.10459696540446
2020-06-03,29.4,21.1,0.3,33.416860450984544
2020-06-04,30.0,20.0,0.0,30.316243944444384
2020-06-05,31.7,22.2,0.0,32.023305295084555
2020-06-06,24.4,16.1,0.0,31.5090838789956
2020-06-07,26.1,15.0,0.0,25.469166666666663
2020-06-08,32.8,18.3,0.0,30.276932588015573
2020-06-09,32.8,23.3,10.2,34.3537671678578
2020-06-10,28.9,16.7,2.3,29.697203661351164
2020-06-11,28.3,15.0,0.0,26.790513540817827
2020-06-12,25.6,13.9,0.0,26.43262086172445
2020-06-13,19.4,12.2,1.3,18.985277777777778
2020-06-14,21.1,13.9,0.0,20.075555555555553
2020-06-15,22.8,12.8,0.0,21.742499999999993
2020-06-16,28.9,15.0,0.0,27.932119356095637
2020-06-17,30.0,18.3,0.0,28.681861811111155
2020-06-18,30.6,17.8,0.0,29.247429397031137
2020-06-19,33.9,20.6,0.0,32.22746681119117
2020-06-20,32.8,21.7,7.4,31.53111406157112
2020-06-21,28.3,21.1,0.0,28.312649868817804
2020-06-22,30.0,18.9,29.2,30.717955184364623
2020-06-23,26.1,17.2,0.0,25.41694444444444
2020-06-24,26.1,16.1,0.0,25.90277777777778
2020-06-25,28.9,17.2,0.0,27.721938942035614
2020-06-26,29.4,21.1,33.0,32.62913009207105
2020-06-27,31.7,22.2,0.0,32.78368005370444
2020-06-28,28.9,22.2,2.8,31.20833997777773
2020-06-29,33.9,22.2,17.5,36.343957807751195
2020-06-30,31.7,22.8,0.0,34.24562740051562
2020-07-01,31.1,23.3,0.0,31.617318406151192
2020-07-02,32.2,22.2,0.0,31.09243211641781
2020-07-03,31.7,20.6,0.0,30.406492212515545
2020-07-04,32.2,22.2,0.0,33.379843183571246
2020-07-05,32.2,22.8,0.0,32.56727818179556
2020-07-06,34.4,24.4,0.0,34.427815724817805
2020-07-07,34.4,23.9,0.3,35.513380247404434
2020-07-08,33.3,23.9,13.2,34.59215684108437
2020-07-09,33.9,22.2,9.1,36.32746605479784
2020-07-10,30.6,21.1,10.4,35.286900788051064
2020-07-11,29.4,21.1,2.3,29.300882540051173
2020-07-12,26.1,19.4,0.0,29.300882540051173
2020-07-13,27.2,17.8,0.0,27.416236963591118
2020-07-14,29.4,19.4,0.0,28.925280710631114
2020-07-15,30.6,20.0,25.4,31.04908144444437
2020-07-16,29.4,20.0,0.0,28.181459693315517
2020-07-17,31.1,20.0,0.0,31.5090838789956
2020-07-18,32.8,24.4,0.0,38.18538774865792
2020-07-19,28.3,21.7,26.2,37.1085157343645
2020-07-20,30.6,19.4,0.0,29.227926396497807
2020-07-21,27.2,22.8,2.8,27.835943809757786
2020-07-22,30.0,22.2,0.5,31.557488575164523
2020-07-23,27.2,18.3,0.0,29.300882540051173
2020-07-24,29.4,18.9,0.0,29.543688464791305
2020-07-25,32.2,20.6,0.0,32.76279694388453
2020-07-26,35.0,23.9,1.5,38.9300934206755
2020-07-27,30.0,22.2,8.6,37.05415802092446
2020-07-28,31.1,20.6,0.0,31.043001335615575
2020-07-29,32.8,22.2,2.8,33.356838967857776
2020-07-30,28.3,22.2,1.3,27.721938942035614
2020-07-31,27.2,21.1,0.0,26.611111111111114
2020-08-01,26.1,18.3,7.4,26.08555555555556
2020-08-02,29.4,18.3,13.7,29.227926396497807
2020-08-03,22.8,18.3,0.0,21.67444444444445
2020-08-04,23.3,15.0,0.0,22.54222222222223
2020-08-05,24.4,13.9,0.0,24.196111111111108
2020-08-06,26.7,18.3,0.0,25.469166666666663
2020-08-07,28.9,16.7,0.0,27.78952527557118
2020-08-08,30.6,19.4,0.0,32.15124504993779
2020-08-09,32.2,22.2,0.0,33.820934725784504
2020-08-10,32.2,20.6,8.6,37.235683568124536
2020-08-11,27.8,18.9,0.0,26.762939877617825
2020-08-12,28.3,17.2,0.0,28.41927290529559
2020-08-13,28.9,21.1,0.0,27.932119356095637
2020-08-14,31.1,21.7,0.0,30.14254564121777
2020-08-15,31.7,21.1,1.3,32.02327019841567
2020-08-16,28.3,18.3,0.0,28.164564010515555
2020-08-17,28.9,20.6,0.0,27.721938942035614
2020-08-18,25.0,19.4,0.0,25.90277777777778
2020-08-19,26.1,16.1,0.0,25.928888888888896
2020-08-20,29.4,16.7,0.0,28.03957093897562
2020-08-21,30.6,18.3,0.0,29.167844777777734
2020-08-22,31.1,19.4,0.0,30.276920798631156
2020-08-23,32.2,21.1,0.0,32.56900581695783
2020-08-24,35.6,22.2,0.0,36.3571822555555
2020-08-25,32.2,25.0,0.0,34.492084111084516
2020-08-26,34.4,23.9,0.0,34.59215684108437
2020-08-27,35.0,24.4,0.0,37.598498363004396
2020-08-28,35.0,24.4,0.0,35.85863781863108
2020-08-29,28.9,20.0,0.0,34.80727677236455
2020-08-30,25.6,17.8,0.0,25.811388888888896
2020-08-31,29.4,18.3,0.0,28.741592507075584
2020-09-01,23.3,20.6,8.4,27.884784716924493
2020-09-02,31.1,21.1,0.0,28.971164411715588
2020-09-03,31.1,18.3,0.0,29.414604370115587
2020-09-04,26.7,13.3,0.0,25.79833333333334
2020-09-05,28.3,17.8,0.0,27.421114341624484
2020-09-06,27.8,15.0,18.8,28.76327423575113
2020-09-07,25.6,18.9,1.3,26.37277777777778
2020-09-08,19.4,16.1,20.6,19.87638888888889
2020-09-09,18.9,16.1,15.5,18.891111111111105
2020-09-10,20.0,14.4,4.6,19.22027777777778
2020-09-11,20.6,16.7,0.0,19.98083333333333
2020-09-12,22.8,17.2,10.4,23.064444444444447
2020-09-13,24.4,16.1,0.0,24.248333333333335
2020-09-14,23.9,13.9,0.0,23.184722222222216
2020-09-15,25.6,15.0,0.0,25.495277777777776
2020-09-16,28.3,15.0,0.0,28.601447857571216
2020-09-17,21.1,15.6,0.0,27.35456218899553
2020-09-18,16.7,9.4,0.0,16.241666666666667
2020-09-19,18.3,8.3,0.0,17.213888888888892
2020-09-20,22.8,10.0,0.0,21.67722222222221
2020-09-21,23.9,11.1,0.0,23.6325
2020-09-22,26.1,12.8,0.0,25.45611111111111
2020-09-23,26.1,14.4,0.0,25.495277777777776
2020-09-24,26.1,13.3,0.0,25.981111111111122
2020-09-25,27.2,15.0,0.0,26.57194444444444
2020-09-26,25.6,17.2,0.0,25.586666666666662
2020-09-27,25.6,12.2,2.8,25.53444444444444
2020-09-28,17.2,10.6,4.6,19.141944444444444
2020-09-29,16.1,7.2,0.0,15.637777777777778
2020-09-30,20.0,10.6,0.0,19.602222222222217
2020-10-01,14.4,7.8,6.6,14.956111111111106
2020-10-02,13.3,6.1,0.0,12.449722222222219
2020-10-03,13.9,7.8,5.3,13.262500000000001
2020-10-04,13.9,4.4,0.8,12.515
2020-10-05,17.2,2.2,0.0,15.95444444444444
2020-10-06,23.9,10.6,0.0,23.014999999999997
2020-10-07,24.4,12.8,0.0,24.000277777777782
2020-10-08,21.1,10.0,0.0,20.626666666666676
2020-10-09,27.8,10.6,0.0,26.629206586524436
2020-10-10,25.0,14.4,0.0,24.760833333333338
2020-10-11,20.0,13.9,0.0,19.798055555555557
2020-10-12,19.4,8.3,4.3,19.311666666666664
2020-10-13,22.8,6.7,0.0,22.307222222222226
2020-10-14,25.6,8.3,0.0,25.208055555555557
2020-10-15,17.8,5.6,0.0,23.974166666666672
2020-10-16,12.8,2.2,0.0,11.885555555555555
2020-10-17,18.3,3.3,0.0,17.543055555555554
2020-10-18,15.0,4.4,6.9,15.863055555555555
2020-10-19,11.1,4.4,2.5,9.810555555555554
2020-10-20,12.8,6.1,4.6,11.581944444444446
2020-10-21,14.4,7.8,16.5,13.288611111111111
2020-10-22,26.1,8.9,44.2,26.1638888888889
2020-10-23,21.1,5.0,16.3,23.932222222222222
2020-10-24,8.3,1.7,0.0,6.475555555555559
2020-10-25,8.3,5.6,0.0,7.591388888888888
2020-10-26,5.6,1.1,1.3,7.040277777777778
2020-10-27,2.8,0.6,2.0,2.367499999999999
2020-10-28,10.6,0.0,0.0,9.627777777777776
2020-10-29,10.0,2.2,0.0,9.389444444444443
2020-10-30,6.7,-1.1,0.0,4.928888888888893
2020-10-31,15.0,0.0,0.0,14.286944444444442
2020-11-01,12.8,-0.6,0.0,12.632499999999997
2020-11-02,10.6,-2.2,0.0,8.90638888888889
2020-11-03,21.1,3.3,0.0,20.522222222222222
2020-11-04,23.9,9.4,0.0,22.871388888888887
2020-11-05,21.7,13.3,0.0,21.308888888888887
2020-11-06,23.3,9.4,0.0,23.014999999999997
2020-11-07,22.2,11.1,0.0,21.348055555555558
2020-11-08,25.0,12.2,0.0,24.930555555555557
2020-11-09,24.4,17.2,0.0,24.35277777777778
2020-11-10,23.3,6.7,23.1,23.276111111111106
2020-11-11,7.8,1.7,0.0,16.685555555555553
2020-11-12,11.7,1.7,0.0,10.848055555555554
2020-11-13,7.8,-1.1,0.0,8.498333333333331
2020-11-14,10.0,-1.7,9.9,6.5800000000000045
2020-11-15,12.8,1.1,1.8,12.551388888888889
2020-11-16,8.9,0.0,0.0,7.382499999999999
2020-11-17,5.6,-1.1,0.0,6.909722222222222
2020-11-18,10.6,1.7,0.0,8.945555555555558
2020-11-19,18.9,7.2,0.0,18.290555555555557
2020-11-20,17.8,6.1,0.0,16.623055555555553
2020-11-21,8.3,3.9,0.0,11.333888888888891
2020-11-22,7.8,4.4,1.5,6.501666666666669
2020-11-23,7.8,0.6,0.0,6.201388888888894
2020-11-24,7.2,0.6,11.4,4.978333333333333
2020-11-25,8.3,6.7,9.4,7.956944444444442
2020-11-26,7.8,3.9,0.0,7.4711111111111075
2020-11-27,7.2,0.6,0.0,6.4363888888888905
2020-11-28,10.0,-2.2,0.0,8.550555555555558
2020-11-29,10.6,2.2,0.0,9.180555555555559
2020-11-30,3.3,-1.7,0.0,6.410277777777777
2020-12-01,1.1,-3.3,0.0,-0.6111111111111119
2020-12-02,8.3,-4.4,0.0,7.121388888888889
2020-12-03,8.3,-1.7,0.0,7.264999999999999
2020-12-04,7.8,-0.6,0.0,6.227500000000003
2020-12-05,5.0,-1.1,0.0,3.391944444444448
2020-12-06,2.8,1.1,0.0,1.7641666666666664
2020-12-07,3.3,1.1,0.0,2.328333333333335
2020-12-08,2.8,0.6,0.0,2.328333333333335
2020-12-09,11.7,0.0,0.0,10.283333333333328
2020-12-10,13.9,-0.6,0.0,13.197222222222223
2020-12-11,7.2,1.7,21.6,10.361666666666665
2020-12-12,5.6,0.0,26.4,5.069722222222223
2020-12-13,2.8,-2.8,0.0,1.7641666666666664
2020-12-14,0.6,-4.4,0.0,0.0836111111111077
2020-12-15,1.1,-5.6,0.0,-0.6502777777777801
2020-12-16,1.1,-1.7,0.0,-0.4413888888888905
2020-12-17,1.7,-1.7,0.0,0.5700000000000018
2020-12-18,2.8,-4.4,0.0,1.1733333333333344
2020-12-19,7.2,1.1,0.0,5.950555555555555
2020-12-20,5.6,0.0,0.0,4.1525
2020-12-21,8.3,0.6,0.0,6.883611111111109
2020-12-22,5.6,-0.6,0.0,4.625833333333331
2020-12-23,14.4,-2.8,2.5,13.340833333333338
2020-12-24,-2.8,-12.2,0.0,11.318055555555556
2020-12-25,-5.6,-12.8,0.0,-7.225555555555555
2020-12-26,1.7,-7.2,0.0,0.36111111111111427
2020-12-27,8.3,-3.9,0.0,7.52611111111111
2020-12-28,1.1,-5.6,0.0,6.501666666666669
2020-12-29,0.6,-7.8,7.1,-1.384722222222222
2020-12-30,2.2,-3.3,6.4,1.5388888888888905
2020-12-31,-1.1,-5.0,0.0,-2.934722222222222
