date,tmax,tmin,prcp,heat_index,tavg,prcp_flag,tmax_lag1,hot_days_prior3,hot_days_prior7,doy_sin,doy_cos,month,state,heat_index_filled,tmax_sq,tmax_lag1_sq,hi_sq,tmax_x_hi,r_screening,r_model_dayahead,r_model_sameday
2023-01-01,26.1,10.0,0.0,25.612777777777776,18.05,0.0,26.1,0.0,0.0,0.017201575418260506,0.9998520419557735,1,Texas,25.612777777777776,681.21,681.21,656.014385493827,668.4935,0.0,0.31080308572922605,0.29789129571344736
2023-01-02,28.3,20.6,0.8,28.577176604924507,24.450000000000003,1.0,26.1,0.0,0.0,0.03439806061360801,0.9994082116062598,1,Texas,28.577176604924507,800.89,681.21,816.6550227090446,808.7340979193635,0.06571569187185444,0.3106733673336811,0.4065249793991399
2023-01-03,23.3,12.2,1.0,25.113333333333337,17.75,1.0,28.3,0.0,0.0,0.051584366869408364,0.9986686402879997,1,Texas,25.113333333333337,542.89,800.89,630.6795111111113,585.1406666666668,0.0,0.4156367046543799,0.18176015294418865
2023-01-04,23.3,5.6,0.0,22.22888888888889,14.45,0.0,23.3,0.0,0.0,0.06875540848113941,0.9976335468520451,1,Texas,22.22888888888889,542.89,542.89,494.1235012345679,517.9331111111111,0.0,0.21722574999141245,0.1929450181663427
2023-01-05,20.6,5.0,0.0,19.393333333333334,12.8,0.0,23.3,0.0,0.0,0.08590610426133272,0.9963032375991965,1,Texas,19.393333333333334,424.36000000000007,542.89,376.1013777777778,399.5026666666667,0.0,0.2171332824788559,0.12047106957232222
2023-01-06,26.1,6.7,0.0,25.56055555555555,16.400000000000002,0.0,20.6,0.0,0.0,0.10303137904317879,0.9946781061893646,1,Texas,25.56055555555555,681.21,424.36000000000007,653.3420003086417,667.1304999999999,0.0,0.15765454549443014,0.3309329990970785
2023-01-07,25.0,15.0,0.0,24.5225,20.0,0.0,26.1,0.0,0.0,0.1201261651823505,0.9927586335250793,1,Texas,24.5225,625.0,681.21,601.35300625,613.0625,0.0,0.3100449316598651,0.22532136645268716
2023-01-08,20.6,8.3,0.0,20.049444444444443,14.450000000000001,0.0,25.0,0.0,0.0,0.13718540405660057,0.9905453876091833,1,Texas,20.049444444444443,424.36000000000007,625.0,401.9802225308641,413.01855555555557,0.0,0.268688829171584,0.11295122950171729
2023-01-09,23.3,6.1,0.0,22.988888888888887,14.7,0.0,20.6,0.0,0.0,0.1542040475626894,0.988039023376751,1,Texas,22.988888888888887,542.89,424.36000000000007,528.4890123456789,535.6411111111111,0.0,0.15745399693204426,0.2010530632653772
2023-01-10,28.9,13.9,0.0,27.97271591321781,21.4,0.0,23.3,0.0,0.0,0.17117705961019986,0.985240282501282,1,Texas,27.97271591321781,835.2099999999999,542.89,782.472835561589,808.4114898919947,0.040529829717408816,0.21668700445342512,0.4792320902984472
2023-01-11,25.6,13.3,0.0,25.035,19.450000000000003,0.0,28.9,0.0,0.0,0.18809941761179758,0.9821499931752291,1,Texas,25.035,655.3600000000001,835.2099999999999,626.751225,640.8960000000001,0.0,0.4489817058443332,0.25335755669556026
2023-01-12,20.6,10.0,0.0,22.829444444444455,15.3,0.0,25.6,0.0,0.0,0.20496611396949532,0.9787690698649216,1,Texas,22.829444444444455,424.36000000000007,655.3600000000001,521.1835336419758,470.2865555555558,0.0,0.28990581060587006,0.11449942835615366
2023-01-13,17.8,5.0,0.0,17.005000000000006,11.4,0.0,20.6,0.0,0.0,0.22177215755648186,0.975098513039961,1,Texas,17.005000000000006,316.84000000000003,424.36000000000007,289.1700250000002,302.68900000000014,0.0,0.15719863456856487,0.07856588042612968
2023-01-14,18.9,1.1,0.0,17.53,10.0,0.0,17.8,0.0,0.0,0.23851257519407648,0.9711394088771653,1,Texas,17.53,357.2099999999999,316.84000000000003,307.3009,331.317,0.0,0.11650664737115257,0.10364218109504626
2023-01-15,23.3,7.8,0.0,21.96444444444444,15.55,0.0,18.9,0.0,0.0,0.2551824131233728,0.9668929289391521,1,Texas,21.96444444444444,542.89,357.2099999999999,482.4368197530862,511.77155555555544,0.0,0.1304292247440057,0.19528256903699287
2023-01-16,25.6,14.4,0.0,24.826111111111118,20.0,0.0,23.3,0.0,0.0,0.2717767384711357,0.9623603298276545,1,Texas,24.826111111111118,655.3600000000001,542.89,616.3357929012349,635.5484444444446,0.0,0.21619007529837045,0.2613844050242663
2023-01-17,27.8,10.0,0.0,26.637222222222224,18.9,0.0,25.6,0.0,0.0,0.2882906407095177,0.9575429528116719,1,Texas,26.637222222222224,772.84,655.3600000000001,709.5416077160495,740.5147777777778,0.0,0.2893845123741698,0.4063514042377489
2023-01-18,25.0,13.9,0.0,24.512777777777778,19.45,0.0,27.8,0.0,0.0,0.3047192331091634,0.9524422234305676,1,Texas,24.512777777777778,625.0,772.84,600.876274382716,612.8194444444445,0.0,0.38673597556816475,0.22736229603233388
2023-01-19,20.6,7.8,0.0,20.995555555555555,14.200000000000001,0.0,25.0,0.0,0.0,0.321057654185271,0.9470596510722283,1,Texas,20.995555555555555,424.36000000000007,625.0,440.81335308641974,432.5084444444445,0.0,0.26759972577176444,0.11618968546946332
2023-01-20,14.4,10.0,0.0,16.414166666666663,12.2,0.0,20.6,0.0,0.0,0.3373010691361842,0.9413968285264122,1,Texas,16.414166666666663,207.36,424.36000000000007,269.424867361111,236.36399999999995,0.0,0.15678801675935106,0.04167689165995251
2023-01-21,18.3,7.8,0.3,17.475000000000005,13.05,1.0,14.4,0.0,0.0,0.3534446712740877,0.9354554315134164,1,Texas,17.475000000000005,334.89000000000004,207.36,305.3756250000002,319.7925000000001,0.0,0.08498163077146341,0.08920154244496291
2023-01-22,16.7,5.6,0.0,15.889166666666666,11.149999999999999,0.0,18.3,0.0,0.0,0.3694836834473831,0.9292372181882051,1,Texas,15.889166666666666,278.89,334.89000000000004,252.4656173611111,265.34908333333334,0.0,0.12221324763715731,0.06716986323591863
2023-01-23,15.6,0.6,0.0,14.143333333333333,8.1,0.0,16.7,0.0,0.0,0.38541335945432564,0.9227440286201427,1,Texas,14.143333333333333,243.35999999999999,278.89,200.03387777777775,220.636,0.0,0.10428379194555196,0.06400659879306267
2023-01-24,12.8,5.6,20.8,12.423611111111109,9.2,1.0,15.6,0.0,0.0,0.4012289854475009,0.9159777842484877,1,Texas,12.423611111111109,163.84000000000003,243.35999999999999,154.3461130401234,159.0222222222222,0.0,0.09418106389840711,0.04070118261181414
2023-01-25,13.3,3.9,0.0,11.963888888888887,8.6,0.0,12.8,0.0,0.0,0.4169258813287287,0.908940487313808,1,Texas,11.963888888888887,176.89000000000001,163.84000000000003,143.13463734567895,159.1197222222222,0.0,0.07475278863294346,0.04583139427130899
2023-01-26,14.4,1.7,0.0,13.526388888888887,8.05,0.0,13.3,0.0,0.0,0.4324994021339788,0.901634220265486,1,Texas,13.526388888888887,207.36,176.89000000000001,182.96319637345673,194.77999999999997,0.0,0.07763919849673338,0.05436179911693312
2023-01-27,13.3,0.6,0.0,12.54111111111111,6.95,0.0,14.4,0.0,0.0,0.44794493940789115,0.8940611451454876,1,Texas,12.54111111111111,176.89000000000001,207.36,157.27946790123454,166.79677777777778,0.0,0.08481022459645182,0.04713523286195266
2023-01-28,15.6,8.9,2.0,15.66111111111111,12.25,1.0,13.3,0.0,0.0,0.4632579225674917,0.88622350294858,1,Texas,15.66111111111111,243.35999999999999,176.89000000000001,245.27040123456786,244.3133333333333,0.0,0.07759017686551758,0.057543507497009
2023-01-29,23.9,5.0,5.3,23.879999999999995,14.45,1.0,15.6,0.0,0.0,0.4784338202547012,0.8781236129591848,1,Texas,23.879999999999995,571.2099999999999,243.35999999999999,570.2543999999998,570.7319999999999,0.0,0.094031956400214,0.24821550744061396
2023-01-30,5.0,-1.0,0.3,8.456388888888892,2.0,1.0,23.9,0.0,0.0,0.49346814167723735,0.8697638720650646,1,Texas,8.456388888888892,25.0,571.2099999999999,71.51051304012351,42.28194444444446,0.0,0.23191230046503597,0.015247128353922652
2023-01-31,0.0,-1.6,1.5,-0.7188888888888871,-0.8,1.0,5.0,0.0,0.0,0.5083564379375122,0.8611467540480452,1,Texas,-0.7188888888888871,0.0,25.0,0.5168012345678987,-0.0,0.0,0.04891055129391533,0.01810916720295306
2023-02-01,0.0,-1.6,26.4,-0.7188888888888871,-0.8,1.0,0.0,0.0,0.0,0.5230943033491326,0.8522748088519838,2,Texas,-0.7188888888888871,0.0,0.0,0.5168012345678987,-0.0,0.0,0.044455982367247834,0.019101180188103764
2023-02-02,4.4,0.0,5.1,3.2847222222222268,2.2,1.0,0.0,0.0,0.0,0.5376773767406141,0.8431506618282,2,Texas,3.2847222222222268,19.360000000000003,0.0,10.789400077160524,14.452777777777799,0.0,0.04444363922422377,0.023965101872079633
2023-02-03,10.0,0.0,0.0,9.454722222222223,5.0,0.0,4.4,0.0,0.0,0.5521013427459208,0.8337770129585915,2,Texas,9.454722222222223,100.0,19.360000000000003,89.39177229938274,94.54722222222223,0.0,0.047963285228065,0.035160058733450905
2023-02-04,17.2,1.7,0.0,16.792777777777772,9.45,0.0,10.0,0.0,0.0,0.5663619330814524,0.8241566360566663,2,Texas,16.792777777777772,295.84,100.0,281.997385493827,288.83577777777765,0.0,0.06166717121233596,0.08371002535615202
2023-02-05,23.9,5.0,0.0,23.723333333333333,14.45,0.0,17.2,0.0,0.0,0.580454927809098,0.8142923779467267,2,Texas,23.723333333333333,571.2099999999999,295.84,562.7965444444444,566.9876666666667,0.0,0.10901297814963605,0.23499463909817597
2023-02-06,24.4,12.8,0.0,23.171666666666667,18.6,0.0,23.9,0.0,0.0,0.5943761565849831,0.804187157621448,2,Texas,23.171666666666667,595.3599999999999,571.2099999999999,536.9261361111111,565.3886666666666,0.0,0.2315144641903632,0.20702907738973045
2023-02-07,21.1,10.0,8.9,21.55694444444445,15.55,1.0,24.4,0.0,0.0,0.6081214998935418,0.7938439653781019,2,Texas,21.55694444444445,445.21000000000004,595.3599999999999,464.70185378086444,454.85152777777796,0.0,0.24654761025060762,0.12454383857465871
2023-02-08,15.6,4.4,2.3,20.24194444444444,10.0,1.0,21.1,0.0,0.0,0.6216868902665479,0.7832658619336791,2,Texas,20.24194444444444,243.35999999999999,445.21000000000004,409.7363148919751,315.77433333333323,0.0,0.16510558336758188,0.056282955232670066
2023-02-09,23.9,4.4,0.0,23.39694444444444,14.149999999999999,0.0,15.6,0.0,0.0,0.6350683134867438,0.7724559775191742,2,Texas,23.39694444444444,571.2099999999999,243.35999999999999,547.4170093364196,559.186972222222,0.0,0.0937687921164085,0.23719617887382577
2023-02-10,13.3,3.3,0.0,19.41944444444444,8.3,0.0,23.9,0.0,0.0,0.6482618097757122,0.7614175109532997,2,Texas,19.41944444444444,176.89000000000001,571.2099999999999,377.11482253086405,258.27861111111105,0.0,0.23132614655032346,0.03682261912631423
2023-02-11,15.6,1.7,0.0,14.747222222222225,8.65,0.0,13.3,0.0,0.0,0.6612634749656386,0.7501537286959042,2,Texas,14.747222222222225,243.35999999999999,176.89000000000001,217.48056327160504,230.0566666666667,0.0,0.07731634358872314,0.06274348039396523
2023-02-12,18.9,0.0,0.0,17.608333333333334,9.45,0.0,15.6,0.0,0.0,0.6740694616546161,0.7386679638813748,2,Texas,17.608333333333334,357.2099999999999,243.35999999999999,310.0534027777778,332.7975,0.0,0.09371338322025828,0.10504809051269094
2023-02-13,21.7,5.6,0.0,20.362777777777772,13.649999999999999,0.0,18.9,0.0,0.0,0.6866759803451553,0.726963615332308,2,Texas,20.362777777777772,470.89,357.2099999999999,414.64271882716025,441.87227777777764,0.0,0.12935084432535804,0.14765765026350344
2023-02-14,26.7,11.7,0.3,26.21944444444445,19.2,1.0,21.7,0.0,0.0,0.6990793005655562,0.7150441465537444,2,Texas,26.21944444444445,712.89,470.89,687.4592669753089,700.0591666666668,0.0,0.17685664176400118,0.34119420129654404
2023-02-15,27.2,8.9,0.0,27.47501360605107,18.05,0.0,26.7,0.0,0.0,0.7112757519738152,0.7029130847082615,2,Texas,27.47501360605107,739.8399999999999,712.89,754.8763726526915,747.3203700845892,0.0197922335854613,0.3319270859093059,0.37365593081573595
2023-02-16,21.7,4.4,2.3,24.5225,13.05,1.0,27.2,0.0,0.0,0.7232617254437388,0.6905740195722293,2,Texas,24.5225,470.89,739.8399999999999,601.35300625,532.13825,0.0,0.3546385469106311,0.15408957779646534
2023-02-17,12.2,0.6,0.0,11.164166666666667,6.3999999999999995,0.0,21.7,0.0,0.0,0.7350336741329413,0.6780306024735382,2,Texas,11.164166666666667,148.83999999999997,470.89,124.6386173611111,136.20283333333333,0.0,0.17677842096539456,0.03656355727407912
2023-02-18,14.4,-0.5,0.0,13.0275,6.95,0.0,12.2,0.0,0.0,0.746588114532413,0.6652865452111116,2,Texas,13.0275,207.36,148.83999999999997,169.71575625,187.596,0.0,0.07112309316662056,0.05518359102874126
2023-02-19,25.0,7.8,0.0,24.130833333333335,16.4,0.0,14.4,0.0,0.0,0.7579216274973472,0.6523456189565257,2,Texas,24.130833333333335,625.0,207.36,582.2971173611112,603.2708333333334,0.0,0.08437847188681007,0.2686815038823878
2023-02-20,28.9,13.3,0.0,28.601447857571216,21.1,0.0,25.0,0.0,0.0,0.7690308592589181,0.6392116531380588,2,Texas,28.601447857571216,835.2099999999999,625.0,818.0428195493652,826.581843083808,0.06672699406546734,0.2656629824903261,0.47013089933701036
2023-02-21,28.9,15.6,0.0,29.300882540051173,22.25,0.0,28.9,0.0,0.0,0.7799125224167177,0.6258885343075018,2,Texas,29.300882540051173,835.2099999999999,835.2099999999999,858.5417176258757,846.7955054074789,0.09587010583546555,0.44484037278703453,0.4529744186917658
2023-02-22,32.8,20.6,0.0,29.93373941331559,26.7,0.0,28.9,0.0,0.0,0.7905633969115482,0.612380204990065,2,Texas,29.93373941331559,1075.84,835.2099999999999,896.0287552642831,981.8266527567513,0.12223914222148287,0.444803436099139,0.7221928872323092
2023-02-23,26.1,13.9,0.0,27.665250694595574,20.0,0.0,32.8,1.0,1.0,0.8009803309782905,0.5986906625177214,2,Texas,27.665250694595574,681.21,1075.84,765.3660959948209,722.0630431289445,0.027718778941482263,0.7429419513624705,0.27200171570657894
2023-02-24,13.9,10.0,0.0,19.458611111111107,11.95,0.0,26.1,1.0,1.0,0.8111602420785621,0.5848239578463322,2,Texas,19.458611111111107,193.21,681.21,378.63754637345664,270.4746944444444,0.0,0.3075860062043409,0.03344839477739378
2023-02-25,18.3,7.2,0.0,17.56638888888889,12.75,0.0,13.9,1.0,1.0,0.8211001178128892,0.5707841943569036,2,Texas,17.56638888888889,334.89000000000004,193.21,308.5780185956791,321.46491666666674,0.0,0.0812856605580934,0.0817299992819589
2023-02-26,27.2,11.7,0.0,27.360965654024444,19.45,0.0,18.3,0.0,1.0,0.8307970168121247,0.5565755266413303,2,Texas,27.360965654024444,739.8399999999999,334.89000000000004,748.6224415207053,744.2182657894648,0.015040235584351821,0.0919148746682437,0.276923249655656
2023-02-27,28.3,13.3,0.0,26.761397287925245,20.8,0.0,27.2,0.0,1.0,0.8402480696078469,0.5422021592729844,2,Texas,26.761397287925245,800.89,739.8399999999999,716.1723848021727,757.3475432482844,0.0,0.2761483954183349,0.28952791211020684
2023-02-28,28.9,12.2,0.0,27.721938942035614,20.549999999999997,0.0,28.3,0.0,1.0,0.8494504794814806,0.527668345562516,2,Texas,27.721938942035614,835.2099999999999,800.89,768.5058987059506,801.1640354248292,0.030080789251483903,0.3220526487465578,0.33176965983074597
2023-03-01,29.4,21.1,0.0,30.026780984595675,25.25,0.0,28.9,0.0,1.0,0.8584015232918917,0.512978386299228,3,Texas,30.026780984595675,864.3599999999999,835.2099999999999,901.6075762968763,882.7873609471128,0.1261158743581531,0.35048115816443154,0.3441646259005625
2023-03-02,27.8,12.2,27.7,29.47601872620456,20.0,1.0,29.4,0.0,0.0,0.8670985522812081,0.4981366284784055,3,Texas,29.47601872620456,772.84,864.3599999999999,868.835679947562,819.4333205884868,0.10316744692519005,0.47538884228550393,0.4040326929601351
2023-03-03,23.3,10.0,0.0,25.243888888888886,16.65,0.0,27.8,0.0,0.0,0.8755389928586302,0.4831474640149687,3,Texas,25.243888888888886,542.89,772.84,637.2539262345678,588.1826111111111,0.0,0.38375981975396023,0.1713231217448592
2023-03-04,27.8,7.2,0.0,26.45444444444444,17.5,0.0,23.3,0.0,0.0,0.8837203473619977,0.4680153284438345,3,Texas,26.45444444444444,772.84,542.89,699.8376308641973,735.4335555555555,0.0,0.214209425913396,0.39533940466047224
2023-03-05,26.7,11.7,0.0,25.928888888888896,19.2,0.0,27.8,0.0,0.0,0.8916401947968874,0.45274469960737107,3,Texas,25.928888888888896,712.89,772.84,672.307279012346,692.3013333333334,0.0,0.3837568528610125,0.29416463175938534
2023-03-06,27.2,15.0,0.0,27.25004875993561,21.1,0.0,26.7,0.0,0.0,0.8992961915530253,0.4373400963303323,3,Texas,27.25004875993561,739.8399999999999,712.89,742.5651574188682,741.2013262702485,0.010418698330650381,0.33152179540468546,0.3188971708104643
2023-03-07,27.8,18.9,0.0,28.751274357351114,23.35,0.0,27.2,0.0,0.0,0.9066860720977985,0.4218060770826634,3,Texas,28.751274357351114,772.84,739.8399999999999,826.6357771716757,799.285427134361,0.07296976488962977,0.3542641776711279,0.3474381105166693
2023-03-08,27.8,16.7,0.0,27.47501360605107,22.25,0.0,27.8,0.0,0.0,0.9138076496466615,0.4061472386305789,3,Texas,27.47501360605107,772.84,772.84,754.8763726526915,763.8053782482198,0.0197922335854613,0.38377506184156285,0.3381545830640033
2023-03-09,30.0,15.6,0.0,29.682065621315626,22.8,0.0,27.8,0.0,0.0,0.9206588168102428,0.3903682146763026,3,Texas,29.682065621315626,900.0,772.84,881.025019548087,890.4619686394688,0.11175273422148442,0.3837871680883557,0.5153728143317504
2023-03-10,24.4,13.3,0.0,27.8139038595378,18.85,0.0,30.0,0.0,0.0,0.9272375462179537,0.374473674486883,3,Texas,27.8139038595378,595.3599999999999,900.0,773.6132479076117,678.6592541727223,0.03391266081407496,0.5150422103785215,0.20276028055433637
2023-03-11,32.2,16.7,0.0,31.846529894604444,24.450000000000003,0.0,24.4,0.0,0.0,0.9335418911179212,0.35846832151248087,3,Texas,31.846529894604444,1036.8400000000001,595.3599999999999,1014.2014663279346,1025.4582626062631,0.20193874560851852,0.24592326657096905,0.7417824196980889
2023-03-12,24.4,13.9,0.0,30.743255411111097,19.15,0.0,32.2,1.0,1.0,0.9395699859530622,0.342356891994542,3,Texas,30.743255411111097,595.3599999999999,1036.8400000000001,945.1477532728118,750.1354320311107,0.15596897546296237,0.6887731439571984,0.22162301127672301
2023-03-13,20.6,10.0,0.0,20.297499999999992,15.3,0.0,24.4,1.0,1.0,0.945320046913132,0.3261441535642696,3,Texas,20.297499999999992,424.36000000000007,595.3599999999999,411.9885062499997,418.12849999999986,0.0,0.2469345129533443,0.096432827541953
2023-03-14,20.6,9.4,0.0,18.880833333333335,15.0,0.0,20.6,1.0,1.0,0.9507903724625832,0.3098349038318025,3,Texas,18.880833333333335,424.36000000000007,424.36000000000007,356.48586736111116,388.94516666666675,0.0,0.1562463213538445,0.0994613520359424
2023-03-15,24.4,9.4,0.0,23.09333333333333,16.9,0.0,20.6,0.0,1.0,0.9559793438440766,0.2934339689665273,3,Texas,23.09333333333333,595.3599999999999,424.36000000000007,533.3020444444443,563.4773333333333,0.0,0.11837526484729022,0.14277628120625624
2023-03-16,27.2,11.7,3.6,28.751274357351114,19.45,1.0,24.4,0.0,1.0,0.9608854255574977,0.27694620226893646,3,Texas,28.751274357351114,739.8399999999999,595.3599999999999,826.6357771716757,782.0346625199503,0.07296976488962977,0.18921552465011915,0.26435357672337667
2023-03-17,15.0,5.0,1.5,25.113333333333337,10.0,1.0,27.2,0.0,1.0,0.9655071658143364,0.2603764827344581,3,Texas,25.113333333333337,225.0,739.8399999999999,630.6795111111113,376.70000000000005,0.0,0.27629354699077346,0.030705220162961858
2023-03-18,12.2,7.2,0.0,11.203333333333335,9.7,0.0,15.0,0.0,1.0,0.969843196967294,0.24372971360968387,3,Texas,11.203333333333335,148.83999999999997,225.0,125.51467777777782,136.68066666666667,0.0,0.06700631165912617,0.02120671827059794
2023-03-19,16.1,3.9,0.0,14.747222222222225,10.0,0.0,12.2,0.0,0.0,0.9738922359149924,0.22701082094141847,3,Texas,14.747222222222225,259.21000000000004,148.83999999999997,217.48056327160504,237.43027777777786,0.0,0.07112326528403638,0.056798462519027336
2023-03-20,13.9,4.4,0.5,13.00138888888889,9.15,1.0,16.1,0.0,0.0,0.9776530844816641,0.2102247521189836,3,Texas,13.00138888888889,193.21,259.21000000000004,169.0361130401235,180.71930555555556,0.0,0.09798932463968182,0.04022647511045362
2023-03-21,20.6,11.1,5.6,20.87194444444444,15.850000000000001,1.0,13.9,0.0,0.0,0.981124629771712,0.19337647441020586,3,Texas,20.87194444444444,424.36000000000007,193.21,435.6380648919752,429.96205555555554,0.0,0.08101519143508289,0.10504878638831905
2023-03-22,26.7,20.0,0.0,25.808611111111112,23.35,0.0,20.6,0.0,0.0,0.984305844499033,0.17647097349152166,3,Texas,25.808611111111112,712.89,424.36000000000007,666.0844074845679,689.0899166666667,0.0,0.1557448811041693,0.2545362483498563
2023-03-23,28.9,21.7,0.0,29.543688464791305,25.299999999999997,0.0,26.7,0.0,0.0,0.9871957872910085,0.15951325197263655,3,Texas,29.543688464791305,835.2099999999999,712.89,872.8295281046428,853.8125966324687,0.10598701936630439,0.33197562466673114,0.3830545135555099
2023-03-24,30.6,14.4,1.8,28.814790013475562,22.5,1.0,28.9,0.0,0.0,0.9897936029670716,0.14250832791617088,3,Texas,28.814790013475562,936.3600000000001,835.2099999999999,830.292123520691,881.7325744123523,0.07561625056148176,0.4452554100860991,0.525411884233355
2023-03-25,28.3,10.6,0.0,27.005000477135567,19.45,0.0,30.6,0.0,0.0,0.992098522791769,0.12546123335273648,3,Texas,27.005000477135567,800.89,936.3600000000001,729.2700507700922,764.2415135029365,0.00020835321398197473,0.558450510752567,0.3557704751780047
2023-03-26,27.8,11.1,0.0,28.181459693315517,19.45,0.0,28.3,0.0,0.0,0.9941098647022418,0.10837701279187609,3,Texas,28.181459693315517,772.84,800.89,794.1946704459672,783.4445794741714,0.04922748722147988,0.41102359667599564,0.3472530638855898
2023-03-27,26.7,14.4,0.0,26.24222222222223,20.55,0.0,27.8,0.0,0.0,0.9958270335100595,0.09126072172931188,3,Texas,26.24222222222223,712.89,772.84,688.6542271604943,700.6673333333335,0.0,0.38451308287625835,0.25747122721752386
2023-03-28,21.1,14.4,0.0,24.35277777777778,17.75,0.0,26.7,0.0,0.0,0.9972495210773451,0.07411742515094437,3,Texas,24.35277777777778,445.21000000000004,712.89,593.0577854938273,513.8436111111113,0.0,0.3322522444998304,0.09473332024665798
2023-03-29,23.3,12.8,0.0,22.503055555555562,18.05,0.0,21.1,0.0,0.0,0.998376906467142,0.056952196034039754,3,Texas,22.503055555555562,542.89,445.21000000000004,506.38750933642007,524.3211944444446,0.0,0.16510621537957454,0.14241086257879462
2023-03-30,23.9,15.6,1.0,23.641666666666666,19.75,1.0,23.3,0.0,0.0,0.9992088560679753,0.03977011384605572,3,Texas,23.641666666666666,571.2099999999999,542.89,558.9284027777777,565.0358333333332,0.0,0.21480225434516545,0.15441836102861925
2023-03-31,32.2,16.1,0.0,33.16821562719118,24.150000000000002,0.0,23.9,0.0,0.0,0.9997451236925734,0.022576263041545485,3,Texas,33.16821562719118,1036.8400000000001,571.2099999999999,1100.1305278918492,1068.016543195556,0.2570089844662992,0.23151538575286315,0.7392992239287343
2023-04-01,28.9,11.1,0.0,30.331079793937747,20.0,0.0,32.2,1.0,1.0,0.9999855506507186,0.005375731557583884,4,Texas,30.331079793937747,835.2099999999999,1036.8400000000001,919.9744014662186,876.5682060448008,0.13879499141407278,0.6903116087469101,0.4216465578396918
2023-04-02,30.0,17.2,0.0,30.915363245315625,23.6,0.0,28.9,1.0,1.0,0.9999300657962057,-0.011826390691832589,4,Texas,30.915363245315625,900.0,835.2099999999999,955.7596845898122,927.4608973594687,0.16314013522148438,0.4475537623226,0.4775491205218706
2023-04-03,33.9,21.7,0.0,35.616047560835526,27.799999999999997,0.0,30.0,1.0,1.0,0.9995786855478958,-0.029025013321975237,4,Texas,35.616047560835526,1149.2099999999998,900.0,1268.5028438556983,1207.3840123123243,0.35900198170148023,0.5183482771929698,0.8840718410953228
2023-04-04,32.8,22.8,0.0,33.19595416537561,27.799999999999997,0.0,33.9,1.0,2.0,0.9989315138848577,-0.046215046983708354,4,Texas,33.19595416537561,1075.84,1149.2099999999998,1101.9713729497184,1088.8272966243198,0.25816475689065044,0.707278719481517,0.5439947082804739
2023-04-05,25.0,15.0,0.0,29.926185775235595,20.0,0.0,32.8,2.0,3.0,0.9979887423155984,-0.06339140486951038,4,Texas,29.926185775235595,625.0,1075.84,895.5765950539133,748.1546443808899,0.12192440730148313,0.6121294469350368,0.14565061959320058
2023-04-06,16.1,8.3,50.0,11.278888888888893,12.200000000000001,1.0,25.0,2.0,3.0,0.9967506498213929,-0.08054900421874167,4,Texas,11.278888888888893,259.21000000000004,625.0,127.21333456790134,181.5901111111112,0.0,0.20727178929846887,0.03124388552051882
2023-04-07,12.2,10.0,14.2,11.566111111111113,11.1,1.0,16.1,1.0,3.0,0.9952176027737294,-0.09768276782171598,4,Texas,11.566111111111113,148.83999999999997,259.21000000000004,133.77492623456794,141.10655555555556,0.0,0.05623201395368037,0.01241299033846678
2023-04-08,16.7,11.7,0.0,16.58111111111111,14.2,0.0,12.2,0.0,2.0,0.9933900548258936,-0.11478762552212701,4,Texas,16.58111111111111,278.89,148.83999999999997,274.9332456790123,276.90455555555553,0.0,0.040426015875905344,0.02292492793162173
2023-04-09,23.3,12.8,0.0,22.134166666666665,18.05,0.0,16.7,0.0,2.0,0.9912685467787256,-0.13185851571739118,4,Texas,22.134166666666665,542.89,278.89,489.92133402777773,515.7260833333333,0.0,0.05932723110784737,0.06913000822522318
2023-04-10,23.3,12.8,0.0,22.73805555555556,18.05,0.0,23.3,0.0,2.0,0.9888537064205885,-0.1488903868564548,4,Texas,22.73805555555556,542.89,542.89,517.0191704475311,529.7966944444446,0.0,0.12570282075962408,0.06494345287996227
2023-04-11,25.0,11.7,0.0,24.196111111111108,18.35,0.0,23.3,0.0,1.0,0.986146248341595,-0.16587819893463143,4,Texas,24.196111111111108,625.0,542.89,585.4517929012344,604.9027777777777,0.0,0.16510486632906485,0.13068238457242384
2023-04-12,26.1,10.6,0.0,25.39083333333333,18.35,0.0,25.0,0.0,0.0,0.9831469737221499,-0.1828169249850199,4,Texas,25.39083333333333,681.21,625.0,644.6944173611109,662.70075,0.0,0.2670887626952332,0.22636282051563955
2023-04-13,27.2,12.8,0.0,25.94194444444445,20.0,0.0,26.1,0.0,0.0,0.9798567700958665,-0.1997015525660636,4,Texas,25.94194444444445,739.8399999999999,681.21,672.9844815586422,705.620888888889,0.0,0.30820991517606083,0.2621540222664827
2023-04-14,27.2,16.1,0.0,26.333611111111118,21.65,0.0,27.2,0.0,0.0,0.9762766110869321,-0.21652708524481437,4,Texas,26.333611111111118,739.8399999999999,739.8399999999999,693.459074151235,716.2742222222224,0.0,0.3564956610064214,0.24821841105869366
2023-04-15,34.4,16.7,0.0,32.82844865049561,25.549999999999997,0.0,27.2,0.0,0.0,0.9724075561219968,-0.23328854407545518,4,Texas,32.82844865049561,1183.36,739.8399999999999,1077.707040798227,1129.2986335770488,0.2428520271039837,0.3566031295640007,0.8556907211009929
2023-04-16,24.4,13.3,0.0,27.4745824958845,18.85,0.0,34.4,1.0,1.0,0.9682507501166718,-0.2499809690726521,4,Texas,27.4745824958845,595.3599999999999,1183.36,754.852683323163,670.3798128995818,0.01977427066185422,0.9050165156610138,0.15589538774168252
2023-04-17,26.1,9.4,0.0,25.785277777777782,17.75,0.0,24.4,1.0,1.0,0.9638074231367307,-0.26659942067929354,4,Texas,25.785277777777782,681.21,595.3599999999999,664.8805500771607,672.9957500000002,0.0,0.2487579041240137,0.22813344355563117
2023-04-18,26.7,16.7,0.3,26.059444444444452,21.7,1.0,26.1,1.0,1.0,0.9590788900341131,-0.28313898122818354,4,Texas,26.059444444444452,712.89,681.21,679.0946447530869,695.7871666666668,0.0,0.3098857316840953,0.22690863333057876
2023-04-19,27.2,21.1,0.0,27.962515993535547,24.15,0.0,26.7,0.0,1.0,0.9540665500578387,-0.2995947563972602,4,Texas,27.962515993535547,739.8399999999999,712.89,781.9023006887312,760.5804350241668,0.040104833063981125,0.2598144930279497,0.17251602457717988
2023-04-20,31.1,18.3,6.1,33.78802762316448,24.700000000000003,1.0,27.2,0.0,1.0,0.9487718864399473,-0.31596187665790293,4,Texas,33.78802762316448,967.21,739.8399999999999,1141.630810663726,1050.8076590804153,0.28283448429852004,0.2784880053483688,0.46581425228170614
2023-04-21,27.8,17.2,0.0,27.12101463745771,22.5,0.0,31.1,0.0,1.0,0.9431964659565866,-0.33223549871590435,4,Texas,27.12101463745771,772.84,967.21,735.5494349651952,753.9642069213243,0.005042276560737857,0.48227014789261313,0.18659916687687772
2023-04-22,27.2,13.9,0.0,24.760833333333338,20.55,0.0,27.8,0.0,1.0,0.9373419384643772,-0.3484108069446808,4,Texas,24.760833333333338,739.8399999999999,772.84,613.0988673611113,673.4946666666667,0.0,0.30296304532455953,0.16723064017067565
2023-04-23,20.0,11.1,0.0,23.879999999999995,15.55,0.0,27.2,0.0,0.0,0.9312100364121947,-0.3644830148102912,4,Texas,23.879999999999995,400.0,739.8399999999999,570.2543999999998,477.5999999999999,0.0,0.3575387375232987,0.06927640918433531
2023-04-24,21.7,12.2,0.0,21.044444444444448,16.95,0.0,20.0,0.0,0.0,0.9248025743285089,-0.38044736628785164,4,Texas,21.044444444444448,470.89,400.0,442.8686419753088,456.6644444444445,0.0,0.1470031066234992,0.09184637911270808
2023-04-25,23.9,16.7,0.3,23.563333333333325,20.299999999999997,1.0,21.7,0.0,0.0,0.9181214482844364,-0.39629913726891813,4,Texas,23.563333333333325,571.2099999999999,470.89,555.2306777777774,563.1636666666665,0.0,0.17853386378810776,0.13103289200258975
2023-04-26,30.0,17.8,21.6,32.62913009207105,23.9,1.0,23.9,0.0,0.0,0.9111686353326631,-0.41203363695942635,4,Texas,32.62913009207105,900.0,571.2099999999999,1064.6601305652966,978.8739027621316,0.23454708716962713,0.2333886940202237,0.4872986851318128
2023-04-27,27.8,16.1,0.0,30.532753716924603,21.950000000000003,0.0,30.0,0.0,0.0,0.9039461929224011,-0.42764620926777464,4,Texas,30.532753716924603,772.84,900.0,932.2490495383731,848.810553330504,0.14719807153852513,0.5200041960091165,0.2964806890274095
2023-04-28,30.0,13.9,13.7,30.294298970771212,21.95,1.0,27.8,0.0,0.0,0.8964562582905575,-0.44313223418263453,4,Texas,30.294298970771212,900.0,772.84,917.7445501304697,908.8289691231364,0.13726245711546717,0.38794422647094895,0.44235292524484526
2023-04-29,25.0,12.2,0.0,23.974166666666672,18.6,0.0,30.0,0.0,0.0,0.8887010478292915,-0.45848712914008766,4,Texas,23.974166666666672,625.0,900.0,574.7606673611114,599.3541666666669,0.0,0.5203582368655073,0.1506820643568488
2023-04-30,32.8,11.1,0.0,30.67981620963555,21.95,0.0,25.0,0.0,0.0,0.8806828564301475,-0.47370635037968,4,Texas,30.67981620963555,1075.84,625.0,941.2511226570163,1006.297971676046,0.15332567540148126,0.26879842695947226,0.6720789279390837
2023-05-01,28.9,14.4,0.0,27.656826412984522,21.65,0.0,32.8,1.0,1.0,0.8724040568049612,-0.48878539428899265,5,Texas,27.656826412984522,835.2099999999999,1075.84,764.9000472379583,799.2822833352526,0.02736776720768841,0.7498322809844655,0.30457903919492313
2023-05-02,27.8,20.0,0.0,27.47501360605107,23.9,0.0,28.9,1.0,1.0,0.8638670987837349,-0.503719798736334,5,Texas,27.47501360605107,772.84,835.2099999999999,754.8763726526915,763.8053782482198,0.0197922335854613,0.45155259984180035,0.23826562835355003
2023-05-03,30.0,17.8,0.0,29.56310813900446,23.9,0.0,27.8,1.0,1.0,0.8550745085896932,-0.518505144391157,5,Texas,29.56310813900446,900.0,772.84,873.9773628384717,886.8932441701338,0.10679617245851913,0.39011183188723203,0.3857400273460703
2023-05-04,29.4,20.0,0.0,31.900241944515585,24.7,0.0,30.0,0.0,1.0,0.8460288880917339,-0.533137056031809,5,Texas,31.900241944515585,864.3599999999999,900.0,1017.6254361186315,937.8671131687581,0.2041767476881494,0.4148743078698005,0.27691232896077345
2023-05-05,34.4,18.9,0.0,38.17443465370449,26.65,0.0,29.4,0.0,1.0,0.8367329140344921,-0.5476112038402312,5,Texas,38.17443465370449,1183.36,864.3599999999999,1457.287461129954,1313.2005520874343,0.46560144390435365,0.38130783412985464,0.8090562656896906
2023-05-06,32.8,19.4,0.0,36.67203977659556,26.099999999999998,0.0,34.4,1.0,2.0,0.8271893372462497,-0.5619233046832195,5,Texas,36.67203977659556,1075.84,1183.36,1344.838501376207,1202.8429046723343,0.40300165735814836,0.7612621219160258,0.5902560526139584
2023-05-07,31.1,23.3,0.0,33.21375493548445,27.200000000000003,0.0,32.8,2.0,3.0,0.8174009818249189,-0.5760691233798758,5,Texas,33.21375493548445,967.21,1075.84,1103.1535169144179,1032.9477784935666,0.2589064556451855,0.6177605142127474,0.3590951078627486
2023-05-08,33.9,22.2,0.0,37.05415802092446,28.049999999999997,0.0,31.1,2.0,2.0,0.8073707443023492,-0.5900444739548627,5,Texas,37.05415802092446,1149.2099999999998,967.21,1373.0106266396406,1256.1359569093393,0.41892325087185256,0.6071929231983262,0.8304889001662097
2023-05-09,24.4,20.6,3.8,28.181459693315517,22.5,1.0,33.9,2.0,3.0,0.7971015927871943,-0.6038452208771035,5,Texas,28.181459693315517,595.3599999999999,1149.2099999999998,794.1946704459672,687.6276165168986,0.04922748722147988,0.716123554112663,0.08980280849203588
2023-05-10,27.8,19.4,1.3,29.47601872620456,23.6,1.0,24.4,1.0,3.0,0.7865965660866021,-0.6174672802835514,5,Texas,29.47601872620456,772.84,595.3599999999999,868.835679947562,819.4333205884868,0.10316744692519005,0.14763891277515,0.14058544697199263
2023-05-11,33.3,22.2,0.0,36.931999601315574,27.75,0.0,27.8,1.0,3.0,0.7758587728069828,-0.6309066211876704,5,Texas,36.931999601315574,1108.8899999999999,772.84,1363.9725945515738,1229.8355867238085,0.41383331672148227,0.23745182999339384,0.49923698111109155
2023-05-12,31.1,23.9,0.0,34.722588831484536,27.5,0.0,33.3,1.0,4.0,0.7648913904341225,-0.6441592666722685,5,Texas,34.722588831484536,967.21,1108.8899999999999,1205.6581751603346,1079.8725126591692,0.321774534645189,0.42622838088107223,0.20571375366331238
2023-05-13,25.6,17.8,54.1,31.648926787671186,21.700000000000003,1.0,31.1,1.0,3.0,0.753697664392914,-0.6572212950663319,5,Texas,31.648926787671186,655.3600000000001,967.21,1001.6545668113708,810.2125257643825,0.19370528281963276,0.38660919411229966,0.0997693737664182
2023-05-14,30.0,18.3,0.5,30.915363245315625,24.15,1.0,25.6,1.0,2.0,0.742280907086982,-0.6700888411055113,5,Texas,30.915363245315625,900.0,655.3600000000001,955.7596845898122,927.4608973594687,0.16314013522148438,0.22692769247022232,0.3013762072683189
2023-05-15,30.0,19.4,24.1,31.900241944515585,24.7,1.0,30.0,0.0,2.0,0.7306444969184916,-0.6827580970759147,5,Texas,31.900241944515585,900.0,900.0,1017.6254361186315,957.0072583354676,0.2041767476881494,0.3273434272122523,0.2190897043206961
2023-05-16,29.4,19.4,0.0,28.957169045315645,24.4,0.0,30.0,0.0,1.0,0.7187918772884232,-0.6952253139408722,5,Texas,28.957169045315645,864.3599999999999,900.0,838.5176391189866,851.34076993228,0.0815487102214852,0.4169123173744671,0.2250373839946176
2023-05-17,32.2,18.3,0.0,31.09243211641781,25.25,0.0,29.4,0.0,1.0,0.7067265555776158,-0.7074868024503348,5,Texas,31.09243211641781,1036.8400000000001,864.3599999999999,966.7393349140498,1001.1763141486537,0.17051800485074212,0.3832323413276882,0.402993571156433
2023-05-18,32.8,18.3,0.0,33.57033428108443,25.549999999999997,0.0,32.2,1.0,2.0,0.6944521021088763,-0.719538934232584,5,Texas,33.57033428108443,1075.84,1036.8400000000001,1126.9673437437523,1101.106964419569,0.2737639283785178,0.5695552364829848,0.48756915307493337
2023-05-19,33.3,20.0,1.5,35.09003579559113,26.65,1.0,32.8,2.0,2.0,0.6819721490904629,-0.7313781428679254,5,Texas,35.09003579559113,1108.8899999999999,1075.84,1231.3106121358667,1168.4981919931845,0.337084824816297,0.7564650149409958,0.704174688093534
2023-05-20,28.9,20.0,0.0,31.617318406151192,24.45,0.0,33.3,3.0,3.0,0.6692903895412567,-0.7430009249440493,5,Texas,31.617318406151192,835.2099999999999,1108.8899999999999,999.654823195947,913.7405019377694,0.19238826692296632,0.8066739040779848,0.302175615279411
2023-05-21,23.3,18.3,0.8,27.884784716924493,20.8,1.0,28.9,2.0,3.0,0.6564105761979381,-0.7544038410927472,5,Texas,27.884784716924493,542.89,835.2099999999999,777.5612187092257,649.7154839043407,0.03686602987185387,0.3604783897310271,0.07432269890074984
2023-05-22,30.6,17.2,0.0,29.930825938151138,23.9,0.0,23.3,1.0,3.0,0.6433365204044917,-0.765583517007675,5,Texas,29.930825938151138,936.3600000000001,542.89,895.8543413399009,915.8832737074249,0.12211774742296407,0.12853086049875465,0.22618693182753774
2023-05-23,33.3,19.4,0.0,35.616047560835526,26.349999999999998,0.0,30.6,0.0,3.0,0.6300720909843687,-0.7765366444428655,5,Texas,35.616047560835526,1108.8899999999999,936.3600000000001,1268.5028438556983,1186.0143837758228,0.35900198170148023,0.28010601296108045,0.3354363172140767
2023-05-24,30.0,18.3,22.9,31.539548077777795,24.15,1.0,33.3,1.0,4.0,0.6166212130956382,-0.7872599821916922,5,Texas,31.539548077777795,900.0,1108.8899999999999,994.743092950457,946.1864423333338,0.18914783657407477,0.42841854954854336,0.14490412266177063
2023-05-25,29.4,19.4,0.0,29.543688464791305,24.4,0.0,30.0,1.0,3.0,0.6029878670694714,-0.7977503570459932,5,Texas,29.543688464791305,864.3599999999999,900.0,872.8295281046428,868.5844408648643,0.10598701936630439,0.330093752694723,0.1592708893412904
2023-05-26,31.7,18.3,0.0,32.023305295084555,25.0,0.0,29.4,1.0,2.0,0.5891760872322963,-0.8080046647350754,5,Texas,32.023305295084555,1004.89,864.3599999999999,1025.4920820221905,1015.1387778541804,0.20930438729518977,0.3861914551559539,0.37500339342575983
2023-05-27,30.6,19.4,0.0,31.285569377315557,25.0,0.0,31.7,0.0,1.0,0.5751899607119775,-0.8180198708443174,5,Texas,31.285569377315557,936.3600000000001,1004.89,978.7868512628249,957.3384229458561,0.17856539072148156,0.5316529744639702,0.28943853312720486
2023-05-28,30.0,21.7,0.0,30.194046724604465,25.85,0.0,30.6,0.0,1.0,0.5610336262283677,-0.8277930117131022,5,Texas,30.194046724604465,900.0,936.3600000000001,911.6804576075976,905.821401738134,0.13308528019185273,0.45604092934851004,0.2392741933182431
2023-05-29,31.1,21.1,0.3,30.194046724604465,26.1,1.0,30.0,0.0,1.0,0.5467112728685939,-0.8373211953118121,5,Texas,30.194046724604465,967.21,900.0,911.6804576075976,939.0348531351989,0.13308528019185273,0.4192922790609507,0.2988981116526124
2023-05-30,31.7,19.4,0.0,32.76279694388453,25.549999999999997,0.0,31.1,0.0,1.0,0.5322271388474397,-0.8466016020976267,5,Texas,32.76279694388453,1004.89,967.21,1073.4008635862097,1038.5806631211397,0.24011653932852214,0.4895967509238723,0.37281739286147353
2023-05-31,32.8,20.6,0.0,33.356838967857776,26.7,0.0,31.7,0.0,0.0,0.5175855102531889,-0.8556314858488706,5,Texas,33.356838967857776,1075.84,1004.89,1112.678705927595,1094.1043181457349,0.26486829032740733,0.6575976994515753,0.5740319773608956
2023-06-01,32.8,22.2,0.0,32.94917448145782,27.5,0.0,32.8,1.0,1.0,0.5027907197793043,-0.8644081744776648,6,Texas,32.94917448145782,1075.84,1075.84,1085.648099009551,1080.7329229918164,0.24788227006074237,0.7577610594914203,0.5448167666228657
2023-06-02,32.8,21.7,0.0,32.94917448145782,27.25,0.0,32.8,2.0,2.0,0.4878471454423119,-0.8729290708206411,6,Texas,32.94917448145782,1075.84,1075.84,1085.648099009551,1080.7329229918164,0.24788227006074237,0.7602334380841078,0.5457719793274994
2023-06-03,33.9,20.0,1.3,33.82438423757118,26.95,1.0,32.8,3.0,3.0,0.47275920928627757,-0.881191653407483,6,Texas,33.82438423757118,1149.2099999999998,1075.84,1144.0889690508538,1146.646625653663,0.2843493432321325,0.7627095663503105,0.6803550770534664
2023-06-04,28.3,19.4,0.0,32.76279694388453,23.85,0.0,33.9,3.0,4.0,0.4575313760742512,-0.8891934772070711,6,Texas,32.76279694388453,800.89,1149.2099999999998,1073.4008635862097,927.1871535119323,0.24011653932852214,0.7249742262881209,0.1991796575739667
2023-06-05,31.1,19.4,17.0,30.743255411111097,25.25,1.0,28.3,2.0,4.0,0.44216815196707204,-0.8969321743510065,6,Texas,30.743255411111097,967.21,800.89,945.1477532728118,956.1152432855552,0.15596897546296237,0.259439342859727,0.2279351838718774
2023-06-06,31.7,19.4,0.0,31.5090838789956,25.549999999999997,0.0,31.1,1.0,4.0,0.42667408318992467,-0.9044054548343001,6,Texas,31.5090838789956,1004.89,967.21,992.8223668935805,998.8379589641605,0.18787849495815,0.3059628192250132,0.18134043461310206
2023-06-07,32.8,21.1,0.0,32.94917448145782,26.95,0.0,31.7,0.0,4.0,0.4110537546870351,-0.9116111071930239,6,Texas,32.94917448145782,1075.84,1004.89,1085.648099009551,1080.7329229918164,0.24788227006074237,0.2603358170265264,0.16861908274818085
2023-06-08,31.7,21.7,0.0,33.85445181291555,26.7,0.0,32.8,1.0,4.0,0.3953117887649151,-0.9185469991587165,6,Texas,33.85445181291555,1004.89,1075.84,1146.123907553021,1073.1861224694228,0.2856021588714812,0.39908298169332584,0.19750239497706934
2023-06-09,37.8,21.7,0.0,40.457938586435525,29.75,0.0,31.7,1.0,3.0,0.37945284372454435,-0.925211078289358,6,Texas,40.457938586435525,1428.8399999999997,1004.89,1636.8447946637884,1529.3100785672627,0.5607474411014802,0.42768321498094086,0.9414787160069683
2023-06-10,36.7,19.4,5.3,39.386496818595646,28.05,1.0,37.8,2.0,3.0,0.36348161248290634,-0.9316013725767187,6,Texas,39.386496818595646,1346.89,1428.8399999999997,1551.296131641245,1445.4844332424602,0.5161040341081519,1.0,0.9465332858293775
2023-06-11,37.8,23.3,0.0,41.23738470599116,30.549999999999997,0.0,36.7,2.0,3.0,0.3474028211842774,-0.9377159910299093,6,Texas,41.23738470599116,1428.8399999999997,1346.89,1700.5218973899136,1558.7731418864657,0.5932243627496318,1.0,1.0
2023-06-12,36.7,25.0,0.0,39.386496818595646,30.85,0.0,37.8,3.0,4.0,0.3312212278016865,-0.9435531242349544,6,Texas,39.386496818595646,1346.89,1428.8399999999997,1551.296131641245,1445.4844332424602,0.5161040341081519,1.0,0.8879689307677033
2023-06-13,34.4,25.6,0.0,39.567818893064526,30.0,0.0,36.7,3.0,5.0,0.31494162072895193,-0.9491110448902284,6,Texas,39.567818893064526,1183.36,1346.89,1565.612291954354,1361.1329699214195,0.5236591205443553,0.868478771965544,0.5497159507891224
2023-06-14,35.6,26.7,0.0,40.288316255555614,31.15,0.0,34.4,3.0,6.0,0.2985688173637202,-0.9543881083175908,6,Texas,40.288316255555614,1267.3600000000001,1183.36,1623.1484267076667,1434.26405869778,0.553679843981484,0.515543293328015,0.5383055441921589
2023-06-15,38.3,27.8,0.0,44.478607880435575,33.05,0.0,35.6,3.0,6.0,0.2821076626819194,-0.9593827529490743,6,Texas,44.478607880435575,1466.8899999999999,1267.3600000000001,1978.3465589815457,1703.5306818206825,0.7282753283514823,0.6172752509232308,0.9495978052591229
2023-06-16,39.4,22.8,1.5,46.05002551140447,31.1,1.0,38.3,3.0,7.0,0.26556302780405594,-0.9640935007889755,6,Texas,46.05002551140447,1552.36,1466.8899999999999,2120.6048496010026,1814.371005149336,0.7937510629751863,0.7509279722656077,1.0
2023-06-17,36.1,25.6,0.0,43.190394611111145,30.85,0.0,39.4,3.0,7.0,0.24893980855376657,-0.9685189578512204,6,Texas,43.190394611111145,1303.21,1552.36,1865.4101866634987,1559.1732454611124,0.6745997754629643,0.875935332604796,0.5440416437872616
2023-06-18,41.1,26.7,0.0,46.35247305427561,33.9,0.0,36.1,3.0,7.0,0.23224292400907015,-0.9726578145718654,6,Texas,46.35247305427561,1689.21,1303.21,2148.5517582473467,1905.0866425307277,0.8063530439281505,0.5388340265532374,1.0
2023-06-19,40.0,26.7,0.0,47.12396612299557,33.35,0.0,41.1,3.0,7.0,0.21547731504673012,-0.976508846196619,6,Texas,47.12396612299557,1600.0,1689.21,2220.668183161234,1884.9586449198227,0.8384985884581487,1.0,1.0
2023-06-20,41.1,26.7,0.0,47.129150211111096,33.9,0.0,40.0,3.0,7.0,0.19864794288017112,-0.9800709131432666,6,Texas,47.129150211111096,1689.21,1600.0,2221.156799621473,1937.008073676666,0.838714592129629,0.9489740162132672,1.0
2023-06-21,39.4,22.8,1.5,47.865250272497796,31.1,1.0,41.1,3.0,7.0,0.18175978759137534,-0.9833429613388902,6,Texas,47.865250272497796,1552.36,1689.21,2291.0821836488503,1885.890860736413,0.8693854280207415,1.0,1.0
2023-06-22,34.4,23.9,2.8,42.561644085937786,29.15,1.0,39.4,3.0,7.0,0.16481784665719793,-0.9863240225317866,6,Texas,42.561644085937786,1183.36,1552.36,1811.4935472980428,1464.1205565562598,0.6484018369140744,0.8773248362000159,0.40857055986011487
2023-06-23,37.2,25.6,0.0,42.490634425457706,31.400000000000002,0.0,34.4,3.0,7.0,0.14782713347053048,-0.9890132145779883,6,Texas,42.490634425457706,1383.8400000000001,1183.36,1805.4540138778916,1580.6516006270267,0.6454431010607378,0.4116219953364262,0.6189441354403411
2023-06-24,39.4,26.1,0.0,43.134215580737774,32.75,0.0,37.2,3.0,7.0,0.13079267585675922,-0.9914097417023038,6,Texas,43.134215580737774,1552.36,1383.8400000000001,1860.5605537655613,1699.4880938810682,0.6722589825307406,0.6400038234508313,0.8305777729884148
2023-06-25,39.4,26.7,0.0,44.11337113209558,33.05,0.0,39.4,3.0,7.0,0.11371951458594969,-0.9935128947338007,6,Texas,44.11337113209558,1552.36,1552.36,1945.9895126380036,1738.0668226045657,0.7130571305039825,0.8781411724169856,0.8628713147192901
2023-06-26,40.6,25.6,0.0,43.38218793185786,33.1,0.0,39.4,3.0,7.0,0.0966127018812031,-0.9953220513156602,6,Texas,43.38218793185786,1648.3600000000001,1552.36,1882.0142297550335,1761.3168300334291,0.6825911638274107,0.8784099014586754,0.9448110839578101
2023-06-27,40.6,25.0,0.0,44.05088564444444,32.8,0.0,40.6,3.0,7.0,0.07947729992362097,-0.9968366760893436,6,Texas,44.05088564444444,1648.3600000000001,1648.3600000000001,1940.4805260599214,1788.4659571644445,0.7104535685185184,1.0,0.9750421509673111
2023-06-28,39.4,24.4,0.0,42.10142447687114,31.9,0.0,40.6,3.0,7.0,0.062318379354325076,-0.998056320853012,6,Texas,42.10142447687114,1552.36,1648.3600000000001,1772.5299429816841,1658.7961243887228,0.6292260198696308,1.0,0.7746967415870819
2023-06-29,38.3,26.1,0.0,40.13635133153782,32.2,0.0,39.4,3.0,7.0,0.04514101777397193,-0.9989806246941579,6,Texas,40.13635133153782,1466.8899999999999,1552.36,1610.9266982086374,1537.2222559978982,0.547347972147409,0.8792048188839091,0.5829737280091469
2023-06-30,38.9,25.0,0.0,41.23738470599116,31.95,0.0,38.3,3.0,7.0,0.02795029824021032,-0.999609314096404,6,Texas,41.23738470599116,1513.2099999999998,1466.8899999999999,1700.5218973899136,1604.134265063056,0.5932243627496318,0.7545219193571312,0.693410686357685
2023-07-01,38.9,25.6,0.0,41.28011848668453,32.25,0.0,38.9,3.0,7.0,0.01075130776352193,-0.9999422030204416,7,Texas,41.28011848668453,1513.2099999999998,1513.2099999999998,1704.0481822747138,1605.7966091320282,0.5950049369451887,0.8215968833511617,0.6872429370616409
2023-07-02,36.7,26.1,0.0,38.657691714051126,31.400000000000002,0.0,38.9,3.0,7.0,-0.00645086419810515,-0.9999791929590823,7,Texas,38.657691714051126,1346.89,1513.2099999999998,1494.417128658617,1418.7372859056763,0.48573715475213025,0.8218476128672084,0.40875461110710903
2023-07-03,37.2,25.6,0.0,38.99620826783118,31.400000000000002,0.0,36.7,3.0,7.0,-0.023651127245231586,-0.9997202729664083,7,Texas,38.99620826783118,1383.8400000000001,1346.89,1520.7042592680648,1450.65894756332,0.49984201115963245,0.5949017704933433,0.464940267087673
2023-07-04,36.1,25.6,0.0,38.03229269063124,30.85,0.0,37.2,3.0,7.0,-0.04084439154329611,-0.9991655196610109,7,Texas,38.03229269063124,1303.21,1383.8400000000001,1446.4552873058421,1372.9657661317876,0.4596788621096349,0.6422733806820368,0.35924344325562513
2023-07-05,37.2,26.1,0.0,41.78131395451558,31.650000000000002,0.0,36.1,3.0,7.0,-0.05802556932878035,-0.9983150972033183,7,Texas,41.78131395451558,1383.8400000000001,1303.21,1745.6781957657986,1554.2648791079798,0.6158880814381492,0.5423636219272857,0.5667759118968067
2023-07-06,33.3,25.6,0.8,37.67863462375107,29.45,1.0,37.2,3.0,7.0,-0.07518957641475855,-0.9971692572470178,7,Texas,37.67863462375107,1108.8899999999999,1383.8400000000001,1419.679507110133,1254.6985329709107,0.4449431093229614,0.6427042593585175,0.2165852506207601
2023-07-07,35.0,23.9,0.0,37.21448419023117,29.45,0.0,33.3,3.0,7.0,-0.09233133369539122,-0.9957283388645872,7,Texas,37.21448419023117,1225.0,1108.8899999999999,1384.9178335449656,1302.5069466580908,0.4256035079262987,0.3463445815680952,0.29493130082826924
2023-07-08,38.9,25.0,0.0,41.44535221371561,31.95,0.0,35.0,3.0,7.0,-0.10944576864891556,-0.993992768446958,7,Texas,41.44535221371561,1513.2099999999998,1225.0,1717.7172201189412,1612.2242011135372,0.6018896755714837,0.45606867226180614,0.7109443577977438
2023-07-09,40.0,25.6,0.0,41.848442311464524,32.8,0.0,38.9,3.0,7.0,-0.12652781683868314,-0.9919630595773397,7,Texas,41.848442311464524,1600.0,1513.2099999999998,1751.2921238959743,1673.9376924585808,0.6186850963110219,0.8235360315475153,0.8077922556742895
2023-07-10,40.6,26.1,0.0,43.3903811985956,33.35,0.0,40.0,3.0,7.0,-0.1435724234118113,-0.9896398128792412,7,Texas,43.3903811985956,1648.3600000000001,1600.0,1882.7251805594383,1761.6494766629814,0.6829325499414832,0.9542493622908436,0.9273758175095531
2023-07-11,40.6,26.1,0.0,43.276947140817825,33.35,0.0,40.6,3.0,7.0,-0.16057454459499376,-0.9870237158387383,7,Texas,43.276947140817825,1648.3600000000001,1648.3600000000001,1872.8941538291401,1757.0440539172037,0.6782061308674093,1.0,0.9187942586854773
2023-07-12,42.2,26.7,0.0,44.34710873049559,34.45,0.0,40.6,3.0,7.0,-0.17752914918703497,-0.984115542601034,7,Texas,44.34710873049559,1780.8400000000001,1648.3600000000001,1966.6660527543984,1871.447988426914,0.722796197103983,1.0,1.0
2023-07-13,41.7,26.7,0.0,44.34710873049559,34.2,0.0,42.2,3.0,7.0,-0.19443122004766195,-0.9809161537413774,7,Texas,44.34710873049559,1738.8900000000003,1780.8400000000001,1966.6660527543984,1849.2744340616664,0.722796197103983,1.0,1.0
2023-07-14,41.7,26.7,0.0,42.51700800993783,34.2,0.0,41.7,3.0,7.0,-0.2112757555821793,-0.9774264960104055,7,Texas,42.51700800993783,1738.8900000000003,1738.8900000000003,1807.695970117118,1772.9592340144077,0.6465420004140764,1.0,0.9725902240797297
2023-07-15,41.7,26.1,0.0,42.10169468371558,33.900000000000006,0.0,41.7,3.0,7.0,-0.2280577712215198,-0.9736476020539838,7,Texas,42.10169468371558,1738.8900000000003,1738.8900000000003,1772.5526952408045,1755.6406683109396,0.6292372784881491,1.0,0.9575150873467136
2023-07-16,41.1,25.6,0.0,42.27320415555557,33.35,0.0,41.7,3.0,7.0,-0.24477230089725957,-0.9695805901076308,7,Texas,42.27320415555557,1689.21,1738.8900000000003,1787.0237895772805,1737.428690793334,0.636383506481482,1.0,0.9142092300509941
2023-07-17,42.2,25.0,0.0,40.758843069057804,33.6,0.0,41.1,3.0,7.0,-0.2614143985111562,-0.965226663665613,7,Texas,40.758843069057804,1780.8400000000001,1689.21,1661.2832883280814,1720.0231775142395,0.5732851278774085,1.0,0.9523076943871739
2023-07-18,41.7,25.6,0.0,42.128902611884484,33.650000000000006,0.0,42.2,3.0,7.0,-0.2779791393987801,-0.9605871111248129,7,Texas,42.128902611884484,1738.8900000000003,1780.8400000000001,1774.8444352816473,1756.775238915583,0.6303709421618535,1.0,0.9596877280760868
2023-07-19,41.1,25.6,0.0,42.51700800993783,33.35,0.0,41.7,3.0,7.0,-0.2944616217868012,-0.9556633054034704,7,Texas,42.51700800993783,1689.21,1738.8900000000003,1807.695970117118,1747.449029208445,0.6465420004140764,1.0,0.9251835687008705
2023-07-20,41.1,26.7,0.0,40.715118577777744,33.9,0.0,41.1,3.0,7.0,-0.3108569682435036,-0.9504567035349151,7,Texas,40.715118577777744,1689.21,1689.21,1657.7208808025025,1673.3913735466654,0.5714632740740727,1.0,0.836018611327901
2023-07-21,40.0,25.0,0.0,38.980735417597806,32.5,0.0,41.1,3.0,7.0,-0.3271603271220951,-0.9449688462364056,7,Texas,38.980735417597806,1600.0,1689.21,1519.497733696764,1559.2294167039122,0.4991973090665753,1.0,0.6731005524255678
2023-07-22,40.6,25.0,0.3,41.46671187777782,32.8,1.0,40.0,3.0,7.0,-0.34336687399638804,-0.939201357453208,7,Texas,41.46671187777782,1648.3600000000001,1600.0,1719.48819395464,1683.5485022377795,0.6027796615740758,0.956889661778259,0.8545446216076772
2023-07-23,41.1,26.7,0.0,40.81187522956455,33.9,0.0,40.6,3.0,7.0,-0.3594718130884232,-0.9331559438780432,7,Texas,40.81187522956455,1689.21,1648.3600000000001,1665.6091597535444,1677.368071935103,0.5754948012318563,1.0,0.8427196523545116
2023-07-24,40.6,23.9,0.0,40.09574847571557,32.25,0.0,41.1,3.0,7.0,-0.3754703786876202,-0.9268343944460494,7,Texas,40.09574847571557,1648.3600000000001,1689.21,1607.6690458278472,1627.887388114052,0.5456561864881486,1.0,0.7836967841408752
2023-07-25,40.0,25.0,0.0,40.09574847571557,32.5,0.0,40.6,3.0,7.0,-0.3913578365610259,-0.9202385798054075,7,Texas,40.09574847571557,1600.0,1648.3600000000001,1607.6690458278472,1603.8299390286227,0.5456561864881486,1.0,0.7227730986227391
2023-07-26,39.4,26.1,0.0,40.81187522956455,32.75,0.0,40.0,3.0,7.0,-0.4071294853542516,-0.9133704517637858,7,Texas,40.81187522956455,1552.36,1600.0,1665.6091597535444,1607.9878840448432,0.5754948012318563,0.957655749766172,0.694347240907117
2023-07-27,39.4,25.6,0.0,39.621159165037845,32.5,0.0,39.4,3.0,7.0,-0.4227806579826773,-0.9062320427107697,7,Texas,39.621159165037845,1552.36,1552.36,1569.8362535812623,1561.073671102491,0.5258816318765769,0.8854650096192567,0.6502291251293094
2023-07-28,38.9,25.0,0.0,37.60369765459558,31.95,0.0,39.4,3.0,7.0,-0.4383067230125192,-0.898825465016444,7,Texas,37.60369765459558,1513.2099999999998,1552.36,1414.0380772982369,1462.783838763768,0.4418207356081491,0.8856394216139675,0.5355761573594559
2023-07-29,40.0,24.4,0.0,38.07419268615775,32.2,0.0,38.9,3.0,7.0,-0.45370308603134424,-0.8911529104063088,7,Texas,38.07419268615775,1600.0,1513.2099999999998,1449.6441487026684,1522.96770744631,0.461424695256573,0.8275448610804553,0.652162452674018
2023-07-30,40.0,25.0,0.0,39.621159165037845,32.5,0.0,40.0,3.0,7.0,-0.46896519100763184,-0.8832166493127127,7,Texas,39.621159165037845,1600.0,1600.0,1569.8362535812623,1584.8463666015139,0.5258816318765769,0.9583585084075189,0.7065710699643413
2023-07-31,41.7,26.1,0.0,42.10169468371558,33.900000000000006,0.0,40.0,3.0,7.0,-0.48408852163897587,-0.8750190302029955,7,Texas,42.10169468371558,1738.8900000000003,1600.0,1772.5526952408045,1755.6406683109396,0.6292372784881491,0.9585239030240628,0.9663555097020297
2023-08-01,41.1,25.6,0.0,41.86309564444445,33.35,0.0,41.7,3.0,7.0,-0.4990686026885319,-0.8665624788845385,8,Texas,41.86309564444445,1689.21,1738.8900000000003,1752.5187769359038,1720.5732309866669,0.6192956518518521,1.0,0.8973284339107358
2023-08-02,40.6,26.1,0.0,40.359909044444436,33.35,0.0,41.1,3.0,7.0,-0.5139010013093103,-0.8578494977869301,8,Texas,40.359909044444436,1648.3600000000001,1689.21,1628.9222580758278,1638.612307204444,0.5566628768518515,1.0,0.7818018682492488
2023-08-03,40.0,25.6,0.0,41.58078392503118,32.8,0.0,40.6,3.0,7.0,-0.5285813283559292,-0.8488826652214553,8,Texas,41.58078392503118,1600.0,1648.3600000000001,1728.9615918201312,1663.231357001247,0.6075326635429658,1.0,0.7884057870243971
2023-08-04,40.6,26.1,0.0,41.46671187777782,33.35,0.0,40.0,3.0,7.0,-0.5431052396834317,-0.8396646346181327,8,Texas,41.46671187777782,1648.3600000000001,1600.0,1719.48819395464,1683.5485022377795,0.6027796615740758,0.9591428210490105,0.8382107965632944
2023-08-05,41.1,25.6,0.0,40.941247777475624,33.35,0.0,40.6,3.0,7.0,-0.5574684374327892,-0.8301981337405212,8,Texas,40.941247777475624,1689.21,1648.3600000000001,1676.1857695766528,1682.6852836542482,0.5808853240614843,1.0,0.8622426889307484
2023-08-06,40.6,25.6,0.0,42.27320415555557,33.1,0.0,41.1,3.0,7.0,-0.5716666713027052,-0.8204859638785327,8,Texas,42.27320415555557,1648.3600000000001,1689.21,1787.0237895772805,1716.292088715556,0.636383506481482,1.0,0.8761974739532298
2023-08-07,41.1,25.6,0.0,40.974158812771144,33.35,0.0,40.6,3.0,7.0,-0.5856957398073508,-0.8105309990194823,8,Texas,40.974158812771144,1689.21,1648.3600000000001,1678.881690414191,1684.037927204894,0.5822566171987976,1.0,0.8652428771120932
2023-08-08,41.1,25.6,0.0,41.700630202897834,33.35,0.0,41.1,3.0,7.0,-0.5995514915196489,-0.8003361849976323,8,Texas,41.700630202897834,1689.21,1689.21,1738.942559318835,1713.895901339101,0.6125262584540764,1.0,0.8971873922508032
2023-08-09,42.2,25.0,0.0,42.69782342313561,33.6,0.0,41.1,3.0,7.0,-0.6132298262997502,-0.7899045386224707,8,Texas,42.69782342313561,1780.8400000000001,1689.21,1823.1041250732678,1801.8481484563229,0.6540759759639837,1.0,1.0
2023-08-10,41.7,25.6,0.0,43.87410419476453,33.650000000000006,0.0,42.2,3.0,7.0,-0.6267266965083301,-0.7792391467859886,8,Texas,43.87410419476453,1738.8900000000003,1780.8400000000001,1924.9370188930543,1829.5501449216808,0.7030876747818553,1.0,1.0
2023-08-11,42.2,26.1,0.0,42.9721400913156,34.150000000000006,0.0,41.7,3.0,7.0,-0.6400381082043503,-0.7683431655492202,8,Texas,42.9721400913156,1780.8400000000001,1738.8900000000003,1846.6048240276536,1813.4243118535185,0.66550583713815,1.0,1.0
2023-08-12,41.1,26.7,0.0,43.3903811985956,33.9,0.0,42.2,3.0,7.0,-0.65316012232693,-0.7572198192083127,8,Texas,43.3903811985956,1689.21,1780.8400000000001,1882.7251805594383,1783.3446672622792,0.6829325499414832,1.0,0.9671980894643052
2023-08-13,41.1,26.1,0.0,43.73397665827559,33.6,0.0,41.1,3.0,7.0,-0.666088855860977,-0.7458723993404063,8,Texas,43.73397665827559,1689.21,1689.21,1912.660714346594,1797.4664406551267,0.6972490274281494,1.0,0.9935943202222969
2023-08-14,41.1,25.0,0.0,40.941247777475624,33.05,0.0,41.1,3.0,7.0,-0.6788204829862355,-0.734304263829602,8,Texas,40.941247777475624,1689.21,1689.21,1676.1857695766528,1682.6852836542482,0.5808853240614843,1.0,0.8727588910925086
2023-08-15,38.9,26.7,0.0,38.11572851647114,32.8,0.0,41.1,3.0,7.0,-0.6913512362094071,-0.722518835873311,8,Texas,38.11572851647114,1513.2099999999998,1689.21,1452.808760341331,1482.701839290727,0.46315535485296405,1.0,0.5475129085027561
2023-08-16,40.0,22.8,0.0,38.0049626274845,31.4,0.0,38.9,3.0,7.0,-0.7036774074790128,-0.7105196029692745,8,Texas,38.0049626274845,1600.0,1513.2099999999998,1444.3771843164936,1520.19850509938,0.4585401094785209,0.8298269527270234,0.6751755251625937
2023-08-17,43.3,25.0,0.0,41.488846309235605,34.15,0.0,40.0,3.0,7.0,-0.7157953492826642,-0.6983101158835584,8,Texas,41.488846309235605,1874.8899999999996,1600.0,1721.3243680713729,1796.4670451899017,0.6037019295514835,0.9606549197435571,1.0
2023-08-18,41.1,25.0,0.0,40.359909044444436,33.05,0.0,43.3,3.0,7.0,-0.7277014757264236,-0.6858939875998223,8,Texas,40.359909044444436,1689.21,1874.8899999999996,1628.9222580758278,1658.7922617266663,0.5566628768518515,1.0,0.841524216302757
2023-08-19,40.0,23.9,0.0,40.01842425555557,31.95,0.0,41.1,3.0,7.0,-0.7393922635959241,-0.673274892250183,8,Texas,40.01842425555557,1600.0,1689.21,1601.4742798976386,1600.736970222223,0.5424343439814822,1.0,0.7446687859150328
2023-08-20,41.7,25.6,0.0,41.313814567484464,33.650000000000006,0.0,40.0,3.0,7.0,-0.7508642533989489,-0.6604565640279754,8,Texas,41.313814567484464,1738.8900000000003,1600.0,1706.8312741164914,1722.7860674641022,0.5964089403118527,0.9608897893424128,0.952216497513638
2023-08-21,40.6,26.7,0.0,41.46671187777782,33.65,0.0,41.7,3.0,7.0,-0.7621140503891487,-0.6474427960827475,8,Texas,41.46671187777782,1648.3600000000001,1738.8900000000003,1719.48819395464,1683.5485022377795,0.6027796615740758,1.0,0.8437422400567836
2023-08-22,37.2,25.6,2.8,38.46099728833563,31.400000000000002,1.0,40.6,3.0,7.0,-0.7731383255706026,-0.6342374393978054,8,Texas,38.46099728833563,1383.8400000000001,1648.3600000000001,1479.248312413361,1430.7490991260856,0.4775415536806514,1.0,0.4564781409395426
2023-08-23,38.3,25.6,0.0,39.77861343452447,31.95,0.0,37.2,3.0,7.0,-0.7839338166829201,-0.620844401650647,8,Texas,39.77861343452447,1466.8899999999999,1383.8400000000001,1582.3380867733308,1523.5208945422871,0.5324422264385197,0.6493674077636878,0.5943431705013849
2023-08-24,40.6,26.1,0.0,41.08405285555559,33.35,0.0,38.3,3.0,7.0,-0.7944973291665992,-0.6072676460566135,8,Texas,41.08405285555559,1648.3600000000001,1466.8899999999999,1687.8993990380854,1668.012545935557,0.5868355356481496,0.7632410899078804,0.8503731782015573
2023-08-25,41.7,26.7,0.0,42.51700800993783,34.2,0.0,40.6,3.0,7.0,-0.8048257371083452,-0.593511190196115,8,Texas,42.51700800993783,1738.8900000000003,1648.3600000000001,1807.695970117118,1772.9592340144077,0.6465420004140764,1.0,1.0
2023-08-26,41.7,25.0,0.0,40.61860752507562,33.35,0.0,41.7,3.0,7.0,-0.8149159841660791,-0.5795791048257612,8,Texas,40.61860752507562,1738.8900000000003,1738.8900000000003,1649.8712772761296,1693.7959337956534,0.5674419802114841,1.0,0.9268625663370904
2023-08-27,42.8,25.0,0.0,41.87664238005113,33.9,0.0,41.7,3.0,7.0,-0.8247650844733614,-0.5654755126737576,8,Texas,41.87664238005113,1831.8399999999997,1738.8900000000003,1753.6531770266945,1792.3202938661882,0.6198600991687971,1.0,1.0
2023-08-28,37.8,23.9,0.0,38.49010247777784,30.849999999999998,0.0,42.8,3.0,7.0,-0.8343701235229538,-0.5512045872199277,8,Texas,38.49010247777784,1428.8399999999997,1831.8399999999997,1481.4879887498398,1454.9258736600023,0.47875426990740994,1.0,0.5022948204338258
2023-08-29,37.2,24.4,0.0,36.558321442275684,30.8,0.0,37.8,3.0,7.0,-0.8437282590292712,-0.5367705514607103,8,Texas,36.558321442275684,1383.8400000000001,1428.8399999999997,1336.510866676754,1359.9695576526556,0.3982633934281535,0.7101199848168194,0.41440173400159175
2023-08-30,38.3,21.1,0.0,36.84797455203558,29.7,0.0,37.2,3.0,7.0,-0.8528367217694595,-0.522177676659508,8,Texas,36.84797455203558,1466.8899999999999,1383.8400000000001,1357.7732285874617,1411.2774253429627,0.4103322730014825,0.6495979272775804,0.5284673919448231
2023-08-31,38.9,21.7,0.0,37.05286929405112,30.299999999999997,0.0,38.3,3.0,7.0,-0.8616928164028522,-0.5074302810827518,8,Texas,37.05286929405112,1513.2099999999998,1466.8899999999999,1372.9151229220363,1441.3566155385886,0.4188695539187967,0.7634585773402779,0.5769971719426764
2023-09-01,37.8,22.8,0.0,35.833105976495595,30.299999999999997,0.0,38.9,3.0,7.0,-0.8702939222685674,-0.49253272872205434,9,Texas,35.833105976495595,1428.8399999999997,1513.2099999999998,1284.0114839227645,1354.4914059115333,0.3680460823539831,0.8306091031900634,0.44492556353638935
2023-09-02,38.3,23.3,0.0,36.484585831057785,30.799999999999997,0.0,37.8,3.0,7.0,-0.8786374941610001,-0.4774894280028391,9,Texas,36.484585831057785,1466.8899999999999,1428.8399999999997,1331.1250032638225,1397.3596373295131,0.3951910762940744,0.7101766654429134,0.5042455536842531
2023-09-03,38.9,24.4,0.0,36.84797455203558,31.65,0.0,38.3,3.0,7.0,-0.886721063082993,-0.46230483047981086,9,Texas,36.84797455203558,1513.2099999999998,1466.8899999999999,1357.7732285874617,1433.386210074184,0.4103322730014825,0.7634814024162828,0.5560364395857881
2023-09-04,38.9,25.0,0.0,39.97253118885107,31.95,0.0,38.9,3.0,7.0,-0.8945422369764496,-0.4469834295196741,9,Texas,39.97253118885107,1513.2099999999998,1513.2099999999998,1597.8032496436717,1554.9314632463065,0.5405221328687947,0.8306181062671478,0.6709757837572471
2023-09-05,40.0,26.1,0.0,41.0865594767378,33.05,0.0,38.9,3.0,7.0,-0.9020987014301837,-0.43152975897147144,9,Texas,41.0865594767378,1600.0,1513.2099999999998,1688.1053696355125,1643.4623790695118,0.5869399781974082,0.8306113621744219,0.8134494446520252
2023-09-06,39.4,25.6,0.0,40.31258489649559,32.5,0.0,40.0,3.0,7.0,-0.9093882203647925,-0.4159483918249421,9,Texas,40.31258489649559,1552.36,1600.0,1625.1045010371647,1588.3158449219263,0.5546910373539831,0.9613718445099345,0.7248683421169648
2023-09-07,40.6,25.6,0.0,41.86309564444445,33.1,0.0,39.4,3.0,7.0,-0.9164086366943458,-0.4002439388573056,9,Texas,41.86309564444445,1648.3600000000001,1552.36,1752.5187769359038,1699.6416831644447,0.6192956518518521,0.8889168791076161,0.9099405167871712
2023-09-08,41.7,25.0,0.0,40.974158812771144,33.35,0.0,40.6,3.0,7.0,-0.9231578729647039,-0.38442104726885545,9,Texas,40.974158812771144,1738.8900000000003,1648.3600000000001,1678.881690414191,1708.6224224925568,0.5822566171987976,1.0,0.9707002675998223
2023-09-09,40.0,25.0,0.0,40.13635133153782,32.5,0.0,41.7,3.0,7.0,-0.9296339319682695,-0.3684843993077793,9,Texas,40.13635133153782,1600.0,1738.8900000000003,1610.9266982086374,1605.4540532615126,0.547347972147409,1.0,0.7750195845209746
2023-09-10,37.2,26.1,0.0,38.07419268615775,31.650000000000002,0.0,40.0,3.0,7.0,-0.9358348973349941,-0.35243871088460327,9,Texas,38.07419268615775,1383.8400000000001,1600.0,1449.6441487026684,1416.3599679250685,0.461424695256573,0.961272826497079,0.4606729145528405
2023-09-11,36.7,23.9,0.0,36.573461917715555,30.3,0.0,37.2,3.0,7.0,-0.9417589340994617,-0.33628873017668287,9,Texas,36.573461917715555,1346.89,1383.8400000000001,1337.61811664659,1342.246052380161,0.3988942465714815,0.6495000114608698,0.4054539408399275
2023-09-12,34.4,25.0,0.0,34.31864240850442,29.7,0.0,36.7,3.0,7.0,-0.9474042892438845,-0.32003923622313857,9,Texas,34.31864240850442,1183.36,1346.89,1177.769216762798,1180.5612988525518,0.304943433687684,0.601985854387349,0.23030539958433427
2023-09-13,31.7,22.2,4.3,32.39278539805116,26.95,1.0,34.4,3.0,7.0,-0.9527692922168511,-0.30369503751065885,9,Texas,32.39278539805116,1004.89,1183.36,1049.2925458441964,1026.8512971182217,0.224699391585465,0.4187976747573827,0.13541375102355413
2023-09-14,34.4,20.6,5.6,36.91070788641558,27.5,1.0,31.7,2.0,6.0,-0.9578523554276669,-0.28726097055059635,9,Texas,36.91070788641558,1183.36,1004.89,1362.4003566763013,1269.7283512926958,0.4129461619339825,0.2694022483623949,0.32230898198062435
2023-09-15,31.7,22.8,0.5,33.19595416537561,27.25,1.0,34.4,2.0,6.0,-0.9626519747161487,-0.2707418984477642,9,Texas,33.19595416537561,1004.89,1183.36,1101.9713729497184,1052.3117470424068,0.25816475689065044,0.41721656180644895,0.14297652600273422
2023-09-16,29.4,20.0,10.7,31.326208967884572,24.7,1.0,31.7,1.0,5.0,-0.9671667297977312,-0.2541427094613622,9,Texas,31.326208967884572,864.3599999999999,1004.89,981.3313682995717,920.9905436558064,0.1802587069951905,0.2682926325497934,0.0889910900155629
2023-09-17,34.4,20.6,0.0,33.61686139803551,27.5,0.0,29.4,1.0,4.0,-0.97139528468375,-0.23746831555846842,9,Texas,33.61686139803551,1183.36,864.3599999999999,1130.09337025473,1156.4200320924215,0.2757025582514796,0.24172904353762475,0.3501270056811028
2023-09-18,35.6,19.4,0.0,33.586408477777795,27.5,0.0,34.4,1.0,4.0,-0.9753363880767837,-0.2207236509605022,9,Texas,33.586408477777795,1267.3600000000001,1183.36,1128.046834436144,1195.6761418088895,0.2744336865740748,0.522115072735158,0.41614421976047566
2023-09-19,36.7,22.2,0.0,36.558321442275684,29.450000000000003,0.0,35.6,2.0,4.0,-0.9789888737409319,-0.20391367068311472,9,Texas,36.558321442275684,1346.89,1267.3600000000001,1336.510866676754,1341.6903969315176,0.3982633934281535,0.7629294847627319,0.7039536540762577
2023-09-20,37.2,22.2,0.0,38.145823156737805,29.700000000000003,0.0,36.7,3.0,4.0,-0.9823516608469237,-0.18704334906991657,9,Texas,38.145823156737805,1383.8400000000001,1346.89,1455.1038243051141,1419.0246214306464,0.46440929819740856,1.0,0.9535042511894202
2023-09-21,36.1,24.4,0.0,37.83491347777776,30.25,0.0,37.2,3.0,5.0,-0.9854237542919524,-0.17011767832049052,9,Texas,37.83491347777776,1303.21,1383.8400000000001,1431.4806778709292,1365.8403765477772,0.45145472824074,0.9378673318225432,0.6799502246993133
2023-09-22,37.2,23.3,0.0,38.70551121452447,30.25,0.0,36.1,3.0,5.0,-0.9882042449941422,-0.15314166701312007,9,Texas,38.70551121452447,1383.8400000000001,1303.21,1498.1165983776796,1439.8450171803104,0.4877296339385196,0.8167936528347916,0.8271834805964795
2023-09-23,38.3,25.6,0.0,40.50584813923555,31.95,0.0,37.2,3.0,6.0,-0.9906923101615609,-0.13612033862266704,9,Texas,40.50584813923555,1466.8899999999999,1383.8400000000001,1640.7237334788124,1551.3739837327216,0.562743672468148,0.7877328783366456,0.8329551371510913
2023-09-24,39.4,22.2,19.0,41.848442311464524,30.799999999999997,1.0,38.3,3.0,7.0,-0.9928872135356962,-0.11905873003404988,9,Texas,41.848442311464524,1552.36,1466.8899999999999,1751.2921238959743,1648.8286270717022,0.6186850963110219,0.7624657083746551,0.8807968464202502
2023-09-25,35.6,24.4,0.0,38.99620826783118,30.0,0.0,39.4,3.0,7.0,-0.994788305609327,-0.10196189005174576,9,Texas,38.99620826783118,1267.3600000000001,1552.36,1520.7042592680648,1388.26501433479,0.49984201115963245,0.8877756372811463,0.4173114057669913
2023-09-26,35.6,22.2,0.0,35.83018627777781,28.9,0.0,35.6,3.0,7.0,-0.9963950238187231,-0.08483487790576538,9,Texas,35.83018627777781,1267.3600000000001,1267.3600000000001,1283.8022487002575,1275.5546314888902,0.3679244282407422,0.5064250840651703,0.3564644167941998
2023-09-27,35.6,21.7,0.0,35.10459696540446,28.65,0.0,35.6,3.0,7.0,-0.9977068927101168,-0.06768276175455162,9,Texas,35.10459696540446,1267.3600000000001,1267.3600000000001,1232.3327281034842,1249.7236519683988,0.3376915402251859,0.5063406824319805,0.3435797868833216
2023-09-28,35.0,22.2,0.0,35.108367144444465,28.6,0.0,35.6,3.0,7.0,-0.9987235240803972,-0.050510617185222886,9,Texas,35.108367144444465,1225.0,1267.3600000000001,1232.5974435491075,1228.7928500555563,0.33784863101851936,0.5062528912008359,0.3092707589836767
2023-09-29,35.0,22.2,0.0,34.672937611111166,28.6,0.0,35.0,3.0,7.0,-0.9994446170919858,-0.033323525711631344,9,Texas,34.672937611111166,1225.0,1225.0,1202.2126025840073,1213.5528163888907,0.3197057337962986,0.4601259920254421,0.3034600573867936
2023-09-30,35.0,22.8,0.0,33.828294096871105,28.9,0.0,35.0,3.0,7.0,-0.9998699583618592,-0.016126573270657762,9,Texas,33.828294096871105,1225.0,1225.0,1144.3534815044045,1183.9902933904887,0.28451225403629604,0.46003767274161556,0.2857451011182988
2023-10-01,34.4,22.2,0.0,33.50871679346449,28.299999999999997,0.0,35.0,3.0,7.0,-0.9999994220246925,0.001075151282798226,10,Texas,33.50871679346449,1183.36,1225.0,1122.834101144609,1152.6998576951783,0.27119653306102026,0.45994626526570226,0.25538644203079475
2023-10-02,34.4,22.2,0.0,33.152375537971174,28.299999999999997,0.0,34.4,3.0,7.0,-0.999832969770105,0.018276557681691223,10,Texas,33.152375537971174,1183.36,1183.36,1099.0800038106695,1140.4417185062084,0.2563489807487989,0.4176356947953007,0.2523184289957845
2023-10-03,35.0,21.1,0.0,35.25822549561561,28.05,0.0,34.4,3.0,7.0,-0.9993706508539969,0.03547255575312556,10,Texas,35.25822549561561,1225.0,1183.36,1243.1424650996787,1234.0378923465464,0.34409272898398385,0.4175449184026388,0.329539350845405
2023-10-04,36.7,24.4,0.0,38.58431805415117,30.55,0.0,35.0,3.0,7.0,-0.9986126020839734,0.052658056924614005,10,Texas,38.58431805415117,1346.89,1225.0,1488.749599703896,1416.044472587348,0.48267991892296536,0.4596538022083209,0.5193173365189504
2023-10-05,26.7,19.4,38.1,36.03057495519112,23.049999999999997,1.0,36.7,3.0,7.0,-0.9975590477788613,0.06982797572987089,10,Texas,36.03057495519112,712.89,1346.89,1298.2023316016457,962.0163513036028,0.3762739564662967,0.6000939522896197,0.0779987354329013
2023-10-06,30.6,19.4,0.0,28.905816744444436,25.0,0.0,26.7,2.0,6.0,-0.9962102997023297,0.0869772313136861,10,Texas,28.905816744444436,936.3600000000001,712.89,835.5462416634043,884.5179923799998,0.07940903101851819,0.12313528610288212,0.11300206609618316
2023-10-07,24.4,15.6,0.0,26.57194444444444,20.0,0.0,30.6,1.0,5.0,-0.9945667569706337,0.1041007489354256,10,Texas,26.57194444444444,595.3599999999999,936.3600000000001,706.0682315586417,648.3554444444443,0.0,0.22385925952078922,0.03277914972521624
2023-10-08,26.7,10.6,0.0,25.24722222222222,18.65,0.0,24.4,0.0,4.0,-0.9926289059345095,0.121193461470736,10,Texas,25.24722222222222,712.89,595.3599999999999,637.4222299382715,674.1008333333333,0.0,0.08786850814028879,0.05640952399735304
2023-10-09,29.4,12.2,0.0,27.97271591321781,20.799999999999997,0.0,26.7,0.0,3.0,-0.9903973200352558,0.1382503109109819,10,Texas,27.97271591321781,864.3599999999999,712.89,782.472835561589,822.3978478486036,0.040529829717408816,0.1602703909481705,0.14082492393014454
2023-10-10,27.2,18.3,0.0,26.986454903191134,22.75,0.0,29.4,0.0,2.0,-0.9878726596350429,0.15526624985999563,10,Texas,26.986454903191134,739.8399999999999,864.3599999999999,728.2687482419689,734.0315733667989,0.0,0.3091470319560233,0.11189561508865575
2023-10-11,21.7,18.9,0.0,22.26472222222221,20.299999999999997,0.0,27.2,0.0,1.0,-0.9850556718215013,0.172236243027682,10,Texas,22.26472222222221,470.89,739.8399999999999,495.71785563271555,483.14447222222196,0.0,0.2904178047582517,0.05211162717993762
2023-10-12,29.4,17.8,0.0,29.543688464791305,23.6,0.0,21.7,0.0,0.0,-0.981947190186646,0.18915526872004093,10,Texas,29.543688464791305,864.3599999999999,470.89,872.8295281046428,868.5844408648643,0.10598701936630439,0.18619937067461298,0.37849277429231976
2023-10-13,33.9,20.6,0.0,35.77663859119783,27.25,0.0,29.4,0.0,0.0,-0.9785481345802031,0.20601832032517084,10,Texas,35.77663859119783,1149.2099999999998,864.3599999999999,1279.967868885186,1212.8280482416064,0.3656932746332429,0.4969816015975254,0.8333865056026444
2023-10-14,26.1,15.6,0.0,26.908843175591166,20.85,0.0,33.9,1.0,1.0,-0.9748595108374125,0.22282040779479959,10,Texas,26.908843175591166,681.21,1149.2099999999998,724.0858410485592,702.3208068829294,0.0,0.8787674257169144,0.1844996828683875
2023-10-15,23.9,13.3,0.0,22.845277777777778,18.6,0.0,26.1,1.0,1.0,-0.9708824104813836,0.23955655912092708,10,Texas,22.845277777777778,571.2099999999999,681.21,521.9067167438271,546.0021388888889,0.0,0.32275500962822895,0.12590042584965438
2023-10-16,23.9,10.0,0.0,22.832222222222214,16.95,0.0,23.9,1.0,1.0,-0.9666180104000972,0.2562218218071163,10,Texas,22.832222222222214,571.2099999999999,571.2099999999999,521.3103716049379,545.6901111111109,0.0,0.24368124668582164,0.13716886935557052
2023-10-17,25.0,7.2,0.0,24.000277777777782,16.1,0.0,23.9,0.0,1.0,-0.9620675724981452,0.27281126433401914,10,Texas,24.000277777777782,625.0,571.2099999999999,576.013333410494,600.0069444444446,0.0,0.1865342110852102,0.1287775402379577
2023-10-18,28.9,10.6,0.0,27.141760369117826,19.75,0.0,25.0,0.0,1.0,-0.957232443323312,0.28931997761869527,10,Texas,27.141760369117826,835.2099999999999,625.0,736.675155934615,784.3968746675051,0.005906682046576073,0.21521752136879946,0.26259731745543335
2023-10-19,31.1,14.4,0.0,29.09490028538446,22.75,0.0,28.9,0.0,1.0,-0.9521140536681102,0.3057430764672831,10,Texas,29.09490028538446,967.21,835.2099999999999,846.5132226164646,904.8513988754567,0.08728751189101909,0.366962966407149,0.3725157999190458
2023-10-20,36.1,13.9,0.0,32.82639084588163,25.0,0.0,31.1,0.0,1.0,-0.9467139181463862,0.3220757010206104,10,Texas,32.82639084588163,1303.21,967.21,1077.5719359665816,1185.032709536327,0.24276628524506805,0.4991430386190153,0.8398706406181518
2023-10-21,34.4,13.9,0.0,31.40664590313559,24.15,0.0,36.1,1.0,1.0,-0.9410336347451197,0.3383130181923076,10,Texas,31.40664590313559,1183.36,1303.21,986.3774068849435,1080.3886190678643,0.18361024596398293,1.0,0.7813434972488398
2023-10-22,31.7,19.4,0.0,30.958095754335634,25.549999999999997,0.0,34.4,2.0,2.0,-0.9350748843515574,0.3544502230989869,10,Texas,30.958095754335634,1004.89,1183.36,958.403692734614,981.3716354124396,0.16492065643065143,0.9313327931065142,0.5229895088201516
2023-10-23,28.3,20.0,30.5,28.76327423575113,24.15,1.0,31.7,2.0,2.0,-0.9288394302558068,0.3704825404820963,10,Texas,28.76327423575113,800.89,1004.89,827.3259447610247,814.000660871757,0.07346975982296373,0.6723997769600288,0.29564184310469216
2023-10-24,26.1,21.7,19.6,26.503333333333345,23.9,1.0,28.3,1.0,2.0,-0.9223291176290545,0.3864052261209853,10,Texas,26.503333333333345,681.21,800.89,702.4266777777784,691.7370000000003,0.0,0.33813101469293017,0.13565654151865592
2023-10-25,29.4,22.2,0.8,31.258456716495616,25.799999999999997,1.0,26.1,0.0,2.0,-0.9155458729775467,0.40221356823680365,10,Texas,31.258456716495616,864.3599999999999,681.21,977.0911162970299,918.998627464971,0.17743569652065064,0.1913470705966282,0.2230493841176276
2023-10-26,26.1,21.7,65.3,28.78770131289555,23.9,1.0,29.4,0.0,2.0,-0.9084917035725082,0.41790288888678667,10,Texas,28.78770131289555,681.21,864.3599999999999,828.7317468804881,751.3590042665738,0.07448755470398123,0.30750890916008683,0.10671496774494722
2023-10-27,31.1,22.8,10.9,34.24562740051562,26.950000000000003,1.0,26.1,0.0,2.0,-0.9011686968561569,0.4334685453485363,10,Texas,34.24562740051562,967.21,681.21,1172.7629960549464,1065.0390121560358,0.30190114168815096,0.19119367089854403,0.35428398009632656
2023-10-28,30.6,22.8,0.0,33.78802762316448,26.700000000000003,0.0,31.1,0.0,1.0,-0.8935790198239952,0.4489059314938798,10,Texas,33.78802762316448,936.3600000000001,967.21,1141.630810663726,1033.913645268833,0.28283448429852004,0.49783425843872814,0.3979785765619662
2023-10-29,25.6,5.0,6.1,29.385531600924462,15.3,1.0,30.6,0.0,0.0,-0.8857249183835637,0.4642104791518923,10,Texas,29.385531600924462,655.3600000000001,936.3600000000001,863.5094674689302,752.2696089836663,0.09939715003851927,0.5788995859176783,0.259712274921008
2023-10-30,8.9,3.9,10.4,8.534722222222225,6.4,1.0,25.6,0.0,0.0,-0.8776087166898392,0.4793776594606945,10,Texas,8.534722222222225,79.21000000000001,655.3600000000001,72.84148341049388,75.9590277777778,0.0,0.2997222609456718,0.017255918132603663
2023-10-31,16.1,5.6,0.0,14.773333333333332,10.850000000000001,0.0,8.9,0.0,0.0,-0.8692328164574792,0.49440298420761813,10,Texas,14.773333333333332,259.21000000000004,79.21000000000001,218.25137777777772,237.85066666666665,0.0,0.06057029762682584,0.04985082104296148
2023-11-01,15.6,3.3,0.0,14.786388888888887,9.45,0.0,16.1,0.0,0.0,-0.8605996962501181,0.5092820071573356,11,Texas,14.786388888888887,243.35999999999999,259.21000000000004,218.63729637345673,230.66766666666663,0.0,0.10262123372069597,0.044713569433311375
2023-11-02,19.4,1.7,0.0,18.711111111111116,10.549999999999999,0.0,15.6,0.0,0.0,-0.8517119107469189,0.5240103253675756,11,Texas,18.711111111111116,376.35999999999996,243.35999999999999,350.10567901234583,362.9955555555556,0.0,0.09802911065594358,0.08534817592411884
2023-11-03,24.4,7.8,0.0,23.171666666666667,16.099999999999998,0.0,19.4,0.0,0.0,-0.8425720899866032,0.5385835804920232,11,Texas,23.171666666666667,595.3599999999999,376.35999999999996,536.9261361111111,565.3886666666666,0.0,0.14254911810443904,0.18266701776754482
2023-11-04,26.1,14.4,0.0,26.02027777777778,20.25,0.0,24.4,0.0,0.0,-0.8331829385891785,0.5529974600700271,11,Texas,26.02027777777778,681.21,595.3599999999999,677.0548556327161,679.1292500000001,0.0,0.2565549679418051,0.22645186202167536
2023-11-05,26.7,15.0,0.0,26.137777777777778,20.85,0.0,26.1,0.0,0.0,-0.8235472349556007,0.5672476988027229,11,Texas,26.137777777777778,712.89,681.21,683.1834271604938,697.8786666666666,0.0,0.3190375533216363,0.2459355486733362
2023-11-06,26.7,17.8,0.0,27.360965654024444,22.25,0.0,26.7,0.0,0.0,-0.8136678304455991,0.5813300798152042,11,Texas,27.360965654024444,712.89,712.89,748.6224415207053,730.5377829624526,0.015040235584351821,0.3449489400957873,0.24613097312289853
2023-11-07,29.4,17.2,0.0,29.65017504153784,23.299999999999997,0.0,26.7,0.0,0.0,-0.8035476485339116,0.5952404359043674,11,Texas,29.65017504153784,864.3599999999999,712.89,879.1328799938334,871.7151462212124,0.11042396006407662,0.3448045726476444,0.42001574935791636
2023-11-08,27.2,20.6,0.0,28.499177144657796,23.9,0.0,29.4,0.0,0.0,-0.7931896839451843,0.6089746507720486,11,Texas,28.499177144657796,739.8399999999999,864.3599999999999,812.2030979225854,775.177618334692,0.06246571436074152,0.4926637053183335,0.2640225954530641
2023-11-09,23.3,11.7,11.7,25.178611111111113,17.5,1.0,27.2,0.0,0.0,-0.7825970017677834,0.6225286602431057,11,Texas,25.178611111111113,542.89,739.8399999999999,633.9624574845681,586.661638888889,0.0,0.3679583457993858,0.14834786115781828
2023-11-10,13.3,11.1,8.9,16.816111111111113,12.2,1.0,23.3,0.0,0.0,-0.7717727365467836,0.6358984534680745,11,Texas,16.816111111111113,176.89000000000001,542.89,282.7815929012346,223.65427777777782,0.0,0.22307134666385048,0.026512369558728172
2023-11-11,16.1,11.7,0.0,15.452222222222218,13.9,0.0,13.3,0.0,0.0,-0.7607200913564104,0.6490800741100398,11,Texas,15.452222222222218,259.21000000000004,176.89000000000001,238.77117160493816,248.78077777777773,0.0,0.08054291836070156,0.0452697168221583
2023-11-12,16.1,12.2,3.0,16.02944444444445,14.15,1.0,16.1,0.0,0.0,-0.7494423368521954,0.6620696215153815,11,Texas,16.02944444444445,259.21000000000004,259.21000000000004,256.9430891975311,258.0740555555557,0.0,0.10208691511369083,0.044921509563068535
2023-11-13,18.3,11.7,1.0,18.195833333333333,15.0,1.0,16.1,0.0,0.0,-0.7379428103031386,0.6748632518680403,11,Texas,18.195833333333333,334.89000000000004,259.21000000000004,331.08835069444444,332.98375,0.0,0.10203616222202984,0.06504818123534818
2023-11-14,22.2,12.2,0.0,21.96444444444444,17.2,0.0,18.3,0.0,0.0,-0.7262249146041543,0.6874571793269664,11,Texas,21.96444444444444,492.84,334.89000000000004,482.4368197530862,487.61066666666653,0.0,0.12632815857559243,0.12318787075195137
2023-11-15,23.3,10.6,0.0,23.09333333333333,16.95,0.0,22.2,0.0,0.0,-0.7142921172691032,0.699847677146407,11,Texas,23.09333333333333,542.89,492.84,533.3020444444443,538.0746666666666,0.0,0.1947881069636757,0.15093296046080695
2023-11-16,16.7,10.6,0.0,18.656111111111105,13.649999999999999,0.0,23.3,0.0,0.0,-0.7021479494046978,0.7120310787787131,11,Texas,18.656111111111105,278.89,542.89,348.05048179012323,311.55705555555545,0.0,0.22244441605921683,0.04667481338029531
2023-11-17,27.2,12.8,0.0,27.08954415243555,20.0,0.0,16.7,0.0,0.0,-0.6897960046655887,0.7240037789593305,11,Texas,27.08954415243555,739.8399999999999,278.89,733.8434023867551,736.8356009462469,0.0037310063514812697,0.10770114791058465,0.3309120069952577
2023-11-18,21.1,15.0,0.0,22.73805555555556,18.05,0.0,27.2,0.0,0.0,-0.6772399381909491,0.7357622347736527,11,Texas,22.73805555555556,445.21000000000004,739.8399999999999,517.0191704475311,479.7729722222224,0.0,0.3665213933479408,0.09228773169983503
2023-11-19,18.3,13.3,2.0,18.825833333333335,15.8,1.0,21.1,0.0,0.0,-0.6644834655228552,0.7473029667054296,11,Texas,18.825833333333335,334.89000000000004,445.21000000000004,354.41200069444454,344.51275000000004,0.0,0.1709208645707013,0.062223316506882995
2023-11-20,27.8,15.6,0.0,27.25004875993561,21.7,0.0,18.3,0.0,0.0,-0.6515303615068021,0.75862255966641,11,Texas,27.25004875993561,772.84,334.89000000000004,742.5651574188682,757.5513555262099,0.010418698330650381,0.12594671366817997,0.35020943946809124
2023-11-21,15.6,8.3,0.0,20.718055555555566,11.95,0.0,27.8,0.0,0.0,-0.6383844591746642,0.7697176640069211,11,Texas,20.718055555555566,243.35999999999999,772.84,429.23782600308687,323.2016666666668,0.0,0.3962915197687339,0.04031288655717761
2023-11-22,18.9,3.9,0.0,18.186111111111114,11.399999999999999,0.0,15.6,0.0,0.0,-0.6250496486104377,0.7805849965070866,11,Texas,18.186111111111114,357.2099999999999,243.35999999999999,330.7346373456791,343.71750000000003,0.0,0.09706475228862585,0.0849548056984965
2023-11-23,14.4,5.6,0.0,13.839722222222225,10.0,0.0,18.9,0.0,0.0,-0.6115298757991053,0.7912213413483807,11,Texas,13.839722222222225,207.36,357.2099999999999,191.53791118827166,199.29200000000003,0.0,0.1338479573311818,0.03988743599542992
2023-11-24,18.3,4.4,0.0,17.34444444444445,11.350000000000001,0.0,14.4,0.0,0.0,-0.5978291414589552,0.801623551065242,11,Texas,17.34444444444445,334.89000000000004,207.36,300.8297530864199,317.4033333333334,0.0,0.08741253638733126,0.07804791987376854
2023-11-25,15.0,7.8,0.0,14.535,11.4,0.0,18.3,0.0,0.0,-0.5839514998576998,0.8117885474764613,11,Texas,14.535,225.0,334.89000000000004,211.266225,218.025,0.0,0.12562235322907908,0.04240048976016925
2023-11-26,13.3,5.6,0.0,13.497500000000002,9.45,0.0,15.0,0.0,0.0,-0.5699010576127624,0.8217133225960589,11,Texas,13.497500000000002,176.89000000000001,225.0,182.18250625000007,179.51675000000003,0.0,0.09188264141190479,0.03581886613417873
2023-11-27,13.3,2.2,0.0,11.950833333333332,7.75,0.0,13.3,0.0,0.0,-0.5556819724760489,0.8313949395234058,11,Texas,11.950833333333332,176.89000000000001,176.89000000000001,142.82241736111106,158.94608333333332,0.0,0.07987691503689712,0.040436736236031584
2023-11-28,16.1,7.2,0.0,15.272222222222227,11.65,0.0,13.3,0.0,0.0,-0.5412984521036173,0.8408305333122887,11,Texas,15.272222222222227,259.21000000000004,176.89000000000001,233.24077160493843,245.88277777777787,0.0,0.07983424413138776,0.05430157251115789
2023-11-29,17.2,6.1,0.0,16.766666666666666,11.649999999999999,0.0,16.1,0.0,0.0,-0.5267547528105542,0.8500173118187018,11,Texas,16.766666666666666,295.84,259.21000000000004,281.1211111111111,288.38666666666666,0.0,0.10119442383536821,0.06388494964570013
2023-11-30,22.8,13.3,4.1,22.473611111111104,18.05,1.0,17.2,0.0,0.0,-0.5120551783114646,0.8589525565270845,11,Texas,22.473611111111104,519.84,295.84,505.0631963734565,512.3983333333332,0.0,0.11224254766957485,0.1528604212997526
2023-12-01,21.7,10.0,0.0,20.166944444444443,15.85,0.0,22.8,0.0,0.0,-0.4972040784469378,0.8676336233547726,12,Texas,20.166944444444443,470.89,519.84,406.7056482253086,437.6226944444444,0.0,0.2077132653405801,0.11953427181005337
2023-12-02,20.0,7.2,0.0,19.01138888888889,13.6,0.0,21.7,0.0,0.0,-0.4822058478963526,0.8760579434344281,12,Texas,19.01138888888889,400.0,470.89,361.432907484568,380.2277777777778,0.0,0.18205193202122846,0.09521292891477144
2023-12-03,22.8,7.8,0.0,21.6511111111111,15.3,0.0,20.0,0.0,0.0,-0.46706492487743034,0.8842230238742036,12,Texas,21.6511111111111,519.84,400.0,468.7706123456785,493.6453333333331,0.0,0.14992948832621336,0.1583354305861047
2023-12-04,20.0,6.7,0.0,18.711111111111116,13.35,0.0,22.8,0.0,0.0,-0.451785789832884,0.8921264484954345,12,Texas,18.711111111111116,400.0,519.84,350.10567901234583,374.2222222222223,0.0,0.2073996438212816,0.09567083577995049
2023-12-05,22.8,3.9,0.0,21.781666666666663,13.35,0.0,20.0,0.0,0.0,-0.4363729641045924,0.8997658785476209,12,Texas,21.781666666666663,519.84,400.0,474.4410027777776,496.6219999999999,0.0,0.14977399775792755,0.17111189468145424
2023-12-06,20.0,5.6,0.0,19.41944444444444,12.8,0.0,22.8,0.0,0.0,-0.42083100859565564,0.9071390534005044,12,Texas,19.41944444444444,400.0,519.84,377.11482253086405,388.3888888888888,0.0,0.2071908344580771,0.098981162731685
2023-12-07,21.7,7.8,0.0,20.979166666666675,14.75,0.0,20.0,0.0,0.0,-0.4051645224207563,0.9142437912130223,12,Texas,20.979166666666675,470.89,400.0,440.1254340277781,455.2479166666668,0.0,0.1496188007033512,0.13287787115599642
2023-12-08,22.2,16.1,0.0,21.72666666666667,19.15,0.0,21.7,0.0,0.0,-0.3893781415452015,0.9210779895789526,12,Texas,21.72666666666667,492.84,470.89,472.0480444444446,482.33200000000005,0.0,0.1814955800950927,0.12494013492605321
2023-12-09,23.9,10.0,0.0,23.014999999999997,16.95,0.0,22.2,0.0,0.0,-0.37347653741307074,0.9276396261490467,12,Texas,23.014999999999997,571.2099999999999,492.84,529.6902249999998,550.0584999999999,0.0,0.19246111400833937,0.1888414290001562
2023-12-10,15.0,3.3,0.0,17.240000000000006,9.15,0.0,23.9,0.0,0.0,-0.3574644155648614,0.9339267592294762,12,Texas,17.240000000000006,225.0,571.2099999999999,297.2176000000002,258.6000000000001,0.0,0.23682441736180743,0.045548965949060397
2023-12-11,18.3,-0.5,0.0,17.031111111111116,8.9,0.0,15.0,0.0,0.0,-0.34134651424503615,0.9399375283564133,12,Texas,17.031111111111116,334.89000000000004,225.0,290.05874567901253,311.66933333333344,0.0,0.09115148573606206,0.09184312828031845
2023-12-12,20.0,3.9,0.0,18.525555555555556,11.95,0.0,18.3,0.0,0.0,-0.3251276029999093,0.9456701548465688,12,Texas,18.525555555555556,400.0,334.89000000000004,343.1962086419753,370.5111111111111,0.0,0.12450940208755965,0.10890256825134027
2023-12-13,13.3,10.0,1.8,16.845,11.65,1.0,20.0,0.0,0.0,-0.30881248126625377,0.9511229423235357,12,Texas,16.845,176.89000000000001,400.0,283.75402499999996,224.0385,0.0,0.14915679388781913,0.033423073045441926
2023-12-14,19.4,8.9,0.3,19.194166666666664,14.149999999999999,1.0,13.3,0.0,0.0,-0.29240597695107734,0.9562942772197719,12,Texas,19.194166666666664,376.35999999999996,176.89000000000001,368.4160340277777,372.36683333333326,0.0,0.07915374803869005,0.09916998851357824
2023-12-15,17.2,10.6,11.4,18.656111111111105,13.899999999999999,1.0,19.4,0.0,0.0,-0.27591294500296043,0.9611826292540837,12,Texas,18.656111111111105,295.84,376.35999999999996,348.05048179012323,320.885111111111,0.0,0.13956798421086147,0.0629023106478197
2023-12-16,18.3,6.1,0.0,17.200833333333335,12.2,0.0,17.2,0.0,0.0,-0.2593382659754056,0.9657865518844574,12,Texas,17.200833333333335,334.89000000000004,295.84,295.8686673611112,314.77525,0.0,0.11130274202541077,0.08128056854209793
2023-12-17,21.7,2.8,0.0,20.574444444444445,12.25,0.0,18.3,0.0,0.0,-0.2426868445825954,0.9701046827361175,12,Texas,20.574444444444445,470.89,334.89000000000004,423.3077641975309,446.4654444444445,0.0,0.12418866574770378,0.1522200122236358
2023-12-18,20.0,6.1,0.0,19.49777777777778,13.05,0.0,21.7,0.0,0.0,-0.22596360824801906,0.974135744004672,12,Texas,19.49777777777778,400.0,470.89,380.1633382716051,389.95555555555563,0.0,0.18058460523316858,0.10412135961013924
2023-12-19,19.4,3.3,0.0,18.355833333333333,11.35,0.0,20.0,0.0,0.0,-0.20917350564635637,0.9778785428342386,12,Texas,18.355833333333333,376.35999999999996,400.0,336.9366173611111,356.10316666666665,0.0,0.1487039364120887,0.10050753836436646
2023-12-20,22.2,10.0,0.0,20.95305555555556,16.1,0.0,19.4,0.0,0.0,-0.19232150523909483,0.9813319716704275,12,Texas,20.95305555555556,492.84,376.35999999999996,439.0305371141978,465.15783333333343,0.0,0.13921516040040124,0.14660859050152733
2023-12-21,16.7,15.0,4.6,19.85027777777778,15.85,1.0,22.2,0.0,0.0,-0.17541259380427843,0.9844950085880858,12,Texas,19.85027777777778,278.89,492.84,394.03352785493837,331.4996388888889,0.0,0.19131675470032017,0.05332357131115286
2023-12-22,21.7,15.6,2.0,21.135833333333334,18.65,1.0,16.7,0.0,0.0,-0.15845177496083632,0.9873667175937016,12,Texas,21.135833333333334,470.89,278.89,446.72345069444447,458.64758333333333,0.0,0.10575105199468515,0.1307462716990709
2023-12-23,20.6,16.1,8.9,20.6761111111111,18.35,1.0,21.7,0.0,0.0,-0.14144406768794202,0.9899462489023779,12,Texas,20.6761111111111,424.36000000000007,470.89,427.50157067901193,425.92788888888873,0.0,0.1801437305422367,0.10213141375875678
2023-12-24,22.2,11.7,32.5,21.635277777777777,16.95,1.0,20.6,0.0,0.0,-0.12439450483979998,0.9922328391893008,12,Texas,21.635277777777777,492.84,424.36000000000007,468.0852445216049,480.30316666666664,0.0,0.1586187619220446,0.14814026222812104
2023-12-25,13.9,4.4,0.0,17.396666666666672,9.15,0.0,22.2,0.0,0.0,-0.10730813165636247,0.9942258118156161,12,Texas,17.396666666666672,193.21,492.84,302.6440111111113,241.81366666666673,0.0,0.1909501893060466,0.040160179133284145
2023-12-26,15.0,0.6,0.0,14.313055555555556,7.8,0.0,13.9,0.0,0.0,-0.09019000427034513,0.9959245770286599,12,Texas,14.313055555555556,225.0,193.21,204.86355933641977,214.69583333333333,0.0,0.08249786260418433,0.05791813761613347
2023-12-27,17.2,3.3,0.0,16.479444444444443,10.25,0.0,15.0,0.0,0.0,-0.07304518821104743,0.9973286321364752,12,Texas,16.479444444444443,295.84,225.0,271.57208919753083,283.4464444444444,0.0,0.09040548518025095,0.07595043603545977
2023-12-28,15.6,3.3,0.0,14.352222222222224,9.45,0.0,17.2,0.0,0.0,-0.05587875690537313,0.9984375616565666,12,Texas,14.352222222222224,243.35999999999999,295.84,205.98628271604943,223.8946666666667,0.0,0.11063511688759664,0.058776446167314415
2023-12-29,15.0,1.1,0.0,14.22166666666667,8.05,0.0,15.6,0.0,0.0,-0.03869579017652689,0.9992510374388481,12,Texas,14.22166666666667,225.0,243.35999999999999,202.25580277777786,213.32500000000005,0.0,0.09521481689078636,0.05686959358558044
2023-12-30,20.6,3.9,0.0,19.367222222222217,12.25,0.0,15.0,0.0,0.0,-0.021501372740813793,0.999768818762748,12,Texas,19.367222222222217,424.36000000000007,225.0,375.0892966049381,398.9647777777777,0.0,0.09027392757339885,0.13208538885733992
2023-12-31,22.2,3.9,0.0,21.859999999999992,13.049999999999999,0.0,20.6,0.0,0.0,-0.004300592702981974,0.9999907524084426,12,Texas,21.859999999999992,492.84,424.36000000000007,477.85959999999966,485.2919999999998,0.0,0.15809478343585337,0.16803046675167127
2024-01-01,15.0,5.6,0.0,15.151944444444446,10.3,0.0,22.2,0.0,0.0,0.017201575418260506,0.9998520419557735,1,Texas,15.151944444444446,225.0,492.84,229.58142044753092,227.2791666666667,0.0,0.19031316459355102,0.048545958578641364
2024-01-02,10.6,4.4,32.5,9.954166666666664,7.5,1.0,15.0,0.0,0.0,0.03439806061360801,0.9994082116062598,1,Texas,9.954166666666664,112.36,225.0,99.08543402777772,105.51416666666664,0.0,0.09013533780431307,0.03180177611157747
2024-01-03,10.6,6.1,0.0,9.572222222222225,8.35,0.0,10.6,0.0,0.0,0.051584366869408364,0.9986686402879997,1,Texas,9.572222222222225,112.36,112.36,91.62743827160499,101.46555555555558,0.0,0.06475923725881949,0.031848379855228676
2024-01-04,13.3,3.9,2.5,12.85444444444444,8.6,1.0,10.6,0.0,0.0,0.06875540848113941,0.9976335468520451,1,Texas,12.85444444444444,176.89000000000001,112.36,165.23674197530852,170.96411111111107,0.0,0.06472916822988106,0.046826923265239385
2024-01-05,17.8,7.8,0.3,16.58388888888889,12.8,1.0,13.3,0.0,0.0,0.08590610426133272,0.9963032375991965,1,Texas,16.58388888888889,316.84000000000003,176.89000000000001,275.0253706790124,295.19322222222223,0.0,0.07828257989501068,0.08242990634258837
2024-01-06,17.2,3.3,0.0,16.13722222222222,10.25,0.0,17.8,0.0,0.0,0.10303137904317879,0.9946781061893646,1,Texas,16.13722222222222,295.84,316.84000000000003,260.40994104938267,277.5602222222222,0.0,0.11689822870792171,0.07542394649352709
2024-01-07,17.8,1.1,0.0,16.649166666666662,9.450000000000001,0.0,17.2,0.0,0.0,0.1201261651823505,0.9927586335250793,1,Texas,16.649166666666662,316.84000000000003,295.84,277.1947506944443,296.3551666666666,0.0,0.11011355123049912,0.08686871672471505
2024-01-08,21.1,8.9,5.6,20.793611111111105,15.0,1.0,17.8,0.0,0.0,0.13718540405660057,0.9905453876091833,1,Texas,20.793611111111105,445.21000000000004,316.84000000000003,432.3742630401232,438.74519444444434,0.0,0.11679642557360208,0.13574058335319664
2024-01-09,13.3,0.6,0.0,14.642777777777777,6.95,0.0,21.1,0.0,0.0,0.1542040475626894,0.988039023376751,1,Texas,14.642777777777777,176.89000000000001,445.21000000000004,214.4109410493827,194.74894444444445,0.0,0.16669714057224258,0.042009424255771026
2024-01-10,19.4,0.0,0.0,18.264444444444436,9.7,0.0,13.3,0.0,0.0,0.17117705961019986,0.985240282501282,1,Texas,18.264444444444436,376.35999999999996,176.89000000000001,333.58993086419724,354.330222222222,0.0,0.07811006928370934,0.11980806922547059
2024-01-11,22.8,6.7,0.0,21.67444444444445,14.75,0.0,19.4,0.0,0.0,0.18809941761179758,0.9821499931752291,1,Texas,21.67444444444445,519.84,376.35999999999996,469.7815419753089,494.1773333333335,0.0,0.1377948388898184,0.1810885866175751
2024-01-12,19.4,1.1,0.0,21.07055555555556,10.25,0.0,22.8,0.0,0.0,0.20496611396949532,0.9787690698649216,1,Texas,21.07055555555556,376.35999999999996,519.84,443.9683114197533,408.76877777777787,0.0,0.2036467888785598,0.10949529002966121
2024-01-13,16.7,0.6,0.0,16.01972222222222,8.65,0.0,19.4,0.0,0.0,0.22177215755648186,0.975098513039961,1,Texas,16.01972222222222,278.89,376.35999999999996,256.63150007716047,267.5293611111111,0.0,0.1376834794733875,0.07248356494067568
2024-01-14,1.7,-8.2,0.0,12.606388888888887,-3.2499999999999996,0.0,16.7,0.0,0.0,0.23851257519407648,0.9711394088771653,1,Texas,12.606388888888887,2.8899999999999997,278.89,158.92104081790117,21.430861111111106,0.0,0.10463218884329488,0.009745960809374416
2024-01-15,-4.3,-8.8,0.0,-5.586944444444445,-6.550000000000001,0.0,1.7,0.0,0.0,0.2551824131233728,0.9668929289391521,1,Texas,-5.586944444444445,18.49,2.8899999999999997,31.213948225308645,24.02386111111111,0.0,0.04547718303133356,0.020365567944584797
2024-01-16,1.1,-8.2,0.0,-0.9636111111111134,-3.55,0.0,-4.3,0.0,0.0,0.2717767384711357,0.9623603298276545,1,Texas,-0.9636111111111134,1.2100000000000002,18.49,0.9285463734567946,-1.0599722222222248,0.0,0.04601414878150162,0.025927526766878217
2024-01-17,7.2,-8.8,0.0,5.875000000000002,-0.8000000000000003,0.0,1.1,0.0,0.0,0.2882906407095177,0.9575429528116719,1,Texas,5.875000000000002,51.84,1.2100000000000002,34.51562500000002,42.30000000000001,0.0,0.045089202039672614,0.034258082701751576
2024-01-18,25.0,2.8,0.0,24.512777777777778,13.9,0.0,7.2,0.0,0.0,0.3047192331091634,0.9524422234305676,1,Texas,24.512777777777778,625.0,51.84,600.876274382716,612.8194444444445,0.0,0.05351661866017056,0.32711992653774147
2024-01-19,12.8,-1.0,0.0,19.484722222222217,5.9,0.0,25.0,0.0,0.0,0.321057654185271,0.9470596510722283,1,Texas,19.484722222222217,163.84000000000003,625.0,379.6544000771603,249.40444444444438,0.0,0.26759972577176444,0.037327209590168484
2024-01-20,5.6,-3.8,0.0,4.24722222222222,0.8999999999999999,0.0,12.8,0.0,0.0,0.3373010691361842,0.9413968285264122,1,Texas,4.24722222222222,31.359999999999996,163.84000000000003,18.03889660493825,23.784444444444432,0.0,0.07488330649926576,0.02423497181300533
2024-01-21,3.9,2.2,1.0,2.997500000000003,3.05,1.0,5.6,0.0,0.0,0.3534446712740877,0.9354554315134164,1,Texas,2.997500000000003,15.209999999999999,31.359999999999996,8.98500625000002,11.690250000000011,0.0,0.050097694625881484,0.020860322553052858
2024-01-22,12.8,2.8,79.0,12.104166666666666,7.800000000000001,1.0,3.9,0.0,0.0,0.3694836834473831,0.9292372181882051,1,Texas,12.104166666666666,163.84000000000003,15.209999999999999,146.51085069444443,154.93333333333334,0.0,0.04746988798406661,0.0490311597830521
2024-01-23,15.0,11.1,4.8,14.453333333333338,13.05,1.0,12.8,0.0,0.0,0.38541335945432564,0.9227440286201427,1,Texas,14.453333333333338,225.0,163.84000000000003,208.8988444444446,216.80000000000007,0.0,0.07480338285508702,0.05141831462647249
2024-01-24,12.2,10.0,26.4,13.928333333333335,11.1,1.0,15.0,0.0,0.0,0.4012289854475009,0.9159777842484877,1,Texas,13.928333333333335,148.83999999999997,225.0,193.99846944444448,169.92566666666667,0.0,0.089334501757251,0.033321034311273263
2024-01-25,17.2,8.3,2.0,16.9625,12.75,1.0,12.2,0.0,0.0,0.4169258813287287,0.908940487313808,1,Texas,16.9625,295.84,148.83999999999997,287.72640624999997,291.75499999999994,0.0,0.07152655614266287,0.07567188581961569
2024-01-26,14.4,9.4,0.0,14.166111111111109,11.9,0.0,17.2,0.0,0.0,0.4324994021339788,0.901634220265486,1,Texas,14.166111111111109,207.36,295.84,200.6787040123456,203.99199999999996,0.0,0.10931911174510926,0.0447734886220493
2024-01-27,17.8,8.9,0.0,16.714444444444446,13.350000000000001,0.0,14.4,0.0,0.0,0.44794493940789115,0.8940611451454876,1,Texas,16.714444444444446,316.84000000000003,207.36,279.3726530864198,297.51711111111115,0.0,0.08481022459645182,0.0781567132456337
2024-01-28,20.0,5.6,0.0,18.841666666666672,12.8,0.0,17.8,0.0,0.0,0.4632579225674917,0.88622350294858,1,Texas,18.841666666666672,400.0,316.84000000000003,355.008402777778,376.8333333333334,0.0,0.11593489676944235,0.1146843206726242
2024-01-29,22.8,5.0,0.0,22.333333333333343,13.9,0.0,20.0,0.0,0.0,0.4784338202547012,0.8781236129591848,1,Texas,22.333333333333343,519.84,400.0,498.7777777777782,509.2000000000002,0.0,0.14619083096816213,0.1874028494404783
2024-01-30,24.4,7.8,0.0,22.845277777777778,16.099999999999998,0.0,22.8,0.0,0.0,0.49346814167723735,0.8697638720650646,1,Texas,22.845277777777778,595.3599999999999,519.84,521.9067167438271,557.4247777777778,0.0,0.2024197132464381,0.22759169413209732
2024-01-31,23.9,7.8,0.0,23.48833333333333,15.85,0.0,24.4,0.0,0.0,0.5083564379375122,0.8611467540480452,1,Texas,23.48833333333333,571.2099999999999,595.3599999999999,551.7018027777776,561.3711666666666,0.0,0.24695511061450265,0.20981895448869428
2024-02-01,22.8,9.4,0.0,22.02972222222221,16.1,0.0,23.9,0.0,0.0,0.5230943033491326,0.8522748088519838,2,Texas,22.02972222222221,519.84,571.2099999999999,485.3086611882711,502.27766666666645,0.0,0.23178998984772334,0.16582436668286582
2024-02-02,20.0,14.4,7.9,19.82416666666667,17.2,1.0,22.8,0.0,0.0,0.5376773767406141,0.8431506618282,2,Texas,19.82416666666667,400.0,519.84,392.9975840277779,396.4833333333334,0.0,0.20225937088317816,0.09616068847612762
2024-02-03,21.7,8.3,1.0,20.626666666666676,15.0,1.0,20.0,0.0,0.0,0.5521013427459208,0.8337770129585915,2,Texas,20.626666666666676,470.89,400.0,425.4593777777782,447.5986666666669,0.0,0.14599230990611814,0.1469342796371957
2024-02-04,20.6,8.3,0.0,19.510833333333338,14.450000000000001,0.0,21.7,0.0,0.0,0.5663619330814524,0.8241566360566663,2,Texas,19.510833333333338,424.36000000000007,470.89,380.6726173611113,401.92316666666676,0.0,0.17721243500460854,0.11545446888185798
2024-02-05,18.3,10.6,0.0,17.856388888888894,14.45,0.0,20.6,0.0,0.0,0.580454927809098,0.8142923779467267,2,Texas,17.856388888888894,334.89000000000004,424.36000000000007,318.85062415123474,326.77191666666675,0.0,0.15604835254119362,0.07601688329151723
2024-02-06,21.7,6.7,0.0,20.54833333333334,14.2,0.0,18.3,0.0,0.0,0.5943761565849831,0.804187157621448,2,Texas,20.54833333333334,470.89,334.89000000000004,422.234002777778,445.89883333333347,0.0,0.12168347439091334,0.14842344616206934
2024-02-07,21.1,8.3,0.0,20.34972222222222,14.700000000000001,0.0,21.7,0.0,0.0,0.6081214998935418,0.7938439653781019,2,Texas,20.34972222222222,445.21000000000004,470.89,414.11119452160483,429.37913888888886,0.0,0.17709066174172666,0.12583736842702298
2024-02-08,22.8,15.6,0.0,21.96444444444444,19.2,0.0,21.1,0.0,0.0,0.6216868902665479,0.7832658619336791,2,Texas,21.96444444444444,519.84,445.21000000000004,482.4368197530862,500.7893333333332,0.0,0.16510558336758188,0.15139460819970024
2024-02-09,24.4,16.1,0.0,23.328333333333326,20.25,0.0,22.8,0.0,0.0,0.6350683134867438,0.7724559775191742,2,Texas,23.328333333333326,595.3599999999999,519.84,544.2111361111108,569.2113333333331,0.0,0.20193950436536848,0.1977410558230948
2024-02-10,19.4,14.4,16.3,22.225555555555545,16.9,1.0,24.4,0.0,0.0,0.6482618097757122,0.7614175109532997,2,Texas,22.225555555555545,376.35999999999996,595.3599999999999,493.97531975308596,431.1757777777775,0.0,0.2464012303319128,0.08717817976374295
2024-02-11,15.0,7.8,0.0,15.621944444444447,11.4,0.0,19.4,0.0,0.0,0.6612634749656386,0.7501537286959042,2,Texas,15.621944444444447,225.0,376.35999999999996,244.0451482253087,234.3291666666667,0.0,0.13649116845300804,0.04733172395656296
2024-02-12,16.7,5.0,0.0,15.402777777777784,10.85,0.0,15.0,0.0,0.0,0.6740694616546161,0.7386679638813748,2,Texas,15.402777777777784,278.89,225.0,237.24556327160514,257.226388888889,0.0,0.08888984036747744,0.06845828187781228
2024-02-13,20.6,2.8,0.0,19.44555555555556,11.700000000000001,0.0,16.7,0.0,0.0,0.6866759803451553,0.726963615332308,2,Texas,19.44555555555556,424.36000000000007,278.89,378.12963086419774,400.5784444444446,0.0,0.1037149525340185,0.13113675850347495
2024-02-14,19.4,5.6,0.0,19.141944444444444,12.5,0.0,20.6,0.0,0.0,0.6990793005655562,0.7150441465537444,2,Texas,19.141944444444444,376.35999999999996,424.36000000000007,366.4140371141975,371.3537222222222,0.0,0.1557689878546226,0.0980716818011986
2024-02-15,21.7,15.0,0.0,21.01833333333333,18.35,0.0,19.4,0.0,0.0,0.7112757519738152,0.7029130847082615,2,Texas,21.01833333333333,470.89,376.35999999999996,441.770336111111,456.09783333333326,0.0,0.1363973777929359,0.12535289357545867
2024-02-16,25.0,11.1,0.0,24.300555555555555,18.05,0.0,21.7,0.0,0.0,0.7232617254437388,0.6905740195722293,2,Texas,24.300555555555555,625.0,470.89,590.517000308642,607.5138888888889,0.0,0.17680299920230208,0.24124212698578898
2024-02-17,11.1,3.9,0.0,21.55694444444445,7.5,0.0,25.0,0.0,0.0,0.7350336741329413,0.6780306024735382,2,Texas,21.55694444444445,123.21,625.0,464.70185378086444,239.2820833333334,0.0,0.2657558088062808,0.02496392408727349
2024-02-18,14.4,0.6,0.0,12.30611111111111,7.5,0.0,11.1,0.0,0.0,0.746588114532413,0.6652865452111116,2,Texas,12.30611111111111,207.36,123.21,151.4403706790123,177.20799999999997,0.0,0.06592228020414057,0.055571604665770255
2024-02-19,20.6,2.8,0.0,20.166944444444443,11.700000000000001,0.0,14.4,0.0,0.0,0.7579216274973472,0.6523456189565257,2,Texas,20.166944444444443,424.36000000000007,207.36,406.7056482253086,415.43905555555557,0.0,0.08437847188681007,0.13294718133014014
2024-02-20,26.7,7.2,0.0,25.94194444444445,16.95,0.0,20.6,0.0,0.0,0.7690308592589181,0.6392116531380588,2,Texas,25.94194444444445,712.89,424.36000000000007,672.9844815586422,692.6499166666667,0.0,0.15564176957754797,0.3507689349038065
2024-02-21,25.0,16.7,0.0,25.008888888888894,20.85,0.0,26.7,0.0,0.0,0.7799125224167177,0.6258885343075018,2,Texas,25.008888888888894,625.0,712.89,625.4445234567904,625.2222222222224,0.0,0.3316956877996295,0.21131568131381762
2024-02-22,31.1,18.3,0.0,28.80472096989557,24.700000000000003,0.0,25.0,0.0,0.0,0.7905633969115482,0.612380204990065,2,Texas,28.80472096989557,967.21,625.0,829.7119501535416,895.8268221637522,0.07519670707898207,0.2656120044385726,0.594734085710424
2024-02-23,25.6,13.3,0.0,26.48047843731561,19.450000000000003,0.0,31.1,0.0,0.0,0.8009803309782905,0.5986906625177214,2,Texas,26.48047843731561,655.3600000000001,967.21,701.215738269137,677.9002479952796,0.0,0.595714290576371,0.2465297251842115
2024-02-24,27.2,10.6,0.0,26.33694444444444,18.9,0.0,25.6,0.0,0.0,0.8111602420785621,0.5848239578463322,2,Texas,26.33694444444444,739.8399999999999,655.3600000000001,693.6346426697529,716.3648888888888,0.0,0.2870191961908785,0.34489208823875145
2024-02-25,29.4,12.8,0.0,28.78069813099559,21.1,0.0,27.2,0.0,0.0,0.8211001178128892,0.5707841943569036,2,Texas,28.78069813099559,864.3599999999999,739.8399999999999,828.328584907493,846.1525250512702,0.07419575545814953,0.3543347339724263,0.49564827869978956
2024-02-26,29.4,15.0,0.0,29.65017504153784,22.2,0.0,29.4,0.0,0.0,0.8307970168121247,0.5565755266413303,2,Texas,29.65017504153784,864.3599999999999,864.3599999999999,879.1328799938334,871.7151462212124,0.11042396006407662,0.4754525014105158,0.4884100290475913
2024-02-27,27.2,19.4,0.0,27.835943809757786,23.299999999999997,0.0,29.4,0.0,0.0,0.8402480696078469,0.5422021592729844,2,Texas,27.835943809757786,739.8399999999999,864.3599999999999,774.8397677799928,757.1376716254118,0.034830992073241106,0.47543128283437763,0.3054312241158844
2024-02-28,21.7,8.3,0.0,25.139444444444447,15.0,0.0,27.2,0.0,0.0,0.8494504794814806,0.527668345562516,2,Texas,25.139444444444447,470.89,739.8399999999999,631.9916669753087,545.5259444444445,0.0,0.35428384163151827,0.13685036259758826
2024-02-29,9.4,6.7,0.0,9.588611111111113,8.05,0.0,21.7,0.0,0.0,0.8584015232918917,0.512978386299228,2,Texas,9.588611111111113,88.36000000000001,470.89,91.9414630401235,90.13294444444448,0.0,0.1766023303206056,0.021624491415007434
2024-03-01,21.1,7.2,0.0,20.323611111111106,14.15,0.0,9.4,0.0,0.0,0.8670985522812081,0.4981366284784055,3,Texas,20.323611111111106,445.21000000000004,88.36000000000001,413.0491685956788,428.82819444444436,0.0,0.05931919699712411,0.13532168660213437
2024-03-02,28.3,8.9,0.0,27.49281419379563,18.6,0.0,21.1,0.0,0.0,0.8755389928586302,0.4831474640149687,3,Texas,27.49281419379563,800.89,445.21000000000004,755.8548322945705,778.0466416844164,0.020533924741484633,0.16467560187774113,0.4395467139742652
2024-03-03,27.2,17.2,0.0,26.137777777777778,22.2,0.0,28.3,0.0,0.0,0.8837203473619977,0.4680153284438345,3,Texas,26.137777777777778,739.8399999999999,800.89,683.1834271604938,710.9475555555556,0.0,0.4102957760700019,0.29423922012204323
2024-03-04,28.9,19.4,0.0,29.41421488587567,24.15,0.0,27.2,0.0,0.0,0.8916401947968874,0.45274469960737107,3,Texas,29.41421488587567,835.2099999999999,739.8399999999999,865.1960373524698,850.0708102018068,0.10059228691148621,0.35425561753157725,0.421911684515406
2024-03-05,32.8,16.1,0.0,29.94753127932447,24.45,0.0,28.9,0.0,0.0,0.8992961915530253,0.4373400963303323,3,Texas,29.94753127932447,1075.84,835.2099999999999,896.8546297261174,982.2790259618425,0.12281380330518621,0.44462177836315825,0.7359232980311635
2024-03-06,28.9,13.3,0.0,28.146045184835597,21.1,0.0,32.8,1.0,1.0,0.9066860720977985,0.4218060770826634,3,Texas,28.146045184835597,835.2099999999999,1075.84,792.199859546807,813.4207058417487,0.04775188270148319,0.7427475733206139,0.41367601564504214
2024-03-07,23.9,19.4,0.0,27.08954415243555,21.65,0.0,28.9,1.0,1.0,0.9138076496466615,0.4061472386305789,3,Texas,27.08954415243555,571.2099999999999,835.2099999999999,733.8434023867551,647.4401052432096,0.0037310063514812697,0.4462234519489052,0.16656456284723384
2024-03-08,28.9,10.6,4.8,27.224983142015567,19.75,1.0,23.9,1.0,1.0,0.9206588168102428,0.3903682146763026,3,Texas,27.224983142015567,835.2099999999999,571.2099999999999,741.1997070830319,786.8020128042499,0.009374297583981969,0.2317792750805379,0.45324549726156327
2024-03-09,17.2,7.8,0.0,21.938333333333325,12.5,0.0,28.9,0.0,1.0,0.9272375462179537,0.374473674486883,3,Texas,21.938333333333325,295.84,835.2099999999999,481.2904694444441,377.3393333333332,0.0,0.350506673278142,0.03930448978578245
2024-03-10,20.6,6.1,0.0,19.393333333333334,13.350000000000001,0.0,17.2,0.0,1.0,0.9335418911179212,0.35846832151248087,3,Texas,19.393333333333334,424.36000000000007,295.84,376.1013777777778,399.5026666666667,0.0,0.08219792225089458,0.07874191869987723
2024-03-11,23.9,12.2,0.0,22.923611111111104,18.049999999999997,0.0,20.6,0.0,1.0,0.9395699859530622,0.342356891994542,3,Texas,22.923611111111104,571.2099999999999,424.36000000000007,525.4919463734565,547.8743055555553,0.0,0.11834637820751823,0.12624538707039293
2024-03-12,26.1,14.4,0.0,25.035,20.25,0.0,23.9,0.0,1.0,0.945320046913132,0.3261441535642696,3,Texas,25.035,681.21,571.2099999999999,626.751225,653.4135,0.0,0.1772642535052376,0.180943470403525
2024-03-13,28.9,19.4,0.0,29.543688464791305,24.15,0.0,26.1,0.0,0.0,0.9507903724625832,0.3098349038318025,3,Texas,29.543688464791305,835.2099999999999,681.21,872.8295281046428,853.8125966324687,0.10598701936630439,0.3064273767809371,0.4136781213828226
2024-03-14,26.7,21.1,0.3,28.181459693315517,23.9,1.0,28.9,0.0,0.0,0.9559793438440766,0.2934339689665273,3,Texas,28.181459693315517,712.89,835.2099999999999,794.1946704459672,752.4449738115243,0.04922748722147988,0.44480407770236396,0.26894474746638575
2024-03-15,24.4,17.8,0.5,24.57472222222222,21.1,1.0,26.7,0.0,0.0,0.9608854255574977,0.27694620226893646,3,Texas,24.57472222222222,595.3599999999999,712.89,603.9169722993827,599.6232222222221,0.0,0.3316962462507253,0.17321426689931577
2024-03-16,23.3,16.7,1.5,22.369166666666658,20.0,1.0,24.4,0.0,0.0,0.9655071658143364,0.2603764827344581,3,Texas,22.369166666666658,542.89,595.3599999999999,500.3796173611107,521.2015833333331,0.0,0.24604188850948597,0.141096624602939
2024-03-17,18.9,14.4,18.8,21.253333333333334,16.65,1.0,23.3,0.0,0.0,0.969843196967294,0.24372971360968387,3,Texas,21.253333333333334,357.2099999999999,542.89,451.7041777777778,401.688,0.0,0.21437731439745933,0.06896846313315881
2024-03-18,18.9,11.1,0.0,17.712777777777774,15.0,0.0,18.9,0.0,0.0,0.9738922359149924,0.22701082094141847,3,Texas,17.712777777777774,357.2099999999999,357.2099999999999,313.74249660493814,334.7714999999999,0.0,0.12925352111932845,0.0719515146019581
2024-03-19,20.0,7.8,0.0,18.841666666666672,13.9,0.0,18.9,0.0,0.0,0.9776530844816641,0.2102247521189836,3,Texas,18.841666666666672,400.0,357.2099999999999,355.008402777778,376.8333333333334,0.0,0.12927082354347094,0.09147926766586553
2024-03-20,19.4,10.0,0.0,19.22027777777778,14.7,0.0,20.0,0.0,0.0,0.981124629771712,0.19337647441020586,3,Texas,19.22027777777778,376.35999999999996,400.0,369.4190778549384,372.87338888888894,0.0,0.14561381057663542,0.07847724692672062
2024-03-21,17.8,14.4,3.3,18.695277777777775,16.1,1.0,19.4,0.0,0.0,0.984305844499033,0.17647097349152166,3,Texas,18.695277777777775,316.84000000000003,376.35999999999996,349.5134111882715,332.7759444444444,0.0,0.13639776174335436,0.057099054168595974
2024-03-22,26.7,12.8,0.0,25.96805555555556,19.75,0.0,17.8,0.0,0.0,0.9871957872910085,0.15951325197263655,3,Texas,25.96805555555556,712.89,316.84000000000003,674.33990933642,693.3470833333334,0.0,0.11547201883759844,0.29262600954006157
2024-03-23,22.8,11.1,0.0,22.02972222222221,16.95,0.0,26.7,0.0,0.0,0.9897936029670716,0.14250832791617088,3,Texas,22.02972222222221,519.84,712.89,485.3086611882711,502.27766666666645,0.0,0.3320258824386855,0.12977310457484245
2024-03-24,22.8,15.0,0.0,22.17333333333332,18.9,0.0,22.8,0.0,0.0,0.992098522791769,0.12546123335273648,3,Texas,22.17333333333332,519.84,519.84,491.65671111111055,505.55199999999974,0.0,0.20182713238789463,0.12582933660518103
2024-03-25,25.6,13.9,3.0,25.234166666666663,19.75,1.0,22.8,0.0,0.0,0.9941098647022418,0.10837701279187609,3,Texas,25.234166666666663,655.3600000000001,519.84,636.763167361111,645.9946666666666,0.0,0.20186319441839845,0.22691780477871626
2024-03-26,21.1,7.8,0.0,23.44916666666666,14.450000000000001,0.0,25.6,0.0,0.0,0.9958270335100595,0.09126072172931188,3,Texas,23.44916666666666,445.21000000000004,655.3600000000001,549.8634173611108,494.77741666666657,0.0,0.28753043000956263,0.10587352595419502
2024-03-27,20.0,8.9,1.8,17.856388888888894,14.45,1.0,21.1,0.0,0.0,0.9972495210773451,0.07411742515094437,3,Texas,17.856388888888894,400.0,445.21000000000004,318.85062415123474,357.12777777777785,0.0,0.16507209836756886,0.08578626580522847
2024-03-28,26.1,7.2,0.0,25.43,16.650000000000002,0.0,20.0,0.0,0.0,0.998376906467142,0.056952196034039754,3,Texas,25.43,681.21,400.0,646.6849,663.7230000000001,0.0,0.1458230809716036,0.27119749206303106
2024-03-29,26.7,13.3,0.0,26.007222222222232,20.0,0.0,26.1,0.0,0.0,0.9992088560679753,0.03977011384605572,3,Texas,26.007222222222232,712.89,681.21,676.3756077160499,694.3928333333336,0.0,0.3071210417214824,0.2598371237658256
2024-03-30,25.6,17.2,0.0,24.5225,21.4,0.0,26.7,0.0,0.0,0.9997451236925734,0.022576263041545485,3,Texas,24.5225,655.3600000000001,712.89,601.35300625,627.7760000000001,0.0,0.3324481641479067,0.19165689402688396
2024-03-31,26.1,19.4,0.0,26.333611111111118,22.75,0.0,25.6,0.0,0.0,0.9999855506507186,0.005375731557583884,3,Texas,26.333611111111118,681.21,655.3600000000001,693.459074151235,687.3072500000002,0.0,0.2878200121615614,0.2145011145738994
2024-04-01,28.3,19.4,0.0,30.28317007140459,23.85,0.0,26.1,0.0,0.0,0.9999300657962057,-0.011826390691832589,4,Texas,30.28317007140459,800.89,681.21,917.0703895736148,857.01371302075,0.13679875297519128,0.30731832607621573,0.3575278356919865
2024-04-02,24.4,13.9,1.5,26.39888888888889,19.15,1.0,28.3,0.0,0.0,0.9995786855478958,-0.029025013321975237,4,Texas,26.39888888888889,595.3599999999999,800.89,696.9013345679014,644.1328888888889,0.0,0.4116530442373685,0.1752909985642611
2024-04-03,28.9,10.0,0.0,26.860912138817824,19.45,0.0,24.4,0.0,0.0,0.9989315138848577,-0.046215046983708354,4,Texas,26.860912138817824,835.2099999999999,595.3599999999999,721.5086009292908,776.2803608118351,0.0,0.2468305757829546,0.3923841956691664
2024-04-04,31.7,8.9,0.0,29.06781617369778,20.3,0.0,28.9,0.0,0.0,0.9979887423155984,-0.06339140486951038,4,Texas,29.06781617369778,1004.89,835.2099999999999,844.9379371078861,921.4497727062195,0.08615900723740744,0.4462571787731582,0.6113793777849799
2024-04-05,31.1,11.7,0.0,28.67405660348446,21.4,0.0,31.7,0.0,0.0,0.9967506498213929,-0.08054900421874167,4,Texas,28.67405660348446,967.21,1004.89,822.2015220998308,891.7631603683667,0.06975235847851913,0.6461041014817196,0.5249954956278626
2024-04-06,26.1,17.2,0.0,26.299025066204464,21.65,0.0,31.1,0.0,0.0,0.9952176027737294,-0.09768276782171598,4,Texas,26.299025066204464,681.21,967.21,691.6387194328507,686.4045542279366,0.0,0.5977829610280828,0.20355723378575813
2024-04-07,28.3,16.1,1.5,26.297777777777785,22.200000000000003,1.0,26.1,0.0,0.0,0.9933900548258936,-0.11478762552212701,4,Texas,26.297777777777785,800.89,681.21,691.5731160493831,744.2271111111113,0.0,0.30777284112411407,0.3170339750609437
2024-04-08,26.7,16.1,4.1,26.2813888888889,21.4,1.0,28.3,0.0,0.0,0.9912685467787256,-0.13185851571739118,4,Texas,26.2813888888889,712.89,800.89,690.7114019290128,701.7130833333335,0.0,0.4122434100925411,0.23868461125263732
2024-04-09,28.9,17.8,39.1,29.926185775235595,23.35,1.0,26.7,0.0,0.0,0.9888537064205885,-0.1488903868564548,4,Texas,29.926185775235595,835.2099999999999,712.89,895.5765950539133,864.8667689043086,0.12192440730148313,0.33325603908531326,0.3863321360392338
2024-04-10,21.7,13.9,4.3,22.525833333333324,17.8,1.0,28.9,0.0,0.0,0.986146248341595,-0.16587819893463143,4,Texas,22.525833333333324,470.89,835.2099999999999,507.4131673611107,488.8105833333331,0.0,0.4469184267015417,0.09350160180406435
2024-04-11,28.9,12.2,0.0,26.951463358051168,20.549999999999997,0.0,21.7,0.0,0.0,0.9831469737221499,-0.1828169249850199,4,Texas,26.951463358051168,835.2099999999999,470.89,726.3813771403748,778.8972910476787,0.0,0.17770748828883945,0.3745557991651014
2024-04-12,28.3,10.6,0.0,27.310157834435607,19.45,0.0,28.9,0.0,0.0,0.9798567700958665,-0.1997015525660636,4,Texas,27.310157834435607,800.89,835.2099999999999,745.8447209417845,772.8774667145277,0.012923243101483628,0.44716105405132595,0.33123725286951206
2024-04-13,28.3,17.2,0.0,27.910757868995592,22.75,0.0,28.3,0.0,0.0,0.9762766110869321,-0.21652708524481437,4,Texas,27.910757868995592,800.89,800.89,779.0104048216994,789.8744476925752,0.03794824454148301,0.41280811863172046,0.30676587945076306
2024-04-14,29.4,18.3,0.0,30.331079793937747,23.85,0.0,28.3,0.0,0.0,0.9724075561219968,-0.23328854407545518,4,Texas,30.331079793937747,864.3599999999999,800.89,919.9744014662186,891.7337459417697,0.13879499141407278,0.4129286245395227,0.39586338915197933
2024-04-15,28.9,21.1,0.0,31.326208967884572,25.0,0.0,29.4,0.0,0.0,0.9682507501166718,-0.2499809690726521,4,Texas,31.326208967884572,835.2099999999999,864.3599999999999,981.3313682995717,905.3274391718641,0.1802587069951905,0.47845002392517433,0.3636703361549032
2024-04-16,27.2,21.1,0.8,29.578584348391068,24.15,1.0,28.9,0.0,0.0,0.9638074231367307,-0.26659942067929354,4,Texas,29.578584348391068,739.8399999999999,835.2099999999999,874.892652054885,804.537494276237,0.10744101451629451,0.4476779990650551,0.2604263119510733
2024-04-17,28.3,22.2,0.0,31.258456716495616,25.25,0.0,27.2,0.0,0.0,0.9590788900341131,-0.28313898122818354,4,Texas,31.258456716495616,800.89,739.8399999999999,977.0911162970299,884.6143250768259,0.17743569652065064,0.35693849960510393,0.3270250324312746
2024-04-18,31.1,22.2,0.0,33.78802762316448,26.65,0.0,28.3,0.0,0.0,0.9540665500578387,-0.2995947563972602,4,Texas,33.78802762316448,967.21,800.89,1141.630810663726,1050.8076590804153,0.28283448429852004,0.4134347338761897,0.5562887358512282
2024-04-19,24.4,17.8,0.0,31.557488575164523,21.1,0.0,31.1,0.0,0.0,0.9487718864399473,-0.31596187665790293,4,Texas,31.557488575164523,595.3599999999999,967.21,995.8750851716394,770.0027212340143,0.1898953572985218,0.599764507311546,0.17656896434990293
2024-04-20,22.2,12.2,17.5,23.328333333333326,17.2,1.0,24.4,0.0,0.0,0.9431964659565866,-0.33223549871590435,4,Texas,23.328333333333326,492.84,595.3599999999999,544.2111361111108,517.8889999999998,0.0,0.2481166176619073,0.10512312417088639
2024-04-21,21.7,10.6,0.0,21.387222222222224,16.15,0.0,22.2,0.0,0.0,0.9373419384643772,-0.3484108069446808,4,Texas,21.387222222222224,470.89,492.84,457.4132743827161,464.10272222222227,0.0,0.18921480459849652,0.09410387169259489
2024-04-22,23.9,9.4,0.0,23.61888888888889,16.65,0.0,21.7,0.0,0.0,0.9312100364121947,-0.3644830148102912,4,Texas,23.61888888888889,571.2099999999999,470.89,557.851912345679,564.4914444444445,0.0,0.17839448959292062,0.14653691577380545
2024-04-23,23.9,12.8,0.0,23.328333333333326,18.35,0.0,23.9,0.0,0.0,0.9248025743285089,-0.38044736628785164,4,Texas,23.328333333333326,571.2099999999999,571.2099999999999,544.2111361111108,557.5471666666665,0.0,0.2332090491342024,0.13326393898826425
2024-04-24,28.9,20.6,0.0,29.66075088801562,24.75,0.0,23.9,0.0,0.0,0.9181214482844364,-0.39629913726891813,4,Texas,29.66075088801562,835.2099999999999,571.2099999999999,879.7601432409194,857.1957006636513,0.11086462033398418,0.23329822558566757,0.3383501534187938
2024-04-25,28.3,21.1,0.5,29.105816139857836,24.700000000000003,1.0,28.9,0.0,0.0,0.9111686353326631,-0.41203363695942635,4,Texas,29.105816139857836,800.89,835.2099999999999,847.1485331672089,823.6945967579768,0.08774233916074319,0.4489845297892618,0.2900606597744291
2024-04-26,28.9,22.2,0.0,30.026780984595675,25.549999999999997,0.0,28.3,0.0,0.0,0.9039461929224011,-0.42764620926777464,4,Texas,30.026780984595675,835.2099999999999,800.89,901.6075762968763,867.773970454815,0.1261158743581531,0.41455486892046906,0.31964843530715115
2024-04-27,28.3,23.9,0.0,30.967434366904588,26.1,0.0,28.9,0.0,0.0,0.8964562582905575,-0.44313223418263453,4,Texas,30.967434366904588,800.89,835.2099999999999,958.9819912685433,876.3783925833999,0.16530976528769115,0.4492995817947889,0.2926114435994638
2024-04-28,26.7,18.3,19.0,29.385531600924462,22.5,1.0,28.3,0.0,0.0,0.8887010478292915,-0.45848712914008766,4,Texas,29.385531600924462,712.89,800.89,863.5094674689302,784.5936937446832,0.09939715003851927,0.4148555427716619,0.23300854435915902
2024-04-29,31.7,21.7,0.0,32.19925999255788,26.7,0.0,26.7,0.0,0.0,0.8806828564301475,-0.47370635037968,4,Texas,32.19925999255788,1004.89,712.89,1036.7923440683383,1020.7165417640847,0.21663583302324488,0.3355030307509527,0.5420627606148044
2024-04-30,29.4,20.0,0.0,31.229195675431228,24.7,0.0,31.7,0.0,0.0,0.8724040568049612,-0.48878539428899265,4,Texas,31.229195675431228,864.3599999999999,1004.89,975.2626625343726,918.1383528576781,0.17621648647630117,0.6504746498992782,0.36021479267940887
2024-05-01,25.6,20.6,41.1,30.294298970771212,23.1,1.0,29.4,0.0,0.0,0.8638670987837349,-0.503719798736334,5,Texas,30.294298970771212,655.3600000000001,864.3599999999999,917.7445501304697,775.5340536517431,0.13726245711546717,0.48097810428376214,0.1889065592771007
2024-05-02,25.0,20.0,1.3,26.00444444444444,22.5,1.0,25.6,0.0,0.0,0.8550745085896932,-0.518505144391157,5,Texas,26.00444444444444,625.0,655.3600000000001,676.2311308641973,650.1111111111111,0.0,0.290821277817781,0.14767214724868144
2024-05-03,24.4,21.7,1.3,25.34833333333334,23.049999999999997,1.0,25.0,0.0,0.0,0.8460288880917339,-0.533137056031809,5,Texas,25.34833333333334,595.3599999999999,625.0,642.5380027777782,618.4993333333334,0.0,0.2692418153355595,0.12630546879358762
2024-05-04,26.7,21.7,0.0,26.43805555555556,24.2,0.0,24.4,0.0,0.0,0.8367329140344921,-0.5476112038402312,5,Texas,26.43805555555556,712.89,595.3599999999999,698.9707815586422,705.8960833333334,0.0,0.2494977700965491,0.18982789837910838
2024-05-05,27.8,17.8,29.2,29.926185775235595,22.8,1.0,26.7,0.0,0.0,0.8271893372462497,-0.5619233046832195,5,Texas,29.926185775235595,772.84,712.89,895.5765950539133,831.9479645515496,0.12192440730148313,0.33631212785599873,0.2821212275677034
2024-05-06,30.6,23.3,0.0,33.21375493548445,26.950000000000003,0.0,27.8,0.0,0.0,0.8174009818249189,-0.5760691233798758,5,Texas,33.21375493548445,936.3600000000001,772.84,1103.1535169144179,1016.3409010258243,0.2589064556451855,0.3892992752966424,0.4580049795387576
2024-05-07,31.7,22.8,0.0,35.845619555884504,27.25,0.0,30.6,0.0,0.0,0.8073707443023492,-0.5900444739548627,5,Texas,35.845619555884504,1004.89,936.3600000000001,1284.9084413452097,1136.3061399215387,0.36856748149518764,0.5650782879112632,0.6023191613566072
2024-05-08,31.7,24.4,0.0,41.21263461063783,28.049999999999997,0.0,31.7,0.0,0.0,0.7971015927871943,-0.6038452208771035,5,Texas,41.21263461063783,1004.89,1004.89,1698.481251549943,1306.4405171572191,0.5921931087765762,0.6522345365882266,0.7817574950492858
2024-05-09,33.9,22.8,0.0,38.16772704802459,28.35,0.0,31.7,0.0,0.0,0.7865965660866021,-0.6174672802835514,5,Texas,38.16772704802459,1149.2099999999998,1004.89,1456.7753880125078,1293.8859469280335,0.46532196033435785,0.6524638139390397,0.8610117523416341
2024-05-10,30.0,21.1,0.0,34.80727677236455,25.55,0.0,33.9,1.0,1.0,0.7758587728069828,-0.6309066211876704,5,Texas,34.80727677236455,900.0,1149.2099999999998,1211.546516307989,1044.2183031709367,0.32530319884852305,0.8593560824499294,0.4394150040197862
2024-05-11,28.3,20.0,0.0,27.416236963591118,24.15,0.0,30.0,1.0,1.0,0.7648913904341225,-0.6441592666722685,5,Texas,27.416236963591118,800.89,900.0,751.6500492437799,775.8795060696286,0.01734320681629657,0.5246342523941071,0.24180731319552173
2024-05-12,23.9,20.0,0.0,23.563333333333325,21.95,0.0,28.3,1.0,1.0,0.753697664392914,-0.6572212950663319,5,Texas,23.563333333333325,571.2099999999999,800.89,555.2306777777774,563.1636666666665,0.0,0.4186632640186673,0.1002797204642239
2024-05-13,27.2,19.4,3.6,26.333611111111118,23.299999999999997,1.0,23.9,0.0,1.0,0.742280907086982,-0.6700888411055113,5,Texas,26.333611111111118,739.8399999999999,571.2099999999999,693.459074151235,716.2742222222224,0.0,0.18066305091275014,0.1510173910766094
2024-05-14,34.4,16.7,0.0,32.277837979597805,25.549999999999997,0.0,27.2,0.0,1.0,0.7306444969184916,-0.6827580970759147,5,Texas,32.277837979597805,1183.36,739.8399999999999,1041.8588246371664,1110.3576264981646,0.21990991581657524,0.2813484997038367,0.6125910247935117
2024-05-15,34.4,18.3,0.0,34.104005616737815,26.35,0.0,34.4,1.0,2.0,0.7187918772884232,-0.6952253139408722,5,Texas,34.104005616737815,1183.36,1183.36,1163.0831991064845,1173.1777932157809,0.2960002340307423,0.7637690123927182,0.6209566153198397
2024-05-16,27.8,18.3,37.3,30.829704868737778,23.05,1.0,34.4,2.0,3.0,0.7067265555776158,-0.7074868024503348,5,Texas,30.829704868737778,772.84,1183.36,950.4707022934739,857.0657953509102,0.15957103619740742,0.7662368325287783,0.18621219957624222
2024-05-17,30.6,16.7,0.0,30.052721355555555,23.65,0.0,27.8,2.0,2.0,0.6944521021088763,-0.719538934232584,5,Texas,30.052721355555555,936.3600000000001,772.84,903.1660608746649,919.61327348,0.12719672314814812,0.3939923976963446,0.4075604661616757
2024-05-18,35.0,20.0,0.0,37.21635105555562,27.5,0.0,30.6,1.0,2.0,0.6819721490904629,-0.7313781428679254,5,Texas,37.21635105555562,1225.0,936.3600000000001,1385.056785890356,1302.5722869444467,0.4256812939814842,0.4558875869422868,0.774691847920389
2024-05-19,33.9,22.8,0.0,36.03057495519112,28.35,0.0,35.0,1.0,3.0,0.6692903895412567,-0.7430009249440493,5,Texas,36.03057495519112,1149.2099999999998,1225.0,1298.2023316016457,1221.436490980979,0.3762739564662967,0.6830621875946451,0.4659494752023077
2024-05-20,34.4,21.1,0.0,36.32746605479784,27.75,0.0,33.9,2.0,4.0,0.6564105761979381,-0.7544038410927472,5,Texas,36.32746605479784,1183.36,1149.2099999999998,1319.6847899624893,1249.6648322850456,0.3886444189499099,0.5870124148698719,0.524278705441802
2024-05-21,35.0,25.0,0.0,39.64739735793769,30.0,0.0,34.4,3.0,5.0,0.6433365204044917,-0.765583517007675,5,Texas,39.64739735793769,1225.0,1183.36,1571.9161172582046,1387.658907527819,0.5269748899140705,0.6325073553215476,0.658477380702093
2024-05-22,34.4,25.6,0.0,38.9300934206755,30.0,0.0,35.0,3.0,5.0,0.6300720909843687,-0.7765366444428655,5,Texas,38.9300934206755,1183.36,1225.0,1515.5521737425217,1339.195213671237,0.4970872258614791,0.6880063365209559,0.5721796558302157
2024-05-23,33.9,25.6,0.0,37.67863462375107,29.75,0.0,34.4,3.0,5.0,0.6166212130956382,-0.7872599821916922,5,Texas,37.67863462375107,1149.2099999999998,1183.36,1419.679507110133,1277.3057137451613,0.4449431093229614,0.6329941237556277,0.49121605392781925
2024-05-24,35.6,25.0,0.0,42.0162832662044,30.3,0.0,33.9,3.0,6.0,0.6029878670694714,-0.7977503570459932,5,Texas,42.0162832662044,1267.3600000000001,1149.2099999999998,1765.3680595059277,1495.7796842768767,0.6256784694251832,0.4735596152983961,0.6597546522767342
2024-05-25,37.2,26.1,0.0,42.561644085937786,31.650000000000002,0.0,35.6,3.0,7.0,0.5891760872322963,-0.8080046647350754,5,Texas,42.561644085937786,1383.8400000000001,1267.3600000000001,1811.4935472980428,1583.2931599968858,0.6484018369140744,0.49308349258927286,0.6618448068597376
2024-05-26,35.6,25.6,0.0,41.8917068777778,30.6,0.0,37.2,3.0,7.0,0.5751899607119775,-0.8180198708443174,5,Texas,41.8917068777778,1267.3600000000001,1383.8400000000001,1754.9151051336557,1491.3447648488898,0.620487786574075,0.6331281954942902,0.49617701973264355
2024-05-27,37.2,26.1,0.0,42.63741197588451,31.650000000000002,0.0,35.6,3.0,7.0,0.5610336262283677,-0.8277930117131022,5,Texas,42.63741197588451,1383.8400000000001,1267.3600000000001,1817.9489000013,1586.111725502904,0.6515588323285213,0.4935030644595186,0.6609118425688173
2024-05-28,30.6,21.7,5.8,39.36290717779544,26.15,1.0,37.2,3.0,7.0,0.5467112728685939,-0.8373211953118121,5,Texas,39.36290717779544,936.3600000000001,1383.8400000000001,1549.43846148774,1204.5049596405406,0.5151211324081434,0.633622055689153,0.18123029858224504
2024-05-29,33.9,21.1,0.5,34.97482682251561,27.5,1.0,30.6,2.0,6.0,0.5322271388474397,-0.8466016020976267,5,Texas,34.97482682251561,1149.2099999999998,936.3600000000001,1223.2385112649574,1185.646629283279,0.3322844509381504,0.21884666947857265,0.25411128852862397
2024-05-30,33.9,25.0,0.0,37.67863462375107,29.45,0.0,33.9,2.0,6.0,0.5175855102531889,-0.8556314858488706,5,Texas,37.67863462375107,1149.2099999999998,1149.2099999999998,1419.679507110133,1277.3057137451613,0.4449431093229614,0.3742724557401337,0.27419281601096646
2024-05-31,33.3,17.8,37.3,36.343957807751195,25.549999999999997,1.0,33.9,2.0,6.0,0.5027907197793043,-0.8644081744776648,5,Texas,36.343957807751195,1108.8899999999999,1149.2099999999998,1320.883269131599,1210.2537949981147,0.38933157532296647,0.37444446426611344,0.2549833810087203
2024-06-01,33.3,22.2,0.0,37.67863462375107,27.75,0.0,33.3,3.0,6.0,0.4878471454423119,-0.8729290708206411,6,Texas,37.67863462375107,1108.8899999999999,1108.8899999999999,1419.679507110133,1254.6985329709107,0.4449431093229614,0.43322591572950553,0.34615710867650096
2024-06-02,34.4,25.6,0.0,39.554438450015674,30.0,0.0,33.3,3.0,6.0,0.47275920928627757,-0.881191653407483,6,Texas,39.554438450015674,1183.36,1108.8899999999999,1564.5536010960784,1360.672682680539,0.5231016020839864,0.4334186164494702,0.45071841608217605
2024-06-03,35.0,26.7,0.0,40.31313256477118,30.85,0.0,34.4,3.0,6.0,0.4575313760742512,-0.8891934772070711,6,Texas,40.31313256477118,1225.0,1183.36,1625.1486571848145,1410.9596397669914,0.5547138568654658,0.5133752720453432,0.5084174537280903
2024-06-04,36.1,27.2,0.0,43.91276584636458,31.65,0.0,35.0,3.0,6.0,0.44216815196707204,-0.8969321743510065,6,Texas,43.91276584636458,1303.21,1225.0,1928.3310042776434,1585.2508470537614,0.7046985769318574,0.5623350610334589,0.7463931098083978
2024-06-05,33.3,21.1,0.0,42.428369782595546,27.2,0.0,36.1,3.0,7.0,0.42667408318992467,-0.9044054548343001,6,Texas,42.428369782595546,1108.8899999999999,1303.21,1800.1665624086668,1412.8647137604316,0.642848740941481,0.5361718925046144,0.36898015900473574
2024-06-06,37.2,21.7,0.0,40.50424907331573,29.450000000000003,0.0,33.3,3.0,7.0,0.4110537546870351,-0.9116111071930239,6,Texas,40.50424907331573,1383.8400000000001,1108.8899999999999,1640.5941929931978,1506.7580655273453,0.5626770447214886,0.34179814168083555,0.5920429941587053
2024-06-07,36.7,21.7,0.0,39.03336019249782,29.200000000000003,0.0,37.2,3.0,7.0,0.3953117887649151,-0.9185469991587165,6,Texas,39.03336019249782,1346.89,1383.8400000000001,1523.6032079172733,1432.52431906467,0.5013900080207424,0.6361085578695073,0.4804368165206172
2024-06-08,36.7,23.9,0.0,39.386496818595646,30.3,0.0,36.7,3.0,7.0,0.37945284372454435,-0.925211078289358,6,Texas,39.386496818595646,1346.89,1346.89,1551.296131641245,1445.4844332424602,0.5161040341081519,0.5894574174237207,0.47883889757382064
2024-06-09,36.1,23.3,0.0,38.03229269063124,29.700000000000003,0.0,36.7,3.0,7.0,0.36348161248290634,-0.9316013725767187,6,Texas,38.03229269063124,1303.21,1346.89,1446.4552873058421,1372.9657661317876,0.4596788621096349,0.589694465717972,0.3960032600179797
2024-06-10,36.1,25.6,0.0,37.21635105555562,30.85,0.0,36.1,3.0,7.0,0.3474028211842774,-0.9377159910299093,6,Texas,37.21635105555562,1303.21,1303.21,1385.056785890356,1343.5102731055579,0.4256812939814842,0.5372891532599131,0.36153059295448847
2024-06-11,35.6,23.3,5.8,36.91070788641558,29.450000000000003,1.0,36.1,3.0,7.0,0.3312212278016865,-0.9435531242349544,6,Texas,36.91070788641558,1267.3600000000001,1303.21,1362.4003566763013,1314.0212007563946,0.4129461619339825,0.5375116246713485,0.34310528091930304
2024-06-12,33.9,23.3,0.0,36.45781422883556,28.6,0.0,35.6,3.0,7.0,0.31494162072895193,-0.9491110448902284,6,Texas,36.45781422883556,1149.2099999999998,1267.3600000000001,1329.1722183442846,1235.9199023575254,0.3940755928681483,0.49688796462763307,0.23953322099079918
2024-06-13,36.1,24.4,0.0,39.03336019249782,30.25,0.0,33.9,3.0,7.0,0.2985688173637202,-0.9543881083175908,6,Texas,39.03336019249782,1303.21,1149.2099999999998,1523.6032079172733,1409.1043029491711,0.5013900080207424,0.37807732058733234,0.4241121270964579
2024-06-14,36.7,25.6,0.0,37.71805098215121,31.150000000000002,0.0,36.1,3.0,7.0,0.2821076626819194,-0.9593827529490743,6,Texas,37.71805098215121,1346.89,1303.21,1422.651369892158,1384.2524710449495,0.4465854575896338,0.5381758843770112,0.40914730629337176
2024-06-15,36.7,25.0,0.0,37.405549098975634,30.85,0.0,36.7,3.0,7.0,0.26556302780405594,-0.9640935007889755,6,Texas,37.405549098975634,1346.89,1346.89,1399.175103395877,1372.783651932406,0.4335645457906514,0.5911063749931265,0.40032672600569175
2024-06-16,36.7,25.0,0.0,38.657691714051126,30.85,0.0,36.7,3.0,7.0,0.24893980855376657,-0.9685189578512204,6,Texas,38.657691714051126,1346.89,1346.89,1494.417128658617,1418.7372859056763,0.48573715475213025,0.5913393085529061,0.4369275010377162
2024-06-17,36.7,25.6,0.0,40.50424907331573,31.150000000000002,0.0,36.7,3.0,7.0,0.23224292400907015,-0.9726578145718654,6,Texas,40.50424907331573,1346.89,1346.89,1640.5941929931978,1486.5059409906873,0.5626770447214886,0.5915713746356132,0.4950668067709356
2024-06-18,36.1,23.9,0.0,36.40425372780442,30.0,0.0,36.7,3.0,7.0,0.21547731504673012,-0.976508846196619,6,Texas,36.40425372780442,1303.21,1346.89,1325.2696894783617,1314.1935595737395,0.39184390532518404,0.5918025038593019,0.33930611394138543
2024-06-19,28.3,23.3,31.8,34.48873600083557,25.8,1.0,36.1,3.0,7.0,0.19864794288017112,-0.9800709131432666,6,Texas,34.48873600083557,800.89,1303.21,1189.4729109353318,976.0312288236468,0.3120306667014822,0.5392685141704952,0.07088944801428124
2024-06-20,32.8,23.9,7.9,36.931999601315574,28.349999999999998,1.0,28.3,2.0,6.0,0.18175978759137534,-0.9833429613388902,6,Texas,36.931999601315574,1075.84,800.89,1363.9725945515738,1211.3695869231508,0.41383331672148227,0.1541108850949788,0.2158987424886207
2024-06-21,33.9,24.4,0.0,36.60358037643559,29.15,0.0,32.8,2.0,6.0,0.16481784665719793,-0.9863240225317866,6,Texas,36.60358037643559,1149.2099999999998,1075.84,1339.8220963741803,1240.8613747611664,0.40014918235148283,0.3160451365632012,0.2377564581262598
2024-06-22,35.0,23.9,0.0,36.98420724259553,29.45,0.0,33.9,2.0,6.0,0.14782713347053048,-0.9890132145779883,6,Texas,36.98420724259553,1225.0,1149.2099999999998,1367.8315853632557,1294.4472534908437,0.4160086351081471,0.37819017003542366,0.29676651628326517
2024-06-23,35.6,23.9,0.0,36.03057495519112,29.75,0.0,35.0,3.0,6.0,0.13079267585675922,-0.9914097417023038,6,Texas,36.03057495519112,1267.3600000000001,1225.0,1298.2023316016457,1282.6884684048039,0.3762739564662967,0.5666448637761823,0.4050427939333836
2024-06-24,36.1,25.6,0.0,39.181918055555634,30.85,0.0,35.6,3.0,6.0,0.11371951458594969,-0.9935128947338007,6,Texas,39.181918055555634,1303.21,1267.3600000000001,1535.2227025122766,1414.4672418055584,0.5075799189814848,0.6196297418202001,0.5259058434571647
2024-06-25,36.7,26.7,0.0,41.24134715060444,31.700000000000003,0.0,36.1,3.0,6.0,0.0966127018812031,-0.9953220513156602,6,Texas,41.24134715060444,1346.89,1303.21,1700.848714796669,1513.557440427183,0.5933894646085184,0.6667016958033886,0.645388282352508
2024-06-26,36.1,26.1,0.0,41.24134715060444,31.1,0.0,36.7,3.0,6.0,0.07947729992362097,-0.9968366760893436,6,Texas,41.24134715060444,1303.21,1346.89,1700.848714796669,1488.8126321368204,0.5933894646085184,0.7265115959433563,0.594969179491565
2024-06-27,37.8,25.6,0.0,41.36938992655783,31.7,0.0,36.1,3.0,7.0,0.062318379354325076,-0.998056320853012,6,Texas,41.36938992655783,1428.8399999999997,1303.21,1711.4264228955844,1563.762939223886,0.5987245802732429,0.5409610509006083,0.6095293305887248
2024-06-28,37.8,26.1,0.0,42.061673780284465,31.95,0.0,37.8,3.0,7.0,0.04514101777397193,-0.9989806246941579,6,Texas,42.061673780284465,1428.8399999999997,1428.8399999999997,1769.1844011990697,1589.9312688947527,0.627569740845186,0.7012882359724987,0.6274593493662542
2024-06-29,38.3,27.2,0.0,41.24134715060444,32.75,0.0,37.8,3.0,7.0,0.02795029824021032,-0.999609314096404,6,Texas,41.24134715060444,1466.8899999999999,1428.8399999999997,1700.848714796669,1579.5435958681499,0.5933894646085184,0.7015258506242276,0.6264748798817851
2024-06-30,37.8,26.1,0.0,41.68489202643561,31.95,0.0,38.3,3.0,7.0,0.01075130776352193,-0.9999422030204416,6,Texas,41.68489202643561,1428.8399999999997,1466.8899999999999,1737.6302232555954,1575.6889185992661,0.6118705011014839,0.754766043573894,0.6072484167363809
2024-07-01,38.3,25.0,0.0,39.77861343452447,31.65,0.0,37.8,3.0,7.0,-0.00645086419810515,-0.9999791929590823,7,Texas,39.77861343452447,1466.8899999999999,1428.8399999999997,1582.3380867733308,1523.5208945422871,0.5324422264385197,0.7019952221769312,0.5805301873066213
2024-07-02,38.9,25.0,0.0,40.67742350623117,31.95,0.0,38.3,3.0,7.0,-0.023651127245231586,-0.9997202729664083,7,Texas,40.67742350623117,1513.2099999999998,1466.8899999999999,1654.6527831052883,1582.3517743923926,0.5698926460929655,0.755247987335691,0.6663238887587682
2024-07-03,38.3,25.6,0.0,40.8420562768711,31.95,0.0,38.9,3.0,7.0,-0.04084439154329611,-0.9991655196610109,7,Texas,40.8420562768711,1466.8899999999999,1513.2099999999998,1668.0735609231058,1564.2507554041629,0.5767523448696291,0.8223422933229418,0.6131896433769327
2024-07-04,38.3,26.1,0.0,40.50584813923555,32.2,0.0,38.3,3.0,7.0,-0.05802556932878035,-0.9983150972033183,7,Texas,40.50584813923555,1466.8899999999999,1466.8899999999999,1640.7237334788124,1551.3739837327216,0.562743672468148,0.7557210440659043,0.5975173104495715
2024-07-05,38.3,25.6,0.0,39.386496818595646,31.95,0.0,38.3,3.0,7.0,-0.07518957641475855,-0.9971692572470178,7,Texas,39.386496818595646,1466.8899999999999,1466.8899999999999,1551.296131641245,1508.5028281522132,0.5161040341081519,0.7559540618835754,0.5562411574131806
2024-07-06,37.2,23.9,8.6,40.19811777359115,30.55,1.0,38.3,3.0,7.0,-0.09233133369539122,-0.9957283388645872,7,Texas,40.19811777359115,1383.8400000000001,1466.8899999999999,1615.8886725395048,1495.369981177591,0.5499215738996313,0.7561846457878567,0.5207127038216792
2024-07-07,35.0,23.3,0.0,37.84634757387565,29.15,0.0,37.2,3.0,7.0,-0.10944576864891556,-0.993992768446958,7,Texas,37.84634757387565,1225.0,1383.8400000000001,1432.346024682603,1324.6221650856476,0.4519311489114853,0.6431262253515945,0.30119137412208163
2024-07-08,35.6,25.6,0.0,36.92080481111116,30.6,0.0,35.0,3.0,7.0,-0.12652781683868314,-0.9919630595773397,7,Texas,36.92080481111116,1267.3600000000001,1225.0,1363.145827900169,1314.3806512755573,0.4133668671296317,0.45623424473487595,0.30695499628892847
2024-07-09,36.7,23.3,0.0,37.841399013624454,30.0,0.0,35.6,3.0,7.0,-0.1435724234118113,-0.9896398128792412,7,Texas,37.841399013624454,1346.89,1267.3600000000001,1431.9714793083378,1388.7793438000176,0.4517249589010189,0.502172396041171,0.4073837308568917
2024-07-10,37.8,24.4,0.0,36.45781422883556,31.099999999999998,0.0,36.7,3.0,7.0,-0.16057454459499376,-0.9870237158387383,7,Texas,36.45781422883556,1428.8399999999997,1346.89,1329.1722183442846,1378.105377849984,0.3940755928681483,0.5965139424551125,0.431276471917235
2024-07-11,37.8,22.8,0.0,36.573461917715555,30.299999999999997,0.0,37.8,3.0,7.0,-0.17752914918703497,-0.984115542601034,7,Texas,36.573461917715555,1428.8399999999997,1428.8399999999997,1337.61811664659,1382.4768604896478,0.3988942465714815,0.7042069513680398,0.44009872293481506
2024-07-12,33.9,23.3,0.0,34.73444154748442,28.6,0.0,37.8,3.0,7.0,-0.19443122004766195,-0.9809161537413774,7,Texas,34.73444154748442,1149.2099999999998,1428.8399999999997,1206.4814296156121,1177.4975684597218,0.32226839781185096,0.7044141447601682,0.1929829248666494
2024-07-13,34.4,23.3,0.0,37.05415802092446,28.85,0.0,33.9,3.0,7.0,-0.2112757555821793,-0.9774264960104055,7,Texas,37.05415802092446,1183.36,1149.2099999999998,1373.0106266396406,1274.6630359198014,0.41892325087185256,0.3827750367945354,0.2608387661058555
2024-07-14,35.6,25.6,0.0,36.92080481111116,30.6,0.0,34.4,3.0,7.0,-0.2280577712215198,-0.9736476020539838,7,Texas,36.92080481111116,1267.3600000000001,1183.36,1363.145827900169,1314.3806512755573,0.4133668671296317,0.4151537389568778,0.30703949463562835
2024-07-15,37.8,24.4,0.0,40.08503163468442,31.099999999999998,0.0,35.6,3.0,7.0,-0.24477230089725957,-0.9695805901076308,7,Texas,40.08503163468442,1428.8399999999997,1267.3600000000001,1606.8097611536507,1515.214195791071,0.5452096514451842,0.503177278744411,0.5571463111268983
2024-07-16,38.3,23.9,0.0,40.08503163468442,31.099999999999998,0.0,37.8,3.0,7.0,-0.2614143985111562,-0.965226663665613,7,Texas,40.08503163468442,1466.8899999999999,1428.8399999999997,1606.8097611536507,1535.256711608413,0.5452096514451842,0.7052143154191223,0.592976883462754
2024-07-17,38.3,25.0,0.0,39.12359551698453,31.65,0.0,38.3,3.0,7.0,-0.2779791393987801,-0.9605871111248129,7,Texas,39.12359551698453,1466.8899999999999,1466.8899999999999,1530.655726176612,1498.4337083005073,0.5051498132076887,0.7585411605177584,0.5458936781057672
2024-07-18,36.7,22.8,16.3,38.99620826783118,29.75,1.0,38.3,3.0,7.0,-0.2944616217868012,-0.9556633054034704,7,Texas,38.99620826783118,1346.89,1466.8899999999999,1520.7042592680648,1431.1608434294044,0.49984201115963245,0.7587373557166882,0.44437147382490805
2024-07-19,36.7,23.9,0.0,36.92080481111116,30.3,0.0,36.7,3.0,7.0,-0.3108569682435036,-0.9504567035349151,7,Texas,36.92080481111116,1346.89,1346.89,1363.145827900169,1354.9935365677798,0.4133668671296317,0.5981408691987826,0.3725232931202018
2024-07-20,36.7,24.4,0.0,36.8336682331378,30.55,0.0,36.7,3.0,7.0,-0.3271603271220951,-0.9449688462364056,7,Texas,36.8336682331378,1346.89,1346.89,1356.7191155088647,1351.7956241561574,0.40973617638074167,0.5983077423984726,0.3674962608125636
2024-07-21,36.7,23.3,15.7,38.657691714051126,30.0,1.0,36.7,3.0,7.0,-0.34336687399638804,-0.939201357453208,7,Texas,38.657691714051126,1346.89,1346.89,1494.417128658617,1418.7372859056763,0.48573715475213025,0.598471643479558,0.4360848536255248
2024-07-22,31.1,23.9,7.1,34.722588831484536,27.5,1.0,36.7,3.0,7.0,-0.3594718130884232,-0.9331559438780432,7,Texas,34.722588831484536,967.21,1346.89,1205.6581751603346,1079.8725126591692,0.321774534645189,0.5986325224179398,0.11601226073077803
2024-07-23,27.2,22.8,26.4,29.926185775235595,25.0,1.0,31.1,2.0,6.0,-0.3754703786876202,-0.9268343944460494,7,Texas,29.926185775235595,739.8399999999999,967.21,895.5765950539133,813.9922530864081,0.12192440730148313,0.24300625629112146,0.04335088093264024
2024-07-24,33.3,23.3,0.0,34.73444154748442,28.299999999999997,0.0,27.2,1.0,5.0,-0.3913578365610259,-0.9202385798054075,7,Texas,34.73444154748442,1108.8899999999999,739.8399999999999,1206.4814296156121,1156.6569035312311,0.32226839781185096,0.13177922719088495,0.1914189457086534
2024-07-25,32.8,23.3,0.3,35.24517878083567,28.049999999999997,1.0,33.3,1.0,5.0,-0.4071294853542516,-0.9133704517637858,7,Texas,35.24517878083567,1075.84,1108.8899999999999,1242.222627293069,1156.0418640114099,0.343549115868153,0.3460091869020534,0.17521513748992992
2024-07-26,31.1,23.3,0.0,33.34978949943118,27.200000000000003,0.0,32.8,2.0,5.0,-0.4227806579826773,-0.9062320427107697,7,Texas,33.34978949943118,967.21,1075.84,1112.2084596563702,1037.1784534323099,0.26457456247629924,0.4082054825201123,0.15163525937863573
2024-07-27,30.0,23.3,0.0,32.25745578348452,26.65,0.0,31.1,2.0,4.0,-0.4383067230125192,-0.898825465016444,7,Texas,32.25745578348452,900.0,967.21,1040.5434536234586,967.7236735045356,0.2190606576451882,0.40022527637458194,0.1638035396232367
2024-07-28,31.7,25.0,2.5,35.21891191607106,28.35,1.0,30.0,1.0,3.0,-0.45370308603134424,-0.8911529104063088,7,Texas,35.21891191607106,1004.89,900.0,1240.3717565519719,1116.4395077394524,0.3424546631696274,0.3390724972815192,0.27264826098463335
2024-07-29,36.1,26.1,0.0,40.12194125900458,31.1,0.0,31.7,0.0,2.0,-0.46896519100763184,-0.8832166493127127,7,Texas,40.12194125900458,1303.21,1004.89,1609.770170391014,1448.4020794500655,0.5467475524585241,0.43432539089094224,0.7044095437399785
2024-07-30,35.6,26.1,0.0,39.9103602111111,30.85,0.0,36.1,1.0,3.0,-0.48408852163897587,-0.8750190302029955,7,Texas,39.9103602111111,1267.3600000000001,1303.21,1592.8368521806399,1420.808823515555,0.5379316754629624,0.8103855690763185,0.6331684371241472
2024-07-31,35.6,25.6,0.0,39.386496818595646,30.6,0.0,35.6,2.0,4.0,-0.4990686026885319,-0.8665624788845385,7,Texas,39.386496818595646,1267.3600000000001,1267.3600000000001,1551.296131641245,1402.159286742005,0.5161040341081519,0.7610083015875193,0.6182016821550774
2024-08-01,36.7,24.4,0.0,38.99620826783118,30.55,0.0,35.6,3.0,4.0,-0.5139010013093103,-0.8578494977869301,8,Texas,38.99620826783118,1346.89,1267.3600000000001,1520.7042592680648,1431.1608434294044,0.49984201115963245,0.9118018147026525,0.8551742363189561
2024-08-02,37.8,24.4,0.0,40.8420562768711,31.099999999999998,0.0,36.7,3.0,4.0,-0.5285813283559292,-0.8488826652214553,8,Texas,40.8420562768711,1428.8399999999997,1346.89,1668.0735609231058,1543.8297272657273,0.5767523448696291,1.0,1.0
2024-08-03,37.8,24.4,0.0,40.57779183609559,31.099999999999998,0.0,37.8,3.0,5.0,-0.5431052396834317,-0.8396646346181327,8,Texas,40.57779183609559,1428.8399999999997,1428.8399999999997,1646.5571902935062,1533.8405314044132,0.565741326503983,1.0,0.8629954430012606
2024-08-04,36.7,22.2,24.1,40.50424907331573,29.450000000000003,1.0,37.8,3.0,6.0,-0.5574684374327892,-0.8301981337405212,8,Texas,40.50424907331573,1346.89,1428.8399999999997,1640.5941929931978,1486.5059409906873,0.5626770447214886,0.8526782365349229,0.6434366475327385
2024-08-05,36.1,23.3,0.0,37.11873875340457,29.700000000000003,0.0,36.7,3.0,7.0,-0.5716666713027052,-0.8204859638785327,8,Texas,37.11873875340457,1303.21,1346.89,1377.8007666434983,1339.9864689979051,0.42161411472519045,0.6005417270415537,0.34834577785391446
2024-08-06,36.7,24.4,0.0,39.12359551698453,30.55,0.0,36.1,3.0,7.0,-0.5856957398073508,-0.8105309990194823,8,Texas,39.12359551698453,1346.89,1303.21,1530.655726176612,1435.8359554733324,0.5051498132076887,0.5473919171328795,0.44198724266080136
2024-08-07,38.9,24.4,0.0,41.89030390441778,31.65,0.0,36.7,3.0,7.0,-0.5995514915196489,-0.8003361849976323,8,Texas,41.89030390441778,1513.2099999999998,1346.89,1754.7975612044793,1629.5328218818515,0.6204293293507407,0.6007584222662958,0.731787396597583
2024-08-08,38.3,25.0,0.0,40.19811777359115,31.65,0.0,38.9,3.0,7.0,-0.6132298262997502,-0.7899045386224707,8,Texas,40.19811777359115,1466.8899999999999,1513.2099999999998,1615.8886725395048,1539.587910728541,0.5499215738996313,0.8291072683154349,0.5927319748841917
2024-08-09,37.2,24.4,0.0,41.78131395451558,30.8,0.0,38.3,3.0,7.0,-0.6267266965083301,-0.7792391467859886,8,Texas,41.78131395451558,1383.8400000000001,1466.8899999999999,1745.6781957657986,1554.2648791079798,0.6158880814381492,0.7621320078130229,0.5728055309781783
2024-08-10,37.2,24.4,0.0,41.78131395451558,30.8,0.0,37.2,3.0,7.0,-0.6400381082043503,-0.7683431655492202,8,Texas,41.78131395451558,1383.8400000000001,1383.8400000000001,1745.6781957657986,1554.2648791079798,0.6158880814381492,0.6484910100192377,0.5782018428776381
2024-08-11,37.2,25.6,0.0,40.19811777359115,31.400000000000002,0.0,37.2,3.0,7.0,-0.65316012232693,-0.7572198192083127,8,Texas,40.19811777359115,1383.8400000000001,1383.8400000000001,1615.8886725395048,1495.369981177591,0.5499215738996313,0.6485866048585481,0.5086832905050457
2024-08-12,37.8,24.4,0.0,41.68489202643561,31.099999999999998,0.0,37.2,3.0,7.0,-0.666088855860977,-0.7458723993404063,8,Texas,41.68489202643561,1428.8399999999997,1383.8400000000001,1737.6302232555954,1575.6889185992661,0.6118705011014839,0.6486781817627087,0.627096567457059
2024-08-13,37.8,25.6,0.0,40.50424907331573,31.7,0.0,37.8,3.0,7.0,-0.6788204829862355,-0.734304263829602,8,Texas,40.50424907331573,1428.8399999999997,1428.8399999999997,1640.5941929931978,1531.0606149713344,0.5626770447214886,0.7092681934993639,0.5681242842630521
2024-08-14,38.3,25.0,0.0,40.57779183609559,31.65,0.0,37.8,3.0,7.0,-0.6913512362094071,-0.722518835873311,8,Texas,40.57779183609559,1466.8899999999999,1428.8399999999997,1646.5571902935062,1554.129427322461,0.565741326503983,0.7093557232112664,0.6186311730293608
2024-08-15,38.9,26.1,0.0,40.50584813923555,32.5,0.0,38.3,3.0,7.0,-0.7036774074790128,-0.7105196029692745,8,Texas,40.50584813923555,1513.2099999999998,1466.8899999999999,1640.7237334788124,1575.677492616263,0.562743672468148,0.762715033371442,0.6588428134793654
2024-08-16,38.3,26.1,0.0,41.28011848668453,32.2,0.0,38.9,3.0,7.0,-0.7157953492826642,-0.6983101158835584,8,Texas,41.28011848668453,1466.8899999999999,1513.2099999999998,1704.0481822747138,1581.0285380400173,0.5950049369451887,0.8299114605571978,0.6379008334669625
2024-08-17,38.3,25.0,0.0,40.50584813923555,31.65,0.0,38.3,3.0,7.0,-0.7277014757264236,-0.6858939875998223,8,Texas,40.50584813923555,1466.8899999999999,1466.8899999999999,1640.7237334788124,1551.3739837327216,0.562743672468148,0.7628738594019016,0.6169960039410783
2024-08-18,38.9,26.1,0.0,40.7030049336245,32.5,0.0,38.3,3.0,7.0,-0.7393922635959241,-0.673274892250183,8,Texas,40.7030049336245,1513.2099999999998,1466.8899999999999,1656.7346106266602,1583.346891917993,0.5709585389010208,0.7629464970246636,0.6709575676349708
2024-08-19,40.0,24.4,0.0,41.08405285555559,32.2,0.0,38.9,3.0,7.0,-0.7508642533989489,-0.6604565640279754,8,Texas,41.08405285555559,1600.0,1513.2099999999998,1687.8993990380854,1643.3621142222237,0.5868355356481496,0.8301369356832001,0.799448914537047
2024-08-20,41.1,26.1,0.0,42.128902611884484,33.6,0.0,40.0,3.0,7.0,-0.7621140503891487,-0.6474427960827475,8,Texas,42.128902611884484,1689.21,1600.0,1774.8444352816473,1731.4978973484524,0.6303709421618535,0.9609582589602613,0.9325925161938105
2024-08-21,42.8,26.1,0.0,43.84844106103113,34.45,0.0,41.1,3.0,7.0,-0.7731383255706026,-0.6342374393978054,8,Texas,43.84844106103113,1831.8399999999997,1689.21,1922.685783482721,1876.7132774121324,0.7020183775429638,1.0,1.0
2024-08-22,41.7,26.1,0.0,44.83479492223117,33.900000000000006,0.0,42.8,3.0,7.0,-0.7839338166829201,-0.620844401650647,8,Texas,44.83479492223117,1738.8900000000003,1831.8399999999997,2010.1588357185258,1869.6109482570398,0.7431164550929653,1.0,1.0
2024-08-23,38.9,26.1,0.0,43.18750889957115,32.5,0.0,41.7,3.0,7.0,-0.7944973291665992,-0.6072676460566135,8,Texas,43.18750889957115,1513.2099999999998,1738.8900000000003,1865.1609249505373,1679.9940961933175,0.6744795374821312,1.0,0.7765091614943175
2024-08-24,37.2,25.0,0.0,38.49010247777784,31.1,0.0,38.9,3.0,7.0,-0.8048257371083452,-0.593511190196115,8,Texas,38.49010247777784,1383.8400000000001,1513.2099999999998,1481.4879887498398,1431.8318121733357,0.47875426990740994,0.8304179561218864,0.4607961307304952
2024-08-25,37.2,24.4,0.0,37.598498363004396,30.8,0.0,37.2,3.0,7.0,-0.8149159841660791,-0.5795791048257612,8,Texas,37.598498363004396,1383.8400000000001,1383.8400000000001,1413.6470791528443,1398.6641391037635,0.4416040984585165,0.649491989517432,0.4434827484490438
2024-08-26,33.9,23.9,0.3,34.97482682251561,28.9,1.0,37.2,3.0,7.0,-0.8247650844733614,-0.5654755126737576,8,Texas,34.97482682251561,1149.2099999999998,1383.8400000000001,1223.2385112649574,1185.646629283279,0.3322844509381504,0.6495249411123841,0.21445079156219782
2024-08-27,33.3,22.8,13.7,34.3537671678578,28.049999999999997,1.0,33.9,3.0,7.0,-0.8343701235229538,-0.5512045872199277,8,Texas,34.3537671678578,1108.8899999999999,1149.2099999999998,1180.1813186233842,1143.9804466896646,0.3064069653274082,0.3864248585898598,0.19374617341105044
2024-08-28,36.1,23.3,0.3,36.60358037643559,29.700000000000003,1.0,33.3,3.0,7.0,-0.8437282590292712,-0.5367705514607103,8,Texas,36.60358037643559,1303.21,1108.8899999999999,1339.8220963741803,1321.3892515893247,0.40014918235148283,0.3506547342041753,0.3743543280100774
2024-08-29,34.4,22.8,0.0,35.513380247404434,28.6,0.0,36.1,3.0,7.0,-0.8528367217694595,-0.522177676659508,8,Texas,35.513380247404434,1183.36,1303.21,1261.2001765967354,1221.6602805107125,0.35472417697518477,0.5487708583571247,0.24735437432130894
2024-08-30,34.4,23.9,0.0,35.889603247484416,29.15,0.0,34.4,3.0,7.0,-0.8616928164028522,-0.5074302810827518,8,Texas,35.889603247484416,1183.36,1183.36,1288.063621261844,1234.6023517134638,0.3704001353118507,0.41893950173672967,0.2547329911011341
2024-08-31,35.6,23.9,0.0,36.98420724259553,29.75,0.0,34.4,3.0,7.0,-0.8702939222685674,-0.49253272872205434,8,Texas,36.98420724259553,1267.3600000000001,1183.36,1367.8315853632557,1316.637777836401,0.4160086351081471,0.4189479555962114,0.34220034637568486
2024-09-01,35.0,24.4,0.0,37.598498363004396,29.7,0.0,35.6,3.0,7.0,-0.8786374941610001,-0.4774894280028391,9,Texas,37.598498363004396,1225.0,1267.3600000000001,1413.6470791528443,1315.947442705154,0.4416040984585165,0.5073820438500809,0.3181987516432529
2024-09-02,33.3,25.0,0.0,36.03057495519112,29.15,0.0,35.0,3.0,7.0,-0.886721063082993,-0.46230483047981086,9,Texas,36.03057495519112,1108.8899999999999,1225.0,1298.2023316016457,1199.8181460078642,0.3762739564662967,0.46126885387446387,0.20796439932109023
2024-09-03,31.1,23.3,8.4,33.85445181291555,27.200000000000003,1.0,33.3,3.0,7.0,-0.8945422369764496,-0.4469834295196741,9,Texas,33.85445181291555,967.21,1108.8899999999999,1146.123907553021,1052.8734513816737,0.2856021588714812,0.350690430280862,0.12671128535232304
2024-09-04,32.2,23.3,0.0,35.55203763279115,27.75,0.0,31.1,2.0,6.0,-0.9020987014301837,-0.43152975897147144,9,Texas,35.55203763279115,1036.8400000000001,967.21,1263.947379843398,1144.775611775875,0.3563349013662978,0.24468336647426356,0.1763686051094286
2024-09-05,31.7,23.9,1.0,34.24562740051562,27.799999999999997,1.0,32.2,2.0,6.0,-0.9093882203647925,-0.4159483918249421,9,Texas,34.24562740051562,1004.89,1036.8400000000001,1172.7629960549464,1085.5863885963452,0.30190114168815096,0.2922469069170131,0.14764884499058917
2024-09-06,33.3,23.3,0.0,33.89808742945776,28.299999999999997,0.0,31.7,1.0,5.0,-0.9164086366943458,-0.4002439388573056,9,Texas,33.89808742945776,1108.8899999999999,1004.89,1149.0803313751621,1128.8063114009433,0.28742030956074,0.2684618439367179,0.19328091755067905
2024-09-07,32.8,21.7,0.0,31.846529894604444,27.25,0.0,33.3,2.0,5.0,-0.9231578729647039,-0.38442104726885545,9,Texas,31.846529894604444,1075.84,1108.8899999999999,1014.2014663279346,1044.5661805430257,0.20193874560851852,0.4432698994520532,0.21637168091963294
2024-09-08,31.1,18.9,0.0,28.826934755555587,25.0,0.0,32.8,2.0,5.0,-0.9296339319682695,-0.3684843993077793,9,Texas,28.826934755555587,967.21,1075.84,830.9921674010586,896.5176708977788,0.07612228148148281,0.4103762154222002,0.14164517296408616
2024-09-09,32.2,15.6,0.0,29.80980657513561,23.900000000000002,0.0,31.1,2.0,4.0,-0.9358348973349941,-0.35243871088460327,9,Texas,29.80980657513561,1036.8400000000001,967.21,888.6245680469982,959.8757717193668,0.11707527396398376,0.40223363573183885,0.2704184412926447
2024-09-10,33.9,17.8,0.0,33.416860450984544,25.85,0.0,32.2,2.0,4.0,-0.9417589340994617,-0.33628873017668287,9,Texas,33.416860450984544,1149.2099999999998,1036.8400000000001,1116.686562400575,1132.831569288376,0.26736918545768934,0.47275124196000967,0.4189464483292937
2024-09-11,32.8,23.3,0.0,33.16821562719118,28.049999999999997,0.0,33.9,2.0,5.0,-0.9474042892438845,-0.32003923622313857,9,Texas,33.16821562719118,1075.84,1149.2099999999998,1100.1305278918492,1087.9174725718706,0.2570089844662992,0.4858379810188933,0.2317575352224649
2024-09-12,34.4,21.7,0.0,34.77222676805112,28.049999999999997,0.0,32.8,3.0,5.0,-0.9527692922168511,-0.30369503751065885,9,Texas,34.77222676805112,1183.36,1075.84,1209.1077544087707,1196.1646008209584,0.32384278200212996,0.5176181867783113,0.4648007184783387
2024-09-13,37.2,20.6,0.0,40.457938586435525,28.900000000000002,0.0,34.4,3.0,6.0,-0.9578523554276669,-0.28726097055059635,9,Texas,40.457938586435525,1383.8400000000001,1183.36,1636.8447946637884,1505.0353154154016,0.5607474411014802,0.5258642603755476,0.7607129719597683
2024-09-14,37.2,23.9,0.0,40.457938586435525,30.55,0.0,37.2,3.0,6.0,-0.9626519747161487,-0.2707418984477642,9,Texas,40.457938586435525,1383.8400000000001,1383.8400000000001,1636.8447946637884,1505.0353154154016,0.5607474411014802,0.788331538241229,0.725411623396156
2024-09-15,37.8,25.0,0.0,38.388657956195566,31.4,0.0,37.2,3.0,6.0,-0.9671667297977312,-0.2541427094613622,9,Texas,38.388657956195566,1428.8399999999997,1383.8400000000001,1473.689059677777,1451.0912707441923,0.4745274148414819,0.7882728543500681,0.6874135864857085
2024-09-16,36.7,23.3,0.0,37.71805098215121,30.0,0.0,37.8,3.0,7.0,-0.97139528468375,-0.23746831555846842,9,Texas,37.71805098215121,1346.89,1428.8399999999997,1422.651369892158,1384.2524710449495,0.4465854575896338,0.709743018582793,0.45127299206852495
2024-09-17,36.7,23.3,0.0,38.011235686504506,30.0,0.0,36.7,3.0,7.0,-0.9753363880767837,-0.2207236509605022,9,Texas,38.011235686504506,1346.89,1346.89,1444.8540384149937,1395.0123496947156,0.45880148693768774,0.6016921577456521,0.4664971863638222
2024-09-18,37.2,24.4,0.0,40.19811777359115,30.8,0.0,36.7,3.0,7.0,-0.9789888737409319,-0.20391367068311472,9,Texas,40.19811777359115,1383.8400000000001,1346.89,1615.8886725395048,1495.369981177591,0.5499215738996313,0.6016290749548883,0.5786977830778942
2024-09-19,37.2,25.6,0.0,39.70381845540449,31.400000000000002,0.0,37.2,3.0,7.0,-0.9823516608469237,-0.18704334906991657,9,Texas,39.70381845540449,1383.8400000000001,1383.8400000000001,1576.393199939718,1476.982046541047,0.529325768975187,0.6490206180718835,0.5513887389686153
2024-09-20,37.2,25.0,0.0,38.78692140841783,31.1,0.0,37.2,3.0,7.0,-0.9854237542919524,-0.17011767832049052,9,Texas,38.78692140841783,1383.8400000000001,1383.8400000000001,1504.4252723427817,1442.8734763931434,0.491121725350743,0.6489463402764759,0.5239031007504377
2024-09-21,36.7,25.0,0.0,37.11873875340457,30.85,0.0,37.2,3.0,7.0,-0.9882042449941422,-0.15314166701312007,9,Texas,37.11873875340457,1346.89,1383.8400000000001,1377.8007666434983,1362.2577122499479,0.42161411472519045,0.6488679342649306,0.4342630140580743
2024-09-22,36.7,24.4,0.0,36.8336682331378,30.55,0.0,36.7,3.0,7.0,-0.9906923101615609,-0.13612033862266704,9,Texas,36.8336682331378,1346.89,1346.89,1356.7191155088647,1351.7956241561574,0.40973617638074167,0.6013370524462986,0.43311291339053987
2024-09-23,33.9,24.4,0.0,35.616047560835526,29.15,0.0,36.7,3.0,7.0,-0.9928872135356962,-0.11905873003404988,9,Texas,35.616047560835526,1149.2099999999998,1346.89,1268.5028438556983,1207.3840123123243,0.35900198170148023,0.6012542363803577,0.24704125983579547
2024-09-24,35.0,23.3,0.0,36.40425372780442,29.15,0.0,33.9,3.0,7.0,-0.994788305609327,-0.10196189005174576,9,Texas,36.40425372780442,1225.0,1149.2099999999998,1325.2696894783617,1274.1488804731546,0.39184390532518404,0.38576306836944896,0.33288298476852435
2024-09-25,35.0,21.7,0.0,35.77663859119783,28.35,0.0,35.0,3.0,7.0,-0.9963950238187231,-0.08483487790576538,9,Texas,35.77663859119783,1225.0,1225.0,1279.967868885186,1252.182350691924,0.3656932746332429,0.4603721511598434,0.32476059656976203
2024-09-26,31.7,17.8,0.0,30.097442011117867,24.75,0.0,35.0,3.0,7.0,-0.9977068927101168,-0.06768276175455162,9,Texas,30.097442011117867,1004.89,1225.0,905.8560156126027,954.0889117524364,0.12906008379657777,0.46029325722957626,0.1324763988415305
2024-09-27,35.0,17.2,0.0,32.051154196175595,26.1,0.0,31.7,2.0,6.0,-0.9987235240803972,-0.050510617185222886,9,Texas,32.051154196175595,1225.0,1004.89,1027.2764853070244,1121.7903968661458,0.21046475817398314,0.2688471398474525,0.2847789930818944
2024-09-28,35.0,18.9,0.0,32.72986434748444,26.95,0.0,35.0,2.0,6.0,-0.9994446170919858,-0.033323525711631344,9,Texas,32.72986434748444,1225.0,1225.0,1071.2440202047328,1145.5452521619552,0.23874434781185153,0.4585052934594009,0.2819743443913209
2024-09-29,34.4,18.3,0.0,32.202803711484435,26.35,0.0,35.0,2.0,6.0,-0.9998699583618592,-0.016126573270657762,9,Texas,32.202803711484435,1183.36,1225.0,1037.0205668803958,1107.7764476750644,0.21678348797851812,0.45841720018351195,0.24914214718746897
2024-09-30,36.1,18.9,0.0,34.33965865089788,27.5,0.0,34.4,3.0,6.0,-0.9999994220246925,0.001075151282798226,9,Texas,34.33965865089788,1303.21,1183.36,1179.2121562601858,1239.6616772974135,0.3058191104540784,0.5246387675777171,0.4995839409179087
2024-10-01,36.1,19.4,0.0,34.33965865089788,27.75,0.0,36.1,3.0,6.0,-0.999832969770105,0.018276557681691223,10,Texas,34.33965865089788,1303.21,1303.21,1179.2121562601858,1239.6616772974135,0.3058191104540784,0.6742594039965469,0.4920893283936746
2024-10-02,34.4,21.1,0.0,33.152375537971174,27.75,0.0,36.1,3.0,6.0,-0.9993706508539969,0.03547255575312556,10,Texas,33.152375537971174,1183.36,1303.21,1099.0800038106695,1140.4417185062084,0.2563489807487989,0.6741347272842567,0.3436358228185773
2024-10-03,35.0,20.0,0.0,33.6456223570311,27.5,0.0,34.4,3.0,6.0,-0.9986126020839734,0.052658056924614005,10,Texas,33.6456223570311,1225.0,1183.36,1132.027903791951,1177.5967824960885,0.2769009315429625,0.524318034924454,0.40445959460370656
2024-10-04,34.4,18.3,0.0,31.94996769247113,26.35,0.0,35.0,3.0,7.0,-0.9975590477788613,0.06982797572987089,10,Texas,31.94996769247113,1183.36,1225.0,1020.800435549949,1099.0788886210069,0.20624865385296376,0.4595503351357776,0.25182796677368396
2024-10-05,34.4,20.6,0.0,34.104005616737815,27.5,0.0,34.4,3.0,7.0,-0.9962102997023297,0.0869772313136861,10,Texas,34.104005616737815,1183.36,1183.36,1163.0831991064845,1173.1777932157809,0.2960002340307423,0.41725595218034206,0.28150431253958647
2024-10-06,34.4,20.0,0.0,33.152375537971174,27.2,0.0,34.4,3.0,7.0,-0.9945667569706337,0.1041007489354256,10,Texas,33.152375537971174,1183.36,1183.36,1099.0800038106695,1140.4417185062084,0.2563489807487989,0.41715418426491113,0.2686223510624444
2024-10-07,34.4,20.0,0.0,32.22746681119117,27.2,0.0,34.4,3.0,7.0,-0.9926289059345095,0.121193461470736,10,Texas,32.22746681119117,1183.36,1183.36,1038.6096170664284,1108.6248583049762,0.21781111713296544,0.4170497454296852,0.25493508589001507
2024-10-08,34.4,20.0,0.0,32.536936131037805,27.2,0.0,34.4,3.0,7.0,-0.9903973200352558,0.1382503109109819,10,Texas,32.536936131037805,1183.36,1183.36,1058.6522127952335,1119.2706029077005,0.23070567212657522,0.41694266810067987,0.2613266344841394
2024-10-09,33.9,16.1,0.0,31.23982267605115,25.0,0.0,34.4,3.0,7.0,-0.9878726596350429,0.15526624985999563,10,Texas,31.23982267605115,1149.2099999999998,1183.36,975.9265208311197,1059.029988718134,0.17665927816879798,0.4168329855050686,0.2366973988087564
2024-10-10,35.0,16.7,0.0,32.60728341747558,25.85,0.0,33.9,3.0,7.0,-0.9850556718215013,0.172236243027682,10,Texas,32.60728341747558,1225.0,1149.2099999999998,1063.2349318675779,1141.2549196116452,0.23363680906148243,0.3843816034957344,0.311559753790899
2024-10-11,34.4,17.8,0.0,31.75479802455107,26.1,0.0,35.0,3.0,7.0,-0.981947190186646,0.18915526872004093,10,Texas,31.75479802455107,1183.36,1225.0,1008.3671975800327,1092.3650520445567,0.19811658435629464,0.4587457372003222,0.2609864855165019
2024-10-12,36.7,16.7,0.0,34.51776814771558,26.700000000000003,0.0,34.4,3.0,7.0,-0.9785481345802031,0.20601832032517084,10,Texas,34.51776814771558,1346.89,1183.36,1191.476317899448,1266.802091021162,0.3132403394881491,0.4164886501610374,0.4645157603320913
2024-10-13,38.3,18.9,0.0,35.484361514705796,28.599999999999998,0.0,36.7,3.0,7.0,-0.9748595108374125,0.22282040779479959,10,Texas,35.484361514705796,1466.8899999999999,1346.89,1259.139912106334,1359.0510460132318,0.3535150631127415,0.5988264704461316,0.596801568457161
2024-10-14,36.1,17.8,0.0,33.26483693491558,26.950000000000003,0.0,38.3,3.0,7.0,-0.9708824104813836,0.23955655912092708,10,Texas,33.26483693491558,1303.21,1466.8899999999999,1106.5493763065238,1200.8606133504525,0.2610348722881491,0.7595307100312911,0.3771232162622527
2024-10-15,37.2,16.7,0.0,33.9032792456978,26.950000000000003,0.0,36.1,3.0,7.0,-0.9666180104000972,0.2562218218071163,10,Texas,33.9032792456978,1383.8400000000001,1303.21,1149.4323436117634,1261.2019879399584,0.28763663523740846,0.5453717283192718,0.4842174374767583
2024-10-16,25.6,14.4,0.0,29.752761407351166,20.0,0.0,37.2,3.0,7.0,-0.9620675724981452,0.27281126433401914,10,Texas,29.752761407351166,655.3600000000001,1383.8400000000001,885.2268113627649,761.6706920281899,0.11469839197296523,0.6456576414038654,0.048256899857117286
2024-10-17,24.4,11.7,0.0,23.501388888888886,18.049999999999997,0.0,25.6,2.0,6.0,-0.957232443323312,0.28931997761869527,10,Texas,23.501388888888886,595.3599999999999,655.3600000000001,552.31527970679,573.4338888888888,0.0,0.10453257787522394,0.03593302473543204
2024-10-18,28.3,13.3,0.3,27.49281419379563,20.8,1.0,24.4,1.0,5.0,-0.9521140536681102,0.3057430764672831,10,Texas,27.49281419379563,800.89,595.3599999999999,755.8548322945705,778.0466416844164,0.020533924741484633,0.08791666885758052,0.08770587449472081
2024-10-19,30.0,17.2,0.0,28.33797592205119,23.6,0.0,28.3,0.0,4.0,-0.9467139181463862,0.3220757010206104,10,Texas,28.33797592205119,900.0,800.89,803.0408793587529,850.1392776615356,0.055748996752132886,0.15468398420761714,0.10994331346175619
2024-10-20,30.0,15.0,0.0,28.151444389031152,22.5,0.0,30.0,0.0,3.0,-0.9410336347451197,0.3383130181923076,10,Texas,28.151444389031152,900.0,900.0,792.5038211887136,844.5433316709345,0.04797684954296466,0.26174935771684377,0.15718699370008085
2024-10-21,30.6,13.3,0.0,29.263648144444492,21.950000000000003,0.0,30.0,0.0,2.0,-0.9350748843515574,0.3544502230989869,10,Texas,29.263648144444492,936.3600000000001,900.0,856.3611027218495,895.4676332200015,0.09431867268518716,0.33644433273972185,0.2631526343139355
2024-10-22,31.7,19.4,0.0,31.043001335615575,25.549999999999997,0.0,30.6,0.0,1.0,-0.9288394302558068,0.3704825404820963,10,Texas,31.043001335615575,1004.89,936.3600000000001,963.6679319230303,984.0631423390137,0.16845838898398227,0.4650713882245137,0.41920861793046293
2024-10-23,32.8,18.3,0.0,32.04274908243562,25.549999999999997,0.0,31.7,0.0,0.0,-0.9223291176290545,0.3864052261209853,10,Texas,32.04274908243562,1075.84,1004.89,1026.7377687599287,1051.0021699038882,0.21011454510148417,0.6680691846439626,0.6609201875597216
2024-10-24,32.2,20.0,0.0,31.232713954984572,26.1,0.0,32.8,1.0,1.0,-0.9155458729775467,0.40221356823680365,10,Texas,31.232713954984572,1036.8400000000001,1075.84,975.482420993888,1005.6933893505033,0.1763630814576905,0.7685115759881687,0.5772636129124585
2024-10-25,32.8,21.7,0.0,32.04274908243562,27.25,0.0,32.2,2.0,2.0,-0.9084917035725082,0.41790288888678667,10,Texas,32.04274908243562,1075.84,1036.8400000000001,1026.7377687599287,1051.0021699038882,0.21011454510148417,0.7154389948736927,0.6377641876550334
2024-10-26,32.8,17.8,0.0,32.195672139537734,25.299999999999997,0.0,32.8,3.0,3.0,-0.9011686968561569,0.4334685453485363,10,Texas,32.195672139537734,1075.84,1075.84,1036.5613045166062,1056.0180461768375,0.2164863391474056,0.7725061285321143,0.6701532604671853
2024-10-27,33.9,18.3,0.0,33.3264943697156,26.1,0.0,32.8,3.0,4.0,-0.8935790198239952,0.4489059314938798,10,Texas,33.3264943697156,1149.2099999999998,1075.84,1110.6552269746853,1129.7681591333587,0.2636039320714832,0.6347794701850243,0.6474264182133045
2024-10-28,32.8,18.9,0.0,32.04274908243562,25.849999999999998,0.0,33.9,3.0,5.0,-0.8857249183835637,0.4642104791518923,10,Texas,32.04274908243562,1075.84,1149.2099999999998,1026.7377687599287,1051.0021699038882,0.21011454510148417,0.6001688368026015,0.3992225037508379
2024-10-29,32.2,22.8,0.0,31.846529894604444,27.5,0.0,32.8,3.0,6.0,-0.8776087166898392,0.4793776594606945,10,Texas,31.846529894604444,1036.8400000000001,1075.84,1014.2014663279346,1025.4582626062631,0.20193874560851852,0.407180051823659,0.2544580474100819
2024-10-30,33.9,23.3,0.0,32.76279694388453,28.6,0.0,32.2,3.0,7.0,-0.8692328164574792,0.49440298420761813,10,Texas,32.76279694388453,1149.2099999999998,1036.8400000000001,1073.4008635862097,1110.6588163976855,0.24011653932852214,0.2896680887651896,0.26644330732219684
2024-10-31,29.4,21.1,0.0,31.04908144444437,25.25,0.0,33.9,3.0,7.0,-0.8605996962501181,0.5092820071573356,10,Texas,31.04908144444437,864.3599999999999,1149.2099999999998,964.0454585437396,912.8429944666644,0.16871172685184868,0.3816723656042684,0.10777401918761738
2024-11-01,25.0,20.0,0.0,25.43,22.5,0.0,29.4,2.0,6.0,-0.8517119107469189,0.5240103253675756,11,Texas,25.43,625.0,864.3599999999999,646.6849,635.75,0.0,0.1840757604986437,0.038858881204538814
2024-11-02,27.2,21.7,1.5,28.292644831457842,24.45,1.0,25.0,1.0,5.0,-0.8425720899866032,0.5385835804920232,11,Texas,28.292644831457842,739.8399999999999,625.0,800.4737515590182,769.5599394156533,0.05386020131074343,0.09496182218245801,0.0698076187845829
2024-11-03,31.1,22.8,0.0,31.04908144444437,26.950000000000003,0.0,27.2,0.0,4.0,-0.8331829385891785,0.5529974600700271,11,Texas,31.04908144444437,967.21,739.8399999999999,964.0454585437396,965.6264329222199,0.16871172685184868,0.13008537207615145,0.15744259405124755
2024-11-04,30.6,16.1,45.5,32.6347006444444,23.35,1.0,31.1,0.0,3.0,-0.8235472349556007,0.5672476988027229,11,Texas,32.6347006444444,936.3600000000001,967.21,1065.0236861524997,998.6218397199987,0.2347791935185167,0.30846640471333503,0.24332280360168015
2024-11-05,22.8,11.1,3.8,30.28317007140459,16.95,1.0,30.6,0.0,2.0,-0.8136678304455991,0.5813300798152042,11,Texas,30.28317007140459,519.84,936.3600000000001,917.0703895736148,690.4562776280247,0.13679875297519128,0.3655637759888412,0.080625216528282
2024-11-06,26.7,8.9,0.0,25.87666666666667,17.8,0.0,22.8,0.0,1.0,-0.8035476485339116,0.5952404359043674,11,Texas,25.87666666666667,712.89,519.84,669.6018777777779,690.907,0.0,0.1609191072709702,0.20432466654551615
2024-11-07,30.0,20.0,0.0,31.326208967884572,25.0,0.0,26.7,0.0,0.0,-0.7931896839451843,0.6089746507720486,11,Texas,31.326208967884572,900.0,712.89,981.3313682995717,939.7862690365372,0.1802587069951905,0.3446590355849956,0.4775317059524729
2024-11-08,31.7,17.8,0.0,32.02327019841567,24.75,0.0,30.0,0.0,0.0,-0.7825970017677834,0.6225286602431057,11,Texas,32.02327019841567,1004.89,900.0,1025.4898342007375,1015.1376652897768,0.2093029249339864,0.5330459828301727,0.6245396168656734
2024-11-09,26.7,14.4,0.0,25.70694444444445,20.55,0.0,31.7,0.0,0.0,-0.7717727365467836,0.6358984534680745,11,Texas,25.70694444444445,712.89,1004.89,660.8469926697534,686.3754166666668,0.0,0.664373079653689,0.23856956727096448
2024-11-10,30.0,15.0,0.0,29.02254748851555,22.5,0.0,26.7,0.0,0.0,-0.7607200913564104,0.6490800741100398,11,Texas,29.02254748851555,900.0,712.89,842.3082627231402,870.6764246554665,0.08427281202148122,0.34421585102633406,0.4689770830685883
2024-11-11,28.9,15.0,0.0,27.763646131857854,21.95,0.0,30.0,0.0,0.0,-0.7494423368521954,0.6620696215153815,11,Texas,27.763646131857854,835.2099999999999,900.0,770.8200465350255,802.369373210692,0.031818588827410586,0.5324280315305915,0.37095408840304556
2024-11-12,28.3,13.9,0.0,27.987237679591207,21.1,0.0,28.9,0.0,0.0,-0.7379428103031386,0.6748632518680403,11,Texas,27.987237679591207,800.89,835.2099999999999,783.2854729339298,792.0388263324312,0.041134903316300285,0.46016542716151265,0.3519087355246385
2024-11-13,31.1,15.6,0.0,28.741592507075584,23.35,0.0,28.3,0.0,0.0,-0.7262249146041543,0.6874571793269664,11,Texas,28.741592507075584,967.21,800.89,826.0791398427833,893.8635269700507,0.07256635446148267,0.4247653035615606,0.5366654328293958
2024-11-14,24.4,10.0,0.0,23.90888888888889,17.2,0.0,31.1,0.0,0.0,-0.7142921172691032,0.699847677146407,11,Texas,23.90888888888889,595.3599999999999,967.21,571.6349679012345,583.3768888888889,0.0,0.6139755582040038,0.17131692328274642
2024-11-15,24.4,5.6,0.0,23.44916666666666,15.0,0.0,24.4,0.0,0.0,-0.7021479494046978,0.7120310787787131,11,Texas,23.44916666666666,595.3599999999999,595.3599999999999,549.8634173611108,572.1596666666665,0.0,0.25517018183496426,0.19565376235241225
2024-11-16,28.3,11.1,0.0,27.557598236284473,19.7,0.0,24.4,0.0,0.0,-0.6897960046655887,0.7240037789593305,11,Texas,27.557598236284473,800.89,595.3599999999999,759.4212205524691,779.8800300868506,0.02323325984518639,0.2550501071320381,0.38203939854438046
2024-11-17,30.0,18.9,0.3,31.04908144444437,24.45,1.0,28.3,0.0,0.0,-0.6772399381909491,0.7357622347736527,11,Texas,31.04908144444437,900.0,800.89,964.0454585437396,931.4724433333311,0.16871172685184868,0.4240402171712997,0.5046151875025445
2024-11-18,26.1,11.7,6.4,29.15886103361784,18.9,1.0,30.0,0.0,0.0,-0.6644834655228552,0.7473029667054296,11,Texas,29.15886103361784,681.21,900.0,850.2391767778367,761.0462729774256,0.08995254306740996,0.5309426148104859,0.2823986718503401
2024-11-19,27.8,7.8,0.0,26.240118096551093,17.8,0.0,26.1,0.0,0.0,-0.6515303615068021,0.75862255966641,11,Texas,26.240118096551093,772.84,681.21,688.5437977209482,729.4752830841204,0.0,0.3169232978570076,0.3544840626491436
2024-11-20,20.0,6.1,0.0,21.7686111111111,13.05,0.0,27.8,0.0,0.0,-0.6383844591746642,0.7697176640069211,11,Texas,21.7686111111111,400.0,772.84,473.8724297067896,435.372222222222,0.0,0.3962915197687339,0.0890406006872195
2024-11-21,22.2,5.0,0.0,21.585833333333326,13.6,0.0,20.0,0.0,0.0,-0.6250496486104377,0.7805849965070866,11,Texas,21.585833333333326,492.84,400.0,465.94820069444415,479.2054999999998,0.0,0.15078169555228604,0.14239702738157123
2024-11-22,24.4,7.2,0.0,23.39694444444444,15.799999999999999,0.0,22.2,0.0,0.0,-0.6115298757991053,0.7912213413483807,11,Texas,23.39694444444444,595.3599999999999,492.84,547.4170093364196,570.8854444444443,0.0,0.19402402048936862,0.20160374371144693
2024-11-23,25.6,6.1,0.0,24.747777777777774,15.850000000000001,0.0,24.4,0.0,0.0,-0.5978291414589552,0.801623551065242,11,Texas,24.747777777777774,655.3600000000001,595.3599999999999,612.4525049382714,633.5431111111111,0.0,0.2541961706747486,0.25456781236246323
2024-11-24,28.3,13.3,0.0,27.624331573457855,20.8,0.0,25.6,0.0,0.0,-0.5839514998576998,0.8117885474764613,11,Texas,27.624331573457855,800.89,655.3600000000001,763.1036948803405,781.7685835288573,0.026013815560743964,0.2962806987449104,0.3806244269650031
2024-11-25,28.9,8.9,0.0,27.543531976835535,18.9,0.0,28.3,0.0,0.0,-0.5699010576127624,0.8217133225960589,11,Texas,27.543531976835535,835.2099999999999,800.89,758.6461537589616,796.0080741305469,0.02264716570148062,0.4225553716780821,0.43332760623905797
2024-11-26,18.9,6.1,0.0,17.765,12.5,0.0,28.9,0.0,0.0,-0.5556819724760489,0.8313949395234058,11,Texas,17.765,357.2099999999999,835.2099999999999,315.595225,335.75849999999997,0.0,0.45743237322507835,0.07282372653728472
2024-11-27,27.2,10.6,0.0,27.195764459617777,18.9,0.0,18.9,0.0,0.0,-0.5412984521036173,0.8408305333122887,11,Texas,27.195764459617777,739.8399999999999,357.2099999999999,739.6096045430094,739.7247933016035,0.00815685248407405,0.13350169062964273,0.3539739321316122
2024-11-28,15.6,7.2,0.0,23.879999999999995,11.4,0.0,27.2,0.0,0.0,-0.5267547528105542,0.8500173118187018,11,Texas,23.879999999999995,243.35999999999999,739.8399999999999,570.2543999999998,372.5279999999999,0.0,0.36469113082668636,0.04538451144002731
2024-11-29,15.0,3.9,0.0,13.513333333333332,9.45,0.0,15.6,0.0,0.0,-0.5120551783114646,0.8589525565270845,11,Texas,13.513333333333332,225.0,243.35999999999999,182.61017777777775,202.7,0.0,0.09665565682251143,0.048932168065839755
2024-11-30,18.3,6.7,0.0,17.200833333333335,12.5,0.0,15.0,0.0,0.0,-0.4972040784469378,0.8676336233547726,11,Texas,17.200833333333335,334.89000000000004,225.0,295.8686673611112,314.77525,0.0,0.09163857818519817,0.07714866710885751
2024-12-01,21.1,7.8,0.0,20.796388888888895,14.450000000000001,0.0,18.3,0.0,0.0,-0.4822058478963526,0.8760579434344281,12,Texas,20.796388888888895,445.21000000000004,334.89000000000004,432.4897908179015,438.8038055555557,0.0,0.1251632455789368,0.11937677906587477
2024-12-02,20.6,6.1,0.0,19.458611111111107,13.350000000000001,0.0,21.1,0.0,0.0,-0.46706492487743034,0.8842230238742036,12,Texas,19.458611111111107,424.36000000000007,445.21000000000004,378.63754637345664,400.8473888888888,0.0,0.16970934199968998,0.10877864968989269
2024-12-03,18.3,7.2,0.8,17.122500000000006,12.75,1.0,20.6,0.0,0.0,-0.451785789832884,0.8921264484954345,12,Texas,17.122500000000006,334.89000000000004,424.36000000000007,293.1800062500002,313.3417500000001,0.0,0.16023004810117805,0.07532269966735411
2024-12-04,15.0,11.1,6.4,15.031111111111109,13.05,1.0,18.3,0.0,0.0,-0.4363729641045924,0.8997658785476209,12,Texas,15.031111111111109,225.0,334.89000000000004,225.93430123456784,225.46666666666664,0.0,0.12496616324132939,0.04299701045020667
2024-12-05,15.6,10.0,0.0,15.243333333333332,12.8,0.0,15.0,0.0,0.0,-0.42083100859565564,0.9071390534005044,12,Texas,15.243333333333332,243.35999999999999,225.0,232.35921111111108,237.796,0.0,0.09139425803718736,0.048649581250693054
2024-12-06,10.6,5.6,0.5,13.366944444444448,8.1,1.0,15.6,0.0,0.0,-0.4051645224207563,0.9142437912130223,12,Texas,13.366944444444448,112.36,243.35999999999999,178.67520378086428,141.68961111111113,0.0,0.09629605361876425,0.025612752796431555
2024-12-07,8.9,5.6,10.7,9.70611111111111,7.25,1.0,10.6,0.0,0.0,-0.3893781415452015,0.9210779895789526,12,Texas,9.70611111111111,79.21000000000001,112.36,94.20859290123454,86.38438888888888,0.0,0.06563501037886595,0.023561470707173016
2024-12-08,15.6,7.2,0.0,15.582777777777778,11.4,0.0,8.9,0.0,0.0,-0.37347653741307074,0.9276396261490467,12,Texas,15.582777777777778,243.35999999999999,79.21000000000001,242.82296327160495,243.09133333333332,0.0,0.059361189557022596,0.055221109758850334
2024-12-09,28.9,8.3,0.0,26.928405505235606,18.6,0.0,15.6,0.0,0.0,-0.3574644155648614,0.9339267592294762,12,Texas,26.928405505235606,835.2099999999999,243.35999999999999,725.1390230544033,778.2309191013089,0.0,0.09614283709274188,0.4969374035141283
2024-12-10,15.6,5.6,0.0,19.510833333333338,10.6,0.0,28.9,0.0,0.0,-0.34134651424503615,0.9399375283564133,12,Texas,19.510833333333338,243.35999999999999,835.2099999999999,380.6726173611113,304.3690000000001,0.0,0.4546371941955266,0.04587009342394725
2024-12-11,17.8,2.8,0.0,16.348888888888887,10.3,0.0,15.6,0.0,0.0,-0.3251276029999093,0.9456701548465688,12,Texas,16.348888888888887,316.84000000000003,243.35999999999999,267.2861679012345,291.0102222222222,0.0,0.09604129326851883,0.0798462851063764
2024-12-12,18.9,1.1,0.0,18.342777777777776,10.0,0.0,17.8,0.0,0.0,-0.30881248126625377,0.9511229423235357,12,Texas,18.342777777777776,357.2099999999999,316.84000000000003,336.4574966049382,346.67849999999993,0.0,0.1182882048689455,0.09645922962656751
2024-12-13,18.9,12.8,5.1,17.39333333333333,15.85,1.0,18.9,0.0,0.0,-0.29240597695107734,0.9562942772197719,12,Texas,17.39333333333333,357.2099999999999,357.2099999999999,302.52804444444433,328.7339999999999,0.0,0.13239319086479653,0.07978913364640078
2024-12-14,26.1,18.9,3.3,25.139444444444447,22.5,1.0,18.9,0.0,0.0,-0.27591294500296043,0.9611826292540837,12,Texas,25.139444444444447,681.21,357.2099999999999,631.9916669753087,656.1395000000001,0.0,0.1323251631218374,0.2679525199767962
2024-12-15,25.0,20.0,0.8,25.243888888888886,22.5,1.0,26.1,0.0,0.0,-0.2593382659754056,0.9657865518844574,12,Texas,25.243888888888886,625.0,681.21,637.2539262345678,631.0972222222222,0.0,0.31305970849842324,0.2070683063923137
2024-12-16,26.7,18.9,0.3,26.190000000000005,22.799999999999997,1.0,25.0,0.0,0.0,-0.2426868445825954,0.9701046827361175,12,Texas,26.190000000000005,712.89,625.0,685.9161000000003,699.2730000000001,0.0,0.27134089343077805,0.2903342785441845
2024-12-17,26.7,17.8,0.0,26.190000000000005,22.25,0.0,26.7,0.0,0.0,-0.22596360824801906,0.974135744004672,12,Texas,26.190000000000005,712.89,712.89,685.9161000000003,699.2730000000001,0.0,0.3384077350707987,0.2843164865637751
2024-12-18,20.0,9.4,0.8,22.803333333333335,14.7,1.0,26.7,0.0,0.0,-0.20917350564635637,0.9778785428342386,12,Texas,22.803333333333335,400.0,712.89,519.9920111111112,456.0666666666667,0.0,0.3382541555918168,0.10119677686155748
2024-12-19,20.0,4.4,0.0,19.458611111111107,12.2,0.0,20.0,0.0,0.0,-0.19232150523909483,0.9813319716704275,12,Texas,19.458611111111107,400.0,400.0,378.63754637345664,389.17222222222216,0.0,0.14862968432433848,0.10988658464974362
2024-12-20,20.0,5.6,0.0,19.341111111111108,12.8,0.0,20.0,0.0,0.0,-0.17541259380427843,0.9844950085880858,12,Texas,19.341111111111108,400.0,400.0,374.07857901234553,386.82222222222214,0.0,0.14855583967288705,0.10781383648502295
2024-12-21,17.2,2.2,0.0,15.928333333333333,9.7,0.0,20.0,0.0,0.0,-0.15845177496083632,0.9873667175937016,12,Texas,15.928333333333333,295.84,400.0,253.71180277777776,273.96733333333333,0.0,0.1484824237668264,0.07267110132230477
2024-12-22,21.7,7.8,0.0,20.323611111111106,14.75,0.0,17.2,0.0,0.0,-0.14144406768794202,0.9899462489023779,12,Texas,20.323611111111106,470.89,295.84,413.0491685956788,441.02236111111097,0.0,0.11090719398867982,0.1434123029186806
2024-12-23,25.6,13.3,0.0,24.904444444444447,19.450000000000003,0.0,21.7,0.0,0.0,-0.12439450483979998,0.9922328391893008,12,Texas,24.904444444444447,655.3600000000001,470.89,620.2313530864199,637.5537777777779,0.0,0.18005713794183248,0.2616228591415374
2024-12-24,24.4,15.0,0.5,23.958333333333332,19.7,1.0,25.6,0.0,0.0,-0.10730813165636247,0.9942258118156161,12,Texas,23.958333333333332,595.3599999999999,655.3600000000001,574.0017361111111,584.5833333333333,0.0,0.2921078731757034,0.20244104728460321
2024-12-25,15.6,12.8,0.3,21.135833333333334,14.2,1.0,24.4,0.0,0.0,-0.09019000427034513,0.9959245770286599,12,Texas,21.135833333333334,243.35999999999999,595.3599999999999,446.72345069444447,329.719,0.0,0.2502988915668226,0.046396856569793574
2024-12-26,25.6,10.0,0.3,24.65638888888889,17.8,1.0,15.6,0.0,0.0,-0.07304518821104743,0.9973286321364752,12,Texas,24.65638888888889,655.3600000000001,243.35999999999999,607.9375130401236,631.2035555555557,0.0,0.09530744488291192,0.29886767617373616
2024-12-27,27.8,6.1,0.0,26.546626832551105,16.95,0.0,25.6,0.0,0.0,-0.05587875690537313,0.9984375616565666,12,Texas,26.546626832551105,772.84,655.3600000000001,704.7233961867223,737.9962259449208,0.0,0.2917188154402112,0.41877134339922173
2024-12-28,27.2,14.4,1.0,26.31083333333333,20.8,1.0,27.8,0.0,0.0,-0.03869579017652689,0.9992510374388481,12,Texas,26.31083333333333,739.8399999999999,772.84,692.2599506944443,715.6546666666666,0.0,0.3896548013583782,0.3392937855436377
2024-12-29,25.0,9.4,0.0,24.07861111111111,17.2,0.0,27.2,0.0,0.0,-0.021501372740813793,0.999768818762748,12,Texas,24.07861111111111,625.0,739.8399999999999,579.7795130401233,601.9652777777777,0.0,0.3596428287240573,0.23788832672678734
2024-12-30,31.7,10.0,0.0,29.55671771569561,20.85,0.0,25.0,0.0,0.0,-0.004300592702981974,0.9999907524084426,12,Texas,29.55671771569561,1004.89,625.0,873.5995621253146,936.9479515875507,0.10652990482065035,0.26961396388173114,0.7374161456135809
2024-12-31,20.6,10.0,0.0,26.057096405315576,15.3,0.0,31.7,0.0,0.0,0.012901459949419653,0.9999167727021953,12,Texas,26.057096405315576,424.36000000000007,1004.89,678.9722730759099,536.7761859495009,0.0,0.651610035213491,0.11547009493209319
2025-01-01,15.6,5.0,0.0,14.890833333333331,10.3,0.0,20.6,0.0,0.0,0.017201575418260506,0.9998520419557735,1,Texas,14.890833333333331,243.35999999999999,424.36000000000007,221.73691736111104,232.29699999999997,0.0,0.15800447544026885,0.055097136340936013
2025-01-02,18.3,3.9,0.0,17.475000000000005,11.1,0.0,15.6,0.0,0.0,0.03439806061360801,0.9994082116062598,1,Texas,17.475000000000005,334.89000000000004,243.35999999999999,305.3756250000002,319.7925000000001,0.0,0.09502332992615235,0.09021540001672176
2025-01-03,18.9,13.3,0.0,18.13055555555555,16.1,0.0,18.3,0.0,0.0,0.051584366869408364,0.9986686402879997,1,Texas,18.13055555555555,357.2099999999999,334.89000000000004,328.7170447530862,342.66749999999985,0.0,0.12315176241097521,0.08195170236263556
2025-01-04,21.7,14.4,0.0,21.765833333333333,18.05,0.0,18.9,0.0,0.0,0.06875540848113941,0.9976335468520451,1,Texas,21.765833333333333,470.89,357.2099999999999,473.7515006944444,472.3185833333333,0.0,0.13103165503947908,0.13225344877188483
2025-01-05,23.9,1.7,0.0,23.65805555555555,12.799999999999999,0.0,21.7,0.0,0.0,0.08590610426133272,0.9963032375991965,1,Texas,23.65805555555555,571.2099999999999,470.89,559.7035926697528,565.4275277777776,0.0,0.1790512856408061,0.23800290694805892
2025-01-06,8.3,-2.1,0.0,11.859444444444442,3.1000000000000005,0.0,23.9,0.0,0.0,0.10303137904317879,0.9946781061893646,1,Texas,11.859444444444442,68.89000000000001,571.2099999999999,140.64642253086413,98.43338888888887,0.0,0.23385774583763363,0.021206813777081383
2025-01-07,8.9,-1.0,0.0,6.570277777777775,3.95,0.0,8.3,0.0,0.0,0.1201261651823505,0.9927586335250793,1,Texas,6.570277777777775,79.21000000000001,68.89000000000001,43.16855007716046,58.4754722222222,0.0,0.05667466557004049,0.03334108112442383
2025-01-08,5.0,1.1,0.0,4.850555555555561,3.05,0.0,8.9,0.0,0.0,0.13718540405660057,0.9905453876091833,1,Texas,4.850555555555561,25.0,79.21000000000001,23.527889197530914,24.2527777777778,0.0,0.058465029620575336,0.02033983935455159
2025-01-09,4.4,1.7,21.3,3.339722222222221,3.0500000000000003,1.0,5.0,0.0,0.0,0.1542040475626894,0.988039023376751,1,Texas,3.339722222222221,19.360000000000003,25.0,11.153744521604931,14.694777777777775,0.0,0.0493088620276645,0.022004063723211845
2025-01-10,6.1,1.1,0.0,5.176944444444448,3.5999999999999996,0.0,4.4,0.0,0.0,0.17117705961019986,0.985240282501282,1,Texas,5.176944444444448,37.209999999999994,19.360000000000003,26.800753780864234,31.579361111111133,0.0,0.0483731468243328,0.02442883309681716
2025-01-11,15.6,-2.7,0.0,14.668888888888887,6.449999999999999,0.0,6.1,0.0,0.0,0.18809941761179758,0.9821499931752291,1,Texas,14.668888888888887,243.35999999999999,37.209999999999994,215.17630123456783,228.83466666666664,0.0,0.051249776376262476,0.07525073133697839
2025-01-12,17.2,0.0,0.0,15.980555555555554,8.6,0.0,15.6,0.0,0.0,0.20496611396949532,0.9787690698649216,1,Texas,15.980555555555554,295.84,243.35999999999999,255.37815586419748,274.86555555555555,0.0,0.0946062817649453,0.08256214267429648
2025-01-13,13.9,2.2,0.0,12.88388888888889,8.05,0.0,17.2,0.0,0.0,0.22177215755648186,0.975098513039961,1,Texas,12.88388888888889,193.21,295.84,165.9945929012346,179.0860555555556,0.0,0.10983577797175943,0.04841370478781209
2025-01-14,12.8,0.6,0.0,11.99,6.7,0.0,13.9,0.0,0.0,0.23851257519407648,0.9711394088771653,1,Texas,11.99,163.84000000000003,193.21,143.7601,153.472,0.0,0.08177961092884442,0.04455655892041703
2025-01-15,17.2,5.6,0.0,16.414166666666663,11.399999999999999,0.0,12.8,0.0,0.0,0.2551824131233728,0.9668929289391521,1,Texas,16.414166666666663,295.84,163.84000000000003,269.424867361111,282.3236666666666,0.0,0.07502676812670535,0.07685042224415548
2025-01-16,18.3,3.3,0.0,16.991944444444453,10.8,0.0,17.2,0.0,0.0,0.2717767384711357,0.9623603298276545,1,Texas,16.991944444444453,334.89000000000004,295.84,288.7261760030867,310.9525833333335,0.0,0.10970566805960491,0.09114599542921409
2025-01-17,16.1,8.3,0.0,15.807500000000005,12.200000000000001,0.0,18.3,0.0,0.0,0.2882906407095177,0.9575429528116719,1,Texas,15.807500000000005,259.21000000000004,334.89000000000004,249.87705625000015,254.5007500000001,0.0,0.12243407772300893,0.058129191373988726
2025-01-18,16.1,3.9,0.0,15.376666666666669,10.0,0.0,16.1,0.0,0.0,0.3047192331091634,0.9524422234305676,1,Texas,15.376666666666669,259.21000000000004,259.21000000000004,236.44187777777785,247.5643333333334,0.0,0.09876713419769628,0.06473075038647284
2025-01-19,6.1,-2.1,0.0,11.37305555555556,1.9999999999999998,0.0,16.1,0.0,0.0,0.321057654185271,0.9470596510722283,1,Texas,11.37305555555556,37.209999999999994,259.21000000000004,129.3463926697532,69.37563888888891,0.0,0.09873040011170854,0.0171680122861493
2025-01-20,0.6,-4.3,0.3,1.3072222222222192,-1.8499999999999999,1.0,6.1,0.0,0.0,0.3373010691361842,0.9413968285264122,1,Texas,1.3072222222222192,0.36,37.209999999999994,1.708829938271597,0.7843333333333314,0.0,0.05106566652334377,0.01729287511162905
2025-01-21,2.8,-4.9,1.0,0.9383333333333334,-1.0500000000000003,1.0,0.6,0.0,0.0,0.3534446712740877,0.9354554315134164,1,Texas,0.9383333333333334,7.839999999999999,0.36,0.8804694444444445,2.627333333333333,0.0,0.04479862972569613,0.02531280526297817
2025-01-22,11.7,-6.6,0.0,10.061388888888887,2.55,0.0,2.8,0.0,0.0,0.3694836834473831,0.9292372181882051,1,Texas,10.061388888888887,136.89,7.839999999999999,101.23154637345675,117.71824999999997,0.0,0.046245747054504065,0.051449683542068796
2025-01-23,13.3,-0.5,0.0,11.741944444444446,6.4,0.0,11.7,0.0,0.0,0.38541335945432564,0.9227440286201427,1,Texas,11.741944444444446,176.89000000000001,136.89,137.87325933641978,156.16786111111114,0.0,0.0690919929756119,0.05061778818795158
2025-01-24,16.1,-1.6,0.0,15.141666666666671,7.250000000000001,0.0,13.3,0.0,0.0,0.4012289854475009,0.9159777842484877,1,Texas,15.141666666666671,259.21000000000004,176.89000000000001,229.27006944444457,243.78083333333342,0.0,0.07769054683328477,0.07375762049752727
2025-01-25,13.9,1.1,0.5,13.432222222222224,7.5,1.0,16.1,0.0,0.0,0.4169258813287287,0.908940487313808,1,Texas,13.432222222222224,193.21,259.21000000000004,180.42459382716055,186.70788888888893,0.0,0.09852429486716062,0.05097925665360062
2025-01-26,12.8,8.9,2.3,13.588888888888894,10.850000000000001,1.0,13.9,0.0,0.0,0.4324994021339788,0.901634220265486,1,Texas,13.588888888888894,163.84000000000003,193.21,184.65790123456804,173.93777777777785,0.0,0.08142273196182244,0.03797376073439419
2025-01-27,12.2,7.2,0.0,11.60805555555556,9.7,0.0,12.8,0.0,0.0,0.44794493940789115,0.8940611451454876,1,Texas,11.60805555555556,148.83999999999997,163.84000000000003,134.7469537808643,141.61827777777782,0.0,0.07470441026490864,0.03673178044174867
2025-01-28,11.7,8.3,0.5,11.566111111111113,10.0,1.0,12.2,0.0,0.0,0.4632579225674917,0.88622350294858,1,Texas,11.566111111111113,136.89,148.83999999999997,133.77492623456794,135.3235,0.0,0.07145782427805528,0.034618510619088244
2025-01-29,20.6,11.1,1.8,19.664166666666667,15.850000000000001,1.0,11.7,0.0,0.0,0.4784338202547012,0.8781236129591848,1,Texas,19.664166666666667,424.36000000000007,136.89,386.6794506944444,405.08183333333335,0.0,0.06895761774271922,0.1265791986391306
2025-01-30,20.0,10.6,23.4,20.281111111111112,15.3,1.0,20.6,0.0,0.0,0.49346814167723735,0.8697638720650646,1,Texas,20.281111111111112,400.0,424.36000000000007,411.3234679012346,405.62222222222226,0.0,0.15629095025043604,0.10620135492916463
2025-01-31,22.2,5.6,0.0,21.611944444444436,13.899999999999999,0.0,20.0,0.0,0.0,0.5083564379375122,0.8611467540480452,1,Texas,21.611944444444436,492.84,400.0,467.07614266975276,479.78516666666644,0.0,0.146108057905615,0.1656042972427137
2025-02-01,24.4,6.7,0.0,23.37083333333333,15.549999999999999,0.0,22.2,0.0,0.0,0.5230943033491326,0.8522748088519838,2,Texas,23.37083333333333,595.3599999999999,492.84,546.1958506944443,570.2483333333332,0.0,0.188181031447514,0.2354116887995343
2025-02-02,27.8,6.1,0.0,26.546626832551105,16.95,0.0,24.4,0.0,0.0,0.5376773767406141,0.8431506618282,2,Texas,26.546626832551105,772.84,595.3599999999999,704.7233961867223,737.9962259449208,0.0,0.24682946679303996,0.4287815366085604
2025-02-03,28.9,15.0,0.0,28.601447857571216,21.95,0.0,27.8,0.0,0.0,0.5521013427459208,0.8337770129585915,2,Texas,28.601447857571216,835.2099999999999,772.84,818.0428195493652,826.581843083808,0.06672699406546734,0.38504433138214206,0.4640998745554931
2025-02-04,28.3,19.4,0.0,28.89326381961784,23.85,0.0,28.9,0.0,0.0,0.5663619330814524,0.8241566360566663,2,Texas,28.89326381961784,800.89,835.2099999999999,834.8206941500373,817.6793660951848,0.07888599248407664,0.44596387996914605,0.4006485773511463
2025-02-05,24.4,18.9,0.0,25.061111111111114,21.65,0.0,28.3,0.0,0.0,0.580454927809098,0.8142923779467267,2,Texas,25.061111111111114,595.3599999999999,800.89,628.0592901234569,611.4911111111111,0.0,0.4114768587594518,0.1892751426629211
2025-02-06,27.8,18.9,0.0,28.181459693315517,23.35,0.0,24.4,0.0,0.0,0.5943761565849831,0.804187157621448,2,Texas,28.181459693315517,772.84,595.3599999999999,794.1946704459672,783.4445794741714,0.04922748722147988,0.24660023162549558,0.37689195465227404
2025-02-07,27.2,20.0,0.0,27.884784716924493,23.6,0.0,27.8,0.0,0.0,0.6081214998935418,0.7938439653781019,2,Texas,27.884784716924493,739.8399999999999,772.84,777.5612187092257,758.4661443003462,0.03686602987185387,0.3847236012761293,0.32400617468448273
2025-02-08,30.6,20.0,0.0,30.824248934595516,25.3,0.0,27.2,0.0,0.0,0.6216868902665479,0.7832658619336791,2,Texas,30.824248934595516,936.3600000000001,739.8399999999999,950.1343223819129,943.2220173986228,0.1593437056081465,0.35509424712437543,0.5969103259330322
2025-02-09,21.7,10.0,0.0,28.87853803679785,15.85,0.0,30.6,0.0,0.0,0.6350683134867438,0.7724559775191742,2,Texas,28.87853803679785,470.89,936.3600000000001,833.9699591427801,626.6642753985133,0.07827241819991038,0.5587040949294918,0.1559365366094424
2025-02-10,10.0,7.8,0.0,13.458333333333337,8.9,0.0,21.7,0.0,0.0,0.6482618097757122,0.7614175109532997,2,Texas,13.458333333333337,100.0,470.89,181.12673611111123,134.58333333333337,0.0,0.1769816576686741,0.021960876126062963
2025-02-11,11.1,7.8,31.2,10.949166666666663,9.45,1.0,10.0,0.0,0.0,0.6612634749656386,0.7501537286959042,2,Texas,10.949166666666663,123.21,100.0,119.88425069444436,121.53574999999995,0.0,0.061569809952792556,0.03246767140094569
2025-02-12,12.2,4.4,5.1,11.396388888888888,8.3,1.0,11.1,0.0,0.0,0.6740694616546161,0.7386679638813748,2,Texas,11.396388888888888,148.83999999999997,123.21,129.8776797067901,139.03594444444443,0.0,0.06598567432386876,0.039714418920627034
2025-02-13,8.3,0.0,0.0,7.735000000000001,4.15,0.0,12.2,0.0,0.0,0.6866759803451553,0.726963615332308,2,Texas,7.735000000000001,68.89000000000001,148.83999999999997,59.83022500000002,64.20050000000002,0.0,0.07117837077813019,0.026521161466522003
2025-02-14,10.0,2.2,1.3,8.903055555555556,6.1,1.0,8.3,0.0,0.0,0.6990793005655562,0.7150441465537444,2,Texas,8.903055555555556,100.0,68.89000000000001,79.26439822530864,89.03055555555555,0.0,0.05598794168948214,0.03324267406725671
2025-02-15,25.0,8.3,0.3,24.15694444444445,16.65,1.0,10.0,0.0,0.0,0.7112757519738152,0.7029130847082615,2,Texas,24.15694444444445,625.0,100.0,583.5579648919755,603.9236111111112,0.0,0.06152591801843379,0.2880899582584794
2025-02-16,12.8,1.7,0.0,22.516111111111115,7.25,0.0,25.0,0.0,0.0,0.7232617254437388,0.6905740195722293,2,Texas,22.516111111111115,163.84000000000003,625.0,506.97525956790145,288.20622222222227,0.0,0.2657910799508295,0.034801108269844165
2025-02-17,16.7,0.6,0.0,16.293888888888887,8.65,0.0,12.8,0.0,0.0,0.7350336741329413,0.6780306024735382,2,Texas,16.293888888888887,278.89,163.84000000000003,265.49081512345674,272.1079444444444,0.0,0.07434199302897422,0.07432269725801723
2025-02-18,15.0,-2.1,1.8,15.191111111111107,6.45,1.0,16.7,0.0,0.0,0.746588114532413,0.6652865452111116,2,Texas,15.191111111111107,225.0,278.89,230.76985679012333,227.86666666666662,0.0,0.10363567483331027,0.05925675262173258
2025-02-19,-1.6,-6.6,0.0,5.1611111111111105,-4.1,0.0,15.0,0.0,0.0,0.7579216274973472,0.6523456189565257,2,Texas,5.1611111111111105,2.5600000000000005,225.0,26.637067901234563,-8.257777777777777,0.0,0.08879406561117291,0.008587728165395441
2025-02-20,1.7,-7.7,0.0,0.3088888888888914,-3.0,0.0,-1.6,0.0,0.0,0.7690308592589181,0.6392116531380588,2,Texas,0.3088888888888914,2.8899999999999997,2.5600000000000005,0.09541234567901388,0.5251111111111153,0.0,0.04423348345307913,0.02286108550124099
2025-02-21,3.3,-1.0,0.0,1.6205555555555564,1.15,0.0,1.7,0.0,0.0,0.7799125224167177,0.6258885343075018,2,Texas,1.6205555555555564,10.889999999999999,2.8899999999999997,2.626200308641978,5.347833333333336,0.0,0.04503358170631995,0.021514793702293283
2025-02-22,5.6,-1.0,1.3,4.491944444444442,2.3,1.0,3.3,0.0,0.0,0.7905633969115482,0.612380204990065,2,Texas,4.491944444444442,31.359999999999996,10.889999999999999,20.17756489197529,25.154888888888877,0.0,0.04642257759581871,0.024309714324417815
2025-02-23,18.3,4.4,0.3,17.422777777777778,11.350000000000001,1.0,5.6,0.0,0.0,0.8009803309782905,0.5986906625177214,2,Texas,17.422777777777778,334.89000000000004,31.359999999999996,303.5531854938272,318.83683333333335,0.0,0.04971483704932974,0.09739263392585848
2025-02-24,25.0,3.9,0.0,24.104722222222218,14.45,0.0,18.3,0.0,0.0,0.8111602420785621,0.5848239578463322,2,Texas,24.104722222222218,625.0,334.89000000000004,581.0376334104936,602.6180555555554,0.0,0.12134369549351186,0.27121794797893073
2025-02-25,25.6,7.8,0.0,24.747777777777774,16.7,0.0,25.0,0.0,0.0,0.8211001178128892,0.5707841943569036,2,Texas,24.747777777777774,655.3600000000001,625.0,612.4525049382714,633.5431111111111,0.0,0.26555203662030424,0.2674278459151024
2025-02-26,28.3,15.6,0.0,27.369093992871175,21.95,0.0,25.6,0.0,0.0,0.8307970168121247,0.5565755266413303,2,Texas,27.369093992871175,800.89,655.3600000000001,749.067305990617,774.5453599982543,0.01537891636963229,0.28698356756507326,0.3899930328334044
2025-02-27,20.6,11.7,0.0,25.981111111111122,16.15,0.0,28.3,0.0,0.0,0.8402480696078469,0.5422021592729844,2,Texas,25.981111111111122,424.36000000000007,800.89,675.0181345679018,535.2108888888891,0.0,0.41034332863094997,0.10900614580561427
2025-02-28,25.6,7.2,0.0,24.617222222222225,16.400000000000002,0.0,20.6,0.0,0.0,0.8494504794814806,0.527668345562516,2,Texas,24.617222222222225,655.3600000000001,424.36000000000007,606.0076299382717,630.200888888889,0.0,0.15554811292365697,0.2771540860363425
2025-03-01,29.4,9.4,0.0,27.510452641597837,19.4,0.0,25.6,0.0,0.0,0.8584015232918917,0.512978386299228,3,Texas,27.510452641597837,864.3599999999999,655.3600000000001,756.8250045455974,808.8073076629763,0.02126886006657654,0.28694791160211847,0.49523145934372687
2025-03-02,26.7,14.4,0.0,26.441388888888895,20.55,0.0,29.4,0.0,0.0,0.8670985522812081,0.4981366284784055,3,Texas,26.441388888888895,712.89,864.3599999999999,699.1470463734571,705.9850833333335,0.0,0.47538884228550393,0.28621164727113463
2025-03-03,26.1,18.9,0.0,25.71722222222222,22.5,0.0,26.7,0.0,0.0,0.8755389928586302,0.4831474640149687,3,Texas,25.71722222222222,681.21,712.89,661.3755188271604,671.2194999999999,0.0,0.3315217221255068,0.24105315701141117
2025-03-04,24.4,11.7,7.9,24.48333333333333,18.049999999999997,1.0,26.1,0.0,0.0,0.8837203473619977,0.4680153284438345,3,Texas,24.48333333333333,595.3599999999999,681.21,599.433611111111,597.3933333333332,0.0,0.3063140412088267,0.2032528363205536
2025-03-05,22.2,10.0,0.0,21.6511111111111,16.1,0.0,24.4,0.0,0.0,0.8916401947968874,0.45274469960737107,3,Texas,21.6511111111111,492.84,595.3599999999999,468.7706123456785,480.6546666666664,0.0,0.24587933565792336,0.13377625350034958
2025-03-06,23.9,5.6,0.0,23.37083333333333,14.75,0.0,22.2,0.0,0.0,0.8992961915530253,0.4373400963303323,3,Texas,23.37083333333333,571.2099999999999,492.84,546.1958506944443,558.5629166666665,0.0,0.18738743429973395,0.20155052737140783
2025-03-07,28.9,15.6,0.0,28.007127103084443,22.25,0.0,23.9,0.0,0.0,0.9066860720977985,0.4218060770826634,3,Texas,28.007127103084443,835.2099999999999,571.2099999999999,784.3991685683271,809.4059732791403,0.04196362929518512,0.23083824611401527,0.429119928682444
2025-03-08,25.6,8.3,0.0,26.059444444444452,16.950000000000003,0.0,28.9,0.0,0.0,0.9138076496466615,0.4061472386305789,3,Texas,26.059444444444452,655.3600000000001,835.2099999999999,679.0946447530869,667.121777777778,0.0,0.4446387323382155,0.2558342567567081
2025-03-09,17.8,7.2,0.0,17.213888888888892,12.5,0.0,25.6,0.0,0.0,0.9206588168102428,0.3903682146763026,3,Texas,17.213888888888892,316.84000000000003,655.3600000000001,296.31797067901243,306.4072222222223,0.0,0.28695761512764334,0.06325920434841913
2025-03-10,26.1,4.4,0.0,25.667777777777783,15.25,0.0,17.8,0.0,0.0,0.9272375462179537,0.374473674486883,3,Texas,25.667777777777783,681.21,316.84000000000003,658.834816049383,669.9290000000002,0.0,0.115309934870662,0.31859171653253066
2025-03-11,28.9,8.3,0.0,26.976995015351136,18.6,0.0,26.1,0.0,0.0,0.9335418911179212,0.35846832151248087,3,Texas,26.976995015351136,835.2099999999999,681.21,727.75826005828,779.6351559436478,0.0,0.3063670428866727,0.4427193556448437
2025-03-12,32.2,13.9,0.0,30.707259459624495,23.05,0.0,28.9,0.0,0.0,0.9395699859530622,0.342356891994542,3,Texas,30.707259459624495,1036.8400000000001,835.2099999999999,942.935783520698,988.7737545999088,0.15446914415102064,0.4447130887904682,0.7103701204653424
2025-03-13,33.9,12.2,0.0,31.122699534472115,23.049999999999997,0.0,32.2,1.0,1.0,0.945320046913132,0.3261441535642696,3,Texas,31.122699534472115,1149.2099999999998,1036.8400000000001,968.6224263130308,1055.0595142186046,0.17177914726967147,0.6888089107205392,0.8588594588115644
2025-03-14,35.6,18.9,0.0,32.65047505555558,27.25,0.0,33.9,2.0,2.0,0.9507903724625832,0.3098349038318025,3,Texas,32.65047505555558,1267.3600000000001,1149.2099999999998,1066.0535213534572,1162.3569119777787,0.23543646064814924,0.8518697028977363,0.9837568550783997
2025-03-15,25.0,14.4,2.0,29.84764431919676,19.7,1.0,35.6,3.0,3.0,0.9559793438440766,0.2934339689665273,3,Texas,29.84764431919676,625.0,1267.3600000000001,890.8818714052786,746.191107979919,0.11865184663319835,1.0,0.2276662708080579
2025-03-16,26.7,9.4,0.0,26.180277777777786,18.05,0.0,25.0,2.0,3.0,0.9608854255574977,0.27694620226893646,3,Texas,26.180277777777786,712.89,625.0,685.4069445216054,699.0134166666669,0.0,0.2064669233948398,0.21998346919777864
2025-03-17,30.0,5.0,0.0,27.717770495484462,17.5,0.0,26.7,1.0,3.0,0.9655071658143364,0.2603764827344581,3,Texas,27.717770495484462,900.0,712.89,768.274801240349,831.5331148645339,0.029907103978519256,0.1994041714719811,0.3100028694840006
2025-03-18,30.6,13.9,0.0,29.076271755555542,22.25,0.0,30.0,0.0,3.0,0.969843196967294,0.24372971360968387,3,Texas,29.076271755555542,936.3600000000001,900.0,845.4295792029169,889.7339157199996,0.08651132314814758,0.24968400911204747,0.22474691045863884
2025-03-19,25.6,11.7,0.0,25.96805555555556,18.65,0.0,30.6,0.0,3.0,0.9738922359149924,0.22701082094141847,3,Texas,25.96805555555556,655.3600000000001,936.3600000000001,674.33990933642,664.7822222222223,0.0,0.2741033999166908,0.0822126673342998
2025-03-20,21.7,6.7,0.0,20.995555555555555,14.2,0.0,25.6,0.0,2.0,0.9776530844816641,0.2102247521189836,3,Texas,20.995555555555555,470.89,655.3600000000001,440.81335308641974,455.60355555555554,0.0,0.17026132185465398,0.05872487513431583
2025-03-21,26.7,6.1,0.0,26.36305555555556,16.4,0.0,21.7,0.0,1.0,0.981124629771712,0.19337647441020586,3,Texas,26.36305555555556,712.89,470.89,695.0106982253089,703.8935833333335,0.0,0.1348423833446832,0.23589008102269593
2025-03-22,30.0,12.2,0.0,28.572364773137767,21.1,0.0,26.7,0.0,0.0,0.984305844499033,0.17647097349152166,3,Texas,28.572364773137767,900.0,712.89,816.380028729244,857.170943194133,0.06551519888074031,0.3319279289129236,0.4950461113257773
2025-03-23,31.7,16.7,10.9,31.348378167197765,24.2,1.0,30.0,0.0,0.0,0.9871957872910085,0.15951325197263655,3,Texas,31.348378167197765,1004.89,900.0,982.7208137136415,993.7435879001691,0.18118242363324022,0.5156228196696013,0.648414004752802
2025-03-24,29.4,15.0,0.0,29.336038526595594,22.2,0.0,31.7,0.0,0.0,0.9897936029670716,0.14250832791617088,3,Texas,29.336038526595594,864.3599999999999,1004.89,860.603156433901,862.4795326819104,0.09733493860814975,0.6446934483835195,0.4297214067578915
2025-03-25,32.8,15.6,0.0,31.75479802455107,24.2,0.0,29.4,0.0,0.0,0.992098522791769,0.12546123335273648,3,Texas,31.75479802455107,1075.84,864.3599999999999,1008.3671975800327,1041.557375205275,0.19811658435629464,0.4761166763289302,0.7431389482313775
2025-03-26,27.8,17.2,2.8,28.572364773137767,22.5,1.0,32.8,1.0,1.0,0.9941098647022418,0.10837701279187609,3,Texas,28.572364773137767,772.84,1075.84,816.380028729244,794.3117406932299,0.06551519888074031,0.7437969009291235,0.3167416362964708
2025-03-27,19.4,17.2,21.8,23.958333333333332,18.299999999999997,1.0,27.8,1.0,1.0,0.9958270335100595,0.09126072172931188,3,Texas,23.958333333333332,376.35999999999996,772.84,574.0017361111111,464.79166666666663,0.0,0.3859323986950045,0.06804957026426345
2025-03-28,22.8,17.2,0.8,22.329999999999995,20.0,1.0,19.4,1.0,1.0,0.9972495210773451,0.07411742515094437,3,Texas,22.329999999999995,519.84,376.35999999999996,498.62889999999976,509.1239999999999,0.0,0.13712115028339475,0.12704740672403872
2025-03-29,31.1,18.3,0.0,31.539548077777795,24.700000000000003,0.0,22.8,0.0,1.0,0.998376906467142,0.056952196034039754,3,Texas,31.539548077777795,967.21,519.84,994.743092950457,980.8799452188895,0.18914783657407477,0.15451583071261007,0.4672999872485293
2025-03-30,26.1,20.6,0.3,28.76327423575113,23.35,1.0,31.1,0.0,1.0,0.9992088560679753,0.03977011384605572,3,Texas,28.76327423575113,681.21,967.21,827.3259447610247,750.7214575531045,0.07346975982296373,0.47959812907910304,0.1651305747162802
2025-03-31,26.7,17.8,0.0,26.0463888888889,22.25,0.0,26.1,0.0,1.0,0.9997451236925734,0.022576263041545485,3,Texas,26.0463888888889,712.89,681.21,678.414374151235,695.4385833333336,0.0,0.2380388745778736,0.17442966044862654
2025-04-01,28.9,16.7,0.0,30.967434366904588,22.799999999999997,0.0,26.7,0.0,1.0,0.9999855506507186,0.005375731557583884,4,Texas,30.967434366904588,835.2099999999999,712.89,958.9819912685433,894.9588532035425,0.16530976528769115,0.25847601507701573,0.3157502432308401
2025-04-02,30.0,22.2,0.8,31.900241944515585,26.1,1.0,28.9,0.0,0.0,0.9999300657962057,-0.011826390691832589,4,Texas,31.900241944515585,900.0,835.2099999999999,1017.6254361186315,957.0072583354676,0.2041767476881494,0.4459655648934543,0.47836541328962107
2025-04-03,32.8,20.0,0.0,33.57033428108443,26.4,0.0,30.0,0.0,0.0,0.9995786855478958,-0.029025013321975237,4,Texas,33.57033428108443,1075.84,900.0,1126.9673437437523,1101.106964419569,0.2737639283785178,0.5165857052580538,0.7372207208661499
2025-04-04,32.2,15.0,1.0,35.286900788051064,23.6,1.0,32.8,1.0,1.0,0.9989315138848577,-0.046215046983708354,4,Texas,35.286900788051064,1036.8400000000001,1075.84,1245.1653672257587,1136.2382053752444,0.345287532835461,0.7448496086277958,0.7761117226664834
2025-04-05,16.7,10.0,1.3,24.48333333333333,13.35,1.0,32.2,2.0,2.0,0.9979887423155984,-0.06339140486951038,4,Texas,24.48333333333333,278.89,1036.8400000000001,599.433611111111,408.8716666666666,0.0,0.6929213026413438,0.04453304474987928
2025-04-06,15.0,6.1,0.0,14.313055555555556,10.55,0.0,16.7,2.0,2.0,0.9967506498213929,-0.08054900421874167,4,Texas,14.313055555555556,225.0,278.89,204.86355933641977,214.69583333333333,0.0,0.10491802438851183,0.03919859947409799
2025-04-07,22.2,3.9,0.0,21.073888888888884,13.049999999999999,0.0,15.0,1.0,2.0,0.9952176027737294,-0.09768276782171598,4,Texas,21.073888888888884,492.84,225.0,444.1087929012344,467.8403333333332,0.0,0.06758406147105518,0.09605018111042733
2025-04-08,26.1,5.0,0.0,25.667777777777783,15.55,0.0,22.2,0.0,2.0,0.9933900548258936,-0.11478762552212701,4,Texas,25.667777777777783,681.21,492.84,658.834816049383,669.9290000000002,0.0,0.10926531219243889,0.13699356174737864
2025-04-09,30.6,11.7,0.0,28.307362355555572,21.15,0.0,26.1,0.0,2.0,0.9912685467787256,-0.13185851571739118,4,Texas,28.307362355555572,936.3600000000001,681.21,801.3067635287247,866.2052880800005,0.05447343148148217,0.1833283209825332,0.28297768145062163
2025-04-10,32.2,12.8,0.0,31.297374850524463,22.5,0.0,30.6,0.0,2.0,0.9888537064205885,-0.1488903868564548,4,Texas,31.297374850524463,1036.8400000000001,936.3600000000001,979.5256725342412,1007.7754701868878,0.1790572854385193,0.35330990620392333,0.39752031486844064
2025-04-11,32.2,15.0,0.0,29.16510310077114,23.6,0.0,32.2,1.0,2.0,0.986146248341595,-0.16587819893463143,4,Texas,29.16510310077114,1036.8400000000001,1036.8400000000001,850.6032388786105,939.1163198448309,0.09021262919879754,0.5626193000287205,0.4497892961458861
2025-04-12,32.8,16.1,0.0,30.92745487159113,24.45,0.0,32.2,2.0,2.0,0.9831469737221499,-0.1828169249850199,4,Texas,30.92745487159113,1075.84,1036.8400000000001,956.507464834306,1014.420519788189,0.16364395298296378,0.6939570161990528,0.6569686174771234
2025-04-13,33.9,16.1,0.0,31.830555067117814,25.0,0.0,32.8,3.0,3.0,0.9798567700958665,-0.1997015525660636,4,Texas,31.830555067117814,1149.2099999999998,1075.84,1013.1842358808195,1079.0558167752938,0.20127312779657558,0.750600121044781,0.7667426162134912
2025-04-14,33.9,18.3,0.0,31.62190639159107,26.1,0.0,33.9,3.0,4.0,0.9762766110869321,-0.21652708524481437,4,Texas,31.62190639159107,1149.2099999999998,1149.2099999999998,999.9449638385482,1071.9826266749374,0.19257943298296132,0.7130561434518806,0.5921707037740845
2025-04-15,28.3,18.9,0.0,29.745586538231123,23.6,0.0,33.9,3.0,5.0,0.9724075561219968,-0.23328854407545518,4,Texas,29.745586538231123,800.89,1149.2099999999998,884.7999185033966,841.8000990319408,0.11439943909296346,0.5817532556229745,0.16149592177078803
2025-04-16,30.6,17.8,0.0,28.59431378340449,24.200000000000003,0.0,28.3,2.0,5.0,0.9682507501166718,-0.2499809690726521,4,Texas,28.59431378340449,936.3600000000001,800.89,817.6347807437961,874.9860017721775,0.06642974097518713,0.1954164995500568,0.177175616980095
2025-04-17,31.7,20.0,0.0,30.898330215831233,25.85,0.0,30.6,1.0,5.0,0.9638074231367307,-0.26659942067929354,4,Texas,30.898330215831233,1004.89,936.3600000000001,954.7068101265494,979.47706784185,0.16243042565963473,0.2138717593335545,0.16496941906944063
2025-04-18,33.9,20.6,0.0,34.261995594095616,27.25,0.0,31.7,0.0,4.0,0.9590788900341131,-0.28313898122818354,4,Texas,34.261995594095616,1149.2099999999998,1004.89,1173.8843420898274,1161.4816506398413,0.302583149753984,0.2546367118456007,0.29484207587326455
2025-04-19,29.4,21.1,0.0,30.159277208915682,25.25,0.0,33.9,1.0,4.0,0.9540665500578387,-0.2995947563972602,4,Texas,30.159277208915682,864.3599999999999,1149.2099999999998,909.5820017642209,886.6827499421211,0.13163655037148678,0.46384955727585614,0.13576584291054128
2025-04-20,29.4,16.7,4.6,28.33768810961774,23.049999999999997,1.0,29.4,1.0,3.0,0.9487718864399473,-0.31596187665790293,4,Texas,28.33768810961774,864.3599999999999,864.3599999999999,803.0245673979707,833.1280304227615,0.05573700456740586,0.29763562620848505,0.1986924216021302
2025-04-21,31.1,12.2,0.0,29.06781617369778,21.65,0.0,29.4,1.0,2.0,0.9431964659565866,-0.33223549871590435,4,Texas,29.06781617369778,967.21,864.3599999999999,844.9379371078861,904.0090830020009,0.08615900723740744,0.3807480975729023,0.3838554000446169
2025-04-22,31.7,20.6,32.0,32.02327019841567,26.15,1.0,31.1,0.0,1.0,0.9373419384643772,-0.3484108069446808,4,Texas,32.02327019841567,1004.89,967.21,1025.4898342007375,1015.1376652897768,0.2093029249339864,0.482423336004965,0.4320893158137953
2025-04-23,30.0,18.3,11.4,31.20833997777773,24.15,1.0,31.7,0.0,1.0,0.9312100364121947,-0.3644830148102912,4,Texas,31.20833997777773,900.0,1004.89,973.9604841685597,936.2501993333319,0.17534749907407207,0.524882807139976,0.32470272060041777
2025-04-24,31.1,18.9,0.0,32.53139821281776,25.0,0.0,30.0,0.0,1.0,0.9248025743285089,-0.38044736628785164,4,Texas,32.53139821281776,967.21,900.0,1058.2918696809227,1011.7264844186325,0.23047492553407345,0.4133556283391614,0.4046060319860755
2025-04-25,30.0,19.4,1.3,32.25272841111113,24.7,1.0,31.1,0.0,1.0,0.9181214482844364,-0.39629913726891813,4,Texas,32.25272841111113,900.0,967.21,1040.238489960895,967.5818523333338,0.21886368379629703,0.48289737738231353,0.3356176244891882
2025-04-26,30.6,21.1,0.3,30.915363245315625,25.85,1.0,30.0,0.0,0.0,0.9111686353326631,-0.41203363695942635,4,Texas,30.915363245315625,936.3600000000001,900.0,955.7596845898122,946.0101153066581,0.16314013522148438,0.5198306396544429,0.4466971422199683
2025-04-27,29.4,21.1,0.0,30.294298970771212,25.25,0.0,30.6,0.0,0.0,0.9039461929224011,-0.42764620926777464,4,Texas,30.294298970771212,864.3599999999999,936.3600000000001,917.7445501304697,890.6523897406736,0.13726245711546717,0.5629169837967972,0.34924183294732736
2025-04-28,30.6,22.2,0.0,31.887677555555513,26.4,0.0,29.4,0.0,0.0,0.8964562582905575,-0.44313223418263453,4,Texas,31.887677555555513,936.3600000000001,864.3599999999999,1016.8239798870788,975.7629331999988,0.2036532314814797,0.4802914227922392,0.4483356488107994
2025-04-29,31.1,22.8,0.0,32.02327019841567,26.950000000000003,0.0,30.6,0.0,0.0,0.8887010478292915,-0.45848712914008766,4,Texas,32.02327019841567,967.21,936.3600000000001,1025.4898342007375,995.9237031707274,0.2093029249339864,0.5632900593050677,0.47482832727111635
2025-04-30,31.7,22.2,0.0,32.930913029315576,26.95,0.0,31.1,0.0,0.0,0.8806828564301475,-0.47370635037968,4,Texas,32.930913029315576,1004.89,967.21,1084.4450329443464,1043.9099430293038,0.24712137622148234,0.6016285403713006,0.5399134683435589
2025-05-01,34.4,18.9,0.0,35.22748101695786,26.65,0.0,31.7,0.0,0.0,0.8724040568049612,-0.48878539428899265,5,Texas,35.22748101695786,1183.36,1004.89,1240.9754188001264,1211.8253469833503,0.3428117090399108,0.6504746498992782,0.8519268601901905
2025-05-02,28.3,17.2,0.8,31.20833997777773,22.75,1.0,34.4,1.0,1.0,0.8638670987837349,-0.503719798736334,5,Texas,31.20833997777773,800.89,1183.36,973.9604841685597,883.1960213711097,0.17534749907407207,0.9085632994007335,0.3131151533365956
2025-05-03,27.2,15.0,0.0,26.40222222222222,21.1,0.0,28.3,1.0,1.0,0.8550745085896932,-0.518505144391157,5,Texas,26.40222222222222,739.8399999999999,800.89,697.0773382716048,718.1404444444444,0.0,0.41698570052308986,0.2241350971889866
2025-05-04,28.9,13.3,0.0,27.068432814157852,21.1,0.0,27.2,1.0,1.0,0.8460288880917339,-0.533137056031809,5,Texas,27.068432814157852,835.2099999999999,739.8399999999999,732.7000550145775,782.2777083291619,0.0028513672565771606,0.3603659579691682,0.3130803187661391
2025-05-05,25.0,16.7,18.0,25.82444444444445,20.85,1.0,28.9,0.0,1.0,0.8367329140344921,-0.5476112038402312,5,Texas,25.82444444444445,625.0,835.2099999999999,666.9019308641978,645.6111111111112,0.0,0.35533263562089756,0.10554922850569763
2025-05-06,31.7,17.2,13.2,31.09243211641781,24.45,1.0,25.0,0.0,1.0,0.8271893372462497,-0.5619233046832195,5,Texas,31.09243211641781,1004.89,625.0,966.7393349140498,985.6300980904446,0.17051800485074212,0.20784960399934455,0.42400652129324534
2025-05-07,27.8,17.2,0.0,29.336038526595594,22.5,0.0,31.7,0.0,1.0,0.8174009818249189,-0.5760691233798758,5,Texas,29.336038526595594,772.84,1004.89,860.603156433901,815.5418710393575,0.09733493860814975,0.5274358132757232,0.1862589239417443
2025-05-08,29.4,15.6,0.0,28.696246040435614,22.5,0.0,27.8,0.0,1.0,0.8073707443023492,-0.5900444739548627,5,Texas,28.696246040435614,864.3599999999999,772.84,823.4745368132167,843.6696335888071,0.07067691835148393,0.3048795790872221,0.2520794213272783
2025-05-09,27.8,17.2,0.0,26.95966309799115,22.5,0.0,29.4,0.0,0.0,0.7971015927871943,-0.6038452208771035,5,Texas,26.95966309799115,772.84,864.3599999999999,726.8234343571858,749.478634124154,0.0,0.482253198003255,0.23393140138934873
2025-05-10,27.2,16.7,2.5,26.59805555555556,21.95,1.0,27.8,0.0,0.0,0.7865965660866021,-0.6174672802835514,5,Texas,26.59805555555556,739.8399999999999,772.84,707.45655933642,723.4671111111112,0.0,0.3897787558989221,0.21813967480368437
2025-05-11,28.3,16.1,0.0,26.660030820035605,22.200000000000003,0.0,27.2,0.0,0.0,0.7758587728069828,-0.6309066211876704,5,Texas,26.660030820035605,800.89,739.8399999999999,710.7572433252483,754.4788722070076,0.0,0.3600622950554388,0.25816874500929604
2025-05-12,33.3,12.2,0.0,30.67981620963555,22.75,0.0,28.3,0.0,0.0,0.7648913904341225,-0.6441592666722685,5,Texas,30.67981620963555,1108.8899999999999,800.89,941.2511226570163,1021.6378797808637,0.15332567540148126,0.4169785912311582,0.6591095756556683
2025-05-13,38.3,17.2,0.0,37.60369765459558,27.75,0.0,33.3,1.0,1.0,0.753697664392914,-0.6572212950663319,5,Texas,37.60369765459558,1466.8899999999999,1108.8899999999999,1414.0380772982369,1440.2216201710105,0.4418207356081491,0.8003067294066875,1.0
2025-05-14,38.3,21.7,0.0,41.0865594767378,30.0,0.0,38.3,2.0,2.0,0.742280907086982,-0.6700888411055113,5,Texas,41.0865594767378,1466.8899999999999,1466.8899999999999,1688.1053696355125,1573.6152279590576,0.5869399781974082,1.0,1.0
2025-05-15,37.2,21.7,0.0,38.356258128515606,29.450000000000003,0.0,38.3,3.0,3.0,0.7306444969184916,-0.6827580970759147,5,Texas,38.356258128515606,1383.8400000000001,1466.8899999999999,1471.2025376213194,1426.8528023807805,0.47317742202148355,1.0,1.0
2025-05-16,37.2,25.0,0.0,40.57779183609559,31.1,0.0,37.2,3.0,4.0,0.7187918772884232,-0.6952253139408722,5,Texas,40.57779183609559,1383.8400000000001,1383.8400000000001,1646.5571902935062,1509.493856302756,0.565741326503983,1.0,1.0
2025-05-17,37.2,26.1,0.0,41.23738470599116,31.650000000000002,0.0,37.2,3.0,5.0,0.7067265555776158,-0.7074868024503348,5,Texas,41.23738470599116,1383.8400000000001,1383.8400000000001,1700.5218973899136,1534.0307110628712,0.5932243627496318,0.9165125864462783,0.9126773982472718
2025-05-18,35.0,25.0,0.0,37.21448419023117,30.0,0.0,37.2,3.0,6.0,0.6944521021088763,-0.719538934232584,5,Texas,37.21448419023117,1225.0,1383.8400000000001,1384.9178335449656,1302.5069466580908,0.4256035079262987,0.7680446445591874,0.4386027283535976
2025-05-19,30.6,25.6,0.0,33.882145611111156,28.1,0.0,35.0,3.0,7.0,0.6819721490904629,-0.7313781428679254,5,Texas,33.882145611111156,936.3600000000001,1225.0,1147.9997912125389,1036.7936557000014,0.2867560671296315,0.4465608250756503,0.11583357992019837
2025-05-20,35.6,24.4,0.0,33.44940924444435,30.0,0.0,30.6,2.0,6.0,0.6692903895412567,-0.7430009249440493,5,Texas,33.44940924444435,1267.3600000000001,936.3600000000001,1118.8629788023188,1190.7989691022187,0.26872538518518113,0.21776982550054727,0.30051402769936314
2025-05-21,34.4,21.1,0.0,32.22746681119117,27.75,0.0,35.6,2.0,6.0,0.6564105761979381,-0.7544038410927472,5,Texas,32.22746681119117,1183.36,1267.3600000000001,1038.6096170664284,1108.6248583049762,0.21781111713296544,0.49034608932857565,0.2248072433554931
2025-05-22,37.2,24.4,0.0,38.99620826783118,30.8,0.0,34.4,2.0,6.0,0.6433365204044917,-0.765583517007675,5,Texas,38.99620826783118,1383.8400000000001,1183.36,1520.7042592680648,1450.65894756332,0.49984201115963245,0.4043277867594856,0.5427805988669788
2025-05-23,37.2,20.6,7.1,38.657691714051126,28.900000000000002,1.0,37.2,3.0,6.0,0.6300720909843687,-0.7765366444428655,5,Texas,38.657691714051126,1383.8400000000001,1383.8400000000001,1494.417128658617,1438.066131762702,0.48573715475213025,0.7693758706038454,0.6950467564053948
2025-05-24,37.2,25.0,0.0,39.12359551698453,31.1,0.0,37.2,3.0,6.0,0.6166212130956382,-0.7872599821916922,5,Texas,39.12359551698453,1383.8400000000001,1383.8400000000001,1530.655726176612,1455.3977532318247,0.5051498132076887,0.7696454130036249,0.6662194834434777
2025-05-25,37.2,25.6,0.0,40.45219808299563,31.400000000000002,0.0,37.2,3.0,6.0,0.6029878670694714,-0.7977503570459932,5,Texas,40.45219808299563,1383.8400000000001,1383.8400000000001,1636.3803297459153,1504.8217686874375,0.5605082534581513,0.7699158700635262,0.7143778796224844
2025-05-26,32.8,18.9,58.7,36.32746605479784,25.849999999999998,1.0,37.2,3.0,6.0,0.5891760872322963,-0.8080046647350754,5,Texas,36.32746605479784,1075.84,1383.8400000000001,1319.6847899624893,1191.540886597369,0.3886444189499099,0.7701871621032497,0.30963617441825825
2025-05-27,33.9,18.3,0.0,34.492084111084516,26.1,0.0,32.8,3.0,7.0,0.5751899607119775,-0.8180198708443174,5,Texas,34.492084111084516,1149.2099999999998,1075.84,1189.703866326129,1169.2816513657651,0.31217017129518815,0.3134057904509265,0.24830119675132073
2025-05-28,31.1,20.0,34.0,31.887677555555513,25.55,1.0,33.9,3.0,7.0,0.5610336262283677,-0.8277930117131022,5,Texas,31.887677555555513,967.21,1149.2099999999998,1016.8239798870788,991.7067719777765,0.2036532314814797,0.3751462864193732,0.12214944763460714
2025-05-29,32.2,20.6,0.0,34.7744635280245,26.400000000000002,0.0,31.1,2.0,6.0,0.5467112728685939,-0.8373211953118121,5,Texas,34.7744635280245,1036.8400000000001,967.21,1209.263313661906,1119.737725602389,0.32393598033435406,0.23706422710839756,0.18004112829756785
2025-05-30,28.3,20.6,33.0,33.6296077330646,24.450000000000003,1.0,32.2,2.0,6.0,0.5322271388474397,-0.8466016020976267,5,Texas,33.6296077330646,800.89,1036.8400000000001,1130.9505162797984,951.7178988457283,0.27623365554435847,0.28351079264232565,0.0799727263987296
2025-05-31,31.1,21.1,0.0,32.15124504993779,26.1,0.0,28.3,1.0,5.0,0.5175855102531889,-0.8556314858488706,5,Texas,32.15124504993779,967.21,800.89,1033.7025582611493,999.9037210530654,0.21463521041407466,0.15182840629677422,0.123896613815174
2025-06-01,35.6,21.7,0.0,39.386496818595646,28.65,0.0,31.1,1.0,4.0,0.5027907197793043,-0.8644081744776648,6,Texas,39.386496818595646,1267.3600000000001,967.21,1551.296131641245,1402.159286742005,0.5161040341081519,0.3052323945971444,0.575574029907228
2025-06-02,35.0,23.3,0.0,37.20667336761786,29.15,0.0,35.6,1.0,4.0,0.4878471454423119,-0.8729290708206411,6,Texas,37.20667336761786,1225.0,1267.3600000000001,1384.336543084604,1302.2335678666252,0.4252780569840775,0.6101868888978942,0.42842181054029305
2025-06-03,34.4,25.6,0.0,38.85491958937559,30.0,0.0,35.0,2.0,4.0,0.47275920928627757,-0.881191653407483,6,Texas,38.85491958937559,1183.36,1225.0,1509.704776296843,1336.6092338745202,0.4939549828906496,0.6887518990684447,0.5481759990862317
2025-06-04,32.2,23.9,0.0,36.100147751724435,28.05,0.0,34.4,3.0,4.0,0.4575313760742512,-0.8891934772070711,6,Texas,36.100147751724435,1036.8400000000001,1183.36,1303.2206676963349,1162.424757605527,0.3791728229885181,0.7733197706321651,0.4379706169866019
2025-06-05,35.0,23.3,0.0,37.91852052531555,29.15,0.0,32.2,3.0,5.0,0.44216815196707204,-0.8969321743510065,6,Texas,37.91852052531555,1225.0,1036.8400000000001,1437.8141988287766,1327.1482183860442,0.45493835522148124,0.46289470197777555,0.5861233635435669
2025-06-06,35.6,25.6,0.0,38.15792965555557,30.6,0.0,35.0,3.0,5.0,0.42667408318992467,-0.9044054548343001,6,Texas,38.15792965555557,1267.3600000000001,1225.0,1456.0275955983273,1358.4222957377783,0.46491373564814875,0.6916339383466364,0.6142023950798414
2025-06-07,35.6,25.6,0.0,38.9300934206755,30.6,0.0,35.6,3.0,6.0,0.4110537546870351,-0.9116111071930239,6,Texas,38.9300934206755,1267.3600000000001,1267.3600000000001,1515.5521737425217,1385.9113257760478,0.4970872258614791,0.6153342470141987,0.502852751333691
2025-06-08,35.6,25.0,0.0,41.298035890151304,30.3,0.0,35.6,3.0,7.0,0.3953117887649151,-0.9185469991587165,6,Texas,41.298035890151304,1267.3600000000001,1267.3600000000001,1705.5277683842253,1470.2100776893865,0.595751495422971,0.4958322397119841,0.46337201400463124
2025-06-09,37.2,20.0,2.8,38.85491958937559,28.6,1.0,35.6,3.0,7.0,0.37945284372454435,-0.925211078289358,6,Texas,38.85491958937559,1383.8400000000001,1267.3600000000001,1509.704776296843,1445.403008724772,0.4939549828906496,0.4960440372307326,0.5394578033978756
2025-06-10,33.3,22.8,0.0,33.680797364284345,28.049999999999997,0.0,37.2,3.0,7.0,0.36348161248290634,-0.9316013725767187,6,Texas,33.680797364284345,1108.8899999999999,1383.8400000000001,1134.3961110939833,1121.5705522306687,0.278366556845181,0.6366051785708722,0.1760680991174081
2025-06-11,31.7,21.1,7.4,32.78368005370444,26.4,1.0,33.3,3.0,7.0,0.3474028211842774,-0.9377159910299093,6,Texas,32.78368005370444,1004.89,1108.8899999999999,1074.7696778636582,1039.2426577024307,0.24098666890435153,0.34243678182129583,0.13434067885672413
2025-06-12,27.2,21.1,9.1,31.015885100115636,24.15,1.0,31.7,2.0,6.0,0.3312212278016865,-0.9435531242349544,6,Texas,31.015885100115636,739.8399999999999,1004.89,961.9851285435751,843.6320747231453,0.1673285458381515,0.2630375648793265,0.05138402036426891
2025-06-13,35.0,20.0,0.0,38.17443465370449,27.5,0.0,27.2,1.0,5.0,0.31494162072895193,-0.9491110448902284,6,Texas,38.17443465370449,1225.0,739.8399999999999,1457.287461129954,1336.105212879657,0.46560144390435365,0.1293393124186849,0.375881773915173
2025-06-14,35.6,23.9,0.0,40.288316255555614,29.75,0.0,35.0,1.0,5.0,0.2985688173637202,-0.9543881083175908,6,Texas,40.288316255555614,1267.3600000000001,1225.0,1623.1484267076667,1434.26405869778,0.553679843981484,0.44846442897408334,0.4301105684820412
2025-06-15,36.1,21.1,0.3,40.12194125900458,28.6,1.0,35.6,2.0,5.0,0.2821076626819194,-0.9593827529490743,6,Texas,40.12194125900458,1303.21,1267.3600000000001,1609.770170391014,1448.4020794500655,0.5467475524585241,0.615304218057093,0.6179577807085409
2025-06-16,35.0,21.1,0.0,39.9103602111111,28.05,0.0,36.1,3.0,5.0,0.26556302780405594,-0.9640935007889755,6,Texas,39.9103602111111,1225.0,1303.21,1592.8368521806399,1396.8626073888884,0.5379316754629624,0.8047277083825483,0.6421458615555811
2025-06-17,35.6,22.2,0.0,37.83491347777776,28.9,0.0,35.0,3.0,5.0,0.24893980855376657,-0.9685189578512204,6,Texas,37.83491347777776,1267.3600000000001,1225.0,1431.4806778709292,1346.9229198088883,0.45145472824074,0.6944784846426362,0.6089132271182564
2025-06-18,35.6,25.6,0.0,39.03336019249782,30.6,0.0,35.6,3.0,5.0,0.23224292400907015,-0.9726578145718654,6,Texas,39.03336019249782,1267.3600000000001,1267.3600000000001,1523.6032079172733,1389.5876228529223,0.5013900080207424,0.7536867993354455,0.6250698157491356
2025-06-19,37.2,25.6,0.0,40.57779183609559,31.400000000000002,0.0,35.6,3.0,6.0,0.21547731504673012,-0.976508846196619,6,Texas,40.57779183609559,1383.8400000000001,1267.3600000000001,1646.5571902935062,1509.493856302756,0.565741326503983,0.6182300397570842,0.6800724468286041
2025-06-20,36.7,25.6,0.0,40.50424907331573,31.150000000000002,0.0,37.2,3.0,7.0,0.19864794288017112,-0.9800709131432666,6,Texas,40.50424907331573,1346.89,1383.8400000000001,1640.5941929931978,1486.5059409906873,0.5626770447214886,0.6390524875701343,0.49071567443972886
2025-06-21,35.6,25.0,0.0,38.03229269063124,30.3,0.0,36.7,3.0,7.0,0.18175978759137534,-0.9833429613388902,6,Texas,38.03229269063124,1267.3600000000001,1346.89,1446.4552873058421,1353.949619786472,0.4596788621096349,0.5922616753781277,0.3433984393556273
2025-06-22,36.1,25.0,0.0,37.91852052531555,30.55,0.0,35.6,3.0,7.0,0.16481784665719793,-0.9863240225317866,6,Texas,37.91852052531555,1303.21,1267.3600000000001,1437.8141988287766,1368.8585909638914,0.45493835522148124,0.4987506151855983,0.37331704693913653
2025-06-23,36.7,25.6,0.0,38.657691714051126,31.150000000000002,0.0,36.1,3.0,7.0,0.14782713347053048,-0.9890132145779883,6,Texas,38.657691714051126,1346.89,1303.21,1494.417128658617,1418.7372859056763,0.48573715475213025,0.5399125331897328,0.4288206358683514
2025-06-24,35.0,23.9,0.8,36.32746605479784,29.45,1.0,36.7,3.0,7.0,0.13079267585675922,-0.9914097417023038,6,Texas,36.32746605479784,1225.0,1346.89,1319.6847899624893,1271.4613119179244,0.3886444189499099,0.5929416860894466,0.2815794949936459
2025-06-25,35.6,23.9,0.0,37.598498363004396,29.75,0.0,35.0,3.0,7.0,0.11371951458594969,-0.9935128947338007,6,Texas,37.598498363004396,1267.3600000000001,1225.0,1413.6470791528443,1338.5065417229566,0.4416040984585165,0.4537654560059599,0.33952450485264934
2025-06-26,36.7,24.4,0.0,37.71805098215121,30.55,0.0,35.6,3.0,7.0,0.0966127018812031,-0.9953220513156602,6,Texas,37.71805098215121,1346.89,1267.3600000000001,1422.651369892158,1384.2524710449495,0.4465854575896338,0.49955324757008945,0.40628240688162004
2025-06-27,35.6,22.8,0.0,38.03229269063124,29.200000000000003,0.0,36.7,3.0,7.0,0.07947729992362097,-0.9968366760893436,6,Texas,38.03229269063124,1267.3600000000001,1346.89,1446.4552873058421,1353.949619786472,0.4596788621096349,0.5936095709774335,0.3497328767921617
2025-06-28,36.7,24.4,0.0,38.03229269063124,30.55,0.0,35.6,3.0,7.0,0.062318379354325076,-0.998056320853012,6,Texas,38.03229269063124,1346.89,1267.3600000000001,1446.4552873058421,1395.7851417461666,0.4596788621096349,0.4999469187303289,0.41390602641888014
2025-06-29,36.7,23.3,0.0,39.70381845540449,30.0,0.0,36.7,3.0,7.0,0.04514101777397193,-0.9989806246941579,6,Texas,39.70381845540449,1346.89,1346.89,1576.393199939718,1457.130137313345,0.529325768975187,0.5940471974335532,0.4697265765209394
2025-06-30,36.1,23.3,1.3,37.71805098215121,29.700000000000003,1.0,36.7,3.0,7.0,0.02795029824021032,-0.999609314096404,6,Texas,37.71805098215121,1303.21,1346.89,1422.651369892158,1361.6216404556587,0.4465854575896338,0.594263523302595,0.37594518280262634
2025-07-01,35.0,22.8,0.5,36.089105944444455,28.9,1.0,36.1,3.0,7.0,0.01075130776352193,-0.9999422030204416,7,Texas,36.089105944444455,1225.0,1303.21,1302.423567869336,1263.118708055556,0.37871274768518565,0.5415724751967763,0.2786893289573049
2025-07-02,34.4,23.9,15.7,37.84634757387565,29.15,1.0,35.0,3.0,7.0,-0.00645086419810515,-0.9999791929590823,7,Texas,37.84634757387565,1183.36,1225.0,1432.346024682603,1301.9143565413221,0.4519311489114853,0.45503784830757993,0.28327285304259664
2025-07-03,28.3,23.9,24.1,31.83459685006206,26.1,1.0,34.4,3.0,7.0,-0.023651127245231586,-0.9997202729664083,7,Texas,31.83459685006206,800.89,1183.36,1013.4415566059812,900.9190908567563,0.20144153541925247,0.413318548223044,0.05767546972997114
2025-07-04,27.8,23.3,21.8,31.83459685006206,25.55,1.0,28.3,2.0,6.0,-0.04084439154329611,-0.9991655196610109,7,Texas,31.83459685006206,772.84,800.89,1013.4415566059812,885.0017924317252,0.20144153541925247,0.1550639001103346,0.05647447032034411
2025-07-05,25.0,22.8,68.1,32.33789784339563,23.9,1.0,27.8,1.0,5.0,-0.05802556932878035,-0.9983150972033183,7,Texas,32.33789784339563,625.0,772.84,1045.7396369298917,808.4474460848908,0.2224124101414846,0.14312310215189403,0.03442631380192209
2025-07-06,32.2,23.3,0.0,34.80727677236455,27.75,0.0,25.0,0.0,4.0,-0.07518957641475855,-0.9971692572470178,7,Texas,34.80727677236455,1036.8400000000001,625.0,1211.546516307989,1120.7943120701386,0.32530319884852305,0.09463134727705334,0.1619239068435348
2025-07-07,32.2,24.4,0.8,35.55203763279115,28.3,1.0,32.2,1.0,4.0,-0.09233133369539122,-0.9957283388645872,7,Texas,35.55203763279115,1036.8400000000001,1036.8400000000001,1263.947379843398,1144.775611775875,0.3563349013662978,0.3681005141245366,0.222007398013029
2025-07-08,35.0,24.4,0.0,37.598498363004396,29.7,0.0,32.2,2.0,4.0,-0.10944576864891556,-0.993992768446958,7,Texas,37.598498363004396,1225.0,1036.8400000000001,1413.6470791528443,1315.947442705154,0.4416040984585165,0.4675664987310807,0.5285711890866651
2025-07-09,31.1,22.8,7.6,34.24562740051562,26.950000000000003,1.0,35.0,3.0,4.0,-0.12652781683868314,-0.9919630595773397,7,Texas,34.24562740051562,967.21,1225.0,1172.7629960549464,1065.0390121560358,0.30190114168815096,0.8433911062372174,0.3095352703795897
2025-07-10,33.9,21.7,0.0,36.60358037643559,27.799999999999997,0.0,31.1,2.0,3.0,-0.1435724234118113,-0.9896398128792412,7,Texas,36.60358037643559,1149.2099999999998,967.21,1339.8220963741803,1240.8613747611664,0.40014918235148283,0.5012347684081534,0.5654081475684735
2025-07-11,33.9,23.9,2.3,37.21448419023117,28.9,1.0,33.9,2.0,4.0,-0.16057454459499376,-0.9870237158387383,7,Texas,37.21448419023117,1149.2099999999998,1149.2099999999998,1384.9178335449656,1261.5710140488366,0.4256035079262987,0.5985756728690849,0.4419546591585298
2025-07-12,33.9,25.6,0.0,38.17443465370449,29.75,0.0,33.9,2.0,5.0,-0.17752914918703497,-0.984115542601034,7,Texas,38.17443465370449,1149.2099999999998,1149.2099999999998,1457.287461129954,1294.1133347605821,0.46560144390435365,0.4812565854404347,0.3402024905692545
2025-07-13,28.9,22.2,3.8,35.781684200924495,25.549999999999997,1.0,33.9,3.0,6.0,-0.19443122004766195,-0.9809161537413774,7,Texas,35.781684200924495,835.2099999999999,1149.2099999999998,1280.3289242546896,1034.0906734067178,0.365903508371854,0.483098607859845,0.12319074525860588
2025-07-14,34.4,23.9,0.0,37.67863462375107,29.15,0.0,28.9,2.0,5.0,-0.2112757555821793,-0.9774264960104055,7,Texas,37.67863462375107,1183.36,835.2099999999999,1419.679507110133,1296.145031057037,0.4449431093229614,0.2227805380575438,0.3813915962568944
2025-07-15,35.0,25.6,0.0,37.67863462375107,30.3,0.0,34.4,2.0,5.0,-0.2280577712215198,-0.9736476020539838,7,Texas,37.67863462375107,1225.0,1183.36,1419.679507110133,1318.7522118312875,0.4449431093229614,0.5198406314336244,0.39204286114921
2025-07-16,35.0,25.6,0.0,37.598498363004396,30.3,0.0,35.0,2.0,5.0,-0.24477230089725957,-0.9695805901076308,7,Texas,37.598498363004396,1225.0,1225.0,1413.6470791528443,1315.947442705154,0.4416040984585165,0.5691433680646537,0.3876567347548173
2025-07-17,35.6,23.3,0.0,36.3571822555555,29.450000000000003,0.0,35.0,3.0,6.0,-0.2614143985111562,-0.965226663665613,7,Texas,36.3571822555555,1267.3600000000001,1225.0,1321.8447015636798,1294.3156882977758,0.3898825939814792,0.5711953322895217,0.4048467274655899
2025-07-18,35.6,22.8,0.0,39.181918055555634,29.200000000000003,0.0,35.6,3.0,6.0,-0.2779791393987801,-0.9605871111248129,7,Texas,39.181918055555634,1267.3600000000001,1267.3600000000001,1535.2227025122766,1394.8762827777807,0.5075799189814848,0.6243854578336928,0.4925728842379684
2025-07-19,32.2,25.6,0.0,37.235683568124536,28.900000000000002,0.0,35.6,3.0,6.0,-0.2944616217868012,-0.9556633054034704,7,Texas,37.235683568124536,1036.8400000000001,1267.3600000000001,1386.4961307854996,1198.9890108936102,0.42648681533852234,0.6245626835062386,0.2296600566760309
2025-07-20,32.2,25.6,0.0,36.67203977659556,28.900000000000002,0.0,32.2,3.0,6.0,-0.3108569682435036,-0.9504567035349151,7,Texas,36.67203977659556,1036.8400000000001,1036.8400000000001,1344.838501376207,1180.8396808063771,0.40300165735814836,0.37257178546174613,0.22722728773713674
2025-07-21,33.9,24.4,0.0,37.05415802092446,29.15,0.0,32.2,3.0,7.0,-0.3271603271220951,-0.9449688462364056,7,Texas,37.05415802092446,1149.2099999999998,1036.8400000000001,1373.0106266396406,1256.1359569093393,0.41892325087185256,0.29114718275314283,0.23715863350441208
2025-07-22,36.7,25.0,0.0,38.15792965555557,30.85,0.0,33.9,3.0,7.0,-0.34336687399638804,-0.939201357453208,7,Texas,38.15792965555557,1346.89,1149.2099999999998,1456.0275955983273,1400.3960183588895,0.46491373564814875,0.38379164000785543,0.4105695532677352
2025-07-23,36.7,24.4,0.0,39.12359551698453,30.55,0.0,36.7,3.0,7.0,-0.3594718130884232,-0.9331559438780432,7,Texas,39.12359551698453,1346.89,1346.89,1530.655726176612,1435.8359554733324,0.5051498132076887,0.5986325224179398,0.43451302730863356
2025-07-24,37.8,23.9,0.0,39.03357521153779,30.849999999999998,0.0,36.7,3.0,7.0,-0.3754703786876202,-0.9268343944460494,7,Texas,39.03357521153779,1428.8399999999997,1346.89,1523.6199937947772,1475.4691429961283,0.5013989671474078,0.59879033008893,0.5165480194206911
2025-07-25,32.2,23.3,0.0,36.573461917715555,27.75,0.0,37.8,3.0,7.0,-0.3913578365610259,-0.9202385798054075,7,Texas,36.573461917715555,1036.8400000000001,1428.8399999999997,1337.61811664659,1177.665473750441,0.3988942465714815,0.7066651085073065,0.16032108908695733
2025-07-26,35.6,23.9,9.7,38.15792965555557,29.75,1.0,32.2,3.0,7.0,-0.4071294853542516,-0.9133704517637858,7,Texas,38.15792965555557,1267.3600000000001,1036.8400000000001,1456.0275955983273,1358.4222957377783,0.46491373564814875,0.2916078054911791,0.3609445855741075
2025-07-27,36.1,25.0,0.0,38.58431805415117,30.55,0.0,35.6,3.0,7.0,-0.4227806579826773,-0.9062320427107697,7,Texas,38.58431805415117,1303.21,1267.3600000000001,1488.749599703896,1392.8938817548571,0.48267991892296536,0.5047865745143212,0.37870644987487595
2025-07-28,36.1,25.0,0.0,39.386496818595646,30.55,0.0,36.1,3.0,7.0,-0.4383067230125192,-0.898825465016444,7,Texas,39.386496818595646,1303.21,1303.21,1551.296131641245,1421.8525351513028,0.5161040341081519,0.5462019975832294,0.4010962115937151
2025-07-29,37.8,23.9,0.0,36.98420724259553,30.849999999999998,0.0,36.1,3.0,7.0,-0.45370308603134424,-0.8911529104063088,7,Texas,36.98420724259553,1428.8399999999997,1303.21,1367.8315853632557,1398.003033770111,0.4160086351081471,0.5463356376910704,0.4515933378270483
2025-07-30,38.3,21.1,0.0,36.402953703751095,29.7,0.0,37.8,3.0,7.0,-0.46896519100763184,-0.8832166493127127,7,Texas,36.402953703751095,1466.8899999999999,1428.8399999999997,1325.1750383574456,1394.2331268536668,0.3917897376562956,0.7074605269318431,0.4818268195647775
2025-07-31,38.9,22.2,0.0,39.03336019249782,30.549999999999997,0.0,38.3,3.0,7.0,-0.48408852163897587,-0.8750190302029955,7,Texas,39.03336019249782,1513.2099999999998,1466.8899999999999,1523.6032079172733,1518.397711488165,0.5013900080207424,0.7608205513292857,0.6141046743995731
2025-08-01,38.9,24.4,0.0,39.6256119871911,31.65,0.0,38.9,3.0,7.0,-0.4990686026885319,-0.8665624788845385,8,Texas,39.6256119871911,1513.2099999999998,1513.2099999999998,1570.1891253594229,1541.4363063017338,0.5260671661329624,0.8280208934254587,0.619774323001587
2025-08-02,37.2,25.0,0.0,40.072912089197835,31.1,0.0,38.9,3.0,7.0,-0.5139010013093103,-0.8578494977869301,8,Texas,40.072912089197835,1383.8400000000001,1513.2099999999998,1605.838283308578,1490.7123297181595,0.5447046703832431,0.8281714565794723,0.49466975129477414
2025-08-03,37.2,23.3,0.0,39.12359551698453,30.25,0.0,37.2,3.0,7.0,-0.5285813283559292,-0.8488826652214553,8,Texas,39.12359551698453,1383.8400000000001,1383.8400000000001,1530.655726176612,1455.3977532318247,0.5051498132076887,0.6475853728771037,0.4790068173709415
2025-08-04,32.2,24.4,0.3,37.405549098975634,28.3,1.0,37.2,3.0,7.0,-0.5431052396834317,-0.8396646346181327,8,Texas,37.405549098975634,1036.8400000000001,1383.8400000000001,1399.175103395877,1204.4586809870154,0.4335645457906514,0.6477119560526576,0.17556287188255318
2025-08-05,35.6,22.8,0.0,38.03229269063124,29.200000000000003,0.0,32.2,3.0,7.0,-0.5574684374327892,-0.8301981337405212,8,Texas,38.03229269063124,1267.3600000000001,1036.8400000000001,1446.4552873058421,1353.949619786472,0.4596788621096349,0.2923857990387353,0.35795865088246986
2025-08-06,37.2,24.4,0.0,38.145823156737805,30.8,0.0,35.6,3.0,7.0,-0.5716666713027052,-0.8204859638785327,8,Texas,38.145823156737805,1383.8400000000001,1267.3600000000001,1455.1038243051141,1419.0246214306464,0.46440929819740856,0.5059463173360214,0.4473169667725482
2025-08-07,37.8,25.0,0.0,40.13635133153782,31.4,0.0,37.2,3.0,7.0,-0.5856957398073508,-0.8105309990194823,8,Texas,40.13635133153782,1428.8399999999997,1383.8400000000001,1610.9266982086374,1517.1540803321293,0.547347972147409,0.6480690552661845,0.5542003032193957
2025-08-08,38.3,24.4,0.0,39.09841437255115,31.349999999999998,0.0,37.8,3.0,7.0,-0.5995514915196489,-0.8003361849976323,8,Texas,39.09841437255115,1466.8899999999999,1428.8399999999997,1528.6860064477141,1497.4692704687088,0.5041005988562978,0.708654317333482,0.55782405776327
2025-08-09,37.8,25.0,0.0,39.37284994723556,31.4,0.0,38.3,3.0,7.0,-0.6132298262997502,-0.7899045386224707,8,Texas,39.37284994723556,1428.8399999999997,1466.8899999999999,1550.2213129675272,1488.293728005504,0.5155354144681482,0.7620196050207202,0.5225434270607969
2025-08-10,37.2,24.4,0.0,37.547724858995565,30.8,0.0,37.8,3.0,7.0,-0.6267266965083301,-0.7792391467859886,8,Texas,37.547724858995565,1383.8400000000001,1428.8399999999997,1409.8316420868334,1396.7753647546351,0.4394885357914819,0.7088756359407362,0.4237396923357284
2025-08-11,38.3,25.0,0.0,39.43263444819561,31.65,0.0,37.2,3.0,7.0,-0.6400381082043503,-0.7683431655492202,8,Texas,39.43263444819561,1466.8899999999999,1383.8400000000001,1554.932659525023,1510.2698993658917,0.5180264353414836,0.6484910100192377,0.5713165029092958
2025-08-12,36.7,25.0,0.0,37.405549098975634,30.85,0.0,38.3,3.0,7.0,-0.65316012232693,-0.7572198192083127,8,Texas,37.405549098975634,1346.89,1466.8899999999999,1399.175103395877,1372.783651932406,0.4335645457906514,0.7623438821763375,0.3827325210265435
2025-08-13,35.6,25.0,0.0,37.83491347777776,30.3,0.0,36.7,3.0,7.0,-0.666088855860977,-0.7458723993404063,8,Texas,37.83491347777776,1267.3600000000001,1346.89,1431.4806778709292,1346.9229198088883,0.45145472824074,0.6012344831581762,0.3327700124453823
2025-08-14,38.9,25.0,0.0,40.13635133153782,31.95,0.0,35.6,3.0,7.0,-0.6788204829862355,-0.734304263829602,8,Texas,40.13635133153782,1513.2099999999998,1267.3600000000001,1610.9266982086374,1561.304066796821,0.547347972147409,0.5066408311065751,0.6607948967928795
2025-08-15,37.2,23.3,11.9,38.49010247777784,30.25,1.0,38.9,3.0,7.0,-0.6913512362094071,-0.722518835873311,8,Texas,38.49010247777784,1383.8400000000001,1513.2099999999998,1481.4879887498398,1431.8318121733357,0.47875426990740994,0.8297378115411763,0.4705853308683132
2025-08-16,37.8,24.4,0.0,40.13635133153782,31.099999999999998,0.0,37.2,3.0,7.0,-0.7036774074790128,-0.7105196029692745,8,Texas,40.13635133153782,1428.8399999999997,1383.8400000000001,1610.9266982086374,1517.1540803321293,0.547347972147409,0.6489285303950971,0.5665296684895096
2025-08-17,37.8,25.0,0.0,38.657691714051126,31.4,0.0,37.8,3.0,7.0,-0.7157953492826642,-0.6983101158835584,8,Texas,38.657691714051126,1428.8399999999997,1428.8399999999997,1494.417128658617,1461.2607467911325,0.48573715475213025,0.709517859593195,0.5062677628386404
2025-08-18,39.4,24.4,0.0,39.97253118885107,31.9,0.0,37.8,3.0,7.0,-0.7277014757264236,-0.6858939875998223,8,Texas,39.97253118885107,1552.36,1428.8399999999997,1597.8032496436717,1574.9177288407323,0.5405221328687947,0.7095924167907921,0.6978952745278814
2025-08-19,36.1,25.0,0.0,39.70381845540449,30.55,0.0,39.4,3.0,7.0,-0.7393922635959241,-0.673274892250183,8,Texas,39.70381845540449,1303.21,1552.36,1576.393199939718,1433.307846240102,0.529325768975187,0.8883884874188834,0.41380687195635024
2025-08-20,38.3,22.8,0.0,38.78692140841783,30.549999999999997,0.0,36.1,3.0,7.0,-0.7508642533989489,-0.6604565640279754,8,Texas,38.78692140841783,1466.8899999999999,1303.21,1504.4252723427817,1485.5390899424028,0.491121725350743,0.548415986356461,0.5763063772008232
2025-08-21,35.6,22.2,15.2,35.513380247404434,28.9,1.0,38.3,3.0,7.0,-0.7621140503891487,-0.6474427960827475,8,Texas,35.513380247404434,1267.3600000000001,1466.8899999999999,1261.2001765967354,1264.276336807598,0.35472417697518477,0.7630781111350542,0.3020944359558963
2025-08-22,35.0,22.2,0.0,36.32746605479784,28.6,0.0,35.6,3.0,7.0,-0.7731383255706026,-0.6342374393978054,8,Texas,36.32746605479784,1225.0,1267.3600000000001,1319.6847899624893,1271.4613119179244,0.3886444189499099,0.5071128165848573,0.2886562226545685
2025-08-23,34.4,22.2,0.0,35.286900788051064,28.299999999999997,0.0,35.0,3.0,7.0,-0.7839338166829201,-0.620844401650647,8,Texas,35.286900788051064,1183.36,1225.0,1245.1653672257587,1213.8693871089565,0.345287532835461,0.46105507693129627,0.24239238029864577
2025-08-24,37.2,22.8,0.0,36.84063195146445,30.0,0.0,34.4,3.0,7.0,-0.7944973291665992,-0.6072676460566135,8,Texas,36.84063195146445,1383.8400000000001,1183.36,1357.2321625832635,1370.4715085944777,0.41002633131101884,0.4187902191121349,0.43762042867699247
2025-08-25,36.7,22.8,0.0,35.10459696540446,29.75,0.0,37.2,3.0,7.0,-0.8048257371083452,-0.593511190196115,8,Texas,35.10459696540446,1346.89,1383.8400000000001,1232.3327281034842,1288.3387086303437,0.3376915402251859,0.649454742250004,0.35078436582194733
2025-08-26,36.7,22.8,1.8,35.10459696540446,29.75,1.0,36.7,3.0,7.0,-0.8149159841660791,-0.5795791048257612,8,Texas,35.10459696540446,1346.89,1346.89,1232.3327281034842,1288.3387086303437,0.3376915402251859,0.6020128566835129,0.36207204643687985
2025-08-27,36.7,24.4,0.0,35.10459696540446,30.55,0.0,36.7,3.0,7.0,-0.8247650844733614,-0.5654755126737576,8,Texas,35.10459696540446,1346.89,1346.89,1232.3327281034842,1288.3387086303437,0.3376915402251859,0.6020443748360418,0.3461953856175331
2025-08-28,38.9,25.6,0.0,35.10459696540446,32.25,0.0,36.7,3.0,7.0,-0.8343701235229538,-0.5512045872199277,8,Texas,35.10459696540446,1513.2099999999998,1346.89,1232.3327281034842,1365.5688219542335,0.3376915402251859,0.6020717745876881,0.4882967686404772
2025-08-29,39.4,25.6,0.0,35.10459696540446,32.5,0.0,38.9,3.0,7.0,-0.8437282590292712,-0.5367705514607103,8,Texas,35.10459696540446,1552.36,1513.2099999999998,1232.3327281034842,1383.1211204369358,0.3376915402251859,0.8305562815938032,0.5195759370960187
2025-08-30,38.3,25.0,0.0,35.10459696540446,31.65,0.0,39.4,3.0,7.0,-0.8528367217694595,-0.522177676659508,8,Texas,35.10459696540446,1466.8899999999999,1552.36,1232.3327281034842,1344.5060637749907,0.3376915402251859,0.8889122626405713,0.44131418914838
2025-08-31,32.2,23.9,0.3,,28.05,1.0,38.3,3.0,7.0,-0.8616928164028522,-0.5074302810827518,8,Texas,32.2,1036.8400000000001,1466.8899999999999,1036.8400000000001,1036.8400000000001,0.21666666666666679,0.7634585773402779,0.12929918269458074
