date,tmax,tmin,prcp,heat_index
1991-01-01,7.8,-0.6,0.0,
1991-01-02,9.4,5.6,40.6,
1991-01-03,7.8,1.1,2.5,
1991-01-04,4.4,1.1,2.0,
1991-01-05,11.1,4.4,3.0,
1991-01-06,11.7,5.6,2.5,
1991-01-07,7.8,3.3,0.0,
1991-01-08,8.9,3.3,0.3,
1991-01-09,11.1,7.2,112.0,
1991-01-10,11.1,5.6,7.4,
1991-01-11,10.0,3.9,0.0,
1991-01-12,16.7,2.2,0.0,
1991-01-13,17.8,0.0,0.0,
1991-01-14,21.1,5.0,0.0,
1991-01-15,18.9,6.7,0.0,
1991-01-16,20.0,2.8,0.0,
1991-01-17,18.9,6.7,2.0,
1991-01-18,11.1,7.8,37.1,
1991-01-19,18.3,7.8,0.0,
1991-01-20,11.1,5.0,0.0,
1991-01-21,6.7,2.8,0.0,
1991-01-22,10.6,2.2,0.0,
1991-01-23,10.0,4.4,13.7,
1991-01-24,13.9,4.4,6.1,
1991-01-25,14.4,0.6,0.0,
1991-01-26,11.7,3.9,0.0,
1991-01-27,23.3,6.1,0.0,
1991-01-28,17.8,8.9,0.0,
1991-01-29,24.4,3.3,0.0,
1991-01-30,4.4,1.1,4.6,
1991-01-31,13.3,0.6,0.0,
1991-02-01,17.2,0.0,0.0,
1991-02-02,18.9,1.1,0.0,
1991-02-03,15.0,8.9,0.8,
1991-02-04,17.8,14.4,28.7,
1991-02-05,21.1,13.3,0.0,
1991-02-06,20.6,9.4,0.0,
1991-02-07,21.7,7.8,0.0,
1991-02-08,21.7,6.7,0.0,
1991-02-09,21.1,4.4,0.0,
1991-02-10,24.4,7.8,0.0,
1991-02-11,20.6,13.3,0.0,
1991-02-12,23.9,11.7,0.0,
1991-02-13,27.8,15.6,0.0,
1991-02-14,23.9,10.6,0.0,
1991-02-15,13.3,5.0,0.0,
1991-02-16,9.4,4.4,1.5,
1991-02-17,22.2,9.4,0.0,
1991-02-18,27.2,14.4,13.7,
1991-02-19,16.1,10.0,3.0,
1991-02-20,14.4,6.7,0.0,
1991-02-21,10.6,7.2,21.8,
1991-02-22,21.7,7.2,0.0,
1991-02-23,19.4,5.6,0.0,
1991-02-24,19.4,7.2,0.0,
1991-02-25,16.1,6.1,0.8,
1991-02-26,14.4,4.4,0.0,
1991-02-27,15.0,8.3,0.0,
1991-02-28,16.7,11.1,5.6,
1991-03-01,27.8,13.3,1.3,
1991-03-02,27.8,13.3,0.0,
1991-03-03,20.0,6.7,0.0,
1991-03-04,32.8,6.7,0.0,
1991-03-05,32.8,10.0,0.0,
1991-03-06,35.6,11.1,0.0,
1991-03-07,20.0,10.6,0.0,
1991-03-08,21.1,7.8,0.0,
1991-03-09,21.7,8.9,0.0,
1991-03-10,21.7,4.4,0.0,
1991-03-11,25.0,10.0,0.0,
1991-03-12,27.2,15.0,0.0,
1991-03-13,23.3,11.7,0.0,
1991-03-14,13.3,8.3,0.0,
1991-03-15,10.0,7.8,5.8,
1991-03-16,16.1,7.8,11.2,
1991-03-17,25.6,13.9,0.3,
1991-03-18,19.4,10.0,0.0,
1991-03-19,25.0,8.9,0.0,
1991-03-20,22.2,13.9,0.0,
1991-03-21,26.7,19.4,0.3,
1991-03-22,23.9,13.9,0.0,
1991-03-23,24.4,10.6,0.0,
1991-03-24,26.7,11.1,0.0,
1991-03-25,27.2,16.7,0.0,
1991-03-26,26.1,21.1,0.0,
1991-03-27,26.7,15.0,0.0,
1991-03-28,27.2,14.4,4.1,
1991-03-29,20.0,10.6,0.0,
1991-03-30,18.9,6.7,0.0,
1991-03-31,20.6,7.2,0.0,
1991-04-01,23.9,5.0,0.0,
1991-04-02,23.3,11.7,0.0,
1991-04-03,26.7,15.6,0.0,
1991-04-04,27.8,16.1,45.0,
1991-04-05,21.1,15.6,32.5,
1991-04-06,22.2,16.1,6.4,
1991-04-07,26.1,16.7,1.3,
1991-04-08,29.4,20.0,0.0,
1991-04-09,27.8,18.3,0.0,
1991-04-10,26.1,17.2,0.0,
1991-04-11,26.1,19.4,0.8,
1991-04-12,29.4,22.8,0.0,
1991-04-13,30.0,21.1,2.5,
1991-04-14,28.9,13.9,29.2,
1991-04-15,27.8,10.0,0.0,
1991-04-16,28.9,16.1,0.0,
1991-04-17,26.7,19.4,0.5,
1991-04-18,29.4,19.4,5.1,
1991-04-19,29.4,18.3,0.3,
1991-04-20,24.4,12.8,0.0,
1991-04-21,25.6,12.2,0.0,
1991-04-22,30.0,15.0,0.0,
1991-04-23,26.7,11.7,0.0,
1991-04-24,25.6,19.4,0.0,
1991-04-25,31.1,19.4,0.0,
1991-04-26,30.6,22.8,0.0,
1991-04-27,28.9,21.1,0.0,
1991-04-28,28.9,17.8,1.3,
1991-04-29,27.2,15.0,0.0,
1991-04-30,29.4,13.3,0.0,
1991-05-01,30.0,17.8,0.0,
1991-05-02,26.1,20.6,6.6,
1991-05-03,28.3,18.9,1.8,
1991-05-04,27.8,17.8,6.9,
1991-05-05,23.9,15.6,0.0,
1991-05-06,24.4,11.1,0.0,
1991-05-07,27.2,13.9,0.0,
1991-05-08,22.8,15.6,44.5,
1991-05-09,28.9,16.7,0.0,
1991-05-10,28.9,19.4,0.0,
1991-05-11,30.6,23.3,0.0,
1991-05-12,31.1,23.3,0.0,
1991-05-13,29.4,19.4,20.1,
1991-05-14,28.3,19.4,0.0,
1991-05-15,30.6,21.1,0.8,
1991-05-16,28.9,19.4,0.8,
1991-05-17,26.7,18.9,0.0,
1991-05-18,31.7,18.9,0.5,
1991-05-19,28.3,21.1,1.5,
1991-05-20,30.6,21.1,0.0,
1991-05-21,30.0,20.6,0.0,
1991-05-22,30.6,22.2,1.0,
1991-05-23,31.1,22.8,0.0,
1991-05-24,32.8,23.9,13.5,
1991-05-25,31.7,19.4,0.3,
1991-05-26,33.9,22.2,0.0,
1991-05-27,32.8,21.7,0.0,
1991-05-28,32.8,22.2,0.0,
1991-05-29,32.2,23.9,3.0,
1991-05-30,33.3,23.9,0.0,
1991-05-31,32.8,24.4,0.0,
1991-06-01,33.3,25.6,0.0,
1991-06-02,34.4,25.0,0.0,
1991-06-03,31.7,18.9,21.6,
1991-06-04,33.9,19.4,0.0,
1991-06-05,33.3,24.4,0.0,
1991-06-06,33.9,23.3,0.0,
1991-06-07,28.3,20.0,16.0,
1991-06-08,29.4,21.1,0.0,
1991-06-09,28.9,21.1,3.0,
1991-06-10,28.3,21.7,0.0,
1991-06-11,32.2,20.6,12.2,
1991-06-12,32.8,20.6,1.3,
1991-06-13,33.9,23.3,0.0,
1991-06-14,33.9,24.4,0.0,
1991-06-15,31.7,20.6,0.3,
1991-06-16,35.0,21.7,30.2,
1991-06-17,32.8,20.6,0.0,
1991-06-18,35.6,21.7,0.0,
1991-06-19,35.0,23.9,0.0,
1991-06-20,33.9,22.8,0.0,
1991-06-21,34.4,23.3,0.0,
1991-06-22,35.6,21.7,0.8,
1991-06-23,34.4,21.1,0.3,
1991-06-24,33.3,21.1,0.0,
1991-06-25,33.9,22.2,0.0,
1991-06-26,35.0,23.3,0.0,
1991-06-27,35.0,23.3,0.0,
1991-06-28,33.9,22.8,0.0,
1991-06-29,27.2,20.6,26.2,
1991-06-30,32.2,22.2,0.0,
1991-07-01,33.9,22.2,0.0,
1991-07-02,33.9,23.3,0.0,
1991-07-03,33.9,22.8,0.0,
1991-07-04,31.7,21.1,7.1,
1991-07-05,33.9,22.2,0.0,
1991-07-06,33.9,23.3,0.0,
1991-07-07,33.3,23.9,0.5,
1991-07-08,31.7,22.8,21.3,
1991-07-09,32.8,23.9,0.0,
1991-07-10,33.3,24.4,0.0,
1991-07-11,32.8,23.9,0.0,
1991-07-12,33.9,22.8,0.0,
1991-07-13,33.9,22.8,0.0,
1991-07-14,34.4,23.9,0.0,
1991-07-15,34.4,24.4,0.0,
1991-07-16,36.1,23.3,0.0,
1991-07-17,35.0,22.2,0.0,
1991-07-18,35.6,22.8,0.0,
1991-07-19,35.0,21.7,0.0,
1991-07-20,35.0,23.9,0.0,
1991-07-21,35.6,24.4,0.0,
1991-07-22,34.4,22.2,0.0,
1991-07-23,32.8,22.2,0.0,
1991-07-24,35.0,22.2,0.0,
1991-07-25,35.0,25.0,0.0,
1991-07-26,35.6,23.3,0.0,
1991-07-27,35.6,23.9,0.0,
1991-07-28,36.1,24.4,0.0,
1991-07-29,35.6,22.8,0.5,
1991-07-30,38.9,22.8,0.0,
1991-07-31,38.9,21.1,0.0,
1991-08-01,38.3,24.4,0.0,
1991-08-02,36.7,22.8,0.0,
1991-08-03,36.1,23.9,0.0,
1991-08-04,36.7,23.9,0.0,
1991-08-05,35.6,21.7,0.0,
1991-08-06,36.7,22.8,0.0,
1991-08-07,33.9,23.3,0.0,
1991-08-08,36.1,22.2,0.0,
1991-08-09,37.2,23.3,0.0,
1991-08-10,37.8,23.3,0.0,
1991-08-11,37.2,24.4,0.0,
1991-08-12,37.8,25.0,0.0,
1991-08-13,37.8,25.6,0.0,
1991-08-14,33.3,21.1,90.2,
1991-08-15,32.2,21.7,7.6,
1991-08-16,35.0,23.3,0.0,
1991-08-17,35.6,24.4,0.0,
1991-08-18,37.2,24.4,0.0,
1991-08-19,37.2,25.0,0.0,
1991-08-20,36.1,22.8,0.0,
1991-08-21,36.7,23.9,0.0,
1991-08-22,36.1,23.9,0.0,
1991-08-23,33.9,23.3,0.0,
1991-08-24,34.4,22.8,0.0,
1991-08-25,34.4,22.8,0.0,
1991-08-26,33.9,21.7,0.0,
1991-08-27,34.4,22.8,0.0,
1991-08-28,35.0,22.8,0.0,
1991-08-29,35.6,24.4,0.0,
1991-08-30,34.4,23.3,3.0,
1991-08-31,32.8,22.8,7.9,
1991-09-01,32.8,22.8,10.4,
1991-09-02,31.1,21.7,13.0,
1991-09-03,28.9,22.2,6.1,
1991-09-04,31.7,22.2,0.0,
1991-09-05,31.1,22.2,9.1,
1991-09-06,30.6,22.8,5.8,
1991-09-07,31.1,23.9,0.5,
1991-09-08,31.7,24.4,0.0,
1991-09-09,33.3,23.9,0.0,
1991-09-10,33.3,22.8,0.0,
1991-09-11,32.8,20.6,0.0,
1991-09-12,32.8,22.2,0.0,
1991-09-13,31.7,24.4,1.3,
1991-09-14,31.7,23.3,1.5,
1991-09-15,33.3,24.4,0.0,
1991-09-16,33.9,22.8,1.0,
1991-09-17,33.9,21.7,0.0,
1991-09-18,33.3,18.3,0.0,
1991-09-19,18.3,12.8,3.8,
1991-09-20,20.0,13.3,0.0,
1991-09-21,27.2,15.6,0.0,
1991-09-22,31.7,18.9,0.0,
1991-09-23,26.7,22.2,2.5,
1991-09-24,32.8,17.8,2.0,
1991-09-25,27.2,14.4,0.0,
1991-09-26,32.2,15.0,0.0,
1991-09-27,28.9,16.1,0.0,
1991-09-28,27.8,12.8,0.0,
1991-09-29,28.3,12.8,0.0,
1991-09-30,30.6,17.2,0.0,
1991-10-01,30.6,18.9,22.1,
1991-10-02,31.1,17.8,0.0,
1991-10-03,32.2,18.9,0.0,
1991-10-04,33.3,18.9,7.9,
1991-10-05,24.4,16.7,0.0,
1991-10-06,24.4,12.8,0.0,
1991-10-07,26.1,10.6,0.0,
1991-10-08,26.7,12.8,0.0,
1991-10-09,28.9,11.7,0.0,
1991-10-10,31.7,15.0,0.0,
1991-10-11,35.0,15.0,0.0,
1991-10-12,36.7,20.0,0.0,
1991-10-13,36.1,18.9,0.0,
1991-10-14,32.2,16.7,0.0,
1991-10-15,31.1,15.0,0.0,
1991-10-16,30.0,12.8,0.0,
1991-10-17,31.1,13.9,0.0,
1991-10-18,30.6,15.6,0.0,
1991-10-19,28.9,15.0,0.0,
1991-10-20,28.3,16.1,0.0,
1991-10-21,28.3,12.2,0.0,
1991-10-22,30.0,18.9,0.0,
1991-10-23,32.8,22.8,0.0,
1991-10-24,32.8,23.3,0.0,
1991-10-25,31.7,22.8,0.3,
1991-10-26,30.6,20.0,0.3,
1991-10-27,30.0,20.0,0.0,
1991-10-28,29.4,21.7,22.1,
1991-10-29,27.8,9.4,15.0,
1991-10-30,12.2,8.3,1.0,
1991-10-31,10.0,4.4,9.1,
1991-11-01,13.9,3.9,0.0,
1991-11-02,11.1,2.2,0.0,
1991-11-03,8.3,0.6,0.0,
1991-11-04,11.7,-1.7,0.0,
1991-11-05,13.3,-0.6,0.0,
1991-11-06,21.7,9.4,0.0,
1991-11-07,17.2,6.7,0.0,
1991-11-08,13.3,0.6,0.0,
1991-11-09,15.6,-0.6,0.0,
1991-11-10,20.0,0.6,0.0,
1991-11-11,22.2,8.3,0.0,
1991-11-12,20.0,11.7,0.0,
1991-11-13,22.2,11.1,0.0,
1991-11-14,23.3,13.9,0.0,
1991-11-15,25.0,19.4,1.0,
1991-11-16,23.9,20.6,2.0,
1991-11-17,21.1,9.4,19.1,
1991-11-18,26.7,8.3,0.0,
1991-11-19,26.1,13.3,0.5,
1991-11-20,18.9,7.2,0.0,
1991-11-21,21.1,4.4,0.0,
1991-11-22,25.0,5.0,0.0,
1991-11-23,13.9,5.0,0.0,
1991-11-24,16.7,1.1,0.0,
1991-11-25,17.8,-0.6,0.0,
1991-11-26,18.9,11.1,0.0,
1991-11-27,23.9,16.1,0.0,
1991-11-28,26.7,18.9,0.0,
1991-11-29,28.9,18.9,0.0,
1991-11-30,23.3,8.3,0.5,
1991-12-01,8.3,3.9,0.0,
1991-12-02,13.9,2.2,1.3,
1991-12-03,15.6,3.3,0.0,
1991-12-04,16.7,0.6,0.0,
1991-12-05,20.6,4.4,0.0,
1991-12-06,21.7,11.1,0.0,
1991-12-07,22.8,15.6,0.3,
1991-12-08,25.6,20.6,27.9,
1991-12-09,23.9,14.4,5.3,
1991-12-10,24.4,11.1,2.8,
1991-12-11,20.6,15.0,1.5,
1991-12-12,22.2,16.7,3.8,
1991-12-13,20.6,14.4,9.1,
1991-12-14,17.8,7.2,0.0,
1991-12-15,12.8,3.3,0.0,
1991-12-16,16.7,3.9,0.0,
1991-12-17,13.3,6.7,6.6,
1991-12-18,14.4,12.2,37.8,
1991-12-19,16.1,10.6,30.0,
1991-12-20,21.1,15.0,106.9,
1991-12-21,15.0,9.4,65.8,
1991-12-22,14.4,9.4,46.0,
1991-12-23,17.2,6.7,0.0,
1991-12-24,12.2,3.9,0.0,
1991-12-25,10.6,2.2,3.0,
1991-12-26,8.3,6.1,10.7,
1991-12-27,10.6,6.1,0.8,
1991-12-28,14.4,4.4,0.0,
1991-12-29,13.3,1.7,0.0,
1991-12-30,17.2,5.0,0.0,
1991-12-31,15.0,10.0,0.0,
1992-01-01,18.3,10.6,0.0,
1992-01-02,18.9,5.6,17.3,
1992-01-03,21.7,5.0,0.0,
1992-01-04,16.7,5.6,6.4,
1992-01-05,15.0,10.6,1.3,
1992-01-06,16.7,9.4,0.0,
1992-01-07,16.1,12.2,2.8,
1992-01-08,17.2,10.0,0.0,
1992-01-09,15.0,8.3,0.0,
1992-01-10,15.6,8.3,0.0,
1992-01-11,12.2,7.2,9.4,
1992-01-12,13.9,8.3,0.3,
1992-01-13,12.8,5.6,0.0,
1992-01-14,11.1,0.6,0.0,
1992-01-15,14.4,-1.1,0.0,
1992-01-16,5.6,-3.3,0.0,
1992-01-17,5.6,2.2,13.2,
1992-01-18,6.1,3.3,10.4,
1992-01-19,10.0,1.7,0.0,
1992-01-20,13.9,-1.7,0.0,
1992-01-21,8.3,3.9,14.0,
1992-01-22,22.2,6.1,0.0,
1992-01-23,16.7,5.6,0.0,
1992-01-24,20.0,1.7,0.0,
1992-01-25,17.2,3.9,2.8,
1992-01-26,12.2,10.6,40.4,
1992-01-27,13.3,10.0,0.5,
1992-01-28,10.6,9.4,2.3,
1992-01-29,13.9,10.0,1.8,
1992-01-30,19.4,7.2,0.0,
1992-01-31,23.3,10.0,0.0,
1992-02-01,20.6,7.8,0.0,
1992-02-02,15.0,11.7,14.0,
1992-02-03,15.0,12.2,46.0,
1992-02-04,13.9,8.9,36.8,
1992-02-05,13.9,6.1,0.3,
1992-02-06,18.9,3.3,0.0,
1992-02-07,17.2,5.6,0.0,
1992-02-08,15.6,4.4,0.0,
1992-02-09,16.1,7.2,0.0,
1992-02-10,20.0,7.8,0.0,
1992-02-11,18.9,15.0,0.5,
1992-02-12,25.6,15.0,0.5,
1992-02-13,22.2,17.8,0.0,
1992-02-14,22.2,17.8,0.3,
1992-02-15,25.0,13.9,0.0,
1992-02-16,23.9,10.6,2.8,
1992-02-17,23.9,12.8,0.0,
1992-02-18,23.3,11.1,0.0,
1992-02-19,21.7,8.3,0.0,
1992-02-20,22.2,5.6,0.0,
1992-02-21,20.6,8.3,0.5,
1992-02-22,23.9,14.4,21.6,
1992-02-23,22.8,9.4,0.0,
1992-02-24,16.1,11.7,40.6,
1992-02-25,11.7,5.6,2.8,
1992-02-26,17.2,4.4,0.0,
1992-02-27,23.3,6.7,0.0,
1992-02-28,26.1,8.3,0.0,
1992-02-29,27.2,10.0,0.0,
1992-03-01,23.9,8.9,0.0,
1992-03-02,20.0,17.2,1.8,
1992-03-03,23.9,13.9,16.0,
1992-03-04,20.6,13.9,39.6,
1992-03-05,25.6,15.0,0.0,
1992-03-06,29.4,11.1,0.0,
1992-03-07,26.1,10.6,0.0,
1992-03-08,24.4,17.8,0.3,
1992-03-09,26.1,15.0,10.7,
1992-03-10,15.0,3.9,0.0,
1992-03-11,9.4,4.4,0.0,
1992-03-12,23.3,3.9,0.0,
1992-03-13,23.3,7.2,0.0,
1992-03-14,27.2,8.3,0.0,
1992-03-15,27.2,12.2,0.0,
1992-03-16,23.3,15.6,0.0,
1992-03-17,23.9,15.0,30.0,
1992-03-18,28.9,14.4,0.0,
1992-03-19,21.7,11.7,0.0,
1992-03-20,20.6,8.3,0.0,
1992-03-21,17.8,12.2,1.3,
1992-03-22,22.8,8.9,0.0,
1992-03-23,18.3,5.6,0.0,
1992-03-24,22.2,6.7,0.0,
1992-03-25,26.7,11.7,0.0,
1992-03-26,25.6,12.2,0.0,
1992-03-27,21.1,15.0,10.7,
1992-03-28,18.9,13.3,27.7,
1992-03-29,27.2,15.6,0.0,
1992-03-30,22.2,11.1,0.0,
1992-03-31,21.1,9.4,0.0,
1992-04-01,18.3,11.1,0.0,
1992-04-02,11.1,7.8,0.5,
1992-04-03,18.9,7.2,0.0,
1992-04-04,23.9,6.7,0.0,
1992-04-05,20.0,13.3,16.0,
1992-04-06,25.0,13.3,0.0,
1992-04-07,28.3,12.2,0.0,
1992-04-08,26.7,15.0,0.0,
1992-04-09,25.0,15.6,0.0,
1992-04-10,26.1,16.1,0.0,
1992-04-11,28.3,18.9,0.0,
1992-04-12,28.9,20.0,0.0,
1992-04-13,28.3,18.9,0.0,
1992-04-14,27.2,16.1,0.0,
1992-04-15,27.2,18.9,0.0,
1992-04-16,27.8,18.9,0.0,
1992-04-17,21.1,15.0,29.7,
1992-04-18,26.1,13.9,0.0,
1992-04-19,24.4,15.0,2.0,
1992-04-20,25.0,12.8,0.0,
1992-04-21,26.7,10.0,0.0,
1992-04-22,28.3,12.8,0.0,
1992-04-23,28.3,17.2,0.0,
1992-04-24,30.0,21.7,0.0,
1992-04-25,23.3,15.6,0.0,
1992-04-26,25.6,15.6,0.0,
1992-04-27,27.8,12.8,0.0,
1992-04-28,28.3,13.9,0.0,
1992-04-29,28.3,17.8,0.0,
1992-04-30,26.7,15.0,0.0,
1992-05-01,29.4,16.1,0.0,
1992-05-02,29.4,18.9,0.0,
1992-05-03,30.0,19.4,0.0,
1992-05-04,28.3,18.9,1.8,
1992-05-05,30.6,17.8,0.0,
1992-05-06,26.1,13.9,0.0,
1992-05-07,23.9,10.0,0.0,
1992-05-08,25.6,11.1,0.0,
1992-05-09,22.8,11.7,0.0,
1992-05-10,27.8,18.9,0.3,
1992-05-11,31.1,21.1,0.3,
1992-05-12,34.4,22.8,0.3,
1992-05-13,32.8,21.1,0.0,
1992-05-14,31.1,19.4,29.5,
1992-05-15,24.4,18.9,6.6,
1992-05-16,27.8,18.9,79.2,
1992-05-17,26.7,18.9,1.3,
1992-05-18,29.4,20.0,15.2,
1992-05-19,28.9,20.6,17.0,
1992-05-20,28.3,21.1,0.3,
1992-05-21,27.8,17.2,28.7,
1992-05-22,29.4,16.1,0.0,
1992-05-23,29.4,19.4,0.0,
1992-05-24,30.0,19.4,0.0,
1992-05-25,28.9,19.4,0.5,
1992-05-26,27.8,18.9,0.0,
1992-05-27,28.3,16.7,32.3,
1992-05-28,28.9,15.6,4.1,
1992-05-29,22.8,14.4,0.0,
1992-05-30,23.9,13.3,0.0,
1992-05-31,21.1,18.9,12.7,
1992-06-01,31.1,18.9,42.7,
1992-06-02,28.9,18.3,4.6,
1992-06-03,32.2,17.2,0.0,
1992-06-04,31.7,21.1,0.0,
1992-06-05,32.8,21.1,0.0,
1992-06-06,31.7,20.0,19.8,
1992-06-07,29.4,21.1,6.4,
1992-06-08,31.1,21.1,0.0,
1992-06-09,31.7,20.6,0.8,
1992-06-10,32.8,20.0,1.3,
1992-06-11,35.0,20.6,1.3,
1992-06-12,33.9,20.6,6.4,
1992-06-13,32.8,22.8,0.0,
1992-06-14,33.3,25.0,0.0,
1992-06-15,33.3,25.0,0.0,
1992-06-16,33.9,25.0,0.0,
1992-06-17,33.3,25.0,0.0,
1992-06-18,33.3,24.4,0.0,
1992-06-19,33.9,23.9,0.0,
1992-06-20,34.4,23.9,0.0,
1992-06-21,35.0,22.8,0.0,
1992-06-22,32.8,23.3,0.0,
1992-06-23,34.4,21.7,0.0,
1992-06-24,35.0,23.3,0.0,
1992-06-25,33.9,23.3,0.0,
1992-06-26,33.3,23.9,0.0,
1992-06-27,34.4,20.6,41.4,
1992-06-28,32.8,23.3,1.5,
1992-06-29,33.3,21.1,0.0,
1992-06-30,32.2,24.4,0.0,
1992-07-01,35.0,24.4,0.0,
1992-07-02,35.0,26.7,0.0,
1992-07-03,35.0,23.3,0.0,
1992-07-04,33.9,20.6,0.0,
1992-07-05,33.9,23.9,0.0,
1992-07-06,34.4,21.7,0.0,
1992-07-07,33.9,23.3,0.0,
1992-07-08,33.9,23.9,0.0,
1992-07-09,33.9,23.3,0.0,
1992-07-10,33.9,24.4,0.0,
1992-07-11,34.4,23.9,0.0,
1992-07-12,33.9,23.9,0.0,
1992-07-13,33.9,23.9,0.0,
1992-07-14,34.4,23.9,0.0,
1992-07-15,35.6,24.4,0.0,
1992-07-16,34.4,25.0,0.0,
1992-07-17,34.4,25.0,0.0,
1992-07-18,35.0,21.1,1.8,
1992-07-19,33.9,21.7,8.1,
1992-07-20,30.0,21.7,9.4,
1992-07-21,31.1,22.2,2.8,
1992-07-22,32.8,23.3,2.3,
1992-07-23,33.9,23.9,0.0,
1992-07-24,33.9,23.9,0.0,
1992-07-25,33.9,23.3,0.0,
1992-07-26,34.4,23.9,0.0,
1992-07-27,35.0,23.3,0.0,
1992-07-28,34.4,23.9,0.0,
1992-07-29,34.4,23.9,0.0,
1992-07-30,34.4,23.9,0.0,
1992-07-31,35.0,24.4,0.0,
1992-08-01,35.0,23.3,0.0,
1992-08-02,35.6,21.7,9.7,
1992-08-03,33.3,20.6,7.6,
1992-08-04,34.4,22.8,0.0,
1992-08-05,35.0,23.3,0.0,
1992-08-06,35.0,23.3,0.0,
1992-08-07,35.0,23.9,0.0,
1992-08-08,35.0,24.4,0.0,
1992-08-09,35.6,25.0,0.0,
1992-08-10,36.1,23.9,0.0,
1992-08-11,37.2,22.2,19.1,
1992-08-12,33.3,23.3,0.0,
1992-08-13,33.3,24.4,0.0,
1992-08-14,35.0,22.8,0.0,
1992-08-15,31.1,22.8,0.0,
1992-08-16,31.1,19.4,0.0,
1992-08-17,31.7,16.7,0.0,
1992-08-18,32.2,18.9,0.0,
1992-08-19,27.8,20.6,0.5,
1992-08-20,30.6,21.1,0.0,
1992-08-21,33.9,19.4,0.0,
1992-08-22,33.9,20.0,0.0,
1992-08-23,34.4,20.6,1.8,
1992-08-24,34.4,21.7,0.0,
1992-08-25,35.6,22.8,0.0,
1992-08-26,38.3,23.3,0.0,
1992-08-27,31.1,20.6,10.9,
1992-08-28,33.3,18.9,0.0,
1992-08-29,34.4,18.3,0.0,
1992-08-30,34.4,18.9,0.0,
1992-08-31,33.3,22.8,0.0,
1992-09-01,35.6,23.3,0.0,
1992-09-02,36.1,25.0,0.0,
1992-09-03,36.7,21.1,17.5,
1992-09-04,35.0,20.6,0.0,
1992-09-05,35.0,23.9,0.0,
1992-09-06,35.6,23.3,0.0,
1992-09-07,35.0,23.9,0.0,
1992-09-08,35.0,23.9,0.0,
1992-09-09,35.6,23.9,0.0,
1992-09-10,35.6,20.6,10.7,
1992-09-11,32.8,20.0,0.8,
1992-09-12,32.8,21.7,0.0,
1992-09-13,31.1,22.2,0.0,
1992-09-14,32.8,21.7,1.5,
1992-09-15,32.8,22.2,0.0,
1992-09-16,33.3,20.6,0.0,
1992-09-17,32.8,21.1,0.0,
1992-09-18,34.4,23.3,0.0,
1992-09-19,34.4,23.3,0.0,
1992-09-20,34.4,23.9,0.0,
1992-09-21,36.1,22.2,19.8,
1992-09-22,33.9,21.1,0.0,
1992-09-23,29.4,18.9,0.0,
1992-09-24,26.7,15.6,0.0,
1992-09-25,30.6,12.8,0.0,
1992-09-26,33.3,21.1,0.0,
1992-09-27,30.6,21.1,0.0,
1992-09-28,28.9,18.9,0.0,
1992-09-29,30.6,17.2,0.0,
1992-09-30,28.9,12.2,0.0,
1992-10-01,29.4,12.2,0.0,
1992-10-02,30.0,14.4,0.0,
1992-10-03,31.1,14.4,0.0,
1992-10-04,32.2,12.2,0.0,
1992-10-05,31.1,13.3,0.0,
1992-10-06,30.0,15.0,0.0,
1992-10-07,30.6,15.6,13.0,
1992-10-08,24.4,11.7,0.0,
1992-10-09,28.3,10.6,0.0,
1992-10-10,32.2,20.6,0.0,
1992-10-11,29.4,15.0,0.0,
1992-10-12,30.6,12.8,0.0,
1992-10-13,30.6,14.4,0.0,
1992-10-14,31.1,16.1,0.0,
1992-10-15,30.6,22.2,0.0,
1992-10-16,30.6,18.3,0.0,
1992-10-17,25.0,15.6,0.0,
1992-10-18,23.9,14.4,0.0,
1992-10-19,26.7,12.2,0.0,
1992-10-20,28.9,16.1,0.0,
1992-10-21,28.9,17.2,0.0,
1992-10-22,28.3,18.9,0.0,
1992-10-23,29.4,17.8,0.0,
1992-10-24,31.7,14.4,0.0,
1992-10-25,32.8,15.0,0.0,
1992-10-26,31.1,15.6,0.0,
1992-10-27,30.0,16.7,0.0,
1992-10-28,28.9,15.0,0.0,
1992-10-29,30.0,17.8,22.1,
1992-10-30,28.9,16.1,0.0,
1992-10-31,31.1,21.1,0.0,
1992-11-01,25.6,13.3,28.4,
1992-11-02,27.2,8.3,0.0,
1992-11-03,26.1,11.7,0.0,
1992-11-04,14.4,5.6,0.8,
1992-11-05,13.3,1.7,0.0,
1992-11-06,16.1,6.1,0.0,
1992-11-07,18.3,2.2,0.0,
1992-11-08,19.4,12.2,0.8,
1992-11-09,26.1,19.4,0.0,
1992-11-10,25.0,18.9,0.8,
1992-11-11,23.3,18.9,0.5,
1992-11-12,21.7,9.4,5.8,
1992-11-13,18.3,6.1,0.0,
1992-11-14,19.4,3.9,0.0,
1992-11-15,20.0,4.4,0.0,
1992-11-16,23.3,8.9,0.0,
1992-11-17,23.3,13.3,0.0,
1992-11-18,25.0,16.7,0.3,
1992-11-19,19.4,13.3,49.8,
1992-11-20,20.0,11.7,1.5,
1992-11-21,18.9,7.8,2.8,
1992-11-22,16.7,6.1,0.0,
1992-11-23,20.0,5.0,0.0,
1992-11-24,19.4,8.3,4.1,
1992-11-25,13.3,5.0,0.0,
1992-11-26,8.9,1.1,0.0,
1992-11-27,12.8,-1.7,0.0,
1992-11-28,16.7,-3.3,0.0,
1992-11-29,21.1,1.1,0.0,
1992-11-30,14.4,5.0,0.0,
1992-12-01,22.8,5.6,0.0,
1992-12-02,16.7,6.1,0.0,
1992-12-03,18.3,4.4,0.0,
1992-12-04,17.2,7.8,0.0,
1992-12-05,7.8,1.7,3.8,
1992-12-06,8.3,2.2,0.0,
1992-12-07,20.6,0.6,0.0,
1992-12-08,13.3,7.8,1.5,
1992-12-09,22.8,7.8,12.4,
1992-12-10,21.7,8.9,0.0,
1992-12-11,19.4,7.2,0.0,
1992-12-12,22.8,8.3,0.0,
1992-12-13,21.1,16.1,1.8,
1992-12-14,20.0,5.0,29.7,
1992-12-15,15.6,3.9,21.3,
1992-12-16,16.7,2.8,0.0,
1992-12-17,12.8,4.4,0.0,
1992-12-18,17.8,2.2,0.0,
1992-12-19,22.8,13.3,0.8,
1992-12-20,13.3,4.4,3.8,
1992-12-21,13.3,5.6,0.0,
1992-12-22,19.4,11.7,0.3,
1992-12-23,20.6,13.9,1.3,
1992-12-24,13.9,7.8,0.0,
1992-12-25,15.0,9.4,0.3,
1992-12-26,10.0,4.4,0.0,
1992-12-27,15.6,4.4,0.0,
1992-12-28,18.9,13.3,1.3,
1992-12-29,25.6,18.9,0.3,
1992-12-30,26.7,20.0,0.0,
1992-12-31,21.7,1.7,5.1,
1993-01-01,2.8,0.0,0.3,
1993-01-02,10.0,2.8,1.3,
1993-01-03,19.4,9.4,1.3,
1993-01-04,17.8,5.6,3.3,
1993-01-05,11.1,3.9,0.0,
1993-01-06,11.1,3.3,0.3,
1993-01-07,12.8,8.3,2.8,
1993-01-08,16.1,11.7,0.0,
1993-01-09,24.4,5.0,14.2,
1993-01-10,5.0,1.1,1.8,
1993-01-11,6.1,1.7,0.3,
1993-01-12,19.4,6.1,0.0,
1993-01-13,10.0,2.8,0.0,
1993-01-14,9.4,3.9,0.0,
1993-01-15,17.2,7.8,0.0,
1993-01-16,15.6,4.4,0.0,
1993-01-17,17.2,7.2,0.0,
1993-01-18,21.1,7.8,0.0,
1993-01-19,7.8,3.9,46.0,
1993-01-20,18.9,5.0,0.3,
1993-01-21,25.0,3.9,0.0,
1993-01-22,23.3,9.4,0.0,
1993-01-23,23.9,10.0,0.0,
1993-01-24,13.9,3.3,0.0,
1993-01-25,11.1,2.2,0.0,
1993-01-26,16.7,1.1,0.0,
1993-01-27,17.2,1.7,0.0,
1993-01-28,15.0,7.2,9.9,
1993-01-29,12.2,3.9,4.6,
1993-01-30,14.4,3.9,0.0,
1993-01-31,16.7,3.9,0.0,
1993-02-01,21.7,5.6,0.0,
1993-02-02,16.7,11.7,0.0,
1993-02-03,15.0,12.2,23.4,
1993-02-04,13.3,10.6,1.3,
1993-02-05,12.8,7.2,9.4,
1993-02-06,15.6,4.4,0.0,
1993-02-07,20.0,2.8,0.0,
1993-02-08,20.0,3.9,0.0,
1993-02-09,18.9,8.3,20.6,
1993-02-10,22.8,11.7,6.9,
1993-02-11,18.9,10.6,0.0,
1993-02-12,18.9,4.4,0.0,
1993-02-13,18.9,5.6,0.0,
1993-02-14,15.6,10.6,0.8,
1993-02-15,28.3,12.2,1.5,
1993-02-16,12.2,3.3,0.0,
1993-02-17,8.9,1.1,0.0,
1993-02-18,7.2,0.6,0.0,
1993-02-19,13.3,4.4,0.0,
1993-02-20,19.4,11.7,0.0,
1993-02-21,26.1,13.3,0.0,
1993-02-22,20.0,8.3,0.0,
1993-02-23,22.8,7.2,0.0,
1993-02-24,21.7,12.8,0.0,
1993-02-25,23.9,8.9,0.5,
1993-02-26,14.4,2.8,0.0,
1993-02-27,11.7,3.9,0.0,
1993-02-28,11.1,7.8,15.5,
1993-03-01,16.7,10.0,1.8,
1993-03-02,22.2,10.6,0.0,
1993-03-03,21.7,7.8,0.0,
1993-03-04,21.1,6.7,0.0,
1993-03-05,18.9,7.2,0.0,
1993-03-06,23.9,3.9,0.0,
1993-03-07,23.9,8.9,0.0,
1993-03-08,28.3,7.8,0.0,
1993-03-09,28.9,10.6,0.0,
1993-03-10,23.3,11.7,0.0,
1993-03-11,16.1,6.7,3.0,
1993-03-12,7.2,3.3,9.1,
1993-03-13,10.6,0.0,0.0,
1993-03-14,14.4,-2.2,0.0,
1993-03-15,16.1,9.4,2.8,
1993-03-16,26.7,15.0,0.3,
1993-03-17,18.9,8.9,0.0,
1993-03-18,21.7,8.9,0.0,
1993-03-19,23.9,13.3,19.6,
1993-03-20,18.3,13.3,0.0,
1993-03-21,21.7,12.8,0.0,
1993-03-22,20.6,14.4,0.5,
1993-03-23,21.7,10.6,0.0,
1993-03-24,24.4,12.2,0.0,
1993-03-25,28.9,17.8,14.5,
1993-03-26,22.8,11.7,0.0,
1993-03-27,25.6,10.6,0.0,
1993-03-28,26.7,17.2,0.5,
1993-03-29,28.3,18.9,0.0,
1993-03-30,28.3,16.7,1.0,
1993-03-31,25.0,12.8,0.0,
1993-04-01,23.3,11.1,0.0,
1993-04-02,21.1,6.7,0.0,
1993-04-03,18.9,11.1,8.6,
1993-04-04,17.8,10.0,0.0,
1993-04-05,17.2,8.9,0.0,
1993-04-06,22.2,9.4,0.0,
1993-04-07,22.2,13.9,17.3,
1993-04-08,22.2,13.9,0.0,
1993-04-09,26.7,11.1,0.0,
1993-04-10,29.4,8.3,0.0,
1993-04-11,29.4,15.6,0.0,
1993-04-12,28.3,19.4,0.0,
1993-04-13,26.1,19.4,0.0,
1993-04-14,25.6,8.9,9.7,
1993-04-15,22.2,7.8,0.0,
1993-04-16,23.3,8.3,0.0,
1993-04-17,25.6,11.1,0.0,
1993-04-18,28.3,14.4,0.0,
1993-04-19,30.0,18.9,0.0,
1993-04-20,23.9,15.0,0.5,
1993-04-21,22.8,10.6,0.0,
1993-04-22,25.0,8.9,0.0,
1993-04-23,28.3,13.9,0.0,
1993-04-24,28.3,18.9,0.0,
1993-04-25,32.2,18.9,0.0,
1993-04-26,27.8,15.0,0.0,
1993-04-27,26.1,13.3,0.0,
1993-04-28,26.1,18.9,0.3,
1993-04-29,22.8,16.1,37.1,
1993-04-30,26.1,15.6,1.3,
1993-05-01,28.3,18.9,0.0,
1993-05-02,23.9,12.2,26.7,
1993-05-03,29.4,10.6,0.0,
1993-05-04,26.7,17.8,0.0,
1993-05-05,22.2,17.2,29.2,
1993-05-06,29.4,16.1,0.0,
1993-05-07,28.3,21.7,0.0,
1993-05-08,27.8,21.7,0.3,
1993-05-09,27.2,18.3,39.1,
1993-05-10,26.7,13.9,0.0,
1993-05-11,30.6,13.9,0.0,
1993-05-12,27.2,17.2,0.0,
1993-05-13,32.2,15.6,0.0,
1993-05-14,30.6,16.7,0.0,
1993-05-15,32.8,15.0,0.0,
1993-05-16,30.6,18.3,0.0,
1993-05-17,30.6,20.0,0.0,
1993-05-18,32.8,22.2,0.5,
1993-05-19,28.9,16.7,0.0,
1993-05-20,28.9,14.4,0.0,
1993-05-21,29.4,17.8,0.0,
1993-05-22,27.8,18.9,0.3,
1993-05-23,21.7,17.8,25.7,
1993-05-24,27.8,16.1,0.0,
1993-05-25,27.8,19.4,0.0,
1993-05-26,28.9,19.4,0.0,
1993-05-27,28.3,20.0,0.0,
1993-05-28,28.3,20.6,0.0,
1993-05-29,30.0,21.1,0.0,
1993-05-30,30.0,18.9,13.0,
1993-05-31,33.3,18.9,0.0,
1993-06-01,30.0,17.8,0.0,
1993-06-02,33.3,20.6,0.0,
1993-06-03,33.3,21.7,0.0,
1993-06-04,33.3,23.3,0.0,
1993-06-05,33.3,22.8,0.0,
1993-06-06,33.3,26.1,0.0,
1993-06-07,31.7,26.1,0.0,
1993-06-08,30.6,25.6,0.0,
1993-06-09,32.8,25.0,0.0,
1993-06-10,27.8,19.4,2.5,
1993-06-11,31.1,21.1,6.1,
1993-06-12,29.4,21.7,3.0,
1993-06-13,31.7,21.7,0.0,
1993-06-14,31.7,22.2,0.5,
1993-06-15,33.3,22.8,0.8,
1993-06-16,33.3,22.8,0.0,
1993-06-17,33.3,22.2,5.1,
1993-06-18,32.2,22.8,4.1,
1993-06-19,29.4,22.8,0.8,
1993-06-20,27.8,23.3,14.7,
1993-06-21,32.8,24.4,3.8,
1993-06-22,31.1,22.8,0.0,
1993-06-23,32.8,23.9,2.8,
1993-06-24,32.8,23.3,0.5,
1993-06-25,33.3,23.9,0.3,
1993-06-26,29.4,20.6,56.4,
1993-06-27,31.7,23.3,0.0,
1993-06-28,33.3,24.4,0.0,
1993-06-29,33.3,25.6,0.0,
1993-06-30,32.8,25.0,0.0,
1993-07-01,32.8,24.4,0.0,
1993-07-02,32.8,24.4,0.0,
1993-07-03,32.8,23.9,0.0,
1993-07-04,32.8,23.3,0.0,
1993-07-05,32.8,24.4,0.0,
1993-07-06,33.9,25.6,0.0,
1993-07-07,33.3,25.0,0.0,
1993-07-08,33.3,25.0,0.0,
1993-07-09,34.4,23.9,0.0,
1993-07-10,32.8,23.3,0.0,
1993-07-11,34.4,23.9,0.0,
1993-07-12,34.4,25.0,0.0,
1993-07-13,34.4,24.4,0.0,
1993-07-14,33.9,24.4,0.0,
1993-07-15,34.4,22.8,0.0,
1993-07-16,35.0,23.3,0.0,
1993-07-17,35.6,25.0,0.0,
1993-07-18,34.4,24.4,0.0,
1993-07-19,35.6,22.8,0.0,
1993-07-20,35.6,24.4,0.0,
1993-07-21,35.6,23.3,0.0,
1993-07-22,35.6,25.0,0.0,
1993-07-23,36.1,23.9,0.0,
1993-07-24,36.7,24.4,0.0,
1993-07-25,36.7,25.0,0.0,
1993-07-26,36.1,23.3,0.0,
1993-07-27,36.7,25.0,0.0,
1993-07-28,37.2,25.0,0.0,
1993-07-29,37.8,25.6,0.0,
1993-07-30,38.3,24.4,0.0,
1993-07-31,37.8,24.4,0.0,
1993-08-01,37.8,24.4,0.0,
1993-08-02,37.8,23.3,0.0,
1993-08-03,36.7,25.0,0.0,
1993-08-04,37.2,26.1,0.0,
1993-08-05,36.7,23.9,0.0,
1993-08-06,37.8,24.4,0.0,
1993-08-07,37.2,24.4,0.0,
1993-08-08,37.2,24.4,0.0,
1993-08-09,37.8,25.0,0.0,
1993-08-10,37.8,23.9,0.0,
1993-08-11,37.8,23.9,0.0,
1993-08-12,37.8,23.3,0.0,
1993-08-13,37.8,23.9,0.0,
1993-08-14,37.8,24.4,0.0,
1993-08-15,37.8,24.4,0.0,
1993-08-16,37.8,25.0,0.0,
1993-08-17,37.8,23.9,0.0,
1993-08-18,38.3,23.9,0.0,
1993-08-19,37.8,23.3,0.0,
1993-08-20,37.8,23.3,0.0,
1993-08-21,36.7,23.3,0.0,
1993-08-22,36.7,23.3,0.0,
1993-08-23,37.8,25.0,0.0,
1993-08-24,37.8,25.0,0.0,
1993-08-25,37.8,23.9,0.0,
1993-08-26,37.2,23.9,0.0,
1993-08-27,37.2,24.4,0.0,
1993-08-28,35.6,23.9,0.0,
1993-08-29,37.2,23.9,0.0,
1993-08-30,36.1,23.9,0.0,
1993-08-31,35.6,23.3,19.1,
1993-09-01,36.7,22.2,0.0,
1993-09-02,37.2,23.3,0.0,
1993-09-03,30.6,23.9,0.0,
1993-09-04,35.6,21.7,0.0,
1993-09-05,36.1,17.2,0.0,
1993-09-06,32.8,22.8,0.0,
1993-09-07,36.7,21.1,0.0,
1993-09-08,38.3,20.0,0.8,
1993-09-09,35.0,21.7,0.0,
1993-09-10,37.2,22.8,0.0,
1993-09-11,36.1,22.8,0.0,
1993-09-12,33.9,22.8,0.3,
1993-09-13,33.3,26.1,5.8,
1993-09-14,28.3,17.8,0.0,
1993-09-15,28.9,15.0,0.0,
1993-09-16,31.7,15.0,0.0,
1993-09-17,33.9,16.7,0.0,
1993-09-18,34.4,20.0,0.0,
1993-09-19,36.7,23.9,0.0,
1993-09-20,37.2,23.9,0.0,
1993-09-21,36.1,24.4,0.0,
1993-09-22,36.7,25.0,0.0,
1993-09-23,36.7,24.4,0.0,
1993-09-24,36.7,25.0,0.0,
1993-09-25,36.1,25.0,0.0,
1993-09-26,28.9,21.7,1.8,
1993-09-27,28.9,16.7,0.0,
1993-09-28,33.3,13.9,0.0,
1993-09-29,33.9,13.9,0.0,
1993-09-30,33.9,16.1,0.0,
1993-10-01,33.9,18.3,0.0,
1993-10-02,34.4,20.6,0.0,
1993-10-03,31.7,20.0,0.0,
1993-10-04,33.9,17.8,0.0,
1993-10-05,33.9,18.9,0.0,
1993-10-06,33.3,18.9,0.0,
1993-10-07,31.7,18.9,0.0,
1993-10-08,34.4,21.1,0.0,
1993-10-09,26.1,16.1,0.0,
1993-10-10,25.6,11.7,0.0,
1993-10-11,25.6,15.0,0.0,
1993-10-12,33.9,21.7,0.0,
1993-10-13,27.8,18.9,3.0,
1993-10-14,24.4,16.7,0.0,
1993-10-15,30.6,16.7,0.0,
1993-10-16,33.3,23.3,0.0,
1993-10-17,35.0,23.3,0.0,
1993-10-18,33.3,23.9,0.0,
1993-10-19,34.4,22.2,0.5,
1993-10-20,22.2,17.8,46.7,
1993-10-21,22.8,13.3,0.0,
1993-10-22,21.7,9.4,0.0,
1993-10-23,22.8,8.9,0.0,
1993-10-24,23.3,11.1,0.0,
1993-10-25,26.7,9.4,0.0,
1993-10-26,26.7,11.7,0.0,
1993-10-27,20.6,11.1,0.0,
1993-10-28,24.4,9.4,0.0,
1993-10-29,21.1,4.4,11.2,
1993-10-30,9.4,2.2,0.0,
1993-10-31,14.4,-1.1,0.0,
1993-11-01,17.8,1.1,0.0,
1993-11-02,21.1,12.2,2.0,
1993-11-03,19.4,13.3,8.6,
1993-11-04,27.2,13.3,0.0,
1993-11-05,20.0,7.8,0.0,
1993-11-06,13.3,2.8,0.0,
1993-11-07,15.6,-0.6,0.0,
1993-11-08,14.4,8.9,0.8,
1993-11-09,15.0,11.1,0.0,
1993-11-10,17.8,10.6,0.0,
1993-11-11,22.2,7.8,0.8,
1993-11-12,27.8,19.4,0.3,
1993-11-13,27.2,22.2,0.0,
1993-11-14,24.4,12.8,5.1,
1993-11-15,19.4,10.0,0.0,
1993-11-16,17.2,7.8,2.0,
1993-11-17,18.9,5.0,0.0,
1993-11-18,21.7,7.8,0.0,
1993-11-19,22.8,10.0,0.0,
1993-11-20,15.0,3.3,0.0,
1993-11-21,17.8,0.6,0.0,
1993-11-22,21.7,2.2,0.0,
1993-11-23,25.0,8.3,0.0,
1993-11-24,18.9,3.9,0.0,
1993-11-25,4.4,-0.6,4.8,
1993-11-26,8.3,-1.7,1.0,
1993-11-27,16.7,-1.7,0.0,
1993-11-28,23.3,2.2,0.0,
1993-11-29,22.8,1.7,0.0,
1993-11-30,23.9,5.0,0.0,
1993-12-01,25.0,14.4,0.0,
1993-12-02,25.0,17.2,1.5,
1993-12-03,24.4,15.6,0.0,
1993-12-04,21.1,8.3,0.0,
1993-12-05,25.0,4.4,0.0,
1993-12-06,18.9,9.4,0.0,
1993-12-07,17.8,7.8,0.0,
1993-12-08,19.4,15.0,1.3,
1993-12-09,24.4,18.9,0.3,
1993-12-10,24.4,14.4,0.3,
1993-12-11,21.7,10.0,0.0,
1993-12-12,20.6,9.4,1.3,
1993-12-13,20.0,10.0,3.3,
1993-12-14,18.9,7.2,0.0,
1993-12-15,16.1,3.9,0.0,
1993-12-16,15.6,4.4,0.5,
1993-12-17,15.0,12.2,4.3,
1993-12-18,12.8,8.9,0.0,
1993-12-19,12.2,9.4,0.0,
1993-12-20,14.4,6.1,0.0,
1993-12-21,10.6,1.7,8.4,
1993-12-22,7.8,1.7,7.9,
1993-12-23,9.4,0.6,0.0,
1993-12-24,11.7,1.7,0.0,
1993-12-25,20.0,4.4,0.0,
1993-12-26,21.1,0.6,0.0,
1993-12-27,22.8,7.2,0.0,
1993-12-28,17.8,5.6,0.0,
1993-12-29,9.4,3.3,0.0,
1993-12-30,13.9,4.4,0.0,
1993-12-31,13.9,0.6,0.0,
1994-01-01,22.2,7.8,0.0,
1994-01-02,26.1,2.2,0.0,
1994-01-03,17.2,6.7,0.0,
1994-01-04,18.3,3.9,0.0,
1994-01-05,22.2,1.7,0.0,
1994-01-06,22.8,10.0,0.0,
1994-01-07,11.1,1.1,0.0,
1994-01-08,15.6,-3.9,0.0,
1994-01-09,17.8,0.6,0.0,
1994-01-10,21.7,10.6,0.8,
1994-01-11,22.8,11.1,0.3,
1994-01-12,13.9,10.0,0.0,
1994-01-13,18.9,9.4,4.3,
1994-01-14,22.8,6.7,0.0,
1994-01-15,15.6,6.1,0.0,
1994-01-16,20.0,10.0,0.0,
1994-01-17,16.7,3.3,0.0,
1994-01-18,5.6,-1.7,0.0,
1994-01-19,13.9,-3.9,0.0,
1994-01-20,10.6,7.2,11.2,
1994-01-21,10.0,5.6,1.0,
1994-01-22,10.0,5.6,4.1,
1994-01-23,12.8,8.9,2.5,
1994-01-24,19.4,12.8,7.6,
1994-01-25,21.7,18.3,0.0,
1994-01-26,23.3,19.4,0.0,
1994-01-27,20.0,7.2,3.3,
1994-01-28,7.8,3.9,1.3,
1994-01-29,10.6,3.3,0.0,
1994-01-30,12.8,2.2,0.0,
1994-01-31,5.6,0.6,0.0,
1994-02-01,7.8,-0.6,0.0,
1994-02-02,13.3,-3.3,0.0,
1994-02-03,12.2,2.2,0.0,
1994-02-04,24.4,8.9,0.0,
1994-02-05,25.6,11.7,0.0,
1994-02-06,25.6,8.3,0.0,
1994-02-07,23.9,12.8,0.0,
1994-02-08,28.9,19.4,0.0,
1994-02-09,20.6,-3.3,2.3,
1994-02-10,1.7,-3.3,14.7,
1994-02-11,15.6,-2.2,0.0,
1994-02-12,21.7,7.8,0.0,
1994-02-13,14.4,4.4,0.0,
1994-02-14,17.2,0.0,0.0,
1994-02-15,18.9,8.3,0.0,
1994-02-16,21.7,10.6,0.0,
1994-02-17,22.2,5.6,0.0,
1994-02-18,22.2,10.0,0.0,
1994-02-19,22.2,16.1,0.3,
1994-02-20,26.7,15.6,1.0,
1994-02-21,22.8,15.0,10.4,
1994-02-22,26.7,12.2,22.1,
1994-02-23,14.4,6.1,0.0,
1994-02-24,17.8,1.7,0.0,
1994-02-25,25.6,5.6,0.0,
1994-02-26,8.3,2.8,0.0,
1994-02-27,17.2,6.1,0.0,
1994-02-28,17.2,10.6,3.3,
1994-03-01,16.7,7.2,5.1,
1994-03-02,23.3,6.1,0.0,
1994-03-03,20.6,6.7,0.0,
1994-03-04,26.7,9.4,0.0,
1994-03-05,31.7,14.4,0.0,
1994-03-06,28.9,16.1,0.0,
1994-03-07,28.9,18.9,0.0,
1994-03-08,23.9,7.2,9.4,
1994-03-09,9.4,3.3,3.3,
1994-03-10,17.2,1.7,0.0,
1994-03-11,18.9,3.9,0.0,
1994-03-12,15.0,10.0,5.3,
1994-03-13,19.4,12.2,0.3,
1994-03-14,23.3,9.4,0.0,
1994-03-15,18.9,15.6,16.3,
1994-03-16,23.9,15.0,0.0,
1994-03-17,25.6,13.3,0.0,
1994-03-18,30.0,16.7,0.0,
1994-03-19,27.8,15.0,0.0,
1994-03-20,28.3,18.3,0.0,
1994-03-21,25.0,14.4,0.0,
1994-03-22,27.2,11.7,0.0,
1994-03-23,25.0,19.4,0.0,
1994-03-24,25.6,16.1,1.8,
1994-03-25,23.9,10.0,0.0,
1994-03-26,27.2,17.8,0.0,
1994-03-27,22.2,9.4,1.8,
1994-03-28,17.8,6.7,0.0,
1994-03-29,22.2,4.4,0.0,
1994-03-30,20.0,8.9,0.0,
1994-03-31,22.2,5.6,0.0,
1994-04-01,23.9,6.7,0.0,
1994-04-02,24.4,10.6,0.0,
1994-04-03,23.3,11.1,0.0,
1994-04-04,25.6,8.9,0.0,
1994-04-05,28.3,10.0,5.6,
1994-04-06,18.9,4.4,0.0,
1994-04-07,22.2,5.0,0.0,
1994-04-08,26.7,11.1,0.0,
1994-04-09,27.2,19.4,0.0,
1994-04-10,29.4,21.1,0.0,
1994-04-11,26.7,17.8,1.0,
1994-04-12,22.2,11.1,0.0,
1994-04-13,28.9,10.0,0.0,
1994-04-14,28.9,19.4,0.0,
1994-04-15,28.3,18.3,1.5,
1994-04-16,26.1,12.8,0.0,
1994-04-17,26.7,10.6,0.0,
1994-04-18,28.3,11.7,0.0,
1994-04-19,27.2,17.8,0.8,
1994-04-20,25.0,17.8,0.0,
1994-04-21,30.6,17.8,0.0,
1994-04-22,29.4,17.2,0.0,
1994-04-23,30.0,16.1,0.0,
1994-04-24,29.4,17.2,0.0,
1994-04-25,28.9,21.7,0.0,
1994-04-26,33.3,22.8,0.0,
1994-04-27,31.1,23.9,0.0,
1994-04-28,25.6,13.3,6.4,
1994-04-29,29.4,18.9,27.2,
1994-04-30,22.8,10.6,0.3,
1994-05-01,15.6,10.0,0.8,
1994-05-02,20.6,12.8,8.4,
1994-05-03,21.7,12.2,0.0,
1994-05-04,25.6,15.0,0.5,
1994-05-05,27.8,19.4,0.0,
1994-05-06,28.3,18.9,0.3,
1994-05-07,29.4,22.8,0.0,
1994-05-08,29.4,19.4,0.0,
1994-05-09,30.6,22.8,0.3,
1994-05-10,30.0,22.2,0.0,
1994-05-11,28.9,21.7,0.0,
1994-05-12,31.1,22.2,0.0,
1994-05-13,25.6,15.0,36.3,
1994-05-14,28.9,17.2,8.1,
1994-05-15,31.1,18.9,2.8,
1994-05-16,26.7,20.0,14.0,
1994-05-17,30.6,20.6,1.0,
1994-05-18,30.6,20.6,0.0,
1994-05-19,29.4,17.2,0.0,
1994-05-20,28.3,16.1,0.0,
1994-05-21,28.3,15.0,0.0,
1994-05-22,28.9,16.7,0.0,
1994-05-23,29.4,17.2,0.0,
1994-05-24,31.1,17.2,0.0,
1994-05-25,30.6,20.0,0.0,
1994-05-26,30.6,21.7,0.0,
1994-05-27,31.1,20.0,0.0,
1994-05-28,33.9,21.7,0.0,
1994-05-29,33.3,18.9,21.1,
1994-05-30,33.9,18.9,0.0,
1994-05-31,34.4,22.2,0.0,
1994-06-01,31.7,21.7,0.0,
1994-06-02,32.2,20.6,0.0,
1994-06-03,30.0,22.8,0.0,
1994-06-04,32.2,22.2,0.0,
1994-06-05,33.9,23.3,0.0,
1994-06-06,35.0,22.8,0.0,
1994-06-07,35.0,23.9,0.0,
1994-06-08,36.7,23.9,0.0,
1994-06-09,35.6,24.4,0.0,
1994-06-10,36.1,22.8,0.0,
1994-06-11,34.4,22.2,0.0,
1994-06-12,35.0,21.1,0.0,
1994-06-13,33.9,22.2,1.8,
1994-06-14,29.4,21.7,5.3,
1994-06-15,33.3,21.7,1.8,
1994-06-16,33.9,25.0,0.0,
1994-06-17,35.0,23.9,0.0,
1994-06-18,36.1,23.3,0.0,
1994-06-19,34.4,22.2,8.1,
1994-06-20,34.4,22.2,0.3,
1994-06-21,33.9,21.1,0.0,
1994-06-22,34.4,22.2,0.0,
1994-06-23,36.7,22.8,1.5,
1994-06-24,38.3,23.9,0.0,
1994-06-25,37.8,25.0,0.0,
1994-06-26,36.7,25.6,0.0,
1994-06-27,37.8,24.4,0.0,
1994-06-28,38.9,24.4,0.0,
1994-06-29,37.8,24.4,0.0,
1994-06-30,35.6,23.3,0.0,
1994-07-01,36.1,23.9,0.0,
1994-07-02,35.6,24.4,0.0,
1994-07-03,36.7,25.0,0.0,
1994-07-04,36.7,23.3,0.0,
1994-07-05,36.7,25.0,0.0,
1994-07-06,36.7,25.6,0.0,
1994-07-07,37.8,25.6,0.0,
1994-07-08,38.3,26.1,0.0,
1994-07-09,37.8,23.9,6.6,
1994-07-10,35.0,22.2,0.0,
1994-07-11,37.8,23.9,0.0,
1994-07-12,37.8,23.9,0.0,
1994-07-13,37.8,24.4,0.0,
1994-07-14,36.1,25.6,0.0,
1994-07-15,37.8,25.6,0.0,
1994-07-16,37.8,24.4,0.0,
1994-07-17,37.8,25.0,0.0,
1994-07-18,37.8,23.9,0.0,
1994-07-19,37.2,23.3,0.0,
1994-07-20,37.2,24.4,0.0,
1994-07-21,37.8,24.4,0.0,
1994-07-22,38.9,24.4,0.0,
1994-07-23,39.4,25.6,0.0,
1994-07-24,39.4,22.8,0.0,
1994-07-25,40.0,23.3,0.0,
1994-07-26,39.4,23.9,0.0,
1994-07-27,36.1,24.4,0.0,
1994-07-28,36.1,20.6,0.0,
1994-07-29,36.1,20.0,0.0,
1994-07-30,33.3,21.7,0.0,
1994-07-31,36.1,22.8,0.0,
1994-08-01,36.1,20.6,0.0,
1994-08-02,35.6,21.7,0.0,
1994-08-03,36.1,22.2,0.0,
1994-08-04,36.1,22.8,0.0,
1994-08-05,37.2,22.8,0.0,
1994-08-06,36.7,20.6,0.0,
1994-08-07,37.2,24.4,0.0,
1994-08-08,36.1,25.0,8.4,
1994-08-09,30.6,21.7,144.3,
1994-08-10,33.9,21.7,0.0,
1994-08-11,35.0,21.7,0.0,
1994-08-12,34.4,22.8,0.0,
1994-08-13,35.0,22.8,0.0,
1994-08-14,36.1,23.9,0.0,
1994-08-15,36.7,22.2,46.2,
1994-08-16,34.4,22.2,0.0,
1994-08-17,36.7,22.2,0.0,
1994-08-18,36.1,25.0,0.0,
1994-08-19,35.0,25.0,0.0,
1994-08-20,36.1,25.6,0.0,
1994-08-21,27.8,22.2,1.8,
1994-08-22,31.1,22.2,3.0,
1994-08-23,33.3,25.0,0.0,
1994-08-24,33.9,23.9,0.0,
1994-08-25,33.9,22.8,0.0,
1994-08-26,34.4,22.8,0.0,
1994-08-27,33.9,23.3,0.0,
1994-08-28,33.9,22.2,0.0,
1994-08-29,35.0,23.3,0.0,
1994-08-30,32.8,23.9,0.0,
1994-08-31,30.6,21.7,12.2,
1994-09-01,32.2,22.8,16.8,
1994-09-02,31.7,22.8,1.5,
1994-09-03,32.8,22.2,0.0,
1994-09-04,33.9,21.1,0.0,
1994-09-05,33.9,21.7,0.0,
1994-09-06,35.6,23.3,0.0,
1994-09-07,33.9,23.9,0.3,
1994-09-08,28.3,20.0,80.5,
1994-09-09,27.8,21.1,11.4,
1994-09-10,31.1,21.1,0.0,
1994-09-11,30.0,21.1,0.0,
1994-09-12,31.1,21.7,15.0,
1994-09-13,31.7,22.2,0.0,
1994-09-14,31.1,22.2,19.1,
1994-09-15,31.1,22.8,0.0,
1994-09-16,32.2,22.8,0.0,
1994-09-17,31.7,22.2,0.0,
1994-09-18,31.7,17.8,0.0,
1994-09-19,31.1,17.2,0.0,
1994-09-20,31.1,18.3,0.0,
1994-09-21,30.6,15.6,0.0,
1994-09-22,25.0,13.3,0.0,
1994-09-23,28.3,11.7,0.0,
1994-09-24,26.7,15.0,0.0,
1994-09-25,30.0,13.3,0.0,
1994-09-26,33.3,15.6,0.0,
1994-09-27,33.3,16.1,0.0,
1994-09-28,33.3,18.3,0.0,
1994-09-29,32.8,15.6,0.0,
1994-09-30,29.4,17.8,0.0,
1994-10-01,33.3,20.6,0.0,
1994-10-02,33.9,18.9,0.0,
1994-10-03,34.4,20.6,0.0,
1994-10-04,32.2,22.2,0.0,
1994-10-05,31.7,18.3,0.0,
1994-10-06,32.2,18.9,0.0,
1994-10-07,30.0,17.8,81.5,
1994-10-08,23.3,16.7,21.8,
1994-10-09,23.3,13.9,0.0,
1994-10-10,23.9,12.2,0.0,
1994-10-11,24.4,11.1,0.0,
1994-10-12,26.7,11.1,0.0,
1994-10-13,24.4,12.2,0.0,
1994-10-14,20.6,15.0,7.6,
1994-10-15,22.8,15.0,11.2,
1994-10-16,28.3,22.2,11.2,
1994-10-17,28.9,21.7,1.3,
1994-10-18,23.3,19.4,22.6,
1994-10-19,28.9,20.0,0.0,
1994-10-20,31.1,22.8,0.0,
1994-10-21,30.6,22.8,0.0,
1994-10-22,32.2,22.2,0.0,
1994-10-23,29.4,20.6,0.0,
1994-10-24,29.4,19.4,0.3,
1994-10-25,22.2,12.8,35.6,
1994-10-26,18.9,11.7,0.0,
1994-10-27,13.3,10.6,6.4,
1994-10-28,22.8,12.8,0.0,
1994-10-29,25.6,11.7,0.0,
1994-10-30,25.6,12.8,0.0,
1994-10-31,26.7,12.8,0.0,
1994-11-01,21.7,7.8,0.0,
1994-11-02,28.3,12.2,0.0,
1994-11-03,29.4,23.3,0.0,
1994-11-04,28.9,23.3,3.8,
1994-11-05,25.0,12.2,30.5,
1994-11-06,23.3,11.7,0.0,
1994-11-07,25.6,10.6,0.0,
1994-11-08,28.3,20.6,0.0,
1994-11-09,26.1,10.6,1.0,
1994-11-10,15.0,7.8,0.0,
1994-11-11,18.3,8.3,0.0,
1994-11-12,20.0,9.4,0.0,
1994-11-13,26.7,18.3,0.0,
1994-11-14,26.7,16.1,0.0,
1994-11-15,16.1,12.8,8.9,
1994-11-16,18.9,11.1,0.0,
1994-11-17,22.2,14.4,0.0,
1994-11-18,21.1,15.6,0.8,
1994-11-19,26.1,20.6,0.0,
1994-11-20,25.0,12.8,1.0,
1994-11-21,24.4,7.2,0.0,
1994-11-22,22.8,10.0,0.0,
1994-11-23,17.2,8.9,0.5,
1994-11-24,11.7,8.3,0.0,
1994-11-25,23.9,10.6,0.0,
1994-11-26,27.8,13.3,0.0,
1994-11-27,27.2,15.6,0.0,
1994-11-28,19.4,9.4,0.0,
1994-11-29,21.7,8.9,0.0,
1994-11-30,17.2,6.1,0.0,
1994-12-01,18.3,1.7,0.0,
1994-12-02,16.7,10.0,9.4,
1994-12-03,22.8,15.0,0.0,
1994-12-04,24.4,14.4,0.0,
1994-12-05,25.0,13.3,0.0,
1994-12-06,25.0,18.3,0.0,
1994-12-07,26.7,14.4,0.3,
1994-12-08,27.2,12.8,1.8,
1994-12-09,15.0,4.4,5.8,
1994-12-10,14.4,4.4,0.0,
1994-12-11,9.4,2.8,0.0,
1994-12-12,17.8,0.6,0.0,
1994-12-13,11.7,7.8,2.5,
1994-12-14,17.8,10.6,17.3,
1994-12-15,17.2,12.8,53.6,
1994-12-16,22.8,8.9,3.8,
1994-12-17,15.6,6.7,0.0,
1994-12-18,18.9,6.7,0.0,
1994-12-19,20.0,4.4,0.0,
1994-12-20,22.2,10.6,0.0,
1994-12-21,22.2,6.1,0.0,
1994-12-22,16.1,6.7,0.0,
1994-12-23,16.1,5.6,0.0,
1994-12-24,13.9,5.0,0.0,
1994-12-25,16.7,1.7,0.0,
1994-12-26,17.2,1.7,0.0,
1994-12-27,15.0,8.3,11.4,
1994-12-28,10.0,7.8,37.1,
1994-12-29,16.7,6.1,0.0,
1994-12-30,13.3,10.0,0.0,
1994-12-31,20.0,9.4,1.0,
1995-01-01,10.6,2.2,0.0,
1995-01-02,7.2,0.6,0.5,
1995-01-03,8.9,3.3,0.0,
1995-01-04,7.2,-0.6,0.0,
1995-01-05,5.0,-1.1,0.5,
1995-01-06,21.7,3.9,1.5,
1995-01-07,14.4,3.9,0.0,
1995-01-08,24.4,3.3,0.0,
1995-01-09,22.8,6.7,0.0,
1995-01-10,23.9,15.6,0.0,
1995-01-11,25.0,18.9,0.0,
1995-01-12,24.4,12.8,12.2,
1995-01-13,19.4,10.0,0.0,
1995-01-14,19.4,7.2,0.0,
1995-01-15,19.4,3.9,0.0,
1995-01-16,25.0,7.2,0.0,
1995-01-17,18.3,13.9,2.0,
1995-01-18,13.9,7.2,0.0,
1995-01-19,18.3,4.4,0.0,
1995-01-20,18.9,6.1,0.0,
1995-01-21,20.0,5.6,0.0,
1995-01-22,22.8,6.1,0.0,
1995-01-23,14.4,1.7,0.0,
1995-01-24,13.3,0.6,0.0,
1995-01-25,14.4,8.9,1.5,
1995-01-26,21.7,13.9,2.3,
1995-01-27,25.0,12.8,0.0,
1995-01-28,20.0,10.0,0.0,
1995-01-29,11.1,5.6,0.0,
1995-01-30,13.9,3.3,0.0,
1995-01-31,20.6,0.0,0.0,
1995-02-01,24.4,3.3,0.0,
1995-02-02,27.2,6.7,0.0,
1995-02-03,21.1,10.0,0.0,
1995-02-04,21.1,7.2,0.0,
1995-02-05,19.4,3.9,0.0,
1995-02-06,20.6,5.0,0.0,
1995-02-07,15.0,6.1,0.0,
1995-02-08,12.8,2.2,0.0,
1995-02-09,15.6,8.9,0.0,
1995-02-10,26.7,9.4,0.0,
1995-02-11,16.7,2.8,0.8,
1995-02-12,5.6,1.7,0.5,
1995-02-13,5.0,3.3,4.8,
1995-02-14,10.6,3.3,0.5,
1995-02-15,23.9,10.6,0.0,
1995-02-16,15.0,6.7,0.0,
1995-02-17,17.2,6.1,0.0,
1995-02-18,17.8,5.6,0.0,
1995-02-19,25.0,10.6,0.0,
1995-02-20,26.7,8.9,0.0,
1995-02-21,25.6,12.2,0.0,
1995-02-22,20.6,8.9,0.0,
1995-02-23,26.1,13.9,0.0,
1995-02-24,17.8,13.9,10.9,
1995-02-25,13.9,11.7,17.8,
1995-02-26,21.7,13.9,0.5,
1995-02-27,21.7,16.7,0.5,
1995-02-28,17.2,6.7,0.3,
1995-03-01,7.2,3.9,0.8,
1995-03-02,3.9,1.7,3.3,
1995-03-03,6.7,1.7,0.5,
1995-03-04,10.6,5.6,0.3,
1995-03-05,25.6,9.4,0.0,
1995-03-06,24.4,11.7,0.0,
1995-03-07,20.0,3.9,4.8,
1995-03-08,13.9,-1.1,0.0,
1995-03-09,16.1,2.2,0.0,
1995-03-10,19.4,5.6,0.0,
1995-03-11,22.8,9.4,0.0,
1995-03-12,24.4,15.6,2.3,
1995-03-13,23.9,13.3,29.5,
1995-03-14,21.7,11.7,0.0,
1995-03-15,20.0,12.8,9.7,
1995-03-16,21.7,13.3,0.0,
1995-03-17,24.4,12.2,0.0,
1995-03-18,27.2,13.3,0.0,
1995-03-19,27.8,11.7,0.0,
1995-03-20,29.4,15.0,0.0,
1995-03-21,28.3,16.7,0.0,
1995-03-22,30.6,18.9,0.0,
1995-03-23,33.3,18.9,0.0,
1995-03-24,23.3,20.0,0.3,
1995-03-25,26.7,18.9,0.0,
1995-03-26,26.7,19.4,0.0,
1995-03-27,21.1,12.8,0.0,
1995-03-28,16.1,10.6,0.0,
1995-03-29,13.9,9.4,2.5,
1995-03-30,18.9,11.1,0.0,
1995-03-31,16.7,10.6,2.3,
1995-04-01,22.8,11.1,0.0,
1995-04-02,23.3,8.3,0.0,
1995-04-03,21.1,13.3,0.5,
1995-04-04,18.9,14.4,30.5,
1995-04-05,21.7,13.3,15.7,
1995-04-06,23.3,12.8,0.0,
1995-04-07,26.7,12.8,0.0,
1995-04-08,28.9,17.2,0.0,
1995-04-09,28.9,17.2,0.0,
1995-04-10,27.2,14.4,0.8,
1995-04-11,21.1,8.3,0.3,
1995-04-12,28.3,8.3,0.0,
1995-04-13,27.8,12.8,0.0,
1995-04-14,27.2,14.4,0.0,
1995-04-15,27.8,19.4,0.0,
1995-04-16,26.1,21.1,0.0,
1995-04-17,27.8,16.7,1.0,
1995-04-18,27.2,13.3,8.6,
1995-04-19,29.4,16.7,10.4,
1995-04-20,28.3,15.6,6.6,
1995-04-21,30.0,12.2,0.0,
1995-04-22,27.8,11.1,3.8,
1995-04-23,18.9,10.0,0.0,
1995-04-24,20.6,8.3,0.0,
1995-04-25,24.4,8.3,0.0,
1995-04-26,26.7,12.8,0.0,
1995-04-27,23.3,14.4,0.0,
1995-04-28,27.8,14.4,0.0,
1995-04-29,31.1,18.9,0.0,
1995-04-30,30.0,18.9,0.0,
1995-05-01,27.2,17.2,0.0,
1995-05-02,22.2,12.2,0.0,
1995-05-03,28.3,17.2,0.0,
1995-05-04,31.7,20.6,0.0,
1995-05-05,30.0,20.0,0.0,
1995-05-06,31.1,22.2,2.3,
1995-05-07,28.3,23.9,0.0,
1995-05-08,26.7,14.4,50.8,
1995-05-09,31.7,16.1,0.0,
1995-05-10,31.7,20.6,0.0,
1995-05-11,23.3,18.3,0.3,
1995-05-12,29.4,19.4,0.0,
1995-05-13,32.8,23.9,0.0,
1995-05-14,32.8,25.0,0.0,
1995-05-15,32.2,23.9,0.0,
1995-05-16,31.7,23.9,0.0,
1995-05-17,30.6,23.9,0.0,
1995-05-18,28.9,18.3,11.2,
1995-05-19,28.3,14.4,0.0,
1995-05-20,28.3,14.4,0.0,
1995-05-21,29.4,16.1,0.0,
1995-05-22,29.4,18.3,0.0,
1995-05-23,30.0,20.6,0.0,
1995-05-24,29.4,21.1,6.4,
1995-05-25,30.0,21.1,0.0,
1995-05-26,31.7,19.4,0.0,
1995-05-27,31.7,20.0,4.3,
1995-05-28,33.3,23.9,0.0,
1995-05-29,29.4,18.9,72.1,
1995-05-30,23.9,18.9,57.2,
1995-05-31,30.0,18.3,36.6,
1995-06-01,31.7,17.8,0.0,
1995-06-02,32.2,23.3,0.0,
1995-06-03,31.7,23.3,0.0,
1995-06-04,31.7,22.2,0.0,
1995-06-05,31.7,21.1,0.0,
1995-06-06,32.8,23.3,0.0,
1995-06-07,32.8,25.0,0.0,
1995-06-08,33.3,25.6,0.0,
1995-06-09,33.3,26.1,0.0,
1995-06-10,32.8,26.1,2.5,
1995-06-11,27.2,18.3,49.0,
1995-06-12,28.3,17.2,0.0,
1995-06-13,28.9,16.7,0.0,
1995-06-14,28.9,17.2,0.0,
1995-06-15,30.0,17.2,0.0,
1995-06-16,30.0,18.3,0.0,
1995-06-17,30.6,20.0,0.3,
1995-06-18,31.7,20.6,0.0,
1995-06-19,31.1,20.6,0.0,
1995-06-20,31.7,19.4,0.0,
1995-06-21,32.2,21.1,0.0,
1995-06-22,32.8,19.4,0.0,
1995-06-23,32.2,20.6,0.0,
1995-06-24,34.4,21.7,0.0,
1995-06-25,34.4,23.9,0.0,
1995-06-26,33.9,21.1,0.0,
1995-06-27,32.8,21.7,0.0,
1995-06-28,33.9,20.0,7.6,
1995-06-29,26.7,20.0,10.2,
1995-06-30,31.7,21.7,0.0,
1995-07-01,31.1,22.2,0.0,
1995-07-02,31.1,21.1,0.0,
1995-07-03,33.3,24.4,0.0,
1995-07-04,32.8,20.6,0.3,
1995-07-05,30.6,21.1,1.3,
1995-07-06,31.1,23.9,3.8,
1995-07-07,33.3,21.7,0.0,
1995-07-08,35.0,23.3,0.0,
1995-07-09,34.4,22.8,0.0,
1995-07-10,35.6,23.9,0.0,
1995-07-11,36.1,22.2,0.0,
1995-07-12,36.1,23.9,0.0,
1995-07-13,35.0,23.3,0.0,
1995-07-14,34.4,23.3,0.0,
1995-07-15,33.9,22.2,0.0,
1995-07-16,35.0,22.8,0.0,
1995-07-17,35.6,23.9,0.0,
1995-07-18,36.1,23.3,0.0,
1995-07-19,36.7,23.9,0.0,
1995-07-20,36.1,25.0,0.0,
1995-07-21,36.7,24.4,0.0,
1995-07-22,37.2,25.0,0.0,
1995-07-23,37.2,25.6,0.0,
1995-07-24,37.2,23.3,0.0,
1995-07-25,36.7,24.4,0.0,
1995-07-26,37.2,25.0,0.0,
1995-07-27,37.8,23.9,0.0,
1995-07-28,39.4,23.9,0.0,
1995-07-29,34.4,23.9,0.0,
1995-07-30,32.8,23.3,6.6,
1995-07-31,32.2,23.3,4.3,
1995-08-01,35.6,23.3,17.0,
1995-08-02,31.1,22.8,59.7,
1995-08-03,33.9,23.9,0.0,
1995-08-04,35.0,23.9,0.0,
1995-08-05,35.0,23.9,0.0,
1995-08-06,33.9,23.3,0.0,
1995-08-07,34.4,24.4,6.9,
1995-08-08,33.9,24.4,0.0,
1995-08-09,33.9,22.2,0.0,
1995-08-10,34.4,21.7,0.0,
1995-08-11,33.9,23.9,0.0,
1995-08-12,32.8,23.9,0.0,
1995-08-13,33.9,24.4,0.0,
1995-08-14,31.7,23.9,0.0,
1995-08-15,34.4,23.3,0.0,
1995-08-16,34.4,23.3,0.0,
1995-08-17,35.0,23.3,0.0,
1995-08-18,33.9,23.3,0.0,
1995-08-19,36.1,23.9,0.0,
1995-08-20,36.7,26.1,0.0,
1995-08-21,36.1,25.0,10.2,
1995-08-22,36.1,23.9,0.0,
1995-08-23,33.9,25.0,0.3,
1995-08-24,34.4,23.9,0.0,
1995-08-25,35.0,25.0,0.0,
1995-08-26,35.6,23.3,0.0,
1995-08-27,36.7,23.9,0.0,
1995-08-28,36.7,23.3,15.7,
1995-08-29,35.0,21.1,32.0,
1995-08-30,34.4,21.7,3.3,
1995-08-31,33.3,22.8,0.0,
1995-09-01,33.3,21.7,0.0,
1995-09-02,36.1,24.4,0.0,
1995-09-03,36.7,22.8,0.0,
1995-09-04,36.1,22.8,0.0,
1995-09-05,34.4,22.8,0.0,
1995-09-06,33.9,22.8,0.0,
1995-09-07,33.9,20.6,23.1,
1995-09-08,32.2,22.2,0.0,
1995-09-09,32.2,20.6,0.0,
1995-09-10,27.2,21.7,0.0,
1995-09-11,32.8,21.1,0.0,
1995-09-12,32.8,22.2,0.0,
1995-09-13,32.8,23.3,10.9,
1995-09-14,31.7,23.3,0.0,
1995-09-15,32.8,22.2,0.0,
1995-09-16,34.4,23.3,0.0,
1995-09-17,35.0,23.3,0.0,
1995-09-18,33.9,21.7,0.0,
1995-09-19,35.0,23.9,0.5,
1995-09-20,24.4,21.7,20.8,
1995-09-21,25.0,11.7,12.2,
1995-09-22,18.9,9.4,1.0,
1995-09-23,23.9,11.1,0.0,
1995-09-24,27.2,14.4,0.0,
1995-09-25,30.0,16.7,0.0,
1995-09-26,28.9,17.2,0.0,
1995-09-27,32.2,18.9,0.0,
1995-09-28,32.2,23.3,0.0,
1995-09-29,31.7,19.4,0.0,
1995-09-30,32.2,21.1,0.0,
1995-10-01,32.8,22.8,0.0,
1995-10-02,32.8,18.9,1.8,
1995-10-03,26.7,17.8,0.0,
1995-10-04,29.4,15.6,0.0,
1995-10-05,29.4,15.6,0.0,
1995-10-06,27.2,14.4,0.0,
1995-10-07,26.1,12.2,0.0,
1995-10-08,28.3,11.1,0.0,
1995-10-09,30.0,13.9,0.0,
1995-10-10,30.6,13.9,0.0,
1995-10-11,31.7,16.1,0.0,
1995-10-12,30.6,18.9,0.0,
1995-10-13,30.6,20.6,0.0,
1995-10-14,26.7,16.1,0.0,
1995-10-15,28.3,11.7,0.0,
1995-10-16,30.0,10.0,0.0,
1995-10-17,29.4,12.2,0.0,
1995-10-18,28.3,13.9,0.0,
1995-10-19,31.1,18.3,0.0,
1995-10-20,25.0,11.1,0.0,
1995-10-21,27.8,6.1,0.0,
1995-10-22,30.0,12.8,0.0,
1995-10-23,26.7,17.2,0.0,
1995-10-24,23.9,12.2,0.0,
1995-10-25,28.3,15.6,0.0,
1995-10-26,30.0,20.6,0.0,
1995-10-27,33.9,18.9,0.0,
1995-10-28,25.6,13.9,0.0,
1995-10-29,21.7,13.9,1.3,
1995-10-30,18.3,12.2,0.0,
1995-10-31,20.0,15.6,33.3,
1995-11-01,27.2,16.7,38.6,
1995-11-02,24.4,10.0,0.0,
1995-11-03,13.9,5.0,0.0,
1995-11-04,10.0,4.4,12.7,
1995-11-05,10.6,7.2,0.3,
1995-11-06,16.1,10.6,0.3,
1995-11-07,26.1,15.0,0.0,
1995-11-08,21.7,10.6,0.0,
1995-11-09,23.3,9.4,0.0,
1995-11-10,27.8,16.7,0.0,
1995-11-11,16.7,4.4,0.0,
1995-11-12,20.0,1.1,0.0,
1995-11-13,25.6,8.9,0.0,
1995-11-14,21.1,10.0,0.0,
1995-11-15,24.4,6.1,0.0,
1995-11-16,22.8,10.0,0.0,
1995-11-17,15.0,12.2,30.0,
1995-11-18,21.1,11.7,0.0,
1995-11-19,23.3,15.0,0.0,
1995-11-20,20.0,14.4,0.0,
1995-11-21,22.2,13.9,0.0,
1995-11-22,23.9,13.3,0.0,
1995-11-23,20.6,13.3,0.0,
1995-11-24,20.0,8.3,0.0,
1995-11-25,22.8,5.0,0.0,
1995-11-26,25.6,11.1,0.0,
1995-11-27,25.6,11.1,0.0,
1995-11-28,11.1,2.8,0.0,
1995-11-29,16.1,0.6,0.0,
1995-11-30,20.0,2.8,0.0,
1995-12-01,23.9,8.3,0.0,
1995-12-02,26.7,19.4,0.0,
1995-12-03,30.0,16.7,0.0,
1995-12-04,23.3,11.7,0.0,
1995-12-05,28.9,11.1,0.0,
1995-12-06,22.8,10.6,0.0,
1995-12-07,15.6,10.0,0.0,
1995-12-08,16.7,7.8,1.5,
1995-12-09,8.3,-2.2,0.0,
1995-12-10,8.9,-3.3,0.0,
1995-12-11,17.2,4.4,0.0,
1995-12-12,23.9,10.6,0.0,
1995-12-13,26.1,17.2,0.0,
1995-12-14,27.2,18.9,0.0,
1995-12-15,27.2,16.1,2.5,
1995-12-16,20.6,12.2,0.0,
1995-12-17,20.0,15.0,5.1,
1995-12-18,17.2,7.8,2.0,
1995-12-19,12.8,4.4,0.0,
1995-12-20,7.2,2.2,0.0,
1995-12-21,6.7,1.7,0.0,
1995-12-22,10.0,4.4,0.0,
1995-12-23,9.4,1.7,0.0,
1995-12-24,8.3,-0.6,0.0,
1995-12-25,16.1,7.2,0.0,
1995-12-26,13.3,3.9,0.0,
1995-12-27,18.3,3.3,0.0,
1995-12-28,12.8,2.8,0.0,
1995-12-29,11.1,0.0,0.0,
1995-12-30,14.4,8.9,1.8,
1995-12-31,24.4,8.3,0.0,
1996-01-01,14.4,3.9,0.0,
1996-01-02,8.9,2.8,0.0,
1996-01-03,11.7,-1.1,0.0,
1996-01-04,19.4,0.6,0.0,
1996-01-05,12.2,5.0,0.0,
1996-01-06,5.6,-1.1,0.0,
1996-01-07,5.6,-5.0,0.0,
1996-01-08,10.6,-6.7,0.0,
1996-01-09,19.4,0.0,0.0,
1996-01-10,21.7,2.2,0.0,
1996-01-11,18.9,8.9,0.0,
1996-01-12,22.2,3.3,0.0,
1996-01-13,24.4,5.0,0.0,
1996-01-14,24.4,7.8,0.0,
1996-01-15,22.8,7.8,0.0,
1996-01-16,24.4,8.3,0.0,
1996-01-17,24.4,15.6,1.3,
1996-01-18,16.7,-0.6,0.0,
1996-01-19,7.8,-3.3,0.0,
1996-01-20,20.0,-0.6,0.0,
1996-01-21,20.6,5.0,0.0,
1996-01-22,22.8,11.1,0.3,
1996-01-23,26.1,8.9,0.0,
1996-01-24,15.0,3.3,0.0,
1996-01-25,20.6,2.8,0.0,
1996-01-26,21.7,4.4,0.0,
1996-01-27,11.7,-1.1,0.0,
1996-01-28,13.9,1.1,0.0,
1996-01-29,22.2,12.8,0.0,
1996-01-30,24.4,2.2,0.0,
1996-01-31,2.2,-2.8,0.0,
1996-02-01,-1.7,-4.4,0.0,
1996-02-02,-0.6,-2.8,1.5,
1996-02-03,1.1,-4.4,0.5,
1996-02-04,3.3,-7.2,0.0,
1996-02-05,11.7,-5.6,0.0,
1996-02-06,21.1,9.4,0.0,
1996-02-07,24.4,8.9,0.0,
1996-02-08,25.0,14.4,0.0,
1996-02-09,25.0,11.1,0.0,
1996-02-10,26.7,17.2,0.0,
1996-02-11,18.3,10.0,0.0,
1996-02-12,18.9,6.1,0.0,
1996-02-13,22.2,2.8,0.0,
1996-02-14,28.3,10.6,0.0,
1996-02-15,22.2,11.1,0.0,
1996-02-16,12.2,3.9,0.0,
1996-02-17,21.1,0.6,0.0,
1996-02-18,24.4,8.3,0.0,
1996-02-19,28.9,15.0,0.0,
1996-02-20,32.8,11.1,0.0,
1996-02-21,37.2,11.1,0.0,
1996-02-22,35.0,13.9,0.0,
1996-02-23,35.0,17.2,0.0,
1996-02-24,25.0,11.7,0.0,
1996-02-25,28.3,17.2,0.0,
1996-02-26,25.6,18.3,0.0,
1996-02-27,26.7,16.1,0.0,
1996-02-28,16.1,3.3,0.3,
1996-02-29,6.1,1.1,13.5,
1996-03-01,8.3,3.3,0.0,
1996-03-02,19.4,0.6,0.0,
1996-03-03,22.2,5.0,0.0,
1996-03-04,21.7,10.6,1.5,
1996-03-05,26.7,18.9,0.3,
1996-03-06,26.1,3.9,0.0,
1996-03-07,9.4,-0.6,0.0,
1996-03-08,8.3,-1.7,0.0,
1996-03-09,10.6,-3.3,0.0,
1996-03-10,16.7,-2.2,0.0,
1996-03-11,19.4,1.7,0.0,
1996-03-12,24.4,5.0,0.0,
1996-03-13,27.8,11.7,0.0,
1996-03-14,28.3,18.3,0.0,
1996-03-15,25.6,14.4,0.0,
1996-03-16,27.8,11.1,1.8,
1996-03-17,26.7,13.9,0.0,
1996-03-18,19.4,11.1,0.0,
1996-03-19,19.4,7.8,0.0,
1996-03-20,17.8,5.0,0.0,
1996-03-21,23.3,1.1,0.0,
1996-03-22,26.7,9.4,0.0,
1996-03-23,20.6,15.0,0.0,
1996-03-24,27.8,17.8,0.0,
1996-03-25,20.0,4.4,0.0,
1996-03-26,8.9,3.9,4.6,
1996-03-27,7.8,3.9,7.1,
1996-03-28,21.1,6.1,0.0,
1996-03-29,21.7,7.8,0.0,
1996-03-30,30.6,17.2,0.0,
1996-03-31,22.2,9.4,0.0,
1996-04-01,22.8,8.9,0.0,
1996-04-02,23.3,5.0,0.0,
1996-04-03,25.0,12.2,0.0,
1996-04-04,27.8,14.4,0.0,
1996-04-05,15.0,3.3,19.1,
1996-04-06,16.7,3.9,0.0,
1996-04-07,21.7,5.0,0.0,
1996-04-08,28.9,9.4,0.0,
1996-04-09,32.8,9.4,0.0,
1996-04-10,29.4,12.8,0.0,
1996-04-11,28.3,18.9,0.0,
1996-04-12,29.4,18.3,0.0,
1996-04-13,32.2,13.3,0.0,
1996-04-14,31.1,17.8,0.0,
1996-04-15,23.9,11.1,0.0,
1996-04-16,26.1,6.7,0.0,
1996-04-17,28.9,12.8,0.0,
1996-04-18,35.0,19.4,0.0,
1996-04-19,36.1,20.0,0.0,
1996-04-20,27.2,17.2,0.5,
1996-04-21,32.2,21.1,0.0,
1996-04-22,24.4,13.9,5.8,
1996-04-23,26.7,11.7,0.0,
1996-04-24,30.0,8.9,0.0,
1996-04-25,35.0,15.0,0.0,
1996-04-26,31.7,20.0,0.0,
1996-04-27,31.7,19.4,0.0,
1996-04-28,33.3,15.6,22.9,
1996-04-29,22.8,11.7,0.0,
1996-04-30,26.1,6.7,0.0,
1996-05-01,28.9,10.6,0.0,
1996-05-02,25.0,18.3,0.0,
1996-05-03,31.1,20.6,0.3,
1996-05-04,31.1,20.0,0.0,
1996-05-05,31.1,20.0,0.0,
1996-05-06,27.2,21.7,0.3,
1996-05-07,29.4,21.1,0.5,
1996-05-08,29.4,21.1,0.0,
1996-05-09,31.1,21.7,0.0,
1996-05-10,31.1,22.2,0.0,
1996-05-11,30.0,20.6,0.0,
1996-05-12,29.4,18.3,0.0,
1996-05-13,32.8,21.1,0.0,
1996-05-14,32.8,20.6,0.0,
1996-05-15,33.3,21.7,0.0,
1996-05-16,34.4,22.2,0.0,
1996-05-17,35.0,22.2,0.0,
1996-05-18,35.0,23.3,0.0,
1996-05-19,34.4,22.8,0.0,
1996-05-20,35.6,22.8,0.0,
1996-05-21,35.6,22.2,0.0,
1996-05-22,36.1,21.1,0.0,
1996-05-23,36.1,21.7,0.0,
1996-05-24,34.4,22.8,0.0,
1996-05-25,35.6,23.3,0.0,
1996-05-26,35.0,25.0,0.0,
1996-05-27,32.2,19.4,25.7,
1996-05-28,34.4,24.4,0.0,
1996-05-29,36.1,26.1,0.0,
1996-05-30,35.0,20.6,14.2,
1996-05-31,31.7,23.3,5.3,
1996-06-01,32.2,22.8,0.3,
1996-06-02,33.3,21.1,0.0,
1996-06-03,34.4,22.2,0.0,
1996-06-04,31.7,18.9,25.7,
1996-06-05,33.9,21.7,0.0,
1996-06-06,33.3,23.3,0.0,
1996-06-07,31.7,18.3,49.3,
1996-06-08,30.6,19.4,0.0,
1996-06-09,30.6,16.1,0.0,
1996-06-10,35.0,20.6,0.0,
1996-06-11,33.3,22.2,0.8,
1996-06-12,34.4,22.2,0.0,
1996-06-13,35.0,23.3,0.0,
1996-06-14,35.0,23.9,0.0,
1996-06-15,35.0,22.8,0.0,
1996-06-16,35.0,22.2,0.0,
1996-06-17,36.1,23.3,0.0,
1996-06-18,36.7,24.4,0.0,
1996-06-19,37.8,24.4,0.0,
1996-06-20,38.9,23.9,0.0,
1996-06-21,35.6,22.2,0.0,
1996-06-22,32.2,23.3,10.7,
1996-06-23,32.2,22.8,1.0,
1996-06-24,32.8,23.9,0.0,
1996-06-25,29.4,23.3,14.2,
1996-06-26,30.6,23.9,11.9,
1996-06-27,33.3,23.3,0.0,
1996-06-28,34.4,23.9,0.0,
1996-06-29,34.4,22.2,0.0,
1996-06-30,34.4,22.8,0.0,
1996-07-01,35.6,22.8,0.0,
1996-07-02,36.1,23.3,0.0,
1996-07-03,37.2,23.3,0.0,
1996-07-04,36.7,22.8,0.0,
1996-07-05,37.2,22.2,0.0,
1996-07-06,37.8,22.8,0.0,
1996-07-07,37.8,23.9,0.0,
1996-07-08,37.2,24.4,0.0,
1996-07-09,36.1,25.0,0.0,
1996-07-10,36.1,25.0,3.8,
1996-07-11,35.6,23.9,0.0,
1996-07-12,36.7,23.9,0.0,
1996-07-13,36.7,25.0,0.0,
1996-07-14,37.2,25.0,0.0,
1996-07-15,33.3,25.6,0.0,
1996-07-16,37.2,24.4,0.0,
1996-07-17,36.7,24.4,0.0,
1996-07-18,37.2,23.9,0.0,
1996-07-19,37.8,24.4,0.0,
1996-07-20,37.8,23.9,0.0,
1996-07-21,37.2,23.9,0.0,
1996-07-22,38.3,23.9,0.0,
1996-07-23,38.9,24.4,0.0,
1996-07-24,37.8,25.0,0.0,
1996-07-25,35.6,23.9,0.0,
1996-07-26,36.7,22.8,0.0,
1996-07-27,35.6,23.3,0.0,
1996-07-28,37.2,23.9,0.0,
1996-07-29,36.7,23.3,0.0,
1996-07-30,36.7,23.9,0.0,
1996-07-31,37.8,23.9,0.0,
1996-08-01,37.8,24.4,0.0,
1996-08-02,38.9,24.4,0.0,
1996-08-03,38.9,25.0,0.0,
1996-08-04,38.3,25.0,0.0,
1996-08-05,38.3,25.0,0.0,
1996-08-06,37.8,24.4,0.0,
1996-08-07,37.2,25.0,0.0,
1996-08-08,36.1,23.9,0.0,
1996-08-09,36.7,23.3,0.0,
1996-08-10,36.7,24.4,0.0,
1996-08-11,35.6,23.3,10.4,
1996-08-12,38.3,22.8,0.0,
1996-08-13,36.7,23.3,0.0,
1996-08-14,35.0,22.2,0.0,
1996-08-15,36.7,22.2,0.0,
1996-08-16,36.1,23.9,1.0,
1996-08-17,36.7,24.4,0.0,
1996-08-18,36.7,23.9,0.0,
1996-08-19,35.0,21.1,45.5,
1996-08-20,35.6,21.7,0.0,
1996-08-21,35.6,23.3,0.0,
1996-08-22,27.8,22.2,20.6,
1996-08-23,31.1,22.2,43.2,
1996-08-24,27.8,22.8,42.7,
1996-08-25,28.3,21.7,5.6,
1996-08-26,30.0,21.1,5.6,
1996-08-27,32.2,22.2,0.0,
1996-08-28,32.8,23.3,0.8,
1996-08-29,28.9,22.8,22.1,
1996-08-30,25.6,22.2,6.4,
1996-08-31,30.0,18.9,20.1,
1996-09-01,29.4,20.6,0.3,
1996-09-02,32.8,21.7,0.0,
1996-09-03,33.3,23.3,1.5,
1996-09-04,31.1,21.7,0.0,
1996-09-05,31.7,23.3,0.0,
1996-09-06,31.7,21.7,0.0,
1996-09-07,31.7,21.1,0.0,
1996-09-08,31.7,22.8,0.0,
1996-09-09,33.3,23.9,29.0,
1996-09-10,33.3,21.7,0.0,
1996-09-11,32.8,21.1,0.0,
1996-09-12,31.1,21.7,0.0,
1996-09-13,29.4,22.8,0.0,
1996-09-14,30.6,20.0,1.0,
1996-09-15,32.2,20.6,1.3,
1996-09-16,33.3,21.1,0.0,
1996-09-17,33.3,22.8,0.0,
1996-09-18,32.2,21.1,18.8,
1996-09-19,31.7,20.6,18.8,
1996-09-20,30.6,20.0,13.5,
1996-09-21,28.9,20.6,0.5,
1996-09-22,30.0,20.0,0.0,
1996-09-23,31.7,22.2,0.0,
1996-09-24,31.7,22.8,14.5,
1996-09-25,28.3,22.2,0.0,
1996-09-26,31.1,18.3,0.3,
1996-09-27,18.9,13.3,2.8,
1996-09-28,23.9,10.6,0.0,
1996-09-29,26.1,11.7,0.0,
1996-09-30,25.6,12.2,0.0,
1996-10-01,26.1,11.7,0.0,
1996-10-02,31.7,15.0,0.0,
1996-10-03,23.9,20.0,0.0,
1996-10-04,23.3,19.4,0.0,
1996-10-05,21.1,18.3,2.3,
1996-10-06,28.3,17.8,0.0,
1996-10-07,27.8,18.3,0.0,
1996-10-08,24.4,16.1,0.0,
1996-10-09,28.9,13.9,0.0,
1996-10-10,29.4,15.6,0.0,
1996-10-11,27.2,15.0,0.0,
1996-10-12,27.8,13.9,0.0,
1996-10-13,27.2,13.9,0.0,
1996-10-14,27.8,15.6,0.0,
1996-10-15,27.8,19.4,0.3,
1996-10-16,29.4,20.6,0.0,
1996-10-17,31.7,18.9,0.8,
1996-10-18,21.7,11.7,0.0,
1996-10-19,24.4,8.9,0.0,
1996-10-20,29.4,18.9,0.0,
1996-10-21,30.0,12.8,1.0,
1996-10-22,19.4,7.2,0.0,
1996-10-23,22.8,3.9,0.0,
1996-10-24,16.1,10.6,3.8,
1996-10-25,21.7,15.0,0.5,
1996-10-26,30.0,20.6,0.3,
1996-10-27,27.2,23.9,9.4,
1996-10-28,27.8,18.3,1.5,
1996-10-29,26.1,17.8,0.0,
1996-10-30,27.2,14.4,0.0,
1996-10-31,28.9,20.0,0.0,
1996-11-01,23.3,8.9,0.3,
1996-11-02,20.0,7.2,0.0,
1996-11-03,20.6,7.2,0.0,
1996-11-04,23.3,10.0,0.0,
1996-11-05,27.2,13.9,0.0,
1996-11-06,30.0,21.7,0.0,
1996-11-07,25.0,11.7,18.0,
1996-11-08,19.4,6.7,0.0,
1996-11-09,20.6,5.0,0.0,
1996-11-10,23.9,6.1,0.0,
1996-11-11,25.6,10.0,0.0,
1996-11-12,25.0,14.4,0.0,
1996-11-13,25.0,14.4,0.0,
1996-11-14,25.6,14.4,0.0,
1996-11-15,22.2,15.6,11.2,
1996-11-16,26.1,18.9,0.0,
1996-11-17,21.7,10.6,22.6,
1996-11-18,22.2,11.1,0.0,
1996-11-19,22.8,12.2,0.0,
1996-11-20,27.8,15.6,0.0,
1996-11-21,23.3,13.3,0.0,
1996-11-22,15.0,11.7,0.0,
1996-11-23,26.1,13.9,0.0,
1996-11-24,22.8,1.1,26.4,
1996-11-25,11.1,1.7,0.0,
1996-11-26,12.8,1.7,0.0,
1996-11-27,10.0,1.7,0.0,
1996-11-28,7.2,5.6,11.4,
1996-11-29,20.6,6.7,12.4,
1996-11-30,20.0,8.9,2.5,
1996-12-01,15.0,4.4,0.0,
1996-12-02,18.9,2.8,0.0,
1996-12-03,13.9,8.3,0.0,
1996-12-04,13.9,9.4,5.8,
1996-12-05,20.6,11.1,0.0,
1996-12-06,28.3,12.2,0.0,
1996-12-07,20.6,10.0,0.0,
1996-12-08,20.0,6.1,0.0,
1996-12-09,22.2,6.7,0.0,
1996-12-10,25.6,13.9,0.0,
1996-12-11,24.4,16.7,0.0,
1996-12-12,25.6,11.7,0.0,
1996-12-13,24.4,10.6,0.0,
1996-12-14,24.4,12.8,0.3,
1996-12-15,19.4,2.8,44.7,
1996-12-16,11.1,0.6,3.8,
1996-12-17,8.3,-1.1,0.0,
1996-12-18,2.8,-2.8,0.0,
1996-12-19,4.4,-5.0,0.0,
1996-12-20,7.2,-4.4,0.0,
1996-12-21,18.3,5.0,0.0,
1996-12-22,26.1,14.4,0.0,
1996-12-23,25.6,10.0,0.0,
1996-12-24,10.0,0.0,0.0,
1996-12-25,11.1,0.0,0.0,
1996-12-26,16.1,7.2,1.0,
1996-12-27,18.9,6.7,0.0,
1996-12-28,22.8,9.4,0.0,
1996-12-29,26.7,12.8,0.0,
1996-12-30,22.8,8.3,0.0,
1996-12-31,22.2,15.0,0.0,
1997-01-01,22.8,13.9,0.0,
1997-01-02,22.8,13.3,0.3,
1997-01-03,23.9,17.8,0.0,
1997-01-04,28.9,18.9,0.0,
1997-01-05,18.9,10.0,0.0,
1997-01-06,10.0,0.6,2.3,
1997-01-07,1.1,0.0,13.2,
1997-01-08,2.8,-1.1,4.8,
1997-01-09,13.3,-1.1,0.0,
1997-01-10,15.6,-1.1,0.0,
1997-01-11,2.8,-3.9,0.0,
1997-01-12,-1.1,-4.4,2.5,
1997-01-13,-2.8,-5.0,0.0,
1997-01-14,0.0,-3.3,0.0,
1997-01-15,17.2,-1.1,0.3,
1997-01-16,11.1,1.1,0.0,
1997-01-17,5.6,-3.3,0.0,
1997-01-18,11.7,0.6,0.0,
1997-01-19,15.6,2.8,0.0,
1997-01-20,16.1,10.0,3.3,
1997-01-21,20.0,13.3,0.3,
1997-01-22,24.4,10.0,0.0,
1997-01-23,20.6,11.7,0.3,
1997-01-24,24.4,8.9,0.0,
1997-01-25,18.9,7.8,0.0,
1997-01-26,22.8,9.4,0.0,
1997-01-27,22.8,0.6,0.0,
1997-01-28,8.3,-2.8,0.0,
1997-01-29,13.9,-1.7,0.0,
1997-01-30,18.3,0.6,0.0,
1997-01-31,23.3,3.3,0.0,
1997-02-01,27.8,7.8,0.0,
1997-02-02,28.3,14.4,0.0,
1997-02-03,25.6,16.7,0.0,
1997-02-04,20.6,11.1,0.0,
1997-02-05,13.9,7.2,0.0,
1997-02-06,12.2,6.1,2.5,
1997-02-07,11.7,6.1,15.7,
1997-02-08,6.7,3.3,0.0,
1997-02-09,7.8,2.2,2.0,
1997-02-10,12.8,4.4,0.0,
1997-02-11,12.2,1.1,0.0,
1997-02-12,10.0,6.1,43.4,
1997-02-13,7.8,4.4,0.0,
1997-02-14,8.9,5.6,2.5,
1997-02-15,15.6,1.7,0.0,
1997-02-16,19.4,3.9,0.0,
1997-02-17,20.0,2.8,0.0,
1997-02-18,21.7,11.1,0.0,
1997-02-19,21.7,16.7,1.0,
1997-02-20,24.4,15.0,10.7,
1997-02-21,16.7,8.3,0.0,
1997-02-22,15.6,2.8,0.0,
1997-02-23,15.0,8.9,0.0,
1997-02-24,11.7,7.8,10.7,
1997-02-25,8.9,7.2,4.8,
1997-02-26,13.9,7.2,6.4,
1997-02-27,15.0,6.7,0.0,
1997-02-28,22.8,9.4,0.3,
1997-03-01,28.3,16.7,0.0,
1997-03-02,16.7,7.8,0.3,
1997-03-03,23.9,3.9,0.0,
1997-03-04,20.6,11.1,0.3,
1997-03-05,21.1,10.0,0.3,
1997-03-06,18.9,5.6,0.0,
1997-03-07,17.8,10.6,0.0,
1997-03-08,20.0,15.6,3.0,
1997-03-09,26.1,18.3,0.0,
1997-03-10,20.0,15.0,0.8,
1997-03-11,18.3,14.4,13.7,
1997-03-12,22.2,15.6,0.3,
1997-03-13,28.9,16.1,0.0,
1997-03-14,20.0,6.7,0.0,
1997-03-15,11.7,5.6,0.0,
1997-03-16,11.7,9.4,6.6,
1997-03-17,22.8,11.1,1.0,
1997-03-18,25.6,15.0,0.0,
1997-03-19,19.4,9.4,0.0,
1997-03-20,26.7,9.4,0.0,
1997-03-21,30.0,9.4,0.0,
1997-03-22,27.8,11.1,0.0,
1997-03-23,27.8,14.4,0.0,
1997-03-24,26.7,16.1,0.0,
1997-03-25,20.0,11.1,11.9,
1997-03-26,21.1,10.0,0.0,
1997-03-27,20.6,13.3,0.0,
1997-03-28,30.0,16.1,0.0,
1997-03-29,26.7,15.0,0.0,
1997-03-30,22.2,13.3,0.0,
1997-03-31,18.3,12.2,2.0,
1997-04-01,18.9,12.2,10.2,
1997-04-02,20.0,16.1,14.0,
1997-04-03,20.0,17.2,15.5,
1997-04-04,26.7,12.2,16.0,
1997-04-05,25.6,10.0,3.8,
1997-04-06,22.2,11.7,0.0,
1997-04-07,24.4,11.1,0.0,
1997-04-08,18.9,16.1,0.0,
1997-04-09,22.2,12.2,0.3,
1997-04-10,21.7,12.2,0.3,
1997-04-11,21.1,7.2,2.3,
1997-04-12,14.4,3.9,0.0,
1997-04-13,14.4,3.9,0.0,
1997-04-14,19.4,8.9,0.0,
1997-04-15,20.6,7.8,0.0,
1997-04-16,24.4,8.3,0.0,
1997-04-17,25.6,10.6,0.0,
1997-04-18,18.9,12.8,0.0,
1997-04-19,23.9,15.0,0.0,
1997-04-20,28.3,15.0,1.5,
1997-04-21,31.7,17.8,0.0,
1997-04-22,25.0,16.7,0.0,
1997-04-23,26.7,15.0,0.0,
1997-04-24,23.9,12.2,0.8,
1997-04-25,18.9,12.2,47.8,
1997-04-26,15.0,11.7,23.6,
1997-04-27,13.9,11.7,6.1,
1997-04-28,25.0,11.7,0.0,
1997-04-29,30.0,11.1,0.0,
1997-04-30,28.9,17.8,0.0,
1997-05-01,27.2,15.0,0.0,
1997-05-02,33.9,21.1,0.0,
1997-05-03,25.0,15.0,0.0,
1997-05-04,26.1,13.3,0.0,
1997-05-05,26.1,15.6,0.0,
1997-05-06,25.0,17.8,0.0,
1997-05-07,25.6,18.3,0.3,
1997-05-08,28.3,19.4,0.0,
1997-05-09,21.1,15.0,46.5,
1997-05-10,23.9,14.4,0.0,
1997-05-11,25.0,12.2,0.0,
1997-05-12,24.4,15.0,5.3,
1997-05-13,25.0,13.9,0.0,
1997-05-14,28.9,17.8,0.0,
1997-05-15,28.3,18.3,21.6,
1997-05-16,26.7,18.3,1.5,
1997-05-17,27.8,16.7,0.0,
1997-05-18,28.3,20.6,0.0,
1997-05-19,29.4,19.4,14.5,
1997-05-20,22.2,18.9,8.1,
1997-05-21,23.9,17.2,0.0,
1997-05-22,24.4,18.3,0.0,
1997-05-23,25.0,19.4,34.8,
1997-05-24,30.0,19.4,5.1,
1997-05-25,31.1,19.4,0.0,
1997-05-26,31.7,23.3,0.0,
1997-05-27,31.1,17.2,37.3,
1997-05-28,27.8,20.0,0.0,
1997-05-29,30.0,19.4,0.0,
1997-05-30,30.0,21.7,0.0,
1997-05-31,28.3,20.0,5.3,
1997-06-01,30.0,16.1,0.0,
1997-06-02,30.6,17.8,0.0,
1997-06-03,31.1,20.0,0.0,
1997-06-04,32.2,21.7,0.0,
1997-06-05,30.6,21.1,4.6,
1997-06-06,27.2,20.6,16.5,
1997-06-07,27.8,20.0,11.4,
1997-06-08,29.4,20.0,43.9,
1997-06-09,30.0,20.0,39.1,
1997-06-10,26.7,20.6,16.8,
1997-06-11,31.1,19.4,0.0,
1997-06-12,31.7,22.8,0.0,
1997-06-13,31.7,23.3,0.0,
1997-06-14,32.8,24.4,0.0,
1997-06-15,30.6,22.2,4.6,
1997-06-16,31.7,25.0,0.0,
1997-06-17,33.3,21.1,7.9,
1997-06-18,33.9,21.1,0.0,
1997-06-19,32.8,22.8,0.0,
1997-06-20,31.7,23.9,0.0,
1997-06-21,26.1,20.0,66.5,
1997-06-22,30.0,20.6,6.1,
1997-06-23,30.0,21.7,10.4,
1997-06-24,30.0,22.2,0.0,
1997-06-25,32.2,21.1,0.0,
1997-06-26,31.7,22.8,0.0,
1997-06-27,31.7,23.3,0.0,
1997-06-28,31.1,23.3,0.0,
1997-06-29,31.7,23.3,0.0,
1997-06-30,32.8,23.3,0.0,
1997-07-01,32.8,23.9,0.0,
1997-07-02,32.8,23.3,0.0,
1997-07-03,33.3,23.9,0.0,
1997-07-04,33.3,22.8,0.0,
1997-07-05,34.4,23.3,0.0,
1997-07-06,33.3,22.8,0.0,
1997-07-07,33.3,22.8,0.0,
1997-07-08,32.8,22.8,0.0,
1997-07-09,33.9,24.4,0.0,
1997-07-10,33.9,23.3,0.0,
1997-07-11,33.3,23.9,0.0,
1997-07-12,33.9,23.9,0.0,
1997-07-13,33.3,23.3,0.0,
1997-07-14,34.4,23.3,0.0,
1997-07-15,36.1,22.2,0.0,
1997-07-16,34.4,22.8,0.0,
1997-07-17,35.0,22.8,0.0,
1997-07-18,34.4,23.3,0.0,
1997-07-19,34.4,23.3,0.0,
1997-07-20,33.3,23.3,0.0,
1997-07-21,34.4,23.9,0.0,
1997-07-22,33.9,24.4,0.0,
1997-07-23,35.6,23.3,0.0,
1997-07-24,35.0,22.8,0.0,
1997-07-25,34.4,23.9,0.0,
1997-07-26,35.0,23.9,0.0,
1997-07-27,35.0,23.9,0.0,
1997-07-28,36.1,23.9,0.0,
1997-07-29,36.1,24.4,0.0,
1997-07-30,36.7,21.7,53.8,
1997-07-31,32.8,22.8,0.3,
1997-08-01,34.4,25.0,0.0,
1997-08-02,34.4,23.3,0.0,
1997-08-03,32.8,24.4,0.0,
1997-08-04,34.4,23.3,0.0,
1997-08-05,35.6,25.0,0.0,
1997-08-06,35.0,23.3,0.0,
1997-08-07,33.3,20.6,44.2,
1997-08-08,23.3,19.4,12.2,
1997-08-09,33.3,22.2,0.0,
1997-08-10,32.8,24.4,0.0,
1997-08-11,33.3,24.4,0.0,
1997-08-12,33.9,24.4,0.0,
1997-08-13,33.3,25.6,0.0,
1997-08-14,33.9,23.3,0.0,
1997-08-15,34.4,24.4,0.0,
1997-08-16,34.4,25.0,0.0,
1997-08-17,35.6,24.4,0.0,
1997-08-18,34.4,24.4,0.0,
1997-08-19,33.9,22.8,0.0,
1997-08-20,36.1,23.9,0.0,
1997-08-21,36.1,23.9,0.0,
1997-08-22,35.0,23.3,0.0,
1997-08-23,33.3,23.3,3.0,
1997-08-24,32.8,21.1,0.0,
1997-08-25,32.2,21.1,0.0,
1997-08-26,33.3,20.0,0.0,
1997-08-27,33.9,20.0,0.0,
1997-08-28,33.9,22.2,0.0,
1997-08-29,34.4,22.8,0.0,
1997-08-30,33.9,20.6,0.0,
1997-08-31,34.4,22.2,0.0,
1997-09-01,35.0,22.2,0.0,
1997-09-02,34.4,24.4,0.0,
1997-09-03,36.1,23.3,11.9,
1997-09-04,30.6,22.8,0.0,
1997-09-05,32.8,21.7,0.0,
1997-09-06,33.9,18.9,0.0,
1997-09-07,34.4,20.0,0.0,
1997-09-08,35.6,22.8,0.0,
1997-09-09,37.8,22.8,4.8,
1997-09-10,34.4,22.2,0.0,
1997-09-11,33.9,22.8,0.0,
1997-09-12,34.4,22.2,0.0,
1997-09-13,34.4,22.2,0.0,
1997-09-14,35.0,22.2,0.0,
1997-09-15,35.0,22.8,0.0,
1997-09-16,35.6,22.2,0.0,
1997-09-17,35.6,22.8,0.0,
1997-09-18,35.0,23.3,0.0,
1997-09-19,34.4,22.8,0.0,
1997-09-20,35.6,22.2,0.0,
1997-09-21,33.9,23.3,0.0,
1997-09-22,28.3,22.8,20.1,
1997-09-23,32.8,23.3,0.3,
1997-09-24,27.8,21.1,0.0,
1997-09-25,27.2,18.3,0.0,
1997-09-26,30.6,17.2,0.0,
1997-09-27,31.7,16.1,0.0,
1997-09-28,33.3,16.7,0.0,
1997-09-29,33.3,18.9,0.0,
1997-09-30,33.3,18.9,0.0,
1997-10-01,35.0,20.6,0.0,
1997-10-02,33.9,20.6,0.0,
1997-10-03,32.2,20.0,0.0,
1997-10-04,32.2,19.4,0.0,
1997-10-05,31.1,20.6,0.0,
1997-10-06,28.3,21.1,0.8,
1997-10-07,27.8,20.6,18.5,
1997-10-08,29.4,22.2,1.0,
1997-10-09,26.1,22.8,12.2,
1997-10-10,25.0,21.1,38.1,
1997-10-11,23.3,21.7,46.7,
1997-10-12,26.7,22.2,17.5,
1997-10-13,23.9,13.9,0.8,
1997-10-14,22.8,11.7,0.0,
1997-10-15,25.0,11.1,0.0,
1997-10-16,24.4,12.8,0.0,
1997-10-17,26.1,11.7,0.0,
1997-10-18,27.2,10.6,0.0,
1997-10-19,27.8,14.4,0.0,
1997-10-20,27.2,13.3,0.0,
1997-10-21,26.7,14.4,0.3,
1997-10-22,20.0,13.3,0.0,
1997-10-23,27.8,15.0,1.3,
1997-10-24,31.7,16.7,0.0,
1997-10-25,26.7,15.0,0.0,
1997-10-26,16.7,9.4,0.3,
1997-10-27,17.8,6.1,0.0,
1997-10-28,17.2,7.2,0.3,
1997-10-29,22.8,13.9,0.0,
1997-10-30,26.1,17.8,0.0,
1997-10-31,32.2,20.0,0.0,
1997-11-01,26.1,15.6,0.0,
1997-11-02,23.9,11.1,0.0,
1997-11-03,23.3,9.4,0.0,
1997-11-04,26.1,8.3,0.0,
1997-11-05,28.3,15.0,0.0,
1997-11-06,21.1,8.9,0.0,
1997-11-07,17.8,6.1,0.0,
1997-11-08,21.7,5.6,0.3,
1997-11-09,17.2,11.7,17.5,
1997-11-10,11.7,6.1,3.0,
1997-11-11,8.3,5.6,20.8,
1997-11-12,11.1,7.2,14.5,
1997-11-13,12.2,8.3,5.6,
1997-11-14,16.1,8.9,0.0,
1997-11-15,8.9,2.2,1.8,
1997-11-16,10.0,1.1,0.0,
1997-11-17,8.9,2.2,0.0,
1997-11-18,10.6,4.4,0.5,
1997-11-19,11.7,5.6,0.0,
1997-11-20,18.3,8.3,0.0,
1997-11-21,20.0,8.9,0.0,
1997-11-22,20.0,6.1,0.0,
1997-11-23,20.0,6.7,0.0,
1997-11-24,21.1,6.1,0.0,
1997-11-25,22.2,15.6,0.3,
1997-11-26,26.1,18.9,0.0,
1997-11-27,24.4,18.3,0.0,
1997-11-28,22.8,12.2,8.6,
1997-11-29,21.1,11.1,1.0,
1997-11-30,20.0,9.4,0.0,
1997-12-01,12.2,8.3,0.0,
1997-12-02,14.4,10.0,2.3,
1997-12-03,16.7,6.7,0.0,
1997-12-04,17.2,3.9,0.0,
1997-12-05,12.8,3.9,0.0,
1997-12-06,11.7,2.2,0.0,
1997-12-07,13.3,6.7,5.1,
1997-12-08,26.7,7.8,0.0,
1997-12-09,24.4,10.0,0.0,
1997-12-10,15.6,5.0,0.0,
1997-12-11,8.3,2.8,0.0,
1997-12-12,5.0,0.6,0.0,
1997-12-13,11.7,-1.7,0.0,
1997-12-14,17.2,2.8,0.0,
1997-12-15,20.0,0.0,0.0,
1997-12-16,22.2,2.2,0.0,
1997-12-17,19.4,6.1,0.0,
1997-12-18,21.7,1.1,0.0,
1997-12-19,23.3,9.4,10.2,
1997-12-20,20.0,8.3,70.1,
1997-12-21,20.6,6.1,0.0,
1997-12-22,15.6,5.6,0.0,
1997-12-23,13.9,8.3,10.4,
1997-12-24,18.3,3.3,0.0,
1997-12-25,10.0,3.9,0.0,
1997-12-26,8.3,3.9,10.7,
1997-12-27,11.7,1.7,0.0,
1997-12-28,13.3,0.0,0.0,
1997-12-29,17.8,2.8,0.0,
1997-12-30,20.6,1.7,0.0,
1997-12-31,14.4,5.6,0.0,
1998-01-01,18.3,5.6,0.0,
1998-01-02,21.1,16.1,1.0,
1998-01-03,22.8,17.2,0.3,
1998-01-04,23.3,18.3,3.0,
1998-01-05,23.9,18.9,0.3,
1998-01-06,20.0,11.7,36.6,
1998-01-07,11.7,4.4,1.8,
1998-01-08,17.2,5.0,0.0,
1998-01-09,21.7,1.1,0.0,
1998-01-10,14.4,8.3,0.0,
1998-01-11,17.8,8.3,0.0,
1998-01-12,23.3,12.2,0.0,
1998-01-13,16.1,6.7,0.3,
1998-01-14,15.0,6.1,0.0,
1998-01-15,17.2,2.2,0.0,
1998-01-16,21.1,3.9,0.0,
1998-01-17,17.8,6.1,0.0,
1998-01-18,23.3,10.0,0.0,
1998-01-19,15.6,5.0,0.0,
1998-01-20,19.4,7.2,0.0,
1998-01-21,24.4,8.3,0.3,
1998-01-22,9.4,6.1,0.0,
1998-01-23,15.0,2.8,0.0,
1998-01-24,15.6,2.2,0.0,
1998-01-25,16.7,4.4,0.0,
1998-01-26,20.6,10.6,0.0,
1998-01-27,20.0,5.6,0.0,
1998-01-28,22.2,6.1,0.0,
1998-01-29,23.3,8.3,0.0,
1998-01-30,23.3,12.8,0.0,
1998-01-31,16.1,12.8,24.6,
1998-02-01,16.7,12.8,0.3,
1998-02-02,16.1,11.1,0.0,
1998-02-03,18.9,7.8,0.0,
1998-02-04,16.1,5.6,0.0,
1998-02-05,15.6,6.7,5.8,
1998-02-06,12.2,5.0,0.0,
1998-02-07,16.1,2.8,0.0,
1998-02-08,24.4,5.6,0.0,
1998-02-09,22.2,7.2,0.0,
1998-02-10,18.9,10.6,10.2,
1998-02-11,20.0,7.2,0.0,
1998-02-12,18.3,6.7,3.8,
1998-02-13,15.0,7.8,0.0,
1998-02-14,11.7,8.9,12.2,
1998-02-15,12.8,10.0,0.0,
1998-02-16,18.3,9.4,10.2,
1998-02-17,15.6,5.6,0.0,
1998-02-18,19.4,3.9,0.0,
1998-02-19,17.8,8.3,0.0,
1998-02-20,19.4,4.4,0.0,
1998-02-21,13.9,7.2,16.8,
1998-02-22,17.8,9.4,0.0,
1998-02-23,27.2,6.7,0.0,
1998-02-24,25.0,7.8,0.0,
1998-02-25,25.0,12.2,22.4,
1998-02-26,21.1,11.7,1.3,
1998-02-27,21.7,5.0,0.0,
1998-02-28,16.7,9.4,0.0,
1998-03-01,17.2,5.0,0.0,
1998-03-02,17.8,4.4,0.0,
1998-03-03,16.7,4.4,0.0,
1998-03-04,24.4,10.0,0.0,
1998-03-05,27.2,13.9,0.0,
1998-03-06,13.9,10.0,0.3,
1998-03-07,21.1,9.4,2.5,
1998-03-08,13.3,5.0,0.5,
1998-03-09,13.3,2.8,0.0,
1998-03-10,11.7,0.0,0.0,
1998-03-11,16.7,1.1,0.0,
1998-03-12,7.8,2.2,1.5,
1998-03-13,14.4,5.6,4.6,
1998-03-14,17.2,12.8,5.1,
1998-03-15,19.4,16.1,5.6,
1998-03-16,23.3,11.7,34.0,
1998-03-17,23.9,10.6,0.0,
1998-03-18,26.7,10.6,0.0,
1998-03-19,20.0,8.3,0.0,
1998-03-20,17.8,5.6,0.0,
1998-03-21,18.9,6.1,0.0,
1998-03-22,22.8,7.2,0.0,
1998-03-23,26.7,8.9,0.0,
1998-03-24,26.7,13.3,0.0,
1998-03-25,25.6,17.8,0.0,
1998-03-26,26.7,18.9,0.0,
1998-03-27,28.9,13.9,5.8,
1998-03-28,27.8,18.3,0.0,
1998-03-29,27.8,18.9,0.0,
1998-03-30,28.3,15.6,15.0,
1998-03-31,23.3,11.1,3.0,
1998-04-01,25.6,7.2,0.0,
1998-04-02,25.0,8.9,0.0,
1998-04-03,27.2,12.2,0.0,
1998-04-04,22.8,10.6,0.0,
1998-04-05,24.4,10.0,0.0,
1998-04-06,21.7,14.4,0.0,
1998-04-07,30.0,17.2,0.0,
1998-04-08,28.3,15.6,10.2,
1998-04-09,25.6,12.8,0.0,
1998-04-10,25.6,10.0,0.0,
1998-04-11,26.1,10.6,0.0,
1998-04-12,26.1,15.6,0.0,
1998-04-13,28.9,18.9,0.3,
1998-04-14,28.3,18.9,0.0,
1998-04-15,27.8,18.3,0.0,
1998-04-16,27.2,16.1,0.0,
1998-04-17,21.7,13.9,0.0,
1998-04-18,23.9,13.3,0.0,
1998-04-19,26.1,10.0,0.0,
1998-04-20,25.6,11.1,0.0,
1998-04-21,23.3,12.2,2.3,
1998-04-22,27.2,11.7,0.0,
1998-04-23,28.3,11.1,0.0,
1998-04-24,29.4,12.8,0.0,
1998-04-25,26.1,15.6,0.0,
1998-04-26,23.9,19.4,6.6,
1998-04-27,22.8,16.1,0.5,
1998-04-28,22.8,13.3,0.0,
1998-04-29,25.6,12.2,0.0,
1998-04-30,30.6,11.1,0.0,
1998-05-01,33.3,15.0,0.0,
1998-05-02,31.1,14.4,0.0,
1998-05-03,28.9,18.3,0.0,
1998-05-04,30.0,16.1,0.0,
1998-05-05,30.0,20.0,0.0,
1998-05-06,34.4,21.7,0.0,
1998-05-07,38.9,19.4,0.0,
1998-05-08,31.7,19.4,0.0,
1998-05-09,36.1,21.7,0.0,
1998-05-10,32.2,18.3,0.0,
1998-05-11,32.2,16.1,0.0,
1998-05-12,30.6,20.6,0.0,
1998-05-13,29.4,20.6,0.0,
1998-05-14,30.6,22.2,0.0,
1998-05-15,32.2,23.3,0.0,
1998-05-16,29.4,22.2,0.0,
1998-05-17,32.8,20.0,0.0,
1998-05-18,32.2,18.3,0.0,
1998-05-19,34.4,17.8,0.0,
1998-05-20,33.9,22.2,0.0,
1998-05-21,33.9,22.2,0.0,
1998-05-22,34.4,21.1,0.0,
1998-05-23,31.1,22.2,0.0,
1998-05-24,33.9,23.3,0.0,
1998-05-25,32.8,22.8,0.0,
1998-05-26,32.2,23.9,0.0,
1998-05-27,32.8,18.9,18.5,
1998-05-28,35.0,21.7,0.0,
1998-05-29,35.6,21.1,0.0,
1998-05-30,36.1,21.1,0.0,
1998-05-31,37.2,23.3,0.0,
1998-06-01,37.2,22.2,0.0,
1998-06-02,36.7,22.8,0.0,
1998-06-03,36.1,25.0,0.0,
1998-06-04,36.7,26.7,0.0,
1998-06-05,34.4,20.0,7.9,
1998-06-06,28.9,17.8,0.0,
1998-06-07,30.6,18.3,0.0,
1998-06-08,35.0,25.0,0.0,
1998-06-09,35.6,25.0,0.0,
1998-06-10,35.6,26.1,0.0,
1998-06-11,32.8,21.7,21.6,
1998-06-12,36.1,26.1,0.0,
1998-06-13,37.2,24.4,0.0,
1998-06-14,42.2,25.0,0.0,
1998-06-15,40.0,22.2,0.0,
1998-06-16,37.8,22.8,0.0,
1998-06-17,36.1,25.0,0.0,
1998-06-18,36.7,27.2,0.0,
1998-06-19,37.8,26.1,0.0,
1998-06-20,38.3,26.1,0.0,
1998-06-21,38.3,24.4,0.0,
1998-06-22,37.2,25.6,0.0,
1998-06-23,36.7,25.0,0.0,
1998-06-24,36.7,25.0,0.0,
1998-06-25,36.7,24.4,0.0,
1998-06-26,36.7,25.0,0.0,
1998-06-27,38.3,25.0,0.0,
1998-06-28,36.1,26.1,2.5,
1998-06-29,31.7,24.4,7.6,
1998-06-30,36.1,24.4,0.0,
1998-07-01,37.2,25.6,0.0,
1998-07-02,36.1,25.0,0.0,
1998-07-03,32.8,23.9,5.3,
1998-07-04,30.6,25.0,15.5,
1998-07-05,35.6,25.6,0.0,
1998-07-06,37.2,23.9,0.0,
1998-07-07,38.3,24.4,0.0,
1998-07-08,36.1,24.4,0.0,
1998-07-09,36.7,25.6,0.0,
1998-07-10,37.2,26.1,0.0,
1998-07-11,38.3,25.0,0.0,
1998-07-12,39.4,25.0,0.0,
1998-07-13,37.8,26.7,2.0,
1998-07-14,38.3,23.9,0.0,
1998-07-15,37.2,22.8,0.0,
1998-07-16,38.9,24.4,0.0,
1998-07-17,39.4,25.0,0.0,
1998-07-18,37.8,25.0,0.0,
1998-07-19,37.8,24.4,0.0,
1998-07-20,37.2,25.0,0.0,
1998-07-21,37.2,25.0,0.0,
1998-07-22,37.8,25.6,0.0,
1998-07-23,37.8,24.4,0.0,
1998-07-24,37.8,24.4,0.0,
1998-07-25,38.3,25.0,0.0,
1998-07-26,37.8,25.6,0.0,
1998-07-27,37.8,25.6,0.0,
1998-07-28,37.8,25.0,0.0,
1998-07-29,37.8,23.9,0.0,
1998-07-30,38.3,24.4,0.0,
1998-07-31,38.9,23.9,0.0,
1998-08-01,40.0,24.4,0.0,
1998-08-02,39.4,23.9,0.0,
1998-08-03,40.6,25.0,0.0,
1998-08-04,38.9,25.0,0.0,
1998-08-05,35.6,24.4,0.0,
1998-08-06,31.7,22.2,3.6,
1998-08-07,33.3,23.3,1.5,
1998-08-08,37.2,24.4,0.0,
1998-08-09,37.2,23.3,0.0,
1998-08-10,37.8,23.9,0.0,
1998-08-11,38.3,24.4,0.0,
1998-08-12,37.8,24.4,0.0,
1998-08-13,36.1,26.1,0.0,
1998-08-14,28.3,23.9,1.3,
1998-08-15,36.7,22.2,0.0,
1998-08-16,34.4,23.3,0.0,
1998-08-17,31.1,25.0,2.3,
1998-08-18,33.9,24.4,4.3,
1998-08-19,35.6,23.9,0.0,
1998-08-20,38.3,24.4,0.0,
1998-08-21,36.7,23.3,0.8,
1998-08-22,26.7,23.3,14.0,
1998-08-23,30.0,24.4,6.6,
1998-08-24,33.9,24.4,0.3,
1998-08-25,35.0,25.0,0.0,
1998-08-26,35.6,24.4,0.0,
1998-08-27,36.1,24.4,0.0,
1998-08-28,36.7,26.1,0.0,
1998-08-29,38.9,25.0,0.0,
1998-08-30,36.7,22.8,0.8,
1998-08-31,36.1,23.9,0.0,
1998-09-01,36.7,24.4,1.5,
1998-09-02,37.2,25.6,0.0,
1998-09-03,38.9,26.1,0.5,
1998-09-04,38.3,24.4,0.0,
1998-09-05,36.1,22.2,0.0,
1998-09-06,36.1,23.9,0.0,
1998-09-07,36.7,23.3,0.0,
1998-09-08,35.6,23.3,0.0,
1998-09-09,36.7,25.0,0.0,
1998-09-10,28.3,21.7,5.8,
1998-09-11,23.9,22.2,59.7,
1998-09-12,25.0,22.2,5.8,
1998-09-13,27.8,22.8,0.0,
1998-09-14,27.2,23.3,4.3,
1998-09-15,30.6,22.8,51.3,
1998-09-16,25.6,22.2,37.8,
1998-09-17,30.6,23.9,0.0,
1998-09-18,32.8,23.9,0.0,
1998-09-19,33.3,23.3,0.0,
1998-09-20,33.3,23.3,0.0,
1998-09-21,33.3,23.9,0.0,
1998-09-22,33.9,23.9,0.0,
1998-09-23,34.4,23.3,0.5,
1998-09-24,32.8,23.9,0.0,
1998-09-25,32.2,22.8,0.0,
1998-09-26,32.8,23.9,0.0,
1998-09-27,33.3,24.4,0.0,
1998-09-28,35.6,25.0,4.3,
1998-09-29,35.6,23.9,0.0,
1998-09-30,33.3,23.3,0.0,
1998-10-01,32.8,22.8,0.0,
1998-10-02,32.2,23.9,0.0,
1998-10-03,32.8,24.4,0.0,
1998-10-04,33.3,25.0,0.0,
1998-10-05,32.8,17.2,8.9,
1998-10-06,23.3,13.9,76.5,
1998-10-07,27.8,13.3,0.0,
1998-10-08,27.8,12.2,0.0,
1998-10-09,26.1,14.4,0.0,
1998-10-10,26.7,13.3,0.0,
1998-10-11,28.3,14.4,0.0,
1998-10-12,29.4,21.7,0.0,
1998-10-13,28.9,19.4,0.0,
1998-10-14,27.8,17.2,0.0,
1998-10-15,29.4,17.8,0.0,
1998-10-16,30.6,20.6,0.0,
1998-10-17,25.6,20.6,158.5,
1998-10-18,22.2,16.7,37.1,
1998-10-19,17.2,15.0,25.9,
1998-10-20,20.0,16.1,2.5,
1998-10-21,16.7,13.9,3.8,
1998-10-22,22.2,13.9,0.0,
1998-10-23,20.0,10.6,0.0,
1998-10-24,22.8,10.6,0.0,
1998-10-25,26.1,13.3,0.0,
1998-10-26,26.7,18.3,0.0,
1998-10-27,25.0,19.4,1.3,
1998-10-28,26.7,19.4,0.3,
1998-10-29,27.2,20.6,0.0,
1998-10-30,26.7,20.6,0.0,
1998-10-31,28.3,20.6,0.0,
1998-11-01,23.9,12.8,43.7,
1998-11-02,24.4,10.6,0.0,
1998-11-03,25.6,11.7,0.0,
1998-11-04,18.3,9.4,3.0,
1998-11-05,12.8,7.2,1.0,
1998-11-06,11.1,5.6,0.3,
1998-11-07,13.3,10.6,4.1,
1998-11-08,15.6,12.8,0.3,
1998-11-09,25.0,13.3,0.0,
1998-11-10,23.9,10.0,0.5,
1998-11-11,19.4,7.8,0.0,
1998-11-12,14.4,10.6,22.1,
1998-11-13,15.6,10.6,7.1,
1998-11-14,16.1,12.8,19.8,
1998-11-15,20.0,13.3,0.0,
1998-11-16,23.9,10.0,0.0,
1998-11-17,23.9,11.1,0.0,
1998-11-18,25.0,16.7,0.0,
1998-11-19,26.7,18.9,0.3,
1998-11-20,21.7,11.7,0.5,
1998-11-21,18.9,11.1,0.0,
1998-11-22,22.8,7.8,0.0,
1998-11-23,22.8,13.3,0.0,
1998-11-24,25.6,13.3,0.0,
1998-11-25,27.8,18.3,0.0,
1998-11-26,26.1,14.4,0.0,
1998-11-27,25.6,15.6,0.0,
1998-11-28,25.6,16.7,0.0,
1998-11-29,27.2,20.0,0.0,
1998-11-30,27.2,16.7,0.0,
1998-12-01,23.9,13.9,0.0,
1998-12-02,26.1,15.6,0.0,
1998-12-03,23.9,18.9,3.8,
1998-12-04,25.6,18.9,0.0,
1998-12-05,26.7,20.6,0.0,
1998-12-06,25.6,17.8,0.0,
1998-12-07,18.3,8.9,0.0,
1998-12-08,13.3,5.6,0.0,
1998-12-09,11.1,7.8,0.8,
1998-12-10,8.9,7.2,19.6,
1998-12-11,7.2,5.6,12.7,
1998-12-12,14.4,5.6,0.0,
1998-12-13,19.4,2.8,0.0,
1998-12-14,18.9,7.8,0.0,
1998-12-15,17.2,5.0,0.0,
1998-12-16,19.4,3.9,0.0,
1998-12-17,16.1,7.8,0.0,
1998-12-18,15.6,6.7,1.0,
1998-12-19,17.2,7.8,0.0,
1998-12-20,15.0,9.4,0.0,
1998-12-21,25.0,0.0,0.0,
1998-12-22,0.6,-2.8,0.0,
1998-12-23,0.6,-3.3,1.8,
1998-12-24,1.1,-1.1,0.0,
1998-12-25,6.1,-1.7,0.0,
1998-12-26,13.3,-3.9,0.0,
1998-12-27,22.2,3.9,0.0,
1998-12-28,16.7,5.6,0.0,
1998-12-29,22.8,4.4,0.0,
1998-12-30,17.2,3.9,0.0,
1998-12-31,15.6,10.6,0.0,
1999-01-01,23.9,10.6,0.3,
1999-01-02,17.8,3.9,0.0,
1999-01-03,5.0,0.0,0.0,
1999-01-04,5.6,-2.2,0.0,
1999-01-05,13.3,-2.8,0.0,
1999-01-06,17.2,7.2,0.0,
1999-01-07,23.3,9.4,0.3,
1999-01-08,23.9,2.2,0.0,
1999-01-09,8.9,-0.6,0.0,
1999-01-10,13.9,-2.8,0.0,
1999-01-11,20.0,2.8,0.0,
1999-01-12,22.8,12.8,0.0,
1999-01-13,18.3,4.4,0.0,
1999-01-14,14.4,3.9,0.0,
1999-01-15,18.3,-1.1,0.0,
1999-01-16,22.8,5.0,0.0,
1999-01-17,27.2,12.2,0.0,
1999-01-18,21.7,10.0,0.0,
1999-01-19,23.9,7.2,0.0,
1999-01-20,23.9,11.7,0.0,
1999-01-21,26.7,18.3,0.0,
1999-01-22,20.6,7.8,0.0,
1999-01-23,18.9,7.2,0.0,
1999-01-24,23.9,3.9,0.0,
1999-01-25,23.9,8.3,0.0,
1999-01-26,23.9,12.8,0.0,
1999-01-27,24.4,15.0,0.0,
1999-01-28,25.0,16.1,1.0,
1999-01-29,20.6,8.9,3.6,
1999-01-30,15.6,4.4,0.0,
1999-01-31,17.8,6.1,0.0,
1999-02-01,22.2,5.6,0.0,
1999-02-02,19.4,10.0,0.0,
1999-02-03,25.6,8.3,0.0,
1999-02-04,21.7,13.3,0.0,
1999-02-05,23.9,16.1,0.0,
1999-02-06,25.6,19.4,0.0,
1999-02-07,28.3,15.6,0.0,
1999-02-08,23.3,16.7,0.0,
1999-02-09,28.9,19.4,0.0,
1999-02-10,27.8,18.9,0.0,
1999-02-11,22.8,9.4,0.5,
1999-02-12,15.0,3.9,0.0,
1999-02-13,19.4,3.3,0.0,
1999-02-14,21.1,0.6,0.0,
1999-02-15,23.9,5.6,0.0,
1999-02-16,20.6,10.6,0.0,
1999-02-17,21.1,8.9,0.0,
1999-02-18,26.1,9.4,0.0,
1999-02-19,20.6,8.3,0.0,
1999-02-20,21.7,10.6,0.0,
1999-02-21,17.2,6.7,0.0,
1999-02-22,16.7,2.8,0.0,
1999-02-23,22.2,11.1,0.0,
1999-02-24,23.9,7.8,0.0,
1999-02-25,24.4,13.3,0.0,
1999-02-26,22.8,18.9,0.0,
1999-02-27,30.6,16.1,0.3,
1999-02-28,25.6,8.9,0.0,
1999-03-01,28.9,8.3,0.0,
1999-03-02,30.6,16.1,0.0,
1999-03-03,18.9,9.4,0.0,
1999-03-04,21.1,5.6,0.0,
1999-03-05,26.1,18.3,0.5,
1999-03-06,25.0,13.3,0.0,
1999-03-07,16.7,11.1,0.3,
1999-03-08,28.3,13.9,6.4,
1999-03-09,22.2,11.1,0.0,
1999-03-10,25.6,14.4,0.0,
1999-03-11,25.6,16.7,0.5,
1999-03-12,24.4,10.6,33.8,
1999-03-13,12.2,5.6,4.3,
1999-03-14,17.8,4.4,0.0,
1999-03-15,19.4,6.1,0.0,
1999-03-16,23.9,5.0,0.0,
1999-03-17,23.3,11.7,0.0,
1999-03-18,21.7,17.2,42.2,
1999-03-19,20.0,11.1,0.3,
1999-03-20,21.7,9.4,0.0,
1999-03-21,22.8,8.9,0.0,
1999-03-22,24.4,8.9,0.0,
1999-03-23,25.0,16.1,0.0,
1999-03-24,21.1,14.4,0.0,
1999-03-25,18.9,13.3,0.0,
1999-03-26,21.1,10.0,0.0,
1999-03-27,19.4,13.3,13.7,
1999-03-28,24.4,13.3,2.0,
1999-03-29,17.8,13.3,0.0,
1999-03-30,19.4,12.8,0.0,
1999-03-31,19.4,13.9,0.0,
1999-04-01,21.1,16.1,1.0,
1999-04-02,26.1,20.6,0.3,
1999-04-03,27.2,15.6,0.0,
1999-04-04,22.2,14.4,0.5,
1999-04-05,28.3,12.2,2.0,
1999-04-06,28.3,11.1,0.0,
1999-04-07,28.3,18.9,0.0,
1999-04-08,31.1,20.6,0.0,
1999-04-09,30.6,20.0,0.0,
1999-04-10,30.6,18.9,0.0,
1999-04-11,29.4,15.6,0.0,
1999-04-12,27.8,17.2,0.0,
1999-04-13,27.2,19.4,0.0,
1999-04-14,31.1,16.7,1.0,
1999-04-15,20.6,10.6,0.0,
1999-04-16,19.4,10.0,0.0,
1999-04-17,23.3,5.6,0.0,
1999-04-18,25.6,7.2,0.0,
1999-04-19,29.4,15.0,0.0,
1999-04-20,29.4,17.2,0.0,
1999-04-21,26.1,20.0,0.0,
1999-04-22,30.6,21.7,0.0,
1999-04-23,31.7,22.8,0.0,
1999-04-24,28.3,22.2,0.0,
1999-04-25,26.1,20.0,5.6,
1999-04-26,26.1,17.2,9.7,
1999-04-27,31.1,17.8,0.0,
1999-04-28,30.6,17.2,0.0,
1999-04-29,31.1,18.9,0.0,
1999-04-30,27.8,17.8,0.0,
1999-05-01,23.9,17.2,0.8,
1999-05-02,23.3,18.3,0.0,
1999-05-03,29.4,20.6,0.3,
1999-05-04,34.4,23.3,0.0,
1999-05-05,32.8,21.7,0.0,
1999-05-06,28.9,15.0,0.0,
1999-05-07,29.4,15.0,0.0,
1999-05-08,32.2,15.0,0.0,
1999-05-09,30.6,23.3,0.0,
1999-05-10,25.0,16.7,46.0,
1999-05-11,28.9,16.1,0.0,
1999-05-12,24.4,20.0,0.0,
1999-05-13,28.9,18.9,0.0,
1999-05-14,31.7,20.0,0.0,
1999-05-15,32.2,22.8,0.0,
1999-05-16,31.7,22.2,0.0,
1999-05-17,31.1,17.8,100.3,
1999-05-18,25.6,18.9,0.0,
1999-05-19,28.9,17.2,0.0,
1999-05-20,30.0,21.1,0.0,
1999-05-21,30.6,20.6,0.3,
1999-05-22,31.1,22.2,0.0,
1999-05-23,31.7,21.7,0.0,
1999-05-24,31.1,21.7,1.0,33.6296077330646
1999-05-25,30.6,21.1,0.0,31.557488575164523
1999-05-26,30.0,18.9,22.9,31.20833997777773
1999-05-27,31.1,17.8,0.0,32.42304028755553
1999-05-28,29.4,18.9,8.1,31.371828855555602
1999-05-29,30.6,18.3,0.0,32.25745578348452
1999-05-30,31.7,22.2,0.0,35.55203763279115
1999-05-31,31.7,22.8,0.0,35.845619555884504
1999-06-01,32.8,23.9,0.0,38.139577415111084
1999-06-02,31.1,23.9,0.0,35.91511605511118
1999-06-03,32.2,23.3,0.0,35.91511605511118
1999-06-04,32.2,23.9,0.0,36.005812703555684
1999-06-05,32.8,24.4,0.0,36.005812703555684
1999-06-06,32.8,22.8,0.0,36.005812703555684
1999-06-07,33.3,21.7,0.0,35.199778739555654
1999-06-08,32.8,22.2,0.0,34.48873600083557
1999-06-09,32.2,21.7,0.0,35.91511605511118
1999-06-10,33.3,22.2,0.0,35.199778739555654
1999-06-11,34.4,23.3,0.0,37.417663543111225
1999-06-12,35.0,23.9,0.0,38.39286542044457
1999-06-13,33.3,22.2,13.5,34.855849563555616
1999-06-14,32.2,22.2,1.3,34.126960103555646
1999-06-15,30.0,22.8,22.4,32.6347006444444
1999-06-16,32.8,21.1,0.0,34.855849563555616
1999-06-17,29.4,23.3,0.0,32.42304028755553
1999-06-18,31.7,21.7,0.0,32.837765091555625
1999-06-19,33.3,22.2,28.2,36.005812703555684
1999-06-20,24.4,22.2,10.7,26.359166666666667
1999-06-21,28.3,22.2,1.3,31.946091963555528
1999-06-22,30.0,22.2,3.8,33.7775135702222
1999-06-23,32.8,24.4,0.0,38.139577415111084
1999-06-24,31.7,24.4,0.0,36.775126332444664
1999-06-25,31.1,24.4,4.6,35.03801755555546
1999-06-26,32.2,23.9,0.0,42.2083179835556
1999-06-27,32.8,25.6,0.0,40.627568440444726
1999-06-28,33.3,25.0,0.0,39.162484632444624
1999-06-29,32.2,25.0,0.0,39.162484632444624
1999-06-30,32.8,24.4,0.0,38.139577415111084
1999-07-01,33.3,24.4,0.0,39.567818893064526
1999-07-02,33.9,25.0,2.0,38.33124403731548
1999-07-03,33.3,23.9,1.3,38.85491958937559
1999-07-04,32.2,23.3,0.8,36.343957807751195
1999-07-05,32.2,22.8,0.0,36.931999601315574
1999-07-06,33.9,23.3,0.3,36.60358037643559
1999-07-07,34.4,22.8,0.0,37.20667336761786
1999-07-08,35.0,23.9,0.3,37.84634757387565
1999-07-09,33.3,23.3,0.3,36.03057495519112
1999-07-10,32.8,22.8,7.1,36.100147751724435
1999-07-11,31.1,21.7,44.2,34.80727677236455
1999-07-12,32.8,21.7,0.0,35.845619555884504
1999-07-13,33.3,22.2,0.0,37.67863462375107
1999-07-14,32.8,22.8,0.0,35.286900788051064
1999-07-15,32.8,22.8,0.0,34.97482682251561
1999-07-16,33.9,22.2,0.0,37.91852052531555
1999-07-17,31.7,22.8,10.4,35.781684200924495
1999-07-18,33.3,22.2,16.8,36.100147751724435
1999-07-19,31.7,22.8,0.0,35.845619555884504
1999-07-20,30.0,22.8,0.3,34.48061279223114
1999-07-21,29.4,22.2,29.0,33.621580418115514
1999-07-22,32.8,23.3,0.0,37.51950270193562
1999-07-23,35.0,23.3,0.0,36.40425372780442
1999-07-24,36.1,22.2,0.0,37.84634757387565
1999-07-25,34.4,22.2,0.0,37.84634757387565
1999-07-26,35.6,23.9,0.0,37.21448419023117
1999-07-27,36.1,24.4,0.0,39.64739735793769
1999-07-28,36.7,23.9,0.0,38.49010247777784
1999-07-29,37.2,23.3,0.0,39.03336019249782
1999-07-30,37.8,23.9,0.0,40.50424907331573
1999-07-31,37.8,24.4,0.0,40.45219808299563
1999-08-01,37.2,24.4,0.0,39.70381845540449
1999-08-02,36.7,23.9,0.0,39.03336019249782
1999-08-03,37.2,23.3,17.8,40.12194125900458
1999-08-04,36.7,23.9,0.0,41.298035890151304
1999-08-05,38.3,23.3,0.0,40.8420562768711
1999-08-06,37.8,24.4,0.0,39.829193699571064
1999-08-07,37.8,25.0,0.0,41.78131395451558
1999-08-08,37.2,25.0,0.0,41.24134715060444
1999-08-09,38.3,25.0,0.0,40.50424907331573
1999-08-10,38.9,24.4,0.0,38.70551121452447
1999-08-11,38.3,24.4,0.0,39.37284994723556
1999-08-12,38.3,25.0,0.0,40.50584813923555
1999-08-13,38.9,24.4,0.0,40.08503163468442
1999-08-14,39.4,23.9,0.0,41.055012611971144
1999-08-15,40.0,26.1,0.0,41.58078392503118
1999-08-16,38.3,26.1,0.0,39.09841437255115
1999-08-17,36.7,23.9,0.0,38.99620826783118
1999-08-18,37.2,24.4,0.0,38.356258128515606
1999-08-19,38.9,23.3,0.0,39.621159165037845
1999-08-20,41.1,26.1,0.0,42.27320415555557
1999-08-21,40.0,23.9,0.0,39.75747832689779
1999-08-22,36.1,25.0,0.0,39.386496818595646
1999-08-23,33.9,25.6,0.0,36.45781422883556
1999-08-24,35.6,25.6,0.0,38.15792965555557
1999-08-25,38.3,24.4,0.0,39.03357521153779
1999-08-26,38.9,25.0,0.0,39.03357521153779
1999-08-27,39.4,25.0,0.0,39.77861343452447
1999-08-28,37.2,25.0,0.0,39.43263444819561
1999-08-29,38.9,23.3,0.0,39.77861343452447
1999-08-30,38.9,22.8,0.0,36.84797455203558
1999-08-31,38.3,22.2,0.0,36.731202326015556
1999-09-01,35.0,22.8,0.0,36.127153572515546
1999-09-02,35.0,23.3,0.0,36.92080481111116
1999-09-03,37.2,23.9,0.0,36.84063195146445
1999-09-04,37.2,25.0,2.3,39.03336019249782
1999-09-05,37.2,23.9,0.0,38.657691714051126
1999-09-06,36.7,22.2,0.0,36.8336682331378
1999-09-07,36.1,22.2,0.0,36.92080481111116
1999-09-08,37.2,22.8,0.0,37.405549098975634
1999-09-09,36.7,23.9,0.0,38.08301543655112
1999-09-10,36.7,23.9,0.0,38.03229269063124
1999-09-11,36.1,22.8,0.0,37.11873875340457
1999-09-12,36.7,22.8,0.0,36.558321442275684
1999-09-13,32.2,23.9,0.0,34.87041881713777
1999-09-14,33.3,21.7,0.0,33.07112638487102
1999-09-15,34.4,21.1,0.0,32.536936131037805
1999-09-16,33.9,16.7,0.0,31.85688478077116
1999-09-17,34.4,17.2,0.0,33.30603208156442
1999-09-18,34.4,20.0,0.0,33.50871679346449
1999-09-19,35.6,19.4,0.0,33.74460505555558
1999-09-20,38.3,21.1,0.0,36.972552744817804
1999-09-21,28.3,18.9,0.0,36.316484243971146
1999-09-22,28.9,15.0,0.0,26.928405505235606
1999-09-23,31.1,12.2,0.0,29.127329261075577
1999-09-24,33.3,15.6,0.0,31.62190639159107
1999-09-25,32.8,20.0,4.1,34.59215684108437
1999-09-26,35.0,21.7,0.0,42.318246242595514
1999-09-27,35.6,23.3,0.0,34.77222676805112
1999-09-28,34.4,20.6,0.8,35.77663859119783
1999-09-29,25.6,16.7,0.0,35.616047560835526
1999-09-30,28.3,14.4,0.0,26.323888888888895
1999-10-01,30.6,11.7,0.0,28.495979977777786
1999-10-02,33.3,15.6,0.0,32.195672139537734
1999-10-03,33.9,23.3,0.0,35.22748101695786
1999-10-04,30.0,20.6,0.0,32.6347006444444
1999-10-05,31.1,16.1,0.0,30.898330215831233
1999-10-06,31.1,17.2,0.0,29.414604370115587
1999-10-07,31.7,13.3,0.0,29.617298762904486
1999-10-08,32.2,16.7,0.0,30.888594636035553
1999-10-09,31.1,18.9,0.0,29.927305577777776
1999-10-10,32.2,18.3,0.0,31.09243211641781
1999-10-11,32.2,18.3,0.0,31.232713954984572
1999-10-12,31.7,17.2,0.0,31.232713954984572
1999-10-13,33.3,18.9,0.0,31.725273249617764
1999-10-14,33.3,18.3,0.0,32.86198896473778
1999-10-15,32.8,21.7,0.0,32.76279694388453
1999-10-16,32.2,21.1,0.0,33.6296077330646
1999-10-17,22.8,10.6,9.4,29.543688464791305
1999-10-18,14.4,8.9,9.9,14.022499999999999
1999-10-19,20.0,9.4,0.0,19.01138888888889
1999-10-20,23.3,7.8,0.0,22.32027777777778
1999-10-21,26.7,7.8,0.0,25.273333333333326
1999-10-22,31.1,10.6,0.0,28.772346040871142
1999-10-23,27.2,15.6,0.0,26.36305555555556
1999-10-24,25.6,8.3,0.0,24.59111111111112
1999-10-25,28.9,16.1,0.0,27.684918104495598
1999-10-26,28.3,13.9,0.0,26.867450669315588
1999-10-27,28.3,11.1,0.0,27.198133401617845
1999-10-28,30.0,16.1,0.0,28.258726944275562
1999-10-29,30.0,17.2,0.0,29.56310813900446
1999-10-30,21.7,10.0,23.1,27.360965654024444
1999-10-31,19.4,9.4,0.0,19.102777777777778
1999-11-01,26.1,12.2,0.0,25.495277777777776
1999-11-02,18.3,5.6,0.0,21.55694444444445
1999-11-03,20.6,3.9,0.0,19.879722222222224
1999-11-04,26.7,9.4,0.0,26.558888888888895
1999-11-05,28.3,15.6,0.0,28.146045184835597
1999-11-06,26.7,15.0,0.0,26.611111111111114
1999-11-07,26.7,13.3,0.0,25.889722222222233
1999-11-08,26.7,10.0,0.0,25.79833333333334
1999-11-09,26.1,11.1,0.0,26.57194444444444
1999-11-10,26.1,14.4,0.0,26.0463888888889
1999-11-11,28.3,12.8,0.0,27.534022768335646
1999-11-12,28.3,12.2,0.0,26.611111111111114
1999-11-13,28.9,12.2,0.0,27.044716462524498
1999-11-14,28.3,9.4,0.0,27.141760369117826
1999-11-15,29.4,12.8,0.0,27.684918104495598
1999-11-16,28.3,11.7,0.0,26.952184976551163
1999-11-17,26.1,11.7,0.0,26.02027777777778
1999-11-18,27.2,13.9,0.0,27.932119356095637
1999-11-19,26.7,16.1,0.0,26.190000000000005
1999-11-20,24.4,8.9,0.0,23.974166666666672
1999-11-21,27.8,13.9,0.0,28.312649868817804
1999-11-22,28.9,19.4,0.0,29.927305577777776
1999-11-23,21.7,11.7,0.0,25.638888888888893
1999-11-24,14.4,7.2,3.8,17.240000000000006
1999-11-25,15.6,3.3,0.0,14.851666666666667
1999-11-26,21.7,2.8,0.0,19.984166666666663
1999-11-27,25.6,5.6,0.0,24.682499999999997
1999-11-28,26.7,9.4,0.0,25.96805555555556
1999-11-29,22.8,11.1,0.0,22.516111111111115
1999-11-30,20.0,10.6,0.0,19.484722222222217
1999-12-01,22.8,8.3,0.0,22.620555555555562
1999-12-02,25.6,15.6,0.0,25.586666666666662
1999-12-03,28.3,18.3,0.0,28.41927290529559
1999-12-04,23.3,10.0,0.0,25.061111111111114
1999-12-05,16.1,5.6,0.0,17.58222222222222
1999-12-06,16.1,0.0,0.0,15.180833333333336
1999-12-07,22.8,2.8,0.0,21.833888888888882
1999-12-08,25.6,16.1,0.0,25.087222222222227
1999-12-09,21.7,8.9,0.3,22.329999999999995
1999-12-10,17.8,4.4,0.0,17.161666666666672
1999-12-11,21.1,10.6,2.3,20.281111111111112
1999-12-12,20.0,8.9,19.1,21.98777777777778
1999-12-13,15.0,3.9,0.0,14.208611111111114
1999-12-14,23.9,3.9,0.0,22.268055555555563
1999-12-15,13.9,2.8,0.0,19.288888888888888
1999-12-16,17.2,0.6,0.0,16.257499999999997
1999-12-17,21.7,3.9,0.0,21.321944444444448
1999-12-18,15.6,4.4,0.0,15.690000000000005
1999-12-19,20.6,3.3,0.0,20.691944444444445
1999-12-20,12.2,3.9,7.4,13.839722222222225
1999-12-21,7.8,1.1,0.3,6.371111111111113
1999-12-22,12.2,1.1,0.0,11.477500000000001
1999-12-23,16.7,3.9,0.0,14.82555555555555
1999-12-24,21.7,6.1,0.0,19.984166666666663
1999-12-25,15.6,7.8,0.0,13.630833333333333
1999-12-26,18.3,8.3,0.0,17.712777777777774
1999-12-27,21.7,9.4,0.0,21.282777777777778
1999-12-28,20.0,4.4,0.0,19.958055555555553
1999-12-29,26.1,9.4,0.0,25.65472222222223
1999-12-30,26.7,7.8,0.0,25.785277777777782
1999-12-31,22.8,8.3,0.0,22.22888888888889
2000-01-01,24.4,5.6,0.0,24.43111111111111
2000-01-02,23.3,17.2,0.0,23.932222222222222
2000-01-03,21.7,10.0,0.0,21.135833333333334
2000-01-04,12.8,0.0,0.0,16.374999999999996
2000-01-05,15.6,-2.8,0.0,14.747222222222225
2000-01-06,19.4,5.6,1.0,19.141944444444444
2000-01-07,12.8,10.0,44.7,17.605555555555558
2000-01-08,16.7,9.4,3.6,15.807500000000005
2000-01-09,25.0,4.4,0.0,24.799999999999997
2000-01-10,26.1,7.2,0.0,26.059444444444452
2000-01-11,24.4,5.0,0.0,24.300555555555555
2000-01-12,25.6,15.0,0.0,25.087222222222227
2000-01-13,21.7,15.0,0.0,22.29083333333332
2000-01-14,20.0,9.4,0.0,18.60666666666667
2000-01-15,23.9,9.4,0.0,23.775555555555552
2000-01-16,24.4,13.3,0.0,24.32666666666667
2000-01-17,25.6,13.9,0.0,25.53444444444444
2000-01-18,28.3,13.9,0.0,27.721938942035614
2000-01-19,30.6,10.6,0.0,29.247429397031137
2000-01-20,18.9,7.2,0.0,26.717046959235613
2000-01-21,15.6,4.4,0.0,14.587222222222225
2000-01-22,23.9,14.4,0.0,23.276111111111106
2000-01-23,23.3,10.0,0.0,22.49
2000-01-24,15.0,5.6,0.0,19.01138888888889
2000-01-25,16.1,3.3,0.0,14.799444444444443
2000-01-26,8.3,5.6,0.0,12.423611111111109
2000-01-27,6.1,1.7,23.1,6.883611111111109
2000-01-28,2.2,-0.6,0.0,2.1297222222222225
2000-01-29,6.7,-1.1,0.0,5.176944444444448
2000-01-30,8.3,-3.3,0.0,6.935833333333331
2000-01-31,12.2,5.6,0.0,11.083055555555555
2000-02-01,10.6,7.2,5.6,11.043888888888892
2000-02-02,12.8,5.6,0.8,11.673333333333334
2000-02-03,23.9,2.8,0.0,22.871388888888887
2000-02-04,16.7,6.7,0.0,21.256666666666668
2000-02-05,13.9,1.7,0.0,13.053611111111113
2000-02-06,18.9,2.8,0.0,18.656111111111105
2000-02-07,22.8,12.8,0.0,22.516111111111115
2000-02-08,23.9,7.8,0.0,23.501388888888886
2000-02-09,23.9,10.0,0.0,23.223888888888887
2000-02-10,28.3,15.0,0.0,27.987237679591207
2000-02-11,22.8,11.7,0.0,24.956666666666663
2000-02-12,19.4,7.2,0.0,20.245277777777773
2000-02-13,27.8,14.4,0.0,28.957169045315645
2000-02-14,23.3,8.9,0.0,25.638888888888893
2000-02-15,28.9,10.6,0.0,28.146045184835597
2000-02-16,26.7,20.0,0.0,26.2813888888889
2000-02-17,28.9,20.6,0.0,28.41927290529559
2000-02-18,28.3,12.8,0.3,28.292644831457842
2000-02-19,17.2,5.6,0.0,23.501388888888886
2000-02-20,18.9,9.4,0.0,18.421111111111102
2000-02-21,22.8,11.7,0.0,22.894722222222228
2000-02-22,24.4,14.4,20.3,23.419722222222216
2000-02-23,26.7,12.2,0.3,25.837500000000002
2000-02-24,27.2,18.3,0.0,26.111666666666668
2000-02-25,27.8,20.0,0.5,28.577176604924507
2000-02-26,22.8,8.3,16.8,25.71722222222222
2000-02-27,23.3,5.0,0.0,22.307222222222226
2000-02-28,23.9,6.7,0.0,23.119444444444444
2000-02-29,25.6,17.8,0.0,25.691111111111113
2000-03-01,26.7,16.1,0.0,26.21611111111112
2000-03-02,27.8,19.4,0.0,27.884784716924493
2000-03-03,21.7,10.0,0.0,25.691111111111113
2000-03-04,20.0,6.1,0.0,18.841666666666672
2000-03-05,21.7,8.9,0.0,20.926944444444448
2000-03-06,27.2,17.2,0.0,26.1638888888889
2000-03-07,27.2,20.6,2.8,34.77222676805112
2000-03-08,26.1,16.1,3.6,33.267316841991125
2000-03-09,30.0,15.6,0.0,34.016651047591154
2000-03-10,28.9,13.9,0.0,30.294298970771212
2000-03-11,17.2,5.6,0.0,27.962515993535547
2000-03-12,20.6,3.3,0.0,20.049444444444443
2000-03-13,22.2,9.4,0.0,21.53083333333333
2000-03-14,18.3,13.9,0.3,20.90083333333333
2000-03-15,24.4,12.8,0.0,24.300555555555555
2000-03-16,28.9,6.7,3.0,28.146045184835597
2000-03-17,10.6,5.0,16.8,19.429166666666664
2000-03-18,22.2,9.4,0.0,22.29083333333332
2000-03-19,21.7,8.3,0.0,21.804999999999996
2000-03-20,25.6,6.7,0.0,24.747777777777774
2000-03-21,21.7,17.2,1.3,21.504722222222224
2000-03-22,27.2,17.8,1.3,27.962515993535547
2000-03-23,24.4,17.8,0.0,24.114999999999995
2000-03-24,30.6,20.0,0.0,31.617318406151192
2000-03-25,29.4,19.4,0.0,28.89326381961784
2000-03-26,30.6,20.0,0.0,30.717955184364623
2000-03-27,28.9,18.3,0.0,28.33768810961774
2000-03-28,28.3,15.0,0.0,29.697203661351164
2000-03-29,32.8,17.2,0.0,30.224451648551117
2000-03-30,23.3,11.7,0.0,28.814790013475562
2000-03-31,23.3,11.7,0.0,22.134166666666665
2000-04-01,21.1,15.0,6.1,21.609166666666667
2000-04-02,15.6,12.8,32.3,21.44916666666667
2000-04-03,20.0,11.1,4.3,19.259444444444444
2000-04-04,22.2,6.1,0.0,21.204444444444448
2000-04-05,26.1,10.0,0.0,25.928888888888896
2000-04-06,28.9,14.4,0.0,29.41421488587567
2000-04-07,30.6,18.3,0.0,32.53139821281776
2000-04-08,20.0,10.6,0.0,30.717955184364623
2000-04-09,23.9,6.7,0.0,23.054166666666667
2000-04-10,24.4,15.0,0.0,24.02361111111111
2000-04-11,26.7,15.6,8.4,25.873888888888885
2000-04-12,20.6,15.6,9.9,24.64
2000-04-13,24.4,13.9,0.0,23.184722222222216
2000-04-14,22.2,13.3,0.0,21.72666666666667
2000-04-15,27.8,16.1,0.0,27.592192616015534
2000-04-16,30.6,20.0,0.0,31.04908144444437
2000-04-17,30.0,18.3,0.0,30.6159912848178
2000-04-18,26.7,20.0,0.0,28.33768810961774
2000-04-19,30.6,21.1,0.0,31.015885100115636
2000-04-20,30.0,15.6,0.0,29.47601872620456
2000-04-21,27.8,13.9,0.0,27.005000477135567
2000-04-22,28.3,11.1,0.0,28.164564010515555
2000-04-23,36.7,21.1,0.0,35.833105976495595
2000-04-24,31.1,18.9,0.0,33.30603208156442
2000-04-25,30.6,16.1,0.0,29.247429397031137
2000-04-26,32.2,15.6,0.0,31.232713954984572
2000-04-27,32.2,18.3,0.0,32.04274908243562
2000-04-28,30.6,20.6,0.0,30.680156280497766
2000-04-29,29.4,18.3,0.0,31.015885100115636
2000-04-30,30.6,22.2,0.0,33.03359425555552
2000-05-01,23.9,16.1,67.3,29.543688464791305
2000-05-02,25.6,15.6,4.6,25.087222222222227
2000-05-03,28.9,15.0,0.0,29.543688464791305
2000-05-04,30.6,21.1,0.0,34.722588831484536
2000-05-05,30.6,20.6,0.0,33.21375493548445
2000-05-06,32.2,22.2,0.0,35.55203763279115
2000-05-07,32.2,22.2,0.0,36.67203977659556
2000-05-08,32.8,21.7,0.0,34.80727677236455
2000-05-09,30.0,22.8,0.5,34.04386637036451
2000-05-10,32.2,21.7,0.0,35.31575843611568
2000-05-11,32.8,23.9,0.0,39.541848642951145
2000-05-12,33.9,19.4,0.0,43.61853093177562
2000-05-13,27.8,19.4,0.5,38.81561699499565
2000-05-14,27.8,17.8,0.0,29.15886103361784
2000-05-15,30.6,16.7,0.0,32.25745578348452
2000-05-16,33.3,22.8,0.0,41.22300979895104
2000-05-17,31.7,22.8,0.0,34.722588831484536
2000-05-18,31.1,23.9,0.0,33.78802762316448
2000-05-19,30.6,17.2,7.9,32.62913009207105
2000-05-20,26.1,17.2,0.0,25.691111111111113
2000-05-21,32.8,18.3,0.0,32.94917448145782
2000-05-22,35.0,20.6,0.0,34.261995594095616
2000-05-23,34.4,21.7,0.0,37.21448419023117
2000-05-24,35.6,22.8,0.0,40.288316255555614
2000-05-25,34.4,25.0,0.0,39.64739735793769
2000-05-26,33.3,25.6,0.0,37.67863462375107
2000-05-27,33.3,20.0,1.8,36.931999601315574
2000-05-28,32.8,20.0,0.0,35.24517878083567
2000-05-29,33.9,22.8,0.0,35.75535508329567
2000-05-30,35.6,23.3,0.0,36.92080481111116
2000-05-31,34.4,22.2,0.0,35.34735951507558
2000-06-01,35.6,23.3,0.0,35.85863781863108
2000-06-02,35.0,22.8,0.0,36.40425372780442
2000-06-03,35.0,23.9,0.0,36.98420724259553
2000-06-04,29.4,20.6,25.1,34.48873600083557
2000-06-05,30.0,21.7,0.0,30.915363245315625
2000-06-06,31.1,18.3,0.0,29.414604370115587
2000-06-07,30.0,17.2,0.0,29.167844777777734
2000-06-08,30.6,17.8,6.1,31.900241944515585
2000-06-09,23.9,21.7,35.3,25.37444444444445
2000-06-10,31.1,21.1,16.5,31.648926787671186
2000-06-11,32.2,22.2,0.0,33.85445181291555
2000-06-12,31.7,23.9,6.4,34.32017456463127
2000-06-13,31.7,22.8,0.0,31.96842908860448
2000-06-14,32.2,24.4,0.3,34.28580817393564
2000-06-15,31.7,23.9,0.0,35.31575843611568
2000-06-16,33.3,23.9,0.0,36.45781422883556
2000-06-17,32.8,24.4,0.0,36.931999601315574
2000-06-18,32.2,22.8,30.7,35.55203763279115
2000-06-19,32.8,22.2,13.5,36.931999601315574
2000-06-20,32.8,25.0,0.0,36.100147751724435
2000-06-21,32.8,25.0,0.0,36.931999601315574
2000-06-22,33.3,23.3,0.0,36.45781422883556
2000-06-23,33.3,23.9,0.0,36.03057495519112
2000-06-24,33.9,22.8,0.0,35.22748101695786
2000-06-25,34.4,23.9,0.0,37.20667336761786
2000-06-26,33.9,23.9,0.0,36.60358037643559
2000-06-27,34.4,24.4,0.0,36.32746605479784
2000-06-28,35.0,23.3,0.0,36.91070788641558
2000-06-29,35.0,22.8,0.0,35.77663859119783
2000-06-30,35.0,22.8,0.0,37.598498363004396
2000-07-01,36.1,25.0,0.0,38.9300934206755
2000-07-02,35.6,23.3,0.0,39.181918055555634
2000-07-03,35.6,23.9,0.0,36.92080481111116
2000-07-04,35.6,23.9,0.0,37.903316515971156
2000-07-05,35.6,23.3,0.0,37.21635105555562
2000-07-06,35.6,22.8,0.0,36.3571822555555
2000-07-07,37.2,23.9,0.0,39.70381845540449
2000-07-08,37.2,23.3,0.0,40.19811777359115
2000-07-09,36.7,22.2,0.0,40.50424907331573
2000-07-10,37.2,24.4,0.0,43.08158596929559
2000-07-11,37.2,24.4,0.0,42.490634425457706
2000-07-12,38.3,24.4,0.0,44.84755630385773
2000-07-13,40.0,22.8,0.0,47.738560031191156
2000-07-14,41.1,23.9,0.0,40.941247777475624
2000-07-15,41.7,24.4,0.0,41.313814567484464
2000-07-16,40.6,25.0,0.0,40.58292983287112
2000-07-17,37.8,22.8,0.0,38.16630760972448
2000-07-18,37.8,22.2,0.0,38.388657956195566
2000-07-19,38.9,23.9,0.0,39.6256119871911
2000-07-20,40.0,22.8,0.0,39.294572043315554
2000-07-21,40.0,23.3,0.0,38.0049626274845
2000-07-22,38.3,23.3,0.0,38.465250953315596
2000-07-23,38.3,21.7,36.6,39.43263444819561
2000-07-24,36.1,21.7,0.0,37.83491347777776
2000-07-25,37.2,21.1,0.0,39.12359551698453
2000-07-26,37.2,23.9,0.0,38.657691714051126
2000-07-27,36.1,24.4,0.0,36.84063195146445
2000-07-28,36.7,22.8,0.0,36.99262651519117
2000-07-29,37.2,22.8,0.0,37.841399013624454
2000-07-30,33.3,22.2,10.4,35.889603247484416
2000-07-31,34.4,22.8,0.5,35.889603247484416
2000-08-01,36.1,21.7,0.0,36.29269838081786
2000-08-02,37.8,22.2,0.0,37.505362613315555
2000-08-03,37.8,23.3,0.0,38.46099728833563
2000-08-04,36.7,23.3,0.0,37.83491347777776
2000-08-05,37.2,23.3,0.0,40.08503163468442
2000-08-06,38.3,24.4,0.0,40.50584813923555
2000-08-07,37.8,24.4,0.0,39.37284994723556
2000-08-08,37.8,25.0,0.0,39.70381845540449
2000-08-09,37.2,24.4,0.0,39.12359551698453
2000-08-10,37.8,23.3,0.0,36.573461917715555
2000-08-11,39.4,22.8,0.0,40.67742350623117
2000-08-12,40.0,24.4,0.0,40.81187522956455
2000-08-13,39.4,23.9,0.0,40.31258489649559
2000-08-14,37.2,23.3,0.0,39.12359551698453
2000-08-15,32.8,24.4,0.8,38.99620826783118
2000-08-16,37.8,22.8,0.0,38.46099728833563
2000-08-17,39.4,22.2,0.0,38.980735417597806
2000-08-18,38.9,23.3,0.0,38.65812506511781
2000-08-19,37.8,22.8,0.0,37.547724858995565
2000-08-20,37.2,22.8,0.0,39.12359551698453
2000-08-21,38.3,23.9,0.0,39.37284994723556
2000-08-22,35.6,23.3,2.5,36.98420724259553
2000-08-23,36.1,21.7,0.0,37.21635105555562
2000-08-24,37.2,23.3,0.0,38.46099728833563
2000-08-25,37.8,23.9,0.0,40.08503163468442
2000-08-26,37.8,23.3,0.0,40.457938586435525
2000-08-27,37.8,22.8,0.0,40.08503163468442
2000-08-28,38.3,24.4,0.0,39.829193699571064
2000-08-29,38.3,23.9,0.0,38.011235686504506
2000-08-30,39.4,22.8,0.0,39.43240366348451
2000-08-31,41.7,25.6,0.0,41.34439175647111
2000-09-01,41.7,26.7,0.0,41.729306356175584
2000-09-02,41.7,25.6,0.5,42.128902611884484
2000-09-03,42.2,24.4,0.0,41.87664238005113
2000-09-04,43.3,26.1,0.0,42.70277289020449
2000-09-05,44.4,25.6,0.0,50.794209558035526
2000-09-06,37.2,23.9,0.0,40.715118577777744
2000-09-07,36.1,21.7,0.0,35.60670538276444
2000-09-08,32.8,22.8,0.0,33.152375537971174
2000-09-09,36.1,24.4,0.0,37.11873875340457
2000-09-10,38.3,23.9,0.0,39.37284994723556
2000-09-11,38.9,25.0,0.0,40.50584813923555
2000-09-12,37.8,23.9,0.0,40.457938586435525
2000-09-13,32.2,22.2,16.0,34.80727677236455
2000-09-14,34.4,22.8,12.7,36.32746605479784
2000-09-15,35.6,22.2,0.0,36.92080481111116
2000-09-16,31.7,21.7,0.0,34.77222676805112
2000-09-17,31.7,15.0,0.0,29.208221804471123
2000-09-18,33.9,13.3,0.0,31.94996769247113
2000-09-19,34.4,18.3,0.0,33.14911354593783
2000-09-20,36.7,22.8,0.0,38.657691714051126
2000-09-21,30.6,20.6,4.8,36.32746605479784
2000-09-22,36.7,24.4,0.0,38.99620826783118
2000-09-23,37.8,26.7,0.0,42.061673780284465
2000-09-24,32.8,15.0,10.2,38.17443465370449
2000-09-25,21.7,11.7,0.5,20.652777777777786
2000-09-26,24.4,9.4,0.0,23.527499999999993
2000-09-27,26.7,10.6,0.0,26.493611111111115
2000-09-28,29.4,12.2,0.0,27.224983142015567
2000-09-29,29.4,12.2,0.0,27.684918104495598
2000-09-30,31.1,13.9,0.0,29.099616077564477
2000-10-01,32.2,14.4,0.0,30.097442011117867
2000-10-02,34.4,18.3,0.0,33.3264943697156
2000-10-03,34.4,22.8,0.0,35.25822549561561
2000-10-04,34.4,21.7,0.0,34.31864240850442
2000-10-05,35.0,23.3,0.0,39.181918055555634
2000-10-06,27.2,15.6,0.0,35.616047560835526
2000-10-07,16.1,8.9,8.1,16.54194444444444
2000-10-08,9.4,6.1,7.4,9.111944444444443
2000-10-09,10.6,6.1,1.8,9.180555555555559
2000-10-10,14.4,8.3,0.3,13.262500000000001
2000-10-11,19.4,12.2,0.0,19.102777777777778
2000-10-12,27.8,16.7,0.0,27.8139038595378
2000-10-13,29.4,16.1,0.0,28.312649868817804
2000-10-14,27.8,17.2,0.0,28.030491895751087
2000-10-15,28.9,18.9,32.8,30.717955184364623
2000-10-16,30.6,18.3,18.3,31.887677555555513
2000-10-17,23.9,17.8,1.3,29.105816139857836
2000-10-18,26.1,16.7,0.0,25.665000000000003
2000-10-19,27.8,16.1,0.5,26.137777777777778
2000-10-20,26.7,17.2,0.0,27.962515993535547
2000-10-21,25.0,17.8,34.0,24.679166666666667
2000-10-22,26.1,20.0,36.8,25.97833333333333
2000-10-23,24.4,21.7,3.6,24.875000000000004
2000-10-24,26.7,20.6,1.3,26.39888888888889
2000-10-25,28.3,20.0,0.0,28.957169045315645
2000-10-26,27.8,20.0,2.3,28.030491895751087
2000-10-27,28.9,20.6,3.8,31.326208967884572
2000-10-28,26.7,21.1,1.0,25.939166666666658
2000-10-29,29.4,21.7,0.0,30.026780984595675
2000-10-30,28.3,21.1,0.0,29.47601872620456
2000-10-31,28.3,21.1,0.0,29.15886103361784
2000-11-01,27.2,19.4,0.0,27.835943809757786
2000-11-02,25.6,18.3,55.1,25.309166666666666
2000-11-03,21.1,17.8,50.8,20.963333333333328
2000-11-04,21.1,17.8,1.3,21.318611111111114
2000-11-05,25.6,15.6,24.1,24.613888888888894
2000-11-06,23.3,12.8,0.0,23.119444444444444
2000-11-07,13.3,8.3,16.3,19.063611111111115
2000-11-08,8.9,3.9,7.6,8.626111111111111
2000-11-09,17.2,0.6,0.0,16.189444444444444
2000-11-10,18.9,4.4,0.0,17.856388888888894
2000-11-11,17.8,11.7,0.0,17.18444444444444
2000-11-12,23.3,6.1,0.3,23.641666666666666
2000-11-13,12.8,4.4,0.0,11.49055555555556
2000-11-14,13.9,1.7,0.0,13.523611111111112
2000-11-15,12.8,3.3,3.0,11.278888888888893
2000-11-16,17.8,10.0,1.3,17.18444444444444
2000-11-17,10.6,5.6,0.8,11.960555555555556
2000-11-18,7.8,4.4,24.1,7.263333333333332
2000-11-19,15.0,2.8,0.0,13.81361111111111
2000-11-20,16.7,1.7,0.0,15.690000000000005
2000-11-21,15.6,1.7,0.0,15.151944444444446
2000-11-22,16.7,7.2,1.5,16.58111111111111
2000-11-23,21.1,13.3,13.2,21.357777777777788
2000-11-24,14.4,10.0,2.5,19.664166666666667
2000-11-25,17.8,7.2,0.0,16.818888888888885
2000-11-26,18.3,7.8,0.0,17.14527777777777
2000-11-27,22.8,5.0,0.0,21.53083333333333
2000-11-28,25.0,13.3,0.0,24.45722222222222
2000-11-29,19.4,10.6,0.0,22.29083333333332
2000-11-30,19.4,8.9,0.0,19.102777777777778
2000-12-01,19.4,8.3,0.0,18.85194444444444
2000-12-02,9.4,3.9,0.0,12.580277777777773
2000-12-03,5.0,3.3,1.5,5.28138888888889
2000-12-04,9.4,3.9,0.3,8.863888888888887
2000-12-05,11.7,8.3,0.0,10.688055555555552
2000-12-06,13.9,3.9,0.8,12.82833333333333
2000-12-07,16.7,-0.6,0.0,15.402777777777784
2000-12-08,18.3,3.3,0.0,17.30527777777778
2000-12-09,18.3,4.4,0.0,18.15666666666667
2000-12-10,20.6,11.7,0.0,20.04611111111111
2000-12-11,23.3,-0.6,0.3,22.855555555555565
2000-12-12,-0.6,-3.3,1.3,4.7825
2000-12-13,9.4,-2.2,13.5,7.865555555555556
2000-12-14,12.8,1.1,0.0,11.083055555555555
2000-12-15,12.8,7.8,0.3,10.411111111111108
2000-12-16,17.8,3.3,0.0,16.978888888888893
2000-12-17,11.1,-2.2,0.0,11.281666666666668
2000-12-18,15.6,3.3,0.0,14.799444444444443
2000-12-19,12.8,1.1,0.0,11.794166666666667
2000-12-20,18.9,1.7,0.0,17.72583333333333
2000-12-21,11.1,1.7,0.0,14.98222222222222
2000-12-22,10.6,-0.6,0.0,8.919444444444444
2000-12-23,12.2,7.2,0.0,11.882222222222225
2000-12-24,11.1,4.4,1.8,11.882222222222225
2000-12-25,7.2,4.4,38.6,6.85416666666667
2000-12-26,5.0,1.1,14.2,6.893333333333334
2000-12-27,5.6,0.0,0.0,4.1525
2000-12-28,13.9,0.0,0.0,13.17111111111111
2000-12-29,11.7,1.7,0.0,10.244166666666665
2000-12-30,10.6,-2.2,0.0,9.575555555555553
2000-12-31,6.1,1.7,0.5,7.264999999999999
2001-01-01,1.7,-0.6,0.0,1.0661111111111135
2001-01-02,3.3,-1.1,0.0,1.698888888888885
2001-01-03,11.7,0.0,0.0,10.218055555555555
2001-01-04,20.6,0.0,0.0,19.367222222222217
2001-01-05,22.2,1.1,0.0,20.587500000000002
2001-01-06,22.8,4.4,0.0,21.833888888888882
2001-01-07,16.7,8.3,0.8,18.920000000000005
2001-01-08,15.6,2.2,0.0,14.195555555555554
2001-01-09,16.1,1.1,0.0,14.82555555555555
2001-01-10,10.6,5.0,33.8,13.105833333333337
2001-01-11,17.8,4.4,0.0,17.37055555555556
2001-01-12,8.9,6.7,0.0,11.318055555555556
2001-01-13,11.1,6.7,3.8,10.988333333333332
2001-01-14,16.7,5.6,0.0,16.215555555555554
2001-01-15,12.8,3.3,0.0,12.303333333333335
2001-01-16,11.7,7.2,1.0,11.60805555555556
2001-01-17,7.2,3.9,7.4,7.523333333333334
2001-01-18,3.9,2.8,5.1,3.861944444444446
2001-01-19,10.6,2.8,0.3,9.693055555555553
2001-01-20,10.6,-2.8,0.0,9.784444444444441
2001-01-21,11.7,1.1,0.0,10.387777777777774
2001-01-22,13.9,0.6,0.0,12.580277777777773
2001-01-23,14.4,1.7,0.0,13.891944444444443
2001-01-24,19.4,7.8,0.0,17.422777777777778
2001-01-25,16.1,7.2,0.0,15.585555555555556
2001-01-26,20.6,11.7,0.0,20.454166666666666
2001-01-27,16.7,8.9,4.1,18.78666666666667
2001-01-28,21.1,7.2,5.3,20.715277777777775
2001-01-29,18.3,6.7,7.6,20.715277777777775
2001-01-30,20.0,5.6,0.0,19.393333333333334
2001-01-31,15.0,6.1,0.0,17.122500000000006
2001-02-01,12.8,5.6,0.0,12.029166666666669
2001-02-02,12.2,3.3,0.0,11.320833333333333
2001-02-03,17.2,0.0,0.0,16.61
2001-02-04,18.3,3.9,0.0,17.25305555555556
2001-02-05,20.0,5.6,0.0,18.776388888888896
2001-02-06,23.9,10.6,0.0,23.801666666666662
2001-02-07,21.1,14.4,0.0,21.53083333333333
2001-02-08,21.7,19.4,0.0,21.831111111111106
2001-02-09,21.7,3.3,4.6,21.87027777777778
2001-02-10,7.2,-1.7,0.0,9.758333333333333
2001-02-11,10.6,5.0,1.0,10.084722222222224
2001-02-12,13.3,7.2,0.3,12.051944444444445
2001-02-13,21.1,12.2,0.5,21.357777777777788
2001-02-14,24.4,18.9,0.0,24.02361111111111
2001-02-15,22.2,9.4,2.0,22.894722222222228
2001-02-16,15.6,4.4,21.3,22.43444444444443
2001-02-17,11.1,0.0,0.0,9.784444444444441
2001-02-18,15.6,0.6,0.0,14.378333333333334
2001-02-19,22.2,7.2,0.0,20.87472222222222
2001-02-20,24.4,15.6,0.0,22.829444444444455
2001-02-21,24.4,12.8,0.0,24.049722222222226
2001-02-22,12.8,8.9,0.0,22.920833333333334
2001-02-23,20.6,10.6,3.0,19.126111111111108
2001-02-24,25.6,12.8,0.0,24.48333333333333
2001-02-25,23.9,10.0,0.0,23.410000000000004
2001-02-26,21.1,13.3,0.0,21.100000000000005
2001-02-27,23.9,13.3,1.8,23.524166666666662
2001-02-28,13.3,3.3,1.3,23.45888888888889
2001-03-01,8.3,2.8,10.4,6.801944444444447
2001-03-02,13.3,8.3,4.8,12.97194444444444
2001-03-03,12.2,5.0,19.1,11.435555555555558
2001-03-04,20.0,5.6,0.0,18.985277777777778
2001-03-05,22.2,7.2,0.0,21.781666666666663
2001-03-06,20.0,6.1,0.0,18.972222222222225
2001-03-07,21.7,6.1,0.0,20.84861111111111
2001-03-08,16.1,9.4,3.8,20.323611111111106
2001-03-09,18.3,6.7,0.0,17.240000000000006
2001-03-10,18.9,5.6,0.0,18.695277777777775
2001-03-11,20.6,15.0,1.0,20.24194444444444
2001-03-12,25.6,11.7,22.4,24.59111111111112
2001-03-13,20.6,7.2,0.0,23.436111111111114
2001-03-14,17.2,12.8,15.0,19.168055555555554
2001-03-15,21.1,10.6,0.0,20.443888888888893
2001-03-16,17.2,5.0,0.0,19.288888888888888
2001-03-17,11.1,8.3,0.0,13.748333333333333
2001-03-18,8.9,6.1,11.9,9.350277777777778
2001-03-19,14.4,6.1,0.0,13.748333333333333
2001-03-20,20.0,4.4,0.0,18.880833333333335
2001-03-21,24.4,5.0,0.0,24.130833333333335
2001-03-22,25.6,9.4,0.0,25.39083333333333
2001-03-23,25.0,14.4,0.0,24.35277777777778
2001-03-24,18.9,8.3,3.8,23.236944444444443
2001-03-25,16.7,8.3,0.0,15.637777777777778
2001-03-26,14.4,7.8,0.0,13.931111111111111
2001-03-27,10.6,6.1,41.1,12.71083333333333
2001-03-28,10.0,6.1,1.0,9.689722222222224
2001-03-29,17.8,8.9,0.5,16.936388888888885
2001-03-30,15.0,7.2,5.1,14.756944444444445
2001-03-31,23.9,7.2,0.0,23.276111111111106
2001-04-01,24.4,11.7,0.0,23.328333333333326
2001-04-02,24.4,18.3,0.0,24.64
2001-04-03,26.1,21.1,0.0,26.43805555555556
2001-04-04,25.6,21.7,0.0,25.939166666666658
2001-04-05,27.2,21.7,0.3,28.15824500283553
2001-04-06,27.2,21.1,0.0,27.71250268391774
2001-04-07,26.1,19.4,0.0,26.307500000000005
2001-04-08,28.9,21.1,0.0,29.47601872620456
2001-04-09,28.3,20.6,0.0,30.026780984595675
2001-04-10,28.3,21.7,0.0,28.751274357351114
2001-04-11,26.7,14.4,0.3,27.25004875993561
2001-04-12,25.6,14.4,0.3,24.679166666666667
2001-04-13,26.7,16.1,0.0,26.503333333333345
2001-04-14,29.4,21.7,0.0,32.25745578348452
2001-04-15,32.2,20.6,0.0,36.100147751724435
2001-04-16,28.9,19.4,0.0,32.62913009207105
2001-04-17,22.8,7.8,2.8,28.92591493923561
2001-04-18,20.6,10.0,0.0,20.34972222222222
2001-04-19,23.9,12.2,0.0,23.485
2001-04-20,25.6,20.0,0.0,25.873888888888885
2001-04-21,28.9,20.0,0.0,29.66075088801562
2001-04-22,27.8,21.1,0.0,28.499177144657796
2001-04-23,22.8,16.7,8.6,25.834722222222222
2001-04-24,23.3,12.8,0.5,22.910555555555558
2001-04-25,25.6,8.9,0.0,24.669444444444444
2001-04-26,26.7,11.1,0.0,26.42833333333333
2001-04-27,26.7,11.1,0.0,26.506666666666668
2001-04-28,26.7,12.2,0.0,26.506666666666668
2001-04-29,27.8,12.2,0.0,26.637222222222224
2001-04-30,27.8,18.3,0.0,27.676087608817763
2001-05-01,29.4,19.4,0.0,29.300882540051173
2001-05-02,31.1,20.0,0.0,29.930825938151138
2001-05-03,30.0,21.1,0.0,29.930825938151138
2001-05-04,28.3,17.2,11.4,28.499177144657796
2001-05-05,28.9,16.1,10.7,30.549454376151076
2001-05-06,31.1,17.2,41.1,33.34978949943118
2001-05-07,29.4,16.7,0.0,30.28317007140459
2001-05-08,28.3,18.3,3.6,29.47601872620456
2001-05-09,28.9,15.6,0.0,29.10017681673787
2001-05-10,29.4,17.2,0.0,29.300882540051173
2001-05-11,30.6,19.4,0.0,30.052721355555555
2001-05-12,28.3,18.9,0.5,29.10017681673787
2001-05-13,29.4,17.2,0.0,29.65017504153784
2001-05-14,30.0,18.3,0.0,29.682065621315626
2001-05-15,30.0,17.8,0.0,30.194046724604465
2001-05-16,32.8,20.6,0.0,35.24517878083567
2001-05-17,32.2,21.7,0.0,35.24517878083567
2001-05-18,32.8,21.1,0.0,35.781684200924495
2001-05-19,28.3,21.7,0.0,33.6296077330646
2001-05-20,32.8,20.0,0.0,37.235683568124536
2001-05-21,29.4,17.2,0.0,35.31575843611568
2001-05-22,28.3,12.2,0.0,26.754968918595594
2001-05-23,32.2,12.2,0.0,30.43976250705777
2001-05-24,32.2,18.3,8.4,33.820934725784504
2001-05-25,28.9,17.8,0.8,32.02327019841567
2001-05-26,28.9,18.3,3.8,30.026780984595675
2001-05-27,33.9,21.1,0.0,37.20667336761786
2001-05-28,32.2,23.9,0.0,34.28580817393564
2001-05-29,32.8,22.8,0.0,34.73444154748442
2001-05-30,33.3,23.9,0.0,37.20667336761786
2001-05-31,33.3,19.4,2.8,34.97482682251561
2001-06-01,32.8,20.6,0.0,35.889603247484416
2001-06-02,35.0,21.1,0.0,37.84634757387565
2001-06-03,34.4,24.4,0.0,36.98420724259553
2001-06-04,34.4,23.9,0.0,37.21448419023117
2001-06-05,31.1,22.8,0.0,33.85445181291555
2001-06-06,33.9,21.7,0.0,34.48873600083557
2001-06-07,31.7,22.8,0.0,32.53139821281776
2001-06-08,28.9,22.2,5.1,31.887677555555513
2001-06-09,31.7,22.8,0.8,33.19595416537561
2001-06-10,32.2,21.1,0.0,34.48873600083557
2001-06-11,35.6,20.0,0.0,36.92080481111116
2001-06-12,36.7,22.8,0.0,41.78131395451558
2001-06-13,36.1,25.6,0.0,41.65121022441559
2001-06-14,35.6,26.1,0.0,41.07169827777786
2001-06-15,32.2,18.9,2.5,37.67863462375107
2001-06-16,34.4,21.7,0.0,36.40425372780442
2001-06-17,35.0,22.8,0.0,35.09003579559113
2001-06-18,33.9,21.1,0.0,33.61686139803551
2001-06-19,34.4,19.4,0.0,33.3264943697156
2001-06-20,34.4,21.1,0.0,33.3264943697156
2001-06-21,36.7,22.2,5.6,37.11799434521783
2001-06-22,32.2,21.1,2.0,34.28580817393564
2001-06-23,32.8,21.1,5.6,34.48873600083557
2001-06-24,33.3,21.1,0.0,34.73444154748442
2001-06-25,33.3,22.2,0.0,33.356838967857776
2001-06-26,35.0,22.8,0.0,36.40425372780442
2001-06-27,35.6,23.9,0.0,35.5804232555556
2001-06-28,35.6,22.8,0.0,36.558321442275684
2001-06-29,36.1,23.9,0.0,38.15792965555557
2001-06-30,35.6,23.9,0.0,36.8336682331378
2001-07-01,30.0,21.7,7.6,34.492084111084516
2001-07-02,33.9,21.7,1.0,34.59215684108437
2001-07-03,33.9,20.6,0.0,34.59215684108437
2001-07-04,35.0,20.6,0.0,36.32746605479784
2001-07-05,36.7,23.3,0.0,38.011235686504506
2001-07-06,36.7,23.3,0.0,38.011235686504506
2001-07-07,36.7,23.3,0.0,37.11799434521783
2001-07-08,36.1,22.8,0.0,37.71805098215121
2001-07-09,37.2,23.3,0.0,39.12359551698453
2001-07-10,37.8,23.3,0.0,38.78692140841783
2001-07-11,37.2,22.8,0.0,38.78692140841783
2001-07-12,37.8,23.3,0.0,39.03357521153779
2001-07-13,38.3,23.9,0.0,40.13635133153782
2001-07-14,38.3,24.4,0.0,40.19811777359115
2001-07-15,38.3,25.0,0.0,39.09841437255115
2001-07-16,37.8,25.0,0.0,40.457938586435525
2001-07-17,37.8,25.0,0.0,41.24134715060444
2001-07-18,37.8,24.4,0.0,40.57779183609559
2001-07-19,37.8,25.6,0.0,40.08503163468442
2001-07-20,38.9,25.0,0.0,39.829193699571064
2001-07-21,39.4,23.9,0.0,39.37284994723556
2001-07-22,39.4,22.8,0.0,39.621159165037845
2001-07-23,38.9,23.9,0.0,41.0865594767378
2001-07-24,37.8,25.6,0.0,39.43263444819561
2001-07-25,37.8,25.0,0.0,38.99620826783118
2001-07-26,38.3,25.6,0.0,39.829193699571064
2001-07-27,37.8,25.6,0.0,40.457938586435525
2001-07-28,38.9,26.1,0.0,41.28011848668453
2001-07-29,38.3,25.0,0.0,41.28011848668453
2001-07-30,38.3,25.0,0.0,40.50584813923555
2001-07-31,38.3,25.0,0.0,40.13635133153782
2001-08-01,37.8,24.4,0.0,39.03357521153779
2001-08-02,35.6,25.0,0.0,37.67863462375107
2001-08-03,36.7,22.8,0.0,37.405549098975634
2001-08-04,37.2,23.3,0.0,37.26480069285115
2001-08-05,39.4,22.8,0.0,47.12396612299557
2001-08-06,38.9,23.9,0.0,46.3793675115912
2001-08-07,36.7,24.4,0.0,37.70329621273782
2001-08-08,38.3,24.4,0.0,40.457938586435525
2001-08-09,38.9,24.4,0.0,40.50584813923555
2001-08-10,38.3,25.0,0.0,42.10142447687114
2001-08-11,38.9,25.0,0.0,41.23738470599116
2001-08-12,38.9,25.0,0.0,51.284398887704455
2001-08-13,38.9,25.0,0.0,46.49180360073784
2001-08-14,34.4,24.4,0.8,41.78131395451558
2001-08-15,38.9,23.3,0.0,52.61433988779548
2001-08-16,38.3,25.6,0.0,40.08503163468442
2001-08-17,39.4,25.0,0.0,38.70551121452447
2001-08-18,40.6,24.4,0.0,40.01842425555557
2001-08-19,36.1,23.3,3.8,37.60369765459558
2001-08-20,37.8,23.9,0.0,39.09841437255115
2001-08-21,38.3,23.3,0.0,38.145823156737805
2001-08-22,38.3,25.0,0.0,40.13635133153782
2001-08-23,37.8,25.0,0.0,39.77861343452447
2001-08-24,37.2,23.3,0.0,37.841399013624454
2001-08-25,38.3,25.6,0.0,40.7030049336245
2001-08-26,38.9,20.6,90.2,39.70381845540449
2001-08-27,32.2,21.7,43.7,34.32017456463127
2001-08-28,30.6,22.8,1.5,35.21891191607106
2001-08-29,24.4,22.2,18.3,26.43805555555556
2001-08-30,23.9,21.7,52.1,24.37611111111111
2001-08-31,28.3,22.2,30.5,30.084231424035554
2001-09-01,31.1,22.8,3.8,34.24562740051562
2001-09-02,33.9,23.3,0.0,37.51950270193562
2001-09-03,35.0,20.6,11.4,40.2929255059178
2001-09-04,30.0,20.6,0.0,35.24517878083567
2001-09-05,27.2,22.2,12.7,26.00444444444444
2001-09-06,32.8,21.1,0.0,36.343957807751195
2001-09-07,33.9,24.4,0.0,38.17443465370449
2001-09-08,33.3,25.6,0.0,38.18538774865792
2001-09-09,29.4,20.0,2.0,35.31575843611568
2001-09-10,28.3,21.7,0.0,30.026780984595675
2001-09-11,30.6,21.7,0.0,31.96842908860448
2001-09-12,31.1,17.8,0.0,31.126955483004483
2001-09-13,32.8,19.4,0.0,34.48873600083557
2001-09-14,33.3,21.7,0.0,35.616047560835526
2001-09-15,31.7,21.7,0.0,32.78368005370444
2001-09-16,31.1,22.8,0.0,31.229195675431228
2001-09-17,31.7,21.1,0.0,33.78802762316448
2001-09-18,32.8,21.7,0.0,35.24517878083567
2001-09-19,33.9,25.0,0.0,37.67863462375107
2001-09-20,35.0,24.4,0.0,38.9300934206755
2001-09-21,31.1,21.1,0.8,35.286900788051064
2001-09-22,28.9,20.6,12.7,30.967434366904588
2001-09-23,31.7,18.9,0.0,32.53139821281776
2001-09-24,25.6,17.8,0.0,30.194046724604465
2001-09-25,25.0,13.9,0.0,24.209166666666672
2001-09-26,25.0,10.6,0.0,24.734722222222228
2001-09-27,26.7,10.0,0.0,25.981111111111122
2001-09-28,27.8,11.7,0.0,27.198133401617845
2001-09-29,28.9,12.2,0.0,27.4763316527378
2001-09-30,25.6,15.0,0.0,25.377777777777776
2001-10-01,27.2,13.9,0.0,26.558888888888895
2001-10-02,27.8,12.2,0.0,27.065915636284476
2001-10-03,27.8,16.1,0.0,28.181459693315517
2001-10-04,30.0,20.6,0.0,31.229195675431228
2001-10-05,28.9,13.9,0.0,30.28317007140459
2001-10-06,20.6,11.7,0.0,20.323611111111106
2001-10-07,23.9,9.4,0.0,23.080277777777777
2001-10-08,25.6,16.7,0.0,25.76944444444444
2001-10-09,29.4,21.1,0.0,32.25745578348452
2001-10-10,29.4,23.3,1.5,32.25745578348452
2001-10-11,26.7,15.6,28.7,28.292644831457842
2001-10-12,27.2,15.0,25.4,29.480561546195574
2001-10-13,22.2,10.6,6.9,29.24256325473562
2001-10-14,27.2,10.0,0.0,26.467500000000005
2001-10-15,27.2,12.2,0.0,27.8139038595378
2001-10-16,20.0,8.3,0.0,25.665000000000003
2001-10-17,22.2,5.0,0.0,21.833888888888882
2001-10-18,25.0,10.6,0.0,24.956666666666663
2001-10-19,26.7,14.4,0.0,26.1638888888889
2001-10-20,26.7,14.4,0.0,27.47501360605107
2001-10-21,27.2,15.6,0.0,27.884784716924493
2001-10-22,28.9,20.6,0.0,31.258456716495616
2001-10-23,29.4,22.8,0.0,31.326208967884572
2001-10-24,33.3,18.3,0.0,33.267316841991125
2001-10-25,25.6,12.8,0.0,25.33861111111111
2001-10-26,24.4,12.8,0.0,23.553611111111113
2001-10-27,24.4,12.8,0.0,23.42305555555555
2001-10-28,24.4,10.6,0.0,24.17
2001-10-29,23.9,8.9,0.0,23.119444444444444
2001-10-30,23.3,10.6,0.0,22.633611111111115
2001-10-31,25.0,11.7,0.0,24.48333333333333
2001-11-01,28.3,18.3,0.0,28.577176604924507
2001-11-02,28.9,19.4,0.0,29.66075088801562
2001-11-03,28.3,15.6,0.0,28.146045184835597
2001-11-04,27.2,15.0,0.0,27.35456218899553
2001-11-05,26.1,12.8,0.0,25.325555555555557
2001-11-06,26.1,11.1,0.0,25.36472222222222
2001-11-07,25.6,10.0,0.0,25.495277777777776
2001-11-08,27.2,15.0,5.3,28.181459693315517
2001-11-09,19.4,12.8,0.8,24.48333333333333
2001-11-10,25.0,11.1,0.0,24.45722222222222
2001-11-11,25.0,16.7,0.0,24.43111111111111
2001-11-12,25.0,17.2,1.5,23.419722222222216
2001-11-13,25.6,17.8,0.0,24.5225
2001-11-14,23.9,17.2,1.8,24.049722222222226
2001-11-15,20.0,16.1,191.8,20.33333333333333
2001-11-16,19.4,16.7,0.3,19.494444444444447
2001-11-17,22.2,16.1,0.8,22.29083333333332
2001-11-18,23.9,17.2,0.0,23.984444444444442
2001-11-19,19.4,8.9,2.8,21.831111111111106
2001-11-20,16.1,3.9,0.0,14.747222222222225
2001-11-21,16.1,3.3,0.0,13.761388888888888
2001-11-22,22.2,9.4,0.0,22.19944444444444
2001-11-23,26.7,16.1,0.0,27.592192616015534
2001-11-24,22.8,8.9,0.0,22.855555555555565
2001-11-25,24.4,6.1,0.0,23.48833333333333
2001-11-26,27.2,16.7,0.0,26.2813888888889
2001-11-27,17.8,2.8,0.0,22.999166666666675
2001-11-28,3.3,-0.6,48.5,5.176944444444448
2001-11-29,11.1,-1.1,0.5,10.283333333333328
2001-11-30,20.6,0.6,0.0,19.03750000000001
2001-12-01,21.7,6.1,1.3,20.571666666666665
2001-12-02,16.1,13.9,13.2,17.762222222222228
2001-12-03,18.9,13.3,0.3,19.126111111111108
2001-12-04,23.9,17.8,0.5,23.6025
2001-12-05,25.6,20.0,0.5,24.64
2001-12-06,25.0,17.8,0.0,24.57472222222222
2001-12-07,23.9,17.8,0.0,23.524166666666662
2001-12-08,20.0,7.2,35.1,21.948611111111106
2001-12-09,12.8,2.8,0.0,11.872499999999999
2001-12-10,16.1,0.0,0.0,14.82555555555555
2001-12-11,13.3,6.7,15.5,11.37305555555556
2001-12-12,20.6,11.7,0.0,20.793611111111105
2001-12-13,13.3,3.9,7.1,17.106111111111108
2001-12-14,17.8,1.7,0.0,16.54472222222222
2001-12-15,18.3,8.9,35.3,15.713333333333331
2001-12-16,22.2,13.3,7.9,22.564999999999994
2001-12-17,18.3,5.6,0.0,17.712777777777774
2001-12-18,19.4,2.8,0.0,18.49944444444445
2001-12-19,16.7,3.9,0.0,15.441944444444447
2001-12-20,16.7,0.6,0.0,15.389722222222227
2001-12-21,20.6,3.3,0.0,18.656111111111105
2001-12-22,23.3,11.7,0.0,22.803333333333335
2001-12-23,14.4,5.0,0.0,18.434166666666666
2001-12-24,11.1,0.0,0.0,10.178888888888887
2001-12-25,11.7,1.7,0.8,10.821944444444446
2001-12-26,13.3,2.2,0.0,12.384444444444442
2001-12-27,17.8,1.7,0.0,17.25305555555556
2001-12-28,17.2,6.1,0.0,16.58388888888889
2001-12-29,12.2,3.3,0.0,13.761388888888888
2001-12-30,9.4,0.6,0.0,8.550555555555558
2001-12-31,6.7,0.0,0.0,5.819999999999999
2002-01-01,5.0,0.6,0.0,4.021944444444444
2002-01-02,7.2,-1.1,0.0,6.083888888888893
2002-01-03,7.8,-3.3,0.0,6.162222222222222
2002-01-04,10.6,-2.2,0.5,10.084722222222224
2002-01-05,11.7,6.7,36.6,11.566111111111113
2002-01-06,17.2,3.3,0.0,16.058888888888887
2002-01-07,15.6,2.2,0.0,14.24777777777778
2002-01-08,20.0,1.7,0.0,19.64138888888889
2002-01-09,23.3,10.0,0.0,22.65972222222223
2002-01-10,20.6,11.7,0.0,20.636944444444445
2002-01-11,16.1,7.8,0.0,16.346111111111114
2002-01-12,18.9,3.9,0.0,17.63444444444444
2002-01-13,20.6,0.0,0.0,20.075555555555553
2002-01-14,18.3,3.3,0.0,17.595277777777774
2002-01-15,20.0,-0.6,0.0,18.763333333333335
2002-01-16,22.2,7.8,0.0,21.72666666666667
2002-01-17,16.7,10.0,0.3,19.455277777777773
2002-01-18,11.1,6.7,0.0,12.893611111111111
2002-01-19,15.0,2.8,0.0,13.591666666666669
2002-01-20,16.1,1.1,0.0,15.742222222222226
2002-01-21,22.8,6.1,0.0,21.165277777777774
2002-01-22,20.6,12.8,0.5,13.298333333333332
2002-01-23,26.1,19.4,0.0,25.74333333333333
2002-01-24,21.7,6.1,0.3,24.049722222222226
2002-01-25,16.7,2.2,0.0,15.167777777777783
2002-01-26,16.7,1.1,0.0,15.298333333333337
2002-01-27,22.8,5.0,0.0,22.411666666666672
2002-01-28,23.9,12.2,0.0,23.958333333333332
2002-01-29,27.2,20.0,0.0,27.360965654024444
2002-01-30,23.9,19.4,0.0,24.049722222222226
2002-01-31,22.2,6.1,4.8,23.485
2002-02-01,11.1,2.8,0.0,13.06666666666667
2002-02-02,11.7,0.0,0.0,10.769722222222226
2002-02-03,13.3,5.6,0.0,12.554166666666665
2002-02-04,11.1,8.3,0.3,11.529722222222224
2002-02-05,8.3,4.4,16.5,9.454722222222223
2002-02-06,10.6,1.7,0.0,9.836666666666668
2002-02-07,17.2,-1.1,0.0,16.032777777777774
2002-02-08,18.9,0.6,0.0,17.830277777777773
2002-02-09,22.2,7.8,0.0,15.585555555555556
2002-02-10,12.2,4.4,0.0,11.242500000000003
2002-02-11,14.4,0.6,0.0,12.936111111111112
2002-02-12,18.9,0.6,0.0,18.173055555555557
2002-02-13,18.3,3.3,0.0,17.13555555555556
2002-02-14,20.0,3.3,0.0,18.828611111111115
2002-02-15,20.6,7.2,0.0,18.86777777777778
2002-02-16,18.9,3.9,0.0,17.516944444444448
2002-02-17,19.4,3.3,0.0,18.173055555555557
2002-02-18,22.2,9.4,0.0,22.05583333333332
2002-02-19,26.1,8.3,0.0,25.181944444444436
2002-02-20,25.0,8.9,0.0,24.525833333333335
2002-02-21,25.6,11.1,0.0,23.39694444444444
2002-02-22,18.9,5.6,0.0,17.49083333333333
2002-02-23,22.8,2.2,0.0,22.241944444444453
2002-02-24,25.6,6.7,0.0,24.682499999999997
2002-02-25,21.7,6.1,0.0,22.503055555555562
2002-02-26,7.2,-1.1,0.0,18.316666666666666
2002-02-27,10.6,-3.9,0.0,8.736666666666666
2002-02-28,13.9,-1.1,0.0,11.99
2002-03-01,14.4,7.8,1.8,14.414166666666663
2002-03-02,13.9,-1.7,0.8,14.453333333333338
2002-03-03,7.8,-4.4,0.0,5.297777777777778
2002-03-04,15.0,-4.4,0.0,13.960555555555558
2002-03-05,18.9,-0.6,0.0,17.67361111111111
2002-03-06,23.9,10.0,0.0,23.119444444444444
2002-03-07,23.3,15.6,0.0,23.223888888888887
2002-03-08,22.8,16.7,0.0,22.685833333333335
2002-03-09,21.1,7.8,0.3,22.920833333333334
2002-03-10,14.4,4.4,0.8,12.253888888888886
2002-03-11,17.2,8.3,0.3,15.99027777777778
2002-03-12,25.6,10.6,0.0,24.499722222222225
2002-03-13,29.4,7.2,0.0,27.510452641597837
2002-03-14,29.4,16.1,0.0,29.41421488587567
2002-03-15,26.1,12.2,0.0,25.43
2002-03-16,17.2,10.6,0.0,19.602222222222217
2002-03-17,19.4,15.6,0.5,19.429166666666664
2002-03-18,25.6,17.2,0.0,25.71722222222222
2002-03-19,23.3,15.6,19.8,24.54861111111111
2002-03-20,17.2,11.1,0.3,23.064444444444447
2002-03-21,22.8,7.2,0.0,21.690277777777773
2002-03-22,14.4,1.7,0.0,18.75027777777778
2002-03-23,22.2,2.2,0.0,20.796388888888895
2002-03-24,26.7,15.6,0.0,24.982777777777773
2002-03-25,20.0,8.9,0.8,23.879999999999995
2002-03-26,18.3,3.9,0.0,17.174722222222226
2002-03-27,22.2,6.1,0.0,21.781666666666663
2002-03-28,28.3,11.7,0.0,28.39887615283563
2002-03-29,25.6,19.4,0.0,27.8139038595378
2002-03-30,28.3,15.6,6.4,27.360965654024444
2002-03-31,21.7,12.2,0.0,26.36305555555556
2002-04-01,27.2,9.4,0.0,26.95966309799115
2002-04-02,30.0,16.1,0.0,28.78069813099559
2002-04-03,17.2,12.2,0.0,27.35456218899553
2002-04-04,17.8,12.2,0.0,16.531666666666663
2002-04-05,20.0,13.3,0.0,18.972222222222225
2002-04-06,17.8,12.2,2.0,18.972222222222225
2002-04-07,23.3,15.0,10.9,23.025277777777784
2002-04-08,30.6,14.4,1.3,29.300882540051173
2002-04-09,25.0,13.9,0.0,27.684918104495598
2002-04-10,25.0,12.8,0.0,24.405
2002-04-11,28.3,16.1,0.0,27.416236963591118
2002-04-12,28.9,18.9,0.0,29.31698503179564
2002-04-13,28.3,17.8,0.0,28.76327423575113
2002-04-14,27.2,19.4,0.0,27.25004875993561
2002-04-15,29.4,20.6,0.0,30.6159912848178
2002-04-16,30.6,21.1,1.3,31.557488575164523
2002-04-17,30.6,22.2,0.0,32.930913029315576
2002-04-18,30.6,21.7,0.0,31.887677555555513
2002-04-19,29.4,21.7,0.0,30.915363245315625
2002-04-20,30.6,21.7,0.0,30.331079793937747
2002-04-21,28.9,21.1,0.8,28.33768810961774
2002-04-22,30.0,18.9,0.3,29.66075088801562
2002-04-23,30.6,21.1,0.0,31.539548077777795
2002-04-24,32.2,20.6,0.0,33.820934725784504
2002-04-25,28.3,17.2,2.5,31.887677555555513
2002-04-26,30.6,19.4,0.3,31.229195675431228
2002-04-27,31.7,22.2,0.0,33.34978949943118
2002-04-28,33.9,23.3,0.0,37.84634757387565
2002-04-29,33.9,21.1,0.0,38.17443465370449
2002-04-30,33.3,21.1,0.0,35.22748101695786
2002-05-01,35.0,22.2,0.0,36.3571822555555
2002-05-02,30.0,21.1,0.0,35.616047560835526
2002-05-03,28.9,18.3,0.0,29.31698503179564
2002-05-04,31.1,18.9,0.0,34.24562740051562
2002-05-05,33.3,23.3,0.0,34.28580817393564
2002-05-06,33.3,23.9,0.0,33.89808742945776
2002-05-07,32.8,23.9,0.0,34.7744635280245
2002-05-08,33.3,23.9,0.0,35.09003579559113
2002-05-09,33.9,23.9,0.0,35.616047560835526
2002-05-10,33.9,23.9,0.0,34.261995594095616
2002-05-11,33.3,24.4,0.0,34.261995594095616
2002-05-12,33.3,23.9,0.0,34.48873600083557
2002-05-13,27.2,13.9,2.0,32.15124504993779
2002-05-14,27.2,14.4,0.0,26.467500000000005
2002-05-15,30.6,15.6,0.0,29.576440311111114
2002-05-16,34.4,22.2,0.0,35.77663859119783
2002-05-17,33.9,19.4,0.0,32.35669658323555
2002-05-18,27.2,16.1,0.0,26.389166666666668
2002-05-19,26.1,12.8,0.0,24.551944444444445
2002-05-20,27.8,12.8,0.0,26.323888888888895
2002-05-21,29.4,13.9,0.0,28.03957093897562
2002-05-22,31.7,16.7,0.0,30.316243944444384
2002-05-23,32.2,21.1,0.0,31.689232329591157
2002-05-24,27.8,20.6,0.3,29.336038526595594
2002-05-25,33.9,20.6,0.0,34.261995594095616
2002-05-26,33.9,18.9,0.8,34.31864240850442
2002-05-27,33.9,20.6,3.3,32.88196913043552
2002-05-28,31.1,17.8,25.4,31.285569377315557
2002-05-29,29.4,21.1,0.0,30.717955184364623
2002-05-30,35.6,18.3,0.0,34.427815724817805
2002-05-31,31.7,20.0,0.0,32.56727818179556
2002-06-01,33.3,19.4,0.0,32.69984507868445
2002-06-02,33.3,20.0,0.0,33.680797364284345
2002-06-03,34.4,22.8,0.0,35.34735951507558
2002-06-04,35.0,24.4,0.0,36.127153572515546
2002-06-05,35.0,23.3,0.0,35.34735951507558
2002-06-06,33.9,23.9,0.0,35.25822549561561
2002-06-07,35.6,23.3,5.1,37.21635105555562
2002-06-08,36.1,22.8,0.0,26.503333333333345
2002-06-09,35.6,23.9,2.5,37.05415802092446
2002-06-10,36.1,25.0,0.0,38.356258128515606
2002-06-11,36.7,24.4,0.0,38.657691714051126
2002-06-12,36.1,24.4,0.0,37.598498363004396
2002-06-13,35.6,22.8,0.0,36.92080481111116
2002-06-14,36.1,23.3,0.0,37.71805098215121
2002-06-15,31.7,22.8,0.0,33.82438423757118
2002-06-16,30.6,18.9,35.6,31.126955483004483
2002-06-17,32.8,19.4,0.0,31.576198403235576
2002-06-18,32.8,18.9,0.0,32.69984507868445
2002-06-19,36.1,21.7,0.0,36.089105944444455
2002-06-20,35.0,23.9,1.8,34.73444154748442
2002-06-21,34.4,23.9,0.0,34.87041881713777
2002-06-22,34.4,22.8,0.0,34.97482682251561
2002-06-23,36.1,18.3,0.0,32.041680898524405
2002-06-24,35.6,19.4,0.0,34.672937611111166
2002-06-25,35.6,21.7,0.5,36.29269838081786
2002-06-26,36.1,20.0,16.0,37.83491347777776
2002-06-27,33.3,19.4,0.0,35.513380247404434
2002-06-28,33.9,22.2,0.0,35.24517878083567
2002-06-29,27.2,22.2,12.7,29.385531600924462
2002-06-30,28.3,21.7,69.1,32.69051061163565
2002-07-01,25.0,21.1,34.0,24.91416666666667
2002-07-02,24.4,20.6,55.1,24.757500000000004
2002-07-03,32.2,22.2,7.6,33.379843183571246
2002-07-04,32.8,24.4,1.8,35.616047560835526
2002-07-05,31.1,22.8,4.8,35.21891191607106
2002-07-06,33.3,22.8,0.0,37.67863462375107
2002-07-07,33.9,23.3,0.0,38.17443465370449
2002-07-08,35.6,23.3,0.0,40.288316255555614
2002-07-09,33.3,22.2,8.1,36.91070788641558
2002-07-10,32.2,22.8,0.0,34.32017456463127
2002-07-11,35.0,22.2,0.0,36.98420724259553
2002-07-12,35.0,23.3,0.0,38.49010247777784
2002-07-13,31.7,23.3,0.0,36.60358037643559
2002-07-14,30.0,22.8,0.0,32.50994487721565
2002-07-15,28.3,22.2,0.8,29.926185775235595
2002-07-16,28.3,22.8,2.5,31.188054025724526
2002-07-17,28.3,22.8,10.4,31.463819212035617
2002-07-18,32.8,23.9,0.3,37.235683568124536
2002-07-19,32.8,24.4,0.0,37.05415802092446
2002-07-20,33.3,23.9,0.0,37.67863462375107
2002-07-21,33.3,23.9,0.0,37.51950270193562
2002-07-22,33.9,23.9,0.0,38.17443465370449
2002-07-23,35.0,23.3,0.0,37.84634757387565
2002-07-24,35.6,23.3,0.0,40.12194125900458
2002-07-25,35.6,23.3,0.0,41.298035890151304
2002-07-26,34.4,24.4,0.0,38.85491958937559
2002-07-27,33.9,24.4,0.0,38.17443465370449
2002-07-28,35.0,25.0,0.0,37.84634757387565
2002-07-29,34.4,25.6,0.0,38.85491958937559
2002-07-30,34.4,25.6,0.0,37.21448419023117
2002-07-31,35.0,25.0,0.0,38.17443465370449
2002-08-01,34.4,23.3,0.0,37.84634757387565
2002-08-02,35.6,23.9,0.0,37.598498363004396
2002-08-03,36.7,22.8,11.7,38.356258128515606
2002-08-04,35.0,22.2,0.0,37.598498363004396
2002-08-05,34.4,22.8,0.0,35.616047560835526
2002-08-06,35.6,22.8,0.0,37.83491347777776
2002-08-07,36.7,23.9,1.0,45.014286286151076
2002-08-08,33.9,23.9,2.8,38.33124403731548
2002-08-09,33.9,23.9,0.0,37.67863462375107
2002-08-10,33.3,23.3,43.9,39.36290717779544
2002-08-11,33.3,22.2,0.0,37.67863462375107
2002-08-12,34.4,23.9,0.0,42.0162832662044
2002-08-13,35.0,24.4,0.0,39.181918055555634
2002-08-14,34.4,24.4,0.0,37.21448419023117
2002-08-15,33.9,23.3,0.0,38.846038964051104
2002-08-16,34.4,23.3,0.0,37.91852052531555
2002-08-17,35.0,25.6,0.0,38.58431805415117
2002-08-18,35.6,24.4,0.0,37.91852052531555
2002-08-19,35.6,25.0,0.0,36.98420724259553
2002-08-20,35.6,25.0,0.0,38.49010247777784
2002-08-21,35.6,25.0,0.0,38.356258128515606
2002-08-22,36.1,25.0,0.0,38.657691714051126
2002-08-23,35.6,24.4,0.0,38.356258128515606
2002-08-24,35.6,23.9,0.0,38.15792965555557
2002-08-25,37.8,24.4,0.0,38.145823156737805
2002-08-26,38.9,23.9,0.0,39.43263444819561
2002-08-27,37.2,24.4,0.0,40.457938586435525
2002-08-28,36.1,23.9,0.0,38.356258128515606
2002-08-29,34.4,25.0,0.0,35.75535508329567
2002-08-30,35.0,22.8,0.0,33.47153501859556
2002-08-31,36.1,22.8,0.3,36.558321442275684
2002-09-01,36.1,23.3,0.0,37.11873875340457
2002-09-02,36.1,23.9,0.0,35.513380247404434
2002-09-03,36.1,24.4,0.0,36.8336682331378
2002-09-04,35.0,23.9,0.0,35.85863781863108
2002-09-05,35.6,23.9,0.0,35.85863781863108
2002-09-06,36.7,22.8,0.8,36.573461917715555
2002-09-07,29.4,22.2,45.0,31.55937428402463
2002-09-08,28.3,23.3,28.2,30.532753716924603
2002-09-09,30.0,23.3,0.8,32.62913009207105
2002-09-10,33.3,22.8,0.0,34.3537671678578
2002-09-11,33.9,23.3,0.0,34.261995594095616
2002-09-12,33.3,22.2,0.0,34.97482682251561
2002-09-13,33.9,21.1,0.0,34.97482682251561
2002-09-14,33.3,21.7,0.0,33.07112638487102
2002-09-15,26.1,22.2,0.5,30.759003960051196
2002-09-16,25.0,21.7,0.5,25.20472222222223
2002-09-17,30.0,22.2,0.0,33.44940924444435
2002-09-18,32.8,24.4,0.0,36.343957807751195
2002-09-19,26.7,20.0,6.4,31.887677555555513
2002-09-20,30.6,15.6,0.0,28.553710244444435
2002-09-21,32.2,15.0,0.0,30.276932588015573
2002-09-22,31.1,16.7,0.0,30.14254564121777
2002-09-23,30.6,18.9,0.0,29.263648144444492
2002-09-24,29.4,16.1,0.0,27.790741763971212
2002-09-25,31.1,20.0,0.0,30.406492212515545
2002-09-26,32.8,20.0,0.0,30.829704868737778
2002-09-27,34.4,18.9,0.0,32.86102967889778
2002-09-28,33.3,16.7,0.0,32.195672139537734
2002-09-29,32.2,18.9,0.0,32.023305295084555
2002-09-30,32.2,20.6,0.0,32.56900581695783
2002-10-01,32.8,22.8,0.8,35.55203763279115
2002-10-02,33.9,23.9,0.0,35.75535508329567
2002-10-03,33.9,22.2,0.0,34.261995594095616
2002-10-04,34.4,22.8,0.0,35.616047560835526
2002-10-05,32.8,22.2,0.0,33.820934725784504
2002-10-06,34.4,22.8,0.0,35.22748101695786
2002-10-07,30.6,21.1,1.8,32.78368005370444
2002-10-08,25.6,21.1,5.6,25.97833333333333
2002-10-09,28.3,18.3,18.8,28.030491895751087
2002-10-10,24.4,16.1,0.0,24.54861111111111
2002-10-11,27.8,14.4,0.0,27.884784716924493
2002-10-12,30.6,17.8,0.0,32.15124504993779
2002-10-13,23.3,15.6,0.5,28.33768810961774
2002-10-14,16.1,11.7,3.0,15.846666666666668
2002-10-15,22.8,12.8,0.0,21.859999999999992
2002-10-16,25.0,8.9,0.0,23.98722222222222
2002-10-17,26.7,9.4,0.0,25.43
2002-10-18,25.0,16.1,2.0,24.57472222222222
2002-10-19,23.3,16.1,48.8,23.641666666666666
2002-10-20,24.4,15.6,0.0,23.932222222222222
2002-10-21,20.0,15.6,7.4,20.12444444444444
2002-10-22,20.6,17.2,17.8,20.75444444444444
2002-10-23,22.8,17.2,2.8,22.29083333333332
2002-10-24,22.2,18.3,39.4,21.831111111111106
2002-10-25,18.9,12.2,4.8,21.279444444444444
2002-10-26,14.4,12.2,14.2,14.361944444444443
2002-10-27,20.6,14.4,1.0,20.75444444444444
2002-10-28,20.0,16.7,1.0,20.281111111111112
2002-10-29,24.4,11.7,0.0,23.801666666666662
2002-10-30,26.7,12.2,0.0,26.08555555555556
2002-10-31,16.1,10.6,0.0,17.02777777777777
2002-11-01,17.2,10.0,0.0,16.47666666666667
2002-11-02,12.8,11.1,15.5,14.835277777777783
2002-11-03,15.0,11.7,2.5,14.322777777777778
2002-11-04,12.2,8.9,31.2,13.797777777777776
2002-11-05,23.9,8.3,0.0,23.553611111111113
2002-11-06,21.7,7.2,0.0,21.113055555555558
2002-11-07,22.2,5.0,0.0,21.72944444444444
2002-11-08,24.4,8.3,0.0,23.65805555555555
2002-11-09,28.9,15.0,0.0,20.95305555555556
2002-11-10,31.1,14.4,0.0,31.04908144444437
2002-11-11,21.7,12.8,0.0,20.73111111111111
2002-11-12,20.6,7.8,0.0,19.432499999999997
2002-11-13,20.6,6.7,0.0,20.088611111111106
2002-11-14,25.0,7.8,0.0,23.801666666666662
2002-11-15,18.9,10.0,0.0,20.480277777777772
2002-11-16,17.2,5.6,0.0,16.032777777777774
2002-11-17,21.1,4.4,0.0,20.587500000000002
2002-11-18,23.9,9.4,0.0,23.014999999999997
2002-11-19,22.8,7.8,0.0,21.690277777777773
2002-11-20,23.3,7.2,0.0,22.871388888888887
2002-11-21,23.3,8.9,0.0,22.85833333333333
2002-11-22,21.1,7.2,0.0,20.483055555555566
2002-11-23,23.3,4.4,0.0,22.34638888888889
2002-11-24,23.9,9.4,0.0,23.184722222222216
2002-11-25,16.1,6.7,1.3,20.362777777777772
2002-11-26,6.7,3.9,26.7,10.387777777777774
2002-11-27,9.4,3.3,0.0,7.921111111111113
2002-11-28,16.1,2.2,0.0,14.786388888888887
2002-11-29,17.2,2.2,0.0,16.531666666666663
2002-11-30,20.0,10.0,0.0,18.685000000000006
2002-12-01,15.6,3.9,0.0,15.298333333333337
2002-12-02,23.3,7.8,0.0,22.73805555555556
2002-12-03,22.2,13.3,5.3,22.43444444444443
2002-12-04,13.3,3.9,7.4,21.948611111111106
2002-12-05,10.0,2.8,0.0,9.206666666666669
2002-12-06,13.3,1.1,0.0,12.081388888888888
2002-12-07,13.3,2.8,0.0,12.736944444444443
2002-12-08,13.3,8.3,10.2,13.20694444444444
2002-12-09,8.9,7.2,28.2,13.259166666666665
2002-12-10,11.7,6.1,0.0,11.200555555555557
2002-12-11,11.7,1.7,0.0,11.239722222222225
2002-12-12,17.2,8.3,10.9,16.346111111111114
2002-12-13,16.7,5.6,0.0,15.967500000000001
2002-12-14,18.9,2.2,0.0,18.316666666666666
2002-12-15,22.2,5.6,0.0,21.504722222222224
2002-12-16,22.8,12.8,0.0,22.76416666666667
2002-12-17,25.0,15.6,0.0,24.37888888888889
2002-12-18,23.9,17.2,0.0,22.76416666666667
2002-12-19,17.8,8.3,0.0,19.87638888888889
2002-12-20,20.0,2.8,0.0,18.632777777777775
2002-12-21,22.8,6.1,0.0,21.820833333333326
2002-12-22,16.1,5.0,6.1,17.37055555555556
2002-12-23,25.0,7.2,36.1,24.02361111111111
2002-12-24,8.9,3.9,0.3,10.805555555555552
2002-12-25,10.6,0.0,0.0,9.180555555555559
2002-12-26,11.7,3.9,0.0,11.017777777777777
2002-12-27,18.9,1.7,0.0,17.72583333333333
2002-12-28,20.6,2.8,0.0,19.602222222222217
2002-12-29,19.4,8.3,0.8,18.456944444444442
2002-12-30,23.3,11.7,9.7,22.29083333333332
2002-12-31,18.3,5.0,0.0,17.55611111111111
2003-01-01,22.8,2.8,0.0,21.7686111111111
2003-01-02,14.4,3.3,0.0,18.711111111111116
2003-01-03,20.0,2.2,0.0,19.393333333333334
2003-01-04,20.0,6.7,0.0,19.458611111111107
2003-01-05,22.2,5.6,0.0,21.859999999999992
2003-01-06,18.3,8.9,0.0,17.86944444444444
2003-01-07,16.1,2.8,0.0,14.890833333333331
2003-01-08,22.8,4.4,0.0,22.46388888888889
2003-01-09,28.3,11.1,0.0,26.867450669315588
2003-01-10,13.3,5.6,0.0,23.54055555555555
2003-01-11,8.3,3.9,15.2,9.54944444444444
2003-01-12,4.4,3.3,22.9,3.861944444444446
2003-01-13,7.8,3.3,0.0,7.249166666666664
2003-01-14,10.6,3.3,0.0,10.163055555555552
2003-01-15,11.1,2.2,0.0,10.60972222222222
2003-01-16,12.8,2.2,0.0,11.164166666666667
2003-01-17,7.2,-1.7,0.0,7.764444444444444
2003-01-18,15.0,-2.8,0.0,13.461111111111114
2003-01-19,18.3,-1.1,0.0,17.318333333333335
2003-01-20,24.4,13.3,0.0,23.801666666666662
2003-01-21,27.8,10.0,0.0,27.35456218899553
2003-01-22,13.3,5.0,0.0,24.32666666666667
2003-01-23,5.6,-1.1,0.0,7.591388888888888
2003-01-24,7.8,-3.3,0.0,6.766111111111108
2003-01-25,6.1,2.8,1.0,6.17527777777778
2003-01-26,7.8,3.9,3.8,7.288333333333333
2003-01-27,13.9,5.0,0.0,16.766666666666666
2003-01-28,18.9,8.9,0.3,18.78666666666667
2003-01-29,17.2,8.9,0.0,16.502777777777776
2003-01-30,13.3,7.8,0.0,12.329444444444443
2003-01-31,22.8,7.2,0.0,21.79472222222221
2003-02-01,22.2,5.6,0.0,21.79472222222221
2003-02-02,21.7,11.7,0.0,21.67444444444445
2003-02-03,24.4,8.9,0.0,22.988888888888887
2003-02-04,15.6,2.8,0.0,17.161666666666672
2003-02-05,11.1,6.7,2.3,11.872499999999999
2003-02-06,12.2,5.6,5.1,11.882222222222225
2003-02-07,5.6,2.2,0.0,7.78722222222222
2003-02-08,4.4,0.6,1.3,3.323888888888891
2003-02-09,21.1,4.4,0.5,20.587500000000002
2003-02-10,16.7,6.1,0.0,18.802500000000006
2003-02-11,20.6,6.7,0.0,20.271388888888882
2003-02-12,19.4,12.2,0.0,19.008611111111108
2003-02-13,20.0,17.2,1.5,20.24194444444444
2003-02-14,23.3,18.9,1.0,23.45888888888889
2003-02-15,20.0,7.2,0.0,21.87027777777778
2003-02-16,11.7,2.8,0.0,11.148333333333337
2003-02-17,18.9,-0.6,0.0,17.73888888888889
2003-02-18,20.6,8.9,0.0,20.480277777777772
2003-02-19,20.0,11.1,0.0,19.429166666666664
2003-02-20,11.1,8.3,65.0,14.08777777777778
2003-02-21,12.2,10.0,13.0,12.01277777777778
2003-02-22,20.6,10.0,0.0,20.088611111111106
2003-02-23,25.6,4.4,0.0,24.525833333333335
2003-02-24,4.4,-3.3,7.9,19.879722222222224
2003-02-25,-1.1,-4.4,0.5,-2.0175000000000014
2003-02-26,2.2,-1.7,0.0,1.0138888888888904
2003-02-27,13.3,1.7,0.0,12.211944444444443
2003-02-28,11.1,3.9,0.0,10.163055555555552
2003-03-01,11.1,7.8,0.3,10.35888888888889
2003-03-02,10.6,9.4,0.8,10.35888888888889
2003-03-03,15.0,7.2,5.6,14.061666666666667
2003-03-04,17.8,5.6,0.0,16.9625
2003-03-05,14.4,5.0,0.0,15.846666666666668
2003-03-06,21.1,2.8,0.0,20.06249999999999
2003-03-07,27.8,5.0,0.0,26.350000000000005
2003-03-08,18.9,9.4,0.0,23.935
2003-03-09,22.2,10.0,0.0,21.58305555555556
2003-03-10,23.9,8.9,0.0,23.14555555555555
2003-03-11,20.6,12.2,0.0,20.95305555555556
2003-03-12,22.2,18.3,0.8,22.04
2003-03-13,29.4,17.8,0.5,28.59431378340449
2003-03-14,26.7,13.3,0.0,26.558888888888895
2003-03-15,23.3,12.2,0.0,24.130833333333335
2003-03-16,25.6,15.6,0.0,25.586666666666662
2003-03-17,21.1,16.7,0.0,23.879999999999995
2003-03-18,21.7,11.1,2.3,20.75722222222222
2003-03-19,25.0,10.0,0.0,23.895833333333332
2003-03-20,18.3,10.0,0.0,22.268055555555563
2003-03-21,22.8,6.7,0.0,21.781666666666663
2003-03-22,17.8,9.4,1.8,20.166944444444443
2003-03-23,25.0,6.7,0.0,24.15694444444445
2003-03-24,25.0,10.6,0.0,24.904444444444447
2003-03-25,23.3,15.0,1.8,23.184722222222216
2003-03-26,25.0,11.7,0.0,24.56500000000001
2003-03-27,27.8,10.6,0.0,26.858671178435525
2003-03-28,18.9,11.1,0.0,25.469166666666663
2003-03-29,15.0,5.6,0.0,15.402777777777784
2003-03-30,21.1,2.8,0.0,19.879722222222224
2003-03-31,24.4,5.0,0.0,23.37083333333333
2003-04-01,26.1,10.6,0.0,25.377777777777776
2003-04-02,26.7,12.8,0.0,26.02027777777778
2003-04-03,27.8,18.9,0.0,27.8139038595378
2003-04-04,29.4,19.4,0.0,29.300882540051173
2003-04-05,28.9,18.9,0.3,28.696246040435614
2003-04-06,32.2,16.1,0.8,29.682065621315626
2003-04-07,28.3,16.1,0.0,28.312649868817804
2003-04-08,19.4,10.0,0.0,26.08555555555556
2003-04-09,22.8,4.4,0.0,20.995555555555555
2003-04-10,24.4,4.4,0.0,23.42305555555555
2003-04-11,26.1,11.7,0.0,25.377777777777776
2003-04-12,27.8,11.7,0.0,26.95966309799115
2003-04-13,27.8,15.6,0.0,27.065915636284476
2003-04-14,28.9,16.1,0.0,28.164564010515555
2003-04-15,27.2,18.3,0.0,27.195764459617777
2003-04-16,32.8,15.6,0.3,29.58153001144398
2003-04-17,28.3,15.0,0.0,29.31698503179564
2003-04-18,27.2,18.3,0.0,28.181459693315517
2003-04-19,23.9,20.0,0.0,27.592192616015534
2003-04-20,26.1,16.1,0.0,24.747777777777774
2003-04-21,28.3,15.6,0.0,26.721373591057827
2003-04-22,19.4,16.1,1.0,24.682499999999997
2003-04-23,26.7,17.8,0.0,25.808611111111112
2003-04-24,35.6,18.3,0.0,31.93567442796443
2003-04-25,31.1,13.9,0.0,30.31718712192291
2003-04-26,31.7,12.8,0.0,30.3755960911912
2003-04-27,31.7,16.1,0.0,29.917249037404456
2003-04-28,30.0,18.9,0.0,29.336038526595594
2003-04-29,27.8,18.9,0.0,29.47601872620456
2003-04-30,30.6,20.0,0.3,31.557488575164523
2003-05-01,31.1,21.7,0.0,33.6296077330646
2003-05-02,32.2,22.2,0.0,32.930913029315576
2003-05-03,27.2,22.2,0.0,30.294298970771212
2003-05-04,33.3,22.8,0.0,35.286900788051064
2003-05-05,31.7,24.4,0.0,35.845619555884504
2003-05-06,27.8,23.9,0.8,33.78802762316448
2003-05-07,32.2,24.4,0.0,36.343957807751195
2003-05-08,34.4,25.0,0.0,37.84634757387565
2003-05-09,32.8,24.4,0.0,36.45781422883556
2003-05-10,31.7,24.4,0.0,35.286900788051064
2003-05-11,29.4,20.0,0.3,33.882145611111156
2003-05-12,22.8,16.7,14.2,26.467500000000005
2003-05-13,32.8,20.0,0.0,34.016651047591154
2003-05-14,35.6,22.2,0.0,37.83491347777776
2003-05-15,35.0,23.9,0.0,38.15792965555557
2003-05-16,37.2,24.4,0.0,38.78692140841783
2003-05-17,34.4,20.0,0.0,37.83491347777776
2003-05-18,34.4,18.9,0.0,34.87041881713777
2003-05-19,36.1,22.2,0.0,37.71805098215121
2003-05-20,28.3,17.2,0.0,35.22748101695786
2003-05-21,26.1,17.2,0.5,26.137777777777778
2003-05-22,29.4,18.3,0.0,29.10017681673787
2003-05-23,33.9,19.4,0.0,32.94917448145782
2003-05-24,35.0,21.7,0.0,34.77222676805112
2003-05-25,32.8,21.1,0.0,32.56727818179556
2003-05-26,30.0,18.9,19.1,31.348378167197765
2003-05-27,29.4,20.6,0.0,29.10017681673787
2003-05-28,31.7,16.1,0.0,29.57917617076451
2003-05-29,36.1,15.6,0.0,35.39049714903779
2003-05-30,38.3,22.8,0.0,37.34003104305782
2003-05-31,37.2,22.2,0.0,37.26480069285115
2003-06-01,35.6,21.7,0.0,35.85863781863108
2003-06-02,35.0,21.1,0.0,36.32746605479784
2003-06-03,35.6,20.6,0.0,38.846038964051104
2003-06-04,32.8,19.4,48.8,35.09003579559113
2003-06-05,28.3,19.4,21.6,31.846529894604444
2003-06-06,29.4,20.6,2.5,29.083513312415594
2003-06-07,32.2,18.3,0.0,31.348378167197765
2003-06-08,31.1,20.6,0.0,30.824248934595516
2003-06-09,33.9,20.6,0.0,36.03057495519112
2003-06-10,31.1,22.2,0.3,34.59215684108437
2003-06-11,35.0,25.0,0.0,40.018925928675564
2003-06-12,35.0,21.7,0.5,39.181918055555634
2003-06-13,33.3,20.0,40.4,36.45781422883556
2003-06-14,32.8,18.3,0.0,34.59215684108437
2003-06-15,28.9,21.1,1.5,34.016651047591154
2003-06-16,32.2,21.1,0.0,32.755005308284495
2003-06-17,32.2,21.7,0.0,32.755005308284495
2003-06-18,32.8,21.1,0.0,33.267316841991125
2003-06-19,34.4,21.1,0.0,34.31864240850442
2003-06-20,35.0,21.7,0.0,35.5804232555556
2003-06-21,35.6,23.3,0.0,36.60358037643559
2003-06-22,35.6,25.0,0.0,39.03336019249782
2003-06-23,36.1,26.1,0.0,38.9300934206755
2003-06-24,36.1,26.1,0.0,41.298035890151304
2003-06-25,36.7,25.6,0.0,40.45219808299563
2003-06-26,35.0,25.0,0.0,37.91852052531555
2003-06-27,32.8,23.3,0.0,33.379843183571246
2003-06-28,35.6,23.9,0.0,36.92080481111116
2003-06-29,34.4,24.4,0.0,35.513380247404434
2003-06-30,35.0,21.7,0.0,36.127153572515546
2003-07-01,36.7,22.8,0.0,38.011235686504506
2003-07-02,35.0,23.3,0.0,36.98420724259553
2003-07-03,35.6,23.9,0.0,39.03336019249782
2003-07-04,31.1,23.3,7.1,33.78802762316448
2003-07-05,28.3,20.6,1.5,31.258456716495616
2003-07-06,33.9,22.8,5.8,37.21448419023117
2003-07-07,32.2,23.9,2.0,35.55203763279115
2003-07-08,32.8,23.3,11.4,35.889603247484416
2003-07-09,32.8,23.3,0.0,38.33124403731548
2003-07-10,34.4,23.9,0.0,38.58431805415117
2003-07-11,36.7,25.6,0.0,39.386496818595646
2003-07-12,36.1,23.3,0.0,38.011235686504506
2003-07-13,37.2,22.2,0.0,38.03229269063124
2003-07-14,36.1,23.9,0.0,38.03229269063124
2003-07-15,31.1,24.4,0.0,37.11873875340457
2003-07-16,32.2,22.2,8.1,33.882145611111156
2003-07-17,35.0,22.8,0.0,36.98420724259553
2003-07-18,36.1,22.8,0.0,37.11873875340457
2003-07-19,36.1,24.4,0.0,37.83491347777776
2003-07-20,36.1,23.3,0.0,36.3571822555555
2003-07-21,36.7,23.9,0.0,38.145823156737805
2003-07-22,36.7,25.0,0.0,39.829193699571064
2003-07-23,32.8,23.3,0.0,36.127153572515546
2003-07-24,36.1,24.4,0.0,37.84634757387565
2003-07-25,36.1,23.3,0.0,37.11873875340457
2003-07-26,36.7,25.0,0.0,37.11873875340457
2003-07-27,36.7,24.4,0.0,38.03229269063124
2003-07-28,35.0,23.3,0.0,37.91852052531555
2003-07-29,37.2,22.8,0.0,38.011235686504506
2003-07-30,38.3,24.4,0.0,39.43263444819561
2003-07-31,37.8,24.4,0.0,38.388657956195566
2003-08-01,38.3,24.4,0.0,38.70551121452447
2003-08-02,38.3,24.4,0.0,39.37284994723556
2003-08-03,36.7,25.0,0.0,39.829193699571064
2003-08-04,38.3,23.9,0.0,39.09841437255115
2003-08-05,38.3,23.9,0.0,39.29090456601554
2003-08-06,39.4,23.9,0.0,40.33166217099559
2003-08-07,42.2,25.0,0.0,41.87664238005113
2003-08-08,43.3,25.0,1.0,44.055131520551164
2003-08-09,37.2,22.8,0.0,38.99620826783118
2003-08-10,37.2,23.9,5.6,38.78692140841783
2003-08-11,36.1,21.7,6.6,38.356258128515606
2003-08-12,32.8,21.1,0.0,32.88196913043552
2003-08-13,31.1,19.4,50.8,30.680156280497766
2003-08-14,27.8,20.0,3.8,29.15886103361784
2003-08-15,35.6,20.6,0.0,36.92080481111116
2003-08-16,36.7,26.1,0.0,37.71805098215121
2003-08-17,36.1,23.3,0.0,37.70329621273782
2003-08-18,37.2,23.9,0.0,40.457938586435525
2003-08-19,36.1,23.9,0.0,38.03229269063124
2003-08-20,36.1,24.4,0.0,38.356258128515606
2003-08-21,35.6,24.4,0.0,38.03229269063124
2003-08-22,34.4,22.2,0.0,36.127153572515546
2003-08-23,34.4,23.3,0.0,35.09003579559113
2003-08-24,36.7,22.2,0.0,37.405549098975634
2003-08-25,36.7,23.9,0.0,38.46099728833563
2003-08-26,36.7,23.9,0.0,38.78692140841783
2003-08-27,37.8,23.9,0.0,39.03357521153779
2003-08-28,37.2,24.4,0.0,38.99620826783118
2003-08-29,37.2,25.6,0.0,38.356258128515606
2003-08-30,36.7,25.6,0.0,38.356258128515606
2003-08-31,30.0,23.9,6.9,35.09003579559113
2003-09-01,29.4,23.3,4.3,30.549454376151076
2003-09-02,30.0,22.8,0.0,31.887677555555513
2003-09-03,34.4,24.4,0.0,34.3537671678578
2003-09-04,35.6,23.3,0.0,34.87041881713777
2003-09-05,33.3,23.9,0.0,32.94917448145782
2003-09-06,35.0,21.7,0.0,34.468957811111146
2003-09-07,34.4,17.8,0.0,33.3264943697156
2003-09-08,33.3,21.1,0.0,32.21115006887111
2003-09-09,35.0,20.0,0.0,35.34735951507558
2003-09-10,36.1,25.6,0.3,39.03336019249782
2003-09-11,35.0,21.1,16.0,37.21448419023117
2003-09-12,28.9,20.0,13.2,33.85445181291555
2003-09-13,33.3,18.9,0.0,33.82438423757118
2003-09-14,27.2,19.4,5.8,31.617318406151192
2003-09-15,30.6,19.4,0.0,30.454350755555513
2003-09-16,32.2,20.0,0.0,33.16821562719118
2003-09-17,32.2,21.1,0.0,33.57033428108443
2003-09-18,28.9,21.1,0.0,30.026780984595675
2003-09-19,28.3,20.0,0.0,28.39887615283563
2003-09-20,26.7,20.6,1.0,27.71250268391774
2003-09-21,23.3,19.4,8.6,23.485
2003-09-22,31.1,18.3,0.0,30.743255411111097
2003-09-23,30.6,17.2,0.0,29.930825938151138
2003-09-24,31.1,20.6,0.0,31.126955483004483
2003-09-25,31.1,21.1,0.0,30.406492212515545
2003-09-26,26.7,20.0,3.6,28.601447857571216
2003-09-27,33.3,19.4,0.0,33.07112638487102
2003-09-28,31.1,19.4,0.0,30.406492212515545
2003-09-29,29.4,16.7,0.0,27.141760369117826
2003-09-30,28.9,14.4,0.0,27.068432814157852
2003-10-01,29.4,12.8,0.0,28.040058533564512
2003-10-02,27.2,16.1,0.0,26.637222222222224
2003-10-03,27.8,13.3,0.0,27.310157834435607
2003-10-04,28.9,16.7,0.0,29.31698503179564
2003-10-05,32.2,20.6,1.0,31.617318406151192
2003-10-06,29.4,20.0,1.8,29.543688464791305
2003-10-07,28.3,20.6,0.0,28.33768810961774
2003-10-08,28.9,21.7,3.6,30.717955184364623
2003-10-09,29.4,21.7,8.9,31.648926787671186
2003-10-10,25.6,19.4,0.0,24.71833333333333
2003-10-11,26.1,19.4,8.4,26.333611111111118
2003-10-12,26.1,21.1,0.5,23.142777777777784
2003-10-13,29.4,20.0,0.0,29.47601872620456
2003-10-14,26.1,15.0,0.0,25.299444444444436
2003-10-15,27.2,10.0,0.0,26.415277777777785
2003-10-16,29.4,15.6,0.0,30.331079793937747
2003-10-17,28.3,17.2,0.0,27.656826412984522
2003-10-18,27.8,12.8,0.0,26.467500000000005
2003-10-19,29.4,12.8,0.0,27.684918104495598
2003-10-20,30.6,12.8,0.0,28.826934755555587
2003-10-21,31.7,13.3,0.0,29.83680901797119
2003-10-22,33.3,15.6,0.0,31.62190639159107
2003-10-23,34.4,17.2,0.0,32.72986434748444
2003-10-24,31.1,15.6,0.0,29.247429397031137
2003-10-25,30.0,16.1,0.0,29.927305577777776
2003-10-26,16.1,10.6,2.0,24.17
2003-10-27,23.9,10.6,0.0,22.71472222222222
2003-10-28,30.0,7.8,0.0,27.73911980787555
2003-10-29,28.9,12.2,0.0,27.318101132851165
2003-10-30,31.1,18.3,0.0,31.04908144444437
2003-10-31,32.2,23.9,0.0,33.57033428108443
2003-11-01,29.4,21.7,0.0,29.31698503179564
2003-11-02,28.3,20.6,7.6,29.15886103361784
2003-11-03,27.8,21.7,0.0,28.499177144657796
2003-11-04,27.8,20.6,0.0,28.181459693315517
2003-11-05,28.3,19.4,0.0,28.577176604924507
2003-11-06,19.4,10.0,0.0,26.24222222222223
2003-11-07,10.6,8.3,0.0,11.318055555555556
2003-11-08,13.9,8.3,2.0,13.08944444444444
2003-11-09,13.3,11.7,1.0,13.167777777777777
2003-11-10,26.7,11.7,0.0,26.111666666666668
2003-11-11,27.2,17.8,0.0,27.71250268391774
2003-11-12,28.9,21.1,0.3,29.300882540051173
2003-11-13,22.8,11.7,5.3,25.113333333333337
2003-11-14,23.3,12.8,0.0,23.184722222222216
2003-11-15,23.3,19.4,0.8,23.064444444444447
2003-11-16,28.9,19.4,0.0,28.89326381961784
2003-11-17,23.9,17.8,15.0,24.613888888888894
2003-11-18,21.7,12.8,0.0,22.04
2003-11-19,23.9,8.3,0.0,23.37083333333333
2003-11-20,25.6,5.6,0.0,25.16888888888889
2003-11-21,26.1,12.8,0.0,25.45611111111111
2003-11-22,27.8,17.8,0.0,27.543531976835535
2003-11-23,22.8,5.0,1.5,24.45722222222222
2003-11-24,12.2,0.6,0.0,11.085833333333333
2003-11-25,18.9,1.7,0.0,17.804166666666667
2003-11-26,22.8,12.2,0.0,22.225555555555545
2003-11-27,22.2,9.4,0.0,21.611944444444436
2003-11-28,17.2,3.9,0.0,16.30972222222222
2003-11-29,18.3,0.0,0.0,17.451666666666668
2003-11-30,23.3,5.0,0.0,22.54222222222223
2003-12-01,23.3,13.3,0.0,22.685833333333335
2003-12-02,23.3,15.0,0.0,22.54222222222223
2003-12-03,24.4,12.8,0.0,23.014999999999997
2003-12-04,21.7,7.2,0.0,20.023333333333333
2003-12-05,13.9,6.1,0.0,15.48111111111111
2003-12-06,13.3,-0.6,0.0,11.859444444444442
2003-12-07,18.9,1.1,0.0,17.686666666666667
2003-12-08,25.0,11.7,0.0,24.865277777777774
2003-12-09,21.7,8.9,0.3,22.08194444444444
2003-12-10,16.7,3.3,0.0,15.141666666666671
2003-12-11,17.8,0.6,0.0,17.005000000000006
2003-12-12,15.0,10.0,9.9,14.991944444444446
2003-12-13,13.3,2.8,0.0,14.991944444444446
2003-12-14,19.4,-0.6,0.0,18.316666666666666
2003-12-15,23.3,9.4,0.0,23.014999999999997
2003-12-16,14.4,5.0,0.0,20.23222222222222
2003-12-17,20.0,1.7,0.0,19.21055555555556
2003-12-18,18.9,1.7,0.0,18.146944444444447
2003-12-19,19.4,3.9,0.0,18.094722222222217
2003-12-20,19.4,0.0,0.0,18.146944444444447
2003-12-21,23.3,6.7,0.0,22.620555555555562
2003-12-22,25.0,13.9,0.0,24.300555555555555
2003-12-23,16.7,4.4,0.0,21.53083333333333
2003-12-24,18.3,3.9,0.0,17.005000000000006
2003-12-25,16.7,6.1,0.0,16.293888888888887
2003-12-26,22.8,11.7,0.0,22.76416666666667
2003-12-27,23.9,18.9,0.0,23.302222222222216
2003-12-28,20.6,8.9,2.5,21.70055555555556
2003-12-29,15.6,2.2,0.0,13.973611111111113
2003-12-30,16.7,-1.1,0.0,15.193888888888889
2003-12-31,20.6,6.1,0.0,20.428055555555556
2004-01-01,23.3,16.7,1.0,22.894722222222228
2004-01-02,26.1,18.3,0.0,26.137777777777778
2004-01-03,26.1,19.4,0.0,25.035
2004-01-04,25.6,8.9,0.0,25.035
2004-01-05,8.9,2.2,0.0,14.956111111111106
2004-01-06,3.3,-1.7,0.0,6.713888888888885
2004-01-07,8.9,2.8,0.0,7.921111111111113
2004-01-08,19.4,6.1,0.8,18.78666666666667
2004-01-09,20.0,7.2,0.0,19.35416666666667
2004-01-10,16.7,2.2,0.0,15.298333333333337
2004-01-11,18.3,1.7,0.0,17.161666666666672
2004-01-12,19.4,5.0,0.0,17.947777777777773
2004-01-13,21.7,13.3,0.0,21.609166666666667
2004-01-14,19.4,13.9,0.5,19.285555555555554
2004-01-15,16.7,15.6,24.9,17.853611111111118
2004-01-16,20.0,15.6,65.5,20.202777777777783
2004-01-17,24.4,11.1,0.0,23.605833333333333
2004-01-18,11.1,5.0,0.0,18.000000000000004
2004-01-19,13.9,1.1,0.0,12.28
2004-01-20,14.4,0.0,0.0,12.580277777777773
2004-01-21,15.6,7.8,0.0,15.073611111111108
2004-01-22,17.2,7.2,0.0,16.766666666666666
2004-01-23,17.8,12.2,0.0,16.766666666666666
2004-01-24,17.8,12.2,12.4,16.659444444444443
2004-01-25,23.9,12.2,0.0,20.639722222222222
2004-01-26,18.9,3.3,0.0,17.595277777777774
2004-01-27,12.2,-1.7,0.0,10.678333333333335
2004-01-28,16.1,-1.1,0.0,14.694999999999997
2004-01-29,12.2,8.3,0.3,13.00138888888889
2004-01-30,15.0,5.0,0.0,13.81361111111111
2004-01-31,17.2,1.7,0.0,16.346111111111114
2004-02-01,15.6,10.0,0.0,15.452222222222218
2004-02-02,16.7,3.9,0.0,15.452222222222218
2004-02-03,13.9,0.6,0.0,12.3975
2004-02-04,10.6,6.7,23.9,11.294722222222223
2004-02-05,18.3,6.7,4.3,17.279166666666672
2004-02-06,13.9,3.9,0.0,15.073611111111108
2004-02-07,15.6,-1.1,0.0,14.130277777777778
2004-02-08,13.3,4.4,0.8,12.776111111111112
2004-02-09,15.6,11.1,6.4,15.530555555555553
2004-02-10,12.2,7.2,11.9,14.361944444444443
2004-02-11,9.4,6.7,17.8,8.981388888888889
2004-02-12,8.3,2.8,0.0,7.5
2004-02-13,2.8,0.6,2.8,6.410277777777777
2004-02-14,10.0,0.6,3.3,9.128333333333332
2004-02-15,15.0,0.6,0.0,14.32611111111111
2004-02-16,18.9,1.7,0.0,18.368888888888886
2004-02-17,22.2,7.8,0.0,21.113055555555558
2004-02-18,22.8,3.3,0.0,22.32027777777778
2004-02-19,24.4,10.0,0.0,23.71027777777777
2004-02-20,24.4,13.3,0.0,23.501388888888886
2004-02-21,21.7,10.6,0.0,21.256666666666668
2004-02-22,18.9,10.6,0.0,18.763333333333335
2004-02-23,21.7,15.0,6.1,21.609166666666667
2004-02-24,17.2,9.4,12.4,18.456944444444442
2004-02-25,9.4,3.9,0.0,14.126944444444444
2004-02-26,16.7,1.7,0.0,15.324444444444445
2004-02-27,18.9,0.6,0.0,18.316666666666666
2004-02-28,18.9,8.3,0.3,18.64305555555556
2004-02-29,18.3,10.0,4.8,18.065277777777776
2004-03-01,24.4,10.6,0.0,23.410000000000004
2004-03-02,18.9,12.2,4.6,21.6511111111111
2004-03-03,24.4,18.9,0.3,24.48333333333333
2004-03-04,23.9,12.8,18.0,23.419722222222216
2004-03-05,25.0,11.7,0.0,24.617222222222225
2004-03-06,24.4,10.0,0.0,23.98722222222222
2004-03-07,26.1,11.1,0.0,25.82444444444445
2004-03-08,23.3,10.6,0.0,21.59888888888888
2004-03-09,25.6,9.4,0.0,24.000277777777782
2004-03-10,24.4,6.7,0.0,24.000277777777782
2004-03-11,22.8,13.9,0.0,22.450833333333343
2004-03-12,17.8,12.8,3.0,20.34972222222222
2004-03-13,17.2,11.7,8.6,16.659444444444443
2004-03-14,22.8,15.6,0.8,21.175000000000004
2004-03-15,25.6,14.4,14.7,24.930555555555557
2004-03-16,23.9,14.4,1.8,23.223888888888887
2004-03-17,28.3,15.0,0.0,27.987237679591207
2004-03-18,24.4,18.3,0.0,27.08954415243555
2004-03-19,27.2,19.4,0.8,26.333611111111118
2004-03-20,25.6,18.9,0.5,25.808611111111112
2004-03-21,23.3,14.4,0.0,24.54861111111111
2004-03-22,23.3,12.8,0.0,22.359444444444453
2004-03-23,22.8,11.7,0.0,22.108055555555545
2004-03-24,21.7,16.7,5.3,21.135833333333334
2004-03-25,26.1,19.4,0.0,25.71722222222222
2004-03-26,26.7,20.0,0.0,25.71722222222222
2004-03-27,26.7,20.0,0.0,26.1638888888889
2004-03-28,25.6,17.8,0.3,25.691111111111113
2004-03-29,25.0,11.7,0.0,25.087222222222227
2004-03-30,28.9,10.0,0.0,27.0354797434045
2004-03-31,30.6,10.0,0.0,28.270783811111137
2004-04-01,29.4,16.1,0.0,27.54942127531563
2004-04-02,22.8,17.2,1.8,25.85055555555556
2004-04-03,27.2,15.0,0.0,26.59805555555556
2004-04-04,23.9,15.0,6.4,24.904444444444447
2004-04-05,23.9,16.1,0.0,23.302222222222216
2004-04-06,21.1,13.9,45.7,22.19944444444444
2004-04-07,30.6,12.8,0.0,28.826934755555587
2004-04-08,26.1,13.9,0.0,27.145045127235615
2004-04-09,28.9,13.3,0.0,28.007127103084443
2004-04-10,27.8,11.7,14.7,26.986454903191134
2004-04-11,12.2,9.4,11.9,13.836944444444448
2004-04-12,18.3,7.8,0.0,17.174722222222226
2004-04-13,19.4,6.7,0.0,18.342777777777776
2004-04-14,23.9,5.6,0.0,23.553611111111113
2004-04-15,25.6,10.6,0.0,24.37888888888889
2004-04-16,25.6,15.6,0.0,25.665000000000003
2004-04-17,27.8,17.2,0.0,27.676087608817763
2004-04-18,26.7,18.3,0.0,25.665000000000003
2004-04-19,27.2,19.4,0.0,27.360965654024444
2004-04-20,26.1,18.9,0.0,25.71722222222222
2004-04-21,26.7,20.6,0.0,27.962515993535547
2004-04-22,29.4,21.1,0.0,29.31698503179564
2004-04-23,27.2,21.7,0.0,28.33768810961774
2004-04-24,22.8,17.8,15.7,25.178611111111113
2004-04-25,21.1,17.8,0.8,21.201111111111114
2004-04-26,26.7,15.6,0.3,26.007222222222232
2004-04-27,28.3,14.4,0.0,26.952184976551163
2004-04-28,22.2,15.0,0.0,24.734722222222228
2004-04-29,27.2,16.1,3.3,28.751274357351114
2004-04-30,28.9,21.1,0.3,29.926185775235595
2004-05-01,23.9,12.2,10.7,28.92591493923561
2004-05-02,23.9,10.0,0.0,23.54055555555555
2004-05-03,28.9,10.6,0.0,27.224983142015567
2004-05-04,27.8,13.9,0.0,27.145045127235615
2004-05-05,27.8,14.4,0.0,27.543531976835535
2004-05-06,28.3,17.8,0.0,28.146045184835597
2004-05-07,27.8,18.9,0.0,28.312649868817804
2004-05-08,27.2,20.6,0.5,26.24222222222223
2004-05-09,28.9,19.4,19.6,28.957169045315645
2004-05-10,30.6,21.1,0.0,31.539548077777795
2004-05-11,25.6,20.6,9.9,29.543688464791305
2004-05-12,29.4,22.2,0.3,32.50994487721565
2004-05-13,28.3,18.3,24.9,30.532753716924603
2004-05-14,24.4,16.1,8.1,23.840833333333332
2004-05-15,26.1,14.4,0.0,25.612777777777776
2004-05-16,29.4,17.2,0.0,28.41927290529559
2004-05-17,31.1,21.1,0.0,32.53139821281776
2004-05-18,31.1,23.3,0.0,32.930913029315576
2004-05-19,31.1,22.8,0.0,33.19595416537561
2004-05-20,31.7,22.2,0.0,33.820934725784504
2004-05-21,31.1,22.2,0.0,32.39278539805116
2004-05-22,31.1,22.2,0.0,31.887677555555513
2004-05-23,30.6,22.2,0.0,32.25272841111113
2004-05-24,31.1,22.8,0.0,32.930913029315576
2004-05-25,32.8,22.2,0.0,34.48873600083557
2004-05-26,32.2,22.8,0.0,33.16821562719118
2004-05-27,33.3,21.7,3.8,34.73444154748442
2004-05-28,33.3,21.1,0.0,35.09003579559113
2004-05-29,32.8,24.4,0.0,35.24517878083567
2004-05-30,32.8,25.0,1.3,38.85073410243562
2004-05-31,37.8,25.6,5.8,41.78131395451558
2004-06-01,36.1,20.6,0.0,41.298035890151304
2004-06-02,35.0,25.0,0.0,40.288316255555614
2004-06-03,33.3,18.3,25.9,35.781684200924495
2004-06-04,33.3,20.0,0.5,35.781684200924495
2004-06-05,31.7,19.4,0.0,33.820934725784504
2004-06-06,32.8,21.7,0.0,35.286900788051064
2004-06-07,31.7,20.6,9.7,33.78802762316448
2004-06-08,25.0,20.6,35.3,24.83583333333333
2004-06-09,26.7,21.1,107.7,28.78770131289555
2004-06-10,31.1,21.7,0.0,34.32017456463127
2004-06-11,31.1,23.9,1.8,36.544426862115614
2004-06-12,32.2,24.4,0.0,35.55203763279115
2004-06-13,32.2,23.3,0.0,36.343957807751195
2004-06-14,32.8,22.8,0.0,35.286900788051064
2004-06-15,30.6,20.6,0.0,33.78802762316448
2004-06-16,32.2,20.0,0.0,35.286900788051064
2004-06-17,31.7,24.4,0.0,36.68049771557119
2004-06-18,33.3,23.9,0.0,37.51950270193562
2004-06-19,33.3,21.1,0.0,35.286900788051064
2004-06-20,33.9,22.2,0.0,36.60358037643559
2004-06-21,32.8,23.9,0.0,36.45781422883556
2004-06-22,29.4,20.6,6.6,32.78368005370444
2004-06-23,30.6,21.7,0.0,31.648926787671186
2004-06-24,30.6,22.2,0.3,33.34978949943118
2004-06-25,32.2,20.0,12.4,33.34978949943118
2004-06-26,29.4,20.6,25.1,30.28317007140459
2004-06-27,29.4,21.1,1.5,31.648926787671186
2004-06-28,31.7,23.3,0.3,33.78802762316448
2004-06-29,26.1,20.6,28.4,26.503333333333345
2004-06-30,29.4,20.0,34.3,30.78902595639117
2004-07-01,31.7,21.1,0.0,35.286900788051064
2004-07-02,33.3,23.9,0.0,36.931999601315574
2004-07-03,32.2,24.4,0.0,36.67203977659556
2004-07-04,32.8,22.8,0.0,35.31575843611568
2004-07-05,32.8,23.9,0.0,35.781684200924495
2004-07-06,33.3,23.9,0.0,36.45781422883556
2004-07-07,33.3,23.9,0.0,37.05415802092446
2004-07-08,33.3,23.9,0.0,37.05415802092446
2004-07-09,33.3,23.9,0.0,37.05415802092446
2004-07-10,32.8,21.1,0.0,32.50994487721565
2004-07-11,32.2,22.2,6.4,34.28580817393564
2004-07-12,32.8,22.2,0.0,35.09003579559113
2004-07-13,33.9,22.2,0.0,35.75535508329567
2004-07-14,35.6,21.7,0.0,35.34735951507558
2004-07-15,35.0,22.2,0.0,36.32746605479784
2004-07-16,33.9,22.8,0.0,36.60358037643559
2004-07-17,36.7,22.8,0.0,38.356258128515606
2004-07-18,33.3,23.9,0.0,36.91070788641558
2004-07-19,35.6,21.1,0.0,35.108367144444465
2004-07-20,33.9,22.8,0.0,35.75535508329567
2004-07-21,33.9,22.8,0.0,34.97482682251561
2004-07-22,34.4,24.4,0.0,36.91070788641558
2004-07-23,35.6,23.3,0.0,37.21635105555562
2004-07-24,35.6,22.8,0.0,37.83491347777776
2004-07-25,35.0,21.7,4.8,37.91852052531555
2004-07-26,31.1,20.0,0.0,32.02327019841567
2004-07-27,32.8,20.6,0.0,34.016651047591154
2004-07-28,35.0,23.9,0.0,37.84634757387565
2004-07-29,34.4,22.8,7.1,37.51950270193562
2004-07-30,32.2,22.2,2.8,36.67203977659556
2004-07-31,35.6,25.0,0.0,37.91852052531555
2004-08-01,36.1,23.9,0.0,41.24134715060444
2004-08-02,36.1,23.9,0.0,40.50424907331573
2004-08-03,36.7,25.0,0.0,39.03336019249782
2004-08-04,37.2,25.0,0.0,40.57779183609559
2004-08-05,38.3,24.4,0.0,39.77861343452447
2004-08-06,34.4,25.6,0.0,39.567818893064526
2004-08-07,33.3,23.3,0.0,34.28580817393564
2004-08-08,33.9,23.9,0.0,34.492084111084516
2004-08-09,34.4,23.9,0.0,34.261995594095616
2004-08-10,36.7,23.9,0.0,36.3571822555555
2004-08-11,35.6,21.7,6.6,37.21635105555562
2004-08-12,32.2,20.0,0.0,30.276932588015573
2004-08-13,32.2,16.7,0.0,30.829704868737778
2004-08-14,32.2,19.4,0.0,32.21115006887111
2004-08-15,31.1,19.4,0.0,30.14254564121777
2004-08-16,32.8,17.8,0.0,31.04431948455111
2004-08-17,33.3,18.3,0.0,31.894722860195557
2004-08-18,35.0,20.6,0.0,35.513380247404434
2004-08-19,36.7,21.1,25.1,38.356258128515606
2004-08-20,36.1,21.1,8.6,40.072912089197835
2004-08-21,32.2,21.7,5.6,35.31575843611568
2004-08-22,30.6,22.2,2.0,34.331803355555614
2004-08-23,32.8,22.8,0.5,35.286900788051064
2004-08-24,35.0,25.0,0.0,39.9103602111111
2004-08-25,35.6,25.0,0.0,38.15792965555557
2004-08-26,36.7,25.6,0.0,37.71805098215121
2004-08-27,36.1,25.0,0.0,37.83491347777776
2004-08-28,33.9,23.9,0.0,36.91070788641558
2004-08-29,33.9,22.8,0.0,35.22748101695786
2004-08-30,34.4,21.7,0.0,33.61686139803551
2004-08-31,33.3,20.0,0.0,32.04274908243562
2004-09-01,30.0,20.0,0.0,29.263648144444492
2004-09-02,28.3,20.6,0.0,28.312649868817804
2004-09-03,32.2,17.2,0.0,32.02327019841567
2004-09-04,32.2,22.8,0.0,35.286900788051064
2004-09-05,35.6,23.9,0.0,37.598498363004396
2004-09-06,31.1,22.2,3.6,34.48873600083557
2004-09-07,31.1,20.0,0.0,30.03229921107551
2004-09-08,31.7,18.9,0.0,29.745586538231123
2004-09-09,32.8,17.2,0.0,30.43976250705777
2004-09-10,33.9,19.4,0.0,32.22746681119117
2004-09-11,35.6,22.8,0.0,36.089105944444455
2004-09-12,35.6,21.7,0.0,35.32744342903122
2004-09-13,33.9,21.1,0.5,35.25822549561561
2004-09-14,30.0,22.8,35.8,34.331803355555614
2004-09-15,33.9,23.3,0.0,36.60358037643559
2004-09-16,35.6,22.8,0.0,36.32746605479784
2004-09-17,35.6,22.8,0.0,36.92080481111116
2004-09-18,35.0,21.7,0.0,36.127153572515546
2004-09-19,34.4,23.3,0.0,34.77222676805112
2004-09-20,33.3,20.6,0.0,33.16821562719118
2004-09-21,33.3,20.0,0.0,32.56900581695783
2004-09-22,32.8,21.7,0.0,32.39278539805116
2004-09-23,32.8,20.6,0.0,32.755005308284495
2004-09-24,32.8,19.4,0.0,32.56727818179556
2004-09-25,26.1,20.6,0.0,29.930825938151138
2004-09-26,31.7,21.1,0.0,30.276920798631156
2004-09-27,28.3,19.4,0.0,28.164564010515555
2004-09-28,31.7,21.1,0.0,29.933376361715634
2004-09-29,32.2,18.3,0.0,29.745586538231123
2004-09-30,32.8,17.2,0.0,32.21115006887111
2004-10-01,32.2,20.6,0.0,33.820934725784504
2004-10-02,26.1,18.3,50.3,32.15124504993779
2004-10-03,31.7,18.9,0.0,33.820934725784504
2004-10-04,31.1,18.9,4.3,32.02327019841567
2004-10-05,26.7,17.8,0.0,27.592192616015534
2004-10-06,30.6,17.8,2.8,31.20833997777773
2004-10-07,28.3,20.6,0.0,28.499177144657796
2004-10-08,27.8,20.0,0.0,28.181459693315517
2004-10-09,28.3,18.9,0.0,28.146045184835597
2004-10-10,28.3,18.3,0.0,27.624331573457855
2004-10-11,26.1,16.1,0.0,25.50833333333333
2004-10-12,27.2,15.0,0.0,26.59805555555556
2004-10-13,26.7,16.7,6.4,26.333611111111118
2004-10-14,21.7,10.0,0.0,21.44916666666667
2004-10-15,30.0,10.6,0.0,28.553710244444435
2004-10-16,30.6,13.3,0.0,30.052721355555555
2004-10-17,31.7,21.1,0.0,33.6296077330646
2004-10-18,31.7,24.4,0.0,33.85445181291555
2004-10-19,33.3,24.4,0.0,35.781684200924495
2004-10-20,31.7,23.9,0.0,35.55203763279115
2004-10-21,32.8,23.9,0.0,33.820934725784504
2004-10-22,32.2,20.0,13.2,33.6296077330646
2004-10-23,27.2,19.4,36.8,31.229195675431228
2004-10-24,28.3,20.6,1.8,30.967434366904588
2004-10-25,30.0,20.6,0.0,31.887677555555513
2004-10-26,30.6,20.0,0.0,31.887677555555513
2004-10-27,30.0,23.3,1.5,32.25745578348452
2004-10-28,30.0,21.7,0.3,31.015885100115636
2004-10-29,30.0,22.2,0.0,31.539548077777795
2004-10-30,30.0,21.1,0.0,30.6159912848178
2004-10-31,29.4,21.7,0.0,30.159277208915682
2004-11-01,23.9,15.6,39.1,27.835943809757786
2004-11-02,15.6,11.7,0.0,20.715277777777775
2004-11-03,15.0,6.1,0.0,14.391388888888887
2004-11-04,23.9,4.4,0.0,22.806111111111104
2004-11-05,23.3,8.3,0.0,21.781666666666663
2004-11-06,26.7,7.2,0.0,25.82444444444445
2004-11-07,27.8,8.3,0.0,26.629206586524436
2004-11-08,26.1,11.7,0.0,25.495277777777776
2004-11-09,23.9,13.3,0.0,23.184722222222216
2004-11-10,27.2,13.3,0.0,26.08555555555556
2004-11-11,19.4,10.0,0.0,22.76416666666667
2004-11-12,10.6,7.2,0.0,14.535
2004-11-13,11.1,10.0,0.5,10.72722222222222
2004-11-14,11.7,10.0,14.0,10.411111111111108
2004-11-15,19.4,11.7,10.2,19.533611111111117
2004-11-16,21.7,16.7,51.8,22.04
2004-11-17,20.6,12.8,75.9,21.396944444444443
2004-11-18,24.4,13.3,0.0,23.879999999999995
2004-11-19,21.7,13.9,0.0,20.61083333333333
2004-11-20,18.9,16.1,17.5,18.300277777777776
2004-11-21,19.4,17.2,3.8,20.281111111111112
2004-11-22,18.3,16.1,117.1,18.509166666666662
2004-11-23,25.6,12.2,19.6,25.20472222222223
2004-11-24,15.6,5.6,0.0,21.87027777777778
2004-11-25,17.8,3.9,0.0,17.30527777777778
2004-11-26,23.9,8.3,0.0,23.328333333333326
2004-11-27,20.0,6.7,0.0,20.636944444444445
2004-11-28,22.8,5.6,0.0,22.633611111111115
2004-11-29,27.2,8.9,0.0,28.030491895751087
2004-11-30,11.7,2.2,8.6,15.742222222222226
2004-12-01,14.4,-0.6,0.0,12.488888888888887
2004-12-02,17.8,4.4,0.0,16.61
2004-12-03,12.2,5.6,0.0,13.340833333333338
2004-12-04,17.8,6.1,0.3,17.475000000000005
2004-12-05,18.3,12.8,2.8,18.456944444444442
2004-12-06,22.2,12.8,2.5,22.473611111111104
2004-12-07,21.7,7.8,0.0,21.948611111111106
2004-12-08,17.2,7.2,0.0,16.936388888888885
2004-12-09,25.6,9.4,0.0,24.617222222222225
2004-12-10,20.6,10.0,0.0,19.510833333333338
2004-12-11,21.1,6.7,0.0,20.587500000000002
2004-12-12,26.7,7.2,0.0,25.85055555555556
2004-12-13,15.0,6.1,0.0,20.23222222222222
2004-12-14,10.6,-0.6,0.0,9.536388888888887
2004-12-15,12.2,-3.9,0.0,11.37305555555556
2004-12-16,13.9,7.2,0.0,12.85444444444444
2004-12-17,17.2,4.4,0.0,16.01972222222222
2004-12-18,19.4,2.8,0.0,18.23833333333333
2004-12-19,17.8,5.0,0.0,16.414166666666663
2004-12-20,20.6,5.6,0.0,19.341111111111108
2004-12-21,23.9,9.4,0.0,23.028055555555557
2004-12-22,11.1,0.0,2.8,19.602222222222217
2004-12-23,6.1,-4.4,0.0,3.6825000000000014
2004-12-24,1.1,-3.3,0.0,0.40027777777777845
2004-12-25,10.6,-3.9,0.0,8.328611111111112
2004-12-26,17.2,-2.8,0.0,15.889166666666666
2004-12-27,17.8,-0.6,0.0,16.740555555555552
2004-12-28,21.7,9.4,0.0,20.362777777777772
2004-12-29,21.7,12.2,0.0,20.480277777777772
2004-12-30,21.7,14.4,0.0,21.609166666666667
2004-12-31,25.6,17.2,0.0,24.35277777777778
2005-01-01,23.9,17.8,0.0,23.302222222222216
2005-01-02,22.2,18.3,8.1,22.43444444444443
2005-01-03,25.0,20.0,1.8,24.5225
2005-01-04,25.6,19.4,0.5,24.54861111111111
2005-01-05,21.1,3.9,2.5,22.855555555555565
2005-01-06,3.9,1.1,0.0,6.762777777777779
2005-01-07,15.6,1.1,1.3,15.308611111111109
2005-01-08,15.0,5.0,0.0,13.839722222222225
2005-01-09,20.6,11.1,0.0,20.61083333333333
2005-01-10,22.8,17.8,0.0,22.76416666666667
2005-01-11,26.1,17.2,0.0,25.586666666666662
2005-01-12,22.2,18.3,0.0,22.685833333333335
2005-01-13,18.3,6.7,0.0,21.765833333333333
2005-01-14,13.9,2.2,0.0,12.936111111111112
2005-01-15,13.3,1.7,0.0,12.475833333333329
2005-01-16,10.0,-1.1,0.0,9.154444444444445
2005-01-17,12.2,-1.7,0.0,10.913333333333336
2005-01-18,10.6,5.0,0.0,9.206666666666669
2005-01-19,20.6,5.6,0.0,19.22027777777778
2005-01-20,23.3,7.2,0.0,22.594444444444452
2005-01-21,23.3,7.2,0.0,22.620555555555562
2005-01-22,19.4,5.0,0.0,19.745833333333326
2005-01-23,7.8,-1.1,0.0,12.30611111111111
2005-01-24,16.7,0.0,0.0,15.836944444444448
2005-01-25,26.7,5.6,0.0,25.36472222222222
2005-01-26,25.0,11.1,0.0,24.708611111111118
2005-01-27,16.1,6.1,34.5,21.348055555555558
2005-01-28,9.4,6.1,3.3,8.942222222222224
2005-01-29,11.1,6.7,0.0,10.241388888888888
2005-01-30,8.9,5.6,2.5,9.572222222222225
2005-01-31,6.7,5.6,2.5,6.801944444444447
2005-02-01,6.7,4.4,10.2,5.55555555555556
2005-02-02,6.7,3.9,0.0,5.91138888888889
2005-02-03,12.8,2.2,0.0,11.49055555555556
2005-02-04,13.3,3.3,0.0,12.13361111111111
2005-02-05,15.0,4.4,0.0,13.839722222222225
2005-02-06,20.6,11.7,6.6,20.571666666666665
2005-02-07,15.6,9.4,5.8,18.85194444444444
2005-02-08,13.3,9.4,0.3,13.523611111111112
2005-02-09,12.8,6.7,0.0,12.62972222222222
2005-02-10,14.4,5.0,0.0,13.00138888888889
2005-02-11,11.7,8.3,0.3,10.743611111111115
2005-02-12,18.3,8.3,0.5,18.195833333333333
2005-02-13,25.6,15.0,4.1,25.299444444444436
2005-02-14,27.2,10.6,0.0,26.389166666666668
2005-02-15,27.8,11.1,0.0,27.065915636284476
2005-02-16,20.6,11.7,0.0,25.50833333333333
2005-02-17,16.7,9.4,0.0,16.714444444444446
2005-02-18,13.9,7.2,1.3,14.273888888888886
2005-02-19,18.3,11.1,2.5,15.66111111111111
2005-02-20,21.7,16.1,0.0,21.831111111111106
2005-02-21,26.7,13.9,0.0,26.24222222222223
2005-02-22,23.9,16.1,0.0,23.302222222222216
2005-02-23,23.9,16.7,0.0,23.328333333333326
2005-02-24,18.3,8.3,5.6,22.19944444444444
2005-02-25,14.4,6.7,0.0,13.262500000000001
2005-02-26,10.6,6.1,19.1,11.581944444444446
2005-02-27,20.6,6.1,0.0,20.245277777777773
2005-02-28,19.4,6.7,0.0,18.49944444444445
2005-03-01,20.0,7.2,0.0,19.602222222222217
2005-03-02,13.9,6.7,23.9,17.37055555555556
2005-03-03,15.0,8.9,0.0,14.061666666666667
2005-03-04,15.0,10.6,0.0,14.783055555555555
2005-03-05,18.9,12.8,4.1,18.78666666666667
2005-03-06,15.6,13.3,9.9,16.06861111111111
2005-03-07,26.7,12.8,1.3,26.506666666666668
2005-03-08,21.1,8.3,0.0,24.07861111111111
2005-03-09,22.8,9.4,0.0,21.611944444444436
2005-03-10,27.2,5.0,0.0,26.36305555555556
2005-03-11,23.9,11.7,0.0,23.48833333333333
2005-03-12,27.8,11.1,0.0,27.093906147537833
2005-03-13,29.4,12.2,0.0,27.860668231484485
2005-03-14,18.3,7.2,0.0,18.81555555555555
2005-03-15,12.8,7.2,0.3,15.350555555555555
2005-03-16,12.8,5.6,1.8,10.991666666666667
2005-03-17,18.3,2.8,0.0,17.543055555555554
2005-03-18,24.4,7.2,0.0,24.130833333333335
2005-03-19,25.6,12.2,6.6,24.982777777777773
2005-03-20,25.6,10.0,0.0,24.982777777777773
2005-03-21,26.1,16.1,14.2,25.612777777777776
2005-03-22,23.9,12.2,0.0,23.958333333333332
2005-03-23,23.9,7.2,0.0,22.962777777777777
2005-03-24,27.2,12.2,0.0,27.23515810385777
2005-03-25,27.8,15.0,16.8,27.543531976835535
2005-03-26,16.1,8.3,15.0,25.612777777777776
2005-03-27,16.7,6.1,1.0,16.058888888888887
2005-03-28,25.0,3.9,0.0,24.669444444444444
2005-03-29,25.0,12.2,0.0,24.43111111111111
2005-03-30,29.4,15.6,0.0,27.685917222915585
2005-03-31,29.4,12.8,14.5,28.33797592205119
2005-04-01,20.6,10.0,0.0,20.255000000000003
2005-04-02,23.3,7.2,0.0,22.268055555555563
2005-04-03,23.9,6.7,0.0,23.61888888888889
2005-04-04,25.0,13.3,0.0,24.35277777777778
2005-04-05,26.7,14.4,9.4,26.21611111111112
2005-04-06,25.0,10.0,0.0,25.087222222222227
2005-04-07,27.8,13.9,0.0,26.45444444444444
2005-04-08,26.7,9.4,0.0,25.45611111111111
2005-04-09,28.9,13.9,0.0,27.763646131857854
2005-04-10,27.8,18.3,0.0,28.577176604924507
2005-04-11,25.6,13.3,0.0,25.181944444444436
2005-04-12,27.8,10.6,0.0,26.240118096551093
2005-04-13,30.0,13.3,0.0,27.668524419964463
2005-04-14,26.1,11.1,0.0,26.16162130220444
2005-04-15,24.4,13.9,0.0,24.196111111111108
2005-04-16,26.1,11.7,0.0,25.495277777777776
2005-04-17,25.0,14.4,0.0,24.982777777777773
2005-04-18,23.3,17.2,0.8,22.108055555555545
2005-04-19,26.1,18.3,0.0,25.71722222222222
2005-04-20,27.2,18.9,0.8,26.2813888888889
2005-04-21,26.7,19.4,0.0,27.962515993535547
2005-04-22,31.1,18.9,0.0,32.02327019841567
2005-04-23,22.8,13.3,0.0,27.044716462524498
2005-04-24,21.1,7.8,0.0,20.496111111111112
2005-04-25,22.2,12.8,3.3,21.765833333333333
2005-04-26,26.1,13.9,0.0,25.181944444444436
2005-04-27,31.1,10.0,0.0,29.0329700379378
2005-04-28,31.7,17.8,0.0,31.043001335615575
2005-04-29,34.4,16.7,0.0,33.416860450984544
2005-04-30,22.2,8.9,4.1,28.34817124444444
2005-05-01,23.3,7.8,0.0,22.936666666666667
2005-05-02,25.0,12.2,0.0,23.56666666666666
2005-05-03,23.9,12.8,0.0,22.46388888888889
2005-05-04,25.0,13.3,0.8,23.644999999999996
2005-05-05,27.2,13.3,0.0,27.12101463745771
2005-05-06,28.3,15.0,0.0,27.369093992871175
2005-05-07,27.2,17.8,0.3,27.25004875993561
2005-05-08,20.6,15.6,37.1,25.035
2005-05-09,30.0,15.0,0.0,31.900241944515585
2005-05-10,30.0,20.0,0.0,31.015885100115636
2005-05-11,28.3,20.6,0.0,29.66075088801562
2005-05-12,28.3,20.0,0.0,29.697203661351164
2005-05-13,29.4,20.0,0.0,29.10017681673787
2005-05-14,29.4,17.8,1.3,28.39887615283563
2005-05-15,29.4,18.9,0.0,27.908959375464487
2005-05-16,23.9,16.1,0.0,25.94194444444445
2005-05-17,29.4,14.4,0.0,29.300882540051173
2005-05-18,30.0,20.6,0.0,30.331079793937747
2005-05-19,30.6,21.7,0.0,31.20833997777773
2005-05-20,33.3,21.1,0.0,34.59215684108437
2005-05-21,36.1,19.4,0.0,35.5804232555556
2005-05-22,35.6,22.2,0.0,36.29269838081786
2005-05-23,33.9,20.0,0.0,34.104005616737815
2005-05-24,33.9,21.7,0.0,34.3537671678578
2005-05-25,34.4,21.7,0.0,34.5413827922756
2005-05-26,28.9,21.7,0.0,32.56900581695783
2005-05-27,32.2,18.9,0.0,30.898330215831233
2005-05-28,31.7,19.4,11.7,32.15124504993779
2005-05-29,29.4,18.3,27.7,31.557488575164523
2005-05-30,28.9,18.9,0.8,30.294298970771212
2005-05-31,31.1,20.6,0.0,31.617318406151192
2005-06-01,31.7,17.8,22.6,32.02327019841567
2005-06-02,32.2,19.4,0.0,34.28580817393564
2005-06-03,30.6,22.2,0.0,34.24562740051562
2005-06-04,33.3,23.9,0.0,36.45781422883556
2005-06-05,33.9,22.8,0.0,35.09003579559113
2005-06-06,33.3,23.9,0.0,35.09003579559113
2005-06-07,33.9,24.4,0.0,37.20667336761786
2005-06-08,33.9,25.0,0.0,37.51950270193562
2005-06-09,33.3,25.0,0.0,36.45781422883556
2005-06-10,33.9,23.9,0.0,35.22748101695786
2005-06-11,34.4,23.9,0.0,35.77663859119783
2005-06-12,33.9,23.3,0.0,36.03057495519112
2005-06-13,32.8,23.3,0.0,36.931999601315574
2005-06-14,35.0,23.9,0.0,36.98420724259553
2005-06-15,36.1,22.8,0.0,38.356258128515606
2005-06-16,36.1,22.8,0.0,37.405549098975634
2005-06-17,36.1,22.8,0.0,38.356258128515606
2005-06-18,35.6,23.9,0.0,37.21635105555562
2005-06-19,35.0,23.3,0.0,36.91070788641558
2005-06-20,35.0,24.4,0.0,35.513380247404434
2005-06-21,35.0,19.4,0.0,34.01955023811552
2005-06-22,35.0,19.4,0.0,34.104005616737815
2005-06-23,35.6,22.2,0.0,34.427815724817805
2005-06-24,35.0,21.1,0.0,33.828294096871105
2005-06-25,35.0,20.6,0.0,33.50871679346449
2005-06-26,35.6,22.2,0.0,34.427815724817805
2005-06-27,35.6,22.2,0.0,34.77222676805112
2005-06-28,35.6,22.8,0.0,35.83018627777781
2005-06-29,36.7,22.2,0.0,37.71805098215121
2005-06-30,37.8,24.4,0.0,39.829193699571064
2005-07-01,38.3,24.4,0.0,39.43263444819561
2005-07-02,38.9,24.4,0.0,39.97253118885107
2005-07-03,38.3,25.0,0.0,40.13635133153782
2005-07-04,38.3,25.0,0.0,40.13635133153782
2005-07-05,37.2,23.9,0.0,38.145823156737805
2005-07-06,40.0,23.9,0.0,40.31258489649559
2005-07-07,40.0,21.1,6.4,40.7030049336245
2005-07-08,35.0,20.6,0.0,37.11799434521783
2005-07-09,36.1,22.8,0.0,35.790623446115625
2005-07-10,36.7,22.8,0.0,37.11799434521783
2005-07-11,38.3,23.3,5.8,38.70551121452447
2005-07-12,37.2,23.9,0.0,38.99620826783118
2005-07-13,38.3,24.4,0.0,40.08503163468442
2005-07-14,38.3,22.2,24.4,40.457938586435525
2005-07-15,31.7,21.1,1.8,35.31575843611568
2005-07-16,30.6,22.8,2.0,33.44940924444435
2005-07-17,30.0,22.8,9.7,32.25745578348452
2005-07-18,35.0,23.9,0.0,38.846038964051104
2005-07-19,35.0,23.9,1.0,37.598498363004396
2005-07-20,31.7,24.4,2.5,35.55203763279115
2005-07-21,34.4,24.4,0.0,37.20667336761786
2005-07-22,36.1,23.9,0.3,38.15792965555557
2005-07-23,35.6,23.9,0.0,37.20667336761786
2005-07-24,35.0,23.9,10.2,36.91070788641558
2005-07-25,34.4,23.3,0.0,36.32746605479784
2005-07-26,34.4,23.9,0.0,36.45781422883556
2005-07-27,35.0,23.3,3.8,37.51950270193562
2005-07-28,33.9,21.7,1.5,35.616047560835526
2005-07-29,32.2,23.9,0.5,34.32017456463127
2005-07-30,35.6,22.2,0.0,38.15792965555557
2005-07-31,36.7,21.1,0.0,34.31864240850442
2005-08-01,36.7,22.2,0.8,36.573461917715555
2005-08-02,36.7,22.8,0.0,37.11873875340457
2005-08-03,36.7,23.9,0.0,39.12359551698453
2005-08-04,36.7,23.9,0.0,38.03229269063124
2005-08-05,32.2,20.0,30.7,34.48873600083557
2005-08-06,35.6,22.2,0.0,36.92080481111116
2005-08-07,35.0,23.9,0.0,36.127153572515546
2005-08-08,35.6,22.2,4.1,37.71805098215121
2005-08-09,31.7,22.2,4.1,33.85445181291555
2005-08-10,26.7,21.1,22.1,32.25272841111113
2005-08-11,34.4,22.8,0.0,35.513380247404434
2005-08-12,35.6,24.4,0.0,37.84634757387565
2005-08-13,34.4,25.0,0.0,38.17443465370449
2005-08-14,36.1,26.1,0.0,39.386496818595646
2005-08-15,34.4,25.0,0.3,36.45781422883556
2005-08-16,35.6,23.9,0.0,37.83491347777776
2005-08-17,36.1,24.4,0.0,38.011235686504506
2005-08-18,37.2,24.4,0.0,37.71805098215121
2005-08-19,36.7,25.0,0.0,38.99620826783118
2005-08-20,37.2,24.4,0.0,38.145823156737805
2005-08-21,37.8,23.9,0.0,37.547724858995565
2005-08-22,38.3,23.9,0.0,39.43263444819561
2005-08-23,38.3,24.4,0.0,40.7030049336245
2005-08-24,37.2,24.4,0.0,38.356258128515606
2005-08-25,37.2,24.4,0.0,38.46099728833563
2005-08-26,38.3,25.0,0.0,39.829193699571064
2005-08-27,38.9,25.0,0.0,41.89030390441778
2005-08-28,34.4,23.3,0.0,38.011235686504506
2005-08-29,35.6,24.4,0.0,36.40425372780442
2005-08-30,36.7,22.2,0.0,35.32744342903122
2005-08-31,38.9,23.3,0.0,37.233352309724495
2005-09-01,37.2,23.9,0.0,36.972552744817804
2005-09-02,33.9,23.9,0.5,35.75535508329567
2005-09-03,35.6,21.1,0.0,35.25822549561561
2005-09-04,35.0,23.3,0.0,34.492084111084516
2005-09-05,36.7,21.1,0.0,35.60670538276444
2005-09-06,35.0,21.1,0.0,35.10459696540446
2005-09-07,33.9,20.6,0.0,32.40333525931559
2005-09-08,34.4,20.6,0.0,32.37481451085111
2005-09-09,35.0,21.1,0.0,35.108367144444465
2005-09-10,33.3,22.2,0.0,35.24517878083567
2005-09-11,24.4,22.8,20.6,26.46416666666667
2005-09-12,32.8,22.2,15.5,33.6296077330646
2005-09-13,33.9,22.8,0.0,36.91070788641558
2005-09-14,35.0,23.3,0.0,36.91070788641558
2005-09-15,35.6,25.0,0.0,38.15792965555557
2005-09-16,35.0,25.0,0.0,37.598498363004396
2005-09-17,36.1,23.3,0.0,38.03229269063124
2005-09-18,36.1,23.3,0.0,37.71805098215121
2005-09-19,36.1,23.9,0.0,37.71805098215121
2005-09-20,36.1,22.8,0.0,35.85863781863108
2005-09-21,37.2,23.3,0.0,36.99262651519117
2005-09-22,38.3,22.8,0.0,36.84797455203558
2005-09-23,36.7,22.2,0.0,36.84063195146445
2005-09-24,37.2,26.1,0.0,38.46099728833563
2005-09-25,41.7,21.1,0.0,41.87664238005113
2005-09-26,41.7,24.4,0.0,41.87664238005113
2005-09-27,39.4,23.9,0.0,41.89030390441778
2005-09-28,41.1,22.8,0.0,41.313814567484464
2005-09-29,29.4,21.1,0.0,36.84063195146445
2005-09-30,31.1,21.1,0.0,32.53139821281776
2005-10-01,35.0,23.3,0.0,35.85863781863108
2005-10-02,35.0,22.8,0.0,35.25822549561561
2005-10-03,35.0,24.4,0.0,36.127153572515546
2005-10-04,32.8,23.9,0.3,34.28580817393564
2005-10-05,34.4,22.8,0.0,34.97482682251561
2005-10-06,25.6,12.2,0.0,32.19925999255788
2005-10-07,14.4,11.1,2.8,19.141944444444444
2005-10-08,26.7,12.2,0.0,26.36305555555556
2005-10-09,28.9,11.7,0.0,27.790741763971212
2005-10-10,21.1,15.6,29.0,26.519722222222224
2005-10-11,23.3,18.3,1.8,23.524166666666662
2005-10-12,31.1,17.2,0.0,30.680156280497766
2005-10-13,29.4,19.4,0.0,28.41927290529559
2005-10-14,30.0,18.3,0.0,29.076271755555542
2005-10-15,30.6,16.1,0.0,28.040058533564512
2005-10-16,29.4,15.0,0.0,28.03957093897562
2005-10-17,31.1,15.6,0.0,29.505452476764454
2005-10-18,32.2,15.6,0.0,30.18421456132451
2005-10-19,32.2,16.7,0.0,31.297374850524463
2005-10-20,33.3,19.4,0.0,31.297374850524463
2005-10-21,29.4,17.2,0.0,28.258726944275562
2005-10-22,26.7,13.3,0.0,26.467500000000005
2005-10-23,25.0,10.0,0.0,24.130833333333335
2005-10-24,19.4,6.1,0.0,18.159999999999993
2005-10-25,22.8,6.1,0.0,22.17666666666667
2005-10-26,25.0,5.6,0.0,23.96111111111111
2005-10-27,25.6,12.8,0.0,23.59277777777777
2005-10-28,23.9,10.0,0.0,22.832222222222214
2005-10-29,25.0,10.0,0.0,24.065555555555562
2005-10-30,27.8,13.3,0.0,27.624331573457855
2005-10-31,27.8,11.1,11.4,27.360965654024444
2005-11-01,23.3,7.8,0.0,22.20277777777778
2005-11-02,26.1,6.1,0.0,25.11666666666666
2005-11-03,27.2,9.4,0.0,26.493611111111115
2005-11-04,27.8,15.0,0.0,26.637222222222224
2005-11-05,30.6,17.8,0.0,29.70166993027563
2005-11-06,30.6,18.3,0.0,31.126955483004483
2005-11-07,31.1,21.7,0.0,31.126955483004483
2005-11-08,31.1,21.1,0.0,32.02327019841567
2005-11-09,30.0,21.1,0.0,30.194046724604465
2005-11-10,27.8,15.0,0.0,28.030491895751087
2005-11-11,27.8,14.4,0.0,27.8139038595378
2005-11-12,26.7,21.1,0.0,27.71250268391774
2005-11-13,30.6,21.1,0.0,30.454350755555513
2005-11-14,28.9,17.8,0.0,28.601447857571216
2005-11-15,25.6,10.0,0.0,26.137777777777778
2005-11-16,14.4,3.9,0.0,15.324444444444445
2005-11-17,15.6,-0.6,0.0,14.616666666666667
2005-11-18,16.1,8.9,0.0,14.130277777777778
2005-11-19,20.0,9.4,0.0,19.44555555555556
2005-11-20,19.4,8.3,0.0,18.199166666666667
2005-11-21,20.6,3.9,0.0,19.341111111111108
2005-11-22,25.0,7.8,0.0,23.88277777777778
2005-11-23,30.6,7.8,0.0,27.947113327619444
2005-11-24,28.3,8.9,0.0,26.33694444444444
2005-11-25,26.7,13.9,0.0,26.0463888888889
2005-11-26,21.7,13.9,8.4,22.134166666666665
2005-11-27,28.9,14.4,0.0,28.1825764545045
2005-11-28,17.8,3.9,0.0,22.832222222222214
2005-11-29,15.6,1.1,0.0,14.091111111111113
2005-11-30,22.2,1.1,0.0,21.833888888888882
2005-12-01,17.8,5.0,0.0,19.063611111111115
2005-12-02,23.3,2.2,0.0,22.633611111111115
2005-12-03,27.8,14.4,0.0,27.543531976835535
2005-12-04,21.7,6.1,0.0,24.405
2005-12-05,13.3,0.6,0.0,11.37305555555556
2005-12-06,15.6,-2.8,0.0,14.668888888888887
2005-12-07,10.6,-3.9,2.0,11.281666666666668
2005-12-08,2.2,-5.0,0.0,0.517777777777779
2005-12-09,6.1,-2.8,0.0,4.824444444444447
2005-12-10,22.2,5.6,0.0,21.217499999999994
2005-12-11,18.3,3.9,0.0,16.374999999999996
2005-12-12,21.7,6.7,0.0,21.08694444444445
2005-12-13,21.7,5.0,0.0,20.926944444444448
2005-12-14,19.4,7.2,0.0,20.454166666666666
2005-12-15,15.0,3.3,0.0,12.896944444444445
2005-12-16,9.4,3.3,0.0,9.983055555555554
2005-12-17,8.9,3.9,0.3,8.234444444444446
2005-12-18,12.8,4.4,0.0,11.581944444444446
2005-12-19,13.3,2.8,0.0,12.475833333333329
2005-12-20,11.1,7.8,0.0,11.37305555555556
2005-12-21,14.4,0.6,0.0,12.580277777777773
2005-12-22,17.8,0.6,0.0,17.240000000000006
2005-12-23,23.3,3.9,0.0,21.79472222222221
2005-12-24,22.8,10.0,0.0,21.50749999999999
2005-12-25,23.3,7.8,0.0,22.675555555555558
2005-12-26,26.7,5.0,0.0,25.75916666666667
2005-12-27,25.0,12.2,0.0,23.723333333333333
2005-12-28,23.3,8.3,0.0,21.638055555555553
2005-12-29,23.3,5.6,0.0,22.241944444444453
2005-12-30,23.3,7.2,0.0,22.71472222222222
2005-12-31,25.0,2.8,0.0,24.643333333333334
2006-01-01,29.4,17.2,0.0,27.684918104495598
2006-01-02,25.6,9.4,0.0,26.467500000000005
2006-01-03,30.0,6.1,0.0,27.7640842376711
2006-01-04,25.6,8.9,0.0,24.59111111111112
2006-01-05,20.6,8.9,0.0,19.24972222222222
2006-01-06,18.9,5.0,0.0,17.46472222222222
2006-01-07,26.1,1.7,0.0,25.576388888888896
2006-01-08,25.6,11.1,0.0,24.59111111111112
2006-01-09,26.7,11.7,0.0,25.94194444444445
2006-01-10,17.2,3.9,0.0,23.09333333333333
2006-01-11,23.9,3.3,0.0,22.25500000000001
2006-01-12,25.0,11.7,0.0,23.775555555555552
2006-01-13,18.9,7.8,0.0,20.979166666666675
2006-01-14,20.6,3.3,0.0,19.158333333333335
2006-01-15,22.2,10.0,0.0,21.387222222222224
2006-01-16,20.0,11.7,0.3,20.297499999999992
2006-01-17,15.0,2.8,0.0,14.378333333333334
2006-01-18,22.8,2.2,0.0,20.9825
2006-01-19,25.0,12.2,0.0,23.605833333333333
2006-01-20,25.6,11.1,0.0,25.43
2006-01-21,15.6,6.1,0.0,21.977499999999992
2006-01-22,9.4,7.8,11.9,13.539444444444442
2006-01-23,17.8,5.0,0.0,16.649166666666662
2006-01-24,21.7,3.3,0.0,21.047777777777775
2006-01-25,21.7,5.6,0.0,21.047777777777775
2006-01-26,16.7,10.6,0.0,17.543055555555554
2006-01-27,21.7,10.6,0.0,20.87472222222222
2006-01-28,20.6,11.7,33.5,20.61083333333333
2006-01-29,26.7,3.9,0.0,25.62861111111112
2006-01-30,21.1,7.2,0.0,22.740833333333327
2006-01-31,23.3,2.8,0.0,22.268055555555563
2006-02-01,19.4,13.9,3.0,20.101666666666663
2006-02-02,23.9,9.4,0.0,23.410000000000004
2006-02-03,18.3,7.2,0.0,21.178333333333338
2006-02-04,21.7,5.6,0.0,20.365555555555563
2006-02-05,26.1,3.9,0.0,25.77222222222223
2006-02-06,18.3,7.8,0.0,24.643333333333334
2006-02-07,19.4,3.3,0.0,17.49083333333333
2006-02-08,23.3,5.0,0.0,21.520555555555553
2006-02-09,21.7,3.9,0.0,21.217499999999994
2006-02-10,15.6,6.7,3.8,19.432499999999997
2006-02-11,11.1,2.2,0.0,9.904722222222217
2006-02-12,19.4,-1.7,0.0,18.00333333333333
2006-02-13,18.3,-0.6,0.0,17.43861111111111
2006-02-14,25.0,3.9,0.0,23.948055555555563
2006-02-15,25.6,13.3,0.0,25.50833333333333
2006-02-16,27.8,19.4,0.0,27.910757868995592
2006-02-17,20.6,3.9,0.8,26.059444444444452
2006-02-18,3.9,-2.2,0.3,5.150833333333335
2006-02-19,2.8,-2.2,0.3,1.3169444444444482
2006-02-20,6.1,1.1,0.3,5.594722222222227
2006-02-21,12.2,5.6,0.3,11.526944444444448
2006-02-22,20.6,11.1,0.0,20.636944444444445
2006-02-23,20.6,7.8,0.0,20.049444444444443
2006-02-24,16.1,9.4,0.0,16.531666666666663
2006-02-25,15.6,11.1,14.0,15.491388888888887
2006-02-26,20.0,8.3,0.0,18.86777777777778
2006-02-27,24.4,6.1,0.0,23.54055555555555
2006-02-28,28.3,12.2,0.0,27.369093992871175
2006-03-01,30.6,13.9,0.0,29.505452476764454
2006-03-02,30.6,13.9,0.0,29.505452476764454
2006-03-03,25.6,16.7,0.0,27.310157834435607
2006-03-04,24.4,12.2,0.0,23.775555555555552
2006-03-05,26.7,17.8,0.0,26.08555555555556
2006-03-06,27.8,17.8,0.0,27.676087608817763
2006-03-07,26.1,18.3,0.0,26.137777777777778
2006-03-08,30.6,18.9,0.0,29.263648144444492
2006-03-09,26.1,11.7,7.4,26.111666666666668
2006-03-10,32.8,9.4,0.0,30.811968624551078
2006-03-11,31.7,20.6,0.0,31.348378167197765
2006-03-12,31.7,21.1,0.0,31.5090838789956
2006-03-13,25.0,14.4,0.3,29.65017504153784
2006-03-14,22.8,9.4,0.0,22.12444444444445
2006-03-15,22.8,7.8,0.3,26.330451283057805
2006-03-16,26.1,15.6,0.0,26.95966309799115
2006-03-17,19.4,15.6,0.0,26.111666666666668
2006-03-18,20.0,13.3,5.8,18.603888888888886
2006-03-19,23.9,12.8,13.5,24.049722222222226
2006-03-20,25.0,10.0,74.4,24.512777777777778
2006-03-21,20.0,6.7,0.0,23.357777777777773
2006-03-22,13.3,5.0,0.0,17.083333333333336
2006-03-23,13.9,4.4,4.3,12.13361111111111
2006-03-24,17.2,1.1,0.0,15.87611111111111
2006-03-25,22.2,1.7,0.0,20.443888888888893
2006-03-26,24.4,5.6,0.0,23.605833333333333
2006-03-27,20.0,16.7,2.5,21.36111111111111
2006-03-28,18.9,13.9,82.8,18.456944444444442
2006-03-29,26.1,13.9,0.3,26.111666666666668
2006-03-30,28.9,18.9,0.0,27.763646131857854
2006-03-31,27.8,20.6,0.0,28.76327423575113
2006-04-01,31.1,21.7,0.0,31.126955483004483
2006-04-02,32.2,21.1,0.0,32.19925999255788
2006-04-03,29.4,18.3,0.0,31.285569377315557
2006-04-04,30.0,17.8,0.0,29.927305577777776
2006-04-05,30.6,20.6,0.0,29.576440311111114
2006-04-06,31.1,20.0,0.0,30.406492212515545
2006-04-07,33.9,17.8,0.0,30.600931757478577
2006-04-08,24.4,11.7,0.0,28.532496354278855
2006-04-09,27.8,10.0,0.0,26.36305555555556
2006-04-10,28.3,13.3,0.0,26.68972755820452
2006-04-11,28.9,15.0,0.0,27.369093992871175
2006-04-12,29.4,18.3,0.0,28.78069813099559
2006-04-13,30.6,19.4,0.0,29.70166993027563
2006-04-14,31.7,15.6,0.0,29.933376361715634
2006-04-15,32.2,20.6,0.0,31.43356560353779
2006-04-16,35.0,19.4,0.0,35.83018627777781
2006-04-17,37.2,22.2,0.0,38.145823156737805
2006-04-18,36.7,20.6,3.8,37.26480069285115
2006-04-19,32.8,21.1,0.0,33.57033428108443
2006-04-20,25.6,17.2,13.2,31.617318406151192
2006-04-21,28.9,17.2,35.3,28.246993170957833
2006-04-22,31.1,15.6,0.0,29.576440311111114
2006-04-23,31.1,20.0,0.0,31.20833997777773
2006-04-24,28.9,21.1,0.0,30.026780984595675
2006-04-25,26.7,16.1,0.0,29.47601872620456
2006-04-26,23.9,14.4,0.0,23.65805555555555
2006-04-27,25.0,13.3,0.0,24.930555555555557
2006-04-28,30.6,18.9,0.5,31.617318406151192
2006-04-29,27.8,15.6,20.6,28.030491895751087
2006-04-30,31.1,11.1,0.0,29.16510310077114
2006-05-01,32.2,17.2,0.0,32.56900581695783
2006-05-02,31.1,20.0,0.8,33.19595416537561
2006-05-03,32.2,21.7,0.3,32.19925999255788
2006-05-04,31.1,16.1,68.1,31.887677555555513
2006-05-05,30.0,17.8,0.8,30.6159912848178
2006-05-06,28.3,16.7,51.1,28.601447857571216
2006-05-07,27.2,19.4,0.0,27.835943809757786
2006-05-08,28.9,16.1,10.4,30.967434366904588
2006-05-09,33.9,23.3,0.0,38.846038964051104
2006-05-10,32.2,18.9,0.0,35.03801755555546
2006-05-11,28.3,13.3,0.0,26.606485227751147
2006-05-12,29.4,11.1,0.0,27.943133147715557
2006-05-13,32.8,17.2,0.0,32.19925999255788
2006-05-14,26.7,18.3,0.3,31.043001335615575
2006-05-15,26.7,16.7,0.0,25.889722222222233
2006-05-16,29.4,13.3,0.0,27.943133147715557
2006-05-17,31.7,13.9,0.0,29.208221804471123
2006-05-18,33.9,13.9,0.0,31.50134035540451
2006-05-19,35.6,18.3,0.0,33.91195827777781
2006-05-20,33.9,20.0,0.0,33.61686139803551
2006-05-21,32.8,19.4,0.0,31.576198403235576
2006-05-22,32.8,21.1,0.0,32.21115006887111
2006-05-23,33.3,21.7,0.0,33.89808742945776
2006-05-24,33.3,22.8,0.0,33.89808742945776
2006-05-25,33.9,23.9,0.0,34.77222676805112
2006-05-26,35.0,23.3,0.0,35.513380247404434
2006-05-27,35.6,23.3,0.0,36.089105944444455
2006-05-28,31.7,20.0,1.5,33.6296077330646
2006-05-29,33.9,22.2,0.0,34.73444154748442
2006-05-30,31.7,21.7,0.0,32.56900581695783
2006-05-31,26.1,20.0,1.0,28.751274357351114
2006-06-01,27.8,20.0,12.2,26.503333333333345
2006-06-02,32.2,19.4,0.0,32.94917448145782
2006-06-03,34.4,20.6,0.0,33.22438139641778
2006-06-04,35.0,21.7,0.0,35.5804232555556
2006-06-05,35.0,21.1,0.0,35.34735951507558
2006-06-06,35.6,20.6,0.0,35.108367144444465
2006-06-07,36.7,21.7,0.0,37.71805098215121
2006-06-08,36.7,22.2,0.0,36.29269838081786
2006-06-09,36.1,22.2,0.0,35.108367144444465
2006-06-10,36.1,22.2,0.0,34.644825070275566
2006-06-11,35.6,22.2,0.0,35.5804232555556
2006-06-12,36.7,23.3,0.0,35.60670538276444
2006-06-13,38.3,23.9,0.0,38.07419268615775
2006-06-14,36.1,25.0,0.0,36.011429689395634
2006-06-15,37.2,24.4,0.0,36.573461917715555
2006-06-16,34.4,24.4,0.0,36.98420724259553
2006-06-17,32.8,20.0,30.5,35.781684200924495
2006-06-18,35.0,19.4,19.3,36.127153572515546
2006-06-19,34.4,21.1,0.0,35.75535508329567
2006-06-20,31.1,23.3,8.6,32.6347006444444
2006-06-21,32.2,23.9,4.8,34.722588831484536
2006-06-22,34.4,24.4,0.0,36.100147751724435
2006-06-23,35.0,22.8,0.0,36.32746605479784
2006-06-24,31.1,22.2,5.3,35.25822549561561
2006-06-25,35.0,22.2,0.0,35.77663859119783
2006-06-26,33.9,23.3,0.0,33.50871679346449
2006-06-27,32.2,17.8,0.0,30.817032305315607
2006-06-28,33.9,17.2,0.0,31.37722273372446
2006-06-29,33.3,20.0,0.0,32.529684102995624
2006-06-30,34.4,22.8,0.0,33.22438139641778
2006-07-01,33.9,22.2,0.0,31.539548077777795
2006-07-02,31.1,21.7,8.1,32.930913029315576
2006-07-03,32.8,22.8,0.0,34.73444154748442
2006-07-04,33.3,23.3,1.8,35.889603247484416
2006-07-05,32.8,22.2,0.5,35.24517878083567
2006-07-06,33.9,23.9,1.0,35.09003579559113
2006-07-07,32.8,23.3,0.0,33.356838967857776
2006-07-08,34.4,23.9,0.0,37.21448419023117
2006-07-09,36.7,23.9,0.0,37.21635105555562
2006-07-10,36.1,24.4,0.0,38.011235686504506
2006-07-11,37.2,25.0,0.0,40.08503163468442
2006-07-12,37.2,23.9,0.0,38.46099728833563
2006-07-13,36.7,25.0,0.0,38.657691714051126
2006-07-14,36.1,24.4,0.0,37.21635105555562
2006-07-15,37.2,24.4,0.0,37.841399013624454
2006-07-16,38.3,24.4,0.0,39.03357521153779
2006-07-17,38.9,25.0,0.0,40.7030049336245
2006-07-18,39.4,25.0,0.0,40.44721410993783
2006-07-19,37.2,23.9,0.0,39.03357521153779
2006-07-20,37.2,25.0,0.0,37.11799434521783
2006-07-21,37.8,23.9,0.0,37.841399013624454
2006-07-22,38.3,23.9,0.5,38.388657956195566
2006-07-23,37.2,23.9,0.0,35.20223267935115
2006-07-24,37.8,22.8,0.0,37.841399013624454
2006-07-25,34.4,24.4,0.0,35.77663859119783
2006-07-26,33.3,23.9,0.3,35.09003579559113
2006-07-27,35.6,23.9,0.0,37.598498363004396
2006-07-28,37.2,25.6,0.0,38.46099728833563
2006-07-29,38.3,25.0,0.0,39.43263444819561
2006-07-30,37.2,23.9,0.0,38.011235686504506
2006-07-31,38.3,25.0,0.0,38.70551121452447
2006-08-01,38.3,25.6,0.0,39.43263444819561
2006-08-02,37.2,25.0,0.0,39.12359551698453
2006-08-03,38.3,25.0,0.0,39.37284994723556
2006-08-04,38.3,24.4,0.0,39.43263444819561
2006-08-05,38.3,23.9,0.0,38.08301543655112
2006-08-06,38.3,24.4,0.0,38.388657956195566
2006-08-07,37.2,24.4,0.0,39.03336019249782
2006-08-08,37.2,23.9,0.0,37.547724858995565
2006-08-09,38.3,24.4,0.0,39.09841437255115
2006-08-10,38.9,24.4,0.0,38.96840892532447
2006-08-11,38.9,25.0,0.0,39.77861343452447
2006-08-12,38.9,24.4,0.0,39.6256119871911
2006-08-13,38.9,25.0,0.0,40.08503163468442
2006-08-14,38.3,25.6,0.0,38.77595320759115
2006-08-15,39.4,24.4,0.0,38.65812506511781
2006-08-16,40.0,24.4,0.0,40.715118577777744
2006-08-17,39.4,24.4,0.0,40.44721410993783
2006-08-18,38.9,26.1,0.0,40.33166217099559
2006-08-19,36.1,24.4,0.0,37.71805098215121
2006-08-20,38.3,25.0,0.0,39.29090456601554
2006-08-21,39.4,24.4,0.0,38.77595320759115
2006-08-22,37.8,25.0,0.0,38.70551121452447
2006-08-23,38.9,26.1,0.0,38.70551121452447
2006-08-24,40.0,24.4,0.0,39.96049678276451
2006-08-25,39.4,25.6,0.0,40.31258489649559
2006-08-26,40.0,26.1,0.0,40.44721410993783
2006-08-27,39.4,26.1,0.0,40.44721410993783
2006-08-28,35.6,26.1,0.0,36.92080481111116
2006-08-29,32.2,22.2,5.6,33.34978949943118
2006-08-30,34.4,22.8,0.0,33.47153501859556
2006-08-31,38.9,19.4,0.0,36.61958467255111
2006-09-01,38.3,22.2,0.0,36.84797455203558
2006-09-02,36.7,25.0,0.0,35.60670538276444
2006-09-03,33.9,25.0,0.0,33.828294096871105
2006-09-04,33.9,22.8,0.0,33.61686139803551
2006-09-05,27.2,20.6,5.6,29.65017504153784
2006-09-06,32.2,18.9,0.0,29.941733340157846
2006-09-07,33.3,18.3,0.0,31.496047961315533
2006-09-08,32.2,18.9,2.0,32.755005308284495
2006-09-09,30.6,20.6,0.0,30.331079793937747
2006-09-10,36.1,22.2,0.3,36.089105944444455
2006-09-11,32.8,21.7,10.9,35.24517878083567
2006-09-12,34.4,21.7,0.0,35.25822549561561
2006-09-13,32.8,19.4,0.0,30.92745487159113
2006-09-14,35.6,16.7,0.0,34.088468144444505
2006-09-15,36.7,24.4,0.5,39.03336019249782
2006-09-16,36.7,26.1,0.0,40.12194125900458
2006-09-17,32.2,22.8,6.1,35.889603247484416
2006-09-18,31.1,19.4,20.6,32.25272841111113
2006-09-19,31.1,17.8,0.0,29.208221804471123
2006-09-20,32.8,13.9,0.0,29.80980657513561
2006-09-21,34.4,18.3,0.0,35.513380247404434
2006-09-22,35.6,26.1,0.0,39.03336019249782
2006-09-23,36.7,22.2,30.2,40.12194125900458
2006-09-24,27.2,18.9,0.0,26.507309687591107
2006-09-25,29.4,15.6,0.0,27.684918104495598
2006-09-26,31.7,14.4,0.0,29.310493803884487
2006-09-27,33.9,17.2,0.0,33.152375537971174
2006-09-28,30.0,20.0,0.0,30.496386040504504
2006-09-29,32.2,18.3,0.0,32.023305295084555
2006-09-30,33.9,21.7,0.0,34.492084111084516
2006-10-01,33.3,22.2,0.0,33.82438423757118
2006-10-02,34.4,22.8,0.0,33.50871679346449
2006-10-03,33.9,21.1,0.0,33.3264943697156
2006-10-04,33.3,21.1,0.0,32.04274908243562
2006-10-05,34.4,19.4,0.0,33.3264943697156
2006-10-06,34.4,20.6,0.0,33.89747241697559
2006-10-07,30.6,19.4,0.0,30.496386040504504
2006-10-08,30.6,15.6,0.0,28.553710244444435
2006-10-09,31.7,14.4,0.0,30.958095754335634
2006-10-10,23.9,16.7,36.1,29.083513312415594
2006-10-11,30.6,14.4,0.0,29.65017504153784
2006-10-12,33.3,14.4,0.8,33.356838967857776
2006-10-13,25.6,13.3,0.0,24.891388888888894
2006-10-14,26.7,18.3,0.0,27.47501360605107
2006-10-15,27.2,20.6,5.1,26.503333333333345
2006-10-16,27.8,19.4,10.2,27.8139038595378
2006-10-17,32.8,15.0,0.0,31.75479802455107
2006-10-18,32.2,12.8,20.8,34.80727677236455
2006-10-19,21.1,11.7,0.0,31.98403855947564
2006-10-20,23.3,7.2,0.0,22.910555555555558
2006-10-21,31.7,14.4,0.0,31.5090838789956
2006-10-22,19.4,8.3,0.0,27.763646131857854
2006-10-23,21.7,6.7,0.0,21.12611111111111
2006-10-24,22.8,11.7,0.0,22.08194444444444
2006-10-25,22.2,18.9,26.9,21.44916666666667
2006-10-26,30.6,21.7,0.0,32.53139821281776
2006-10-27,22.8,14.4,0.0,29.697203661351164
2006-10-28,25.0,10.0,0.0,24.617222222222225
2006-10-29,26.7,9.4,0.0,25.75916666666667
2006-10-30,27.2,13.9,0.0,26.986454903191134
2006-10-31,30.0,15.0,0.0,29.336038526595594
2006-11-01,17.8,12.2,0.3,23.054166666666667
2006-11-02,17.8,9.4,0.0,17.200833333333335
2006-11-03,18.3,6.7,0.0,17.096388888888892
2006-11-04,18.3,11.1,0.0,18.091388888888893
2006-11-05,22.8,17.2,0.0,22.96
2006-11-06,28.3,13.9,0.8,28.312649868817804
2006-11-07,27.2,11.1,0.0,26.629206586524436
2006-11-08,30.0,12.2,0.0,29.36368185555555
2006-11-09,31.1,20.6,0.0,32.02327019841567
2006-11-10,32.8,16.7,0.0,32.755005308284495
2006-11-11,19.4,7.8,0.0,25.87666666666667
2006-11-12,22.8,5.0,0.0,21.873055555555553
2006-11-13,25.0,16.1,0.0,24.104722222222218
2006-11-14,29.4,17.8,0.0,29.02254748851555
2006-11-15,23.3,10.6,0.0,25.008888888888894
2006-11-16,20.0,7.2,0.0,18.567500000000006
2006-11-17,24.4,3.9,0.0,23.30555555555555
2006-11-18,23.9,7.2,0.0,23.56666666666666
2006-11-19,21.1,8.9,0.0,20.483055555555566
2006-11-20,18.9,5.0,0.0,17.595277777777774
2006-11-21,21.1,2.8,0.0,19.958055555555553
2006-11-22,23.9,6.7,0.0,22.936666666666667
2006-11-23,26.7,9.4,0.0,26.493611111111115
2006-11-24,25.6,10.6,0.0,24.826111111111118
2006-11-25,25.6,13.3,0.0,24.826111111111118
2006-11-26,26.1,15.6,0.0,25.45611111111111
2006-11-27,26.1,18.3,0.5,25.035
2006-11-28,27.8,18.3,0.0,27.8139038595378
2006-11-29,26.7,22.2,1.0,27.592192616015534
2006-11-30,22.8,0.6,30.2,24.48333333333333
2006-12-01,13.9,-1.7,0.0,12.3975
2006-12-02,14.4,2.2,0.0,13.539444444444442
2006-12-03,11.7,2.8,0.0,11.333888888888891
2006-12-04,12.2,-1.7,0.0,10.626111111111113
2006-12-05,17.2,0.6,0.0,15.285277777777784
2006-12-06,23.3,13.3,0.0,22.568333333333342
2006-12-07,15.6,3.9,0.0,19.168055555555554
2006-12-08,7.8,-0.6,0.0,10.808888888888891
2006-12-09,12.8,5.0,0.0,11.151111111111113
2006-12-10,12.8,8.3,1.0,12.01277777777778
2006-12-11,22.2,12.8,0.0,21.635277777777777
2006-12-12,23.9,7.8,0.0,22.701666666666668
2006-12-13,24.4,6.1,0.0,23.90888888888889
2006-12-14,25.0,7.8,0.0,24.32666666666667
2006-12-15,24.4,11.1,0.0,24.32666666666667
2006-12-16,26.7,15.6,0.0,26.611111111111114
2006-12-17,26.7,18.9,0.0,26.08555555555556
2006-12-18,26.7,18.9,0.0,26.08555555555556
2006-12-19,21.1,18.3,0.5,23.90611111111111
2006-12-20,19.4,10.0,3.0,19.572777777777773
2006-12-21,19.4,7.2,0.0,18.199166666666667
2006-12-22,17.8,3.9,0.0,16.466388888888886
2006-12-23,13.3,3.9,36.8,13.591666666666669
2006-12-24,8.3,6.7,22.4,7.865555555555556
2006-12-25,12.8,3.9,1.0,11.294722222222223
2006-12-26,16.1,0.6,0.0,14.721111111111108
2006-12-27,20.0,1.7,0.0,18.81555555555555
2006-12-28,22.2,10.6,0.3,22.02972222222221
2006-12-29,22.2,11.7,29.2,22.369166666666658
2006-12-30,13.9,6.7,12.4,13.628055555555557
2006-12-31,15.6,5.0,0.0,14.24777777777778
2007-01-01,13.9,2.8,0.0,13.092777777777782
2007-01-02,12.2,2.2,0.0,11.37305555555556
2007-01-03,11.7,7.8,21.3,10.453055555555556
2007-01-04,18.9,7.8,5.8,18.577777777777776
2007-01-05,27.2,9.4,0.0,26.467500000000005
2007-01-06,13.9,7.8,0.3,21.348055555555558
2007-01-07,16.1,7.2,0.0,15.389722222222227
2007-01-08,18.9,2.2,0.0,17.55611111111111
2007-01-09,17.8,3.9,0.0,17.109444444444446
2007-01-10,20.0,2.8,0.0,19.549999999999997
2007-01-11,20.6,12.8,0.0,20.519444444444446
2007-01-12,22.8,17.8,1.3,22.855555555555565
2007-01-13,20.6,2.8,93.0,20.793611111111105
2007-01-14,5.0,2.2,5.6,4.4397222222222235
2007-01-15,2.2,-1.7,15.2,3.809722222222223
2007-01-16,-0.6,-1.7,12.7,-0.9930555555555564
2007-01-17,0.6,-1.7,2.5,-0.8233333333333329
2007-01-18,5.6,0.0,0.0,4.348333333333333
2007-01-19,7.8,3.9,0.5,6.475555555555559
2007-01-20,6.1,3.3,6.1,5.385833333333336
2007-01-21,18.9,0.6,0.0,17.73888888888889
2007-01-22,9.4,3.3,0.0,14.443611111111112
2007-01-23,6.1,3.9,2.5,6.31888888888889
2007-01-24,8.9,5.0,8.9,8.417222222222225
2007-01-25,17.8,2.8,0.0,17.200833333333335
2007-01-26,17.8,2.2,0.0,16.531666666666663
2007-01-27,20.6,6.7,0.0,19.484722222222217
2007-01-28,11.7,1.7,0.0,16.61
2007-01-29,11.1,-0.6,0.0,10.244166666666665
2007-01-30,14.4,6.1,0.0,13.761388888888888
2007-01-31,10.6,2.8,0.0,10.309444444444441
2007-02-01,13.9,7.2,1.0,12.473055555555554
2007-02-02,8.3,1.1,0.0,10.202222222222222
2007-02-03,12.8,-2.2,0.0,10.782777777777781
2007-02-04,20.0,0.0,0.0,18.920000000000005
2007-02-05,20.6,3.9,0.0,19.549999999999997
2007-02-06,21.7,6.1,0.0,20.73111111111111
2007-02-07,25.0,10.6,0.0,24.300555555555555
2007-02-08,17.2,7.8,1.0,22.003611111111102
2007-02-09,10.6,5.6,0.0,9.415555555555557
2007-02-10,11.7,4.4,0.0,10.939444444444446
2007-02-11,10.6,6.7,0.0,9.533055555555556
2007-02-12,19.4,9.4,1.0,18.13055555555555
2007-02-13,13.9,2.2,0.0,16.9625
2007-02-14,6.1,-1.1,0.0,10.257222222222218
2007-02-15,7.2,-1.7,0.0,5.558888888888889
2007-02-16,13.3,-4.4,0.0,12.358333333333333
2007-02-17,18.9,2.8,0.0,17.477777777777774
2007-02-18,18.9,1.1,0.0,17.477777777777774
2007-02-19,24.4,5.6,0.0,23.605833333333333
2007-02-20,21.7,15.0,0.0,22.46388888888889
2007-02-21,28.3,11.1,0.0,26.48047843731561
2007-02-22,28.3,6.1,0.0,26.867450669315588
2007-02-23,21.1,16.7,0.5,24.682499999999997
2007-02-24,24.4,11.1,0.0,23.276111111111106
2007-02-25,21.7,7.8,0.0,20.995555555555555
2007-02-26,30.6,11.1,0.0,28.036665419365292
2007-02-27,28.3,11.1,0.0,27.369093992871175
2007-02-28,26.7,18.9,0.0,26.611111111111114
2007-03-01,21.1,8.9,1.0,24.37888888888889
2007-03-02,22.8,3.3,0.0,21.494444444444444
2007-03-03,17.2,5.0,0.0,19.8275
2007-03-04,17.2,1.7,0.0,15.719444444444447
2007-03-05,22.2,1.1,0.0,20.339444444444453
2007-03-06,22.8,3.9,0.0,22.22888888888889
2007-03-07,25.0,7.2,0.0,24.130833333333335
2007-03-08,25.6,10.0,0.0,24.708611111111118
2007-03-09,27.8,15.0,0.0,26.858671178435525
2007-03-10,29.4,15.0,0.0,27.910757868995592
2007-03-11,21.1,15.6,30.5,26.007222222222232
2007-03-12,25.0,15.0,30.2,24.956666666666663
2007-03-13,21.7,13.9,28.2,23.840833333333332
2007-03-14,17.2,12.8,0.5,17.26277777777777
2007-03-15,26.7,11.1,0.0,26.08555555555556
2007-03-16,21.7,10.6,0.0,23.840833333333332
2007-03-17,23.9,7.2,0.0,23.119444444444444
2007-03-18,25.6,17.2,0.0,25.008888888888894
2007-03-19,26.1,18.9,0.0,25.586666666666662
2007-03-20,23.9,18.9,0.0,23.840833333333332
2007-03-21,26.7,20.0,0.0,25.691111111111113
2007-03-22,22.8,19.4,2.3,23.879999999999995
2007-03-23,24.4,18.9,0.0,24.48333333333333
2007-03-24,27.8,18.9,0.0,27.557598236284473
2007-03-25,24.4,19.4,2.3,25.495277777777776
2007-03-26,21.1,16.1,37.8,21.279444444444444
2007-03-27,27.2,15.6,0.0,27.592192616015534
2007-03-28,27.8,19.4,0.0,27.47501360605107
2007-03-29,25.0,21.1,2.8,25.691111111111113
2007-03-30,22.2,20.0,12.4,23.025277777777784
2007-03-31,26.1,13.3,3.0,25.28638888888889
2007-04-01,28.9,11.1,0.0,27.790741763971212
2007-04-02,29.4,19.4,0.0,29.543688464791305
2007-04-03,28.9,20.0,0.0,29.66075088801562
2007-04-04,23.3,13.9,2.5,26.24222222222223
2007-04-05,22.8,12.8,0.0,21.217499999999994
2007-04-06,20.6,10.0,0.0,20.088611111111106
2007-04-07,10.0,1.1,18.8,15.559444444444447
2007-04-08,11.1,1.7,1.0,9.810555555555554
2007-04-09,15.6,7.8,0.0,15.21722222222222
2007-04-10,24.4,13.3,1.0,24.37888888888889
2007-04-11,26.7,12.2,0.0,26.33694444444444
2007-04-12,27.2,11.1,0.0,26.717046959235613
2007-04-13,28.9,15.0,2.5,29.47601872620456
2007-04-14,17.2,8.9,0.5,28.15824500283553
2007-04-15,23.3,6.7,0.0,22.793055555555558
2007-04-16,22.8,7.8,0.0,21.938333333333325
2007-04-17,19.4,13.9,20.3,19.70666666666667
2007-04-18,25.0,12.2,0.0,24.839166666666664
2007-04-19,26.1,11.7,0.0,25.56055555555555
2007-04-20,26.7,17.2,0.0,25.586666666666662
2007-04-21,26.1,17.2,0.0,24.43111111111111
2007-04-22,22.2,18.9,0.0,23.236944444444443
2007-04-23,25.0,20.0,0.0,24.64
2007-04-24,24.4,20.6,0.5,24.64
2007-04-25,27.8,15.0,4.8,26.952184976551163
2007-04-26,27.8,11.1,0.0,26.908843175591166
2007-04-27,26.7,16.1,0.0,26.0463888888889
2007-04-28,29.4,17.8,0.0,29.930825938151138
2007-04-29,28.9,21.1,0.0,29.543688464791305
2007-04-30,22.8,18.3,5.1,28.181459693315517
2007-05-01,28.3,21.1,5.1,30.284278656195674
2007-05-02,27.2,16.7,43.4,30.30655435155552
2007-05-03,28.3,16.1,2.3,29.697203661351164
2007-05-04,28.9,21.1,0.0,31.55937428402463
2007-05-05,27.8,23.3,0.0,30.284278656195674
2007-05-06,30.0,23.9,0.0,31.98403855947564
2007-05-07,30.0,23.3,0.0,30.294298970771212
2007-05-08,30.0,21.7,0.0,29.898529149217854
2007-05-09,28.9,17.8,3.0,28.76327423575113
2007-05-10,28.3,16.7,0.0,27.23515810385777
2007-05-11,29.4,16.7,0.0,28.78069813099559
2007-05-12,31.7,17.8,0.0,31.09243211641781
2007-05-13,32.8,19.4,0.0,31.53111406157112
2007-05-14,32.2,18.3,0.0,32.94917448145782
2007-05-15,31.7,18.3,0.0,31.09243211641781
2007-05-16,28.3,18.3,15.0,29.56310813900446
2007-05-17,26.7,15.6,0.0,26.45444444444444
2007-05-18,27.2,17.2,0.0,26.493611111111115
2007-05-19,27.8,17.8,0.0,26.95966309799115
2007-05-20,27.2,19.4,0.0,26.986454903191134
2007-05-21,24.4,19.4,2.8,24.613888888888894
2007-05-22,27.8,17.2,10.4,29.697203661351164
2007-05-23,30.0,22.2,0.0,31.557488575164523
2007-05-24,30.6,18.9,31.5,32.25272841111113
2007-05-25,23.3,18.9,3.3,25.873888888888885
2007-05-26,27.8,20.0,0.5,28.33768810961774
2007-05-27,27.8,19.4,2.3,27.884784716924493
2007-05-28,28.9,18.9,57.2,29.543688464791305
2007-05-29,30.6,21.1,0.0,32.6347006444444
2007-05-30,32.2,22.8,0.0,33.6296077330646
2007-05-31,30.6,20.6,1.3,32.53139821281776
2007-06-01,31.7,22.8,0.0,33.19595416537561
2007-06-02,32.2,22.2,0.0,33.379843183571246
2007-06-03,33.3,20.0,45.0,35.24517878083567
2007-06-04,31.7,18.9,0.5,33.19595416537561
2007-06-05,31.7,20.0,0.0,32.19925999255788
2007-06-06,31.7,20.0,0.0,34.32017456463127
2007-06-07,33.3,24.4,0.0,36.931999601315574
2007-06-08,33.9,26.1,0.0,38.846038964051104
2007-06-09,33.3,25.6,0.0,36.343957807751195
2007-06-10,33.9,23.3,0.0,37.05415802092446
2007-06-11,33.3,22.2,0.0,34.3537671678578
2007-06-12,33.3,23.3,0.0,35.09003579559113
2007-06-13,34.4,22.2,0.0,34.97482682251561
2007-06-14,34.4,21.7,4.8,35.889603247484416
2007-06-15,32.8,21.1,0.0,32.94917448145782
2007-06-16,29.4,20.0,7.9,32.19925999255788
2007-06-17,31.7,21.7,4.3,35.31575843611568
2007-06-18,33.3,24.4,0.0,38.16772704802459
2007-06-19,34.4,25.6,0.0,39.64739735793769
2007-06-20,27.2,20.6,11.4,37.05415802092446
2007-06-21,30.0,22.2,13.2,33.21375493548445
2007-06-22,29.4,21.7,4.3,32.25745578348452
2007-06-23,30.0,21.1,2.5,31.887677555555513
2007-06-24,31.7,21.1,0.0,33.85445181291555
2007-06-25,27.8,23.3,24.6,31.188054025724526
2007-06-26,32.2,24.4,10.7,36.100147751724435
2007-06-27,32.2,23.3,6.4,33.6296077330646
2007-06-28,28.9,23.3,1.8,32.25272841111113
2007-06-29,32.2,22.8,0.0,34.73444154748442
2007-06-30,32.8,23.3,0.0,35.616047560835526
2007-07-01,33.3,23.3,0.0,36.343957807751195
2007-07-02,31.1,22.8,4.8,34.24562740051562
2007-07-03,28.9,22.2,15.0,31.188054025724526
2007-07-04,27.2,21.7,3.8,26.359166666666667
2007-07-05,29.4,22.8,3.0,31.326208967884572
2007-07-06,31.7,22.8,20.3,33.6296077330646
2007-07-07,32.2,22.2,0.3,35.781684200924495
2007-07-08,32.2,23.3,2.3,36.100147751724435
2007-07-09,32.8,24.4,0.0,37.267713707404496
2007-07-10,33.3,25.0,0.0,38.16772704802459
2007-07-11,33.9,25.0,0.0,37.84634757387565
2007-07-12,34.4,24.4,0.0,38.85491958937559
2007-07-13,33.9,23.9,0.0,37.84634757387565
2007-07-14,30.6,25.0,3.3,33.820934725784504
2007-07-15,33.9,23.3,0.0,35.616047560835526
2007-07-16,33.9,22.2,0.0,35.616047560835526
2007-07-17,30.0,23.3,21.8,32.62913009207105
2007-07-18,30.0,21.1,10.7,31.557488575164523
2007-07-19,28.9,22.8,0.0,31.98403855947564
2007-07-20,25.0,22.2,24.6,29.926185775235595
2007-07-21,30.6,22.8,53.8,33.882145611111156
2007-07-22,33.3,22.8,0.0,34.48873600083557
2007-07-23,33.3,22.8,11.9,36.45781422883556
2007-07-24,31.7,21.7,0.0,33.6296077330646
2007-07-25,26.7,21.1,8.4,28.64234278149107
2007-07-26,30.6,21.7,44.7,33.03359425555552
2007-07-27,28.9,22.2,18.3,31.55937428402463
2007-07-28,32.2,23.3,0.0,36.343957807751195
2007-07-29,33.9,23.3,2.8,38.16772704802459
2007-07-30,33.3,24.4,0.0,37.20667336761786
2007-07-31,33.9,24.4,0.0,37.51950270193562
2007-08-01,35.0,24.4,0.0,38.16772704802459
2007-08-02,35.0,23.3,0.0,38.49010247777784
2007-08-03,33.9,22.2,0.8,37.21448419023117
2007-08-04,33.9,24.4,0.0,37.20667336761786
2007-08-05,33.9,24.4,0.0,37.51950270193562
2007-08-06,33.9,25.0,0.0,37.21448419023117
2007-08-07,34.4,25.0,0.0,37.84634757387565
2007-08-08,34.4,25.0,0.0,37.84634757387565
2007-08-09,35.0,23.9,0.0,36.45781422883556
2007-08-10,36.1,23.9,0.0,37.598498363004396
2007-08-11,36.1,24.4,0.0,40.50424907331573
2007-08-12,37.8,25.6,0.0,39.70381845540449
2007-08-13,37.8,26.1,0.0,38.17443465370449
2007-08-14,37.8,23.9,0.0,38.388657956195566
2007-08-15,36.1,25.6,0.0,40.12194125900458
2007-08-16,29.4,23.3,22.6,35.75535508329567
2007-08-17,33.9,24.4,3.0,38.18538774865792
2007-08-18,34.4,26.1,0.3,40.31313256477118
2007-08-19,34.4,25.6,0.0,38.85491958937559
2007-08-20,34.4,24.4,0.0,37.20667336761786
2007-08-21,33.9,23.9,3.6,36.45781422883556
2007-08-22,34.4,25.0,9.1,38.9300934206755
2007-08-23,35.0,26.1,0.0,39.64739735793769
2007-08-24,34.4,25.6,0.0,37.51950270193562
2007-08-25,35.0,23.9,0.0,37.598498363004396
2007-08-26,34.4,23.9,0.0,36.91070788641558
2007-08-27,34.4,22.8,0.0,37.598498363004396
2007-08-28,33.9,22.2,0.0,36.03057495519112
2007-08-29,35.0,23.3,0.5,37.598498363004396
2007-08-30,33.9,22.2,0.0,35.75535508329567
2007-08-31,33.9,21.1,23.6,35.75535508329567
2007-09-01,33.3,21.7,0.0,33.78802762316448
2007-09-02,31.7,21.1,32.5,34.7744635280245
2007-09-03,28.9,21.7,12.7,32.876041529064565
2007-09-04,28.3,22.8,5.1,31.188054025724526
2007-09-05,31.7,24.4,0.3,34.80727677236455
2007-09-06,33.3,25.0,0.0,36.45781422883556
2007-09-07,33.9,24.4,0.0,37.20667336761786
2007-09-08,34.4,25.0,0.0,37.21448419023117
2007-09-09,34.4,25.0,0.0,37.91852052531555
2007-09-10,34.4,23.9,0.0,35.77663859119783
2007-09-11,26.7,22.2,41.7,33.85445181291555
2007-09-12,31.1,20.0,0.0,31.04908144444437
2007-09-13,32.2,20.0,0.0,32.023305295084555
2007-09-14,34.4,21.1,0.0,35.616047560835526
2007-09-15,33.3,23.3,2.3,35.75535508329567
2007-09-16,32.2,22.2,0.0,33.379843183571246
2007-09-17,32.2,21.1,0.0,34.28580817393564
2007-09-18,32.8,22.2,0.0,35.55203763279115
2007-09-19,33.3,23.3,0.0,35.616047560835526
2007-09-20,32.2,22.2,0.0,33.356838967857776
2007-09-21,32.8,19.4,0.0,32.21115006887111
2007-09-22,33.3,20.6,0.0,33.267316841991125
2007-09-23,32.2,21.1,0.0,32.56900581695783
2007-09-24,32.8,20.0,0.0,32.56727818179556
2007-09-25,33.3,19.4,0.0,34.3537671678578
2007-09-26,33.9,23.9,0.0,35.22748101695786
2007-09-27,35.0,23.3,0.0,35.85863781863108
2007-09-28,33.3,22.2,0.0,33.379843183571246
2007-09-29,32.2,21.7,5.8,32.78368005370444
2007-09-30,32.8,22.8,0.5,36.45781422883556
2007-10-01,33.3,24.4,2.3,35.24517878083567
2007-10-02,33.3,23.3,0.0,33.680797364284345
2007-10-03,32.8,20.6,0.0,33.16821562719118
2007-10-04,33.3,18.9,0.0,32.04274908243562
2007-10-05,33.3,20.0,0.0,34.3537671678578
2007-10-06,32.8,23.3,0.0,34.3537671678578
2007-10-07,33.3,22.8,0.0,33.19595416537561
2007-10-08,32.8,24.4,0.3,34.73444154748442
2007-10-09,31.1,23.3,0.0,32.53139821281776
2007-10-10,32.2,20.6,0.0,30.829704868737778
2007-10-11,31.7,17.8,0.0,30.14254564121777
2007-10-12,31.7,17.2,0.0,29.414604370115587
2007-10-13,31.7,17.8,0.0,30.898330215831233
2007-10-14,33.3,19.4,0.0,33.57033428108443
2007-10-15,32.8,20.0,0.0,32.21115006887111
2007-10-16,22.2,19.4,0.0,24.48333333333333
2007-10-17,34.4,20.0,0.3,33.267316841991125
2007-10-18,33.9,22.8,0.0,30.919878414424474
2007-10-19,31.7,12.8,0.0,29.39487488070584
2007-10-20,32.8,15.0,0.0,30.958095754335634
2007-10-21,32.8,16.7,0.0,31.09243211641781
2007-10-22,23.9,11.1,25.9,27.910757868995592
2007-10-23,22.8,8.3,0.0,22.215833333333343
2007-10-24,27.8,12.2,0.0,26.43262086172445
2007-10-25,22.2,8.9,0.0,23.475277777777777
2007-10-26,25.6,6.7,0.0,23.96111111111111
2007-10-27,24.4,7.8,0.0,23.48833333333333
2007-10-28,25.0,10.6,0.0,24.07861111111111
2007-10-29,25.0,10.6,0.0,24.07861111111111
2007-10-30,25.0,8.9,0.0,24.695555555555554
2007-10-31,28.3,12.2,0.0,27.145045127235615
2007-11-01,26.1,13.3,0.0,25.36472222222222
2007-11-02,27.2,10.0,0.0,26.57194444444444
2007-11-03,27.8,14.4,0.0,26.986454903191134
2007-11-04,29.4,13.3,0.0,27.721938942035614
2007-11-05,30.0,16.1,0.0,29.927305577777776
2007-11-06,20.6,14.4,0.0,26.059444444444452
2007-11-07,20.6,12.8,0.0,19.41944444444444
2007-11-08,25.6,12.2,0.0,25.586666666666662
2007-11-09,29.4,16.7,0.0,29.02254748851555
2007-11-10,29.4,19.4,0.0,28.78069813099559
2007-11-11,27.8,17.8,0.0,27.543531976835535
2007-11-12,28.9,18.3,0.0,29.300882540051173
2007-11-13,28.9,18.9,0.0,28.78069813099559
2007-11-14,30.6,16.7,0.0,29.70166993027563
2007-11-15,19.4,7.2,0.0,23.61888888888889
2007-11-16,22.8,4.4,0.0,22.163611111111113
2007-11-17,21.7,13.9,0.3,21.70055555555556
2007-11-18,23.3,16.7,0.0,23.328333333333326
2007-11-19,26.1,15.0,0.0,25.665000000000003
2007-11-20,28.9,20.0,0.0,28.89326381961784
2007-11-21,31.7,8.3,0.0,30.406492212515545
2007-11-22,11.1,3.3,0.0,16.189444444444444
2007-11-23,8.9,4.4,0.0,7.98638888888889
2007-11-24,8.3,4.4,22.6,7.6305555555555555
2007-11-25,6.7,2.8,5.6,6.094166666666669
2007-11-26,17.2,2.2,0.0,16.006666666666668
2007-11-27,17.8,2.8,0.0,16.623055555555553
2007-11-28,22.2,5.0,0.0,20.796388888888895
2007-11-29,20.0,6.7,0.0,19.484722222222217
2007-11-30,21.1,9.4,1.0,20.571666666666665
2007-12-01,23.3,18.3,0.0,23.393611111111106
2007-12-02,28.9,12.2,0.0,28.312649868817804
2007-12-03,17.2,2.8,0.0,22.503055555555562
2007-12-04,21.7,0.6,0.0,21.12611111111111
2007-12-05,26.1,5.6,0.0,25.73305555555556
2007-12-06,23.3,7.2,0.0,22.633611111111115
2007-12-07,26.1,19.4,0.0,26.137777777777778
2007-12-08,28.3,21.1,0.0,27.884784716924493
2007-12-09,26.7,5.0,0.0,26.190000000000005
2007-12-10,10.0,3.9,0.3,10.202222222222222
2007-12-11,26.7,10.0,7.4,25.808611111111112
2007-12-12,13.3,5.6,3.8,24.57472222222222
2007-12-13,16.1,4.4,0.0,15.09972222222222
2007-12-14,15.0,10.0,3.0,13.432222222222224
2007-12-15,15.0,2.8,1.8,14.991944444444446
2007-12-16,12.8,-1.1,0.0,11.085833333333333
2007-12-17,14.4,-1.1,0.0,12.936111111111112
2007-12-18,24.4,6.7,0.0,23.644999999999996
2007-12-19,20.0,8.3,0.0,19.429166666666664
2007-12-20,23.3,9.4,0.0,22.241944444444453
2007-12-21,25.0,3.9,0.0,24.551944444444445
2007-12-22,20.0,2.8,0.0,21.230555555555558
2007-12-23,13.3,-2.2,0.0,11.741944444444446
2007-12-24,16.1,-1.7,0.0,15.180833333333336
2007-12-25,18.9,2.2,0.0,17.67361111111111
2007-12-26,13.9,2.8,0.3,15.42888888888889
2007-12-27,15.6,-1.1,0.5,14.352222222222224
2007-12-28,15.6,4.4,0.0,14.104166666666668
2007-12-29,15.6,-0.6,0.0,14.130277777777778
2007-12-30,20.6,3.3,0.0,19.840555555555554
2007-12-31,22.8,5.6,0.0,21.191388888888884
2008-01-01,12.8,3.3,0.0,11.781111111111112
2008-01-02,10.0,-1.1,0.0,8.762777777777776
2008-01-03,11.7,-1.7,0.0,10.652222222222226
2008-01-04,18.9,1.1,0.0,16.87111111111111
2008-01-05,26.1,14.4,0.0,25.469166666666663
2008-01-06,23.9,14.4,0.0,23.223888888888887
2008-01-07,26.7,18.9,0.3,26.1638888888889
2008-01-08,22.2,8.3,0.0,22.29083333333332
2008-01-09,20.0,3.3,0.0,18.711111111111116
2008-01-10,20.6,5.6,0.0,18.685000000000006
2008-01-11,20.6,2.8,0.0,19.288888888888888
2008-01-12,21.7,6.1,0.0,20.297499999999992
2008-01-13,17.8,3.3,0.0,17.005000000000006
2008-01-14,17.2,1.1,0.0,15.928333333333333
2008-01-15,11.7,7.8,1.3,13.526388888888887
2008-01-16,13.9,7.8,0.0,12.82833333333333
2008-01-17,8.3,0.0,0.0,11.738611111111116
2008-01-18,4.4,0.6,6.9,3.7738888888888886
2008-01-19,10.0,-1.1,0.0,8.446111111111113
2008-01-20,13.3,-3.9,0.0,12.436666666666664
2008-01-21,12.8,6.7,10.2,12.051944444444445
2008-01-22,15.0,1.1,0.0,14.322777777777778
2008-01-23,5.0,1.1,0.3,4.400555555555555
2008-01-24,6.7,2.8,0.0,5.02027777777778
2008-01-25,5.6,3.9,1.0,5.0174999999999965
2008-01-26,22.8,2.8,0.0,22.32027777777778
2008-01-27,21.1,4.4,0.0,20.088611111111106
2008-01-28,22.2,10.6,0.0,21.135833333333334
2008-01-29,22.8,6.1,0.0,21.62499999999999
2008-01-30,16.1,0.0,0.0,14.760277777777778
2008-01-31,16.1,4.4,1.0,15.102500000000001
2008-02-01,17.2,-2.2,0.0,16.30972222222222
2008-02-02,25.6,6.1,0.0,25.39083333333333
2008-02-03,27.2,17.8,0.0,27.08954415243555
2008-02-04,26.7,20.6,0.0,26.111666666666668
2008-02-05,27.8,9.4,0.0,27.195764459617777
2008-02-06,15.6,2.8,0.0,19.380277777777778
2008-02-07,18.9,3.3,0.0,17.477777777777774
2008-02-08,27.8,2.8,0.0,26.350000000000005
2008-02-09,27.2,7.8,0.0,25.70694444444445
2008-02-10,23.3,11.7,0.0,23.44916666666666
2008-02-11,23.9,15.6,0.0,23.840833333333332
2008-02-12,20.0,8.3,0.0,21.609166666666667
2008-02-13,20.6,2.8,0.0,19.262777777777778
2008-02-14,26.1,7.2,0.0,25.889722222222233
2008-02-15,25.0,6.7,4.1,23.932222222222222
2008-02-16,7.8,5.0,7.6,13.706388888888894
2008-02-17,21.7,3.9,0.0,20.639722222222222
2008-02-18,17.2,5.6,0.0,18.841666666666672
2008-02-19,21.1,2.8,0.0,20.561388888888892
2008-02-20,23.9,13.3,0.0,23.302222222222216
2008-02-21,23.3,8.9,1.3,22.369166666666658
2008-02-22,21.1,4.4,0.0,20.049444444444443
2008-02-23,24.4,4.4,0.0,24.209166666666672
2008-02-24,27.2,13.3,0.0,26.297777777777785
2008-02-25,33.3,10.6,0.0,31.713294937395606
2008-02-26,18.9,6.1,0.0,29.941733340157846
2008-02-27,19.4,-0.6,0.0,18.055555555555557
2008-02-28,25.0,5.0,0.0,24.039444444444445
2008-02-29,27.2,14.4,0.0,26.0463888888889
2008-03-01,27.8,16.7,0.0,26.611111111111114
2008-03-02,24.4,16.7,0.0,24.826111111111118
2008-03-03,22.2,3.9,14.0,22.894722222222228
2008-03-04,22.2,1.1,0.0,20.995555555555555
2008-03-05,26.1,5.0,0.0,25.16888888888889
2008-03-06,16.1,3.3,5.3,23.39694444444444
2008-03-07,16.1,2.8,0.0,14.629722222222224
2008-03-08,18.9,0.6,0.0,17.503888888888888
2008-03-09,21.1,5.0,0.3,19.70666666666667
2008-03-10,16.1,9.4,24.4,17.501111111111115
2008-03-11,21.7,8.3,0.0,20.587500000000002
2008-03-12,25.6,6.1,0.0,24.643333333333334
2008-03-13,27.2,13.3,0.0,26.986454903191134
2008-03-14,35.6,17.2,0.0,31.606122433333358
2008-03-15,28.9,16.1,0.0,30.31718712192291
2008-03-16,23.9,11.1,0.0,24.02638888888889
2008-03-17,25.6,18.9,0.5,25.74333333333333
2008-03-18,24.4,10.6,26.4,25.113333333333337
2008-03-19,21.1,7.8,0.0,20.417777777777783
2008-03-20,24.4,4.4,0.0,23.37083333333333
2008-03-21,26.1,7.8,0.0,25.26027777777778
2008-03-22,26.7,10.6,0.0,25.889722222222233
2008-03-23,18.9,12.2,0.0,24.065555555555562
2008-03-24,20.6,8.3,0.0,19.35416666666667
2008-03-25,26.1,9.4,0.0,24.799999999999997
2008-03-26,29.4,17.8,0.0,28.87853803679785
2008-03-27,29.4,18.3,0.0,28.246993170957833
2008-03-28,22.8,13.3,0.0,26.111666666666668
2008-03-29,24.4,12.8,0.3,23.90611111111111
2008-03-30,27.8,20.6,0.8,28.499177144657796
2008-03-31,25.6,21.1,0.8,27.835943809757786
2008-04-01,26.1,16.1,0.0,25.76944444444444
2008-04-02,25.6,15.6,0.0,25.087222222222227
2008-04-03,27.2,20.6,0.0,28.33768810961774
2008-04-04,21.7,12.8,3.6,26.24222222222223
2008-04-05,25.0,7.2,0.0,23.96111111111111
2008-04-06,30.6,13.9,0.0,28.826934755555587
2008-04-07,31.1,18.3,0.0,30.680156280497766
2008-04-08,32.2,21.1,0.0,31.689232329591157
2008-04-09,25.0,21.1,0.0,29.336038526595594
2008-04-10,30.0,15.0,7.4,27.824858449475617
2008-04-11,27.2,15.0,0.0,27.044716462524498
2008-04-12,23.9,10.0,0.0,24.525833333333335
2008-04-13,24.4,9.4,0.0,23.39694444444444
2008-04-14,23.9,5.0,0.0,22.215833333333343
2008-04-15,26.7,6.1,0.0,25.77222222222223
2008-04-16,25.0,12.8,0.0,24.904444444444447
2008-04-17,28.9,15.0,23.6,28.50576934161565
2008-04-18,25.0,10.0,2.0,25.586666666666662
2008-04-19,30.0,10.0,0.0,27.717770495484462
2008-04-20,26.7,12.8,0.0,26.350000000000005
2008-04-21,30.0,21.1,0.0,30.159277208915682
2008-04-22,33.3,22.2,0.0,33.89808742945776
2008-04-23,32.2,22.2,0.0,32.19925999255788
2008-04-24,31.1,22.2,0.0,31.617318406151192
2008-04-25,29.4,17.2,18.8,30.717955184364623
2008-04-26,28.3,17.2,0.0,29.15886103361784
2008-04-27,21.1,12.8,34.0,26.111666666666668
2008-04-28,25.6,8.3,0.0,24.56500000000001
2008-04-29,27.2,10.0,0.0,26.376111111111115
2008-04-30,29.4,12.2,0.0,28.78069813099559
2008-05-01,30.0,21.1,0.0,30.6159912848178
2008-05-02,31.1,20.0,0.0,29.369647099597817
2008-05-03,25.6,15.0,0.0,27.684918104495598
2008-05-04,28.3,13.9,2.5,27.49281419379563
2008-05-05,22.8,19.4,2.8,26.02027777777778
2008-05-06,29.4,20.0,0.0,30.159277208915682
2008-05-07,32.2,20.6,0.0,32.023305295084555
2008-05-08,32.8,17.2,0.0,31.348378167197765
2008-05-09,36.1,21.1,0.0,38.356258128515606
2008-05-10,35.0,24.4,4.6,37.598498363004396
2008-05-11,27.2,17.2,0.0,36.03057495519112
2008-05-12,25.6,15.6,0.0,25.586666666666662
2008-05-13,31.7,23.3,1.0,33.85445181291555
2008-05-14,32.2,18.3,26.4,35.286900788051064
2008-05-15,27.2,18.3,1.5,31.648926787671186
2008-05-16,26.7,18.3,0.0,26.506666666666668
2008-05-17,28.3,16.1,0.0,27.198133401617845
2008-05-18,33.9,16.1,0.0,31.50134035540451
2008-05-19,36.7,15.6,0.0,34.16242559307558
2008-05-20,38.3,21.1,0.0,37.11799434521783
2008-05-21,36.1,23.3,0.0,36.92080481111116
2008-05-22,35.0,23.9,0.8,36.98420724259553
2008-05-23,37.8,25.6,0.0,40.50584813923555
2008-05-24,36.7,25.6,0.0,40.072912089197835
2008-05-25,37.2,26.1,0.0,38.011235686504506
2008-05-26,35.6,25.6,3.0,38.49010247777784
2008-05-27,37.2,22.2,0.5,38.46099728833563
2008-05-28,35.0,21.7,0.0,34.644825070275566
2008-05-29,34.4,22.8,0.0,34.31864240850442
2008-05-30,35.6,21.7,0.0,34.672937611111166
2008-05-31,37.2,23.3,0.0,37.547724858995565
2008-06-01,37.8,23.9,0.0,38.08301543655112
2008-06-02,38.3,24.4,0.0,38.145823156737805
2008-06-03,37.8,25.0,0.0,38.77595320759115
2008-06-04,37.2,25.0,0.0,38.46099728833563
2008-06-05,35.0,26.7,0.0,36.98420724259553
2008-06-06,36.1,25.0,5.8,39.03336019249782
2008-06-07,37.8,26.1,0.0,40.08503163468442
2008-06-08,37.8,26.1,0.0,39.03357521153779
2008-06-09,38.3,26.1,0.0,37.841399013624454
2008-06-10,38.9,25.6,0.0,39.09841437255115
2008-06-11,38.3,25.0,0.0,38.465250953315596
2008-06-12,37.2,25.6,0.0,37.11799434521783
2008-06-13,37.2,24.4,0.0,38.388657956195566
2008-06-14,37.2,24.4,0.0,37.547724858995565
2008-06-15,38.3,23.9,0.0,37.87912317681782
2008-06-16,38.3,23.9,0.0,37.87912317681782
2008-06-17,38.3,23.3,0.0,38.16630760972448
2008-06-18,39.4,23.3,0.0,38.77595320759115
2008-06-19,38.3,23.9,0.0,38.36005298539553
2008-06-20,33.3,23.3,0.0,36.722963918595546
2008-06-21,36.1,21.1,0.0,35.108367144444465
2008-06-22,37.8,20.0,0.0,35.28974281820443
2008-06-23,37.8,22.2,0.0,35.28974281820443
2008-06-24,36.7,23.9,0.0,35.60670538276444
2008-06-25,37.8,24.4,0.0,37.26480069285115
2008-06-26,37.8,25.0,0.0,37.233352309724495
2008-06-27,38.3,24.4,0.0,38.16630760972448
2008-06-28,38.3,24.4,0.0,37.78858365559109
2008-06-29,37.8,21.7,11.4,37.60369765459558
2008-06-30,33.9,21.7,1.5,34.5413827922756
2008-07-01,36.7,22.2,0.0,34.627587814175556
2008-07-02,33.9,20.6,0.0,33.89808742945776
2008-07-03,36.7,21.7,0.0,36.29269838081786
2008-07-04,35.6,21.7,0.0,34.59215684108437
2008-07-05,36.1,21.7,0.0,36.29269838081786
2008-07-06,35.6,20.6,0.0,35.108367144444465
2008-07-07,36.7,22.8,2.0,37.598498363004396
2008-07-08,36.1,22.8,0.0,37.598498363004396
2008-07-09,37.8,22.2,0.0,37.78858365559109
2008-07-10,36.7,23.9,0.0,38.145823156737805
2008-07-11,37.8,24.4,0.0,37.505362613315555
2008-07-12,38.3,22.8,0.0,37.233352309724495
2008-07-13,38.3,22.8,0.0,37.60369765459558
2008-07-14,40.6,23.9,0.0,39.294572043315554
2008-07-15,37.8,23.9,0.0,38.08301543655112
2008-07-16,36.1,25.0,0.0,36.573461917715555
2008-07-17,37.8,23.3,0.0,36.731202326015556
2008-07-18,37.2,23.3,0.0,36.99262651519117
2008-07-19,37.8,22.8,0.0,37.26480069285115
2008-07-20,38.3,23.9,0.0,37.34003104305782
2008-07-21,38.9,25.6,0.0,38.11572851647114
2008-07-22,38.9,23.9,0.0,38.96840892532447
2008-07-23,36.7,24.4,0.0,37.547724858995565
2008-07-24,32.2,23.9,7.6,38.18538774865792
2008-07-25,36.7,24.4,0.0,37.70329621273782
2008-07-26,37.8,23.9,0.0,37.60369765459558
2008-07-27,38.9,23.3,0.0,37.14089292569781
2008-07-28,39.4,24.4,0.0,39.294572043315554
2008-07-29,38.9,23.9,0.0,38.96840892532447
2008-07-30,37.2,23.9,0.0,38.46099728833563
2008-07-31,38.9,26.1,0.0,40.13635133153782
2008-08-01,38.3,25.0,0.0,39.77861343452447
2008-08-02,38.9,25.6,0.0,39.29090456601554
2008-08-03,40.6,23.9,0.0,39.43240366348451
2008-08-04,39.4,24.4,0.0,39.294572043315554
2008-08-05,35.6,25.0,0.0,37.87912317681782
2008-08-06,37.2,22.8,3.8,37.405549098975634
2008-08-07,38.3,25.0,0.0,37.87912317681782
2008-08-08,38.9,23.3,0.0,38.36005298539553
2008-08-09,38.9,24.4,0.0,38.980735417597806
2008-08-10,40.0,25.0,0.0,39.96049678276451
2008-08-11,37.8,25.6,0.0,38.657691714051126
2008-08-12,33.3,25.6,0.8,37.11873875340457
2008-08-13,37.8,24.4,0.0,38.08301543655112
2008-08-14,38.3,23.3,0.0,37.87912317681782
2008-08-15,37.2,24.4,0.0,38.145823156737805
2008-08-16,33.9,22.8,0.8,35.25822549561561
2008-08-17,33.9,22.8,1.8,35.22748101695786
2008-08-18,30.0,23.3,1.0,32.930913029315576
2008-08-19,30.6,21.1,48.8,33.21375493548445
2008-08-20,34.4,22.8,0.0,34.59215684108437
2008-08-21,36.1,23.3,0.0,40.12194125900458
2008-08-22,36.1,23.3,0.5,38.03229269063124
2008-08-23,35.6,22.8,0.0,37.71805098215121
2008-08-24,35.6,23.3,0.0,36.8336682331378
2008-08-25,36.1,23.3,2.8,36.40425372780442
2008-08-26,35.6,22.8,0.0,36.03057495519112
2008-08-27,36.1,23.3,0.0,37.83491347777776
2008-08-28,35.6,24.4,0.0,36.92080481111116
2008-08-29,36.7,24.4,0.0,36.32746605479784
2008-08-30,35.6,23.9,0.5,36.40425372780442
2008-08-31,36.1,23.3,0.0,36.3571822555555
2008-09-01,36.1,23.3,0.0,37.11873875340457
2008-09-02,38.3,23.9,0.0,38.77595320759115
2008-09-03,33.9,25.0,0.0,36.558321442275684
2008-09-04,35.0,20.6,0.0,34.672937611111166
2008-09-05,35.6,21.7,0.0,35.11043901459563
2008-09-06,36.1,20.0,0.0,34.274134655555564
2008-09-07,35.6,19.4,0.0,34.672937611111166
2008-09-08,35.6,23.3,0.0,36.8336682331378
2008-09-09,36.1,23.9,0.0,35.83018627777781
2008-09-10,35.0,25.0,0.0,35.5804232555556
2008-09-11,37.2,23.9,0.0,36.089105944444455
2008-09-12,36.1,24.4,0.0,38.03229269063124
2008-09-13,36.1,25.6,0.3,38.99620826783118
2008-09-14,34.4,24.4,0.0,36.127153572515546
2008-09-15,26.1,18.9,0.0,29.02254748851555
2008-09-16,30.0,17.2,0.0,26.907821456904497
2008-09-17,28.3,15.0,0.0,26.506666666666668
2008-09-18,28.9,17.2,0.3,27.656826412984522
2008-09-19,31.1,15.6,0.0,29.745586538231123
2008-09-20,32.8,16.1,0.0,30.92745487159113
2008-09-21,33.3,17.8,0.0,31.04431948455111
2008-09-22,34.4,18.9,0.0,33.152375537971174
2008-09-23,33.3,21.1,0.0,32.69984507868445
2008-09-24,33.3,21.1,0.0,32.86198896473778
2008-09-25,32.2,20.0,0.0,29.65970892249557
2008-09-26,32.8,17.8,0.0,30.276932588015573
2008-09-27,32.8,17.8,0.0,30.097442011117867
2008-09-28,32.2,16.7,0.0,29.87279721940449
2008-09-29,33.3,16.1,0.0,31.167693901235605
2008-09-30,35.6,17.2,0.0,33.4373685444445
2008-10-01,32.2,15.0,0.0,30.3755960911912
2008-10-02,33.3,15.6,0.0,31.103087018904528
2008-10-03,33.9,19.4,0.0,32.86198896473778
2008-10-04,33.3,18.9,0.0,30.713051785724474
2008-10-05,32.8,17.8,0.0,31.576198403235576
2008-10-06,30.6,21.7,0.0,31.285569377315557
2008-10-07,30.0,17.8,23.9,30.194046724604465
2008-10-08,31.7,13.9,0.0,29.16510310077114
2008-10-09,31.1,12.2,0.0,28.814790013475562
2008-10-10,32.2,16.1,0.0,30.276932588015573
2008-10-11,32.2,18.3,0.0,31.126955483004483
2008-10-12,32.8,18.9,0.0,32.195672139537734
2008-10-13,32.8,22.2,0.0,32.56900581695783
2008-10-14,30.6,21.7,1.0,31.557488575164523
2008-10-15,25.6,18.9,26.2,26.39888888888889
2008-10-16,21.1,15.6,0.0,20.95305555555556
2008-10-17,24.4,13.3,0.0,24.27444444444445
2008-10-18,27.8,13.3,0.0,26.828007457724482
2008-10-19,27.8,11.1,0.0,26.952184976551163
2008-10-20,28.9,13.9,0.0,28.03957093897562
2008-10-21,28.9,13.3,0.0,28.50576934161565
2008-10-22,29.4,16.1,0.0,28.246993170957833
2008-10-23,21.7,8.9,0.0,21.047777777777775
2008-10-24,26.7,5.6,0.0,25.70694444444445
2008-10-25,29.4,10.0,0.0,27.684918104495598
2008-10-26,30.0,15.0,0.0,29.689165055555495
2008-10-27,21.7,7.8,0.0,27.08954415243555
2008-10-28,21.7,4.4,0.0,20.391666666666673
2008-10-29,25.0,6.1,0.0,24.578055555555554
2008-10-30,27.8,11.7,0.0,26.95966309799115
2008-10-31,28.3,15.0,0.0,27.065915636284476
2008-11-01,28.9,13.3,0.0,27.656826412984522
2008-11-02,28.3,13.3,0.0,27.656826412984522
2008-11-03,27.2,13.3,0.0,26.53277777777778
2008-11-04,28.9,15.6,0.0,28.007127103084443
2008-11-05,30.0,20.0,0.0,29.576440311111114
2008-11-06,25.6,10.6,0.3,27.08954415243555
2008-11-07,23.3,8.9,0.0,22.727777777777774
2008-11-08,25.6,7.8,0.0,24.39527777777778
2008-11-09,26.7,6.7,0.0,26.31083333333333
2008-11-10,25.0,17.8,1.3,24.54861111111111
2008-11-11,26.1,17.2,14.0,25.691111111111113
2008-11-12,24.4,15.6,0.0,23.82777777777777
2008-11-13,25.6,11.7,0.0,24.300555555555555
2008-11-14,28.3,14.4,0.0,27.310157834435607
2008-11-15,15.6,6.1,0.0,24.839166666666664
2008-11-16,20.0,2.2,0.0,18.619722222222222
2008-11-17,24.4,3.3,0.0,23.30555555555555
2008-11-18,22.8,7.2,0.0,21.72944444444444
2008-11-19,26.1,7.8,0.0,25.26027777777778
2008-11-20,25.0,10.0,0.0,24.799999999999997
2008-11-21,12.8,5.6,0.0,14.98222222222222
2008-11-22,16.1,9.4,0.0,14.495833333333334
2008-11-23,23.9,14.4,1.3,22.803333333333335
2008-11-24,21.1,9.4,0.0,21.109722222222224
2008-11-25,21.7,4.4,0.0,20.417777777777783
2008-11-26,23.9,8.3,0.0,22.685833333333335
2008-11-27,24.4,12.8,0.0,23.984444444444442
2008-11-28,24.4,11.7,1.0,23.485
2008-11-29,15.6,9.4,0.5,15.347777777777777
2008-11-30,17.8,6.1,0.0,15.95444444444444
2008-12-01,16.1,3.3,0.0,14.577499999999995
2008-12-02,23.9,1.7,0.0,22.22888888888889
2008-12-03,26.7,7.8,0.0,26.007222222222232
2008-12-04,13.3,2.2,0.0,18.776388888888896
2008-12-05,11.1,0.6,0.0,9.431944444444444
2008-12-06,19.4,-1.7,0.0,18.133888888888883
2008-12-07,21.1,2.2,0.0,19.91888888888888
2008-12-08,23.3,11.7,0.0,22.855555555555565
2008-12-09,27.2,1.1,4.6,25.665000000000003
2008-12-10,10.0,0.6,2.0,9.258888888888887
2008-12-11,18.9,0.6,0.0,17.005000000000006
2008-12-12,18.9,3.3,0.0,17.55611111111111
2008-12-13,22.8,7.2,0.0,21.912222222222212
2008-12-14,26.1,15.6,0.0,25.56055555555555
2008-12-15,19.4,-0.6,1.5,23.236944444444443
2008-12-16,2.8,-1.7,0.0,1.9861111111111087
2008-12-17,10.6,2.8,0.0,10.202222222222222
2008-12-18,19.4,10.0,0.8,17.105
2008-12-19,23.9,17.2,0.3,24.076388888888893
2008-12-20,26.1,12.8,0.0,25.008888888888894
2008-12-21,12.8,1.7,0.0,22.225555555555545
2008-12-22,2.8,-2.2,0.3,3.5911111111111103
2008-12-23,10.0,1.1,0.5,8.534722222222225
2008-12-24,23.3,10.0,0.0,22.740833333333327
2008-12-25,21.7,7.2,0.0,21.67444444444445
2008-12-26,26.7,20.6,0.0,27.71250268391774
2008-12-27,25.0,8.9,0.0,25.178611111111113
2008-12-28,13.3,3.3,0.3,15.745555555555553
2008-12-29,21.7,0.6,0.0,20.339444444444453
2008-12-30,23.9,3.9,0.0,22.779999999999994
2008-12-31,17.2,7.8,0.0,18.75027777777778
2009-01-01,20.0,3.3,0.0,19.22027777777778
2009-01-02,23.9,8.9,0.0,23.276111111111106
2009-01-03,28.3,17.2,0.0,27.910757868995592
2009-01-04,18.9,6.1,0.0,24.35277777777778
2009-01-05,6.1,1.7,2.0,7.921111111111113
2009-01-06,19.4,3.9,12.7,18.251388888888883
2009-01-07,23.3,1.7,0.0,22.189722222222233
2009-01-08,27.2,4.4,0.0,26.297777777777785
2009-01-09,26.7,17.2,0.3,26.986454903191134
2009-01-10,20.0,6.7,0.3,24.35277777777778
2009-01-11,16.7,2.8,0.0,15.167777777777783
2009-01-12,17.8,-1.1,0.0,16.952777777777776
2009-01-13,13.3,2.8,0.0,14.078055555555558
2009-01-14,17.8,-1.1,0.0,16.913611111111113
2009-01-15,12.8,2.8,0.0,14.038888888888886
2009-01-16,8.3,2.2,0.0,8.446111111111113
2009-01-17,20.0,8.3,0.0,19.168055555555554
2009-01-18,23.9,8.3,0.0,23.30555555555555
2009-01-19,21.7,7.2,0.0,21.021666666666665
2009-01-20,17.2,2.8,0.0,18.658888888888896
2009-01-21,24.4,-0.6,0.0,23.804444444444453
2009-01-22,26.1,6.1,0.0,25.65472222222223
2009-01-23,26.7,13.3,0.0,26.59805555555556
2009-01-24,17.8,2.8,0.0,23.723333333333333
2009-01-25,15.6,2.8,0.0,14.877777777777778
2009-01-26,21.7,11.1,0.3,17.931944444444447
2009-01-27,19.4,0.0,1.3,21.67444444444445
2009-01-28,11.1,-2.2,2.0,9.70611111111111
2009-01-29,14.4,-2.2,0.0,13.145000000000001
2009-01-30,18.9,1.7,0.0,17.451666666666668
2009-01-31,21.7,2.2,0.0,20.31333333333334
2009-02-01,25.6,7.2,0.0,24.708611111111118
2009-02-02,17.8,2.8,0.0,22.411666666666672
2009-02-03,25.0,-1.1,0.0,23.76527777777778
2009-02-04,20.0,4.4,0.0,20.956388888888885
2009-02-05,23.9,7.8,0.0,22.85833333333333
2009-02-06,25.6,12.8,0.0,24.786944444444444
2009-02-07,24.4,17.2,0.0,23.71027777777777
2009-02-08,23.9,14.4,0.0,23.644999999999996
2009-02-09,22.2,13.9,17.8,21.609166666666667
2009-02-10,25.0,11.1,17.8,24.48333333333333
2009-02-11,22.8,10.0,0.0,23.393611111111106
2009-02-12,25.6,5.0,0.0,23.895833333333332
2009-02-13,26.7,15.6,0.0,27.08954415243555
2009-02-14,18.3,8.3,0.0,24.300555555555555
2009-02-15,19.4,10.0,0.0,18.342777777777776
2009-02-16,16.1,8.9,0.5,15.073611111111108
2009-02-17,17.2,11.7,1.3,16.816111111111113
2009-02-18,27.8,14.4,0.0,26.49263152332448
2009-02-19,17.8,7.2,0.0,24.434444444444445
2009-02-20,22.8,1.7,0.0,21.520555555555553
2009-02-21,17.2,6.7,0.0,19.89277777777777
2009-02-22,17.8,1.1,0.0,16.87444444444445
2009-02-23,21.7,1.7,0.0,21.100000000000005
2009-02-24,28.3,8.9,0.0,27.224983142015567
2009-02-25,30.6,15.0,0.0,29.167844777777734
2009-02-26,30.6,20.0,0.0,29.36368185555555
2009-02-27,32.8,14.4,0.0,30.255147576975546
2009-02-28,17.2,5.6,0.0,28.34817124444444
2009-03-01,17.2,1.1,0.0,15.193888888888889
2009-03-02,20.6,0.6,0.0,18.60666666666667
2009-03-03,25.0,5.6,0.0,24.65638888888889
2009-03-04,28.9,10.6,0.0,27.421114341624484
2009-03-05,30.0,16.1,0.0,28.345636552764503
2009-03-06,30.0,18.3,0.0,28.493173582275574
2009-03-07,27.2,19.4,0.0,26.637222222222224
2009-03-08,28.9,21.1,0.0,28.696246040435614
2009-03-09,28.9,20.0,0.0,27.78952527557118
2009-03-10,28.9,20.0,0.0,27.932119356095637
2009-03-11,21.7,6.1,9.1,27.12101463745771
2009-03-12,7.2,4.4,40.4,7.379722222222221
2009-03-13,5.6,4.4,11.2,6.172500000000001
2009-03-14,10.0,5.0,0.0,8.903055555555556
2009-03-15,17.2,8.9,0.3,16.792777777777772
2009-03-16,29.4,6.1,0.0,27.005000477135567
2009-03-17,29.4,10.0,0.0,27.385562986771195
2009-03-18,28.3,13.3,0.0,27.145045127235615
2009-03-19,28.3,14.4,0.0,27.044716462524498
2009-03-20,27.8,10.6,0.0,26.45444444444444
2009-03-21,26.1,12.8,0.0,25.96805555555556
2009-03-22,28.3,17.2,0.0,27.198133401617845
2009-03-23,26.1,18.9,0.0,26.0463888888889
2009-03-24,25.0,19.4,1.0,24.54861111111111
2009-03-25,22.2,11.1,5.8,24.049722222222226
2009-03-26,25.0,12.2,4.8,24.839166666666664
2009-03-27,27.8,8.9,4.1,26.717046959235613
2009-03-28,20.0,3.9,0.0,19.24972222222222
2009-03-29,24.4,2.2,0.0,23.85666666666667
2009-03-30,28.9,12.8,0.0,27.624331573457855
2009-03-31,23.3,11.7,0.5,26.059444444444452
2009-04-01,25.0,7.8,0.0,24.104722222222218
2009-04-02,22.8,9.4,7.6,23.65805555555555
2009-04-03,27.2,7.2,0.0,26.297777777777785
2009-04-04,30.6,13.3,0.0,29.36368185555555
2009-04-05,21.7,13.3,0.0,27.721938942035614
2009-04-06,18.3,7.2,0.0,17.49083333333333
2009-04-07,25.0,3.9,0.0,24.434444444444445
2009-04-08,31.7,9.4,0.0,28.772346040871142
2009-04-09,35.0,17.2,0.0,32.98636029823112
2009-04-10,23.3,12.8,0.0,27.333856068786513
2009-04-11,17.8,14.4,0.0,20.600555555555566
2009-04-12,28.3,13.9,10.7,26.56073681420451
2009-04-13,24.4,10.6,0.0,26.297777777777785
2009-04-14,27.8,6.7,0.0,26.350000000000005
2009-04-15,28.3,13.9,0.0,26.908843175591166
2009-04-16,24.4,16.7,0.0,25.85055555555556
2009-04-17,18.9,16.1,31.5,22.19944444444444
2009-04-18,27.8,17.2,3.0,27.592192616015534
2009-04-19,26.7,15.0,0.0,25.82444444444445
2009-04-20,28.9,11.7,0.0,26.632283376551136
2009-04-21,33.9,16.1,0.0,31.626257597697798
2009-04-22,34.4,17.8,0.0,32.291047035875515
2009-04-23,29.4,17.2,0.0,30.575796605457768
2009-04-24,27.2,20.0,0.3,27.195764459617777
2009-04-25,30.6,22.2,0.0,31.20833997777773
2009-04-26,27.2,21.7,0.5,27.835943809757786
2009-04-27,23.3,16.1,16.5,25.74333333333333
2009-04-28,28.9,16.7,2.0,30.026780984595675
2009-04-29,27.8,22.2,0.0,28.751274357351114
2009-04-30,30.6,21.7,0.0,31.229195675431228
2009-05-01,31.1,22.2,0.0,32.53139821281776
2009-05-02,30.0,22.8,0.0,31.557488575164523
2009-05-03,29.4,17.2,2.0,28.601447857571216
2009-05-04,27.8,14.4,0.0,27.884784716924493
2009-05-05,31.1,22.2,0.0,33.34978949943118
2009-05-06,33.3,22.8,0.0,37.20667336761786
2009-05-07,32.8,23.9,0.0,36.343957807751195
2009-05-08,36.1,23.3,0.0,39.181918055555634
2009-05-09,33.9,22.8,0.0,35.781684200924495
2009-05-10,33.9,22.8,0.0,34.261995594095616
2009-05-11,33.9,23.3,0.0,33.89808742945776
2009-05-12,34.4,22.8,0.0,34.97482682251561
2009-05-13,35.6,23.3,0.0,36.40425372780442
2009-05-14,33.3,22.8,0.0,33.16821562719118
2009-05-15,34.4,22.2,0.0,35.25822549561561
2009-05-16,27.2,17.8,38.9,31.04908144444437
2009-05-17,25.0,15.6,0.0,24.982777777777773
2009-05-18,27.2,12.8,0.0,26.43262086172445
2009-05-19,28.3,11.1,0.0,27.141760369117826
2009-05-20,28.9,13.9,0.0,27.145045127235615
2009-05-21,30.6,15.0,0.0,29.263648144444492
2009-05-22,31.7,20.0,0.0,30.898330215831233
2009-05-23,30.0,17.8,1.3,28.89326381961784
2009-05-24,28.3,19.4,2.8,28.89326381961784
2009-05-25,33.3,17.8,0.0,31.894722860195557
2009-05-26,33.9,22.2,0.0,33.3264943697156
2009-05-27,31.1,21.7,0.0,31.955337089324523
2009-05-28,32.8,20.6,0.0,31.04431948455111
2009-05-29,33.3,22.2,0.0,31.576198403235576
2009-05-30,35.0,20.0,0.0,32.98636029823112
2009-05-31,33.3,21.1,0.0,33.07112638487102
2009-06-01,33.3,20.0,0.0,33.07112638487102
2009-06-02,35.6,22.2,0.0,35.108367144444465
2009-06-03,33.3,20.0,1.5,34.104005616737815
2009-06-04,32.2,19.4,0.0,31.5090838789956
2009-06-05,34.4,16.1,0.0,32.051154196175595
2009-06-06,36.7,20.6,0.0,35.83018627777781
2009-06-07,35.6,20.6,0.0,34.672937611111166
2009-06-08,35.6,22.2,0.0,35.55417157287113
2009-06-09,36.1,22.2,0.0,35.83018627777781
2009-06-10,37.2,25.0,0.0,38.145823156737805
2009-06-11,36.7,21.7,22.9,40.12194125900458
2009-06-12,36.1,21.7,0.0,40.45219808299563
2009-06-13,37.8,24.4,0.0,39.77861343452447
2009-06-14,37.8,24.4,0.0,38.388657956195566
2009-06-15,38.3,24.4,0.0,38.08301543655112
2009-06-16,38.3,25.0,0.0,39.43263444819561
2009-06-17,37.8,25.6,0.0,38.78692140841783
2009-06-18,37.8,25.6,0.0,39.03357521153779
2009-06-19,36.1,25.6,0.0,37.71805098215121
2009-06-20,38.9,25.6,0.0,39.29090456601554
2009-06-21,38.3,25.0,0.0,38.465250953315596
2009-06-22,38.3,24.4,0.0,38.465250953315596
2009-06-23,39.4,23.9,0.0,37.87912317681782
2009-06-24,40.6,25.0,0.0,41.08405285555559
2009-06-25,41.1,26.1,0.0,41.055012611971144
2009-06-26,40.6,25.6,0.0,40.715118577777744
2009-06-27,40.6,26.1,0.0,38.980735417597806
2009-06-28,39.4,25.6,0.0,39.75747832689779
2009-06-29,41.1,25.0,0.0,40.238860733671075
2009-06-30,32.8,22.2,9.9,39.12359551698453
2009-07-01,33.9,23.3,2.3,34.59215684108437
2009-07-02,40.0,22.8,0.0,38.980735417597806
2009-07-03,38.9,24.4,0.0,40.7030049336245
2009-07-04,40.0,26.1,0.0,41.055012611971144
2009-07-05,40.6,25.6,0.0,40.44721410993783
2009-07-06,36.1,25.6,0.0,38.356258128515606
2009-07-07,38.3,26.1,0.0,39.09841437255115
2009-07-08,41.1,25.6,0.0,41.46671187777782
2009-07-09,40.6,25.6,0.0,40.359909044444436
2009-07-10,39.4,25.0,0.0,39.29090456601554
2009-07-11,38.3,24.4,0.0,39.29090456601554
2009-07-12,38.9,25.0,0.0,38.980735417597806
2009-07-13,40.6,25.0,0.0,38.82184079287112
2009-07-14,40.0,25.0,0.0,39.621159165037845
2009-07-15,40.0,24.4,0.0,40.09574847571557
2009-07-16,40.6,25.0,0.0,38.82184079287112
2009-07-17,38.3,26.1,0.0,40.33166217099559
2009-07-18,38.9,23.3,0.0,38.980735417597806
2009-07-19,37.8,26.1,0.0,38.465250953315596
2009-07-20,38.3,25.6,0.0,37.78858365559109
2009-07-21,39.4,25.6,0.0,40.13635133153782
2009-07-22,38.3,23.3,3.3,39.09841437255115
2009-07-23,37.2,22.8,0.0,36.316484243971146
2009-07-24,37.8,25.6,0.0,37.26480069285115
2009-07-25,40.0,24.4,0.0,39.75747832689779
2009-07-26,40.6,25.0,0.0,39.1205244854756
2009-07-27,40.6,26.1,0.0,39.75747832689779
2009-07-28,40.0,25.6,0.0,40.44721410993783
2009-07-29,36.7,27.2,0.0,38.08301543655112
2009-07-30,36.1,22.8,0.8,39.03336019249782
2009-07-31,38.3,25.6,0.0,39.77861343452447
2009-08-01,38.9,26.7,0.0,38.16630760972448
2009-08-02,36.1,26.7,0.0,36.041461872035576
2009-08-03,40.0,22.8,0.0,39.96049678276451
2009-08-04,39.4,25.0,0.0,39.621159165037845
2009-08-05,40.0,25.0,0.0,39.43240366348451
2009-08-06,40.6,25.6,0.0,39.37662891111112
2009-08-07,40.0,25.6,0.0,38.980735417597806
2009-08-08,39.4,25.6,0.0,39.29090456601554
2009-08-09,39.4,26.1,0.5,39.29090456601554
2009-08-10,39.4,26.1,0.0,38.96840892532447
2009-08-11,40.6,25.0,0.0,40.01842425555557
2009-08-12,38.9,23.3,0.0,39.6256119871911
2009-08-13,38.3,22.2,0.0,38.465250953315596
2009-08-14,38.9,24.4,0.0,39.09841437255115
2009-08-15,38.9,25.6,0.0,39.6256119871911
2009-08-16,38.9,25.6,0.0,38.77595320759115
2009-08-17,38.9,25.6,0.0,38.65812506511781
2009-08-18,37.8,26.1,0.0,39.37284994723556
2009-08-19,37.2,25.6,0.0,37.547724858995565
2009-08-20,39.4,26.1,0.0,39.6256119871911
2009-08-21,39.4,26.7,0.0,39.294572043315554
2009-08-22,39.4,24.4,0.3,39.96049678276451
2009-08-23,40.6,25.6,0.0,38.82184079287112
2009-08-24,39.4,25.0,0.0,38.980735417597806
2009-08-25,39.4,24.4,0.0,38.980735417597806
2009-08-26,40.0,23.9,4.3,40.01842425555557
2009-08-27,39.4,22.8,14.5,37.505362613315555
2009-08-28,37.2,22.2,0.0,36.722963918595546
2009-08-29,35.6,22.8,0.0,33.586408477777795
2009-08-30,35.0,21.7,0.0,33.30603208156442
2009-08-31,33.9,22.2,0.0,32.86198896473778
2009-09-01,34.4,21.7,0.0,34.31864240850442
2009-09-02,36.7,21.7,0.0,35.833105976495595
2009-09-03,38.3,23.3,0.0,37.78858365559109
2009-09-04,35.0,20.0,37.6,35.34735951507558
2009-09-05,32.8,22.2,0.0,32.94917448145782
2009-09-06,35.0,22.2,0.0,35.10459696540446
2009-09-07,35.6,21.7,0.0,35.5804232555556
2009-09-08,35.6,22.8,0.0,35.108367144444465
2009-09-09,31.1,23.9,0.5,33.34978949943118
2009-09-10,30.6,22.8,5.6,33.78802762316448
2009-09-11,27.2,22.2,4.1,25.873888888888885
2009-09-12,24.4,21.7,53.6,24.29777777777777
2009-09-13,28.9,21.1,0.0,30.026780984595675
2009-09-14,26.7,21.7,0.0,26.24222222222223
2009-09-15,30.0,21.1,0.0,30.331079793937747
2009-09-16,31.7,20.0,0.0,32.02327019841567
2009-09-17,28.3,21.1,0.0,29.31698503179564
2009-09-18,31.1,21.1,0.0,31.04908144444437
2009-09-19,31.1,21.1,0.0,30.743255411111097
2009-09-20,33.9,21.1,0.0,34.261995594095616
2009-09-21,35.6,23.9,0.0,38.49010247777784
2009-09-22,27.2,16.7,60.7,34.97482682251561
2009-09-23,18.9,14.4,4.3,18.891111111111105
2009-09-24,20.0,14.4,0.8,19.22027777777778
2009-09-25,28.9,15.0,0.0,28.89326381961784
2009-09-26,33.3,18.3,0.0,33.57033428108443
2009-09-27,33.9,20.0,0.0,36.03057495519112
2009-09-28,32.8,18.3,6.9,35.889603247484416
2009-09-29,27.2,16.1,0.3,28.499177144657796
2009-09-30,31.7,20.0,0.0,33.85445181291555
2009-10-01,31.1,22.8,0.0,33.44940924444435
2009-10-02,27.2,17.8,0.0,31.648926787671186
2009-10-03,21.7,18.3,8.6,24.02638888888889
2009-10-04,28.9,21.7,8.6,32.50994487721565
2009-10-05,26.1,18.3,0.0,29.878027129724483
2009-10-06,32.8,23.3,0.0,36.45781422883556
2009-10-07,27.2,18.9,0.0,32.6347006444444
2009-10-08,32.8,26.1,0.0,36.931999601315574
2009-10-09,27.8,12.2,33.0,34.331803355555614
2009-10-10,15.6,11.7,0.0,15.386944444444445
2009-10-11,15.0,12.2,14.5,14.991944444444446
2009-10-12,21.7,13.9,0.0,21.253333333333334
2009-10-13,28.3,20.0,8.9,31.870187069491244
2009-10-14,32.2,23.9,0.0,37.267713707404496
2009-10-15,33.3,17.2,0.0,37.67863462375107
2009-10-16,22.8,15.0,0.0,25.113333333333337
2009-10-17,25.0,12.8,0.0,24.104722222222218
2009-10-18,23.9,11.7,0.0,23.749444444444443
2009-10-19,26.1,12.8,0.0,25.56055555555555
2009-10-20,28.3,13.9,0.5,27.543531976835535
2009-10-21,25.6,20.0,10.4,25.283055555555556
2009-10-22,22.2,12.8,30.5,23.10361111111111
2009-10-23,22.2,10.6,0.0,21.204444444444448
2009-10-24,24.4,8.9,0.0,23.553611111111113
2009-10-25,28.3,14.4,0.0,28.957169045315645
2009-10-26,22.2,11.7,52.8,24.64
2009-10-27,21.1,8.3,0.0,20.127777777777773
2009-10-28,27.8,10.6,2.0,28.292644831457842
2009-10-29,27.8,13.3,4.8,28.78770131289555
2009-10-30,21.1,9.4,0.0,20.483055555555566
2009-10-31,23.3,7.8,0.0,22.281111111111116
2009-11-01,23.9,8.3,0.0,22.910555555555558
2009-11-02,24.4,8.3,0.0,23.59277777777777
2009-11-03,24.4,11.1,0.0,23.65805555555555
2009-11-04,25.6,9.4,0.0,25.33861111111111
2009-11-05,25.6,11.7,0.0,24.786944444444444
2009-11-06,24.4,11.7,0.0,24.248333333333335
2009-11-07,25.6,14.4,0.0,25.50833333333333
2009-11-08,20.0,15.6,16.3,22.65972222222223
2009-11-09,23.9,18.3,0.0,23.354444444444443
2009-11-10,25.6,15.0,0.0,25.50833333333333
2009-11-11,25.6,13.9,0.0,24.32666666666667
2009-11-12,23.3,11.1,0.0,23.171666666666667
2009-11-13,24.4,12.2,0.0,23.82777777777777
2009-11-14,26.1,13.9,0.0,25.638888888888893
2009-11-15,26.1,17.8,0.0,26.21611111111112
2009-11-16,20.6,7.2,1.3,23.419722222222216
2009-11-17,18.9,4.4,0.0,18.133888888888883
2009-11-18,22.2,4.4,0.0,21.139166666666668
2009-11-19,23.3,8.3,0.0,22.829444444444455
2009-11-20,19.4,13.3,41.4,22.26472222222221
2009-11-21,14.4,12.2,4.8,16.14694444444445
2009-11-22,18.9,9.4,0.0,18.695277777777775
2009-11-23,23.3,7.8,0.0,22.803333333333335
2009-11-24,18.9,8.3,0.0,20.571666666666665
2009-11-25,20.0,5.0,0.0,18.671944444444442
2009-11-26,17.8,6.1,0.0,16.466388888888886
2009-11-27,18.3,4.4,0.0,17.765
2009-11-28,22.2,10.0,0.0,21.01833333333333
2009-11-29,22.2,10.0,3.6,21.831111111111106
2009-11-30,12.2,7.2,3.8,19.664166666666667
2009-12-01,10.0,5.6,26.7,10.309444444444441
2009-12-02,10.0,5.0,0.0,9.285
2009-12-03,9.4,2.2,0.0,7.947222222222226
2009-12-04,5.0,-1.7,0.0,6.17527777777778
2009-12-05,10.0,-3.9,0.0,8.446111111111113
2009-12-06,11.7,2.8,2.0,10.89694444444444
2009-12-07,11.1,6.1,1.5,10.949166666666663
2009-12-08,14.4,5.6,0.8,14.322777777777778
2009-12-09,10.0,0.0,0.0,13.20694444444444
2009-12-10,6.7,-0.6,0.0,5.532777777777779
2009-12-11,8.9,5.6,0.0,8.169166666666667
2009-12-12,11.1,6.1,2.3,10.805555555555552
2009-12-13,20.6,8.3,0.0,19.745833333333326
2009-12-14,18.9,11.7,2.3,18.339444444444442
2009-12-15,17.2,5.0,0.0,17.89277777777778
2009-12-16,8.9,3.3,0.0,8.038611111111114
2009-12-17,11.7,5.0,12.7,11.239722222222225
2009-12-18,18.9,5.6,0.0,18.03916666666667
2009-12-19,16.7,3.9,0.0,15.337500000000002
2009-12-20,17.2,0.6,0.0,16.58388888888889
2009-12-21,20.0,3.3,0.0,19.063611111111115
2009-12-22,22.2,12.2,0.0,21.01833333333333
2009-12-23,23.3,13.3,0.0,22.76416666666667
2009-12-24,13.3,2.8,6.6,19.39
2009-12-25,9.4,-0.6,0.0,8.211111111111112
2009-12-26,13.9,-2.2,0.0,12.54111111111111
2009-12-27,15.0,0.6,0.0,13.487222222222222
2009-12-28,11.7,0.6,0.0,10.19194444444444
2009-12-29,5.6,0.6,11.2,7.382499999999999
2009-12-30,16.1,4.4,0.3,15.282499999999999
2009-12-31,21.7,3.9,0.0,20.297499999999992
2010-01-01,12.8,1.7,0.0,11.229444444444445
2010-01-02,12.8,-1.7,0.0,11.99
2010-01-03,9.4,5.0,0.0,9.128333333333332
2010-01-04,8.9,0.0,0.0,7.340555555555552
2010-01-05,9.4,-2.8,0.0,7.973333333333335
2010-01-06,10.6,2.2,0.0,9.689722222222224
2010-01-07,11.7,-2.2,0.0,11.435555555555558
2010-01-08,1.7,-6.1,0.0,-0.8722222222222223
2010-01-09,5.6,-8.3,0.0,4.234166666666665
2010-01-10,8.9,-6.7,0.0,7.082222222222221
2010-01-11,13.9,-2.8,0.0,13.262500000000001
2010-01-12,18.9,3.9,0.0,17.72583333333333
2010-01-13,15.0,6.1,0.3,14.561111111111112
2010-01-14,14.4,10.0,10.7,14.414166666666663
2010-01-15,12.8,7.2,43.9,14.361944444444443
2010-01-16,16.7,6.7,3.3,16.16333333333333
2010-01-17,18.3,3.9,0.0,17.37055555555556
2010-01-18,20.6,7.2,0.0,20.480277777777772
2010-01-19,22.8,15.6,0.0,21.67444444444445
2010-01-20,22.8,13.3,0.0,22.225555555555545
2010-01-21,24.4,7.8,0.0,23.34472222222222
2010-01-22,23.9,8.3,0.0,23.236944444444443
2010-01-23,22.2,11.1,0.0,21.609166666666667
2010-01-24,18.3,5.6,0.0,17.543055555555554
2010-01-25,19.4,1.7,0.0,18.658888888888896
2010-01-26,20.6,2.2,0.0,19.367222222222217
2010-01-27,20.6,11.7,0.0,19.259444444444444
2010-01-28,19.4,15.6,1.0,18.96944444444444
2010-01-29,17.8,0.0,24.4,19.455277777777773
2010-01-30,7.8,-1.1,0.0,6.279722222222222
2010-01-31,2.2,-1.1,0.0,4.717222222222222
2010-02-01,7.8,1.1,0.0,6.762777777777779
2010-02-02,11.1,6.7,0.0,10.241388888888888
2010-02-03,10.0,7.8,21.8,10.72722222222222
2010-02-04,8.3,7.2,16.5,8.586944444444448
2010-02-05,15.6,6.1,0.0,14.587222222222225
2010-02-06,16.1,3.9,0.0,15.021388888888888
2010-02-07,10.6,4.4,0.0,11.60805555555556
2010-02-08,18.9,6.7,8.4,18.07666666666667
2010-02-09,9.4,1.7,0.0,9.533055555555556
2010-02-10,5.0,0.6,0.5,6.05777777777778
2010-02-11,4.4,2.2,13.2,3.861944444444446
2010-02-12,8.9,0.6,0.0,7.591388888888888
2010-02-13,14.4,-1.1,0.0,13.81361111111111
2010-02-14,20.6,2.8,0.0,19.61527777777778
2010-02-15,12.8,0.0,0.0,11.072777777777777
2010-02-16,15.0,-1.1,0.0,13.395833333333332
2010-02-17,17.2,-1.1,0.0,15.193888888888889
2010-02-18,17.8,0.6,0.0,16.414166666666663
2010-02-19,15.0,8.9,0.0,14.756944444444445
2010-02-20,19.4,12.2,1.0,18.695277777777775
2010-02-21,24.4,8.9,0.5,23.96111111111111
2010-02-22,11.7,4.4,0.0,21.67722222222221
2010-02-23,4.4,0.6,14.2,8.13
2010-02-24,12.2,0.0,0.0,10.769722222222226
2010-02-25,17.8,0.0,0.0,17.174722222222226
2010-02-26,13.9,5.6,0.0,14.98222222222222
2010-02-27,18.9,2.8,0.0,17.109444444444446
2010-02-28,18.9,2.8,2.0,17.73888888888889
2010-03-01,16.1,6.7,14.0,15.61166666666667
2010-03-02,16.1,2.8,0.0,14.83861111111111
2010-03-03,20.0,2.2,0.0,19.49777777777778
2010-03-04,21.7,6.1,0.0,20.691944444444445
2010-03-05,17.8,8.9,0.0,18.460277777777776
2010-03-06,18.9,10.6,0.0,18.065277777777776
2010-03-07,16.7,12.2,0.5,18.03916666666667
2010-03-08,18.9,14.4,2.0,19.08694444444444
2010-03-09,26.7,11.1,3.0,25.74611111111112
2010-03-10,26.7,10.6,2.0,25.720000000000013
2010-03-11,23.9,7.8,0.0,23.85666666666667
2010-03-12,22.2,7.8,0.0,20.483055555555566
2010-03-13,23.9,7.2,0.0,23.357777777777773
2010-03-14,27.2,7.2,0.0,26.546626832551105
2010-03-15,21.7,11.7,4.6,24.695555555555554
2010-03-16,13.9,10.0,20.6,18.577777777777776
2010-03-17,22.2,8.3,0.0,21.72944444444444
2010-03-18,20.6,8.3,0.0,20.075555555555553
2010-03-19,23.9,10.6,0.0,23.71027777777777
2010-03-20,16.7,3.3,26.7,20.822500000000005
2010-03-21,16.1,2.8,0.0,15.206944444444446
2010-03-22,22.8,3.9,0.0,21.12611111111111
2010-03-23,25.0,7.2,0.0,24.17
2010-03-24,18.3,13.3,10.9,22.02972222222221
2010-03-25,20.6,8.3,0.0,20.127777777777773
2010-03-26,22.8,5.6,0.0,21.859999999999992
2010-03-27,27.8,10.0,0.0,26.389166666666668
2010-03-28,22.2,8.9,0.0,23.84361111111111
2010-03-29,24.4,7.8,0.0,23.48833333333333
2010-03-30,26.7,11.7,0.0,25.79833333333334
2010-03-31,28.3,13.3,0.0,28.41927290529559
2010-04-01,26.1,16.7,0.0,25.665000000000003
2010-04-02,27.2,15.0,0.0,26.493611111111115
2010-04-03,28.9,9.4,0.0,27.736280690231215
2010-04-04,27.8,19.4,0.3,27.962515993535547
2010-04-05,28.9,20.0,0.0,29.543688464791305
2010-04-06,27.2,19.4,0.0,27.71250268391774
2010-04-07,25.0,14.4,0.0,24.48333333333333
2010-04-08,22.2,8.3,0.0,23.436111111111114
2010-04-09,23.9,5.0,0.0,22.307222222222226
2010-04-10,26.7,12.2,0.0,26.08555555555556
2010-04-11,20.6,15.6,0.3,23.236944444444443
2010-04-12,26.1,15.0,0.0,24.708611111111118
2010-04-13,26.7,14.4,0.0,27.195764459617777
2010-04-14,25.0,16.7,0.0,24.35277777777778
2010-04-15,23.9,18.9,14.5,23.958333333333332
2010-04-16,22.8,17.8,3.0,22.920833333333334
2010-04-17,25.0,15.6,30.7,24.54861111111111
2010-04-18,21.1,14.4,0.0,21.831111111111106
2010-04-19,17.2,13.3,0.0,18.195833333333333
2010-04-20,25.0,13.3,0.0,24.248333333333335
2010-04-21,27.8,12.2,0.0,27.195764459617777
2010-04-22,22.8,17.8,0.5,24.956666666666663
2010-04-23,31.1,16.7,0.0,31.04908144444437
2010-04-24,27.8,12.8,4.8,29.65017504153784
2010-04-25,28.9,13.9,0.0,27.44181083817559
2010-04-26,31.1,11.7,0.0,30.276920798631156
2010-04-27,25.6,13.3,0.0,28.572364773137767
2010-04-28,27.2,9.4,0.0,26.858671178435525
2010-04-29,29.4,16.7,0.0,29.898529149217854
2010-04-30,31.1,22.8,0.0,32.15124504993779
2010-05-01,28.3,18.3,0.5,31.229195675431228
2010-05-02,30.6,15.6,0.0,28.133183644444404
2010-05-03,32.8,12.2,0.0,29.70166171605114
2010-05-04,33.3,12.2,0.0,30.92745487159113
2010-05-05,35.0,15.0,0.0,32.86102967889778
2010-05-06,33.3,17.8,0.0,32.88196913043552
2010-05-07,35.6,21.7,0.0,36.40425372780442
2010-05-08,24.4,18.3,0.0,33.379843183571246
2010-05-09,25.0,18.9,0.3,24.02361111111111
2010-05-10,30.6,22.8,0.0,31.557488575164523
2010-05-11,32.8,22.8,0.0,33.820934725784504
2010-05-12,32.8,22.8,0.0,33.19595416537561
2010-05-13,31.7,23.3,0.0,32.15124504993779
2010-05-14,25.0,18.3,5.6,31.229195675431228
2010-05-15,28.9,17.2,31.2,29.65017504153784
2010-05-16,30.6,18.3,0.0,30.915363245315625
2010-05-17,33.3,19.4,9.4,34.3537671678578
2010-05-18,31.1,18.9,0.0,32.78368005370444
2010-05-19,32.2,20.6,0.0,34.28580817393564
2010-05-20,30.6,23.3,0.3,33.882145611111156
2010-05-21,32.8,23.9,0.0,35.889603247484416
2010-05-22,32.8,24.4,0.0,36.45781422883556
2010-05-23,32.2,23.9,0.0,35.781684200924495
2010-05-24,31.1,22.8,0.0,33.03359425555552
2010-05-25,28.9,22.8,0.0,30.532753716924603
2010-05-26,32.2,22.2,0.0,33.356838967857776
2010-05-27,34.4,19.4,0.0,34.104005616737815
2010-05-28,35.6,20.6,0.0,35.34735951507558
2010-05-29,35.6,21.7,0.5,35.34735951507558
2010-05-30,35.0,22.8,0.0,35.286900788051064
2010-05-31,34.4,20.6,0.0,34.97482682251561
2010-06-01,34.4,21.1,0.0,34.5413827922756
2010-06-02,36.1,19.4,25.4,37.83491347777776
2010-06-03,23.3,19.4,2.5,25.074166666666667
2010-06-04,35.0,20.0,0.0,36.91070788641558
2010-06-05,33.9,21.7,0.0,38.85491958937559
2010-06-06,34.4,26.1,0.0,38.17443465370449
2010-06-07,34.4,24.4,0.0,38.846038964051104
2010-06-08,32.2,23.9,0.0,33.85445181291555
2010-06-09,30.0,21.7,36.6,34.04386637036451
2010-06-10,33.9,25.6,0.0,38.33124403731548
2010-06-11,33.3,25.6,0.0,37.67863462375107
2010-06-12,33.9,26.7,0.0,38.846038964051104
2010-06-13,34.4,26.1,0.0,38.85491958937559
2010-06-14,33.9,25.6,0.0,38.16772704802459
2010-06-15,35.0,24.4,0.0,38.17443465370449
2010-06-16,35.0,25.0,0.0,38.58431805415117
2010-06-17,33.3,23.9,17.5,37.263807475384425
2010-06-18,34.4,25.6,0.0,38.846038964051104
2010-06-19,35.0,24.4,0.0,37.84634757387565
2010-06-20,34.4,25.0,0.0,37.84634757387565
2010-06-21,35.0,23.9,0.0,38.15792965555557
2010-06-22,35.0,23.9,0.0,37.598498363004396
2010-06-23,35.6,23.9,0.0,38.15792965555557
2010-06-24,33.3,24.4,0.0,36.03057495519112
2010-06-25,36.1,25.0,0.0,39.386496818595646
2010-06-26,36.7,23.9,0.0,39.70381845540449
2010-06-27,37.2,23.9,0.0,38.657691714051126
2010-06-28,37.2,25.0,0.0,38.99620826783118
2010-06-29,33.3,23.3,63.5,37.05415802092446
2010-06-30,30.0,23.9,5.1,32.50994487721565
2010-07-01,28.3,23.9,2.5,32.732586439111
2010-07-02,30.6,23.3,19.3,36.29964811111102
2010-07-03,32.2,23.9,0.0,36.67203977659556
2010-07-04,33.3,25.6,0.0,37.67863462375107
2010-07-05,34.4,24.4,0.0,37.84634757387565
2010-07-06,35.0,23.9,0.0,37.598498363004396
2010-07-07,34.4,24.4,0.0,39.64739735793769
2010-07-08,28.9,23.3,23.6,37.235683568124536
2010-07-09,31.7,23.9,0.5,35.21891191607106
2010-07-10,33.9,24.4,0.0,38.846038964051104
2010-07-11,33.3,24.4,0.0,37.20667336761786
2010-07-12,33.3,25.0,0.0,38.16772704802459
2010-07-13,33.9,26.1,0.0,38.846038964051104
2010-07-14,35.0,26.1,0.0,41.07169827777786
2010-07-15,35.6,25.6,0.0,39.9103602111111
2010-07-16,36.1,24.4,0.0,38.03229269063124
2010-07-17,36.7,23.9,0.0,40.072912089197835
2010-07-18,36.7,25.0,0.3,39.12359551698453
2010-07-19,36.1,24.4,0.0,40.12194125900458
2010-07-20,35.0,24.4,0.0,37.91852052531555
2010-07-21,35.6,24.4,0.0,38.9300934206755
2010-07-22,35.0,25.6,2.5,37.51950270193562
2010-07-23,33.9,24.4,12.2,39.554438450015674
2010-07-24,35.0,23.9,0.0,37.598498363004396
2010-07-25,36.1,23.3,0.0,37.598498363004396
2010-07-26,36.7,23.3,18.5,37.91852052531555
2010-07-27,32.8,22.8,0.0,37.05415802092446
2010-07-28,28.3,23.3,6.4,33.21375493548445
2010-07-29,34.4,23.9,0.0,36.60358037643559
2010-07-30,35.6,24.4,0.0,37.21635105555562
2010-07-31,37.2,23.9,0.0,39.12359551698453
2010-08-01,38.9,22.8,0.0,39.70381845540449
2010-08-02,38.3,23.3,0.0,37.87912317681782
2010-08-03,37.2,23.3,0.0,40.072912089197835
2010-08-04,36.7,25.0,0.0,40.19811777359115
2010-08-05,37.8,24.4,0.0,40.457938586435525
2010-08-06,38.9,25.0,0.0,41.28011848668453
2010-08-07,36.7,25.0,0.0,39.70381845540449
2010-08-08,37.2,25.6,0.0,40.457938586435525
2010-08-09,37.8,25.6,0.0,39.12359551698453
2010-08-10,38.9,25.0,0.0,42.061673780284465
2010-08-11,37.8,25.6,0.0,40.50424907331573
2010-08-12,37.2,24.4,0.0,40.19811777359115
2010-08-13,38.3,25.0,0.0,41.28011848668453
2010-08-14,38.9,26.1,0.0,42.74289545403558
2010-08-15,39.4,25.6,0.0,41.055012611971144
2010-08-16,40.6,25.0,0.0,42.27320415555557
2010-08-17,38.9,25.0,0.0,42.692873994975585
2010-08-18,39.4,26.1,0.0,42.8331131087645
2010-08-19,38.3,26.1,0.0,40.50584813923555
2010-08-20,38.3,26.1,0.0,40.50584813923555
2010-08-21,38.9,25.6,0.0,40.33166217099559
2010-08-22,39.4,25.6,0.0,42.692873994975585
2010-08-23,41.1,25.0,0.0,41.46671187777782
2010-08-24,41.7,25.6,0.0,42.54318052359783
2010-08-25,35.6,26.1,0.0,36.127153572515546
2010-08-26,33.9,25.6,0.0,33.61686139803551
2010-08-27,36.1,21.7,0.0,34.307287306771144
2010-08-28,37.2,18.9,0.0,34.988657761597864
2010-08-29,36.7,22.8,0.0,38.657691714051126
2010-08-30,37.8,26.7,0.0,40.8420562768711
2010-08-31,38.3,26.1,0.0,41.23738470599116
2010-09-01,37.8,26.1,0.0,39.12359551698453
2010-09-02,37.2,23.9,90.2,37.91852052531555
2010-09-03,28.9,22.2,19.6,35.889603247484416
2010-09-04,33.3,22.8,0.0,33.680797364284345
2010-09-05,33.9,21.1,0.0,34.5413827922756
2010-09-06,33.3,22.8,0.5,35.889603247484416
2010-09-07,25.6,22.8,178.8,31.258456716495616
2010-09-08,30.6,23.3,13.0,35.8776148755378
2010-09-09,33.3,25.0,0.0,36.45781422883556
2010-09-10,33.9,25.0,0.0,36.60358037643559
2010-09-11,35.0,24.4,0.0,41.07169827777786
2010-09-12,34.4,24.4,0.0,38.58431805415117
2010-09-13,33.9,24.4,0.0,37.235683568124536
2010-09-14,34.4,25.0,0.0,37.20667336761786
2010-09-15,34.4,25.0,0.0,37.598498363004396
2010-09-16,33.9,23.3,0.0,34.59215684108437
2010-09-17,34.4,22.2,6.6,35.889603247484416
2010-09-18,31.1,22.8,0.0,34.24562740051562
2010-09-19,30.6,20.0,1.0,32.62913009207105
2010-09-20,29.4,19.4,0.5,31.326208967884572
2010-09-21,29.4,20.6,16.0,33.21375493548445
2010-09-22,30.6,22.8,6.4,33.44940924444435
2010-09-23,32.8,23.3,0.0,35.286900788051064
2010-09-24,32.8,23.3,2.8,36.343957807751195
2010-09-25,33.3,22.8,0.0,34.73444154748442
2010-09-26,30.6,16.7,0.0,30.28317007140459
2010-09-27,26.1,13.9,0.0,25.377777777777776
2010-09-28,30.6,12.8,0.0,28.91419919889784
2010-09-29,31.7,16.7,0.0,30.707259459624495
2010-09-30,31.7,15.6,0.0,30.37309437673785
2010-10-01,30.6,18.9,0.0,29.807039277137847
2010-10-02,30.0,17.8,0.0,28.151444389031152
2010-10-03,25.0,16.7,0.0,25.82444444444445
2010-10-04,25.0,11.1,0.0,24.617222222222225
2010-10-05,26.7,9.4,0.0,25.75916666666667
2010-10-06,27.8,10.0,0.0,26.39724918081779
2010-10-07,28.9,11.7,0.0,27.0354797434045
2010-10-08,28.9,12.8,0.0,27.591488397037843
2010-10-09,30.0,13.9,0.0,28.151444389031152
2010-10-10,30.0,16.1,0.0,29.689165055555495
2010-10-11,30.6,18.3,0.5,29.930825938151138
2010-10-12,31.7,17.2,0.0,29.83680901797119
2010-10-13,29.4,16.1,0.0,27.97271591321781
2010-10-14,26.7,10.6,0.0,26.28472222222222
2010-10-15,29.4,10.6,0.0,27.362086793075598
2010-10-16,28.9,10.6,0.0,27.224983142015567
2010-10-17,28.9,15.0,0.0,28.258726944275562
2010-10-18,29.4,18.3,0.0,28.59431378340449
2010-10-19,29.4,17.2,0.0,29.300882540051173
2010-10-20,30.6,17.8,0.0,30.824248934595516
2010-10-21,30.6,18.3,0.0,30.454350755555513
2010-10-22,30.0,20.0,0.3,29.682065621315626
2010-10-23,30.0,21.1,1.3,29.930825938151138
2010-10-24,30.6,19.4,0.0,31.617318406151192
2010-10-25,31.1,21.1,0.0,31.96842908860448
2010-10-26,28.9,15.6,0.0,29.930825938151138
2010-10-27,31.7,12.8,0.0,32.15124504993779
2010-10-28,25.6,13.9,0.0,29.31698503179564
2010-10-29,22.8,7.2,0.0,21.572777777777773
2010-10-30,26.7,4.4,0.0,25.70694444444445
2010-10-31,30.0,12.8,0.0,28.27729071411561
2010-11-01,28.9,17.2,0.0,29.65017504153784
2010-11-02,21.7,11.7,5.1,25.71722222222222
2010-11-03,16.7,10.6,0.5,14.20527777777778
2010-11-04,20.6,11.1,0.0,19.275833333333335
2010-11-05,20.0,6.1,0.0,18.658888888888896
2010-11-06,21.7,3.3,0.0,20.470000000000002
2010-11-07,23.9,5.6,0.0,22.450833333333343
2010-11-08,25.6,9.4,0.0,24.786944444444444
2010-11-09,26.7,11.1,0.0,25.837500000000002
2010-11-10,27.8,13.9,0.0,26.02027777777778
2010-11-11,26.7,17.8,0.0,25.665000000000003
2010-11-12,27.8,13.3,11.7,27.676087608817763
2010-11-13,18.3,8.3,0.0,24.405
2010-11-14,16.7,8.9,0.0,15.441944444444447
2010-11-15,19.4,9.4,0.0,18.13055555555555
2010-11-16,20.0,8.9,0.0,19.393333333333334
2010-11-17,27.2,7.2,0.0,26.389166666666668
2010-11-18,18.9,6.1,0.0,20.522222222222222
2010-11-19,21.7,2.2,0.0,21.165277777777774
2010-11-20,25.6,10.0,0.0,24.956666666666663
2010-11-21,28.3,20.6,0.0,28.146045184835597
2010-11-22,28.9,21.1,0.0,28.89326381961784
2010-11-23,27.8,20.6,0.0,28.181459693315517
2010-11-24,29.4,22.2,0.0,29.300882540051173
2010-11-25,26.1,7.2,0.0,25.76944444444444
2010-11-26,14.4,2.8,0.0,13.356666666666667
2010-11-27,17.2,1.1,0.0,15.745555555555553
2010-11-28,22.2,5.6,0.0,20.783333333333342
2010-11-29,26.7,17.2,0.0,25.234166666666663
2010-11-30,17.2,3.3,0.0,20.023333333333333
2010-12-01,19.4,-0.6,0.0,18.081666666666663
2010-12-02,22.8,2.8,0.0,21.781666666666663
2010-12-03,24.4,8.9,0.0,24.196111111111108
2010-12-04,26.7,11.7,0.0,25.837500000000002
2010-12-05,13.9,4.4,0.0,18.906944444444445
2010-12-06,13.9,1.7,0.0,11.781111111111112
2010-12-07,15.0,1.1,0.0,13.839722222222225
2010-12-08,14.4,4.4,0.0,13.118888888888891
2010-12-09,18.3,1.7,0.0,17.67361111111111
2010-12-10,23.3,7.2,0.0,22.49
2010-12-11,21.7,10.6,0.0,20.075555555555553
2010-12-12,13.3,2.8,0.0,15.889166666666666
2010-12-13,16.7,-1.1,0.0,15.141666666666671
2010-12-14,22.2,3.3,0.0,21.256666666666668
2010-12-15,25.0,13.9,0.0,24.17
2010-12-16,16.7,8.3,0.0,21.426388888888887
2010-12-17,11.1,5.6,0.0,12.580277777777773
2010-12-18,13.9,1.7,0.0,12.30611111111111
2010-12-19,19.4,1.1,0.0,18.880833333333335
2010-12-20,24.4,12.2,0.0,24.300555555555555
2010-12-21,26.1,15.0,0.0,26.08555555555556
2010-12-22,17.8,11.7,0.0,22.17333333333332
2010-12-23,18.3,11.1,0.0,18.065277777777776
2010-12-24,17.2,7.2,13.7,17.56638888888889
2010-12-25,7.8,1.1,0.0,9.07277777777778
2010-12-26,11.1,-2.2,0.0,9.614722222222222
2010-12-27,15.6,-1.7,0.0,15.008333333333333
2010-12-28,16.7,9.4,3.0,16.06861111111111
2010-12-29,22.2,13.3,3.3,22.108055555555545
2010-12-30,23.9,13.3,0.0,23.223888888888887
2010-12-31,20.0,10.0,0.0,21.55694444444445
2011-01-01,14.4,3.3,0.0,13.539444444444442
2011-01-02,13.3,-1.1,0.0,12.28
2011-01-03,15.0,3.3,0.0,13.787499999999998
2011-01-04,14.4,8.9,1.5,13.955
2011-01-05,21.7,8.3,0.0,21.021666666666665
2011-01-06,19.4,3.9,0.0,18.146944444444447
2011-01-07,25.0,4.4,0.0,23.84361111111111
2011-01-08,18.3,7.2,0.0,19.380277777777778
2011-01-09,10.6,3.9,41.9,15.220000000000002
2011-01-10,4.4,2.8,0.0,6.658333333333333
2011-01-11,6.7,-1.7,0.0,4.9027777777777795
2011-01-12,4.4,-2.2,0.0,2.6058333333333334
2011-01-13,4.4,0.0,0.0,2.6580555555555603
2011-01-14,8.3,2.8,0.5,7.1708333333333325
2011-01-15,10.0,7.2,23.1,9.741944444444444
2011-01-16,10.6,8.3,7.1,10.726666666666667
2011-01-17,19.4,8.3,0.0,19.076666666666664
2011-01-18,19.4,7.2,0.0,18.525555555555556
2011-01-19,18.9,4.4,0.0,18.460277777777776
2011-01-20,15.0,0.6,0.0,16.267777777777773
2011-01-21,10.0,-3.3,0.0,8.289444444444444
2011-01-22,17.8,-0.6,0.0,16.374999999999996
2011-01-23,12.2,2.8,0.0,13.500277777777777
2011-01-24,15.0,3.9,0.0,14.156388888888888
2011-01-25,15.0,4.4,0.0,14.22166666666667
2011-01-26,17.2,0.6,0.0,15.797777777777773
2011-01-27,20.6,3.9,0.0,19.314999999999998
2011-01-28,25.0,3.3,0.0,24.460555555555555
2011-01-29,23.3,9.4,0.0,22.65972222222223
2011-01-30,27.2,12.8,0.0,26.506666666666668
2011-01-31,25.6,10.0,0.0,24.865277777777774
2011-02-01,18.9,-7.2,2.8,23.14555555555555
2011-02-02,-3.3,-8.3,0.0,-4.154999999999999
2011-02-03,-2.2,-6.7,0.0,-3.6555555555555563
2011-02-04,5.0,-6.1,2.5,3.721666666666666
2011-02-05,19.4,-4.4,0.0,18.619722222222222
2011-02-06,23.3,5.0,0.0,22.71472222222222
2011-02-07,14.4,3.3,0.0,17.083333333333336
2011-02-08,18.3,1.1,0.0,17.200833333333335
2011-02-09,9.4,-5.6,5.1,13.340833333333338
2011-02-10,7.2,-7.2,0.0,4.824444444444447
2011-02-11,13.9,-5.0,0.0,12.28
2011-02-12,20.0,-2.2,0.0,18.567500000000006
2011-02-13,23.3,1.7,0.0,22.307222222222226
2011-02-14,25.0,8.3,0.0,24.209166666666672
2011-02-15,25.0,16.1,0.0,24.300555555555555
2011-02-16,24.4,16.1,0.0,23.775555555555552
2011-02-17,25.6,18.3,0.0,24.35277777777778
2011-02-18,26.7,17.2,0.0,26.059444444444452
2011-02-19,24.4,15.0,0.0,24.904444444444447
2011-02-20,27.2,17.8,0.0,26.0463888888889
2011-02-21,28.3,15.0,0.0,27.35456218899553
2011-02-22,19.4,10.0,0.0,24.930555555555557
2011-02-23,25.6,13.9,0.0,24.48333333333333
2011-02-24,29.4,17.8,1.5,27.962515993535547
2011-02-25,20.0,7.8,0.0,26.2325
2011-02-26,25.0,7.2,0.0,24.54861111111111
2011-02-27,29.4,18.9,0.3,29.41421488587567
2011-02-28,23.3,12.8,0.0,28.181459693315517
2011-03-01,23.3,5.6,0.0,22.20277777777778
2011-03-02,25.6,5.6,0.0,25.16888888888889
2011-03-03,26.1,7.8,0.0,25.87666666666667
2011-03-04,23.3,15.6,0.0,22.962777777777777
2011-03-05,18.9,6.7,1.3,22.08194444444444
2011-03-06,20.0,2.2,0.0,18.60666666666667
2011-03-07,25.6,8.3,0.0,24.799999999999997
2011-03-08,30.0,18.3,0.5,29.02254748851555
2011-03-09,22.2,9.4,0.0,27.12101463745771
2011-03-10,22.8,6.7,0.0,22.137500000000006
2011-03-11,26.7,5.0,0.0,25.65472222222223
2011-03-12,28.3,13.3,0.0,27.421114341624484
2011-03-13,24.4,17.2,0.0,24.826111111111118
2011-03-14,22.2,11.7,0.3,23.223888888888887
2011-03-15,24.4,6.7,0.0,24.104722222222218
2011-03-16,26.1,16.1,0.0,25.586666666666662
2011-03-17,29.4,18.9,0.0,28.59431378340449
2011-03-18,31.1,19.4,0.0,29.917249037404456
2011-03-19,30.0,18.3,0.0,28.925280710631114
2011-03-20,26.7,18.9,0.0,26.637222222222224
2011-03-21,29.4,18.9,0.0,28.925280710631114
2011-03-22,28.9,18.3,0.0,27.624331573457855
2011-03-23,32.2,18.3,0.0,30.016614937395584
2011-03-24,30.0,17.2,0.0,28.33797592205119
2011-03-25,30.6,18.9,0.0,29.927305577777776
2011-03-26,30.0,21.1,0.0,29.31698503179564
2011-03-27,22.8,11.1,0.0,28.577176604924507
2011-03-28,17.8,10.6,0.0,19.141944444444444
2011-03-29,21.7,11.7,0.3,21.201111111111114
2011-03-30,20.6,8.3,0.0,20.6761111111111
2011-03-31,27.8,6.1,0.0,26.858671178435525
2011-04-01,33.9,15.6,0.0,31.830555067117814
2011-04-02,30.0,14.4,0.0,30.331079793937747
2011-04-03,30.6,20.0,0.0,30.6159912848178
2011-04-04,23.9,10.6,0.5,27.835943809757786
2011-04-05,25.6,5.0,0.0,24.434444444444445
2011-04-06,31.1,11.1,0.0,29.414604370115587
2011-04-07,28.9,18.3,0.0,29.10017681673787
2011-04-08,33.9,22.2,0.0,34.261995594095616
2011-04-09,34.4,20.6,0.0,33.416860450984544
2011-04-10,33.9,21.7,0.0,34.5413827922756
2011-04-11,28.9,13.9,6.4,31.20833997777773
2011-04-12,30.0,11.7,0.0,27.685917222915585
2011-04-13,30.6,11.7,0.0,27.943133147715557
2011-04-14,31.1,21.1,0.0,31.285569377315557
2011-04-15,28.9,16.1,0.0,30.331079793937747
2011-04-16,27.8,8.3,0.0,26.19333333333333
2011-04-17,31.1,10.0,0.0,29.328596676871125
2011-04-18,35.0,21.7,0.0,37.21635105555562
2011-04-19,33.9,22.8,0.0,35.75535508329567
2011-04-20,32.2,23.9,0.0,34.59215684108437
2011-04-21,33.3,23.3,0.0,33.267316841991125
2011-04-22,34.4,22.8,0.0,33.89747241697559
2011-04-23,34.4,23.3,0.0,34.5413827922756
2011-04-24,33.3,22.8,0.0,32.023305295084555
2011-04-25,33.3,23.3,0.0,34.492084111084516
2011-04-26,35.6,23.3,0.0,35.75535508329567
2011-04-27,30.6,18.3,0.0,32.930913029315576
2011-04-28,28.3,11.7,0.0,26.889711213057822
2011-04-29,32.2,14.4,0.0,30.36155017420448
2011-04-30,33.9,21.7,0.0,34.492084111084516
2011-05-01,35.0,10.0,0.0,34.31864240850442
2011-05-02,12.8,9.4,0.8,15.21722222222222
2011-05-03,23.9,8.9,0.0,23.410000000000004
2011-05-04,28.3,7.8,0.0,26.271666666666665
2011-05-05,30.0,12.8,0.0,27.860668231484485
2011-05-06,32.2,16.1,0.0,31.167626144195612
2011-05-07,34.4,19.4,0.0,34.104005616737815
2011-05-08,36.7,22.8,0.0,37.11873875340457
2011-05-09,37.2,23.3,0.0,36.84063195146445
2011-05-10,35.0,23.9,0.5,34.427815724817805
2011-05-11,33.3,21.7,0.0,33.680797364284345
2011-05-12,25.6,17.2,75.2,31.617318406151192
2011-05-13,32.2,15.6,0.0,29.87279721940449
2011-05-14,27.8,15.6,0.0,28.495979977777786
2011-05-15,27.2,12.2,0.0,26.389166666666668
2011-05-16,30.6,18.3,0.0,28.553710244444435
2011-05-17,31.7,16.1,0.0,29.933376361715634
2011-05-18,31.1,20.0,0.0,32.15124504993779
2011-05-19,26.7,23.3,1.0,29.66075088801562
2011-05-20,32.2,20.0,15.2,36.100147751724435
2011-05-21,31.7,18.3,0.0,35.781684200924495
2011-05-22,33.9,25.0,0.0,35.77663859119783
2011-05-23,34.4,23.9,0.0,34.97482682251561
2011-05-24,35.0,25.0,0.0,38.15792965555557
2011-05-25,37.8,25.0,0.0,38.465250953315596
2011-05-26,33.3,20.0,0.0,36.25741848220446
2011-05-27,37.8,22.2,0.0,36.99262651519117
2011-05-28,37.8,23.9,0.0,40.08503163468442
2011-05-29,36.1,23.9,0.0,37.71805098215121
2011-05-30,35.6,25.0,0.0,36.558321442275684
2011-05-31,36.7,25.6,0.0,37.71805098215121
2011-06-01,36.1,23.3,0.0,35.513380247404434
2011-06-02,37.2,20.6,0.0,35.79300545415786
2011-06-03,37.2,22.2,0.0,36.722963918595546
2011-06-04,36.7,22.2,0.0,35.83018627777781
2011-06-05,38.3,20.6,0.0,37.78858365559109
2011-06-06,39.4,21.7,0.0,37.53910742913562
2011-06-07,37.8,22.2,0.0,37.505362613315555
2011-06-08,37.2,23.3,0.0,37.26480069285115
2011-06-09,37.2,22.8,0.0,36.29269838081786
2011-06-10,37.8,23.3,0.0,38.08301543655112
2011-06-11,37.2,23.3,0.0,36.99262651519117
2011-06-12,37.8,23.9,0.0,38.16630760972448
2011-06-13,38.3,23.9,0.0,39.09841437255115
2011-06-14,39.4,23.9,0.0,38.07419268615775
2011-06-15,40.0,25.6,0.0,39.75747832689779
2011-06-16,39.4,25.0,0.0,39.96049678276451
2011-06-17,41.1,26.7,0.0,41.46671187777782
2011-06-18,41.1,25.6,0.0,41.700630202897834
2011-06-19,40.6,26.1,0.0,40.81187522956455
2011-06-20,38.9,25.6,0.0,39.77861343452447
2011-06-21,38.3,21.1,0.5,41.0865594767378
2011-06-22,32.2,19.4,50.5,38.03229269063124
2011-06-23,35.0,22.2,0.0,36.98420724259553
2011-06-24,36.1,22.8,0.0,39.03336019249782
2011-06-25,36.1,25.0,0.0,39.386496818595646
2011-06-26,36.1,25.0,0.0,39.70381845540449
2011-06-27,37.2,25.0,0.0,39.829193699571064
2011-06-28,37.2,24.4,0.0,38.78692140841783
2011-06-29,37.2,23.9,0.0,37.11873875340457
2011-06-30,37.8,23.3,0.0,37.11799434521783
2011-07-01,37.2,24.4,0.0,38.70551121452447
2011-07-02,38.3,24.4,0.0,39.77861343452447
2011-07-03,38.9,23.9,0.0,39.09841437255115
2011-07-04,38.3,23.9,0.0,38.77595320759115
2011-07-05,38.3,22.8,0.0,38.77595320759115
2011-07-06,38.9,24.4,0.0,39.6256119871911
2011-07-07,37.8,24.4,0.0,38.70551121452447
2011-07-08,38.9,24.4,0.0,38.65812506511781
2011-07-09,37.8,25.0,0.0,38.70551121452447
2011-07-10,38.3,26.1,0.0,38.70551121452447
2011-07-11,38.9,25.6,0.0,41.055012611971144
2011-07-12,38.9,25.6,0.0,41.0865594767378
2011-07-13,38.9,24.4,0.0,39.43263444819561
2011-07-14,40.0,25.0,0.0,39.96049678276451
2011-07-15,40.0,26.1,0.0,40.81187522956455
2011-07-16,37.2,25.6,0.3,38.16630760972448
2011-07-17,38.3,24.4,0.0,38.77595320759115
2011-07-18,37.8,25.6,0.0,39.37284994723556
2011-07-19,39.4,25.6,0.0,39.77861343452447
2011-07-20,38.9,25.6,0.0,40.67742350623117
2011-07-21,39.4,25.6,0.0,40.33166217099559
2011-07-22,40.0,26.1,0.0,41.98503150087119
2011-07-23,40.0,25.6,0.0,42.27320415555557
2011-07-24,40.6,26.1,0.0,41.700630202897834
2011-07-25,40.6,25.0,0.0,40.01842425555557
2011-07-26,39.4,26.1,0.0,38.980735417597806
2011-07-27,40.0,25.6,0.0,40.01842425555557
2011-07-28,40.0,26.1,0.0,39.09841437255115
2011-07-29,38.9,26.1,0.0,40.7030049336245
2011-07-30,38.9,24.4,1.0,40.33166217099559
2011-07-31,38.9,24.4,0.0,39.37284994723556
2011-08-01,41.7,25.6,0.0,41.313814567484464
2011-08-02,41.7,26.7,0.0,42.94657018156446
2011-08-03,41.1,26.1,0.0,42.10169468371558
2011-08-04,41.7,26.1,0.0,41.729306356175584
2011-08-05,41.1,25.6,0.0,41.700630202897834
2011-08-06,40.0,25.6,0.0,41.08405285555559
2011-08-07,39.4,26.1,0.0,41.055012611971144
2011-08-08,41.1,26.1,0.0,42.10169468371558
2011-08-09,41.1,25.6,0.0,42.51700800993783
2011-08-10,40.0,26.1,0.0,43.276947140817825
2011-08-11,40.0,27.8,0.0,43.73397665827559
2011-08-12,39.4,27.2,0.0,41.0865594767378
2011-08-13,36.1,26.1,0.0,38.08301543655112
2011-08-14,40.6,26.1,0.0,40.81187522956455
2011-08-15,40.6,26.1,0.0,40.715118577777744
2011-08-16,40.0,25.0,0.0,41.08405285555559
2011-08-17,39.4,25.6,0.0,39.621159165037845
2011-08-18,41.1,23.9,0.0,40.359909044444436
2011-08-19,41.7,25.0,0.0,42.10169468371558
2011-08-20,41.1,26.1,0.0,42.54318052359783
2011-08-21,39.4,25.0,0.0,40.67742350623117
2011-08-22,40.6,25.6,0.0,40.67742350623117
2011-08-23,40.0,25.6,0.0,39.43240366348451
2011-08-24,41.1,26.1,0.0,40.81187522956455
2011-08-25,34.4,25.0,0.0,39.6256119871911
2011-08-26,39.4,23.3,0.0,39.75747832689779
2011-08-27,43.3,26.1,0.0,41.44492824545783
2011-08-28,44.4,26.7,0.0,42.099878766995566
2011-08-29,42.8,27.2,0.0,41.44492824545783
2011-08-30,40.6,26.1,0.0,39.37662891111112
2011-08-31,39.4,26.1,0.0,38.679649287884494
2011-09-01,38.9,24.4,0.0,38.96840892532447
2011-09-02,40.0,26.7,0.0,40.81187522956455
2011-09-03,38.9,25.0,0.0,38.11572851647114
2011-09-04,38.9,25.0,0.0,37.34003104305782
2011-09-05,33.3,18.9,0.0,35.60670538276444
2011-09-06,34.4,17.8,0.0,31.273400458731633
2011-09-07,35.6,16.1,0.0,32.46390307266697
2011-09-08,35.0,18.3,0.0,31.91643738888892
2011-09-09,37.2,17.2,0.0,34.60233562131555
2011-09-10,37.8,18.3,0.0,33.95949560719096
2011-09-11,40.0,18.9,0.0,36.19808164563557
2011-09-12,40.6,21.1,0.0,37.78063674444445
2011-09-13,40.6,23.3,0.0,38.78973254444448
2011-09-14,39.4,22.8,0.0,37.53910742913562
2011-09-15,35.6,23.3,0.0,34.80302660788449
2011-09-16,32.8,23.9,0.0,32.88196913043552
2011-09-17,33.9,22.8,4.1,33.820934725784504
2011-09-18,35.0,22.2,0.0,36.98420724259553
2011-09-19,35.0,21.1,0.0,33.44940924444435
2011-09-20,36.1,18.3,0.0,32.291047035875515
2011-09-21,36.1,20.6,0.0,35.60670538276444
2011-09-22,36.7,21.7,0.0,34.672937611111166
2011-09-23,33.9,19.4,0.0,31.31947334335113
2011-09-24,37.2,15.0,0.0,34.43261115769557
2011-09-25,40.6,23.3,0.0,39.07631835555556
2011-09-26,40.0,22.8,0.0,40.81187522956455
2011-09-27,37.8,23.3,0.5,37.233352309724495
2011-09-28,39.4,18.3,0.0,37.53910742913562
2011-09-29,38.3,22.8,0.0,37.80054416740447
2011-09-30,32.8,22.8,0.0,30.027559157457826
2011-10-01,31.7,16.1,0.0,28.90615223644336
2011-10-02,32.2,14.4,0.0,29.535345406817815
2011-10-03,31.1,15.0,0.0,29.208221804471123
2011-10-04,31.7,13.3,0.0,28.971164411715588
2011-10-05,32.2,17.8,0.0,30.37309437673785
2011-10-06,32.2,20.6,0.0,33.57033428108443
2011-10-07,35.0,24.4,0.0,34.87041881713777
2011-10-08,32.2,22.8,12.4,32.76279694388453
2011-10-09,23.3,17.2,43.2,24.219444444444445
2011-10-10,26.1,18.3,0.0,25.665000000000003
2011-10-11,30.6,17.2,0.0,30.406492212515545
2011-10-12,31.7,20.0,0.0,32.76279694388453
2011-10-13,31.1,16.1,0.0,30.331079793937747
2011-10-14,31.7,12.2,0.0,29.70166171605114
2011-10-15,31.1,13.9,0.0,28.814790013475562
2011-10-16,31.7,16.1,0.0,29.745586538231123
2011-10-17,32.2,17.8,0.0,31.53111406157112
2011-10-18,23.9,12.8,0.0,29.02254748851555
2011-10-19,24.4,11.1,0.0,23.33166666666666
2011-10-20,27.2,6.7,0.0,26.28472222222222
2011-10-21,30.6,13.3,0.0,30.276920798631156
2011-10-22,30.6,17.8,0.0,29.576440311111114
2011-10-23,32.2,17.2,0.0,32.04274908243562
2011-10-24,31.1,16.7,0.0,30.255147576975546
2011-10-25,30.6,17.8,0.0,29.807039277137847
2011-10-26,31.1,17.8,0.0,29.807039277137847
2011-10-27,23.3,10.6,0.0,26.858671178435525
2011-10-28,17.2,9.4,0.0,16.13722222222222
2011-10-29,20.0,6.7,0.0,18.199166666666667
2011-10-30,23.9,7.2,0.0,22.85833333333333
2011-10-31,26.7,8.9,0.0,26.45444444444444
2011-11-01,27.2,11.7,0.0,26.762939877617825
2011-11-02,30.0,12.8,0.0,28.572364773137767
2011-11-03,17.8,5.6,0.0,25.94194444444445
2011-11-04,19.4,2.2,0.0,18.042499999999993
2011-11-05,25.6,5.6,0.0,24.826111111111118
2011-11-06,26.7,19.4,0.3,27.835943809757786
2011-11-07,25.6,20.6,1.8,25.71722222222222
2011-11-08,23.9,12.2,0.3,24.08888888888888
2011-11-09,17.8,8.3,0.0,21.217499999999994
2011-11-10,19.4,4.4,0.0,18.094722222222217
2011-11-11,21.1,1.7,0.0,19.879722222222224
2011-11-12,26.7,11.7,0.0,26.57194444444444
2011-11-13,30.0,17.8,0.0,29.227926396497807
2011-11-14,28.3,21.1,0.0,28.696246040435614
2011-11-15,22.8,15.6,17.3,25.665000000000003
2011-11-16,26.1,11.7,0.0,25.45611111111111
2011-11-17,17.2,7.2,0.0,19.82416666666667
2011-11-18,21.1,6.1,0.0,20.926944444444448
2011-11-19,26.7,18.3,0.0,26.2813888888889
2011-11-20,28.3,22.8,0.0,29.10017681673787
2011-11-21,26.1,16.1,6.9,27.592192616015534
2011-11-22,22.2,10.6,18.5,25.20472222222223
2011-11-23,22.8,8.9,0.0,21.96444444444444
2011-11-24,22.2,6.7,0.0,21.912222222222212
2011-11-25,25.6,12.2,0.0,24.826111111111118
2011-11-26,19.4,9.4,29.0,21.96444444444444
2011-11-27,12.8,3.9,0.0,11.09888888888889
2011-11-28,17.2,0.6,0.0,16.361944444444443
2011-11-29,19.4,1.7,0.0,18.199166666666667
2011-11-30,17.2,4.4,0.0,15.980555555555554
2011-12-01,22.8,5.0,0.0,22.108055555555545
2011-12-02,17.2,10.6,16.5,19.311666666666664
2011-12-03,21.1,12.2,3.8,20.793611111111105
2011-12-04,19.4,6.7,25.9,20.75444444444444
2011-12-05,6.7,1.7,16.3,8.009166666666665
2011-12-06,5.6,-1.1,0.0,3.943611111111112
2011-12-07,11.1,-2.8,0.0,9.536388888888887
2011-12-08,13.3,-1.1,0.0,12.606388888888887
2011-12-09,17.8,5.0,0.0,16.87111111111111
2011-12-10,11.7,7.8,0.0,13.588888888888894
2011-12-11,11.1,6.7,0.3,9.810555555555554
2011-12-12,15.6,9.4,0.0,13.957222222222224
2011-12-13,20.0,13.9,1.0,19.611944444444447
2011-12-14,22.8,18.3,4.8,23.025277777777784
2011-12-15,21.1,10.0,18.0,22.40833333333332
2011-12-16,13.3,7.8,0.0,12.893611111111111
2011-12-17,16.1,7.8,0.0,15.285277777777784
2011-12-18,16.7,11.1,0.0,16.098055555555554
2011-12-19,21.1,13.3,4.8,21.396944444444443
2011-12-20,15.0,7.8,0.0,18.417777777777776
2011-12-21,10.0,6.1,9.1,10.309444444444441
2011-12-22,20.0,5.6,18.0,19.576111111111107
2011-12-23,6.7,5.0,0.0,16.241666666666667
2011-12-24,6.7,5.0,5.1,6.055000000000001
2011-12-25,8.3,4.4,0.3,7.735000000000001
2011-12-26,13.9,3.3,1.3,12.515
2011-12-27,18.3,2.8,0.0,17.057222222222222
2011-12-28,20.0,2.8,0.0,19.458611111111107
2011-12-29,22.2,2.8,0.0,21.139166666666668
2011-12-30,23.9,5.0,0.0,22.85833333333333
2011-12-31,26.1,7.8,0.0,25.82444444444445
2012-01-01,17.2,8.3,0.0,19.61527777777778
2012-01-02,15.6,2.8,0.0,14.734166666666665
2012-01-03,16.7,-0.6,0.0,15.220000000000002
2012-01-04,22.8,5.0,0.0,20.691944444444445
2012-01-05,21.1,6.7,0.0,20.678888888888892
2012-01-06,23.3,12.8,0.0,22.594444444444452
2012-01-07,20.6,9.4,0.0,20.362777777777772
2012-01-08,15.6,8.3,1.3,16.098055555555554
2012-01-09,13.9,5.6,22.1,15.650277777777777
2012-01-10,14.4,5.0,0.0,13.761388888888888
2012-01-11,25.0,3.3,0.0,23.935
2012-01-12,10.0,0.6,0.0,20.023333333333333
2012-01-13,14.4,0.0,0.0,13.448055555555559
2012-01-14,19.4,-0.6,0.0,18.658888888888896
2012-01-15,17.8,2.8,0.0,16.818888888888885
2012-01-16,22.8,15.6,0.0,22.829444444444455
2012-01-17,23.3,6.7,0.0,22.411666666666672
2012-01-18,18.9,2.2,0.0,18.23833333333333
2012-01-19,26.7,7.2,0.0,25.90277777777778
2012-01-20,23.3,13.9,0.0,22.855555555555565
2012-01-21,16.1,6.1,0.0,21.72666666666667
2012-01-22,24.4,10.0,0.0,23.958333333333332
2012-01-23,19.4,8.9,0.0,21.72666666666667
2012-01-24,20.0,8.3,10.2,16.19916666666667
2012-01-25,21.1,10.0,79.8,20.24194444444444
2012-01-26,21.1,8.3,0.0,20.049444444444443
2012-01-27,21.7,3.3,0.0,21.321944444444448
2012-01-28,15.0,5.0,0.0,19.549999999999997
2012-01-29,17.2,1.1,0.0,16.492499999999996
2012-01-30,17.8,5.0,5.1,17.631666666666675
2012-01-31,22.8,14.4,1.0,22.19944444444444
2012-02-01,27.8,15.0,0.0,27.35456218899553
2012-02-02,22.2,12.2,0.8,23.393611111111106
2012-02-03,23.9,18.9,1.0,24.02361111111111
2012-02-04,20.6,10.0,3.3,23.419722222222216
2012-02-05,10.0,5.0,2.3,13.236388888888891
2012-02-06,10.6,4.4,0.0,9.862777777777778
2012-02-07,19.4,6.1,0.0,17.804166666666667
2012-02-08,13.3,5.0,0.0,16.215555555555554
2012-02-09,14.4,2.8,0.0,13.839722222222225
2012-02-10,18.3,8.9,3.8,17.109444444444446
2012-02-11,10.0,1.7,0.0,15.350555555555555
2012-02-12,6.7,-1.7,0.3,5.558888888888889
2012-02-13,17.8,3.9,6.4,17.001666666666665
2012-02-14,22.8,5.6,0.0,22.08194444444444
2012-02-15,25.6,13.9,0.0,25.43
2012-02-16,18.3,10.0,0.0,22.42472222222223
2012-02-17,13.9,10.6,13.5,14.587222222222225
2012-02-18,13.9,8.9,43.7,13.836944444444448
2012-02-19,15.0,6.7,0.0,14.561111111111112
2012-02-20,21.1,8.3,0.0,20.454166666666666
2012-02-21,24.4,9.4,0.0,23.749444444444443
2012-02-22,31.1,16.7,0.0,28.701979335875574
2012-02-23,33.3,14.4,0.0,30.472516219324454
2012-02-24,18.3,7.8,0.0,26.629206586524436
2012-02-25,16.7,3.9,0.0,15.193888888888889
2012-02-26,18.9,4.4,0.0,17.422777777777778
2012-02-27,21.1,15.0,1.0,20.913333333333338
2012-02-28,25.6,16.7,1.0,25.71722222222222
2012-02-29,24.4,15.6,0.3,24.049722222222226
2012-03-01,22.2,11.7,0.0,22.40833333333332
2012-03-02,28.3,15.0,0.0,26.828007457724482
2012-03-03,18.9,7.2,0.0,21.217499999999994
2012-03-04,22.8,5.6,0.0,22.22888888888889
2012-03-05,24.4,8.3,0.0,23.501388888888886
2012-03-06,23.9,12.2,0.0,23.71027777777777
2012-03-07,22.8,17.8,0.3,22.855555555555565
2012-03-08,24.4,7.8,1.0,24.613888888888894
2012-03-09,7.8,5.6,32.3,10.805555555555552
2012-03-10,11.1,6.1,19.6,10.35888888888889
2012-03-11,23.3,10.6,8.6,22.711944444444455
2012-03-12,26.7,10.6,0.0,26.1638888888889
2012-03-13,26.7,17.8,0.0,27.71250268391774
2012-03-14,26.1,19.4,0.0,26.176388888888894
2012-03-15,27.8,19.4,0.0,27.71250268391774
2012-03-16,26.7,20.0,0.0,25.76944444444444
2012-03-17,26.1,18.9,0.0,25.691111111111113
2012-03-18,23.9,19.4,0.0,24.02361111111111
2012-03-19,26.1,15.0,2.0,25.71722222222222
2012-03-20,21.1,11.1,70.4,24.08888888888888
2012-03-21,21.7,9.4,0.0,20.600555555555566
2012-03-22,28.3,10.6,0.0,27.068432814157852
2012-03-23,26.7,9.4,0.0,26.519722222222224
2012-03-24,27.2,11.7,0.0,27.676087608817763
2012-03-25,27.8,14.4,0.0,27.557598236284473
2012-03-26,27.8,15.0,0.0,27.416236963591118
2012-03-27,27.2,15.0,0.0,26.21611111111112
2012-03-28,22.8,17.2,4.8,24.37888888888889
2012-03-29,27.2,17.8,0.0,28.030491895751087
2012-03-30,28.9,20.0,0.0,29.31698503179564
2012-03-31,31.1,18.3,0.0,33.19595416537561
2012-04-01,30.6,20.0,0.0,31.887677555555513
2012-04-02,30.0,21.1,0.0,30.915363245315625
2012-04-03,30.0,17.2,2.0,31.229195675431228
2012-04-04,29.4,13.9,0.0,27.534022768335646
2012-04-05,33.3,16.7,0.0,32.195672139537734
2012-04-06,28.9,16.1,0.0,27.910757868995592
2012-04-07,29.4,19.4,0.0,29.41421488587567
2012-04-08,28.3,17.2,0.0,27.987237679591207
2012-04-09,28.3,17.2,0.0,27.763646131857854
2012-04-10,28.9,16.1,0.0,27.910757868995592
2012-04-11,29.4,15.6,0.0,28.87853803679785
2012-04-12,30.0,20.0,0.0,29.083513312415594
2012-04-13,28.3,19.4,0.0,28.957169045315645
2012-04-14,26.7,21.7,0.0,28.15824500283553
2012-04-15,25.0,14.4,3.0,25.139444444444447
2012-04-16,24.4,12.2,0.0,24.248333333333335
2012-04-17,28.9,13.9,0.0,27.510452641597837
2012-04-18,28.3,13.9,0.0,27.656826412984522
2012-04-19,30.0,13.9,0.0,28.493173582275574
2012-04-20,25.0,16.1,0.5,26.611111111111114
2012-04-21,27.2,11.7,0.0,26.33694444444444
2012-04-22,32.8,10.6,0.0,30.742375815751075
2012-04-23,27.8,15.0,0.0,28.093943902595598
2012-04-24,31.1,12.8,0.0,29.505452476764454
2012-04-25,33.3,18.3,0.0,33.82438423757118
2012-04-26,34.4,18.9,0.0,33.82438423757118
2012-04-27,32.2,20.0,0.0,31.53111406157112
2012-04-28,32.8,20.0,0.0,33.267316841991125
2012-04-29,31.1,21.7,0.0,29.927305577777776
2012-04-30,29.4,22.8,0.0,30.294298970771212
2012-05-01,31.7,21.7,0.0,31.617318406151192
2012-05-02,31.1,21.7,0.0,31.617318406151192
2012-05-03,33.9,21.7,0.0,34.59215684108437
2012-05-04,33.9,22.2,0.0,36.32746605479784
2012-05-05,35.6,21.7,2.8,37.21635105555562
2012-05-06,33.9,18.9,17.5,34.73444154748442
2012-05-07,33.3,19.4,10.7,35.24517878083567
2012-05-08,21.1,17.2,6.6,32.15124504993779
2012-05-09,28.3,16.1,0.8,28.146045184835597
2012-05-10,22.8,17.2,68.6,26.137777777777778
2012-05-11,28.3,16.7,0.8,28.601447857571216
2012-05-12,27.8,17.8,0.0,27.23515810385777
2012-05-13,28.9,16.1,0.0,27.656826412984522
2012-05-14,30.0,17.2,8.4,27.763646131857854
2012-05-15,23.3,16.1,22.4,25.586666666666662
2012-05-16,30.0,15.0,0.0,28.50576934161565
2012-05-17,31.1,16.7,0.0,29.917249037404456
2012-05-18,30.6,17.2,0.0,31.126955483004483
2012-05-19,31.7,21.1,0.0,32.02327019841567
2012-05-20,30.6,18.9,0.0,30.194046724604465
2012-05-21,33.3,18.9,0.0,32.21115006887111
2012-05-22,32.8,20.6,0.0,33.267316841991125
2012-05-23,32.2,20.0,0.0,34.7744635280245
2012-05-24,32.8,22.8,0.0,36.45781422883556
2012-05-25,33.3,22.8,0.0,35.889603247484416
2012-05-26,33.3,23.3,0.0,34.261995594095616
2012-05-27,32.2,22.8,0.0,32.76279694388453
2012-05-28,33.3,21.7,0.0,35.22748101695786
2012-05-29,34.4,23.3,0.0,37.21448419023117
2012-05-30,33.3,23.9,0.0,34.59215684108437
2012-05-31,34.4,23.3,0.0,33.16821562719118
2012-06-01,33.3,20.6,0.0,33.82438423757118
2012-06-02,34.4,22.2,0.0,35.77663859119783
2012-06-03,33.3,23.3,0.0,35.889603247484416
2012-06-04,33.3,23.3,0.0,35.616047560835526
2012-06-05,35.0,23.3,0.0,36.40425372780442
2012-06-06,35.6,22.8,0.0,36.3571822555555
2012-06-07,32.8,21.7,0.0,34.77222676805112
2012-06-08,31.1,22.2,0.3,31.617318406151192
2012-06-09,34.4,19.4,0.0,35.25822549561561
2012-06-10,36.1,22.8,0.0,40.45219808299563
2012-06-11,38.3,25.6,0.0,40.8420562768711
2012-06-12,36.1,21.1,0.8,39.9103602111111
2012-06-13,35.6,21.1,0.0,38.15792965555557
2012-06-14,36.1,25.0,0.0,37.83491347777776
2012-06-15,36.1,24.4,0.0,37.71805098215121
2012-06-16,36.1,23.9,0.0,36.29269838081786
2012-06-17,35.6,23.3,0.0,35.513380247404434
2012-06-18,36.1,23.3,0.0,36.8336682331378
2012-06-19,35.0,23.9,0.3,36.98420724259553
2012-06-20,34.4,24.4,0.3,36.98420724259553
2012-06-21,35.0,22.8,0.0,35.10459696540446
2012-06-22,36.7,21.1,0.0,35.60670538276444
2012-06-23,37.2,22.8,0.0,35.836716000551114
2012-06-24,38.3,23.9,0.0,38.65812506511781
2012-06-25,40.6,23.3,0.0,39.90904047987556
2012-06-26,42.8,25.0,0.0,43.13120839540448
2012-06-27,41.1,24.4,0.0,41.86309564444445
2012-06-28,37.8,24.4,0.0,38.465250953315596
2012-06-29,37.2,25.0,0.0,37.11873875340457
2012-06-30,34.4,23.3,0.0,35.77663859119783
2012-07-01,32.2,22.8,9.7,34.28580817393564
2012-07-02,36.1,24.4,0.0,37.71805098215121
2012-07-03,36.7,22.8,0.0,37.11873875340457
2012-07-04,37.2,25.0,0.0,38.46099728833563
2012-07-05,37.8,23.9,0.0,37.78858365559109
2012-07-06,37.2,23.9,0.0,36.484585831057785
2012-07-07,37.8,23.9,0.0,38.70551121452447
2012-07-08,37.2,23.9,0.3,38.03229269063124
2012-07-09,37.2,22.2,21.6,39.12359551698453
2012-07-10,32.8,22.2,13.0,36.45781422883556
2012-07-11,31.1,22.2,3.0,34.24562740051562
2012-07-12,35.6,22.8,0.0,37.21448419023117
2012-07-13,36.1,23.3,0.3,39.70381845540449
2012-07-14,35.0,21.7,31.5,36.98420724259553
2012-07-15,33.9,20.0,68.6,37.05415802092446
2012-07-16,33.9,20.6,0.0,37.20667336761786
2012-07-17,32.2,24.4,0.0,36.931999601315574
2012-07-18,33.3,24.4,0.0,38.33124403731548
2012-07-19,35.0,23.3,0.0,38.49010247777784
2012-07-20,36.7,23.9,0.0,38.356258128515606
2012-07-21,37.8,23.9,0.0,39.37284994723556
2012-07-22,34.4,23.9,0.0,37.84634757387565
2012-07-23,35.0,24.4,0.0,36.98420724259553
2012-07-24,35.6,25.0,0.0,38.15792965555557
2012-07-25,35.6,24.4,0.0,38.49010247777784
2012-07-26,36.1,24.4,0.0,39.03336019249782
2012-07-27,36.1,25.0,0.0,38.58431805415117
2012-07-28,37.2,22.8,0.0,37.547724858995565
2012-07-29,37.8,23.3,0.0,39.03357521153779
2012-07-30,37.2,23.3,0.0,39.03357521153779
2012-07-31,38.3,23.9,0.0,40.457938586435525
2012-08-01,38.9,23.9,0.0,40.67742350623117
2012-08-02,38.9,23.3,0.0,39.97253118885107
2012-08-03,38.3,23.9,0.0,40.08503163468442
2012-08-04,37.8,24.4,0.0,39.03357521153779
2012-08-05,36.1,23.9,0.0,36.3571822555555
2012-08-06,36.1,22.8,0.0,36.29269838081786
2012-08-07,38.3,25.0,0.0,39.43263444819561
2012-08-08,38.3,24.4,0.0,39.09841437255115
2012-08-09,39.4,25.0,0.0,40.13635133153782
2012-08-10,41.7,25.0,0.8,41.0865594767378
2012-08-11,39.4,23.3,0.0,39.37284994723556
2012-08-12,38.9,25.0,0.0,41.055012611971144
2012-08-13,39.4,26.1,0.0,41.055012611971144
2012-08-14,38.9,25.6,0.0,40.33166217099559
2012-08-15,38.9,25.6,0.0,38.465250953315596
2012-08-16,38.3,25.0,0.0,39.43263444819561
2012-08-17,38.9,25.6,0.0,39.77861343452447
2012-08-18,31.7,21.7,30.7,36.558321442275684
2012-08-19,32.2,21.1,0.0,33.6296077330646
2012-08-20,35.6,21.7,0.0,36.29269838081786
2012-08-21,33.9,22.2,0.0,33.3264943697156
2012-08-22,33.3,21.7,0.0,34.261995594095616
2012-08-23,34.4,22.2,0.0,34.261995594095616
2012-08-24,36.1,23.3,0.0,37.11873875340457
2012-08-25,36.7,25.0,0.3,37.84634757387565
2012-08-26,35.6,25.6,0.0,39.181918055555634
2012-08-27,36.7,23.3,0.0,36.573461917715555
2012-08-28,36.7,25.0,0.0,38.03229269063124
2012-08-29,36.7,26.1,0.0,37.11799434521783
2012-08-30,39.4,25.6,0.0,39.294572043315554
2012-08-31,37.8,22.8,0.0,39.03336019249782
2012-09-01,38.3,25.6,0.0,41.0865594767378
2012-09-02,37.8,23.9,0.0,39.43263444819561
2012-09-03,38.3,23.9,0.0,39.09841437255115
2012-09-04,39.4,24.4,0.0,40.08503163468442
2012-09-05,39.4,24.4,0.0,38.465250953315596
2012-09-06,38.9,23.3,0.0,38.65812506511781
2012-09-07,39.4,23.9,0.0,38.980735417597806
2012-09-08,31.7,22.8,0.0,35.79300545415786
2012-09-09,33.9,19.4,0.0,30.954397726817806
2012-09-10,35.0,16.1,0.0,31.98958014673779
2012-09-11,33.9,17.8,0.0,31.955337089324523
2012-09-12,37.2,23.9,0.0,36.558321442275684
2012-09-13,30.6,21.7,9.7,33.6296077330646
2012-09-14,22.2,18.9,21.1,22.564999999999994
2012-09-15,27.2,18.9,0.0,27.592192616015534
2012-09-16,22.8,18.3,57.7,25.71722222222222
2012-09-17,29.4,18.3,0.0,29.930825938151138
2012-09-18,30.6,18.9,0.0,30.316243944444384
2012-09-19,31.1,16.1,0.0,28.905816744444436
2012-09-20,32.2,17.2,0.0,31.285569377315557
2012-09-21,32.8,16.7,0.0,30.480205070851152
2012-09-22,32.2,17.2,0.0,31.725273249617764
2012-09-23,33.9,18.9,0.0,32.529684102995624
2012-09-24,33.3,20.6,0.0,34.016651047591154
2012-09-25,33.3,21.7,0.0,33.89808742945776
2012-09-26,33.3,22.2,0.0,32.69984507868445
2012-09-27,32.2,20.6,0.0,33.379843183571246
2012-09-28,30.0,22.2,7.9,31.887677555555513
2012-09-29,27.8,19.4,48.5,29.878027129724483
2012-09-30,26.1,17.8,0.0,25.691111111111113
2012-10-01,28.9,16.1,0.0,28.1825764545045
2012-10-02,27.8,16.1,0.0,26.558888888888895
2012-10-03,29.4,13.3,0.0,28.50576934161565
2012-10-04,32.2,19.4,0.0,34.28580817393564
2012-10-05,31.7,21.7,0.0,32.39278539805116
2012-10-06,22.2,12.8,0.0,29.65017504153784
2012-10-07,14.4,10.0,0.0,16.502777777777776
2012-10-08,21.1,10.0,0.0,20.271388888888882
2012-10-09,26.7,15.0,0.0,27.592192616015534
2012-10-10,31.1,21.7,0.0,32.53139821281776
2012-10-11,28.9,22.2,13.2,30.294298970771212
2012-10-12,31.1,22.2,0.0,32.930913029315576
2012-10-13,28.3,23.3,2.3,29.878027129724483
2012-10-14,31.1,17.8,3.0,30.406492212515545
2012-10-15,26.1,15.6,0.0,25.96805555555556
2012-10-16,22.2,16.1,3.0,23.054166666666667
2012-10-17,32.2,17.8,0.0,33.379843183571246
2012-10-18,26.1,12.8,0.0,31.015885100115636
2012-10-19,28.3,10.0,0.0,26.506733904017803
2012-10-20,30.6,12.8,0.0,31.229195675431228
2012-10-21,32.8,23.3,0.0,34.28580817393564
2012-10-22,31.7,22.2,0.0,32.25272841111113
2012-10-23,29.4,21.7,0.0,29.66075088801562
2012-10-24,30.6,19.4,0.0,31.285569377315557
2012-10-25,31.1,17.2,0.0,31.5090838789956
2012-10-26,17.2,10.0,2.8,29.65017504153784
2012-10-27,17.8,6.7,0.0,17.096388888888892
2012-10-28,19.4,6.1,0.0,18.186111111111114
2012-10-29,21.1,4.4,0.0,20.496111111111112
2012-10-30,25.6,6.1,0.0,24.760833333333338
2012-10-31,30.0,13.3,0.0,28.27729071411561
2012-11-01,31.1,13.9,0.0,30.14254564121777
2012-11-02,29.4,16.1,0.0,29.227926396497807
2012-11-03,30.6,17.2,0.0,29.65017504153784
2012-11-04,27.8,15.0,0.0,27.543531976835535
2012-11-05,30.0,14.4,0.0,29.336038526595594
2012-11-06,26.7,9.4,0.0,25.981111111111122
2012-11-07,27.8,11.1,0.0,26.39724918081779
2012-11-08,29.4,12.8,0.0,27.97271591321781
2012-11-09,29.4,16.7,0.0,29.02254748851555
2012-11-10,28.9,17.8,0.0,28.164564010515555
2012-11-11,27.2,18.9,0.0,27.416236963591118
2012-11-12,18.9,5.6,0.0,22.359444444444453
2012-11-13,13.3,3.9,0.0,12.384444444444442
2012-11-14,20.0,7.8,0.0,18.671944444444442
2012-11-15,18.3,5.0,0.0,17.13555555555556
2012-11-16,21.1,7.8,0.0,19.32805555555556
2012-11-17,20.6,3.9,0.0,19.341111111111108
2012-11-18,24.4,7.2,0.0,22.962777777777777
2012-11-19,25.0,13.3,0.0,23.723333333333333
2012-11-20,28.3,11.7,0.0,27.49281419379563
2012-11-21,27.8,12.8,0.0,26.506666666666668
2012-11-22,26.7,12.8,0.0,26.007222222222232
2012-11-23,22.2,13.3,0.0,21.977499999999992
2012-11-24,18.9,7.8,0.0,17.46472222222222
2012-11-25,25.0,7.8,0.0,24.786944444444444
2012-11-26,29.4,15.6,0.0,28.78069813099559
2012-11-27,15.6,4.4,0.0,24.37888888888889
2012-11-28,20.6,2.8,0.0,19.536944444444444
2012-11-29,22.2,6.1,0.0,21.47861111111111
2012-11-30,26.1,16.7,0.0,26.08555555555556
2012-12-01,28.3,19.4,0.0,28.41927290529559
2012-12-02,26.7,20.0,0.0,27.47501360605107
2012-12-03,26.7,18.3,0.0,26.137777777777778
2012-12-04,26.1,13.9,0.0,24.747777777777774
2012-12-05,23.3,10.0,0.0,22.34638888888889
2012-12-06,23.3,9.4,0.0,22.503055555555562
2012-12-07,26.1,13.9,0.0,25.56055555555555
2012-12-08,27.2,17.2,0.0,27.47501360605107
2012-12-09,26.7,12.8,0.0,26.21611111111112
2012-12-10,12.8,2.2,0.0,23.393611111111106
2012-12-11,13.9,-1.7,0.0,11.71583333333333
2012-12-12,16.7,-1.1,0.0,15.823888888888888
2012-12-13,21.1,1.1,0.0,20.166944444444443
2012-12-14,21.7,13.3,0.0,21.109722222222224
2012-12-15,23.9,15.0,0.3,22.241944444444453
2012-12-16,21.7,12.2,1.3,20.652777777777786
2012-12-17,22.8,6.1,0.0,21.520555555555553
2012-12-18,28.3,3.9,0.0,26.721373591057827
2012-12-19,28.9,18.3,0.0,28.601447857571216
2012-12-20,21.1,2.2,0.0,25.691111111111113
2012-12-21,17.2,1.1,0.0,15.70638888888889
2012-12-22,20.6,1.7,0.0,19.602222222222217
2012-12-23,21.7,15.6,0.0,21.504722222222224
2012-12-24,20.0,8.9,0.0,18.13055555555555
2012-12-25,19.4,0.0,0.3,18.355833333333333
2012-12-26,7.2,-2.8,0.0,5.493611111111115
2012-12-27,7.8,-1.7,0.0,6.658333333333333
2012-12-28,17.2,2.8,0.0,15.559444444444447
2012-12-29,11.7,0.0,0.0,10.022222222222219
2012-12-30,10.6,-1.7,0.0,9.076111111111112
2012-12-31,14.4,7.8,6.1,14.414166666666663
2013-01-01,12.8,3.9,1.5,13.876111111111113
2013-01-02,7.2,1.1,0.0,7.708888888888889
2013-01-03,8.3,-0.6,0.0,6.883611111111109
2013-01-04,7.2,2.8,6.9,6.279722222222222
2013-01-05,13.3,3.3,0.0,12.71083333333333
2013-01-06,16.1,1.1,0.0,14.799444444444443
2013-01-07,13.9,-0.6,0.0,12.54111111111111
2013-01-08,11.7,8.3,15.2,11.526944444444448
2013-01-09,15.0,10.6,48.0,14.913611111111107
2013-01-10,18.9,7.2,0.0,17.830277777777773
2013-01-11,23.9,7.8,0.0,22.711944444444455
2013-01-12,23.9,8.3,0.3,23.524166666666662
2013-01-13,11.7,3.3,0.0,22.369166666666658
2013-01-14,10.6,1.7,0.0,9.076111111111112
2013-01-15,5.6,1.7,1.0,6.279722222222222
2013-01-16,12.2,-1.1,0.0,10.626111111111113
2013-01-17,19.4,2.8,0.0,18.724166666666672
2013-01-18,18.9,1.1,0.0,17.608333333333334
2013-01-19,20.6,5.0,0.0,20.166944444444443
2013-01-20,23.9,5.6,0.0,22.450833333333343
2013-01-21,23.3,8.3,0.0,21.873055555555553
2013-01-22,22.8,5.0,0.0,21.912222222222212
2013-01-23,24.4,11.1,0.0,23.775555555555552
2013-01-24,27.2,14.4,0.0,26.111666666666668
2013-01-25,27.2,12.8,0.0,27.08954415243555
2013-01-26,19.4,10.6,0.0,24.35277777777778
2013-01-27,27.2,14.4,0.0,26.137777777777778
2013-01-28,25.0,20.6,0.0,25.113333333333337
2013-01-29,28.9,13.9,0.3,27.987237679591207
2013-01-30,15.6,2.8,0.0,19.549999999999997
2013-01-31,21.1,0.0,0.0,19.840555555555554
2013-02-01,22.8,7.2,0.0,21.664166666666663
2013-02-02,25.6,6.7,0.0,24.734722222222228
2013-02-03,22.8,6.7,0.0,21.859999999999992
2013-02-04,24.4,13.9,0.0,23.775555555555552
2013-02-05,26.7,11.7,0.0,26.389166666666668
2013-02-06,24.4,15.6,1.8,24.065555555555562
2013-02-07,29.4,15.6,0.0,27.4763316527378
2013-02-08,21.7,10.0,0.0,25.94194444444445
2013-02-09,20.6,11.7,1.5,17.53
2013-02-10,20.6,12.8,3.0,20.793611111111105
2013-02-11,14.4,10.0,1.5,17.161666666666672
2013-02-12,21.7,10.0,0.3,21.282777777777778
2013-02-13,17.8,4.4,0.0,20.483055555555566
2013-02-14,22.2,2.8,0.0,21.139166666666668
2013-02-15,17.8,5.6,0.0,18.724166666666672
2013-02-16,18.9,1.7,0.0,17.543055555555554
2013-02-17,22.2,3.9,0.0,21.6511111111111
2013-02-18,28.3,14.4,0.0,26.68972755820452
2013-02-19,21.1,7.8,0.0,25.090555555555554
2013-02-20,17.2,11.7,1.0,17.005000000000006
2013-02-21,26.1,11.1,0.3,25.58944444444445
2013-02-22,15.6,6.1,0.0,22.11138888888889
2013-02-23,22.2,5.0,0.0,21.100000000000005
2013-02-24,24.4,3.9,0.0,23.028055555555557
2013-02-25,18.3,8.3,0.3,20.84861111111111
2013-02-26,20.0,5.0,0.0,18.658888888888896
2013-02-27,17.8,8.3,0.0,17.005000000000006
2013-02-28,17.2,5.0,0.0,16.348888888888887
2013-03-01,21.1,2.8,0.0,19.853611111111107
2013-03-02,17.2,4.4,0.0,18.081666666666663
2013-03-03,25.0,3.9,0.0,23.357777777777773
2013-03-04,31.7,12.8,0.0,29.70166171605114
2013-03-05,20.0,7.8,0.0,27.0354797434045
2013-03-06,18.9,4.4,0.0,16.87444444444445
2013-03-07,23.3,6.1,0.0,22.49
2013-03-08,19.4,13.9,4.1,21.41333333333334
2013-03-09,22.8,16.7,0.5,22.894722222222228
2013-03-10,19.4,7.8,21.6,22.26472222222221
2013-03-11,20.6,3.3,0.0,19.853611111111107
2013-03-12,26.7,5.6,0.0,25.65472222222223
2013-03-13,25.0,8.9,0.0,23.921944444444446
2013-03-14,26.1,10.0,0.0,25.811388888888896
2013-03-15,28.3,11.1,0.0,26.632283376551136
2013-03-16,30.0,15.0,0.0,28.493173582275574
2013-03-17,28.9,18.9,0.0,28.246993170957833
2013-03-18,32.2,16.7,0.0,29.87279721940449
2013-03-19,29.4,10.6,0.0,28.925280710631114
2013-03-20,22.8,11.7,3.6,24.43111111111111
2013-03-21,26.7,12.2,0.0,25.50833333333333
2013-03-22,29.4,12.8,0.0,29.682065621315626
2013-03-23,26.7,11.1,0.0,26.02027777777778
2013-03-24,16.1,6.1,0.0,24.32666666666667
2013-03-25,16.1,3.3,0.0,14.642777777777777
2013-03-26,18.9,1.1,0.0,16.913611111111113
2013-03-27,21.7,4.4,0.0,20.166944444444443
2013-03-28,24.4,12.8,0.0,23.171666666666667
2013-03-29,26.7,15.6,0.0,25.469166666666663
2013-03-30,30.0,18.3,0.0,29.576440311111114
2013-03-31,26.7,18.3,0.0,28.007127103084443
2013-04-01,30.6,15.6,0.0,29.576440311111114
2013-04-02,24.4,11.7,53.3,28.164564010515555
2013-04-03,13.9,9.4,9.1,18.417777777777776
2013-04-04,16.7,7.8,0.0,15.073611111111108
2013-04-05,22.8,4.4,0.0,21.282777777777778
2013-04-06,27.8,11.7,0.0,27.065915636284476
2013-04-07,28.9,17.2,0.0,28.601447857571216
2013-04-08,25.0,19.4,0.0,26.111666666666668
2013-04-09,30.0,21.1,0.0,31.20833997777773
2013-04-10,23.3,7.2,7.6,28.76327423575113
2013-04-11,20.0,6.1,1.5,18.841666666666672
2013-04-12,27.2,6.7,0.0,26.376111111111115
2013-04-13,25.6,12.2,0.0,24.760833333333338
2013-04-14,30.6,14.4,0.0,31.285569377315557
2013-04-15,31.1,21.1,0.0,31.96842908860448
2013-04-16,29.4,21.1,0.0,30.915363245315625
2013-04-17,29.4,22.8,0.3,29.66075088801562
2013-04-18,23.9,10.0,9.1,25.900000000000002
2013-04-19,20.6,7.2,0.0,19.288888888888888
2013-04-20,22.8,5.0,0.0,22.22888888888889
2013-04-21,25.6,10.0,0.0,25.43
2013-04-22,29.4,13.3,0.0,28.59431378340449
2013-04-23,26.1,9.4,0.0,27.557598236284473
2013-04-24,18.3,7.2,0.0,17.174722222222226
2013-04-25,21.1,13.3,0.0,20.678888888888892
2013-04-26,26.1,15.6,0.8,25.178611111111113
2013-04-27,29.4,20.6,0.0,29.898529149217854
2013-04-28,30.6,16.7,0.0,29.576440311111114
2013-04-29,30.0,19.4,0.0,29.300882540051173
2013-04-30,28.9,17.8,0.0,28.601447857571216
2013-05-01,31.7,20.0,0.0,31.5090838789956
2013-05-02,23.9,8.9,0.0,29.65017504153784
2013-05-03,21.7,6.7,0.0,20.404722222222226
2013-05-04,29.4,7.8,0.0,26.860912138817824
2013-05-05,26.1,10.6,0.0,26.075371075324448
2013-05-06,24.4,10.0,0.0,24.000277777777782
2013-05-07,30.6,10.6,0.0,28.971164411715588
2013-05-08,30.0,18.3,0.3,28.87853803679785
2013-05-09,25.6,18.9,0.8,27.987237679591207
2013-05-10,31.1,16.7,32.5,30.680156280497766
2013-05-11,28.3,16.7,0.0,27.78952527557118
2013-05-12,28.3,15.6,0.0,27.145045127235615
2013-05-13,30.6,11.7,0.0,28.61567085555551
2013-05-14,30.6,16.1,0.0,30.052721355555555
2013-05-15,30.6,19.4,3.3,32.25272841111113
2013-05-16,34.4,21.1,1.3,36.91070788641558
2013-05-17,35.0,23.9,0.0,38.9300934206755
2013-05-18,35.6,22.2,0.0,38.03229269063124
2013-05-19,34.4,22.8,0.0,36.32746605479784
2013-05-20,34.4,22.8,0.0,36.98420724259553
2013-05-21,32.2,20.6,0.0,34.73444154748442
2013-05-22,34.4,16.1,0.0,35.22748101695786
2013-05-23,32.8,23.9,0.0,34.73444154748442
2013-05-24,28.9,18.3,83.8,33.820934725784504
2013-05-25,27.2,21.1,11.4,28.64234278149107
2013-05-26,30.6,21.7,19.8,33.03359425555552
2013-05-27,32.2,22.2,0.0,34.28580817393564
2013-05-28,32.8,23.3,0.0,34.48873600083557
2013-05-29,31.7,23.3,0.0,33.44940924444435
2013-05-30,32.8,23.9,0.0,35.781684200924495
2013-05-31,33.3,25.0,0.0,36.343957807751195
2013-06-01,35.0,25.0,0.0,39.9103602111111
2013-06-02,32.2,19.4,0.8,37.84634757387565
2013-06-03,34.4,17.8,0.0,33.89747241697559
2013-06-04,34.4,21.1,0.0,34.77222676805112
2013-06-05,34.4,21.1,0.0,35.25822549561561
2013-06-06,36.1,22.2,0.0,36.3571822555555
2013-06-07,31.1,21.1,0.0,33.416860450984544
2013-06-08,33.3,17.2,0.0,33.89808742945776
2013-06-09,32.2,20.0,4.1,33.6296077330646
2013-06-10,35.6,21.7,0.0,37.21635105555562
2013-06-11,35.6,23.9,0.0,36.32746605479784
2013-06-12,36.1,23.9,0.5,39.03336019249782
2013-06-13,36.1,25.0,0.0,37.84634757387565
2013-06-14,33.9,23.9,0.0,35.616047560835526
2013-06-15,33.3,25.6,0.0,35.781684200924495
2013-06-16,36.7,24.4,0.0,37.21635105555562
2013-06-17,37.2,25.0,0.0,38.356258128515606
2013-06-18,35.0,21.1,9.1,36.91070788641558
2013-06-19,36.7,24.4,0.0,38.78692140841783
2013-06-20,36.7,24.4,0.0,37.71805098215121
2013-06-21,37.2,25.0,0.0,37.11873875340457
2013-06-22,37.2,25.0,0.0,37.547724858995565
2013-06-23,37.2,25.0,0.0,36.99262651519117
2013-06-24,37.2,24.4,0.0,39.37284994723556
2013-06-25,38.3,25.6,0.0,38.16630760972448
2013-06-26,38.9,25.6,0.0,39.97253118885107
2013-06-27,39.4,25.0,0.0,38.08301543655112
2013-06-28,41.1,23.9,0.0,40.941247777475624
2013-06-29,42.2,23.9,0.0,41.11624653890447
2013-06-30,35.6,22.2,8.9,38.391313654175605
2013-07-01,32.8,22.8,0.0,35.10459696540446
2013-07-02,35.0,20.6,0.0,32.38787476167109
2013-07-03,35.6,19.4,0.0,33.26483693491558
2013-07-04,35.6,21.1,0.0,33.04518861111118
2013-07-05,37.2,22.2,0.0,36.041461872035576
2013-07-06,37.2,22.8,0.0,36.484585831057785
2013-07-07,38.9,24.4,0.0,39.6256119871911
2013-07-08,32.8,25.0,1.8,34.73444154748442
2013-07-09,38.9,24.4,0.0,39.43263444819561
2013-07-10,38.9,24.4,0.0,39.6256119871911
2013-07-11,38.9,24.4,0.0,38.70551121452447
2013-07-12,39.4,23.9,0.0,38.980735417597806
2013-07-13,40.6,24.4,0.0,39.37662891111112
2013-07-14,36.7,23.3,0.0,37.28988247135115
2013-07-15,25.6,21.1,13.0,29.15886103361784
2013-07-16,34.4,22.2,0.0,35.22748101695786
2013-07-17,33.3,22.8,38.1,35.75535508329567
2013-07-18,35.0,22.8,0.0,36.92080481111116
2013-07-19,35.6,22.2,0.0,35.10459696540446
2013-07-20,35.6,23.9,1.0,36.40425372780442
2013-07-21,35.6,23.9,0.0,37.83491347777776
2013-07-22,37.2,25.6,0.0,40.12194125900458
2013-07-23,37.2,25.6,0.0,38.145823156737805
2013-07-24,36.1,25.0,0.0,38.49010247777784
2013-07-25,37.8,24.4,0.0,38.70551121452447
2013-07-26,37.8,23.3,19.8,39.70381845540449
2013-07-27,32.2,23.3,0.3,37.21635105555562
2013-07-28,36.7,24.4,0.0,38.657691714051126
2013-07-29,38.3,25.6,0.0,38.16630760972448
2013-07-30,38.3,25.0,0.0,39.37284994723556
2013-07-31,38.9,23.9,0.0,38.679649287884494
2013-08-01,39.4,25.0,0.0,39.96049678276451
2013-08-02,38.9,25.6,0.0,39.621159165037845
2013-08-03,38.9,25.0,0.0,38.96840892532447
2013-08-04,38.3,25.6,0.0,39.12359551698453
2013-08-05,40.0,24.4,0.0,40.44721410993783
2013-08-06,40.6,25.0,0.0,41.08405285555559
2013-08-07,41.1,26.1,0.0,42.10142447687114
2013-08-08,40.6,25.6,0.0,40.01842425555557
2013-08-09,40.0,24.4,0.0,38.0049626274845
2013-08-10,41.1,25.0,0.0,41.46671187777782
2013-08-11,38.3,25.0,0.0,39.97253118885107
2013-08-12,38.3,23.9,0.0,38.145823156737805
2013-08-13,39.4,25.6,0.0,39.6256119871911
2013-08-14,41.7,25.0,0.0,41.700630202897834
2013-08-15,36.1,23.3,4.6,37.83491347777776
2013-08-16,36.1,22.8,0.0,37.70329621273782
2013-08-17,35.6,22.8,0.0,34.70560137393786
2013-08-18,36.7,20.6,0.0,34.33965865089788
2013-08-19,36.7,22.2,0.0,34.903158329564505
2013-08-20,37.2,22.2,0.0,36.29269838081786
2013-08-21,37.2,23.3,0.0,37.11873875340457
2013-08-22,37.8,23.9,0.0,38.145823156737805
2013-08-23,38.3,24.4,0.0,38.96840892532447
2013-08-24,38.3,25.6,0.0,39.43263444819561
2013-08-25,36.1,24.4,0.0,37.11873875340457
2013-08-26,33.3,23.3,0.0,34.59215684108437
2013-08-27,31.1,23.3,2.3,33.03359425555552
2013-08-28,37.2,22.8,0.0,37.70329621273782
2013-08-29,38.9,23.9,0.0,38.16630760972448
2013-08-30,40.6,24.4,0.0,39.43240366348451
2013-08-31,40.0,24.4,0.0,40.715118577777744
2013-09-01,39.4,24.4,0.0,40.67742350623117
2013-09-02,39.4,25.0,0.0,38.980735417597806
2013-09-03,40.0,23.9,0.0,39.621159165037845
2013-09-04,38.9,25.0,2.5,39.97253118885107
2013-09-05,37.2,23.3,0.0,37.841399013624454
2013-09-06,38.3,23.9,0.0,39.03357521153779
2013-09-07,37.8,24.4,0.0,37.11873875340457
2013-09-08,35.0,23.3,2.0,35.513380247404434
2013-09-09,34.4,22.8,0.3,35.85863781863108
2013-09-10,35.6,22.8,1.0,36.3571822555555
2013-09-11,36.1,23.9,0.0,35.55417157287113
2013-09-12,36.1,22.8,0.5,35.5804232555556
2013-09-13,37.2,23.3,0.0,35.60670538276444
2013-09-14,36.1,22.8,7.6,36.558321442275684
2013-09-15,35.6,23.9,0.0,35.25822549561561
2013-09-16,34.4,24.4,8.1,35.616047560835526
2013-09-17,33.3,23.3,0.8,35.09003579559113
2013-09-18,35.6,23.3,0.0,36.089105944444455
2013-09-19,35.6,25.0,1.0,36.91070788641558
2013-09-20,27.2,21.7,74.2,30.403401525635665
2013-09-21,30.0,20.0,0.3,28.741592507075584
2013-09-22,30.6,16.1,0.0,28.393210477777806
2013-09-23,32.8,14.4,0.0,30.165565455751107
2013-09-24,36.7,18.9,0.0,34.988657761597864
2013-09-25,36.1,20.6,0.0,34.903158329564505
2013-09-26,33.9,20.6,0.0,33.61686139803551
2013-09-27,33.3,25.0,1.3,36.45781422883556
2013-09-28,34.4,22.8,35.1,37.91852052531555
2013-09-29,25.6,18.9,13.2,26.542500000000004
2013-09-30,32.2,17.2,0.0,29.933376361715634
2013-10-01,32.8,18.9,0.0,33.89808742945776
2013-10-02,33.3,23.9,0.0,35.286900788051064
2013-10-03,33.9,24.4,0.0,35.09003579559113
2013-10-04,33.3,22.8,0.0,34.59215684108437
2013-10-05,32.2,16.7,0.0,32.56900581695783
2013-10-06,27.8,12.8,10.9,26.56073681420451
2013-10-07,29.4,12.8,0.0,27.385562986771195
2013-10-08,29.4,11.7,0.0,27.636654006764484
2013-10-09,29.4,12.8,0.0,28.33797592205119
2013-10-10,30.0,17.2,0.0,29.41421488587567
2013-10-11,31.1,22.2,0.8,33.78802762316448
2013-10-12,33.3,21.1,51.3,37.20667336761786
2013-10-13,24.4,19.4,107.2,29.697203661351164
2013-10-14,25.6,22.2,10.7,26.00444444444444
2013-10-15,29.4,14.4,0.3,31.015885100115636
2013-10-16,16.7,12.2,21.3,28.15824500283553
2013-10-17,23.9,12.2,0.0,22.962777777777777
2013-10-18,22.2,12.8,0.3,22.225555555555545
2013-10-19,20.0,8.9,0.0,21.135833333333334
2013-10-20,23.9,6.7,0.0,22.936666666666667
2013-10-21,27.2,15.0,13.5,26.24222222222223
2013-10-22,25.0,12.2,0.0,23.96111111111111
2013-10-23,27.8,12.2,0.0,26.660030820035605
2013-10-24,27.8,11.7,0.0,26.46930769731553
2013-10-25,26.1,12.2,0.0,25.586666666666662
2013-10-26,27.2,16.7,0.0,27.360965654024444
2013-10-27,23.9,17.8,2.5,24.45722222222222
2013-10-28,27.8,18.9,0.0,28.33768810961774
2013-10-29,28.9,21.7,0.0,30.026780984595675
2013-10-30,28.9,22.2,82.3,30.532753716924603
2013-10-31,27.8,12.2,36.3,28.78770131289555
2013-11-01,28.9,10.6,0.0,27.385562986771195
2013-11-02,23.9,9.4,0.0,23.948055555555563
2013-11-03,20.6,7.8,0.0,19.458611111111107
2013-11-04,19.4,15.6,1.0,19.494444444444447
2013-11-05,26.7,18.9,0.3,25.76944444444444
2013-11-06,22.2,11.1,8.4,23.025277777777784
2013-11-07,18.3,5.6,0.0,17.174722222222226
2013-11-08,18.9,10.0,0.0,17.200833333333335
2013-11-09,21.1,12.2,0.0,20.454166666666666
2013-11-10,21.7,15.6,0.0,21.55694444444445
2013-11-11,25.0,11.7,0.0,24.209166666666672
2013-11-12,16.1,6.7,0.0,20.401944444444446
2013-11-13,13.9,1.1,0.0,12.332222222222219
2013-11-14,17.2,0.6,0.0,16.11111111111111
2013-11-15,25.6,10.6,0.0,24.930555555555557
2013-11-16,27.2,17.2,0.0,27.835943809757786
2013-11-17,32.2,19.4,0.0,31.557488575164523
2013-11-18,26.7,16.7,0.0,27.08954415243555
2013-11-19,22.2,13.9,0.0,22.920833333333334
2013-11-20,21.7,15.0,0.3,21.67444444444445
2013-11-21,27.2,19.4,2.5,28.292644831457842
2013-11-22,23.3,2.2,46.5,25.309166666666666
2013-11-23,6.1,2.2,0.8,4.978333333333333
2013-11-24,6.1,1.7,3.3,5.5033333333333365
2013-11-25,4.4,1.7,24.1,3.7705555555555588
2013-11-26,12.2,3.3,0.0,10.874166666666667
2013-11-27,11.1,0.6,0.0,10.035277777777772
2013-11-28,13.9,0.0,0.0,12.332222222222219
2013-11-29,17.2,1.1,0.0,16.267777777777773
2013-11-30,19.4,10.6,0.0,18.721388888888885
2013-12-01,22.8,11.7,0.0,22.108055555555545
2013-12-02,28.3,12.8,0.0,26.68972755820452
2013-12-03,29.4,9.4,0.0,27.684918104495598
2013-12-04,23.9,13.3,0.0,23.419722222222216
2013-12-05,20.0,1.1,0.0,21.804999999999996
2013-12-06,3.3,-1.0,1.8,2.2369444444444437
2013-12-07,-0.5,-2.7,0.0,-0.4413888888888905
2013-12-08,8.3,-2.1,0.0,7.52611111111111
2013-12-09,4.4,1.7,1.0,5.385833333333336
2013-12-10,8.9,-1.6,0.0,7.816666666666671
2013-12-11,15.6,-1.0,0.0,14.799444444444443
2013-12-12,12.2,0.0,0.0,17.083333333333336
2013-12-13,10.6,7.2,3.8,8.534722222222225
2013-12-14,10.6,4.4,0.0,10.35888888888889
2013-12-15,16.7,1.1,0.0,15.285277777777784
2013-12-16,20.6,1.1,0.0,19.984166666666663
2013-12-17,23.3,2.2,0.0,22.241944444444453
2013-12-18,22.2,3.9,0.0,20.84861111111111
2013-12-19,25.6,12.8,0.0,23.82777777777777
2013-12-20,23.3,19.4,0.0,23.419722222222216
2013-12-21,23.3,7.2,11.7,23.485
2013-12-22,13.3,3.9,0.0,14.244444444444444
2013-12-23,14.4,0.0,0.0,12.371388888888886
2013-12-24,16.1,-0.5,0.0,14.694999999999997
2013-12-25,14.4,5.0,0.0,13.393055555555556
2013-12-26,13.9,3.9,0.0,13.236388888888891
2013-12-27,15.6,7.2,0.0,13.761388888888888
2013-12-28,16.7,4.4,0.0,16.058888888888887
2013-12-29,17.8,2.2,0.0,16.87111111111111
2013-12-30,6.7,1.7,0.0,8.325833333333337
2013-12-31,12.8,2.2,0.0,11.255555555555558
2014-01-01,20.6,3.9,0.0,19.70666666666667
2014-01-02,12.8,0.6,0.0,14.6525
2014-01-03,14.4,-2.1,0.0,12.28
2014-01-04,21.7,5.6,0.0,21.426388888888887
2014-01-05,15.0,1.1,0.0,19.141944444444444
2014-01-06,2.2,-5.5,0.0,4.9027777777777795
2014-01-07,8.9,-5.5,0.0,6.96472222222222
2014-01-08,11.7,4.4,4.1,11.474722222222221
2014-01-09,21.1,11.7,0.0,20.519444444444446
2014-01-10,22.2,13.9,2.5,22.225555555555545
2014-01-11,23.9,8.9,0.0,23.31861111111111
2014-01-12,19.4,7.8,0.3,18.656111111111105
2014-01-13,21.7,6.1,0.0,20.365555555555563
2014-01-14,24.4,2.8,0.0,23.8175
2014-01-15,17.8,4.4,0.0,18.107777777777773
2014-01-16,22.2,4.4,0.0,21.100000000000005
2014-01-17,17.8,6.1,0.0,18.199166666666667
2014-01-18,21.1,2.8,0.0,20.639722222222222
2014-01-19,22.2,7.2,0.0,21.021666666666665
2014-01-20,27.8,7.8,0.0,26.467500000000005
2014-01-21,17.2,3.3,0.0,23.436111111111114
2014-01-22,21.1,2.8,0.0,19.275833333333335
2014-01-23,13.3,-2.7,1.5,17.543055555555554
2014-01-24,4.4,-3.2,1.3,2.041111111111107
2014-01-25,21.1,-3.2,0.0,20.43083333333334
2014-01-26,24.4,6.1,0.0,24.02638888888889
2014-01-27,15.6,1.1,0.5,21.79472222222221
2014-01-28,3.9,-2.7,1.3,5.914166666666666
2014-01-29,9.4,-2.7,0.0,7.646944444444447
2014-01-30,18.3,-0.5,0.0,17.37055555555556
2014-01-31,26.7,12.8,0.0,25.981111111111122
2014-02-01,24.4,12.8,0.0,24.405
2014-02-02,12.8,1.7,0.5,22.803333333333335
2014-02-03,7.8,1.1,0.0,7.066388888888887
2014-02-04,17.8,5.6,3.8,16.662222222222216
2014-02-05,8.9,-0.5,0.0,15.073611111111108
2014-02-06,0.0,-3.2,0.0,2.0933333333333337
2014-02-07,3.3,-1.6,0.0,1.8424999999999987
2014-02-08,18.3,2.8,0.0,17.79111111111111
2014-02-09,24.4,5.0,0.0,23.054166666666667
2014-02-10,15.6,1.7,0.0,18.656111111111105
2014-02-11,2.2,0.6,2.5,3.1541666666666717
2014-02-12,13.9,0.6,0.0,11.99
2014-02-13,20.6,0.0,0.0,19.432499999999997
2014-02-14,30.0,8.3,0.0,27.685917222915585
2014-02-15,24.4,5.6,0.0,23.436111111111114
2014-02-16,24.4,15.0,0.0,22.76416666666667
2014-02-17,27.2,14.4,0.0,26.297777777777785
2014-02-18,27.8,12.8,0.0,27.416236963591118
2014-02-19,27.8,17.2,0.0,27.987237679591207
2014-02-20,28.3,13.9,0.0,27.35456218899553
2014-02-21,22.2,5.0,0.0,22.215833333333343
2014-02-22,25.0,8.9,0.0,24.15694444444445
2014-02-23,30.0,16.7,0.0,28.905816744444436
2014-02-24,24.4,12.8,0.0,26.908509560871103
2014-02-25,21.7,11.1,0.0,22.17333333333332
2014-02-26,11.1,2.2,2.8,13.08944444444444
2014-02-27,15.0,-0.5,0.0,13.578611111111114
2014-02-28,26.7,6.7,0.0,25.90277777777778
2014-03-01,27.8,11.7,0.0,27.360965654024444
2014-03-02,22.8,-2.1,2.0,25.638888888888893
2014-03-03,8.3,-4.3,2.0,7.212777777777777
2014-03-04,10.0,-1.0,4.3,9.206666666666669
2014-03-05,11.7,3.3,0.0,10.58361111111111
2014-03-06,18.3,6.1,0.0,17.174722222222226
2014-03-07,19.4,3.9,0.0,17.830277777777773
2014-03-08,15.0,6.7,18.8,17.318333333333335
2014-03-09,14.4,3.9,2.8,13.891944444444443
2014-03-10,21.7,10.0,0.3,21.55694444444445
2014-03-11,28.3,13.3,0.0,27.12101463745771
2014-03-12,21.1,9.4,0.0,25.469166666666663
2014-03-13,20.0,2.8,0.0,18.671944444444442
2014-03-14,23.9,9.4,0.0,22.633611111111115
2014-03-15,23.3,16.7,1.8,23.354444444444443
2014-03-16,17.8,8.9,0.0,22.855555555555565
2014-03-17,20.0,5.0,0.0,18.658888888888896
2014-03-18,28.3,8.3,0.0,27.068432814157852
2014-03-19,22.2,10.6,0.0,26.40222222222222
2014-03-20,24.4,5.6,0.0,23.410000000000004
2014-03-21,26.7,12.2,0.0,26.65027777777778
2014-03-22,25.0,16.1,0.0,25.087222222222227
2014-03-23,16.1,8.3,0.0,23.984444444444442
2014-03-24,18.9,10.0,0.0,18.460277777777776
2014-03-25,20.6,6.7,0.0,18.81555555555555
2014-03-26,18.9,12.2,0.0,18.525555555555556
2014-03-27,27.8,16.1,0.3,28.76327423575113
2014-03-28,31.7,17.2,0.0,31.232713954984572
2014-03-29,25.0,10.6,0.0,24.512777777777778
2014-03-30,26.1,7.2,0.0,25.837500000000002
2014-03-31,29.4,15.6,0.0,28.50576934161565
2014-04-01,30.0,18.9,0.0,29.930825938151138
2014-04-02,27.8,21.1,0.0,28.957169045315645
2014-04-03,27.8,21.7,0.0,29.15886103361784
2014-04-04,23.3,12.2,0.0,28.15824500283553
2014-04-05,18.3,12.2,0.0,18.225277777777777
2014-04-06,16.1,11.1,5.1,16.68833333333333
2014-04-07,22.2,11.1,6.9,21.899166666666662
2014-04-08,25.0,10.0,0.0,23.88277777777778
2014-04-09,28.9,7.2,0.0,27.141760369117826
2014-04-10,30.6,13.9,0.0,28.61567085555551
2014-04-11,29.4,16.1,0.0,29.227926396497807
2014-04-12,29.4,18.3,0.0,29.083513312415594
2014-04-13,25.6,20.0,0.0,27.25004875993561
2014-04-14,22.8,6.1,34.0,25.834722222222222
2014-04-15,18.3,3.9,0.0,16.991944444444453
2014-04-16,22.8,4.4,0.0,21.820833333333326
2014-04-17,19.4,13.3,1.5,19.61527777777778
2014-04-18,25.6,15.0,0.3,24.23527777777778
2014-04-19,25.6,12.2,0.0,24.839166666666664
2014-04-20,23.9,16.1,0.0,23.749444444444443
2014-04-21,28.9,17.8,0.3,29.31698503179564
2014-04-22,30.6,17.2,0.0,29.263648144444492
2014-04-23,30.6,15.0,0.0,31.285569377315557
2014-04-24,31.1,19.4,0.0,31.96842908860448
2014-04-25,31.1,17.2,0.0,30.255147576975546
2014-04-26,30.0,20.0,0.0,30.159277208915682
2014-04-27,35.6,22.8,0.0,35.09003579559113
2014-04-28,33.9,18.9,0.0,31.830555067117814
2014-04-29,28.9,15.6,0.0,30.068349315190954
2014-04-30,23.9,13.9,0.0,25.58944444444445
2014-05-01,25.0,11.1,0.0,24.512777777777778
2014-05-02,28.3,13.3,0.0,26.506733904017803
2014-05-03,34.4,14.4,0.0,30.47971237560652
2014-05-04,32.8,16.1,0.0,30.113121309635556
2014-05-05,33.3,15.6,0.0,32.195672139537734
2014-05-06,30.6,18.3,0.0,30.454350755555513
2014-05-07,31.1,21.1,0.0,31.285569377315557
2014-05-08,28.9,22.8,1.5,30.549454376151076
2014-05-09,30.0,18.9,0.0,30.717955184364623
2014-05-10,32.8,15.6,0.0,33.356838967857776
2014-05-11,33.9,22.2,0.0,34.492084111084516
2014-05-12,27.8,16.7,62.2,31.20833997777773
2014-05-13,19.4,12.8,23.9,26.00444444444444
2014-05-14,24.4,10.6,3.6,23.410000000000004
2014-05-15,28.9,7.8,0.0,26.889711213057822
2014-05-16,30.0,16.1,0.0,27.7640842376711
2014-05-17,30.0,15.6,0.0,29.36368185555555
2014-05-18,29.4,16.7,0.0,28.78069813099559
2014-05-19,30.0,18.9,0.0,29.56310813900446
2014-05-20,31.7,19.4,0.0,31.348378167197765
2014-05-21,31.7,21.1,0.0,31.689232329591157
2014-05-22,30.6,21.1,0.0,31.96842908860448
2014-05-23,28.9,21.7,4.8,29.65017504153784
2014-05-24,30.0,21.1,0.0,31.015885100115636
2014-05-25,30.6,22.2,0.0,31.20833997777773
2014-05-26,23.9,17.8,39.6,29.10017681673787
2014-05-27,22.8,17.2,44.5,23.025277777777784
2014-05-28,28.9,20.0,0.0,28.89326381961784
2014-05-29,31.7,18.9,0.0,32.56900581695783
2014-05-30,34.4,20.0,0.0,34.261995594095616
2014-05-31,33.9,21.1,0.0,34.3537671678578
2014-06-01,31.1,21.7,0.0,33.19595416537561
2014-06-02,32.8,23.3,0.0,34.28580817393564
2014-06-03,32.2,23.9,0.0,34.7744635280245
2014-06-04,32.8,23.3,0.0,34.7744635280245
2014-06-05,32.8,23.3,0.0,35.781684200924495
2014-06-06,33.3,22.8,0.0,36.45781422883556
2014-06-07,33.3,23.3,0.0,35.889603247484416
2014-06-08,32.2,24.4,0.0,34.7744635280245
2014-06-09,30.0,20.0,14.0,32.50994487721565
2014-06-10,33.3,17.8,0.0,31.894722860195557
2014-06-11,34.4,18.9,0.0,35.77663859119783
2014-06-12,33.3,20.0,37.8,37.67863462375107
2014-06-13,31.7,20.0,0.0,36.343957807751195
2014-06-14,30.6,22.8,0.0,34.32017456463127
2014-06-15,32.8,23.3,0.0,36.91070788641558
2014-06-16,33.3,23.9,0.0,37.20667336761786
2014-06-17,33.3,23.9,0.0,36.60358037643559
2014-06-18,33.3,25.0,0.5,37.20667336761786
2014-06-19,32.8,24.4,0.3,34.28580817393564
2014-06-20,32.8,23.9,0.0,35.24517878083567
2014-06-21,33.3,23.9,0.0,36.343957807751195
2014-06-22,32.2,24.4,0.0,33.85445181291555
2014-06-23,31.1,20.0,6.9,35.21891191607106
2014-06-24,33.9,23.3,6.1,36.45781422883556
2014-06-25,31.7,21.7,12.4,34.80727677236455
2014-06-26,31.1,21.7,0.3,34.722588831484536
2014-06-27,32.8,23.9,0.0,35.889603247484416
2014-06-28,33.9,25.6,0.0,37.51950270193562
2014-06-29,35.0,25.0,0.0,38.9300934206755
2014-06-30,35.6,25.0,0.0,37.598498363004396
2014-07-01,35.6,23.9,0.0,37.21635105555562
2014-07-02,36.1,22.8,0.0,37.21635105555562
2014-07-03,35.6,22.2,1.8,36.40425372780442
2014-07-04,33.9,21.7,0.0,34.48873600083557
2014-07-05,34.4,20.6,0.0,36.91070788641558
2014-07-06,35.0,22.2,0.0,36.32746605479784
2014-07-07,35.6,22.8,0.0,36.3571822555555
2014-07-08,36.7,23.3,0.0,38.03229269063124
2014-07-09,36.7,22.2,0.0,37.26480069285115
2014-07-10,35.6,22.2,0.0,36.92080481111116
2014-07-11,35.0,21.7,0.0,36.03057495519112
2014-07-12,36.7,21.7,0.0,36.29269838081786
2014-07-13,37.8,23.3,0.0,38.70551121452447
2014-07-14,38.3,23.9,0.0,39.6256119871911
2014-07-15,33.3,22.8,1.5,36.558321442275684
2014-07-16,35.0,22.8,7.9,38.15792965555557
2014-07-17,31.7,23.3,89.7,36.67203977659556
2014-07-18,25.6,22.2,38.6,35.31575843611568
2014-07-19,30.0,21.1,0.0,31.900241944515585
2014-07-20,34.4,23.3,0.0,40.018925928675564
2014-07-21,35.6,25.0,0.0,39.181918055555634
2014-07-22,35.6,24.4,0.0,39.386496818595646
2014-07-23,36.1,23.9,0.0,40.31313256477118
2014-07-24,34.4,23.3,2.3,37.598498363004396
2014-07-25,35.6,23.9,0.0,38.15792965555557
2014-07-26,36.7,24.4,0.0,39.70381845540449
2014-07-27,36.7,23.9,0.0,39.70381845540449
2014-07-28,37.2,23.3,0.0,38.145823156737805
2014-07-29,36.1,24.4,0.0,38.356258128515606
2014-07-30,35.6,24.4,0.0,36.92080481111116
2014-07-31,36.1,25.0,0.0,40.50424907331573
2014-08-01,32.8,22.8,0.0,36.60358037643559
2014-08-02,32.2,20.0,0.0,32.02327019841567
2014-08-03,34.4,21.7,0.0,35.25822549561561
2014-08-04,34.4,22.2,0.0,36.32746605479784
2014-08-05,36.1,22.8,0.0,37.11873875340457
2014-08-06,37.2,24.4,0.0,38.011235686504506
2014-08-07,38.9,25.0,0.0,42.31049378898451
2014-08-08,38.9,24.4,0.0,40.8420562768711
2014-08-09,37.8,25.0,0.0,38.70551121452447
2014-08-10,38.3,25.0,0.0,39.43263444819561
2014-08-11,38.9,24.4,1.3,40.13635133153782
2014-08-12,37.8,22.8,0.0,39.37284994723556
2014-08-13,36.1,20.6,0.0,35.83018627777781
2014-08-14,36.7,21.1,0.0,36.316484243971146
2014-08-15,38.3,23.9,0.0,39.37284994723556
2014-08-16,40.0,25.0,0.0,40.457938586435525
2014-08-17,38.3,26.1,0.0,38.657691714051126
2014-08-18,38.9,25.6,0.0,39.03357521153779
2014-08-19,35.6,25.0,0.0,36.8336682331378
2014-08-20,38.9,25.6,0.0,40.33166217099559
2014-08-21,39.4,26.7,0.0,39.96049678276451
2014-08-22,39.4,26.1,0.0,39.77861343452447
2014-08-23,38.3,23.9,0.0,39.43263444819561
2014-08-24,38.3,25.0,0.0,40.33166217099559
2014-08-25,38.3,24.4,0.0,39.43263444819561
2014-08-26,38.3,25.0,0.0,38.03229269063124
2014-08-27,36.7,24.4,0.0,36.84063195146445
2014-08-28,37.2,24.4,0.0,38.356258128515606
2014-08-29,35.6,25.0,1.8,37.83491347777776
2014-08-30,35.0,23.3,0.0,37.598498363004396
2014-08-31,37.2,23.3,0.0,41.36938992655783
2014-09-01,38.3,25.6,0.0,40.13635133153782
2014-09-02,36.7,25.6,0.3,39.70381845540449
2014-09-03,37.8,24.4,0.0,38.46099728833563
2014-09-04,37.2,22.8,24.9,38.657691714051126
2014-09-05,36.1,25.0,0.5,37.598498363004396
2014-09-06,36.1,23.3,4.8,37.21635105555562
2014-09-07,31.7,23.3,5.6,35.09003579559113
2014-09-08,35.6,22.2,0.0,37.21635105555562
2014-09-09,36.1,23.3,0.0,38.356258128515606
2014-09-10,37.2,25.0,0.0,40.19811777359115
2014-09-11,37.2,25.6,0.0,39.386496818595646
2014-09-12,35.6,18.9,13.0,37.21635105555562
2014-09-13,18.9,15.6,17.3,24.37611111111111
2014-09-14,25.0,17.8,0.0,24.57472222222222
2014-09-15,31.1,20.6,0.0,32.25272841111113
2014-09-16,34.4,23.3,0.5,37.91852052531555
2014-09-17,32.8,23.9,8.9,36.343957807751195
2014-09-18,32.2,22.2,93.0,35.286900788051064
2014-09-19,30.0,23.3,3.3,32.50994487721565
2014-09-20,32.2,23.3,5.3,33.44940924444435
2014-09-21,32.2,22.2,0.0,34.48873600083557
2014-09-22,32.8,21.1,0.0,35.616047560835526
2014-09-23,29.4,19.4,0.0,32.25272841111113
2014-09-24,28.9,15.6,0.0,27.78952527557118
2014-09-25,28.3,16.7,0.0,28.957169045315645
2014-09-26,29.4,18.9,0.0,29.31698503179564
2014-09-27,26.7,20.0,0.0,28.030491895751087
2014-09-28,31.1,18.9,0.0,30.824248934595516
2014-09-29,31.7,19.4,0.0,31.5090838789956
2014-09-30,32.2,18.3,0.0,33.16821562719118
2014-10-01,33.3,24.4,0.0,36.03057495519112
2014-10-02,33.3,24.4,0.8,37.05415802092446
2014-10-03,29.4,18.3,0.0,33.85445181291555
2014-10-04,26.7,15.0,0.0,25.837500000000002
2014-10-05,30.6,16.7,0.0,30.454350755555513
2014-10-06,31.7,22.2,0.0,33.19595416537561
2014-10-07,34.4,22.2,0.0,35.77663859119783
2014-10-08,32.2,23.3,0.0,33.19595416537561
2014-10-09,33.3,23.9,0.0,35.616047560835526
2014-10-10,33.3,23.9,0.0,35.616047560835526
2014-10-11,25.6,15.0,36.1,31.617318406151192
2014-10-12,25.0,16.1,0.3,23.025277777777784
2014-10-13,24.4,16.1,2.3,24.796666666666667
2014-10-14,26.7,10.6,0.0,26.350000000000005
2014-10-15,31.1,13.3,0.0,29.208221804471123
2014-10-16,30.0,13.9,0.0,28.61567085555551
2014-10-17,30.6,16.1,0.0,30.680156280497766
2014-10-18,30.0,18.9,0.0,29.930825938151138
2014-10-19,27.8,18.3,0.0,28.577176604924507
2014-10-20,27.8,17.2,0.0,27.416236963591118
2014-10-21,28.3,14.4,0.0,26.908843175591166
2014-10-22,28.3,16.1,0.0,27.543531976835535
2014-10-23,28.3,18.9,0.0,28.146045184835597
2014-10-24,29.4,15.6,0.0,29.56310813900446
2014-10-25,31.1,16.7,0.0,30.759003960051196
2014-10-26,30.0,16.1,0.0,29.02254748851555
2014-10-27,30.0,16.7,0.0,29.227926396497807
2014-10-28,28.9,18.3,0.0,29.31698503179564
2014-10-29,27.2,18.3,0.0,27.8139038595378
2014-10-30,27.8,17.2,0.0,27.25004875993561
2014-10-31,24.4,13.3,7.6,25.035
2014-11-01,20.0,8.3,0.0,18.906944444444445
2014-11-02,23.9,8.9,0.0,23.71027777777777
2014-11-03,24.4,15.0,0.0,24.405
2014-11-04,23.9,14.4,14.2,24.15416666666666
2014-11-05,15.0,12.8,38.4,20.16361111111111
2014-11-06,17.2,12.8,1.0,16.792777777777772
2014-11-07,21.7,8.9,0.0,20.088611111111106
2014-11-08,23.9,8.9,0.0,23.054166666666667
2014-11-09,23.3,8.3,0.0,22.910555555555558
2014-11-10,24.4,9.4,0.0,24.248333333333335
2014-11-11,18.3,5.6,0.0,21.635277777777777
2014-11-12,10.6,2.2,0.0,9.01083333333333
2014-11-13,5.0,-0.5,0.0,6.110000000000003
2014-11-14,7.2,-1.0,0.0,6.031666666666666
2014-11-15,8.9,4.4,0.5,7.4711111111111075
2014-11-16,10.0,1.1,0.3,9.78111111111111
2014-11-17,11.7,-1.0,0.0,9.996111111111109
2014-11-18,13.3,-1.0,0.0,12.293055555555554
2014-11-19,20.6,0.6,0.0,19.602222222222217
2014-11-20,21.1,6.7,0.3,20.571666666666665
2014-11-21,23.3,16.7,8.4,23.485
2014-11-22,19.4,14.4,83.8,20.911111111111104
2014-11-23,27.2,11.7,0.0,26.376111111111115
2014-11-24,18.9,4.4,0.0,21.781666666666663
2014-11-25,19.4,3.3,0.0,18.173055555555557
2014-11-26,25.0,5.6,0.0,23.935
2014-11-27,17.8,5.6,0.0,17.174722222222226
2014-11-28,22.2,5.6,0.0,21.912222222222212
2014-11-29,22.8,13.3,0.0,22.76416666666667
2014-11-30,26.1,17.8,0.0,25.612777777777776
2014-12-01,18.9,5.0,0.0,22.803333333333335
2014-12-02,10.0,3.9,0.0,9.285
2014-12-03,15.0,8.9,0.0,14.835277777777783
2014-12-04,18.9,14.4,1.5,17.971111111111117
2014-12-05,23.9,17.2,0.3,23.958333333333332
2014-12-06,20.6,12.8,0.0,20.636944444444445
2014-12-07,13.3,11.1,0.0,16.411388888888887
2014-12-08,19.4,9.4,0.0,19.076666666666664
2014-12-09,20.6,6.1,0.0,19.602222222222217
2014-12-10,18.9,8.3,0.5,17.501111111111115
2014-12-11,19.4,13.9,1.0,18.85194444444444
2014-12-12,21.7,15.0,0.0,20.545555555555556
2014-12-13,23.3,12.8,0.0,22.73805555555556
2014-12-14,23.3,16.1,1.8,22.829444444444455
2014-12-15,23.3,11.1,0.0,22.268055555555563
2014-12-16,17.2,7.8,0.0,17.122500000000006
2014-12-17,11.7,8.9,2.5,13.197222222222223
2014-12-18,15.6,9.4,0.0,15.530555555555553
2014-12-19,13.9,8.9,15.0,13.797777777777776
2014-12-20,12.2,9.4,0.0,11.777777777777779
2014-12-21,13.3,10.0,0.0,13.08944444444444
2014-12-22,25.0,13.3,0.0,23.054166666666667
2014-12-23,15.0,6.1,0.0,18.15666666666667
2014-12-24,13.9,1.7,0.0,12.515
2014-12-25,18.3,0.6,0.0,17.569166666666668
2014-12-26,23.3,11.7,0.3,22.17333333333332
2014-12-27,18.9,5.0,0.8,19.941666666666674
2014-12-28,8.3,0.0,3.3,7.105555555555551
2014-12-29,19.4,-1.0,0.0,17.279166666666672
2014-12-30,7.8,3.9,0.0,13.878888888888888
2014-12-31,5.6,2.2,0.0,4.978333333333333
2015-01-01,4.4,1.1,16.0,3.323888888888891
2015-01-02,6.1,3.3,5.1,5.646944444444447
2015-01-03,16.7,3.9,19.3,16.189444444444444
2015-01-04,10.6,1.7,0.0,11.699444444444444
2015-01-05,11.1,-1.6,0.0,9.588611111111113
2015-01-06,21.7,2.2,0.0,20.522222222222222
2015-01-07,10.6,-1.0,0.0,15.389722222222227
2015-01-08,2.2,-4.9,0.0,4.482222222222221
2015-01-09,3.3,1.1,0.5,2.263055555555553
2015-01-10,2.2,0.0,7.6,1.1733333333333344
2015-01-11,9.4,1.1,4.3,8.981388888888889
2015-01-12,7.8,4.4,0.0,8.534722222222225
2015-01-13,5.6,1.7,0.0,5.464166666666673
2015-01-14,4.4,3.3,0.0,4.230833333333332
2015-01-15,15.0,3.3,0.0,14.352222222222224
2015-01-16,17.8,3.3,0.0,17.213888888888892
2015-01-17,20.6,3.9,0.0,20.179999999999993
2015-01-18,22.2,7.8,0.0,21.073888888888884
2015-01-19,23.9,2.8,0.0,23.553611111111113
2015-01-20,26.7,5.0,0.0,25.79833333333334
2015-01-21,13.3,10.0,4.1,23.61888888888889
2015-01-22,11.1,5.0,52.6,12.104166666666666
2015-01-23,10.6,3.3,10.2,9.350277777777778
2015-01-24,17.2,2.2,0.0,16.032777777777774
2015-01-25,22.8,4.4,0.0,21.59888888888888
2015-01-26,23.3,7.8,0.0,22.307222222222226
2015-01-27,28.3,10.6,0.0,26.376111111111115
2015-01-28,27.2,5.6,0.0,26.40222222222222
2015-01-29,26.1,11.1,0.0,25.39083333333333
2015-01-30,14.4,8.9,0.0,20.166944444444443
2015-01-31,16.7,9.4,7.9,13.298333333333332
2015-02-01,22.8,6.7,0.5,22.134166666666665
2015-02-02,9.4,0.6,0.0,15.125833333333333
2015-02-03,6.1,4.4,6.6,6.227500000000003
2015-02-04,12.8,5.6,1.5,11.960555555555556
2015-02-05,11.1,3.3,0.0,11.396388888888888
2015-02-06,15.6,2.8,0.0,15.073611111111108
2015-02-07,20.6,4.4,0.0,19.70666666666667
2015-02-08,25.6,14.4,0.0,24.930555555555557
2015-02-09,28.3,11.1,0.0,26.660030820035605
2015-02-10,27.2,7.8,0.0,26.42833333333333
2015-02-11,25.6,10.6,0.0,24.695555555555554
2015-02-12,16.7,6.7,0.0,22.411666666666672
2015-02-13,21.1,3.9,0.0,18.946111111111115
2015-02-14,25.6,8.9,0.0,25.36472222222222
2015-02-15,20.0,13.9,0.0,21.938333333333325
2015-02-16,18.9,2.2,0.3,18.96944444444444
2015-02-17,12.8,1.1,0.0,11.924722222222222
2015-02-18,18.9,0.0,0.0,17.057222222222222
2015-02-19,21.1,3.3,0.0,20.166944444444443
2015-02-20,23.9,12.2,0.0,22.73805555555556
2015-02-21,25.6,12.8,0.0,24.956666666666663
2015-02-22,13.3,2.8,0.5,20.979166666666675
2015-02-23,2.8,-1.0,0.3,7.340555555555552
2015-02-24,2.8,-1.0,0.0,1.9861111111111087
2015-02-25,17.2,1.7,0.3,15.915277777777773
2015-02-26,11.1,0.6,0.0,14.799444444444443
2015-02-27,2.2,-0.5,0.3,3.535555555555558
2015-02-28,2.2,-0.5,2.5,1.0661111111111135
2015-03-01,6.1,1.7,2.3,5.646944444444447
2015-03-02,7.2,3.3,0.5,6.276944444444447
2015-03-03,15.6,5.0,0.3,15.031111111111109
2015-03-04,21.1,1.1,3.8,21.357777777777788
2015-03-05,8.3,-0.5,3.3,7.917777777777776
2015-03-06,13.9,-3.2,0.0,12.358333333333333
2015-03-07,15.6,3.3,0.0,14.786388888888887
2015-03-08,12.2,8.3,11.4,13.591666666666669
2015-03-09,12.8,9.4,55.1,12.051944444444445
2015-03-10,17.2,10.0,0.0,16.87111111111111
2015-03-11,15.0,12.2,0.0,15.768333333333338
2015-03-12,22.8,11.1,0.5,22.003611111111102
2015-03-13,25.6,11.7,0.0,24.130833333333335
2015-03-14,25.6,11.7,0.0,24.708611111111118
2015-03-15,20.6,10.6,0.0,21.820833333333326
2015-03-16,25.0,11.1,0.0,23.801666666666662
2015-03-17,25.0,17.2,0.3,24.5225
2015-03-18,27.2,15.6,3.3,25.612777777777776
2015-03-19,28.3,17.2,0.0,27.71250268391774
2015-03-20,21.7,13.9,29.7,24.54861111111111
2015-03-21,16.1,12.8,10.9,15.621944444444447
2015-03-22,25.6,13.9,0.0,24.300555555555555
2015-03-23,26.7,11.1,0.0,26.986454903191134
2015-03-24,28.3,15.0,0.0,28.146045184835597
2015-03-25,28.9,16.7,0.0,28.312649868817804
2015-03-26,21.1,12.2,1.3,24.43111111111111
2015-03-27,27.8,7.8,0.0,26.186471745635558
2015-03-28,28.9,8.9,0.0,27.54942127531563
2015-03-29,28.9,13.9,0.0,27.932119356095637
2015-03-30,26.7,17.8,0.0,26.190000000000005
2015-03-31,27.8,18.9,0.0,27.8139038595378
2015-04-01,28.3,20.0,0.0,28.39887615283563
2015-04-02,28.9,20.0,0.0,29.47601872620456
2015-04-03,30.0,18.9,0.0,30.159277208915682
2015-04-04,20.6,13.3,0.0,24.865277777777774
2015-04-05,20.6,15.0,0.5,20.715277777777775
2015-04-06,29.4,18.3,0.0,29.65017504153784
2015-04-07,30.6,20.0,0.0,30.331079793937747
2015-04-08,26.1,20.6,0.0,28.33768810961774
2015-04-09,30.6,21.1,0.0,31.887677555555513
2015-04-10,23.3,13.3,2.3,28.430175718017736
2015-04-11,21.1,15.0,0.0,20.793611111111105
2015-04-12,27.8,19.4,0.3,29.47601872620456
2015-04-13,30.6,17.8,2.3,29.689165055555495
2015-04-14,25.0,13.9,0.0,27.676087608817763
2015-04-15,28.3,12.2,0.0,27.23515810385777
2015-04-16,27.2,19.4,0.3,26.307500000000005
2015-04-17,23.9,18.9,10.4,24.049722222222226
2015-04-18,25.0,12.2,14.5,25.113333333333337
2015-04-19,31.7,13.9,0.0,30.406492212515545
2015-04-20,22.8,12.2,0.0,27.068432814157852
2015-04-21,27.2,10.6,0.0,27.23515810385777
2015-04-22,27.2,19.4,0.0,26.307500000000005
2015-04-23,29.4,20.0,0.0,31.258456716495616
2015-04-24,29.4,20.6,10.9,31.55937428402463
2015-04-25,33.9,21.1,1.0,31.37722273372446
2015-04-26,30.0,20.6,2.0,31.557488575164523
2015-04-27,29.4,17.2,14.2,30.284278656195674
2015-04-28,18.3,11.7,0.0,27.534022768335646
2015-04-29,25.0,9.4,0.0,24.0525
2015-04-30,28.3,10.0,0.0,26.952184976551163
2015-05-01,28.9,12.8,0.0,27.4763316527378
2015-05-02,28.3,14.4,0.0,27.369093992871175
2015-05-03,28.9,14.4,0.0,28.246993170957833
2015-05-04,28.9,18.9,0.0,29.10017681673787
2015-05-05,28.3,18.9,97.5,28.181459693315517
2015-05-06,30.6,21.7,0.3,33.34978949943118
2015-05-07,28.3,22.8,0.5,29.47601872620456
2015-05-08,26.1,22.8,7.4,26.503333333333345
2015-05-09,29.4,22.2,0.5,32.25745578348452
2015-05-10,30.6,24.4,0.0,32.930913029315576
2015-05-11,26.1,20.0,10.2,30.28317007140459
2015-05-12,20.6,18.3,5.8,22.369166666666658
2015-05-13,21.1,17.8,28.4,21.44916666666667
2015-05-14,30.6,20.0,2.0,33.21375493548445
2015-05-15,25.0,19.4,9.1,28.64234278149107
2015-05-16,30.6,19.4,0.0,33.44940924444435
2015-05-17,28.9,18.9,66.0,31.98403855947564
2015-05-18,31.1,22.8,0.0,35.21891191607106
2015-05-19,31.7,23.3,0.0,33.78802762316448
2015-05-20,31.7,22.2,8.4,35.286900788051064
2015-05-21,24.4,16.7,0.5,26.12194444444444
2015-05-22,25.0,16.7,0.8,24.757500000000004
2015-05-23,30.6,18.9,35.8,32.25745578348452
2015-05-24,27.8,17.8,19.3,28.430175718017736
2015-05-25,27.8,18.9,132.1,28.78770131289555
2015-05-26,31.7,18.9,0.0,35.845619555884504
2015-05-27,29.4,19.4,0.0,33.882145611111156
2015-05-28,30.6,20.6,5.1,33.882145611111156
2015-05-29,31.7,17.8,17.0,34.7744635280245
2015-05-30,31.1,21.1,0.0,31.887677555555513
2015-05-31,30.0,19.4,0.0,30.454350755555513
2015-06-01,31.1,17.8,0.0,31.96842908860448
2015-06-02,32.2,19.4,0.0,32.78368005370444
2015-06-03,31.7,19.4,0.0,33.379843183571246
2015-06-04,31.1,20.0,0.0,32.02327019841567
2015-06-05,32.2,20.6,0.0,33.820934725784504
2015-06-06,32.2,21.1,0.0,34.48873600083557
2015-06-07,32.8,21.1,0.0,33.57033428108443
2015-06-08,33.9,21.7,0.0,35.22748101695786
2015-06-09,35.0,22.2,0.0,34.77222676805112
2015-06-10,33.9,22.2,0.0,36.91070788641558
2015-06-11,34.4,22.8,0.0,36.45781422883556
2015-06-12,33.9,23.9,0.3,37.20667336761786
2015-06-13,35.0,23.9,0.0,37.84634757387565
2015-06-14,30.0,22.2,34.0,33.25453213293112
2015-06-15,31.7,23.3,4.8,35.845619555884504
2015-06-16,28.3,22.8,34.0,32.930913029315576
2015-06-17,31.7,22.2,67.6,33.882145611111156
2015-06-18,32.2,22.8,0.0,37.267713707404496
2015-06-19,28.9,21.7,27.7,32.35495978132455
2015-06-20,28.3,22.2,12.4,32.69051061163565
2015-06-21,30.0,22.2,23.6,34.89243406857565
2015-06-22,31.7,22.2,0.0,35.99969964348455
2015-06-23,33.3,23.9,0.0,37.67863462375107
2015-06-24,33.3,23.3,0.0,38.16772704802459
2015-06-25,33.9,22.8,0.0,37.51950270193562
2015-06-26,33.9,24.4,0.0,37.51950270193562
2015-06-27,32.8,23.3,0.3,36.931999601315574
2015-06-28,32.8,22.8,2.0,37.235683568124536
2015-06-29,33.9,23.3,0.0,37.20667336761786
2015-06-30,34.4,22.8,19.1,38.16772704802459
2015-07-01,32.8,21.7,0.0,36.343957807751195
2015-07-02,32.8,21.1,0.0,36.343957807751195
2015-07-03,32.8,24.4,0.0,36.100147751724435
2015-07-04,33.3,24.4,0.0,38.33124403731548
2015-07-05,32.8,24.4,0.0,37.67863462375107
2015-07-06,32.8,25.0,0.0,35.781684200924495
2015-07-07,32.8,25.6,0.0,37.67863462375107
2015-07-08,32.8,25.6,0.0,35.286900788051064
2015-07-09,33.9,24.4,0.0,36.03057495519112
2015-07-10,34.4,23.3,0.0,36.32746605479784
2015-07-11,33.9,22.8,0.0,36.32746605479784
2015-07-12,34.4,23.3,0.0,37.84634757387565
2015-07-13,35.6,23.9,0.0,38.49010247777784
2015-07-14,36.1,23.3,0.0,37.83491347777776
2015-07-15,35.0,23.9,0.0,36.98420724259553
2015-07-16,35.0,23.3,0.0,36.98420724259553
2015-07-17,35.6,24.4,0.0,38.58431805415117
2015-07-18,36.7,25.0,0.0,40.12194125900458
2015-07-19,36.1,24.4,0.0,40.45219808299563
2015-07-20,36.1,23.3,0.0,39.386496818595646
2015-07-21,36.1,23.9,0.0,39.03336019249782
2015-07-22,36.1,25.0,0.0,39.181918055555634
2015-07-23,37.2,25.0,0.0,39.829193699571064
2015-07-24,37.2,25.0,0.0,40.19811777359115
2015-07-25,36.7,23.9,0.0,38.657691714051126
2015-07-26,36.7,24.4,0.0,40.018925928675564
2015-07-27,37.8,25.0,0.0,40.457938586435525
2015-07-28,37.8,25.0,0.0,40.08503163468442
2015-07-29,38.3,24.4,0.0,40.457938586435525
2015-07-30,38.3,23.9,0.0,39.6256119871911
2015-07-31,38.9,25.6,0.0,41.89030390441778
2015-08-01,37.2,22.8,0.0,39.03336019249782
2015-08-02,37.8,23.9,0.0,36.731202326015556
2015-08-03,37.2,23.9,0.0,37.26480069285115
2015-08-04,37.8,25.0,0.0,40.19811777359115
2015-08-05,38.3,25.6,0.0,40.50584813923555
2015-08-06,38.9,25.0,0.0,42.10142447687114
2015-08-07,38.3,24.4,0.0,41.0865594767378
2015-08-08,38.9,25.6,0.0,42.96976610979555
2015-08-09,39.4,24.4,0.0,40.7030049336245
2015-08-10,40.0,23.9,0.0,40.44721410993783
2015-08-11,40.6,23.9,0.0,38.465250953315596
2015-08-12,40.6,26.1,0.0,41.98503150087119
2015-08-13,40.0,25.6,0.0,41.0865594767378
2015-08-14,38.3,25.6,0.0,40.457938586435525
2015-08-15,36.7,26.1,0.0,37.70329621273782
2015-08-16,36.7,23.9,0.0,36.84063195146445
2015-08-17,36.7,23.3,0.0,37.71805098215121
2015-08-18,37.2,24.4,0.0,40.08503163468442
2015-08-19,37.2,25.6,0.0,39.70381845540449
2015-08-20,28.9,22.8,8.9,37.21635105555562
2015-08-21,33.3,22.2,0.0,35.781684200924495
2015-08-22,37.2,23.9,0.0,39.12359551698453
2015-08-23,38.3,24.4,0.0,41.28011848668453
2015-08-24,38.3,24.4,0.0,39.77861343452447
2015-08-25,38.3,25.0,0.0,39.03357521153779
2015-08-26,36.7,22.8,0.0,37.21635105555562
2015-08-27,36.7,23.3,0.0,37.547724858995565
2015-08-28,36.7,22.2,0.0,35.60670538276444
2015-08-29,35.0,21.7,0.0,35.108367144444465
2015-08-30,35.6,23.9,0.0,34.87041881713777
2015-08-31,36.1,23.3,0.0,36.089105944444455
2015-09-01,34.4,23.3,0.0,35.77663859119783
2015-09-02,35.0,21.7,0.0,34.77222676805112
2015-09-03,34.4,22.8,0.0,34.97482682251561
2015-09-04,37.8,23.9,0.0,39.12359551698453
2015-09-05,38.3,26.1,0.3,40.50584813923555
2015-09-06,37.8,24.4,0.0,40.50584813923555
2015-09-07,37.8,24.4,0.0,39.37284994723556
2015-09-08,37.2,24.4,0.0,39.37284994723556
2015-09-09,33.9,23.3,26.7,36.3571822555555
2015-09-10,35.6,22.2,20.1,39.03336019249782
2015-09-11,33.9,23.9,0.0,36.03057495519112
2015-09-12,32.8,20.6,0.0,31.258456716495616
2015-09-13,32.8,17.2,0.0,30.43976250705777
2015-09-14,32.2,17.8,0.0,30.276932588015573
2015-09-15,35.0,22.8,0.0,37.598498363004396
2015-09-16,33.9,23.9,1.0,37.84634757387565
2015-09-17,35.6,23.9,0.0,36.98420724259553
2015-09-18,35.6,23.9,0.0,36.40425372780442
2015-09-19,35.6,23.3,0.0,34.5413827922756
2015-09-20,35.0,20.6,0.0,33.828294096871105
2015-09-21,35.0,22.8,0.0,33.91195827777781
2015-09-22,36.1,21.1,0.0,36.558321442275684
2015-09-23,34.4,20.0,0.0,33.22438139641778
2015-09-24,35.0,20.6,0.0,32.40333525931559
2015-09-25,35.6,22.2,0.0,33.22438139641778
2015-09-26,35.0,20.0,0.0,33.14911354593783
2015-09-27,35.0,19.4,0.0,32.86102967889778
2015-09-28,31.7,20.6,0.0,31.689232329591157
2015-09-29,34.4,19.4,0.0,34.77222676805112
2015-09-30,35.0,21.1,0.0,34.468957811111146
2015-10-01,34.4,20.6,0.0,33.828294096871105
2015-10-02,31.7,19.4,0.0,29.917249037404456
2015-10-03,30.6,13.3,0.0,27.824858449475617
2015-10-04,30.6,15.0,0.0,28.393210477777806
2015-10-05,29.4,19.4,0.0,28.03957093897562
2015-10-06,32.2,17.2,0.0,30.016614937395584
2015-10-07,32.8,16.7,0.0,31.725273249617764
2015-10-08,32.8,20.0,0.0,31.53111406157112
2015-10-09,31.1,22.2,0.0,30.454350755555513
2015-10-10,32.2,19.4,0.0,31.725273249617764
2015-10-11,35.0,17.8,0.0,35.108367144444465
2015-10-12,37.2,22.2,0.0,38.70551121452447
2015-10-13,34.4,17.8,0.0,34.261995594095616
2015-10-14,35.6,15.6,0.0,32.82639084588163
2015-10-15,35.0,17.2,0.0,33.000779411715556
2015-10-16,32.2,16.7,0.0,30.707259459624495
2015-10-17,31.1,16.7,0.0,29.0329700379378
2015-10-18,28.9,13.9,0.0,26.860912138817824
2015-10-19,30.0,12.2,0.0,27.98978828193782
2015-10-20,30.6,14.4,0.0,29.263648144444492
2015-10-21,30.0,22.2,0.0,30.717955184364623
2015-10-22,27.8,21.1,4.1,29.105816139857836
2015-10-23,26.7,21.7,10.9,28.64234278149107
2015-10-24,24.4,15.6,121.7,24.875000000000004
2015-10-25,17.8,13.9,16.5,19.08694444444444
2015-10-26,26.1,14.4,0.0,25.53444444444444
2015-10-27,28.9,14.4,0.0,27.318101132851165
2015-10-28,27.8,14.4,0.0,26.441388888888895
2015-10-29,27.2,10.6,0.0,26.558888888888895
2015-10-30,23.9,19.4,125.2,24.35277777777778
2015-10-31,25.0,18.3,22.6,23.984444444444442
2015-11-01,23.9,15.0,1.8,23.184722222222216
2015-11-02,26.1,13.9,0.0,25.612777777777776
2015-11-03,26.7,13.9,0.0,26.08555555555556
2015-11-04,25.6,16.1,0.0,25.178611111111113
2015-11-05,29.4,22.2,1.3,31.98403855947564
2015-11-06,24.4,15.0,0.5,29.385531600924462
2015-11-07,17.2,13.3,13.5,16.936388888888885
2015-11-08,21.7,11.7,0.0,20.691944444444445
2015-11-09,22.8,11.1,0.0,22.003611111111102
2015-11-10,23.3,15.6,0.0,23.485
2015-11-11,29.4,20.6,0.0,31.557488575164523
2015-11-12,21.7,13.3,0.0,27.47501360605107
2015-11-13,18.3,13.3,0.0,17.240000000000006
2015-11-14,18.3,12.2,0.3,17.921666666666667
2015-11-15,21.1,12.2,0.0,21.07055555555556
2015-11-16,23.9,18.3,0.3,23.680833333333325
2015-11-17,23.9,8.3,26.2,24.219444444444445
2015-11-18,22.2,6.1,0.0,21.79472222222221
2015-11-19,26.1,7.8,0.0,25.85055555555556
2015-11-20,25.0,11.1,0.0,24.826111111111118
2015-11-21,18.9,5.0,0.0,20.979166666666675
2015-11-22,15.0,1.1,0.0,13.0275
2015-11-23,17.2,0.0,0.0,15.95444444444444
2015-11-24,17.8,8.3,0.0,17.631666666666675
2015-11-25,23.3,16.7,0.0,23.393611111111106
2015-11-26,23.3,20.0,6.6,23.680833333333325
2015-11-27,23.3,5.0,37.1,23.680833333333325
2015-11-28,6.7,3.9,6.4,7.4711111111111075
2015-11-29,8.3,5.6,1.0,7.431944444444444
2015-11-30,12.8,7.2,0.0,12.473055555555554
2015-12-01,15.0,7.8,0.0,13.81361111111111
2015-12-02,20.0,5.6,0.0,18.81555555555555
2015-12-03,17.2,4.4,0.0,16.058888888888887
2015-12-04,17.2,2.8,0.0,16.623055555555553
2015-12-05,18.3,2.8,0.0,17.25305555555556
2015-12-06,21.1,6.7,0.0,20.34972222222222
2015-12-07,20.6,6.7,0.0,20.166944444444443
2015-12-08,23.9,5.6,0.0,23.71027777777777
2015-12-09,24.4,8.3,0.0,23.501388888888886
2015-12-10,25.6,10.6,0.0,25.008888888888894
2015-12-11,26.1,11.1,0.0,25.71722222222222
2015-12-12,23.9,21.1,0.3,23.6025
2015-12-13,23.3,7.8,39.1,24.193333333333335
2015-12-14,23.9,5.6,0.0,23.462222222222223
2015-12-15,23.9,11.7,0.0,23.419722222222216
2015-12-16,17.2,7.8,0.0,20.16361111111111
2015-12-17,20.0,3.9,0.0,18.763333333333335
2015-12-18,14.4,1.1,0.0,13.656944444444441
2015-12-19,18.9,2.2,0.0,17.856388888888894
2015-12-20,19.4,10.6,0.0,18.96944444444444
2015-12-21,24.4,12.2,0.0,23.328333333333326
2015-12-22,26.1,9.4,0.0,25.53444444444444
2015-12-23,27.2,11.7,0.0,26.40222222222222
2015-12-24,23.3,11.1,0.0,22.894722222222228
2015-12-25,21.1,10.6,0.0,20.085277777777783
2015-12-26,25.6,21.1,2.5,25.283055555555556
2015-12-27,22.8,2.2,33.5,24.64
2015-12-28,7.8,2.2,0.0,6.345000000000003
2015-12-29,9.4,2.8,0.8,8.602777777777778
2015-12-30,13.9,5.0,0.0,12.80222222222222
2015-12-31,11.7,3.9,0.0,10.479166666666664
2016-01-01,8.9,6.7,0.0,9.389444444444443
2016-01-02,8.3,5.6,5.1,7.447777777777773
2016-01-03,16.7,5.0,0.0,15.61166666666667
2016-01-04,14.4,2.8,0.0,13.591666666666669
2016-01-05,13.3,2.2,0.0,12.146666666666668
2016-01-06,11.7,7.8,3.3,11.083055555555555
2016-01-07,22.8,9.4,0.0,21.36111111111111
2016-01-08,18.9,6.7,0.0,17.736111111111114
2016-01-09,14.4,3.3,0.0,15.95111111111111
2016-01-10,10.0,0.6,0.0,9.063055555555557
2016-01-11,13.3,1.1,0.0,11.924722222222222
2016-01-12,18.9,1.1,0.0,17.608333333333334
2016-01-13,18.9,3.3,0.0,17.79111111111111
2016-01-14,21.1,8.3,0.0,20.926944444444448
2016-01-15,21.1,8.9,0.0,20.483055555555566
2016-01-16,17.8,6.1,0.0,16.16333333333333
2016-01-17,13.9,0.0,0.0,12.54111111111111
2016-01-18,15.0,2.2,0.0,13.748333333333333
2016-01-19,20.6,6.1,0.0,19.745833333333326
2016-01-20,13.9,7.2,0.0,17.973888888888887
2016-01-21,17.8,6.1,0.3,17.540277777777778
2016-01-22,12.2,2.8,0.0,12.423611111111109
2016-01-23,13.9,-0.5,0.0,13.105833333333337
2016-01-24,21.1,1.7,0.0,20.23222222222222
2016-01-25,23.9,13.3,0.0,23.014999999999997
2016-01-26,14.4,6.1,0.0,19.745833333333326
2016-01-27,15.0,2.2,0.0,14.117222222222223
2016-01-28,21.7,0.0,0.0,21.139166666666668
2016-01-29,24.4,3.3,0.0,23.410000000000004
2016-01-30,25.0,7.8,0.0,24.07861111111111
2016-01-31,30.0,14.4,0.0,27.792663784871127
2016-02-01,25.0,12.2,0.0,24.37888888888889
2016-02-02,22.2,10.6,0.0,23.171666666666667
2016-02-03,14.4,3.9,0.0,18.685000000000006
2016-02-04,15.0,1.1,0.0,13.448055555555559
2016-02-05,16.7,0.6,0.0,15.285277777777784
2016-02-06,16.1,3.9,0.0,14.773333333333332
2016-02-07,20.0,0.0,0.0,18.75027777777778
2016-02-08,18.3,7.8,0.0,16.92666666666667
2016-02-09,23.3,3.9,0.0,22.22888888888889
2016-02-10,23.3,3.3,0.0,22.307222222222226
2016-02-11,28.3,11.1,0.0,27.005000477135567
2016-02-12,26.1,8.3,0.0,25.785277777777782
2016-02-13,23.9,11.1,0.0,23.119444444444444
2016-02-14,23.9,13.9,0.0,23.171666666666667
2016-02-15,23.3,10.0,0.0,22.962777777777777
2016-02-16,27.8,6.1,0.0,26.415277777777785
2016-02-17,23.9,10.0,0.0,23.48833333333333
2016-02-18,26.1,12.2,0.0,25.469166666666663
2016-02-19,27.2,17.8,0.0,26.986454903191134
2016-02-20,24.4,18.9,0.0,25.53444444444444
2016-02-21,21.7,18.3,0.3,23.354444444444443
2016-02-22,22.2,13.9,0.0,21.55694444444445
2016-02-23,16.1,8.3,33.8,19.85027777777778
2016-02-24,18.3,5.6,0.0,17.031111111111116
2016-02-25,20.6,3.3,0.0,19.367222222222217
2016-02-26,17.8,5.0,0.0,17.083333333333336
2016-02-27,22.8,5.6,0.0,21.912222222222212
2016-02-28,25.6,12.8,0.0,24.956666666666663
2016-02-29,25.0,16.7,0.0,24.956666666666663
2016-03-01,27.2,15.0,0.0,27.416236963591118
2016-03-02,25.6,9.4,0.0,24.930555555555557
2016-03-03,28.3,16.7,0.0,26.754968918595594
2016-03-04,24.4,7.2,0.0,24.551944444444445
2016-03-05,26.1,13.9,0.0,25.43
2016-03-06,25.0,14.4,0.0,23.879999999999995
2016-03-07,24.4,17.8,0.3,24.48333333333333
2016-03-08,28.3,20.0,5.6,28.33768810961774
2016-03-09,21.7,15.0,55.4,25.113333333333337
2016-03-10,17.8,14.4,10.2,17.30194444444444
2016-03-11,21.7,15.0,9.1,21.109722222222224
2016-03-12,23.3,13.9,0.0,23.171666666666667
2016-03-13,29.4,13.3,0.0,27.7640842376711
2016-03-14,33.3,12.2,0.0,31.725273249617764
2016-03-15,33.3,19.4,0.0,31.887677555555513
2016-03-16,27.2,16.1,0.0,28.814790013475562
2016-03-17,26.1,19.4,0.5,26.2813888888889
2016-03-18,26.1,13.3,1.8,25.20472222222223
2016-03-19,16.7,8.3,0.0,23.485
2016-03-20,17.8,5.6,0.0,16.414166666666663
2016-03-21,20.0,1.7,0.0,19.458611111111107
2016-03-22,25.6,7.2,0.0,24.891388888888894
2016-03-23,27.8,18.3,1.3,27.47501360605107
2016-03-24,21.1,8.9,3.8,23.984444444444442
2016-03-25,22.8,5.0,0.0,22.411666666666672
2016-03-26,23.3,8.9,0.0,22.711944444444455
2016-03-27,23.3,13.3,0.0,22.54222222222223
2016-03-28,23.9,8.9,0.0,22.936666666666667
2016-03-29,20.6,14.4,0.5,21.269722222222224
2016-03-30,25.0,20.0,0.8,25.309166666666666
2016-03-31,30.0,18.9,0.0,27.824858449475617
2016-04-01,18.9,10.6,8.6,26.36305555555556
2016-04-02,23.3,7.2,0.0,22.29416666666667
2016-04-03,26.1,6.7,0.0,25.273333333333326
2016-04-04,28.3,11.7,0.0,27.534022768335646
2016-04-05,27.8,11.7,0.0,26.908509560871103
2016-04-06,27.8,12.8,0.0,26.40222222222222
2016-04-07,29.4,8.9,0.0,27.510452641597837
2016-04-08,26.7,12.8,0.0,25.26027777777778
2016-04-09,25.0,14.4,0.5,24.35277777777778
2016-04-10,26.1,18.3,0.0,25.71722222222222
2016-04-11,31.7,21.1,0.0,33.85445181291555
2016-04-12,22.8,16.7,30.2,29.543688464791305
2016-04-13,22.2,14.4,10.2,21.67444444444445
2016-04-14,25.0,12.2,0.0,24.956666666666663
2016-04-15,26.1,12.2,0.0,25.638888888888893
2016-04-16,23.9,17.8,6.4,24.37888888888889
2016-04-17,25.6,17.8,34.0,25.34833333333334
2016-04-18,23.9,17.2,28.7,22.999166666666675
2016-04-19,27.2,16.7,0.0,27.71250268391774
2016-04-20,27.2,15.6,14.7,27.592192616015534
2016-04-21,28.3,15.6,10.4,28.146045184835597
2016-04-22,28.9,15.6,0.0,27.534022768335646
2016-04-23,28.3,12.8,0.0,27.310157834435607
2016-04-24,26.1,17.2,0.0,25.808611111111112
2016-04-25,31.1,21.1,0.0,35.31575843611568
2016-04-26,30.0,22.2,0.0,31.648926787671186
2016-04-27,32.2,16.7,13.7,29.80980657513561
2016-04-28,30.6,17.2,0.0,30.915363245315625
2016-04-29,28.9,23.9,0.0,32.876041529064565
2016-04-30,30.0,18.9,23.4,30.78902595639117
2016-05-01,25.6,18.9,0.0,28.39887615283563
2016-05-02,21.1,13.9,0.0,22.65972222222223
2016-05-03,25.6,12.8,0.0,24.747777777777774
2016-05-04,30.6,12.2,0.0,28.61567085555551
2016-05-05,31.7,15.0,0.0,29.83680901797119
2016-05-06,30.0,13.3,0.0,28.1825764545045
2016-05-07,29.4,15.6,0.0,28.50576934161565
2016-05-08,22.8,19.4,2.8,27.416236963591118
2016-05-09,30.6,19.4,0.0,32.15124504993779
2016-05-10,32.8,18.9,6.9,36.67203977659556
2016-05-11,30.6,18.3,8.4,33.21375493548445
2016-05-12,28.9,20.0,2.8,31.258456716495616
2016-05-13,30.6,21.7,0.0,31.557488575164523
2016-05-14,27.2,17.2,19.6,31.015885100115636
2016-05-15,22.2,16.7,5.8,22.369166666666658
2016-05-16,26.7,19.4,6.6,25.808611111111112
2016-05-17,27.8,18.3,5.1,29.697203661351164
2016-05-18,25.6,17.8,4.1,28.15824500283553
2016-05-19,24.4,16.1,57.2,24.02361111111111
2016-05-20,28.3,16.7,0.0,28.577176604924507
2016-05-21,28.3,21.1,0.0,30.78902595639117
2016-05-22,30.6,22.2,0.0,34.04386637036451
2016-05-23,29.4,21.7,0.3,34.04386637036451
2016-05-24,30.6,23.3,0.0,34.331803355555614
2016-05-25,30.0,25.0,0.0,34.48061279223114
2016-05-26,32.2,20.0,13.2,38.86094437290459
2016-05-27,25.0,18.3,8.9,24.64
2016-05-28,32.8,18.3,0.5,38.18538774865792
2016-05-29,31.1,21.1,4.6,34.80727677236455
2016-05-30,31.7,18.9,7.9,32.56900581695783
2016-05-31,27.8,19.4,27.2,31.229195675431228
2016-06-01,30.6,20.0,4.8,32.53139821281776
2016-06-02,28.9,20.0,9.1,30.28317007140459
2016-06-03,29.4,18.3,40.9,29.15886103361784
2016-06-04,30.0,19.4,2.5,31.20833997777773
2016-06-05,31.1,20.0,0.0,29.927305577777776
2016-06-06,32.2,21.1,0.0,32.21115006887111
2016-06-07,33.3,20.6,0.0,34.3537671678578
2016-06-08,33.3,21.1,0.0,36.45781422883556
2016-06-09,33.3,21.7,0.0,37.05415802092446
2016-06-10,32.8,20.6,0.0,35.781684200924495
2016-06-11,33.9,24.4,0.0,39.011986261617736
2016-06-12,34.4,25.0,0.0,40.31313256477118
2016-06-13,34.4,24.4,0.0,40.31313256477118
2016-06-14,34.4,25.6,0.0,40.2929255059178
2016-06-15,35.6,25.6,0.0,41.07169827777786
2016-06-16,35.6,23.9,0.0,41.70951489267559
2016-06-17,36.1,24.4,0.0,39.9103602111111
2016-06-18,35.6,24.4,0.0,41.07169827777786
2016-06-19,34.4,25.0,0.0,39.567818893064526
2016-06-20,35.0,23.9,0.0,38.9300934206755
2016-06-21,35.6,23.9,0.0,40.12194125900458
2016-06-22,35.6,24.4,0.0,38.9300934206755
2016-06-23,35.0,23.9,0.0,37.84634757387565
2016-06-24,33.9,23.9,0.0,36.931999601315574
2016-06-25,31.1,25.0,0.5,36.68049771557119
2016-06-26,35.0,24.4,0.0,38.17443465370449
2016-06-27,35.6,23.9,0.0,38.15792965555557
2016-06-28,38.3,22.2,8.4,41.68489202643561
2016-06-29,35.6,21.7,0.0,36.98420724259553
2016-06-30,34.4,24.4,0.0,38.58431805415117
2016-07-01,35.6,23.3,0.0,38.17443465370449
2016-07-02,36.7,24.4,0.0,41.65121022441559
2016-07-03,36.7,25.6,0.0,41.65121022441559
2016-07-04,37.2,26.7,0.0,42.490634425457706
2016-07-05,37.2,26.1,0.0,43.392586119704546
2016-07-06,37.8,26.1,0.0,43.38218793185786
2016-07-07,37.2,26.1,0.0,43.38218793185786
2016-07-08,37.8,26.1,0.0,42.490634425457706
2016-07-09,37.2,25.6,0.0,41.78131395451558
2016-07-10,36.1,25.0,1.0,40.018925928675564
2016-07-11,37.8,26.1,0.0,41.28011848668453
2016-07-12,37.8,25.0,0.0,42.061673780284465
2016-07-13,38.3,26.7,0.0,43.885143385457795
2016-07-14,38.3,25.0,0.0,43.42157529228447
2016-07-15,38.3,25.6,0.0,41.0865594767378
2016-07-16,37.8,24.4,0.0,40.457938586435525
2016-07-17,37.2,24.4,0.0,40.8420562768711
2016-07-18,37.2,25.6,0.0,41.23738470599116
2016-07-19,37.8,25.0,0.0,40.8420562768711
2016-07-20,38.3,25.0,0.0,40.57779183609559
2016-07-21,38.3,24.4,0.0,40.50584813923555
2016-07-22,38.9,24.4,0.0,40.13635133153782
2016-07-23,38.3,25.6,0.0,41.68489202643561
2016-07-24,38.3,25.6,0.0,42.74289545403558
2016-07-25,38.9,24.4,19.3,42.31049378898451
2016-07-26,33.9,23.9,2.0,37.20667336761786
2016-07-27,33.3,23.3,26.9,38.33124403731548
2016-07-28,36.1,23.9,0.0,39.64739735793769
2016-07-29,35.6,23.3,0.0,39.64739735793769
2016-07-30,36.1,24.4,0.0,40.45219808299563
2016-07-31,36.7,25.6,0.0,40.12194125900458
2016-08-01,37.2,23.9,0.0,38.58431805415117
2016-08-02,36.7,23.9,0.0,40.57779183609559
2016-08-03,37.2,24.4,0.0,41.36938992655783
2016-08-04,37.2,24.4,0.0,41.78131395451558
2016-08-05,37.8,25.0,0.0,41.78131395451558
2016-08-06,37.8,25.0,0.0,40.8420562768711
2016-08-07,37.8,25.0,0.0,41.36938992655783
2016-08-08,37.8,25.6,0.0,42.96976610979555
2016-08-09,38.9,26.1,0.0,44.11337113209558
2016-08-10,38.9,27.2,0.0,42.74289545403558
2016-08-11,38.9,25.6,0.0,44.11337113209558
2016-08-12,40.6,26.1,0.0,46.64173287188448
2016-08-13,35.6,25.0,2.5,41.68489202643561
2016-08-14,28.9,21.7,23.4,32.69051061163565
2016-08-15,24.4,21.7,59.7,25.505000000000003
2016-08-16,28.3,21.7,45.5,32.69051061163565
2016-08-17,28.9,23.9,7.6,32.33789784339563
2016-08-18,31.1,23.3,4.3,35.99969964348455
2016-08-19,33.9,23.9,1.5,39.567818893064526
2016-08-20,28.3,22.8,18.8,35.55203763279115
2016-08-21,27.8,22.8,2.8,31.188054025724526
2016-08-22,32.8,23.9,1.0,38.33124403731548
2016-08-23,34.4,25.0,0.0,38.17443465370449
2016-08-24,33.9,24.4,0.0,38.33124403731548
2016-08-25,34.4,23.3,1.0,39.64739735793769
2016-08-26,33.9,23.9,0.0,37.51950270193562
2016-08-27,33.3,22.2,0.0,36.45781422883556
2016-08-28,33.3,22.8,4.1,37.05415802092446
2016-08-29,32.8,22.8,1.5,36.931999601315574
2016-08-30,33.3,22.8,0.0,37.05415802092446
2016-08-31,34.4,23.3,2.3,38.17443465370449
2016-09-01,35.6,23.9,0.0,38.85491958937559
2016-09-02,33.3,23.9,0.0,39.554438450015674
2016-09-03,33.3,22.8,0.0,37.235683568124536
2016-09-04,33.9,23.9,0.3,38.33124403731548
2016-09-05,34.4,22.8,0.0,41.090860604495596
2016-09-06,35.0,25.0,0.3,40.2929255059178
2016-09-07,35.6,25.6,0.0,41.8917068777778
2016-09-08,35.0,25.0,0.0,38.9300934206755
2016-09-09,35.0,25.0,0.0,38.9300934206755
2016-09-10,33.9,21.7,1.3,35.513380247404434
2016-09-11,33.9,20.6,0.0,34.97482682251561
2016-09-12,33.9,21.1,0.0,36.60358037643559
2016-09-13,34.4,23.3,0.0,37.91852052531555
2016-09-14,33.3,24.4,0.0,36.60358037643559
2016-09-15,34.4,22.2,0.0,38.58431805415117
2016-09-16,35.0,23.9,0.0,39.181918055555634
2016-09-17,35.6,23.3,0.0,39.181918055555634
2016-09-18,36.7,23.9,0.0,40.50424907331573
2016-09-19,37.2,24.4,0.0,43.38218793185786
2016-09-20,37.2,23.9,0.0,40.12194125900458
2016-09-21,35.6,23.9,0.0,35.34735951507558
2016-09-22,34.4,21.1,0.0,35.75535508329567
2016-09-23,33.9,24.4,0.8,37.51950270193562
2016-09-24,36.1,25.0,0.3,40.288316255555614
2016-09-25,31.1,21.1,19.3,33.21375493548445
2016-09-26,22.8,19.4,31.0,23.221111111111114
2016-09-27,26.7,19.4,0.0,26.1638888888889
2016-09-28,31.7,18.3,0.0,30.3755960911912
2016-09-29,30.0,17.2,0.0,28.572364773137767
2016-09-30,28.3,15.6,0.0,27.198133401617845
2016-10-01,26.7,15.0,0.0,26.637222222222224
2016-10-02,29.4,14.4,0.0,28.741592507075584
2016-10-03,30.6,16.7,0.0,30.194046724604465
2016-10-04,32.8,21.1,0.0,35.09003579559113
2016-10-05,33.3,23.9,0.0,35.889603247484416
2016-10-06,33.3,24.4,0.0,35.75535508329567
2016-10-07,31.7,17.2,0.0,33.78802762316448
2016-10-08,30.0,16.1,0.0,29.41421488587567
2016-10-09,28.9,14.4,0.0,26.754968918595594
2016-10-10,28.9,11.1,0.0,27.068432814157852
2016-10-11,31.1,11.7,0.0,30.14254564121777
2016-10-12,32.8,16.1,0.0,34.48873600083557
2016-10-13,31.7,20.0,4.3,33.6296077330646
2016-10-14,30.6,19.4,0.0,31.20833997777773
2016-10-15,32.8,21.7,0.0,34.28580817393564
2016-10-16,34.4,23.9,0.0,34.97482682251561
2016-10-17,34.4,23.3,0.0,35.889603247484416
2016-10-18,33.9,23.9,0.0,36.343957807751195
2016-10-19,33.3,23.9,0.0,35.24517878083567
2016-10-20,28.3,18.3,0.0,31.539548077777795
2016-10-21,25.0,11.7,0.0,24.682499999999997
2016-10-22,26.7,8.3,0.0,25.82444444444445
2016-10-23,28.9,12.8,0.0,28.164564010515555
2016-10-24,30.0,19.4,0.0,29.930825938151138
2016-10-25,30.0,19.4,0.0,28.87853803679785
2016-10-26,30.6,17.8,0.0,30.316243944444384
2016-10-27,31.1,17.8,0.0,31.126955483004483
2016-10-28,30.0,16.1,0.0,29.41421488587567
2016-10-29,30.0,17.8,0.0,29.927305577777776
2016-10-30,30.6,18.3,0.0,30.743255411111097
2016-10-31,30.0,15.6,0.0,28.87853803679785
2016-11-01,32.8,21.7,8.4,34.28580817393564
2016-11-02,31.1,22.8,0.3,33.44940924444435
2016-11-03,26.7,20.0,27.2,30.549454376151076
2016-11-04,22.8,20.0,0.0,22.43444444444443
2016-11-05,22.2,17.2,6.1,21.948611111111106
2016-11-06,24.4,15.0,1.8,22.999166666666675
2016-11-07,21.7,16.1,2.0,22.04
2016-11-08,20.6,16.7,12.4,20.75444444444444
2016-11-09,18.3,15.6,4.3,19.08694444444444
2016-11-10,21.7,13.3,0.0,21.53083333333333
2016-11-11,23.3,12.8,0.0,23.236944444444443
2016-11-12,25.0,13.9,0.0,24.300555555555555
2016-11-13,24.4,12.2,0.0,23.223888888888887
2016-11-14,27.8,13.3,0.0,27.195764459617777
2016-11-15,30.0,15.0,0.0,28.1825764545045
2016-11-16,30.0,12.8,0.0,28.75228311111112
2016-11-17,27.8,14.4,0.0,28.146045184835597
2016-11-18,26.1,11.1,0.0,26.2813888888889
2016-11-19,17.2,5.0,0.0,16.01972222222222
2016-11-20,19.4,1.7,0.0,18.199166666666667
2016-11-21,25.0,6.7,0.0,24.839166666666664
2016-11-22,24.4,16.7,12.4,24.54861111111111
2016-11-23,22.8,10.6,3.3,21.873055555555553
2016-11-24,24.4,7.8,0.0,23.775555555555552
2016-11-25,18.9,12.8,0.8,20.61083333333333
2016-11-26,21.1,11.7,0.0,19.798055555555557
2016-11-27,24.4,13.3,0.0,23.984444444444442
2016-11-28,26.1,10.6,0.0,25.195
2016-11-29,26.1,9.4,0.0,25.299444444444436
2016-11-30,19.4,5.6,0.0,19.510833333333338
2016-12-01,20.6,2.8,0.0,19.393333333333334
2016-12-02,17.8,10.6,5.6,17.540277777777778
2016-12-03,11.1,9.4,32.8,13.797777777777776
2016-12-04,11.7,9.4,9.4,10.844722222222222
2016-12-05,11.1,8.3,16.0,10.89694444444444
2016-12-06,14.4,6.1,0.0,13.56277777777778
2016-12-07,13.3,3.9,0.0,12.932777777777776
2016-12-08,11.1,2.2,0.0,11.882222222222225
2016-12-09,7.8,0.6,0.0,6.661666666666666
2016-12-10,11.1,1.7,0.0,10.60972222222222
2016-12-11,19.4,10.0,0.5,19.455277777777773
2016-12-12,19.4,7.8,0.0,18.551666666666666
2016-12-13,25.0,10.0,0.0,24.248333333333335
2016-12-14,13.9,6.1,0.0,13.588888888888894
2016-12-15,12.2,7.2,0.0,12.473055555555554
2016-12-16,19.4,10.6,0.0,18.96944444444444
2016-12-17,24.4,1.1,0.0,24.08888888888888
2016-12-18,2.8,-3.2,0.0,21.831111111111106
2016-12-19,7.2,-4.9,0.0,5.38916666666667
2016-12-20,15.0,1.7,0.0,13.461111111111114
2016-12-21,21.7,6.1,0.0,20.049444444444443
2016-12-22,20.0,10.0,0.0,18.81555555555555
2016-12-23,20.0,11.1,0.3,20.085277777777783
2016-12-24,25.6,18.3,0.0,25.20472222222223
2016-12-25,26.7,20.0,0.0,27.71250268391774
2016-12-26,28.9,21.1,0.0,30.294298970771212
2016-12-27,24.4,16.7,0.0,25.243888888888886
2016-12-28,28.3,16.7,0.0,29.10017681673787
2016-12-29,21.1,9.4,0.0,25.061111111111114
2016-12-30,12.8,9.4,0.0,12.91
2016-12-31,25.0,10.6,0.0,25.008888888888894
2017-01-01,23.9,11.7,0.0,23.14555555555555
2017-01-02,23.3,11.1,10.2,22.503055555555562
2017-01-03,24.4,6.7,0.0,23.48833333333333
2017-01-04,10.0,3.3,0.0,17.72583333333333
2017-01-05,17.2,1.1,0.0,16.32
2017-01-06,1.1,-4.9,0.0,5.385833333333336
2017-01-07,6.7,-7.1,0.0,4.73305555555556
2017-01-08,11.7,-6.0,0.0,9.943888888888885
2017-01-09,21.7,6.1,0.0,21.452499999999997
2017-01-10,26.1,15.0,0.0,26.007222222222232
2017-01-11,26.7,15.0,0.0,27.195764459617777
2017-01-12,27.2,19.4,0.0,26.111666666666668
2017-01-13,25.6,13.3,16.5,25.56055555555555
2017-01-14,13.3,8.3,1.8,24.35277777777778
2017-01-15,22.8,10.6,15.5,22.29083333333332
2017-01-16,21.1,14.4,7.6,20.454166666666666
2017-01-17,15.0,8.9,39.9,19.141944444444444
2017-01-18,13.3,8.3,13.0,13.115555555555554
2017-01-19,21.7,11.1,0.0,21.55694444444445
2017-01-20,24.4,8.3,0.0,23.644999999999996
2017-01-21,27.2,8.9,0.5,26.629206586524436
2017-01-22,21.1,11.7,0.0,20.206111111111106
2017-01-23,24.4,7.8,0.0,23.44916666666666
2017-01-24,28.9,10.0,0.0,27.656826412984522
2017-01-25,20.6,8.9,0.0,25.981111111111122
2017-01-26,15.0,4.4,0.0,15.915277777777773
2017-01-27,14.4,3.3,0.0,11.846388888888887
2017-01-28,16.1,3.9,0.0,14.734166666666665
2017-01-29,21.1,4.4,0.0,19.945
2017-01-30,26.1,8.3,0.0,25.62861111111112
2017-01-31,25.6,6.7,0.0,24.56500000000001
2017-02-01,27.8,10.6,0.0,26.908509560871103
2017-02-02,17.8,7.8,0.0,23.605833333333333
2017-02-03,11.7,7.2,0.0,13.722222222222223
2017-02-04,10.6,8.3,0.5,10.319722222222222
2017-02-05,22.2,10.6,0.0,21.201111111111114
2017-02-06,25.6,19.4,0.0,25.691111111111113
2017-02-07,30.0,13.3,0.0,27.7640842376711
2017-02-08,30.6,10.6,0.0,28.270783811111137
2017-02-09,20.0,6.1,0.0,19.341111111111108
2017-02-10,26.1,10.6,0.0,26.08555555555556
2017-02-11,30.0,18.9,0.0,30.194046724604465
2017-02-12,26.1,18.9,0.0,28.696246040435614
2017-02-13,25.6,17.2,0.0,25.087222222222227
2017-02-14,19.4,8.3,21.8,23.958333333333332
2017-02-15,18.3,6.1,0.0,17.057222222222222
2017-02-16,21.1,4.4,0.0,20.561388888888892
2017-02-17,25.0,10.0,0.0,24.209166666666672
2017-02-18,30.0,16.7,0.0,28.572364773137767
2017-02-19,27.2,16.1,2.3,27.835943809757786
2017-02-20,21.1,14.4,28.4,24.57472222222222
2017-02-21,27.8,11.1,0.0,26.33694444444444
2017-02-22,30.6,10.6,0.0,29.0329700379378
2017-02-23,32.2,12.8,0.0,30.713051785724474
2017-02-24,26.7,12.2,0.0,28.258726944275562
2017-02-25,17.2,6.7,0.0,21.08694444444445
2017-02-26,22.2,5.6,0.0,21.70055555555556
2017-02-27,27.8,18.9,0.0,28.181459693315517
2017-02-28,26.7,20.6,0.0,26.307500000000005
2017-03-01,22.8,12.2,0.0,25.76944444444444
2017-03-02,18.9,9.4,0.0,18.199166666666667
2017-03-03,21.7,4.4,0.0,19.945
2017-03-04,15.0,12.2,16.8,17.569166666666668
2017-03-05,23.9,13.9,6.9,23.393611111111106
2017-03-06,28.9,20.0,0.0,28.181459693315517
2017-03-07,25.0,16.1,0.0,25.74333333333333
2017-03-08,24.4,15.6,0.0,23.840833333333332
2017-03-09,26.7,19.4,0.0,26.2813888888889
2017-03-10,28.3,16.7,0.0,28.146045184835597
2017-03-11,18.9,16.1,18.5,24.02361111111111
2017-03-12,16.7,8.3,0.3,18.509166666666662
2017-03-13,21.1,8.9,0.3,20.297499999999992
2017-03-14,22.8,4.4,0.0,21.348055555555558
2017-03-15,23.9,9.4,0.0,23.68416666666666
2017-03-16,26.1,14.4,0.5,25.061111111111114
2017-03-17,28.3,18.3,0.0,28.312649868817804
2017-03-18,28.9,18.3,0.0,28.577176604924507
2017-03-19,29.4,18.3,0.0,29.083513312415594
2017-03-20,29.4,17.8,0.0,29.300882540051173
2017-03-21,29.4,17.2,0.0,29.300882540051173
2017-03-22,28.3,20.0,0.0,28.89326381961784
2017-03-23,29.4,18.3,0.0,28.03957093897562
2017-03-24,28.3,15.6,1.3,28.577176604924507
2017-03-25,28.9,11.7,0.0,27.591488397037843
2017-03-26,30.0,17.2,0.0,30.194046724604465
2017-03-27,30.0,21.1,0.0,30.159277208915682
2017-03-28,30.0,21.1,0.0,29.898529149217854
2017-03-29,28.9,15.6,18.5,27.591488397037843
2017-03-30,27.8,12.2,0.0,26.441388888888895
2017-03-31,30.0,12.8,0.0,29.689165055555495
2017-04-01,24.4,18.3,0.0,27.145045127235615
2017-04-02,25.0,13.9,18.0,24.45722222222222
2017-04-03,32.2,9.4,0.0,30.016614937395584
2017-04-04,31.7,15.6,0.0,30.707259459624495
2017-04-05,23.9,11.1,0.0,28.59431378340449
2017-04-06,26.1,9.4,0.0,25.28638888888889
2017-04-07,27.2,11.1,0.0,26.493611111111115
2017-04-08,27.8,13.3,0.0,27.676087608817763
2017-04-09,27.2,18.9,0.0,27.835943809757786
2017-04-10,26.7,21.7,2.5,26.43805555555556
2017-04-11,22.2,16.7,8.6,25.900000000000002
2017-04-12,25.6,16.1,0.0,24.48333333333333
2017-04-13,27.8,19.4,0.0,27.47501360605107
2017-04-14,28.9,18.3,0.0,27.987237679591207
2017-04-15,28.9,19.4,0.0,29.31698503179564
2017-04-16,28.9,20.6,0.0,30.026780984595675
2017-04-17,26.7,17.2,0.0,27.71250268391774
2017-04-18,27.8,16.1,0.0,28.577176604924507
2017-04-19,29.4,20.0,0.0,30.159277208915682
2017-04-20,31.1,21.1,0.0,30.6159912848178
2017-04-21,31.7,21.7,0.0,31.96842908860448
2017-04-22,22.8,13.9,0.3,29.898529149217854
2017-04-23,25.0,10.0,0.0,24.65638888888889
2017-04-24,27.8,8.9,0.0,26.908509560871103
2017-04-25,32.2,16.7,0.0,33.6296077330646
2017-04-26,32.8,16.7,0.0,31.557488575164523
2017-04-27,30.0,11.7,0.0,27.908959375464487
2017-04-28,35.0,21.1,0.0,38.49010247777784
2017-04-29,33.3,18.9,0.3,37.67863462375107
2017-04-30,25.6,11.1,1.3,25.035
2017-05-01,32.8,10.6,0.0,31.062946267057768
2017-05-02,33.3,16.7,0.0,32.529684102995624
2017-05-03,35.0,17.8,0.0,35.85863781863108
2017-05-04,26.1,15.6,0.0,28.164564010515555
2017-05-05,30.0,12.8,0.0,27.7640842376711
2017-05-06,32.8,12.2,0.0,30.18421456132451
2017-05-07,31.1,16.1,0.0,30.37309437673785
2017-05-08,28.9,17.8,0.0,28.146045184835597
2017-05-09,24.4,18.9,1.0,26.986454903191134
2017-05-10,28.3,21.7,0.0,29.697203661351164
2017-05-11,31.1,21.7,5.6,33.03359425555552
2017-05-12,31.1,17.2,0.0,29.505452476764454
2017-05-13,31.7,14.4,0.0,30.276932588015573
2017-05-14,33.9,16.7,0.0,33.82438423757118
2017-05-15,33.3,19.4,0.0,33.680797364284345
2017-05-16,30.0,21.1,0.0,32.25272841111113
2017-05-17,32.2,21.1,3.0,31.09243211641781
2017-05-18,34.4,22.8,0.0,35.889603247484416
2017-05-19,35.0,23.9,0.0,35.77663859119783
2017-05-20,28.9,18.9,31.0,32.78368005370444
2017-05-21,25.6,16.7,17.0,30.28317007140459
2017-05-22,25.0,16.1,0.5,24.049722222222226
2017-05-23,30.0,14.4,1.8,30.454350755555513
2017-05-24,30.6,13.3,0.0,28.814790013475562
2017-05-25,34.4,16.7,0.0,34.31864240850442
2017-05-26,33.3,23.9,0.0,37.05415802092446
2017-05-27,36.1,24.4,0.3,41.65121022441559
2017-05-28,34.4,18.9,11.9,38.85491958937559
2017-05-29,31.1,20.0,0.0,31.617318406151192
2017-05-30,31.1,20.0,0.0,32.02327019841567
2017-05-31,29.4,20.0,0.5,31.015885100115636
2017-06-01,31.7,19.4,0.0,33.19595416537561
2017-06-02,33.3,23.3,0.0,35.09003579559113
2017-06-03,33.3,21.7,6.1,34.48873600083557
2017-06-04,32.8,20.0,4.3,34.28580817393564
2017-06-05,32.2,18.9,35.3,33.820934725784504
2017-06-06,33.3,21.1,0.0,33.356838967857776
2017-06-07,35.0,21.1,0.0,34.87041881713777
2017-06-08,33.9,22.8,0.0,34.3537671678578
2017-06-09,32.2,23.3,0.0,33.85445181291555
2017-06-10,33.9,21.1,0.0,34.28580817393564
2017-06-11,33.9,22.8,0.0,34.5413827922756
2017-06-12,34.4,23.9,0.0,35.34735951507558
2017-06-13,36.7,24.4,0.0,39.829193699571064
2017-06-14,35.6,25.6,0.0,38.139577415111084
2017-06-15,37.2,24.4,0.0,40.08503163468442
2017-06-16,36.7,25.0,0.0,40.19811777359115
2017-06-17,38.3,25.0,0.0,41.68489202643561
2017-06-18,37.8,25.6,0.0,40.08503163468442
2017-06-19,33.3,24.4,0.3,38.356258128515606
2017-06-20,36.7,24.4,0.0,38.657691714051126
2017-06-21,36.1,23.9,0.0,35.60670538276444
2017-06-22,37.2,24.4,0.0,38.46099728833563
2017-06-23,40.0,25.6,0.0,44.204201661137795
2017-06-24,29.4,22.2,3.6,41.68489202643561
2017-06-25,32.2,23.9,0.5,33.78802762316448
2017-06-26,32.8,22.2,27.2,34.48873600083557
2017-06-27,32.8,21.7,0.3,34.48873600083557
2017-06-28,33.3,21.7,0.0,34.73444154748442
2017-06-29,37.2,23.9,0.0,41.36938992655783
2017-06-30,36.7,26.1,0.0,40.12194125900458
2017-07-01,36.7,26.1,0.0,38.99620826783118
2017-07-02,37.8,25.6,0.0,39.829193699571064
2017-07-03,37.2,24.4,0.0,40.08503163468442
2017-07-04,38.3,25.6,0.0,41.28011848668453
2017-07-05,37.2,25.6,0.0,39.03357521153779
2017-07-06,37.8,25.0,0.0,39.03357521153779
2017-07-07,37.2,23.9,0.5,38.46099728833563
2017-07-08,37.8,23.9,0.0,38.145823156737805
2017-07-09,38.3,25.0,0.0,39.97253118885107
2017-07-10,37.8,24.4,0.0,37.505362613315555
2017-07-11,38.3,25.0,0.0,39.09841437255115
2017-07-12,38.3,25.0,0.0,39.09841437255115
2017-07-13,38.9,25.0,0.0,39.43263444819561
2017-07-14,38.3,25.0,0.0,38.96840892532447
2017-07-15,39.4,21.7,4.1,40.08503163468442
2017-07-16,37.2,20.0,0.0,38.46099728833563
2017-07-17,36.7,25.0,0.0,38.03229269063124
2017-07-18,37.8,24.4,0.0,39.03357521153779
2017-07-19,38.3,25.0,0.0,38.78692140841783
2017-07-20,39.4,25.0,0.0,40.81187522956455
2017-07-21,40.0,25.0,0.0,40.31258489649559
2017-07-22,39.4,25.0,0.0,39.6256119871911
2017-07-23,39.4,25.0,1.0,41.848442311464524
2017-07-24,38.9,24.4,0.3,39.386496818595646
2017-07-25,39.4,25.6,0.0,41.44535221371561
2017-07-26,39.4,25.6,0.0,39.96049678276451
2017-07-27,39.4,23.9,0.0,39.97253118885107
2017-07-28,40.6,24.4,0.0,40.359909044444436
2017-07-29,41.7,25.0,0.0,40.974158812771144
2017-07-30,41.1,26.1,0.0,43.3903811985956
2017-07-31,37.2,25.0,0.0,39.70381845540449
2017-08-01,37.8,23.9,0.0,36.99262651519117
2017-08-02,30.6,25.6,0.0,34.468957811111146
2017-08-03,35.0,23.9,0.8,36.98420724259553
2017-08-04,37.2,24.4,0.0,38.46099728833563
2017-08-05,38.9,25.0,0.0,41.0865594767378
2017-08-06,38.3,25.6,0.0,40.45219808299563
2017-08-07,29.4,20.6,61.2,38.78692140841783
2017-08-08,34.4,22.8,0.0,35.75535508329567
2017-08-09,35.6,23.3,0.0,36.8336682331378
2017-08-10,37.8,23.9,0.0,40.19811777359115
2017-08-11,37.8,24.4,0.0,40.8420562768711
2017-08-12,37.8,25.6,0.0,40.50584813923555
2017-08-13,38.3,25.6,0.0,39.77861343452447
2017-08-14,37.8,25.0,0.0,40.13635133153782
2017-08-15,37.2,25.0,0.0,40.08503163468442
2017-08-16,38.3,26.7,0.0,40.457938586435525
2017-08-17,38.9,26.7,0.0,39.97253118885107
2017-08-18,38.3,25.6,0.0,40.13635133153782
2017-08-19,38.3,24.4,0.0,39.6256119871911
2017-08-20,38.3,24.4,0.0,39.03357521153779
2017-08-21,37.2,25.6,0.0,38.46099728833563
2017-08-22,37.8,24.4,0.0,39.03357521153779
2017-08-23,37.8,23.9,1.0,39.03357521153779
2017-08-24,35.6,24.4,0.5,37.21448419023117
2017-08-25,32.2,24.4,5.8,35.55203763279115
2017-08-26,24.4,22.2,129.0,30.28317007140459
2017-08-27,23.3,21.1,65.3,23.72
2017-08-28,30.0,21.1,1.5,30.159277208915682
2017-08-29,32.2,21.1,0.0,32.56900581695783
2017-08-30,33.9,21.1,0.0,34.104005616737815
2017-08-31,33.9,20.0,0.0,33.416860450984544
2017-09-01,34.4,20.0,0.0,34.31864240850442
2017-09-02,34.4,20.6,0.0,34.77222676805112
2017-09-03,33.3,21.1,0.0,34.016651047591154
2017-09-04,33.3,21.7,0.0,33.89808742945776
2017-09-05,35.6,22.2,0.0,35.513380247404434
2017-09-06,30.6,19.4,0.0,33.57033428108443
2017-09-07,29.4,13.9,0.0,27.848301325715614
2017-09-08,29.4,15.0,0.0,28.655171081404482
2017-09-09,30.6,17.2,0.0,28.905816744444436
2017-09-10,30.0,18.9,0.0,29.36368185555555
2017-09-11,30.6,16.1,0.0,29.076271755555542
2017-09-12,33.9,17.2,0.0,31.603556700157796
2017-09-13,33.9,17.2,0.0,33.267316841991125
2017-09-14,34.4,23.3,0.0,35.513380247404434
2017-09-15,33.3,22.8,0.0,34.97482682251561
2017-09-16,33.9,23.9,0.0,35.75535508329567
2017-09-17,33.9,22.2,0.0,33.89808742945776
2017-09-18,35.0,23.9,0.0,36.60358037643559
2017-09-19,35.0,25.0,0.0,37.84634757387565
2017-09-20,35.6,25.0,0.0,39.181918055555634
2017-09-21,35.6,23.9,0.5,38.49010247777784
2017-09-22,32.8,23.9,0.0,35.286900788051064
2017-09-23,32.2,22.8,0.0,34.48873600083557
2017-09-24,32.2,23.3,0.0,34.73444154748442
2017-09-25,32.8,23.3,0.0,33.16821562719118
2017-09-26,28.3,21.7,41.1,30.532753716924603
2017-09-27,29.4,21.7,2.3,31.648926787671186
2017-09-28,28.9,22.8,1.5,31.98403855947564
2017-09-29,24.4,21.1,6.1,25.97833333333333
2017-09-30,30.6,18.9,0.0,29.576440311111114
2017-10-01,31.1,16.7,0.0,30.824248934595516
2017-10-02,31.7,20.6,0.0,33.379843183571246
2017-10-03,30.6,23.3,16.3,31.870187069491244
2017-10-04,31.7,24.4,0.0,33.19595416537561
2017-10-05,31.7,21.1,0.0,31.96842908860448
2017-10-06,30.6,20.0,0.0,31.20833997777773
2017-10-07,31.1,20.0,0.0,31.539548077777795
2017-10-08,32.8,20.0,0.0,34.016651047591154
2017-10-09,33.3,22.8,0.0,36.60358037643559
2017-10-10,26.1,15.6,0.3,32.25272841111113
2017-10-11,26.7,13.9,0.0,25.85055555555556
2017-10-12,31.1,16.1,0.0,31.126955483004483
2017-10-13,32.2,20.6,0.0,34.48873600083557
2017-10-14,32.2,22.8,0.0,34.73444154748442
2017-10-15,26.1,17.2,0.0,31.229195675431228
2017-10-16,25.0,12.2,0.0,24.617222222222225
2017-10-17,26.1,10.0,0.0,24.669444444444444
2017-10-18,28.3,9.4,0.0,27.141760369117826
2017-10-19,28.9,13.9,0.0,28.164564010515555
2017-10-20,28.9,18.9,1.0,29.66075088801562
2017-10-21,31.7,22.2,0.0,32.39278539805116
2017-10-22,26.7,12.8,17.5,30.159277208915682
2017-10-23,27.8,10.0,0.0,26.546626832551105
2017-10-24,26.1,12.2,0.0,25.103611111111107
2017-10-25,27.2,10.6,0.0,26.297777777777785
2017-10-26,28.3,10.0,0.0,27.224983142015567
2017-10-27,18.9,7.8,0.0,24.695555555555554
2017-10-28,17.8,3.9,0.0,16.257499999999997
2017-10-29,24.4,3.9,0.0,23.33166666666666
2017-10-30,26.7,8.9,0.0,25.79833333333334
2017-10-31,16.7,10.6,9.7,22.503055555555562
2017-11-01,25.6,11.1,0.0,25.139444444444447
2017-11-02,29.4,18.9,0.0,31.015885100115636
2017-11-03,31.1,23.3,0.0,33.34978949943118
2017-11-04,28.3,21.7,0.0,30.284278656195674
2017-11-05,31.1,22.2,0.0,32.930913029315576
2017-11-06,31.1,22.2,0.0,31.887677555555513
2017-11-07,26.1,15.6,0.0,27.416236963591118
2017-11-08,15.6,7.8,2.0,16.32
2017-11-09,13.9,7.8,0.0,12.932777777777776
2017-11-10,17.2,11.1,0.0,16.91027777777777
2017-11-11,23.9,15.0,0.0,23.328333333333326
2017-11-12,25.6,18.3,1.0,25.113333333333337
2017-11-13,25.6,17.2,0.0,24.43111111111111
2017-11-14,26.7,16.7,0.0,27.195764459617777
2017-11-15,22.8,20.0,0.0,23.90611111111111
2017-11-16,28.3,17.8,0.0,28.76327423575113
2017-11-17,29.4,21.1,0.0,30.331079793937747
2017-11-18,28.9,12.2,0.0,28.312649868817804
2017-11-19,18.3,6.1,0.0,19.432499999999997
2017-11-20,20.6,4.4,0.0,19.99722222222222
2017-11-21,24.4,10.6,0.0,23.723333333333333
2017-11-22,18.9,6.1,0.0,20.245277777777773
2017-11-23,22.2,3.3,0.0,20.470000000000002
2017-11-24,25.0,5.6,0.0,24.59111111111112
2017-11-25,27.2,9.4,0.0,19.432499999999997
2017-11-26,25.6,12.2,0.0,25.45611111111111
2017-11-27,25.0,11.7,0.0,24.300555555555555
2017-11-28,26.7,11.7,0.0,25.981111111111122
2017-11-29,22.8,10.0,0.0,22.268055555555563
2017-11-30,25.0,7.8,0.0,24.248333333333335
2017-12-01,25.0,11.7,0.0,24.130833333333335
2017-12-02,26.7,10.6,0.0,25.50833333333333
2017-12-03,22.8,16.1,0.3,22.40833333333332
2017-12-04,29.4,19.4,0.0,29.41421488587567
2017-12-05,22.2,5.6,3.6,26.190000000000005
2017-12-06,6.1,4.4,23.9,12.332222222222219
2017-12-07,8.3,0.0,2.3,7.421666666666663
2017-12-08,9.4,-0.5,0.0,8.103888888888891
2017-12-09,19.4,1.1,0.0,18.159999999999993
2017-12-10,21.1,3.3,0.0,19.91888888888888
2017-12-11,24.4,6.7,0.0,23.410000000000004
2017-12-12,18.3,3.9,0.0,17.174722222222226
2017-12-13,16.7,2.2,0.0,16.006666666666668
2017-12-14,18.3,6.7,0.0,17.083333333333336
2017-12-15,16.1,5.6,0.0,14.83861111111111
2017-12-16,11.7,5.0,33.5,10.505277777777774
2017-12-17,15.0,7.2,0.0,14.126944444444444
2017-12-18,13.9,9.4,0.0,13.876111111111113
2017-12-19,21.7,13.3,41.7,21.357777777777788
2017-12-20,25.0,10.0,0.0,24.02638888888889
2017-12-21,26.1,8.9,0.0,25.691111111111113
2017-12-22,21.7,5.0,4.3,22.369166666666658
2017-12-23,13.3,2.8,0.0,12.029166666666669
2017-12-24,17.2,3.3,0.0,14.890833333333331
2017-12-25,12.8,1.1,0.0,11.529722222222224
2017-12-26,10.6,5.0,0.0,11.200555555555557
2017-12-27,5.0,3.3,0.0,6.801944444444447
2017-12-28,10.0,2.8,0.0,8.602777777777778
2017-12-29,9.4,4.4,0.0,8.903055555555556
2017-12-30,17.2,6.1,0.0,16.4375
2017-12-31,6.1,-2.7,0.0,10.688055555555552
2018-01-01,0.0,-3.8,0.0,-1.3586111111111105
2018-01-02,0.0,-3.2,0.0,-1.3324999999999991
2018-01-03,13.3,-5.5,0.0,12.30611111111111
2018-01-04,12.8,-1.0,0.0,11.203333333333335
2018-01-05,16.7,6.7,0.0,15.246111111111114
2018-01-06,17.2,4.4,0.0,16.87111111111111
2018-01-07,19.4,12.2,0.0,19.311666666666664
2018-01-08,20.6,6.7,0.0,19.41944444444444
2018-01-09,21.1,3.9,0.0,20.561388888888892
2018-01-10,21.7,8.9,0.0,20.84861111111111
2018-01-11,22.2,6.7,0.0,20.84861111111111
2018-01-12,14.4,1.1,0.0,12.844722222222225
2018-01-13,12.2,0.0,0.0,10.57388888888889
2018-01-14,16.1,-1.6,0.0,14.916944444444445
2018-01-15,21.7,3.3,2.5,20.796388888888895
2018-01-16,3.3,-3.2,3.6,17.973888888888887
2018-01-17,3.3,-7.7,0.0,1.3333333333333326
2018-01-18,7.2,-3.2,0.0,5.441388888888889
2018-01-19,12.2,4.4,0.3,11.239722222222225
2018-01-20,20.0,10.6,0.0,19.259444444444444
2018-01-21,22.2,15.0,0.3,22.29083333333332
2018-01-22,18.3,7.2,0.0,20.12444444444444
2018-01-23,18.9,3.9,0.0,17.425555555555555
2018-01-24,18.3,2.2,0.0,16.92666666666667
2018-01-25,18.9,0.0,0.0,18.146944444444447
2018-01-26,20.0,10.6,0.0,19.350833333333338
2018-01-27,21.1,15.0,0.5,19.87638888888889
2018-01-28,21.7,10.0,0.0,20.522222222222222
2018-01-29,20.0,4.4,0.0,19.24972222222222
2018-01-30,19.4,1.1,0.0,18.146944444444447
2018-01-31,22.2,7.8,0.0,21.703333333333326
2018-02-01,22.8,11.7,0.0,21.899166666666662
2018-02-02,15.0,7.2,0.0,17.67361111111111
2018-02-03,13.3,6.1,1.5,13.08944444444444
2018-02-04,24.4,5.6,0.0,23.61888888888889
2018-02-05,12.8,4.4,0.0,15.308611111111109
2018-02-06,12.2,3.9,1.8,12.303333333333335
2018-02-07,8.9,2.2,0.3,7.947222222222226
2018-02-08,15.0,1.1,0.0,14.286944444444442
2018-02-09,17.8,11.1,0.8,17.65777777777778
2018-02-10,16.7,4.4,1.0,16.776944444444442
2018-02-11,6.1,-0.5,2.5,7.209999999999997
2018-02-12,6.7,-0.5,0.0,5.242222222222226
2018-02-13,8.3,3.9,1.0,7.917777777777776
2018-02-14,22.2,7.8,1.0,21.765833333333333
2018-02-15,25.0,17.8,0.0,24.049722222222226
2018-02-16,21.7,13.9,0.0,23.45888888888889
2018-02-17,16.7,10.0,0.0,19.602222222222217
2018-02-18,23.9,10.6,0.0,22.29083333333332
2018-02-19,26.7,20.6,0.0,27.360965654024444
2018-02-20,22.8,20.6,5.1,24.02361111111111
2018-02-21,21.7,3.9,3.3,22.473611111111104
2018-02-22,6.7,2.8,15.2,6.276944444444447
2018-02-23,18.3,6.1,7.6,16.737777777777776
2018-02-24,23.3,16.7,0.3,23.485
2018-02-25,20.0,11.1,0.3,22.999166666666675
2018-02-26,21.1,8.3,0.0,20.34972222222222
2018-02-27,26.7,15.0,1.8,26.1638888888889
2018-02-28,28.3,20.6,0.0,28.030491895751087
2018-03-01,22.2,12.2,0.0,25.71722222222222
2018-03-02,23.9,11.1,0.0,23.080277777777777
2018-03-03,22.2,11.7,3.8,21.96444444444444
2018-03-04,27.2,17.2,1.0,26.190000000000005
2018-03-05,29.4,16.1,0.0,28.76327423575113
2018-03-06,23.3,10.6,0.0,22.29416666666667
2018-03-07,20.6,8.3,0.0,19.236666666666668
2018-03-08,21.7,9.4,0.0,20.456944444444446
2018-03-09,22.8,11.1,0.0,22.685833333333335
2018-03-10,32.2,18.3,0.0,31.232713954984572
2018-03-11,21.1,12.8,0.0,29.689165055555495
2018-03-12,20.0,7.8,0.0,18.737222222222226
2018-03-13,21.7,5.6,0.0,21.100000000000005
2018-03-14,22.2,5.0,0.0,21.06083333333334
2018-03-15,23.9,10.0,0.0,23.68416666666666
2018-03-16,31.7,17.2,0.0,29.06781617369778
2018-03-17,29.4,19.4,0.3,29.65017504153784
2018-03-18,28.9,20.0,0.5,29.15886103361784
2018-03-19,27.8,15.6,0.0,27.835943809757786
2018-03-20,23.9,9.4,0.0,24.460555555555555
2018-03-21,25.6,6.1,0.0,24.07861111111111
2018-03-22,27.2,11.1,0.0,26.57194444444444
2018-03-23,27.2,15.0,0.0,27.195764459617777
2018-03-24,28.9,20.0,0.0,29.898529149217854
2018-03-25,25.0,20.0,0.0,27.592192616015534
2018-03-26,31.1,20.6,0.0,30.406492212515545
2018-03-27,27.8,17.2,6.1,27.47501360605107
2018-03-28,22.2,14.4,83.3,21.765833333333333
2018-03-29,30.0,13.3,0.0,27.792663784871127
2018-03-30,23.3,12.8,0.0,26.36305555555556
2018-03-31,28.3,13.9,0.0,27.763646131857854
2018-04-01,27.8,17.8,0.0,27.884784716924493
2018-04-02,28.9,13.9,0.0,28.89326381961784
2018-04-03,27.8,16.7,0.0,28.751274357351114
2018-04-04,21.7,10.0,0.0,24.956666666666663
2018-04-05,25.6,13.9,0.0,24.43111111111111
2018-04-06,28.9,17.8,2.0,30.294298970771212
2018-04-07,17.8,4.4,0.0,28.499177144657796
2018-04-08,18.9,5.0,0.0,17.973888888888887
2018-04-09,18.3,11.7,0.0,18.065277777777776
2018-04-10,25.6,11.7,0.0,24.039444444444445
2018-04-11,27.8,8.3,0.0,27.145045127235615
2018-04-12,30.0,17.2,0.0,30.331079793937747
2018-04-13,31.1,15.6,1.8,32.53139821281776
2018-04-14,22.2,12.2,0.0,29.926185775235595
2018-04-15,25.6,8.3,0.0,24.460555555555555
2018-04-16,28.9,8.3,0.0,27.421114341624484
2018-04-17,30.6,14.4,0.0,30.03229921107551
2018-04-18,28.3,18.9,0.0,27.08954415243555
2018-04-19,25.6,15.0,0.0,25.195
2018-04-20,22.2,13.9,0.0,21.67722222222221
2018-04-21,22.8,14.4,0.8,23.025277777777784
2018-04-22,26.1,11.1,0.0,25.82444444444445
2018-04-23,30.6,11.1,0.0,28.393210477777806
2018-04-24,30.6,15.0,0.0,29.505452476764454
2018-04-25,31.7,12.8,7.1,29.310493803884487
2018-04-26,25.6,10.0,0.0,25.3125
2018-04-27,26.7,12.8,0.0,25.85055555555556
2018-04-28,30.0,13.3,0.0,27.790741763971212
2018-04-29,28.9,15.0,0.0,27.145045127235615
2018-04-30,26.7,17.8,0.3,26.21611111111112
2018-05-01,27.2,21.1,0.0,28.430175718017736
2018-05-02,32.2,22.8,0.0,33.19595416537561
2018-05-03,31.1,23.9,0.0,33.03359425555552
2018-05-04,23.9,16.7,93.2,30.28317007140459
2018-05-05,30.0,17.2,0.3,28.905816744444436
2018-05-06,32.2,15.6,0.0,30.92745487159113
2018-05-07,32.8,14.4,0.0,31.894722860195557
2018-05-08,31.1,17.8,0.0,30.37309437673785
2018-05-09,31.1,18.9,0.0,30.759003960051196
2018-05-10,32.2,18.9,0.0,32.04274908243562
2018-05-11,32.2,21.1,0.0,32.56727818179556
2018-05-12,32.8,22.8,0.0,32.78368005370444
2018-05-13,32.8,23.3,0.0,34.59215684108437
2018-05-14,32.8,23.3,0.0,34.48873600083557
2018-05-15,32.2,22.2,0.5,33.820934725784504
2018-05-16,36.1,18.9,0.0,35.108367144444465
2018-05-17,35.6,21.1,0.0,36.29269838081786
2018-05-18,35.0,21.7,0.0,35.10459696540446
2018-05-19,34.4,22.2,0.0,35.25822549561561
2018-05-20,27.8,20.6,22.1,32.755005308284495
2018-05-21,31.1,20.6,0.0,30.915363245315625
2018-05-22,31.1,22.2,0.0,32.53139821281776
2018-05-23,32.2,22.8,0.0,33.57033428108443
2018-05-24,33.9,22.8,0.0,34.97482682251561
2018-05-25,35.0,23.3,0.0,36.127153572515546
2018-05-26,37.2,23.3,0.0,39.386496818595646
2018-05-27,36.1,23.3,0.0,37.71805098215121
2018-05-28,35.6,22.8,0.0,36.98420724259553
2018-05-29,36.1,23.3,0.0,37.71805098215121
2018-05-30,36.7,23.9,0.0,38.03229269063124
2018-05-31,36.7,24.4,0.0,39.829193699571064
2018-06-01,37.2,25.0,0.0,39.829193699571064
2018-06-02,38.3,25.0,0.0,40.50584813923555
2018-06-03,37.8,23.3,0.8,40.19811777359115
2018-06-04,31.7,21.7,32.3,38.17443465370449
2018-06-05,37.2,23.9,0.0,38.99620826783118
2018-06-06,37.2,25.0,0.0,39.70381845540449
2018-06-07,36.7,24.4,0.0,38.011235686504506
2018-06-08,35.0,23.9,0.0,36.127153572515546
2018-06-09,35.6,25.0,0.5,35.85863781863108
2018-06-10,37.2,25.0,0.0,38.70551121452447
2018-06-11,36.7,25.6,0.0,38.78692140841783
2018-06-12,37.8,25.6,0.0,38.78692140841783
2018-06-13,37.2,25.6,0.0,37.841399013624454
2018-06-14,37.2,24.4,0.0,37.841399013624454
2018-06-15,36.7,23.9,2.3,36.98420724259553
2018-06-16,34.4,24.4,3.8,37.99095214327119
2018-06-17,34.4,23.9,1.3,37.598498363004396
2018-06-18,33.9,24.4,1.0,36.45781422883556
2018-06-19,26.7,23.3,9.7,33.78802762316448
2018-06-20,28.9,23.9,1.8,31.55937428402463
2018-06-21,34.4,23.3,0.0,38.9300934206755
2018-06-22,38.3,24.4,0.0,43.42157529228447
2018-06-23,37.8,24.4,0.0,40.19811777359115
2018-06-24,37.8,25.6,0.0,41.28011848668453
2018-06-25,35.0,25.0,0.8,37.83491347777776
2018-06-26,37.8,25.6,0.0,39.03357521153779
2018-06-27,38.3,24.4,0.0,39.43263444819561
2018-06-28,37.8,24.4,0.0,40.13635133153782
2018-06-29,37.8,25.6,0.0,39.12359551698453
2018-06-30,38.3,25.6,0.0,39.43263444819561
2018-07-01,40.0,25.0,0.0,39.43240366348451
2018-07-02,38.9,24.4,0.0,39.09841437255115
2018-07-03,39.4,24.4,0.0,40.08503163468442
2018-07-04,36.1,22.2,43.2,37.233352309724495
2018-07-05,34.4,22.2,0.0,34.97482682251561
2018-07-06,35.6,24.4,0.8,38.03229269063124
2018-07-07,34.4,23.9,2.5,36.03057495519112
2018-07-08,33.9,22.8,10.7,35.75535508329567
2018-07-09,28.3,22.8,45.0,30.734408019395566
2018-07-10,33.9,22.8,0.0,37.20667336761786
2018-07-11,35.6,23.3,0.0,36.98420724259553
2018-07-12,35.6,23.9,0.0,37.11873875340457
2018-07-13,35.6,24.4,0.0,36.3571822555555
2018-07-14,36.1,25.0,0.0,38.03229269063124
2018-07-15,36.1,25.6,0.0,39.03336019249782
2018-07-16,37.2,24.4,0.0,38.78692140841783
2018-07-17,38.3,23.3,0.0,38.08301543655112
2018-07-18,38.9,25.0,0.0,39.97253118885107
2018-07-19,39.4,25.0,0.0,40.08503163468442
2018-07-20,39.4,25.0,0.0,40.44721410993783
2018-07-21,40.0,23.9,0.0,40.81187522956455
2018-07-22,41.1,24.4,0.0,41.313814567484464
2018-07-23,43.3,25.6,0.0,43.1374326816356
2018-07-24,38.3,28.9,0.0,41.729306356175584
2018-07-25,38.3,25.0,0.0,37.87912317681782
2018-07-26,38.3,24.4,0.0,38.07419268615775
2018-07-27,39.4,24.4,0.0,37.85289387477112
2018-07-28,38.9,23.3,0.0,38.388657956195566
2018-07-29,39.4,25.0,0.0,39.97253118885107
2018-07-30,37.8,25.6,0.0,38.77595320759115
2018-07-31,36.7,26.7,0.0,38.03229269063124
2018-08-01,37.8,22.2,0.0,35.46085647363555
2018-08-02,37.8,21.1,0.0,36.041461872035576
2018-08-03,37.2,23.3,0.0,36.041461872035576
2018-08-04,38.3,23.3,0.0,37.11873875340457
2018-08-05,36.7,25.0,0.3,37.405549098975634
2018-08-06,36.7,24.4,0.0,36.92080481111116
2018-08-07,37.8,25.0,0.0,39.03357521153779
2018-08-08,38.9,25.6,0.0,39.29090456601554
2018-08-09,38.3,24.4,0.0,38.77595320759115
2018-08-10,35.6,25.6,0.0,36.29269838081786
2018-08-11,35.6,23.9,5.8,38.03229269063124
2018-08-12,32.2,23.3,2.3,33.85445181291555
2018-08-13,37.2,25.0,0.0,37.78858365559109
2018-08-14,37.8,24.4,0.0,38.145823156737805
2018-08-15,38.9,25.0,0.0,39.29090456601554
2018-08-16,39.4,25.6,0.0,40.67742350623117
2018-08-17,40.6,24.4,0.0,39.690664211111134
2018-08-18,40.0,25.0,0.0,40.01842425555557
2018-08-19,39.4,25.0,0.0,39.294572043315554
2018-08-20,40.0,26.1,0.0,40.67742350623117
2018-08-21,40.0,25.6,0.0,40.81187522956455
2018-08-22,40.0,26.7,0.0,40.09574847571557
2018-08-23,40.0,25.0,0.0,40.359909044444436
2018-08-24,39.4,25.0,0.0,39.294572043315554
2018-08-25,38.9,25.6,0.0,39.6256119871911
2018-08-26,38.9,26.1,0.0,38.77595320759115
2018-08-27,38.9,26.1,0.0,39.6256119871911
2018-08-28,39.4,26.1,0.0,39.09841437255115
2018-08-29,38.9,26.1,0.0,39.29090456601554
2018-08-30,37.2,25.0,0.0,37.405549098975634
2018-08-31,37.8,23.3,0.0,38.465250953315596
2018-09-01,37.8,23.9,0.0,37.841399013624454
2018-09-02,37.2,25.0,0.0,38.011235686504506
2018-09-03,36.1,24.4,17.0,36.32746605479784
2018-09-04,33.9,23.3,10.2,35.889603247484416
2018-09-05,35.6,24.4,2.3,36.98420724259553
2018-09-06,36.1,23.9,0.5,37.83491347777776
2018-09-07,31.7,23.9,15.2,34.80727677236455
2018-09-08,31.7,23.3,0.0,35.286900788051064
2018-09-09,26.1,22.8,32.5,29.697203661351164
2018-09-10,25.0,21.7,2.3,25.283055555555556
2018-09-11,29.4,21.7,19.3,31.98403855947564
2018-09-12,31.1,23.3,0.3,33.78802762316448
2018-09-13,33.3,23.3,0.0,34.73444154748442
2018-09-14,29.4,22.8,3.0,30.967434366904588
2018-09-15,30.0,23.3,4.8,32.50994487721565
2018-09-16,32.8,23.3,2.3,34.73444154748442
2018-09-17,33.9,21.7,0.0,35.781684200924495
2018-09-18,35.0,22.8,0.0,36.32746605479784
2018-09-19,34.4,22.2,0.0,36.91070788641558
2018-09-20,32.2,23.3,8.4,33.6296077330646
2018-09-21,31.1,25.0,5.8,35.03801755555546
2018-09-22,26.1,20.0,41.9,33.621580418115514
2018-09-23,26.1,20.0,0.0,25.76944444444444
2018-09-24,30.6,21.7,0.0,31.539548077777795
2018-09-25,35.0,23.9,0.0,37.598498363004396
2018-09-26,31.1,20.0,0.5,34.722588831484536
2018-09-27,27.8,16.7,0.0,27.35456218899553
2018-09-28,28.3,17.2,1.5,30.026780984595675
2018-09-29,25.6,22.2,34.3,28.499177144657796
2018-09-30,30.6,21.7,0.0,32.15124504993779
2018-10-01,30.6,21.7,4.6,32.62913009207105
2018-10-02,31.1,22.8,0.0,34.24562740051562
2018-10-03,32.8,23.9,0.0,36.45781422883556
2018-10-04,32.8,23.3,4.8,33.379843183571246
2018-10-05,32.2,23.9,0.0,35.55203763279115
2018-10-06,31.7,24.4,0.8,34.722588831484536
2018-10-07,31.1,22.2,4.8,33.44940924444435
2018-10-08,28.9,22.2,24.4,30.532753716924603
2018-10-09,27.2,20.0,16.0,28.78770131289555
2018-10-10,26.7,17.2,0.0,27.195764459617777
2018-10-11,23.9,16.1,0.0,23.236944444444443
2018-10-12,30.0,17.2,0.0,30.6159912848178
2018-10-13,32.2,20.0,37.6,35.286900788051064
2018-10-14,32.2,19.4,3.6,36.67203977659556
2018-10-15,21.1,6.7,41.9,31.648926787671186
2018-10-16,10.0,7.8,18.8,9.689722222222224
2018-10-17,15.0,10.0,0.5,14.322777777777778
2018-10-18,15.6,11.7,4.1,15.530555555555553
2018-10-19,17.8,15.0,13.0,17.853611111111118
2018-10-20,19.4,16.7,0.0,18.85194444444444
2018-10-21,23.3,13.3,0.0,22.42472222222223
2018-10-22,18.3,12.8,0.5,18.434166666666666
2018-10-23,21.1,12.2,3.6,20.23222222222222
2018-10-24,17.2,13.9,13.0,17.947777777777773
2018-10-25,20.6,12.8,0.0,18.695277777777775
2018-10-26,26.7,11.1,0.0,26.558888888888895
2018-10-27,30.0,12.2,0.0,28.655171081404482
2018-10-28,29.4,15.0,0.0,28.78069813099559
2018-10-29,28.9,16.7,0.0,29.10017681673787
2018-10-30,28.9,19.4,0.0,29.543688464791305
2018-10-31,27.8,13.9,4.8,28.92591493923561
2018-11-01,21.1,9.4,0.0,20.075555555555553
2018-11-02,24.4,7.8,0.0,24.0525
2018-11-03,26.1,10.6,0.0,25.469166666666663
2018-11-04,23.3,13.3,10.9,22.73805555555556
2018-11-05,26.7,12.8,0.0,26.2813888888889
2018-11-06,26.1,15.6,0.0,25.939166666666658
2018-11-07,30.0,17.2,0.0,31.557488575164523
2018-11-08,17.2,13.3,14.7,25.283055555555556
2018-11-09,15.0,10.0,8.9,15.530555555555553
2018-11-10,12.2,7.8,0.0,11.54277777777778
2018-11-11,12.8,8.3,5.6,12.40777777777778
2018-11-12,10.0,2.8,2.8,10.35888888888889
2018-11-13,8.9,1.1,0.0,7.251944444444444
2018-11-14,12.8,-1.6,0.0,11.820277777777777
2018-11-15,18.3,-0.5,0.0,17.109444444444446
2018-11-16,21.7,2.8,0.0,19.99722222222222
2018-11-17,23.3,6.7,0.0,23.119444444444444
2018-11-18,17.8,6.7,0.8,19.915555555555557
2018-11-19,11.7,6.1,0.0,11.043888888888892
2018-11-20,17.2,5.0,0.0,16.032777777777774
2018-11-21,13.3,4.4,0.0,12.606388888888887
2018-11-22,17.2,10.0,0.0,16.241666666666667
2018-11-23,26.1,10.0,0.0,25.273333333333326
2018-11-24,24.4,8.9,0.0,23.553611111111113
2018-11-25,20.6,9.4,0.0,19.01138888888889
2018-11-26,16.1,3.3,0.0,14.681944444444444
2018-11-27,17.8,0.6,0.0,17.031111111111116
2018-11-28,22.8,7.8,0.0,21.912222222222212
2018-11-29,24.4,12.2,0.0,24.43111111111111
2018-11-30,25.6,18.9,0.3,25.113333333333337
2018-12-01,25.6,10.6,0.5,24.525833333333335
2018-12-02,21.1,9.4,0.0,20.049444444444443
2018-12-03,17.2,8.9,0.0,16.54472222222222
2018-12-04,14.4,3.9,0.0,13.656944444444441
2018-12-05,12.8,4.4,0.0,11.99
2018-12-06,13.3,10.6,9.4,13.20694444444444
2018-12-07,13.3,7.8,63.8,13.20694444444444
2018-12-08,8.3,5.0,1.0,9.111944444444443
2018-12-09,13.3,2.8,0.0,12.13361111111111
2018-12-10,15.6,1.7,0.0,14.130277777777778
2018-12-11,17.2,0.0,0.0,15.468055555555557
2018-12-12,18.9,10.0,0.0,18.721388888888885
2018-12-13,21.1,6.7,0.0,19.70666666666667
2018-12-14,11.7,6.1,0.0,11.017777777777777
2018-12-15,20.6,5.6,0.0,18.632777777777775
2018-12-16,17.8,3.9,0.0,17.174722222222226
2018-12-17,21.1,6.7,0.0,20.522222222222222
2018-12-18,17.8,3.3,0.5,16.91027777777777
2018-12-19,16.1,11.7,1.5,15.99027777777778
2018-12-20,18.3,10.0,0.0,17.031111111111116
2018-12-21,19.4,5.0,0.0,18.199166666666667
2018-12-22,27.2,7.2,0.0,26.33694444444444
2018-12-23,17.2,7.8,0.0,20.600555555555566
2018-12-24,16.1,2.2,0.0,15.243333333333332
2018-12-25,23.3,15.0,0.3,22.76416666666667
2018-12-26,21.1,11.7,46.5,21.109722222222224
2018-12-27,21.1,9.4,17.0,21.357777777777788
2018-12-28,12.8,4.4,0.0,16.13722222222222
2018-12-29,8.3,5.6,0.0,8.576666666666668
2018-12-30,5.6,3.3,6.6,6.31888888888889
2018-12-31,17.8,4.4,1.3,16.662222222222216
2019-01-01,7.8,3.9,0.0,11.318055555555556
2019-01-02,5.0,2.2,59.4,4.939166666666669
2019-01-03,11.1,1.1,6.1,10.361666666666665
2019-01-04,18.9,0.0,0.0,18.199166666666667
2019-01-05,23.9,2.8,0.0,22.806111111111104
2019-01-06,22.2,5.6,0.0,21.55694444444445
2019-01-07,25.0,15.0,0.0,24.37888888888889
2019-01-08,25.0,11.7,0.0,24.209166666666672
2019-01-09,16.7,7.8,0.0,18.972222222222225
2019-01-10,15.6,5.6,0.0,14.195555555555554
2019-01-11,16.1,8.9,8.1,14.796111111111108
2019-01-12,16.1,6.7,0.0,15.48111111111111
2019-01-13,12.2,2.8,0.0,12.081388888888888
2019-01-14,11.1,3.3,0.0,10.361666666666665
2019-01-15,10.6,7.2,0.0,10.123888888888889
2019-01-16,13.9,10.0,1.0,13.20694444444444
2019-01-17,25.0,11.7,0.0,24.130833333333335
2019-01-18,18.9,10.0,0.0,19.680555555555557
2019-01-19,16.7,3.9,0.0,18.339444444444442
2019-01-20,12.2,0.0,0.0,11.242500000000003
2019-01-21,19.4,2.2,0.0,18.486388888888886
2019-01-22,20.6,5.6,5.1,19.87638888888889
2019-01-23,13.3,1.1,0.3,18.15666666666667
2019-01-24,17.8,0.0,0.0,16.453333333333333
2019-01-25,16.1,4.4,0.0,14.352222222222224
2019-01-26,17.8,5.6,4.6,16.792777777777772
2019-01-27,19.4,6.1,1.0,17.72583333333333
2019-01-28,22.8,6.7,0.0,21.387222222222224
2019-01-29,10.0,2.2,0.0,19.61527777777778
2019-01-30,12.8,4.4,0.0,11.425277777777778
2019-01-31,14.4,7.8,0.5,13.706388888888894
2019-02-01,18.3,13.9,0.3,18.339444444444442
2019-02-02,17.8,15.0,0.0,18.261111111111113
2019-02-03,24.4,16.7,0.0,24.405
2019-02-04,25.0,18.9,0.0,23.984444444444442
2019-02-05,26.1,19.4,0.0,25.113333333333337
2019-02-06,24.4,20.0,0.0,24.114999999999995
2019-02-07,22.2,3.9,0.8,23.485
2019-02-08,3.9,0.6,0.8,8.498333333333331
2019-02-09,5.0,0.6,1.5,4.230833333333332
2019-02-10,8.3,2.8,2.0,7.917777777777776
2019-02-11,17.2,8.3,1.3,16.685555555555553
2019-02-12,18.3,4.4,0.0,17.55611111111111
2019-02-13,18.9,0.0,0.0,17.109444444444446
2019-02-14,23.9,11.1,0.0,22.633611111111115
2019-02-15,32.8,12.2,0.0,30.43976250705777
2019-02-16,16.7,5.6,0.0,27.12101463745771
2019-02-17,17.2,9.4,0.0,16.61
2019-02-18,15.0,6.7,0.0,14.24777777777778
2019-02-19,7.2,4.4,4.3,10.913333333333336
2019-02-20,18.3,5.0,0.0,17.161666666666672
2019-02-21,13.3,7.8,0.0,15.350555555555555
2019-02-22,15.0,10.0,0.5,14.796111111111108
2019-02-23,23.9,11.7,1.0,22.688611111111104
2019-02-24,18.3,7.2,0.0,19.840555555555554
2019-02-25,20.0,6.1,0.0,19.6675
2019-02-26,20.6,12.2,0.0,19.350833333333338
2019-02-27,26.1,10.6,0.0,24.956666666666663
2019-02-28,10.6,3.9,2.5,23.932222222222222
2019-03-01,12.2,5.6,0.0,11.318055555555556
2019-03-02,12.2,7.2,0.0,11.92138888888889
2019-03-03,7.2,0.6,0.0,9.689722222222224
2019-03-04,3.3,-1.6,0.0,4.743333333333331
2019-03-05,8.9,-3.2,0.0,7.108333333333334
2019-03-06,15.0,-1.6,0.0,14.195555555555554
2019-03-07,23.9,10.0,0.0,22.65972222222223
2019-03-08,28.9,17.8,0.0,29.10017681673787
2019-03-09,30.6,14.4,1.0,27.73911980787555
2019-03-10,25.6,12.8,0.0,26.2325
2019-03-11,18.3,13.9,0.0,25.139444444444447
2019-03-12,25.6,14.4,0.3,25.113333333333337
2019-03-13,28.3,12.8,8.6,27.557598236284473
2019-03-14,24.4,15.0,0.5,26.57194444444444
2019-03-15,15.6,10.0,0.0,19.958055555555553
2019-03-16,17.2,8.3,0.0,15.220000000000002
2019-03-17,20.0,6.1,0.0,19.314999999999998
2019-03-18,21.7,7.8,0.0,21.15222222222222
2019-03-19,22.2,8.3,0.0,21.204444444444448
2019-03-20,25.6,12.2,0.0,24.104722222222218
2019-03-21,26.7,10.0,0.0,25.61555555555556
2019-03-22,27.2,10.0,0.0,26.519722222222224
2019-03-23,23.9,16.7,0.0,23.61888888888889
2019-03-24,28.3,18.9,0.0,27.987237679591207
2019-03-25,27.8,17.8,0.0,26.952184976551163
2019-03-26,26.1,13.3,0.0,25.325555555555557
2019-03-27,26.1,11.7,0.0,25.889722222222233
2019-03-28,26.7,13.3,0.0,26.59805555555556
2019-03-29,26.7,16.7,0.0,26.059444444444452
2019-03-30,21.7,10.0,0.0,24.930555555555557
2019-03-31,15.0,6.1,0.0,14.130277777777778
2019-04-01,17.8,4.4,0.0,16.466388888888886
2019-04-02,23.3,4.4,0.0,22.268055555555563
2019-04-03,21.1,12.8,0.8,20.545555555555556
2019-04-04,33.3,18.3,1.0,31.160671886595537
2019-04-05,28.3,17.8,0.0,29.752761407351166
2019-04-06,22.8,18.9,86.4,25.665000000000003
2019-04-07,21.1,16.7,33.0,21.909444444444446
2019-04-08,31.7,15.6,0.0,29.941733340157846
2019-04-09,32.2,13.9,0.0,30.480205070851152
2019-04-10,33.9,16.7,0.0,32.82844865049561
2019-04-11,28.9,15.0,0.0,29.167844777777734
2019-04-12,26.1,12.2,0.3,25.495277777777776
2019-04-13,20.0,8.9,10.9,24.35277777777778
2019-04-14,23.9,7.8,0.0,23.44916666666666
2019-04-15,27.8,11.1,0.0,26.717046959235613
2019-04-16,28.9,17.8,0.0,27.676087608817763
2019-04-17,28.9,16.1,6.1,30.549454376151076
2019-04-18,24.4,13.9,8.4,25.873888888888885
2019-04-19,25.0,11.1,0.0,23.90888888888889
2019-04-20,28.9,8.3,0.0,27.368370834995595
2019-04-21,29.4,14.4,0.0,29.083513312415594
2019-04-22,26.7,19.4,0.0,26.137777777777778
2019-04-23,26.7,20.0,0.0,25.76944444444444
2019-04-24,21.1,14.4,37.6,24.049722222222226
2019-04-25,31.1,13.9,0.0,29.70166993027563
2019-04-26,28.3,17.2,0.0,27.848301325715614
2019-04-27,30.0,15.6,0.0,29.336038526595594
2019-04-28,30.0,18.9,0.0,29.682065621315626
2019-04-29,29.4,20.6,0.0,28.76327423575113
2019-04-30,28.3,23.3,0.5,29.697203661351164
2019-05-01,28.3,23.9,0.3,29.926185775235595
2019-05-02,26.1,17.2,3.8,28.292644831457842
2019-05-03,27.8,17.8,82.8,28.292644831457842
2019-05-04,28.3,16.1,0.0,28.146045184835597
2019-05-05,30.0,15.6,0.0,29.930825938151138
2019-05-06,24.4,19.4,0.0,28.39887615283563
2019-05-07,30.6,20.0,46.2,33.78802762316448
2019-05-08,25.6,18.9,36.6,24.613888888888894
2019-05-09,30.6,17.2,0.3,33.78802762316448
2019-05-10,20.0,12.8,0.0,23.563333333333325
2019-05-11,18.9,13.9,3.3,18.261111111111113
2019-05-12,26.7,15.6,0.0,26.007222222222232
2019-05-13,28.9,13.3,0.0,27.78952527557118
2019-05-14,27.8,17.2,0.0,27.47501360605107
2019-05-15,30.0,17.8,0.0,29.930825938151138
2019-05-16,30.6,19.4,0.0,30.454350755555513
2019-05-17,32.2,22.8,0.0,33.6296077330646
2019-05-18,29.4,24.4,1.5,33.621580418115514
2019-05-19,32.8,24.4,0.0,35.889603247484416
2019-05-20,32.2,25.0,0.0,34.80727677236455
2019-05-21,31.1,17.8,4.1,30.915363245315625
2019-05-22,32.8,23.3,0.0,35.781684200924495
2019-05-23,33.3,24.4,0.0,37.20667336761786
2019-05-24,32.2,23.9,0.0,34.24562740051562
2019-05-25,32.8,23.9,0.0,34.7744635280245
2019-05-26,32.8,23.3,0.0,33.16821562719118
2019-05-27,32.2,23.3,0.0,32.76279694388453
2019-05-28,31.7,23.3,0.0,32.6347006444444
2019-05-29,33.3,24.4,0.0,35.781684200924495
2019-05-30,30.0,22.2,12.2,33.03359425555552
2019-05-31,32.8,22.2,0.0,34.28580817393564
2019-06-01,33.3,23.9,0.0,36.45781422883556
2019-06-02,34.4,23.3,0.0,36.03057495519112
2019-06-03,33.9,23.3,0.0,35.75535508329567
2019-06-04,28.9,23.3,9.4,34.48873600083557
2019-06-05,32.8,23.3,3.6,36.343957807751195
2019-06-06,32.2,19.4,14.7,35.286900788051064
2019-06-07,35.0,21.7,0.0,35.85863781863108
2019-06-08,36.7,21.1,0.0,37.11873875340457
2019-06-09,36.7,21.7,26.4,42.5015134520513
2019-06-10,31.1,23.3,0.0,37.05415802092446
2019-06-11,27.2,20.6,0.8,29.083513312415594
2019-06-12,32.2,18.9,0.0,32.56727818179556
2019-06-13,32.8,21.7,0.0,32.19925999255788
2019-06-14,33.3,21.1,0.0,35.09003579559113
2019-06-15,35.0,24.4,0.0,37.598498363004396
2019-06-16,35.0,20.6,5.8,39.181918055555634
2019-06-17,32.2,20.6,4.8,35.781684200924495
2019-06-18,35.0,22.2,0.0,38.58431805415117
2019-06-19,36.1,25.6,0.0,41.298035890151304
2019-06-20,36.1,25.0,0.0,43.190394611111145
2019-06-21,35.0,26.7,0.0,41.59088422567101
2019-06-22,33.9,23.9,0.0,39.011986261617736
2019-06-23,35.6,26.7,0.0,41.07169827777786
2019-06-24,28.3,19.4,9.7,38.846038964051104
2019-06-25,34.4,20.0,0.0,36.03057495519112
2019-06-26,33.9,21.7,0.3,36.60358037643559
2019-06-27,35.0,22.2,15.0,36.98420724259553
2019-06-28,34.4,22.8,0.0,36.91070788641558
2019-06-29,35.6,20.0,10.7,36.32746605479784
2019-06-30,30.0,20.0,11.9,35.09003579559113
2019-07-01,33.3,23.3,0.0,36.03057495519112
2019-07-02,33.9,23.9,0.0,36.91070788641558
2019-07-03,33.3,23.9,0.3,36.343957807751195
2019-07-04,33.9,24.4,0.0,36.343957807751195
2019-07-05,35.6,25.6,0.0,40.12194125900458
2019-07-06,35.0,25.0,0.0,37.91852052531555
2019-07-07,36.1,25.0,0.0,38.49010247777784
2019-07-08,36.1,22.2,9.7,40.50424907331573
2019-07-09,36.1,23.9,0.0,40.288316255555614
2019-07-10,36.7,25.0,0.0,40.12194125900458
2019-07-11,36.7,23.9,0.0,39.03336019249782
2019-07-12,37.2,24.4,0.0,38.15792965555557
2019-07-13,36.1,23.9,0.0,40.072912089197835
2019-07-14,37.8,26.1,0.0,40.57779183609559
2019-07-15,36.7,25.0,0.0,41.298035890151304
2019-07-16,37.8,25.6,0.0,40.19811777359115
2019-07-17,37.8,25.6,0.0,41.28011848668453
2019-07-18,37.8,25.6,0.0,40.457938586435525
2019-07-19,37.8,25.0,0.0,39.829193699571064
2019-07-20,37.8,25.6,0.0,39.37284994723556
2019-07-21,37.8,24.4,0.0,39.37284994723556
2019-07-22,37.2,25.0,0.0,38.70551121452447
2019-07-23,35.0,26.7,0.0,35.790623446115625
2019-07-24,33.3,23.3,0.0,31.265430708817778
2019-07-25,33.9,17.2,0.0,31.160671886595537
2019-07-26,33.9,18.9,0.0,31.830555067117814
2019-07-27,36.1,21.7,0.0,36.29269838081786
2019-07-28,38.3,25.0,0.0,39.29090456601554
2019-07-29,38.3,25.0,0.0,38.70551121452447
2019-07-30,39.4,25.6,0.0,40.67742350623117
2019-07-31,39.4,24.4,0.0,39.621159165037845
2019-08-01,37.8,25.0,0.0,37.841399013624454
2019-08-02,37.8,25.0,0.0,39.43263444819561
2019-08-03,36.7,26.7,0.0,37.21635105555562
2019-08-04,35.0,23.9,5.1,36.98420724259553
2019-08-05,37.8,25.0,0.0,40.08503163468442
2019-08-06,38.9,25.6,0.0,39.43263444819561
2019-08-07,38.9,26.1,0.0,40.33166217099559
2019-08-08,40.0,26.1,0.0,41.848442311464524
2019-08-09,40.6,26.7,0.0,41.86309564444445
2019-08-10,40.0,26.1,0.0,41.98503150087119
2019-08-11,40.0,25.6,0.0,41.86309564444445
2019-08-12,40.6,26.1,0.0,41.98503150087119
2019-08-13,40.6,26.1,0.0,40.81187522956455
2019-08-14,40.0,26.1,0.0,40.67742350623117
2019-08-15,39.4,25.6,0.0,40.08503163468442
2019-08-16,40.0,26.1,0.0,40.67742350623117
2019-08-17,40.0,26.7,0.0,40.31258489649559
2019-08-18,39.4,26.7,0.0,40.81187522956455
2019-08-19,39.4,26.7,0.0,40.31258489649559
2019-08-20,39.4,26.1,0.0,39.96049678276451
2019-08-21,38.3,25.6,0.0,37.78858365559109
2019-08-22,38.9,25.6,0.0,38.70551121452447
2019-08-23,37.8,26.1,0.0,39.03357521153779
2019-08-24,37.2,23.9,33.0,37.71805098215121
2019-08-25,38.3,24.4,0.0,41.28011848668453
2019-08-26,38.9,26.1,0.0,43.134215580737774
2019-08-27,34.4,26.7,0.0,39.829193699571064
2019-08-28,38.9,24.4,0.3,38.99620826783118
2019-08-29,38.9,25.0,0.0,39.29090456601554
2019-08-30,37.8,26.1,0.0,39.37284994723556
2019-08-31,37.8,24.4,0.0,37.547724858995565
2019-09-01,37.2,24.4,0.0,36.84063195146445
2019-09-02,38.9,24.4,0.0,37.87912317681782
2019-09-03,38.3,23.3,0.0,37.233352309724495
2019-09-04,38.9,23.9,0.0,37.78858365559109
2019-09-05,38.9,23.3,0.0,38.11572851647114
2019-09-06,39.4,25.0,0.0,37.85289387477112
2019-09-07,39.4,25.0,0.0,37.05286929405112
2019-09-08,38.9,25.0,0.0,39.29090456601554
2019-09-09,38.3,25.6,0.0,38.657691714051126
2019-09-10,38.3,23.3,4.8,38.011235686504506
2019-09-11,37.8,23.3,0.0,37.83491347777776
2019-09-12,37.8,23.3,0.0,37.11873875340457
2019-09-13,36.7,23.9,0.0,36.316484243971146
2019-09-14,37.8,23.9,0.0,36.484585831057785
2019-09-15,36.7,22.8,0.0,35.833105976495595
2019-09-16,38.3,24.4,0.0,36.99262651519117
2019-09-17,33.3,24.4,0.0,34.73444154748442
2019-09-18,38.3,23.3,0.0,39.29090456601554
2019-09-19,38.3,25.0,8.6,39.829193699571064
2019-09-20,37.8,25.6,0.0,38.78692140841783
2019-09-21,37.2,26.1,0.0,37.405549098975634
2019-09-22,37.8,25.0,0.0,38.70551121452447
2019-09-23,37.8,25.6,0.0,37.70329621273782
2019-09-24,36.7,25.6,0.0,38.356258128515606
2019-09-25,37.8,23.9,0.0,37.26480069285115
2019-09-26,36.7,23.9,0.0,37.21635105555562
2019-09-27,37.2,23.9,0.0,38.011235686504506
2019-09-28,35.6,26.1,0.0,37.84634757387565
2019-09-29,36.7,25.0,2.3,38.03229269063124
2019-09-30,37.2,26.7,0.5,40.45219808299563
2019-10-01,37.2,25.6,0.0,37.547724858995565
2019-10-02,36.7,25.0,0.0,37.405549098975634
2019-10-03,36.1,23.9,0.0,35.32744342903122
2019-10-04,35.6,23.9,0.0,34.644825070275566
2019-10-05,36.1,22.2,0.0,34.87041881713777
2019-10-06,37.2,22.2,0.0,36.011429689395634
2019-10-07,29.4,20.0,0.0,32.041680898524405
2019-10-08,30.6,17.2,0.0,28.270783811111137
2019-10-09,35.6,20.6,0.0,36.29269838081786
2019-10-10,37.2,25.6,0.0,38.70551121452447
2019-10-11,27.8,8.3,12.2,34.492084111084516
2019-10-12,18.3,12.2,0.3,17.057222222222222
2019-10-13,27.8,13.3,0.3,26.672469195537772
2019-10-14,31.7,21.7,0.0,33.820934725784504
2019-10-15,35.6,23.3,27.7,36.92080481111116
2019-10-16,24.4,13.3,1.0,24.796666666666667
2019-10-17,25.0,12.2,0.0,23.96111111111111
2019-10-18,29.4,10.6,0.0,27.421114341624484
2019-10-19,35.6,18.9,0.0,33.47519998748452
2019-10-20,35.0,18.3,0.0,37.21635105555562
2019-10-21,27.8,17.2,6.4,33.19595416537561
2019-10-22,28.3,10.0,0.0,26.402567621954876
2019-10-23,30.6,12.2,0.0,29.505452476764454
2019-10-24,30.0,9.4,52.3,29.898529149217854
2019-10-25,15.0,6.7,2.8,25.283055555555556
2019-10-26,23.3,7.8,0.0,22.268055555555563
2019-10-27,28.3,7.2,0.0,26.522785579395578
2019-10-28,27.8,13.9,0.5,27.47501360605107
2019-10-29,13.9,9.4,2.0,25.691111111111113
2019-10-30,9.4,5.0,1.0,11.474722222222221
2019-10-31,13.9,1.1,0.0,12.923055555555559
2019-11-01,17.8,-0.5,0.0,16.361944444444443
2019-11-02,21.7,4.4,0.0,20.470000000000002
2019-11-03,23.3,5.0,0.0,22.241944444444453
2019-11-04,28.3,12.2,0.0,27.932119356095637
2019-11-05,28.3,17.2,0.0,28.312649868817804
2019-11-06,29.4,20.0,0.0,28.696246040435614
2019-11-07,20.0,6.7,2.8,26.137777777777778
2019-11-08,10.0,6.7,3.3,9.572222222222225
2019-11-09,21.1,6.1,0.0,20.23222222222222
2019-11-10,24.4,9.4,0.0,23.71027777777777
2019-11-11,23.9,0.6,3.0,22.894722222222228
2019-11-12,8.3,-0.5,0.0,6.5572222222222205
2019-11-13,5.6,-1.0,0.0,3.852222222222221
2019-11-14,7.2,2.8,2.5,6.71055555555556
2019-11-15,18.3,3.3,0.0,17.122500000000006
2019-11-16,18.9,1.7,0.0,17.686666666666667
2019-11-17,22.2,5.6,0.0,21.47861111111111
2019-11-18,23.9,8.9,0.0,22.871388888888887
2019-11-19,26.7,7.2,0.0,26.53277777777778
2019-11-20,28.9,17.8,0.0,28.164564010515555
2019-11-21,27.2,20.6,0.0,26.21611111111112
2019-11-22,23.3,8.3,0.0,25.035
2019-11-23,22.2,5.0,0.0,21.217499999999994
2019-11-24,23.9,5.0,0.0,23.48833333333333
2019-11-25,31.1,10.6,0.0,28.772346040871142
2019-11-26,23.3,18.9,0.0,23.61888888888889
2019-11-27,21.1,11.1,0.0,21.831111111111106
2019-11-28,12.8,9.4,0.8,13.014444444444445
2019-11-29,23.3,11.1,4.3,16.14694444444445
2019-11-30,30.6,16.1,0.0,30.743255411111097
2019-12-01,19.4,8.9,0.0,26.1638888888889
2019-12-02,19.4,6.1,0.0,18.146944444444447
2019-12-03,23.9,3.9,0.0,23.44916666666666
2019-12-04,23.9,11.1,0.0,23.410000000000004
2019-12-05,23.9,10.6,0.0,23.236944444444443
2019-12-06,23.9,12.2,0.0,22.871388888888887
2019-12-07,21.1,7.8,0.0,19.576111111111107
2019-12-08,23.9,9.4,0.0,23.119444444444444
2019-12-09,28.3,13.9,0.0,27.8139038595378
2019-12-10,13.9,3.3,9.4,24.891388888888894
2019-12-11,14.4,2.2,0.0,12.606388888888887
2019-12-12,17.2,1.7,0.0,16.215555555555554
2019-12-13,25.6,5.0,0.0,24.59111111111112
2019-12-14,25.0,6.1,0.0,24.695555555555554
2019-12-15,27.2,10.0,0.0,27.23515810385777
2019-12-16,21.1,5.0,0.0,23.879999999999995
2019-12-17,13.3,1.7,0.0,11.768055555555557
2019-12-18,16.1,1.1,0.0,14.577499999999995
2019-12-19,16.7,-1.0,0.0,15.180833333333336
2019-12-20,11.1,8.3,9.9,10.652222222222226
2019-12-21,16.7,5.0,0.0,15.533333333333339
2019-12-22,16.1,3.9,0.0,15.047499999999998
2019-12-23,21.1,2.2,0.0,20.587500000000002
2019-12-24,22.2,2.8,0.0,21.690277777777773
2019-12-25,20.6,8.9,0.0,20.454166666666666
2019-12-26,20.0,12.2,0.0,19.311666666666664
2019-12-27,20.0,12.2,0.0,19.915555555555557
2019-12-28,22.2,11.7,1.8,21.804999999999996
2019-12-29,18.9,7.8,0.0,18.21222222222222
2019-12-30,16.7,3.9,0.0,15.272222222222227
2019-12-31,16.7,2.8,0.0,15.823888888888888
2020-01-01,14.4,10.0,0.0,13.288611111111111
2020-01-02,15.6,9.4,0.0,15.386944444444445
2020-01-03,18.9,9.4,0.0,17.30527777777778
2020-01-04,22.8,6.7,0.0,21.611944444444436
2020-01-05,24.4,7.2,0.0,23.410000000000004
2020-01-06,24.4,5.6,0.0,23.553611111111113
2020-01-07,20.6,6.1,0.0,19.576111111111107
2020-01-08,21.7,2.8,0.0,20.626666666666676
2020-01-09,25.6,16.7,0.0,24.982777777777773
2020-01-10,25.0,13.9,18.8,25.087222222222227
2020-01-11,15.6,6.1,0.0,24.02361111111111
2020-01-12,17.2,2.2,0.0,16.189444444444444
2020-01-13,15.6,11.1,0.3,15.582777777777778
2020-01-14,25.0,15.6,0.0,25.178611111111113
2020-01-15,27.8,20.6,0.3,27.8139038595378
2020-01-16,22.8,13.9,8.1,25.113333333333337
2020-01-17,15.0,10.0,2.3,14.322777777777778
2020-01-18,21.1,9.4,0.0,20.652777777777786
2020-01-19,14.4,5.0,0.0,16.189444444444444
2020-01-20,16.7,1.7,0.0,10.69138888888889
2020-01-21,16.7,4.4,0.0,15.298333333333337
2020-01-22,15.0,8.3,22.6,14.361944444444443
2020-01-23,19.4,8.9,0.0,19.063611111111115
2020-01-24,20.6,5.6,0.0,19.30194444444444
2020-01-25,19.4,6.1,0.5,19.102777777777778
2020-01-26,26.1,12.2,0.0,25.26027777777778
2020-01-27,21.1,8.3,0.0,21.781666666666663
2020-01-28,22.8,10.6,7.4,22.333333333333343
2020-01-29,17.2,6.7,0.0,16.61
2020-01-30,10.0,6.7,0.3,13.262500000000001
2020-01-31,17.2,6.7,0.0,16.01972222222222
2020-02-01,23.3,5.6,0.0,22.17666666666667
2020-02-02,27.2,6.7,0.0,26.25861111111111
2020-02-03,22.8,13.3,0.0,22.134166666666665
2020-02-04,26.1,8.3,0.0,26.08555555555556
2020-02-05,8.3,0.6,0.5,14.587222222222225
2020-02-06,12.8,-0.5,0.0,11.138055555555558
2020-02-07,24.4,2.2,0.0,23.34472222222222
2020-02-08,21.1,6.7,0.0,20.34972222222222
2020-02-09,22.2,17.2,2.0,22.43444444444443
2020-02-10,21.7,8.3,2.3,22.40833333333332
2020-02-11,8.3,6.1,6.4,10.163055555555552
2020-02-12,13.9,6.7,34.3,12.80222222222222
2020-02-13,12.8,3.9,0.0,12.82833333333333
2020-02-14,15.6,0.6,0.0,14.313055555555556
2020-02-15,18.3,4.4,0.0,17.501111111111115
2020-02-16,25.6,9.4,0.0,24.891388888888894
2020-02-17,26.7,15.0,0.0,27.47501360605107
2020-02-18,22.2,10.0,0.8,25.113333333333337
2020-02-19,10.6,8.3,1.5,11.699444444444444
2020-02-20,11.1,6.7,10.2,10.479166666666664
2020-02-21,13.3,2.2,0.0,11.963888888888887
2020-02-22,18.3,6.7,0.0,17.200833333333335
2020-02-23,20.6,12.2,0.0,20.480277777777772
2020-02-24,21.1,8.9,0.3,20.54833333333334
2020-02-25,20.0,8.3,0.0,18.86777777777778
2020-02-26,13.3,3.9,0.0,15.468055555555557
2020-02-27,18.3,0.0,0.0,16.913611111111113
2020-02-28,23.9,3.9,0.0,22.675555555555558
2020-02-29,24.4,8.3,0.0,23.54055555555555
2020-03-01,25.0,14.4,0.0,24.982777777777773
2020-03-02,26.1,18.3,0.0,25.612777777777776
2020-03-03,23.9,17.8,0.0,24.43111111111111
2020-03-04,20.6,12.2,36.3,23.393611111111106
2020-03-05,24.4,8.9,0.0,23.96111111111111
2020-03-06,21.7,10.0,0.0,21.638055555555553
2020-03-07,17.8,7.2,0.0,17.543055555555554
2020-03-08,24.4,10.0,0.0,23.119444444444444
2020-03-09,19.4,17.8,4.1,21.504722222222224
2020-03-10,27.2,15.0,0.0,27.360965654024444
2020-03-11,29.4,17.2,0.0,29.41421488587567
2020-03-12,30.6,20.0,0.0,30.316243944444384
2020-03-13,28.9,20.6,0.0,28.696246040435614
2020-03-14,28.9,20.6,0.0,29.898529149217854
2020-03-15,20.6,14.4,1.0,27.8139038595378
2020-03-16,23.9,14.4,0.0,23.354444444444443
2020-03-17,27.2,20.0,0.3,28.030491895751087
2020-03-18,28.3,21.1,0.0,29.31698503179564
2020-03-19,29.4,21.1,1.3,30.026780984595675
2020-03-20,22.2,11.1,22.6,26.2813888888889
2020-03-21,12.8,8.9,23.1,11.843055555555557
2020-03-22,19.4,12.2,0.0,19.455277777777773
2020-03-23,28.9,17.8,0.3,29.66075088801562
2020-03-24,33.3,15.6,0.0,30.742375815751075
2020-03-25,32.8,13.3,0.0,32.755005308284495
2020-03-26,31.1,19.4,0.0,32.15124504993779
2020-03-27,31.7,21.1,0.0,33.16821562719118
2020-03-28,27.2,12.8,1.8,30.159277208915682
2020-03-29,27.2,10.6,0.0,25.68083333333334
2020-03-30,21.1,17.8,11.2,22.910555555555558
2020-03-31,23.9,13.3,0.0,23.054166666666667
2020-04-01,25.6,10.0,0.0,25.45611111111111
2020-04-02,21.1,16.7,6.6,23.68416666666666
2020-04-03,23.3,7.8,21.3,23.563333333333325
2020-04-04,11.7,7.2,16.8,10.319722222222222
2020-04-05,19.4,10.6,0.0,19.311666666666664
2020-04-06,26.7,16.1,0.0,25.74333333333333
2020-04-07,31.7,21.1,0.0,35.286900788051064
2020-04-08,35.0,22.8,0.0,36.931999601315574
2020-04-09,33.9,18.9,4.8,38.85491958937559
2020-04-10,23.9,17.2,0.0,23.801666666666662
2020-04-11,24.4,16.1,0.5,24.219444444444445
2020-04-12,30.6,16.1,0.8,28.650974284497806
2020-04-13,18.3,7.2,0.0,26.56073681420451
2020-04-14,18.9,7.8,0.0,17.79111111111111
2020-04-15,21.1,6.1,0.0,20.06249999999999
2020-04-16,26.1,8.9,0.0,25.39083333333333
2020-04-17,23.3,13.3,0.8,23.61888888888889
2020-04-18,17.2,12.8,0.0,16.9625
2020-04-19,34.4,15.6,0.5,32.21115006887111
2020-04-20,30.6,16.1,0.0,30.052721355555555
2020-04-21,30.6,19.4,0.0,31.285569377315557
2020-04-22,27.2,21.7,3.0,29.24256325473562
2020-04-23,32.2,15.0,0.0,30.28977988803559
2020-04-24,36.7,16.1,0.0,35.18448127531562
2020-04-25,27.2,15.6,0.0,33.30603208156442
2020-04-26,30.6,12.2,0.0,28.495979977777786
2020-04-27,32.2,16.1,0.0,31.53111406157112
2020-04-28,33.9,23.3,0.0,35.75535508329567
2020-04-29,29.4,15.0,18.0,33.379843183571246
2020-04-30,31.7,12.8,0.0,29.208221804471123
2020-05-01,32.2,16.1,0.0,30.707259459624495
2020-05-02,33.9,20.6,0.0,36.03057495519112
2020-05-03,35.0,21.1,0.0,36.98420724259553
2020-05-04,36.1,22.2,0.0,37.405549098975634
2020-05-05,30.0,21.7,0.0,33.82438423757118
2020-05-06,30.6,18.9,0.0,28.18643024444445
2020-05-07,28.9,13.9,0.0,30.294298970771212
2020-05-08,30.0,17.8,0.0,30.6159912848178
2020-05-09,26.1,16.1,0.0,25.377777777777776
2020-05-10,27.8,12.8,0.0,24.130833333333335
2020-05-11,30.0,15.0,0.0,29.300882540051173
2020-05-12,23.3,18.9,60.2,21.948611111111106
2020-05-13,31.7,17.8,0.3,33.19595416537561
2020-05-14,33.9,22.2,0.0,35.22748101695786
2020-05-15,33.3,18.3,55.6,36.45781422883556
2020-05-16,28.9,17.2,16.0,34.28580817393564
2020-05-17,33.3,18.9,0.0,32.529684102995624
2020-05-18,35.0,17.8,0.0,35.10459696540446
2020-05-19,36.1,21.1,0.0,40.12194125900458
2020-05-20,35.0,23.9,0.0,38.58431805415117
2020-05-21,33.9,21.7,1.0,37.20667336761786
2020-05-22,35.0,22.8,1.3,38.58431805415117
2020-05-23,33.9,23.3,0.5,37.20667336761786
2020-05-24,35.0,19.4,24.6,36.343957807751195
2020-05-25,26.7,18.9,18.5,26.21611111111112
2020-05-26,30.0,18.3,5.1,29.56310813900446
2020-05-27,32.8,16.7,16.0,34.28580817393564
2020-05-28,32.2,17.2,0.0,34.48873600083557
2020-05-29,31.7,21.1,0.0,30.496386040504504
2020-05-30,31.7,17.2,0.0,30.255147576975546
2020-05-31,29.4,23.3,0.0,30.717955184364623
2020-06-01,28.9,22.2,0.0,30.28317007140459
2020-06-02,32.2,22.2,0.3,34.7744635280245
2020-06-03,33.9,22.8,0.0,35.75535508329567
2020-06-04,34.4,23.3,0.0,37.84634757387565
2020-06-05,34.4,24.4,0.0,36.91070788641558
2020-06-06,35.6,23.3,0.0,37.21635105555562
2020-06-07,35.6,24.4,0.0,37.71805098215121
2020-06-08,37.2,23.3,0.0,42.061673780284465
2020-06-09,37.8,25.0,0.0,44.002183921571266
2020-06-10,34.4,20.0,0.0,35.82361426145781
2020-06-11,35.6,17.8,0.0,33.04518861111118
2020-06-12,34.4,17.2,0.0,32.67864059476449
2020-06-13,34.4,19.4,0.0,33.14911354593783
2020-06-14,34.4,18.9,0.0,32.82844865049561
2020-06-15,35.6,22.2,0.0,35.85863781863108
2020-06-16,35.0,23.9,0.0,35.83018627777781
2020-06-17,35.6,21.7,0.0,34.427815724817805
2020-06-18,36.1,22.8,0.0,38.356258128515606
2020-06-19,36.1,25.0,0.0,37.83491347777776
2020-06-20,34.4,21.1,31.8,37.84634757387565
2020-06-21,35.6,25.0,0.0,39.181918055555634
2020-06-22,34.4,26.1,0.0,39.567818893064526
2020-06-23,33.9,21.7,14.7,36.931999601315574
2020-06-24,30.0,23.3,0.5,31.285569377315557
2020-06-25,34.4,21.7,0.0,35.75535508329567
2020-06-26,30.0,21.7,15.5,35.286900788051064
2020-06-27,33.9,25.0,0.0,36.03057495519112
2020-06-28,31.1,24.4,5.1,34.24562740051562
2020-06-29,32.2,25.6,0.0,36.100147751724435
2020-06-30,33.9,26.7,0.0,39.567818893064526
2020-07-01,35.0,26.7,0.0,39.567818893064526
2020-07-02,36.7,26.7,0.0,40.072912089197835
2020-07-03,37.2,24.4,0.0,38.78692140841783
2020-07-04,37.8,23.3,0.0,39.09841437255115
2020-07-05,37.8,23.9,0.0,40.50584813923555
2020-07-06,34.4,25.6,0.0,38.356258128515606
2020-07-07,37.8,27.2,0.0,40.288316255555614
2020-07-08,37.2,26.7,0.0,41.36938992655783
2020-07-09,38.3,26.7,0.0,41.68489202643561
2020-07-10,38.9,26.1,0.0,43.42157529228447
2020-07-11,40.0,25.6,0.0,41.58078392503118
2020-07-12,40.6,25.6,0.0,44.807307322115626
2020-07-13,42.2,26.1,0.0,42.54318052359783
2020-07-14,41.1,25.0,0.0,42.10169468371558
2020-07-15,39.4,25.6,0.0,40.33166217099559
2020-07-16,38.9,25.0,0.0,40.457938586435525
2020-07-17,38.9,25.6,0.0,40.13635133153782
2020-07-18,36.7,24.4,0.0,38.356258128515606
2020-07-19,37.2,24.4,0.0,37.841399013624454
2020-07-20,37.8,25.0,0.0,38.657691714051126
2020-07-21,36.1,25.6,0.0,36.91070788641558
2020-07-22,37.8,26.1,0.0,39.12359551698453
2020-07-23,38.3,26.1,0.0,40.50584813923555
2020-07-24,37.8,27.2,0.0,39.829193699571064
2020-07-25,34.4,23.9,3.6,37.83491347777776
2020-07-26,36.1,24.4,1.0,37.83491347777776
2020-07-27,36.7,25.0,0.0,38.78692140841783
2020-07-28,38.9,24.4,0.0,40.7030049336245
2020-07-29,38.9,23.9,0.0,40.08503163468442
2020-07-30,38.3,25.0,0.0,40.50584813923555
2020-07-31,38.9,23.3,11.9,43.134215580737774
2020-08-01,37.2,23.3,0.0,37.70329621273782
2020-08-02,38.3,23.3,0.0,38.08301543655112
2020-08-03,39.4,22.8,0.0,39.6256119871911
2020-08-04,38.9,23.9,0.0,39.97253118885107
2020-08-05,39.4,24.4,0.0,40.31258489649559
2020-08-06,39.4,25.0,0.0,39.96049678276451
2020-08-07,39.4,25.0,0.0,40.7030049336245
2020-08-08,40.0,25.0,0.0,40.31258489649559
2020-08-09,39.4,25.6,0.0,40.81187522956455
2020-08-10,39.4,26.1,0.0,40.67742350623117
2020-08-11,40.0,26.1,0.0,41.44535221371561
2020-08-12,41.1,26.1,0.0,42.27320415555557
2020-08-13,40.0,26.1,0.0,40.09574847571557
2020-08-14,41.7,25.6,0.0,41.87664238005113
2020-08-15,41.7,26.1,0.0,42.128902611884484
2020-08-16,41.1,26.1,0.0,41.86309564444445
2020-08-17,38.3,24.4,0.0,38.980735417597806
2020-08-18,40.0,23.9,0.0,38.980735417597806
2020-08-19,40.0,22.8,0.0,38.01232357777779
2020-08-20,38.3,21.7,0.0,36.19808164563557
2020-08-21,40.0,25.0,0.0,38.679649287884494
2020-08-22,33.9,20.0,31.8,36.041461872035576
2020-08-23,36.1,21.1,0.0,35.790623446115625
2020-08-24,37.8,23.9,0.0,37.505362613315555
2020-08-25,38.3,23.9,0.0,38.16630760972448
2020-08-26,36.1,26.1,0.0,39.9103602111111
2020-08-27,38.3,24.4,0.0,41.0865594767378
2020-08-28,41.1,27.2,0.0,44.11337113209558
2020-08-29,40.6,26.1,0.0,41.848442311464524
2020-08-30,39.4,26.1,0.0,41.44535221371561
2020-08-31,40.0,28.3,0.0,44.204201661137795
2020-09-01,37.8,28.3,0.0,43.84478079308442
2020-09-02,29.4,22.8,4.1,40.57779183609559
2020-09-03,34.4,22.2,36.3,37.67863462375107
2020-09-04,28.3,22.2,37.6,30.967434366904588
2020-09-05,33.3,23.3,0.0,36.343957807751195
2020-09-06,34.4,22.8,0.0,36.98420724259553
2020-09-07,36.1,22.8,0.0,38.03229269063124
2020-09-08,32.8,25.0,0.0,34.32017456463127
2020-09-09,27.2,15.6,58.2,29.385531600924462
2020-09-10,19.4,14.4,1.5,24.83583333333333
2020-09-11,30.6,17.2,0.0,31.887677555555513
2020-09-12,33.9,20.0,0.0,35.75535508329567
2020-09-13,34.4,23.9,0.0,36.32746605479784
2020-09-14,33.3,23.3,0.0,34.59215684108437
2020-09-15,33.9,23.3,0.0,35.75535508329567
2020-09-16,34.4,23.3,0.0,35.513380247404434
2020-09-17,32.2,23.3,0.0,32.56900581695783
2020-09-18,31.7,21.7,0.0,30.759003960051196
2020-09-19,29.4,20.6,0.0,29.083513312415594
2020-09-20,30.0,17.8,4.1,28.905816744444436
2020-09-21,22.8,20.0,4.6,27.195764459617777
2020-09-22,23.9,20.6,5.1,24.114999999999995
2020-09-23,25.0,21.1,0.0,25.139444444444447
2020-09-24,27.8,18.3,0.0,28.146045184835597
2020-09-25,31.7,16.1,0.0,31.96842908860448
2020-09-26,32.8,20.0,0.0,34.73444154748442
2020-09-27,33.9,24.4,0.0,38.16772704802459
2020-09-28,27.2,17.8,0.0,33.85445181291555
2020-09-29,29.4,13.3,0.0,27.299166898337837
2020-09-30,32.2,11.7,0.0,29.58403550105782
2020-10-01,32.8,13.3,0.0,30.742375815751075
2020-10-02,29.4,15.0,0.0,27.636654006764484
2020-10-03,30.6,15.0,0.0,29.167844777777734
2020-10-04,32.8,16.1,0.0,32.195672139537734
2020-10-05,30.6,17.8,0.0,29.807039277137847
2020-10-06,31.1,17.8,0.0,31.20833997777773
2020-10-07,33.3,17.2,0.0,32.22746681119117
2020-10-08,31.1,16.1,0.0,31.04908144444437
2020-10-09,32.2,22.2,0.0,33.19595416537561
2020-10-10,35.6,18.9,0.0,36.40425372780442
2020-10-11,37.2,20.0,0.0,36.99262651519117
2020-10-12,31.7,18.3,0.0,32.21115006887111
2020-10-13,32.8,13.9,0.0,30.43976250705777
2020-10-14,33.9,15.6,0.0,34.77222676805112
2020-10-15,32.8,19.4,0.0,32.78368005370444
2020-10-16,25.0,13.9,0.0,27.195764459617777
2020-10-17,27.2,16.1,0.3,25.76944444444444
2020-10-18,33.9,22.8,0.0,34.31864240850442
2020-10-19,33.9,22.8,0.0,35.25822549561561
2020-10-20,33.9,23.9,0.0,34.3537671678578
2020-10-21,32.8,23.3,0.0,33.07112638487102
2020-10-22,32.8,22.8,0.0,33.57033428108443
2020-10-23,29.4,12.8,0.0,30.6159912848178
2020-10-24,19.4,11.7,0.0,18.49944444444445
2020-10-25,30.0,12.8,0.0,30.331079793937747
2020-10-26,23.9,5.6,3.0,28.577176604924507
2020-10-27,6.1,4.4,1.0,7.340555555555552
2020-10-28,16.7,3.9,4.6,15.468055555555557
2020-10-29,17.8,4.4,0.0,17.279166666666672
2020-10-30,22.8,7.2,0.0,21.139166666666668
2020-10-31,26.1,5.0,0.0,25.74611111111112
2020-11-01,26.1,10.0,0.0,25.325555555555557
2020-11-02,25.6,8.3,0.0,23.88277777777778
2020-11-03,27.2,6.1,0.0,26.297777777777785
2020-11-04,27.8,8.9,0.0,26.717046959235613
2020-11-05,28.3,13.9,0.0,27.557598236284473
2020-11-06,27.8,17.2,0.0,26.65027777777778
2020-11-07,27.8,12.2,0.0,26.762939877617825
2020-11-08,28.9,15.0,0.0,28.164564010515555
2020-11-09,30.0,18.9,0.0,29.227926396497807
2020-11-10,27.2,17.8,0.0,26.137777777777778
2020-11-11,28.9,15.0,0.0,27.534022768335646
2020-11-12,29.4,17.2,0.0,28.601447857571216
2020-11-13,28.9,18.3,0.0,29.083513312415594
2020-11-14,30.6,21.7,0.0,30.052721355555555
2020-11-15,23.3,11.1,0.0,27.543531976835535
2020-11-16,24.4,6.1,0.0,22.675555555555558
2020-11-17,25.6,5.0,0.0,24.460555555555555
2020-11-18,27.2,6.1,0.0,26.519722222222224
2020-11-19,28.3,15.0,0.0,27.145045127235615
2020-11-20,28.9,17.2,0.0,27.12101463745771
2020-11-21,27.2,18.3,0.0,27.12101463745771
2020-11-22,28.3,13.9,0.0,28.164564010515555
2020-11-23,20.0,11.1,0.0,21.01833333333333
2020-11-24,28.9,15.0,1.0,28.89326381961784
2020-11-25,23.3,10.0,0.0,25.691111111111113
2020-11-26,25.6,7.2,0.0,25.612777777777776
2020-11-27,21.7,15.6,0.5,21.72666666666667
2020-11-28,16.1,10.6,16.5,17.001666666666665
2020-11-29,13.9,7.8,0.5,13.167777777777777
2020-11-30,14.4,0.6,0.0,12.85777777777778
2020-12-01,17.8,-1.0,0.0,17.005000000000006
2020-12-02,18.9,6.7,0.0,17.621388888888887
2020-12-03,15.0,4.4,0.0,13.630833333333333
2020-12-04,15.6,2.2,0.0,14.799444444444443
2020-12-05,12.2,2.2,0.3,10.991666666666667
2020-12-06,20.0,5.6,0.0,18.802500000000006
2020-12-07,22.2,5.0,0.0,21.08694444444445
2020-12-08,26.1,6.1,0.0,25.103611111111107
2020-12-09,27.8,7.8,0.0,26.24555555555556
2020-12-10,25.6,6.7,0.0,25.377777777777776
2020-12-11,21.7,13.9,1.5,21.72666666666667
2020-12-12,17.8,8.9,0.0,18.96944444444444
2020-12-13,20.6,5.6,0.0,19.64138888888889
2020-12-14,11.1,2.2,0.0,9.810555555555554
2020-12-15,15.0,4.4,0.0,13.931111111111111
2020-12-16,14.4,2.2,0.0,13.014444444444445
2020-12-17,18.9,-1.0,0.0,17.057222222222222
2020-12-18,17.8,3.3,0.0,17.540277777777778
2020-12-19,20.6,6.7,19.6,19.82416666666667
2020-12-20,20.6,5.6,0.0,19.41944444444444
2020-12-21,23.9,4.4,0.0,22.76694444444444
2020-12-22,23.9,6.1,0.0,23.028055555555557
2020-12-23,27.8,8.3,0.0,26.45444444444444
2020-12-24,13.9,1.1,0.0,18.199166666666667
2020-12-25,21.7,5.0,0.0,19.814444444444444
2020-12-26,21.7,1.7,0.0,20.483055555555566
2020-12-27,25.0,8.3,0.0,24.17
2020-12-28,23.9,13.3,0.0,23.82777777777777
2020-12-29,25.0,17.2,0.0,23.801666666666662
2020-12-30,23.9,6.7,36.8,22.894722222222228
2020-12-31,6.7,2.8,45.2,4.4397222222222235
