ID,UPA,EventDate,Employer,Address1,Address2,City,State,Zip,Latitude,Longitude,Primary NAICS,Hospitalized,Amputation,Loss of Eye,Inspection,Final Narrative,Nature,NatureTitle,Part of Body,Part of Body Title,Event,EventTitle,Source,SourceTitle,Secondary Source,Secondary Source Title,FederalState,EventDate_parsed,year,month,dow,lat,lon,naics3,geo_valid
2015010309,931164,1/9/2015,Capital Steel and Iron ,SW 15th and Agnew ,Site EE Superviosr Ulyssses Alonzo,OKLAHOMA CITY,OKLAHOMA,73108,35.44,-97.56,238120,1.00,0.00,0.00,1019419,"A propane-powered space heater was used inside the cab of an elevated crane during workplace operations. The space heater leaked, resulting in an explosion and fire. The employee who was trapped inside the cab sustained burns to the face and hands.",1520,"Heat (thermal) burns, unspecified",899,"Multiple body parts, n.e.c.",317,"Ignition of vapors, gases, or liquids",1643,Propane,3430,"Cranes, unspecified",1,2015-01-09,2015,1,4,35.44,-97.56,238,True
2015010648,933900,1/21/2015,"G.P.'s Enterprises, Inc.",HW 96 & S. R. 247,,BONAIRE,GEORGIA,31005,32.55,-83.61,237310,1.00,0.00,0.00,,"Employee was working on the carburetor of his company vehicle with gasoline on his hands when it ignited, causing 2nd and 3rd degree burns on his right hand and 2nd degree burns on his stomach and left hand. Employee was treated and hospitalized at Doctor's Hospital in Augusta, Georgia.",1523,Third or fourth degree heat (thermal) burns,899,"Multiple body parts, n.e.c.",317,"Ignition of vapors, gases, or liquids",1641,"Gasoline, diesel fuel, jet fuel",,,1,2015-01-21,2015,1,2,32.55,-83.61,237,True
2015010816,935455,1/26/2015,Dwayne Holcombe Inc*,US 69 Riverside,,KANSAS CITY,MISSOURI,64114,38.95,-94.59,237310,1.00,0.00,0.00,,"Employee sustained 2nd and 3rd degree burns on 8 to 11% of the employee's back. The wind blew a torch flame around the back side of steel that was being cut and under protective gear, catching the employee's street clothes on fire underneath.",1523,Third or fourth degree heat (thermal) burns,328,Multiple back regions,314,Ignition of clothing from controlled heat source,7261,"Welding, cutting, and blow torches",9272,"High winds, gusts, turbulence",1,2015-01-26,2015,1,0,38.95,-94.59,237,True
2015021092,942088,2/3/2015,CLEAN HARBORS,100 Big Hollow Road,Rush Island Power Plant,FESTUS,MISSOURI,63028,38.18,-90.40,238990,1.00,0.00,0.00,,An oxy-fuel cutter caught his lower right pant leg on fire on 1/31/15 resulting in third degree burns on his right leg from the ankle to the knee. The worker was hospitalized on 2/3/15 for treatment of the burn injuries.,1523,Third or fourth degree heat (thermal) burns,589,"Multiple lower extremities locations, n.e.c.",314,Ignition of clothing from controlled heat source,9112,"Blouses, shirts, dresses, trousers, skirts",7261,"Welding, cutting, and blow torches",1,2015-02-03,2015,2,1,38.18,-90.4,238,True
2015020649,965493,2/20/2015,Gabriel Steel Erectors Inc.,49 Clinton Ave.,,DOBBS FERRY,NEW YORK,10522,41.01,-73.87,238120,1.00,0.00,0.00,1043045,A propane heater burned the back of an employee's legs.,1520,"Heat (thermal) burns, unspecified",510,"Leg(s), unspecified",533,Contact with hot objects or substances,3324,"Furnaces, heaters",,,1,2015-02-20,2015,2,4,41.01,-73.87,238,True
2015020099,965040,2/26/2015,LUNDA CONSTRUCTION CO.,"620 GEBHARDT RD, PO BOX 669",,BLACK RIVER FALLS,WISCONSIN,54615,44.28,-90.83,237310,1.00,0.00,0.00,1042774,"While fighting a fire at the shop, employee received a burn to the left leg.",1520,"Heat (thermal) burns, unspecified",510,"Leg(s), unspecified",310,"Fire, unspecified",9241,"Fire, flame",,,1,2015-02-26,2015,2,3,44.28,-90.83,237,True
2015031305,970558,3/19/2015,"Divison 7, Inc.",380 Timberline Circle,,BLUE RIVER,COLORADO,80424,39.50,-106.04,238310,1.00,0.00,0.00,1049121,An employee was burned on the face and hands while refueling a gas-powered air compressor used to spray insulation foam.,1520,"Heat (thermal) burns, unspecified",899,"Multiple body parts, n.e.c.",317,"Ignition of vapors, gases, or liquids",1641,"Gasoline, diesel fuel, jet fuel",3991,Air compressors,1,2015-03-19,2015,3,3,39.5,-106.04,238,True
2015041925,975007,4/11/2015,Brazos Rock Energy,Ten miles west of Kemmit ,HWY 302,KERMIT,TEXAS,79745,31.85,-103.09,237120,1.00,0.00,0.00,,"On or about 11 April 2015, at approximately 0830 hours, a Brazos Rock Energy employee received burns on his wrist and face when flammable gasses that accumulated during a pipeline hot tap ignited. The employee was helping a welder weld the pipe sections together when two pin-sized holes on a section of pipe 10 feet from the operation leaked flammable gasses into the pipe and surrounding area. The gasses accumulated to a level sufficient enough to cause a flash fire, which burned the employee.",1520,"Heat (thermal) burns, unspecified",899,"Multiple body parts, n.e.c.",317,"Ignition of vapors, gases, or liquids",10,"Chemicals and chemical products, unspecified",7260,"Welding and heating handtools-powered, unspecified",1,2015-04-11,2015,4,5,31.85,-103.09,237,True
2015041970,975321,4/13/2015,"Macaljon/SCL, Inc.",1201 West Lathrop Avenue,,SAVANNAH,GEORGIA,31415,32.09,-81.12,236210,1.00,0.00,0.00,,An employee was burned by hot steam/water when he was removing a flange off an unused condensation line.,1520,"Heat (thermal) burns, unspecified",9999,Nonclassifiable,533,Contact with hot objects or substances,951,"Steam, vapors-nonchemical",,,1,2015-04-13,2015,4,0,32.09,-81.12,236,True
2015040436,976032,4/15/2015,WHITING-TURNER CONTRACTING COMPANY,1401 Brentwood Parkway NE,,WASHINGTON,DISTRICT OF COLUMBIA,20002,38.90,-76.99,236220,1.00,0.00,0.00,,An employee was filling a power washer with gasoline when combustion occurred. The employee was hospitalized for flash burns to his face.,1520,"Heat (thermal) burns, unspecified",130,"Face, unspecified",317,"Ignition of vapors, gases, or liquids",1641,"Gasoline, diesel fuel, jet fuel",7293,Power washers,1,2015-04-15,2015,4,2,38.9,-76.99,236,True
2015042163,980507,4/30/2015,"Tri Con Works, LLC",5757 Oats Rd. ,,HOUSTON,TEXAS,77078,29.82,-95.24,238910,1.00,0.00,0.00,1061819,A 3-foot perforated pipe was being taken out of a trench for assembly.  The pipe had residual methane gas that was ignited when the McElroy fusion equipment was turned on.  An employee was severely burned and required hospitalization.,1520,"Heat (thermal) burns, unspecified",9999,Nonclassifiable,317,"Ignition of vapors, gases, or liquids",1761,Methane gas,,,1,2015-04-30,2015,4,3,29.82,-95.24,238,True
2015052498,981522,5/1/2015,"KAESTLE ENTERPRISES, INC.",6601 LYONS RD STE C7,,COCONUTCREEK,FLORIDA,33093,26.31,-80.18,238220,1.00,0.00,0.00,1061405,"An employee was changing out compressors on the roof of a building. While un-sweating the oil equalizer line, the torch came in contact with the refrigerant oil and caused a flash burn that injured the employee.",1520,"Heat (thermal) burns, unspecified",9999,Nonclassifiable,317,"Ignition of vapors, gases, or liquids",1642,"Lubricating greases, cutting oils",,,1,2015-05-01,2015,5,4,26.31,-80.18,238,True
2015052609,981232,5/4/2015,Glenn Johnston Inc.,1055 Center Street,,MCKEESPORT,PENNSYLVANIA,15132,40.32,-79.81,237110,1.00,0.00,0.00,1061373,An employee was cleaning an Etnyre Maintenance Distributor when he was sprayed with hot tack coat. He suffered second degree burns on his torso and first degree burns on his arms.,1522,Second degree heat (thermal) burns,30,"Trunk, unspecified",533,Contact with hot objects or substances,1644,"Paving asphalt, asphaltic cement",3251,Asphalt and concrete spreaders,1,2015-05-04,2015,5,0,40.32,-79.81,237,True
2015052647,981310,5/5/2015,"Tappan Zee Constructors, LLC",41 Hudson View Way,,TARRYTOWN,NEW YORK,10591,41.08,-73.86,237310,1.00,0.00,0.00,,"An employee fueling a boat with gasoline heard a clicking noise near the battery compartment. While investigating, a flash vapor fire occurred, causing second degree burns to the employee's right and left forearms.",1522,Second degree heat (thermal) burns,423,Forearm(s),317,"Ignition of vapors, gases, or liquids",1641,"Gasoline, diesel fuel, jet fuel",,,1,2015-05-05,2015,5,1,41.08,-73.86,237,True
2015052672,981859,5/6/2015,Kramig Company,Kyger Creek Power Plant,,CHESHIRE,OHIO,45620,38.94,-82.13,238310,1.00,0.00,0.00,1061839,"An employee was injured during response to a boiler pipe breach/explosion, suffering burns to approximately 50 percent of the body.",1520,"Heat (thermal) burns, unspecified",899,"Multiple body parts, n.e.c.",323,"Explosion of pressure vessel, piping, or tire",2121,Boilers,,,1,2015-05-06,2015,5,2,38.94,-82.13,238,True
2015052929,984763,5/17/2015,Central States Roofing & Insulating Co.,1420 Austin Bluffs Pkwy,,COLORADO SPRINGS,COLORADO,80918,38.89,-104.80,238160,1.00,0.00,0.00,,"An employee was carrying a bucket of hot asphalt.  He lost his balance and sat the bucket down, which caused the asphalt to splash on him.  The employee was hospitalized with burns.",1520,"Heat (thermal) burns, unspecified",9999,Nonclassifiable,533,Contact with hot objects or substances,461,"Roofing asphalt, roofing tar",,,1,2015-05-17,2015,5,6,38.89,-104.8,238,True
2015051790,985919,5/20/2015,B&M Roofing of Colorado Inc.,3768 Eureka Way,,FREDERICK,COLORADO,80516,40.08,-104.98,238160,1.00,0.00,0.00,,"An employee burned his right foot while transferring hot roof tar from one container to another.  The receptacle into which he was pouring broke, causing some tar to spill onto his foot and burning him.",1520,"Heat (thermal) burns, unspecified",530,"Foot (feet), unspecified",533,Contact with hot objects or substances,461,"Roofing asphalt, roofing tar",2110,"Containers-nonpressurized, unspecified",1,2015-05-20,2015,5,2,40.08,-104.98,238,True
2015063612,991862,6/11/2015,Austin Materials ,RM 12,,SAN MARCOS,TEXAS,78667,29.86,-97.96,237310,1.00,0.00,0.00,,"A crew was preparing to pave a road. While warming up, the rear of the paving machine caught on fire and burned the employee sitting in the seat.",1520,"Heat (thermal) burns, unspecified",9999,Nonclassifiable,313,Vehicle or machinery fire,3252,"Asphalt and concrete paving machines, pavers",,,1,2015-06-11,2015,6,3,29.86,-97.96,237,True
2015063620,992051,6/12/2015,Consolidated Waterproofing Contracting Inc.,601 Massachusetts Avenue NW,,WASHINGTON,DISTRICT OF COLUMBIA,20002,38.90,-77.01,236210,1.00,0.00,0.00,1071368,"An employee was splashed by hot liquid rubber that he was carrying in a bucket, requiring hospitalization for third degree burns.",1523,Third or fourth degree heat (thermal) burns,9999,Nonclassifiable,533,Contact with hot objects or substances,466,"Sealants, waterproofers, n.e.c.",,,1,2015-06-12,2015,6,4,38.9,-77.01,236,True
2015063650,992582,6/13/2015,"MFM Contracting, Inc",Broadway and Wall Street,,NEW YORK,NEW YORK,10005,40.70,-74.00,236115,1.00,0.00,0.00,,An employee was burned on the leg while cutting rebar.,1520,"Heat (thermal) burns, unspecified",510,"Leg(s), unspecified",533,Contact with hot objects or substances,9999,Nonclassifiable,,,1,2015-06-13,2015,6,5,40.7,-74.0,236,True
2015063922,994529,6/20/2015,Tilton Builders Inc. ,347 Don Shula Dr.,,MIAMI GARDENS,FLORIDA,33056,25.94,-80.24,238120,1.00,0.00,0.00,,An employee suffered burns on his right leg while using a gas saw to cut steel. The employee was cutting steel when the sparks from the gas saw ignited his jeans. He was hospitalized.,1520,"Heat (thermal) burns, unspecified",510,"Leg(s), unspecified",314,Ignition of clothing from controlled heat source,9112,"Blouses, shirts, dresses, trousers, skirts",7224,"Saws-powered, except chainsaws",1,2015-06-20,2015,6,5,25.94,-80.24,238,True
2015064036,995702,6/24/2015,"Sunbelt Structures, Inc",Near 476 State Road 247,,BONAIRE,GEORGIA,31005,32.55,-83.61,237310,1.00,0.00,0.00,,"An employee working near an auger hole was injured when something in the hole sparked, causing minor burns to the employee's right and left forearms and cheeks. The employee was hospitalized.",1521,First degree heat (thermal) burns,899,"Multiple body parts, n.e.c.",319,"Nonstructural fire, n.e.c.",9999,Nonclassifiable,,,1,2015-06-24,2015,6,2,32.55,-83.61,237,True
2015074413,999128,7/7/2015,"Mark Gannon Plumbing, Heating & Cooling LLC",3106 Arthur St,,WALL TOWNSHIP,NEW JERSEY,07719,40.18,-74.07,238220,1.00,0.00,0.00,,An employee suffered burns while trying to repair a water heater. ,1520,"Heat (thermal) burns, unspecified",9999,Nonclassifiable,533,Contact with hot objects or substances,9521,Water,3324,"Furnaces, heaters",1,2015-07-07,2015,7,1,40.18,-74.07,238,True
2015074823,1002399,7/19/2015,"J & T Paving and Excavating, Inc.",137 Clements Drive,,NEW MARTINSVILLE,WEST VIRGINIA,26155,39.66,-80.85,237310,1.00,0.00,0.00,,"An employee was heating up sealer on a seal coating sprayer. The employee lifted up the lid of the sealer container and a flame shot out, burning the employee's left hand and forearm.",1520,"Heat (thermal) burns, unspecified",4819,"Hand(s) and arm(s), n.e.c.",533,Contact with hot objects or substances,9241,"Fire, flame",3259,"Road grading and surfacing machinery, n.e.c.",1,2015-07-19,2015,7,6,39.66,-80.85,237,True
2015075202,1006284,7/29/2015,"Thorstad Construction Co., Inc. ",3044 Railroad Street,,BOWDLE,SOUTH DAKOTA,57428,45.45,-99.67,236220,1.00,0.00,0.00,,An employee was arc welding brackets on an overhead conveyor with an electric welder when a spark fell on his shirt and caused it to catch on fire. He suffered burn injuries to his back.,1520,"Heat (thermal) burns, unspecified",320,"Back, including spine, spinal cord, unspecified",314,Ignition of clothing from controlled heat source,9112,"Blouses, shirts, dresses, trousers, skirts",7260,"Welding and heating handtools-powered, unspecified",1,2015-07-29,2015,7,2,45.45,-99.67,236,True
2015075299,1007107,7/31/2015,"Atlas Industrial Contractors, LLC",Steel of WV,17th Street and 2nd Avenue ,HUNTINGTON,WEST VIRGINIA,25703,38.42,-82.42,238290,1.00,0.00,0.00,1083583,"An employee was spraying water onto scrap steel that had spilled out of a furnace and had been cut into pieces using an oxygen lance. A steam explosion occurred, causing a second degree steam burn to his face and hands.  He was hospitalized.",1522,Second degree heat (thermal) burns,899,"Multiple body parts, n.e.c.",533,Contact with hot objects or substances,951,"Steam, vapors-nonchemical",,,1,2015-07-31,2015,7,4,38.42,-82.42,238,True
2015085434,1011106,8/4/2015,"CCA Civil, Inc. ","Exit 13, Staten Island Expressway",,STATEN ISLAND,NEW YORK,10301,40.63,-74.09,237310,1.00,0.00,0.00,1085131,"An employee was cutting metal rebar with a powered saw on the Staten Island Expressway (Exit 13) when the saw exploded, splashing gasoline onto the employee's legs. The gasoline caught fire, and the employee sustained third degree burns to the legs. The employee was hospitalized.",1523,Third or fourth degree heat (thermal) burns,510,"Leg(s), unspecified",317,"Ignition of vapors, gases, or liquids",1641,"Gasoline, diesel fuel, jet fuel",7224,"Saws-powered, except chainsaws",1,2015-08-04,2015,8,1,40.63,-74.09,237,True
2015085992,1013695,8/21/2015,"BROPHY AIR, INC","10,000 NW 15th Terrace",,MIAMI,FLORIDA,33172,25.78,-80.35,238220,1.00,0.00,0.00,,An employee suffered burns to his face and head while repairing an air conditioner compressor with a torch at a customer's job site.,1520,"Heat (thermal) burns, unspecified",18,Multiple head locations,317,"Ignition of vapors, gases, or liquids",163,"Petroleum, crude oil",7261,"Welding, cutting, and blow torches",1,2015-08-21,2015,8,4,25.78,-80.35,238,True
2015096350,1016563,9/2/2015,"ROWELL ROOFING, INC.",150 J.E. Johnson Rd.,,PRENTISS,MISSISSIPPI,39474,31.58,-89.86,238160,1.00,0.00,0.00,,"An employee was repairing a commercial roof when he stepped off a small drop and lost his balance. He grabbed onto the hot mop cart to keep from falling and he was splashed with hot asphalt, sustaining burns to his head and back and requiring hospitalization.",1520,"Heat (thermal) burns, unspecified",83,Head and trunk,533,Contact with hot objects or substances,461,"Roofing asphalt, roofing tar",,,1,2015-09-02,2015,9,2,31.58,-89.86,238,True
2015096711,1022220,9/14/2015,Brand Energy & Infrastructure Services,1200 Lawndale,#338 Fuel Unit; Pipe rack K-3000,HOUSTON,TEXAS,77017,29.68,-95.25,238990,1.00,0.00,0.00,,"On September 14, 2015, an employee was working from a ground level scaffold. The employee stepped on a section of plywood that was covering a steam pipe. Upon contact, the pipe sprayed hot water (198 degrees) onto the employee's left foot. The employee was treated for second and third degree burns to his foot and released. The employee returned to work with restrictions. On September 22, 2015, at a follow-up appointment, the physician noted the foot was not healing.  At approximately 8:00am, the employee was admitted to the hospital to have a skin graft done to his left foot.",1523,Third or fourth degree heat (thermal) burns,538,Multiple foot (feet) locations,533,Contact with hot objects or substances,9521,Water,,,1,2015-09-14,2015,9,0,29.68,-95.25,238,True
2015096974,1022207,9/22/2015,"Energys USA, Inc.",N47748 Us Highway 53 South,,OSSEO,WISCONSIN,54758,44.53,-91.22,238220,2.00,0.00,0.00,1094038,"On 09/22/2015, two employees working on a propane gas line to a grain dryer were burned on the face, back, torso and arms when leaking propane gas ignited.",1520,"Heat (thermal) burns, unspecified",899,"Multiple body parts, n.e.c.",317,"Ignition of vapors, gases, or liquids",1643,Propane,,,1,2015-09-22,2015,9,1,44.53,-91.22,238,True
2015107616,1028983,10/13/2015,"Gralan Enterprises, Inc. ",Coke St & Joe Routt Rd,,COLLEGE STATION,TEXAS,77840,30.61,-96.32,238110,1.00,0.00,0.00,,"An employee was operating a gas power chop saw cutting concrete. When the gas cap came off, the chop saw caught on fire. Gas splashed onto the employee and the employee suffered second and third degree burns to his legs, back, stomach, and arms.",1523,Third or fourth degree heat (thermal) burns,899,"Multiple body parts, n.e.c.",313,Vehicle or machinery fire,7224,"Saws-powered, except chainsaws",1641,"Gasoline, diesel fuel, jet fuel",1,2015-10-13,2015,10,1,30.61,-96.32,238,True
2015118646,1039615,11/15/2015,MECHANICAL SERVICES INCORPORATED,UNKNOWN,,SPRINGFIELD,MISSOURI,65807,37.16,-93.31,238990,1.00,0.00,0.00,,An employee was outside grinding metal for duct work when a spark or piece of metal blew inside his jacket and ignited it. He suffered 3rd degree burns on his torso and arms and was hospitalized for treatment.,1523,Third or fourth degree heat (thermal) burns,899,"Multiple body parts, n.e.c.",314,Ignition of clothing from controlled heat source,9115,"Suits, coats, jackets",7242,Hand grinders-powered,1,2015-11-15,2015,11,6,37.16,-93.31,238,True
2015129104,1043098,12/2/2015,Crosby Brownlie Inc.,Hockstein School,50 Plymouth Avenue,ROCHESTER,NEW YORK,14614,43.15,-77.61,238220,1.00,0.00,0.00,,An employee was repairing a hot water boiler when a bolt snapped and the employee was sprayed with hot water. The employee was hospitalized with burns.,1520,"Heat (thermal) burns, unspecified",9999,Nonclassifiable,533,Contact with hot objects or substances,9521,Water,2121,Boilers,1,2015-12-02,2015,12,2,43.15,-77.61,238,True
2015129194,1046940,12/5/2015,Foamco,3 Church Street,,TOMKINS COVE,NEW YORK,10986,41.25,-73.98,238310,1.00,0.00,0.00,1117458,"On 12/5/15, an employee was switching out 55-gallon drums of wall waterproofing material in a waterproofing truck when an explosion occurred. The employee suffered second and third degree burns to the abdomen, back, and face and was hospitalized.",1523,Third or fourth degree heat (thermal) burns,83,Head and trunk,323,"Explosion of pressure vessel, piping, or tire",2129,"Containers-pressurized, n.e.c.",,,1,2015-12-05,2015,12,5,41.25,-73.98,238,True
2015129296,1045346,12/8/2015,Texas Pipeline Construction,East Hwy 307,,GREENWOOD,TEXAS,76246,32.88,-97.15,237120,2.00,0.00,0.00,1111656,"Two employees were fusing two sections of polyline. When the fusing device was activated, the area became engulfed in flames. Both employees were hospitalized with burns to the face and hands.",1520,"Heat (thermal) burns, unspecified",899,"Multiple body parts, n.e.c.",317,"Ignition of vapors, gases, or liquids",9999,Nonclassifiable,,,1,2015-12-08,2015,12,1,32.88,-97.15,237,True
2015129373,1045204,12/10/2015,AAA Waterproofing,103 Rockledge Dr,,VAIL,COLORADO,81657,39.63,-106.38,238390,1.00,0.00,0.00,1113025,"An employee was applying membrane material to the foundation of a house. Her coworkers were transporting hot waterproofing material product in buckets to the foundation and were throwing the hot product on walls and spreading it with brooms. The product splashed and burned the employee's hands, fingers, face, and neck. She was hospitalized.",1520,"Heat (thermal) burns, unspecified",899,"Multiple body parts, n.e.c.",533,Contact with hot objects or substances,466,"Sealants, waterproofers, n.e.c.",,,1,2015-12-10,2015,12,3,39.63,-106.38,238,True
2015129895,1051102,12/30/2015,"Treco, Inc.",2871 W. Oklahoma Ave,,ULYSSES,KANSAS,67880,37.58,-101.34,238910,1.00,0.00,0.00,1116221,"Four Treco, Inc. employees were cleaning tank bottoms at a facility. During the course of bolting a man way cover onto the tank opening with hand tools, an unknown ignition source caused two of the tanks to ignite. One employee suffered second and third degree burns to his face.",1523,Third or fourth degree heat (thermal) burns,130,"Face, unspecified",317,"Ignition of vapors, gases, or liquids",163,"Petroleum, crude oil",,,1,2015-12-30,2015,12,2,37.58,-101.34,238,True
2016010248,1052834,1/11/2016,"NTX Valve and Pump, LLC",1975 W. US HWY 380,,BRIDGEPORT,TEXAS,76426,33.19,-97.80,238910,1.00,0.00,0.00,1118652,An employee was attempting to warm spray paint cans in front of a heater when the cans caught fire and burned the employee's hands and forehead.,1520,"Heat (thermal) burns, unspecified",899,"Multiple body parts, n.e.c.",317,"Ignition of vapors, gases, or liquids",1862,Paint,,,1,2016-01-11,2016,1,0,33.19,-97.8,238,True
2016010284,1053040,1/12/2016,SGL Constructors Inc.,Corner of South Division Avenue and Carter Street in downtown Orlando,,ORLANDO,FLORIDA,32805,28.53,-81.40,237310,1.00,0.00,0.00,,"While an employee was grinding a weld, sparks caused his shirt to catch on fire. He received second and third degree burns from the mid torso to the upper chest area.",1523,Third or fourth degree heat (thermal) burns,310,"Chest, except internal location of diseases or disorders",314,Ignition of clothing from controlled heat source,9112,"Blouses, shirts, dresses, trousers, skirts",3541,"Grinders, abraders",1,2016-01-12,2016,1,1,28.53,-81.4,237,True
2016010425,1054965,1/15/2016,Kinnunen Sales & Rentals,707 E. 6th St.,,STILLWATER,OKLAHOMA,74074,36.11,-97.04,238910,1.00,0.00,0.00,1119823,An employee was welding near waste motor oil.  The waste motor oil caught fire and the employee sustained first to third degree burns to the legs while putting the fire out.,1523,Third or fourth degree heat (thermal) burns,510,"Leg(s), unspecified",317,"Ignition of vapors, gases, or liquids",1649,"Petroleum fuels, distillates, and products, n.e.c.",7260,"Welding and heating handtools-powered, unspecified",1,2016-01-15,2016,1,4,36.11,-97.04,238,True
2016010580,1055605,1/21/2016,"A.J. Johns, Inc.",Tamaya Subdivision,3275 Tamaya Boulevard,JACKSONVILLE,FLORIDA,32246,30.29,-81.51,237110,1.00,0.00,0.00,1119966,"An employee was removing a pressurized cap from the coolant tank on an excavator when it blew off resulting in first and second degree burns to his right arm from the hot coolant. In addition, the employee jumped from the excavator in reaction to the burns and broke his leg. He was hospitalized.",1520,"Heat (thermal) burns, unspecified",420,"Arm(s), unspecified",533,Contact with hot objects or substances,1211,Antifreeze,,,1,2016-01-21,2016,1,3,30.29,-81.51,237,True
2016010915,1058859,1/29/2016,"BOSWORTH STEEL ERECTORS, INC.",2080 North Central Expressway,,MCKINNEY,TEXAS,75069,33.22,-96.63,238120,1.00,0.00,0.00,1123443,Employee was hospitalized after burning his legs while welding structural steel. Hot slag caught the acetylene tank on fire.,1520,"Heat (thermal) burns, unspecified",510,"Leg(s), unspecified",317,"Ignition of vapors, gases, or liquids",1799,"Chemicals, n.e.c.",452,"Molten or hot metals, slag",1,2016-01-29,2016,1,4,33.22,-96.63,238,True
2016021311,1062640,2/11/2016,"Newtron Beaumont, LLC.",7665 Texas Hwy 73 ,,BEAUMONT,TEXAS,77705,29.99,-94.13,238210,1.00,0.00,0.00,1126555,"An employee was running a conduit when a byproduct of the plant fell off a conveyor belt into a hot water tank. The water splattered onto the employee, causing skin burns.",1521,First degree heat (thermal) burns,9999,Nonclassifiable,533,Contact with hot objects or substances,9521,Water,,,1,2016-02-11,2016,2,3,29.99,-94.13,238,True
2016021406,1064786,2/15/2016,"Southcross Energy Partners GP, LLC",9210 E HWY 85,,PEARSALL,TEXAS,78061,28.89,-99.09,237120,1.00,0.00,0.00,1126226,A third party truck driver was loading natural gas condensate into his tank truck when an explosion occurred and injured the driver. He was hospitalized for burns to both hands and his back.,1520,"Heat (thermal) burns, unspecified",899,"Multiple body parts, n.e.c.",320,"Explosion, unspecified",9999,Nonclassifiable,162,Natural gas,1,2016-02-15,2016,2,0,28.89,-99.09,237,True
2016021720,1066745,2/25/2016,"Carroll & Carroll, Inc.",Hwy. 204 and King George,,SAVANNAH,GEORGIA,31416,32.00,-81.09,237310,1.00,0.00,0.00,1130084,"An employee was trying to unclog an asphalt distribution (spreading) machine. When he opened up a porthole, the pressurized pump caused hot liquid asphalt to shoot out and burn the palm of his right hand.",1520,"Heat (thermal) burns, unspecified",441,"Hand(s), except finger(s)",533,Contact with hot objects or substances,1644,"Paving asphalt, asphaltic cement",3251,Asphalt and concrete spreaders,1,2016-02-25,2016,2,3,32.0,-81.09,237,True
2016021778,1067338,2/29/2016,"Climate Heating and Cooling, INC.",146 Hubbard Avenue,,PITTSFIELD,MASSACHUSETTS,01201,42.45,-73.18,238220,1.00,0.00,0.00,1128860,"An employee was on the first floor when he was called down to the basement level to assist with a repair. Coworkers had drained water from a boiler into a sump pit, which was approximately 3 feet deep and 2 feet in diameter. There was no cover on the pit, and the sump pump had trouble keeping up with the volume of water being added and quickly filled up. When the employee came down from the first floor to help, he fell into the sump pit and suffered second and third degree burns on his lower torso, legs, and hands. He was hospitalized.",1523,Third or fourth degree heat (thermal) burns,899,"Multiple body parts, n.e.c.",4330,"Other fall to lower level, unspecified",6621,Existing floor opening ,,,1,2016-02-29,2016,2,0,42.45,-73.18,238,True
2016032091,1081370,3/9/2016,"DEI, Inc.",155-26 Jewel Avenue,,FLUSHING,NEW YORK,11365,40.73,-73.82,238160,1.00,0.00,0.00,,"An employee was installing roofing materials when he lost his footing, tripped, and fell onto an asphalt buggy. He was hospitalized with burns to his arm.",1520,"Heat (thermal) burns, unspecified",420,"Arm(s), unspecified",4219,"Fall on same level due to tripping, n.e.c.",6629,"Floor, n.e.c.",,,1,2016-03-09,2016,3,2,40.73,-73.82,238,True
2016032395,1073794,3/19/2016,"F & F Mechanical Enterprises, Inc.",5 Research Parkway,,WALLINGFORD,CONNECTICUT,06492,41.48,-72.76,238220,1.00,0.00,0.00,,"An employee and a coworker were trying to introduce air into a condensate line to empty it. When the employee went to remove a plug from a valve on the condensate line, hot water splashed onto his left shoulder, arm, and back, causing second degree burns.",1522,Second degree heat (thermal) burns,899,"Multiple body parts, n.e.c.",533,Contact with hot objects or substances,9521,Water,,,1,2016-03-19,2016,3,5,41.48,-72.76,238,True
2016032473,1075526,3/22/2016,Western Specialty Contractors of America,3225 Turtle Creek Blvd,,DALLAS,TEXAS,75219,32.80,-96.80,238990,1.00,0.00,0.00,,"An employee tripped on a step and fell forward. When he fell, his left hand entered tar and received burns.",1520,"Heat (thermal) burns, unspecified",440,"Hand(s), unspecified",4211,"Fall on same level while climbing stairs, steps, or curbs",6612,"Stairs, steps-outdoors",,,1,2016-03-22,2016,3,1,32.8,-96.8,238,True
2016032559,1076198,3/25/2016,"A-1 Power Contractors, Inc.",101 NE 40th Street,,MIAMI,FLORIDA,33137,25.81,-80.19,238160,1.00,0.00,0.00,,An employee was operating an asphalt machine when the machine caught fire. He attempted to turn it off and received burns on his face and arms.,1520,"Heat (thermal) burns, unspecified",899,"Multiple body parts, n.e.c.",313,Vehicle or machinery fire,3250,"Road grading and surfacing machinery, unspecified",,,1,2016-03-25,2016,3,4,25.81,-80.19,238,True
2016042884,1079064,4/6/2016,"Keller Construction, Inc.",HIGHWAY 162,,MARYVILLE,ILLINOIS,62062,38.72,-89.96,237110,1.00,0.00,0.00,1138100,"An employee was operating a soil stabilizer when the equipment struck a high-pressure natural gas pipeline. The pipeline burst into flames and exploded, causing burns to the employee.",1520,"Heat (thermal) burns, unspecified",9999,Nonclassifiable,323,"Explosion of pressure vessel, piping, or tire",2124,"Pressure lines, except hoses",3259,"Road grading and surfacing machinery, n.e.c.",1,2016-04-06,2016,4,2,38.72,-89.96,237,True
2016043262,1083357,4/19/2016,V&P Altitude Corp.,333 Schermerhorn Street,,BROOKLYN,NEW YORK,11217,40.68,-73.98,238150,1.00,0.00,0.00,,"An employee was cleaning a window frame with alcohol when sparks from a nearby grinder ignited the alcohol, burning the employee.",1520,"Heat (thermal) burns, unspecified",9999,Nonclassifiable,317,"Ignition of vapors, gases, or liquids",1219,"Alcohols, n.e.c.",3541,"Grinders, abraders",1,2016-04-19,2016,4,1,40.68,-73.98,238,True
2016043370,1084693,4/22/2016,Brahma Group,3201 W US Hwy 400,,DODGE CITY,KANSAS,67801,37.74,-99.96,237990,1.00,0.00,0.00,,An employee was cleaning when a valve failure caused hot water and steam to release in the area where he was working. He suffered second degree burns on both hands and was hospitalized.,1522,Second degree heat (thermal) burns,449,"Hand(s), n.e.c.",533,Contact with hot objects or substances,959,"Steam, vapors, liquids, ice, n.e.c.",,,1,2016-04-22,2016,4,4,37.74,-99.96,237,True
2016053853,1089008,5/6/2016,"Bifinger Westcon, Inc.",29619 Spur Avenue,,HUDSON,SOUTH DAKOTA,57034,43.09,-96.48,237120,1.00,0.00,0.00,1147182,An employee was working in the distillation building of a biofuel plant installing new piping. He was unbolting steel pipe to install a butterfly valve. A fire occurred and two employees were burned. One employee was treated and released. The other employee was hospitalized.,1520,"Heat (thermal) burns, unspecified",9999,Nonclassifiable,310,"Fire, unspecified",9999,Nonclassifiable,,,1,2016-05-06,2016,5,4,43.09,-96.48,237,True
2016053893,1089258,5/7/2016,"Western Construction, Inc.",2850 W 3800 S,,REXBURG,IDAHO,83440,43.81,-111.80,237990,1.00,0.00,0.00,1146887,An employee was severely burned by steam/hot water during a maintenance check on a malfunctioning water pump.,1523,Third or fourth degree heat (thermal) burns,80,"Multiple body parts, unspecified",533,Contact with hot objects or substances,951,"Steam, vapors-nonchemical",3797,Pumps,1,2016-05-07,2016,5,5,43.81,-111.8,237,True
2016054504,1094594,5/23/2016,"Cockney Roofing, Inc.",1486 Belleair Rd.,,CLEARWATER,FLORIDA,33756,27.93,-82.77,238160,1.00,0.00,0.00,,"An employee was pouring hot tar from a tote bucket to a mop cart when the person mopping went to dip the mop. The hot tar then splashed up and inside of the employee's glove, burning his right forefinger, thumb, and hand.",1520,"Heat (thermal) burns, unspecified",448,Hand(s) and finger(s),533,Contact with hot objects or substances,461,"Roofing asphalt, roofing tar",,,1,2016-05-23,2016,5,0,27.93,-82.77,238,True
2016054641,1096662,5/26/2016,"American Civil Constructors, LLC",County Road 43 Flood Recovery Project,,DRAKE,COLORADO,80515,40.40,-105.43,236220,1.00,0.00,0.00,,An employee was cleaning the engine of an excavator with starting fluid when an arc sparked and triggered a fire on his sleeve. He was hospitalized with burn injuries.,1520,"Heat (thermal) burns, unspecified",420,"Arm(s), unspecified",317,"Ignition of vapors, gases, or liquids",1299,"Aromatics and hydrocarbon derivatives, except halogenated, n.e.c.",,,1,2016-05-26,2016,5,3,40.4,-105.43,236,True
2016064919,1098943,6/3/2016,"Ranger Construction Industries, Inc.",US Highway 27 ,,CLERMONT,FLORIDA,34711,28.53,-81.74,238990,1.00,0.00,0.00,1153559,"An employee working on a paving crew started to feel dizzy, so he went to rest under an umbrella. He then passed out and fell, hitting his face, forearm, and hand on the just-poured hot pavement. The employee suffered burns to his left-side face, forearms, and hands. He was hospitalized.",1520,"Heat (thermal) burns, unspecified",899,"Multiple body parts, n.e.c.",429,"Fall on same level, n.e.c. ",660,"Floors, walkways, ground surfaces, unspecified",,,1,2016-06-03,2016,6,4,28.53,-81.74,238,True
2016065022,1099723,6/7/2016,Shelly & Sands Inc.,3200 Jackson Pike,,GROVE CITY,OHIO,43123,39.89,-83.02,237310,1.00,0.00,0.00,,An employee was helping to fill an asphalt tar kettle when the line failed and the employee's face and arms were severely burned. The employee was hospitalized.,1520,"Heat (thermal) burns, unspecified",899,"Multiple body parts, n.e.c.",533,Contact with hot objects or substances,1644,"Paving asphalt, asphaltic cement",,,1,2016-06-07,2016,6,1,39.89,-83.02,237,True
2016065742,1106665,6/27/2016,"W.W. Gay Mechanical Contractors, Inc. ",South Energy Center,,GAINESVILLE,FLORIDA,32608,29.60,-82.39,238220,1.00,0.00,0.00,,An employee was inspecting the water pipe from a fire hydrant for leaks. The pipe burst and hot water burned the employee's stomach and legs.,1520,"Heat (thermal) burns, unspecified",899,"Multiple body parts, n.e.c.",533,Contact with hot objects or substances,9521,Water,,,1,2016-06-27,2016,6,0,29.6,-82.39,238,True
2016075927,1111626,7/1/2016,Tolman Construction,35 miles WNW in T3 R11 WELS,,MILLINOCKET,MAINE,04462,45.65,-68.70,237310,1.00,0.00,0.00,1161287,"An employee was transferring diesel fuel from the middle tank of a fuel truck to the forward tank using a barrel pump when a fire/explosion occurred. The fire/explosion threw the employee off the tanker to the ground and ignited his clothing, causing second and third degree burns to his body and arms.",1523,Third or fourth degree heat (thermal) burns,899,"Multiple body parts, n.e.c.",322,"Explosion of nonpressurized vapors, gases, or liquids",8421,"Semi, tractor-trailer, tanker truck",,,1,2016-07-01,2016,7,4,45.65,-68.7,237,True
2016076269,1111827,7/12/2016,"Michael Facchiano Contracting, Inc.",801 McNeilly Road,,PITTSBURGH,PENNSYLVANIA,15226,40.38,-80.02,237310,1.00,0.00,0.00,,"An employee was heating up a track frame pin with a torch. While the employee was removing the track frame pin, a hot bolt or part of the frame pin punctured an adjacent aerosol can of brake cleaner and the contents ignited into a ball of fame, causing thermal burns to the employee's lower left and right arms and face.",1520,"Heat (thermal) burns, unspecified",899,"Multiple body parts, n.e.c.",317,"Ignition of vapors, gases, or liquids",1839,"Cleaning and polishing agents, n.e.c.",,,1,2016-07-12,2016,7,1,40.38,-80.02,237,True
2016076681,1117024,7/22/2016,DLZ Illinois Inc.,8430 W. Bryn Mawr Ave.,Suite 100,CHICAGO,ILLINOIS,60631,41.98,-87.84,236220,1.00,0.00,0.00,,"An employee was driving a work vehicle when it caught on fire, burning the employee.",1520,"Heat (thermal) burns, unspecified",9999,Nonclassifiable,2639,"Roadway noncollision incident, n.e.c.",840,"Highway vehicle, motorized, unspecified",,,1,2016-07-22,2016,7,4,41.98,-87.84,236,True
2016076974,1121337,7/25/2016,"Asphalt Inc., LLC",11675 Jollyville Road,Suite 78759,AUSTIN,TEXAS,78759,30.41,-97.75,237310,1.00,0.00,0.00,1167499,An employee was paving a road and fell into hot asphalt suffering burns to his hands and elbows.,1520,"Heat (thermal) burns, unspecified",4811,Hand(s) and elbow(s),40,"Fall, slip, trip, unspecified ",9999,Nonclassifiable,,,1,2016-07-25,2016,7,0,30.41,-97.75,237,True
2016076805,1118170,7/26/2016,Greystar,5009  Park Central Drive,,ORLANDO,FLORIDA,32887,28.49,-81.41,238350,1.00,0.00,0.00,,An employee was spraying flammable liquid while refinishing cabinets close to a stove when the flame shot back and burned him.,1520,"Heat (thermal) burns, unspecified",9999,Nonclassifiable,317,"Ignition of vapors, gases, or liquids",1860,"Paint, lacquer, shellac, varnish, unspecified",3326,"Ranges, cooking ovens, grills, toasters, food warmers",1,2016-07-26,2016,7,1,28.49,-81.41,238,True
2016087564,1124111,8/12/2016,Eagle Eye Roofing,7915 Olive Blvd.,,UNIVERSITY CITY,MISSOURI,63130,38.67,-90.34,238160,1.00,0.00,0.00,1169384,"At approximately 2:30 PM on August 6, 2016, an employee fell off the roof of a commercial building into a keg of hot tar and suffered burns to approximately 70 percent of his body. He was hospitalized.",1520,"Heat (thermal) burns, unspecified",80,"Multiple body parts, unspecified",4330,"Other fall to lower level, unspecified",6540,"Roofs, unspecified",,,1,2016-08-12,2016,8,4,38.67,-90.34,238,True
2016087640,1125231,8/15/2016,"Tecta America South Florida, Inc.",15901-1515 ,NW 59 Ave,MIAMI LAKES,FLORIDA,33014,25.91,-80.29,238160,1.00,0.00,0.00,1170186,"An employee was loading an asphalt kettle when the asphalt splashed on and burned his hands, face, and chest.",1520,"Heat (thermal) burns, unspecified",899,"Multiple body parts, n.e.c.",533,Contact with hot objects or substances,1644,"Paving asphalt, asphaltic cement",,,1,2016-08-15,2016,8,0,25.91,-80.29,238,True
2016087847,1127955,8/22/2016,UPCHURCH SERVICES LLC,33714 MS Highway 35,,VAIDEN,MISSISSIPPI,39176,33.33,-89.78,238220,1.00,0.00,0.00,,An employee was using an oxygen/acetylene torch to un-solder a copper line on an HVAC system when refrigerant oil or oil vapors in the system ignited and caused a flash fire. The employee sustained first degree burns to his left arm and minor burns to his face.,1521,First degree heat (thermal) burns,899,"Multiple body parts, n.e.c.",317,"Ignition of vapors, gases, or liquids",10,"Chemicals and chemical products, unspecified",7261,"Welding, cutting, and blow torches",1,2016-08-22,2016,8,0,33.33,-89.78,238,True
2016087861,1128173,8/22/2016,"DESIGN MECHANICAL, INCORPORATED",WALGREENS,1100 E 63RD STREET,KANSAS CITY,MISSOURI,64110,39.03,-94.57,238220,1.00,0.00,0.00,1172390,An employee was welding pipe as part of a compressor change-out when pressurized oil in the pipe released and ignited. The employee suffered burns to his wrists and face and was hospitalized for treatment.,1520,"Heat (thermal) burns, unspecified",899,"Multiple body parts, n.e.c.",317,"Ignition of vapors, gases, or liquids",10,"Chemicals and chemical products, unspecified",7261,"Welding, cutting, and blow torches",1,2016-08-22,2016,8,0,39.03,-94.57,238,True
2016088127,1131370,8/30/2016,Aggregate Industries - Mid Atlantic Region,Branch and T Street SE ,,WASHINGTON,DISTRICT OF COLUMBIA,20020,38.86,-76.97,238110,1.00,0.00,0.00,,"An employee suffered first and second degree burns to his face, chest, right shoulder, arm and hand when he was sprayed with hot power steering fluid from the concrete truck.",1522,Second degree heat (thermal) burns,899,"Multiple body parts, n.e.c.",533,Contact with hot objects or substances,1899,"Chemical products, n.e.c.",8427,"Cement truck, concrete mixer truck",1,2016-08-30,2016,8,1,38.86,-76.97,238,True
2016098389,1133953,9/6/2016,"Cleaver Brooks Sales & Service, Inc.",8580 Sheldon Rd,,HOUSTON,TEXAS,77049,29.82,-95.18,238220,1.00,0.00,0.00,1176026,"On September 06, 2016, at approximately 5:10 AM, an employee was welding a window on a pipe of a boiler header when hot water and steam suddenly came out from an open pipe that was next to the other pipe, burning the employee's legs, torso, and arms. He was hospitalized.",1520,"Heat (thermal) burns, unspecified",899,"Multiple body parts, n.e.c.",533,Contact with hot objects or substances,959,"Steam, vapors, liquids, ice, n.e.c.",,,1,2016-09-06,2016,9,1,29.82,-95.18,238,True
2016098870,1137846,9/19/2016,Hamilton Roofing Inc.,Cape Canaveral Air Station ,Bldg 49750,CAPE CANAVERAL,FLORIDA,32920,28.39,-80.60,238160,1.00,0.00,0.00,,"An employee was getting ready to start the kettle motor on the tar kettle. The pipe was not hooked up yet, causing hot tar to burn his face, neck, and arms.",1520,"Heat (thermal) burns, unspecified",899,"Multiple body parts, n.e.c.",533,Contact with hot objects or substances,461,"Roofing asphalt, roofing tar",,,1,2016-09-19,2016,9,0,28.39,-80.6,238,True
2016098941,1139349,9/21/2016,R & B Roofing,2008 Lockout Drive,,GARLAND,TEXAS,75044,32.95,-96.65,238160,1.00,0.00,0.00,,"An employee was carrying a bucket of hot asphalt when he tripped. The hot asphalt splashed on and burned his face, requiring hospitalization.",1520,"Heat (thermal) burns, unspecified",130,"Face, unspecified",4210,"Fall on same level due to tripping, unspecified",660,"Floors, walkways, ground surfaces, unspecified",,,1,2016-09-21,2016,9,2,32.95,-96.65,238,True
2016099073,1140250,9/26/2016,INDUSTRIAL AND ENVIRONMENTAL CONCEPTS,1245 Walnut St,,ALBANY,MISSOURI,64402,40.24,-94.32,237110,1.00,0.00,0.00,,"An employee was installing a cover for a wastewater treatment pond. When the employee initiated the welder, a fire occurred, burning the employee's arms and face.",1520,"Heat (thermal) burns, unspecified",899,"Multiple body parts, n.e.c.",310,"Fire, unspecified",9999,Nonclassifiable,3594,Welding machinery,1,2016-09-26,2016,9,0,40.24,-94.32,237,True
2016099156,1141349,9/28/2016,"Fox Construction, Inc.",Millcreek Mall,Interchange Road,ERIE,PENNSYLVANIA,16565,42.06,-80.10,238910,1.00,0.00,0.00,1184007,"While working in a ditch, an employee cut a test header off a piece of steel pipe.  The test header was being lifted out of the ditch when it tipped to the side and some methanol, which had been used to clean the pipe, leaked out and onto the employee's legs. The methanol ignited and caught the employee's legs on fire. The employee was hospitalized with leg burns.",1520,"Heat (thermal) burns, unspecified",510,"Leg(s), unspecified",317,"Ignition of vapors, gases, or liquids",1214,Methanol,,,1,2016-09-28,2016,9,2,42.06,-80.1,238,True
2016099202,1142039,9/30/2016,"J.R. Ramon & Sons, Inc.",1325 Frio City Rd.,,SAN ANTONIO,TEXAS,78226,29.39,-98.53,238910,1.00,0.00,0.00,1181157,"An employee was cleaning a hydraulic tank with a brake parts cleaning solution. The employee sprayed the cleaner on the parts to be cleaned and then dropped a mechanic's droplight to the ground. The bulb then sparked and caused the cleaning solution vapors to ignite, resulting in burns to the employee's face and neck.",1520,"Heat (thermal) burns, unspecified",81,Head and neck,317,"Ignition of vapors, gases, or liquids",1839,"Cleaning and polishing agents, n.e.c.",2249,"Lighting equipment, n.e.c.",1,2016-09-30,2016,9,4,29.39,-98.53,238,True
2016109554,1144590,10/10/2016,DeBord Heating & Air Conditioning Inc,37200 Fairmount Rd,,CHAGRIN FALLS,OHIO,44022,41.49,-81.42,238220,1.00,0.00,0.00,,An employee was servicing a gas boiler system and was burned on the head/face due to a faulty gas valve.,1520,"Heat (thermal) burns, unspecified",130,"Face, unspecified",533,Contact with hot objects or substances,950,"Steam, vapors, liquids, ice, unspecified",3324,"Furnaces, heaters",1,2016-10-10,2016,10,0,41.49,-81.42,238,True
2016109822,1148584,10/18/2016,Stripe-A-Zone,2714 W Sherman St.,,GRAND PRAIRIE,TEXAS,75051,32.73,-97.04,237310,1.00,0.00,0.00,,An employee was attempting to open a gas cover/cap when a flash fire occurred and burned the employee's face.,1520,"Heat (thermal) burns, unspecified",130,"Face, unspecified",310,"Fire, unspecified",9999,Nonclassifiable,,,1,2016-10-18,2016,10,1,32.73,-97.04,237,True
20161010159,1150758,10/28/2016,LORIG CONSTRUCTION,Waukegan Rd. and Chestnut Ave.,,GLENVIEW,ILLINOIS,60025,42.07,-87.81,237310,1.00,0.00,0.00,,An employee was spreading hot asphalt and fell sustaining second degree burns on the lower legs.,1522,Second degree heat (thermal) burns,5839,"Ankle(s) and leg(s), n.e.c.",420,"Fall on same level, unspecified",660,"Floors, walkways, ground surfaces, unspecified",,,1,2016-10-28,2016,10,4,42.07,-87.81,237,True
20161110424,1156443,11/4/2016,"American Environmental Specialties, Inc.",12201 Southwest FreewAY,,STAFFORD,TEXAS,77477,29.63,-95.57,238910,1.00,0.00,0.00,,An employee was cutting metal pipe with a cutting torch that used acetylene and oxygen gas during interior metal removal when the torch caused second and third degree burns to the employee's face and hands. Personal protective equipment was not worn at the time.,1523,Third or fourth degree heat (thermal) burns,899,"Multiple body parts, n.e.c.",533,Contact with hot objects or substances,7261,"Welding, cutting, and blow torches",,,1,2016-11-04,2016,11,4,29.63,-95.57,238,True
20161110592,1155282,11/10/2016,"J. Carroll Weaver, Inc.",Tarlton and Blanco,,CORPUS CHRISTI,TEXAS,78415,27.73,-97.41,237310,1.00,0.00,0.00,1190656,"The employee was climbing the asphalt distributor tank to take measurements when a fire occurred. The employee was burned on the hand, face and upper torso.",1520,"Heat (thermal) burns, unspecified",899,"Multiple body parts, n.e.c.",317,"Ignition of vapors, gases, or liquids",1644,"Paving asphalt, asphaltic cement",,,1,2016-11-10,2016,11,3,27.73,-97.41,237,True
20161110799,1157791,11/17/2016,"DEI, Inc.",2950 Bronx Park East,,BRONX,NEW YORK,10467,40.86,-73.87,238160,1.00,0.00,0.00,,"An employee was standing on the roof top of a truck supplying hot asphalt (400 degrees). The hot pipe became loose and had a slight leak. The employee was trying to tighten it when the pipe burst and splashed him with the hot asphalt, causing first degree burns to the face and arms.",1521,First degree heat (thermal) burns,899,"Multiple body parts, n.e.c.",533,Contact with hot objects or substances,461,"Roofing asphalt, roofing tar",8429,"Truck-motorized freight hauling and utility, n.e.c",1,2016-11-17,2016,11,3,40.86,-73.87,238,True
20161110825,1157372,11/17/2016,"American Residential Services, LLC",5615 William St,,OMAHA,NEBRASKA,68106,41.24,-96.00,238220,1.00,0.00,0.00,1193655,"An employee was replacing a furnace in a customer's home and was installing a PVC exhaust pipe.  The PVC pipe was to run directly over the water heater out the side of the home.  He set his PVC cleaner and glue on top of the water heater (chest height) as he put the exhaust together.  While installing the final piece, he cleaned the connection with the PVC cleaner and put the dabber back into the can. When he reached for the glue, he bumped the can of cleaner and it spilled on his chest.  He caught the can with his hand but the contents spilled on the floor. The water heater ignited vapors from the cleaner and a fire started, causing first and second degree burns to his chest, right lower arm, right neck, earlobe, left armpit, and both lips.",1522,Second degree heat (thermal) burns,899,"Multiple body parts, n.e.c.",317,"Ignition of vapors, gases, or liquids",1839,"Cleaning and polishing agents, n.e.c.",3324,"Furnaces, heaters",1,2016-11-17,2016,11,3,41.24,-96.0,238,True
20161110862,1158074,11/18/2016,Enerfab Power Group,7397 North State Route 7,,CHESHIRE,OHIO,45620,38.94,-82.11,236115,1.00,0.00,0.00,,"An employee was welding burner tubes when his shirt caught on fire, causing second degree burns to his torso that required hospitalization.",1522,Second degree heat (thermal) burns,30,"Trunk, unspecified",314,Ignition of clothing from controlled heat source,9112,"Blouses, shirts, dresses, trousers, skirts",7260,"Welding and heating handtools-powered, unspecified",1,2016-11-18,2016,11,4,38.94,-82.11,236,True
20161111073,1159479,11/28/2016,"Electric Power Systems, Inc.",#5 Cut Street,,ALTON,ILLINOIS,62002,38.88,-90.14,238210,1.00,0.00,0.00,1212665,Two employees were switching circuits in a circuit breaker when an arc flash/blast occurred. They were running from the blast when an oil-filled transformer exploded burning the employees. One of the employees was hospitalized due to the burns.,1520,"Heat (thermal) burns, unspecified",9999,Nonclassifiable,329,"Explosion, n.e.c.",4415,"Power lines, transformers, convertors",,,1,2016-11-28,2016,11,0,38.88,-90.14,238,True
20161211512,1163461,12/9/2016,P1 Group Inc.,3201 Fairfax Trfy,,KANSAS CITY,KANSAS,66115,39.14,-94.61,238220,1.00,0.00,0.00,1197898,An employee was servicing a heating system (boiler) when it pre-ignited during purging. A fire ball came out of the inspection door and burned the employee's right and left arms.,1520,"Heat (thermal) burns, unspecified",420,"Arm(s), unspecified",533,Contact with hot objects or substances,2121,Boilers,,,1,2016-12-09,2016,12,4,39.14,-94.61,238,True
20161211631,1164826,12/14/2016,"Consolidated Construction, Inc.",LSS Housing Watford City,1008 Second Avenue SE,WATFORD CITY,NORTH DAKOTA,58854,47.81,-103.23,236220,1.00,0.00,0.00,1200235,An employee sustained severe burns from a temporary heater while working inside a mason's enclosure.,1520,"Heat (thermal) burns, unspecified",9999,Nonclassifiable,533,Contact with hot objects or substances,3324,"Furnaces, heaters",,,1,2016-12-14,2016,12,2,47.81,-103.23,236,True
20161211853,1167043,12/21/2016,Retail Construction Inc.,"Jimmy Jazz, Palmer Park Mall","#87/8, 123 Palmer Park Mall",EASTON,PENNSYLVANIA,18045,40.68,-75.26,236220,1.00,0.00,0.00,,"An employee was heating a paint spray can with a heat gun when the can blew up, burning his hands, wrists, neck, and face.",1520,"Heat (thermal) burns, unspecified",899,"Multiple body parts, n.e.c.",323,"Explosion of pressure vessel, piping, or tire",2129,"Containers-pressurized, n.e.c.",7263,Heat guns,1,2016-12-21,2016,12,2,40.68,-75.26,236,True
2017010623,1175001,1/19/2017,ATLAS ROOFING,3025 2nd Infantry Division Road,,FORT BENNING,GEORGIA,31905,32.39,-84.82,238160,1.00,0.00,0.00,,"An employee was pushing a container of hot asphalt on the roof when the asphalt splashed him, severely burning his face and neck.",1520,"Heat (thermal) burns, unspecified",81,Head and neck,533,Contact with hot objects or substances,461,"Roofing asphalt, roofing tar",,,1,2017-01-19,2017,1,3,32.39,-84.82,238,True
2017010799,1176951,1/25/2017,Digco Utility Services,445 Highway 36 North,,ROSENBERG,TEXAS,77471,29.56,-95.82,237120,1.00,0.00,0.00,,The injured employee was standing at the edge of an excavation when an excavator hit a natural gas line while digging resulting in a fire. The injured employee suffered first degree burns to the lower right arm and thigh.,1521,First degree heat (thermal) burns,87,Upper and lower limb(s),317,"Ignition of vapors, gases, or liquids",162,Natural gas,3210,"Excavating machinery, unspecified",1,2017-01-25,2017,1,2,29.56,-95.82,237,True
2017021694,1185370,2/22/2017,"Landmark Structures, L.P.",807 Cedar Breaks Rd,,GEORGETOWN,TEXAS,78628,30.65,-97.73,237110,1.00,0.00,0.00,,An employee was welding when his shirt caught on fire resulting in burn injuries.,1520,"Heat (thermal) burns, unspecified",9999,Nonclassifiable,314,Ignition of clothing from controlled heat source,9112,"Blouses, shirts, dresses, trousers, skirts",7260,"Welding and heating handtools-powered, unspecified",1,2017-02-22,2017,2,2,30.65,-97.73,237,True
2017031970,1188263,3/2/2017,J M J Plumbing LLC,1011 N. San Antonio Street,,BIG SPRING,TEXAS,79720,32.26,-101.49,238220,1.00,0.00,0.00,1215690,Employees were in the process of connecting gas to a fire pit. The gas accumulated underneath the access door where the injured employee was monitoring it. A flash fire occurred and the injured employee sustained first degree burns to the face and second degree burns to the left elbow. He was admitted to the hospital.,1522,Second degree heat (thermal) burns,899,"Multiple body parts, n.e.c.",317,"Ignition of vapors, gases, or liquids",160,"Coal, natural gas, petroleum fuels and products, unspecified",229,"Furniture and fixtures, n.e.c.",1,2017-03-02,2017,3,3,32.26,-101.49,238,True
2017032045,1188557,3/5/2017,"Stewart Industrial Maintenance, Inc. ",2050 Pope Road,Nestle Purina Petcare Facility,ALLENTOWN,PENNSYLVANIA,18104,40.61,-75.57,238190,1.00,0.00,0.00,1215347,An employee was cutting the bolt heads off carrier flights of conveyor chain when the oxygen hose on the torch unit sprung a leak and the oxygen ignited. The employee's shirt caught on fire and the employee was burned on the left side of his chest.,1520,"Heat (thermal) burns, unspecified",310,"Chest, except internal location of diseases or disorders",314,Ignition of clothing from controlled heat source,9112,"Blouses, shirts, dresses, trousers, skirts",7261,"Welding, cutting, and blow torches",1,2017-03-05,2017,3,6,40.61,-75.57,238,True
2017032337,1191533,3/14/2017,Applied Construction Solutions,WV 20,,PINE GROVE,WEST VIRGINIA,26419,39.56,-80.67,236210,2.00,0.00,0.00,,Two employees were cleaning out a tank with a vacuum hose and an air lamp when a flash fire occurred burning both employees on the face.,1520,"Heat (thermal) burns, unspecified",130,"Face, unspecified",310,"Fire, unspecified",9999,Nonclassifiable,,,1,2017-03-14,2017,3,1,39.56,-80.67,236,True
2017032355,1191246,3/14/2017,"PRECISION INDUSTRIAL MAINTENANCE, INC.",Center Ethanol Plant,231 Monsanto Avenue,SAUGET,ILLINOIS,62201,38.59,-90.17,238290,1.00,0.00,0.00,1217580,"While performing maintenance to a large piece of equipment, an employee burned their back with scalding water that was being used to flush the  equipment.",1520,"Heat (thermal) burns, unspecified",320,"Back, including spine, spinal cord, unspecified",533,Contact with hot objects or substances,9521,Water,,,1,2017-03-14,2017,3,1,38.59,-90.17,238,True
2017043455,1202288,4/17/2017,Layne Christensen,740 Hillgrove Ave.,,WESTERN SPRINGS,ILLINOIS,60558,41.81,-87.89,237990,1.00,0.00,0.00,1225904,An employee was hospitalized for burns to his body from the chest up from an arc blast.,1520,"Heat (thermal) burns, unspecified",83,Head and trunk,320,"Explosion, unspecified",9999,Nonclassifiable,,,1,2017-04-17,2017,4,0,41.81,-87.89,237,True
2017053933,1207276,5/1/2017,PLOTE CONSTRUCTION INC.,1555 W. Washington St.,,WEST CHICAGO,ILLINOIS,60185,41.87,-88.23,238910,1.00,0.00,0.00,,"An employee was adding hot oil to a hydraulic line when an air pocket bubbled up and splashed his neck, causing burns.",1520,"Heat (thermal) burns, unspecified",20,"Neck, except internal location of diseases or disorders",533,Contact with hot objects or substances,1642,"Lubricating greases, cutting oils",,,1,2017-05-01,2017,5,0,41.87,-88.23,238,True
2017054111,1211026,5/5/2017,Coleman Construction,I-90 ,,GLENDIVE,MONTANA,59330,47.12,-104.68,238910,1.00,0.00,0.00,1222253,"An employee was welding plates inside a culvert using a stick welder when the welder ignited his clothes. He suffered third degree burns to his chest, arms, hands, and head, requiring hospitalization. Fire-resistant clothes were not worn at the time.",1523,Third or fourth degree heat (thermal) burns,899,"Multiple body parts, n.e.c.",314,Ignition of clothing from controlled heat source,9110,"Clothing, unspecified",7269,"Welding and heating handtools-powered, n.e.c.",1,2017-05-05,2017,5,4,47.12,-104.68,238,True
2017054357,1213749,5/12/2017,ROTH BROTHERS INC.,1 Performance Pl,,YOUNGSTOWN,OHIO,44502,41.09,-80.63,238220,1.00,0.00,0.00,,"An employee was cutting a piece of duct work to size using a grinder with a cut-off wheel. The pipe was staged on the back of a truck parked approximately 5 feet from two manhole covers. As the employee was cutting, vapors from an underground tank beneath the manhole covers ignited, causing first degree flash burns to the employee's torso, chest, hands, arms, head, face, neck, and back and second degree burns to the chest and hands.",1522,Second degree heat (thermal) burns,899,"Multiple body parts, n.e.c.",317,"Ignition of vapors, gases, or liquids",1852,"Flammable gas, unspecified",7242,Hand grinders-powered,1,2017-05-12,2017,5,4,41.09,-80.63,238,True
2017054496,1216586,5/17/2017,"ABOVE ALL CAULKING & WATERPROOFING, INC.",5000 Island Estates Drive ,,AVENTURA,FLORIDA,33180,25.94,-80.13,238390,1.00,0.00,0.00,,"On May 17, 2017, at 9:30AM, an employee was filling a bucket with hot tar when the spigot broke, allowing hot tar to splash and burn his left hand, right forearm, and face .",1520,"Heat (thermal) burns, unspecified",899,"Multiple body parts, n.e.c.",533,Contact with hot objects or substances,460,"Tars, sealants, caulking, insulation, unspecified",,,1,2017-05-17,2017,5,2,25.94,-80.13,238,True
2017065193,1224639,6/7/2017,"Johnson Controls, Inc.",UW Whitewater,800 West Main Street,WHITEWATER,WISCONSIN,53190,42.83,-88.74,238220,1.00,0.00,0.00,,"An employee was standing outside the entrance of a power house when he heard a loud noise inside. The pressure relief valve of the absorber and the condensation released, spraying hot steam on the employee. He suffered burns on his back and shoulders.",1520,"Heat (thermal) burns, unspecified",85,Shoulder(s) and back,533,Contact with hot objects or substances,951,"Steam, vapors-nonchemical",,,1,2017-06-07,2017,6,2,42.83,-88.74,238,True
2017065337,1226638,6/12/2017,Atlantic Roofing Corp,201 Strode Avenue,,COATESVILLE,PENNSYLVANIA,19320,39.97,-75.82,238160,1.00,0.00,0.00,,"While replacing a roof, an employee walked by an asphalt lugger. The pipeline burst and sprayed hot asphalt on the employee, causing second degree burns on both forearms and requiring hospitalization.",1522,Second degree heat (thermal) burns,423,Forearm(s),533,Contact with hot objects or substances,461,"Roofing asphalt, roofing tar",,,1,2017-06-12,2017,6,0,39.97,-75.82,238,True
2017065679,1231794,6/21/2017,KELLEY STEEL ERECTORS INC.,3060 Eggers Ave,,CLEVELAND,OHIO,44105,41.46,-81.66,238120,1.00,0.00,0.00,,"An employee was lighting an oxy-propane torch when a leak allowed a flame to propagate up the employee's arms, burning them.",1520,"Heat (thermal) burns, unspecified",420,"Arm(s), unspecified",317,"Ignition of vapors, gases, or liquids",1649,"Petroleum fuels, distillates, and products, n.e.c.",7261,"Welding, cutting, and blow torches",1,2017-06-21,2017,6,2,41.46,-81.66,238,True
2017065839,1235335,6/26/2017,"Royalaire Mechanical Services II, Inc.",2465 Drew St.,,CLEARWATER,FLORIDA,33765,27.96,-82.73,238220,1.00,0.00,0.00,,"An employee was installing a pipe on an air handler when a butterfly valve flew off the 120 psi pressurized line and struck his left shoulder, armpit, and chest, causing burn-like injuries.",1520,"Heat (thermal) burns, unspecified",899,"Multiple body parts, n.e.c.",533,Contact with hot objects or substances,423,"Valves, nozzles",3319,"Cooling and humidifying machinery and appliances, n.e.c.",1,2017-06-26,2017,6,0,27.96,-82.73,238,True
2017066067,1236602,6/30/2017,Cruz Tec,12210 Ann Lane,,HOUSTON,TEXAS,77064,29.94,-95.55,237110,1.00,0.00,0.00,,An employee was testing a 50-foot liner that goes inside a hose when he suffered second degree steam burns to his back.,1522,Second degree heat (thermal) burns,320,"Back, including spine, spinal cord, unspecified",533,Contact with hot objects or substances,951,"Steam, vapors-nonchemical",,,1,2017-06-30,2017,6,4,29.94,-95.55,237,True
2017076213,1239383,7/6/2017,CONCRETE STRATEGIES INCORPORATED,10711 N CONGRESS ST ,,KANSAS CITY,MISSOURI,64153,39.28,-94.66,238110,1.00,0.00,0.00,,An employee was pouring concrete when the hot concrete contacted and burned the employee's right foot.,1520,"Heat (thermal) burns, unspecified",530,"Foot (feet), unspecified",533,Contact with hot objects or substances,1122,"Cement, mortar mix-wet",,,1,2017-07-06,2017,7,3,39.28,-94.66,238,True
2017076349,1239454,7/11/2017,Gulf Equipment Corporation,I-65 Exit 15,,SARALAND,ALABAMA,36571,30.82,-88.09,236220,1.00,0.00,0.00,,"An employee was troubleshooting an engine on a piece of equipment when a fire occurred, burning the employee's left forearm.",1520,"Heat (thermal) burns, unspecified",423,Forearm(s),313,Vehicle or machinery fire,9999,Nonclassifiable,,,1,2017-07-11,2017,7,1,30.82,-88.09,236,True
2017087378,1248769,8/3/2017,Excel Modular Scaffold & Leasing Company,2555 Savannah Ave,,PORT ARTHUR,TEXAS,77640,29.88,-93.95,238990,1.00,0.00,0.00,1252860,"An employee had just completed an abatement job and was using a water hose to wash down the area when a flash fire occurred from some piping in the operating unit, burning the employee.",1520,"Heat (thermal) burns, unspecified",9999,Nonclassifiable,317,"Ignition of vapors, gases, or liquids",120,"Aromatics and hydrocarbon derivatives, except halogenated,  unspecified",,,1,2017-08-03,2017,8,3,29.88,-93.95,238,True
2017087630,1251283,8/9/2017,DELTA INNOVATIVE SERVICES,10000 59th St,,RAYTOWN,MISSOURI,64133,39.01,-94.46,238160,1.00,0.00,0.00,1261269,An employee was carrying a chemical (Thermastic) in a bucket when the employee lost balance and chemical spilled on his hands and forearms resulting in chemical burns.,1520,"Heat (thermal) burns, unspecified",9999,Nonclassifiable,40,"Fall, slip, trip, unspecified ",9999,Nonclassifiable,,,1,2017-08-09,2017,8,2,39.01,-94.46,238,True
2017087925,1254207,8/17/2017,H.L. CHAPMAN PIPELINE CONSTRUCTION CO.,Jobsite Right of Way,Private Road 2771,MICO,TEXAS,78056,29.54,-98.88,236210,1.00,0.00,0.00,,"An employee was operating a milling machine when the engine compartment caught fire. The employee had to go through the fire to exit the machine, suffering first and second degree burns to the left and right forearms, a wrist, and face.",1522,Second degree heat (thermal) burns,899,"Multiple body parts, n.e.c.",313,Vehicle or machinery fire,3255,"Milling machines, cold planers, and road profilers",,,1,2017-08-17,2017,8,3,29.54,-98.88,236,True
2017098441,1259937,9/1/2017,NPL Construction Company,4550 SE 29th St.,,TOPEKA,KANSAS,66605,39.01,-95.59,237120,1.00,0.00,0.00,,"An employee was using a portable grinder with a wire brush wheel to clean a metallic natural gas pipe in preparation for welding. The flow of natural gas had been stopped with a metallic stopper pin. As the employee was using the grinder, the stopper pin became dislodged from a seated position, resulting in a brief ignition of the natural gas. The employee suffered first and second degree burns to the right side of his face and nose.",1522,Second degree heat (thermal) burns,138,Multiple face locations,317,"Ignition of vapors, gases, or liquids",162,Natural gas,7242,Hand grinders-powered,1,2017-09-01,2017,9,4,39.01,-95.59,237,True
2017098636,1261930,9/8/2017,Selinsky Force,4511 Fiarcrest St. SW,,CANTON,OHIO,44706,40.75,-81.43,238120,1.00,0.00,0.00,1263471,"An employee was working on a crane when an employee from another company charged a melting pot. The charge was higher than expected, which caused the melting pot fire to go into the roof and burn the employee.",1520,"Heat (thermal) burns, unspecified",9999,Nonclassifiable,312,Other structural fire without collapse  ,620,"Building, unspecified",3530,"Extruding, injecting, forming, molding machinery, unspecified",1,2017-09-08,2017,9,4,40.75,-81.43,238,True
2017099121,1267056,9/22/2017,"Guardian Fuel Technologies, LLC.",S&S Food Store,556 State Rd. 47,LAKE CITY,FLORIDA,32025,42.73,-84.47,238290,1.00,0.00,0.00,,"An employee was servicing gas pump equipment at a gas station when a fire occurred, burning both of his hands. He was hospitalized.",1520,"Heat (thermal) burns, unspecified",440,"Hand(s), unspecified",310,"Fire, unspecified",9999,Nonclassifiable,,,1,2017-09-22,2017,9,4,42.73,-84.47,238,True
2017099144,1267930,9/23/2017,"New Enterprise Stone & Lime Company, Inc.",Intersection Route 30 and SR 616,,YORK,PENNSYLVANIA,17404,42.08,-79.25,237310,1.00,0.00,0.00,1266451,"An employee was preparing to clean a clogged spray bar on a distributor truck (tack truck). When the employee removed the protective screen that covers the bolts securing the cover, hot oil sprayed onto the employee's right hand and arm causing second degree burns.",1522,Second degree heat (thermal) burns,4810,"Hand(s) and arm(s), unspecified",533,Contact with hot objects or substances,1649,"Petroleum fuels, distillates, and products, n.e.c.",3259,"Road grading and surfacing machinery, n.e.c.",1,2017-09-23,2017,9,5,42.08,-79.25,237,True
2017109783,1273086,10/11/2017,C W Matthews Contracting Co Inc,State Route 53 Near Daniels Bridge Road and Mars Road,,ATHENS,GEORGIA,30601,33.90,-83.46,237310,1.00,0.00,0.00,,"An employee was operating a tar truck on the highway and noticed a problem with the equipment. He exited the cab of the vehicle and noticed a large amount of hot tar coming from the valve of the equipment. He slipped on the tar and fell to the ground, contacting the 240-degree tar. He received burns on his hands and back.",1520,"Heat (thermal) burns, unspecified",899,"Multiple body parts, n.e.c.",422,Fall on same level due to slipping ,660,"Floors, walkways, ground surfaces, unspecified",1644,"Paving asphalt, asphaltic cement",1,2017-10-11,2017,10,2,33.9,-83.46,237,True
2017109811,1273640,10/12/2017,"Oklahoma Roofing & Sheet Metal, LLC",Claremore VA,3001 Blue Star Drive,CLAREMORE,OKLAHOMA,74017,36.31,-95.64,238160,1.00,0.00,0.00,,"An employee was removing hot tar from a hot pipe and placing it in a lugger when the wire broke, causing the lugger to fall on the employee. He received burns to the left side of his face, his left arm, and the back of his neck.",1520,"Heat (thermal) burns, unspecified",899,"Multiple body parts, n.e.c.",533,Contact with hot objects or substances,461,"Roofing asphalt, roofing tar",2119,"Containers-nonpressurized, n.e.c.",1,2017-10-12,2017,10,3,36.31,-95.64,238,True
2017109967,1275484,10/17/2017,"A. H. Beck Foundation Co., Inc.",1200 Harbor Dr,,CORPUS CHRISTI,TEXAS,78401,27.81,-97.40,237310,1.00,0.00,0.00,,"An employee was disconnecting two adjoining 4"" hoses from a slurry pump when he was splashed by residual hot material left in the hose after a cavitation. He suffered burns to his leg and arm, requiring hospitalization.",1520,"Heat (thermal) burns, unspecified",87,Upper and lower limb(s),533,Contact with hot objects or substances,9999,Nonclassifiable,,,1,2017-10-17,2017,10,1,27.81,-97.4,237,True
20171010221,1277624,10/24/2017,BALDWIN & SHELL CONSTRUCTION COMPANY,Weyerhaeuser,14715 Hwy 96,MILLPORT,ALABAMA,35576,33.56,-88.03,236220,1.00,0.00,0.00,,"An employee was cleaning a battery-powered caulk gun with gasoline when the employee bumped the trigger. The gasoline then ignited the employee's shirt sleeve and pant leg, and the employee received burns on the right arm and upper right ankle.",1520,"Heat (thermal) burns, unspecified",87,Upper and lower limb(s),317,"Ignition of vapors, gases, or liquids",1641,"Gasoline, diesel fuel, jet fuel",7299,"Handtools-powered, n.e.c.",1,2017-10-24,2017,10,1,33.56,-88.03,236,True
20171010222,1277968,10/25/2017,Landis C Deck & Sons,Route 61,,READING,PENNSYLVANIA,19601,40.35,-75.93,237310,1.00,0.00,0.00,,"An employee was sealing highway asphalt when he tripped, fell, and dropped a hot asphalt sealer can. The hot asphalt spilled on and burned his left hand, requiring hospitalization.",1520,"Heat (thermal) burns, unspecified",440,"Hand(s), unspecified",4210,"Fall on same level due to tripping, unspecified",6650,"Street, road, driveway, unspecified",,,1,2017-10-25,2017,10,2,40.35,-75.93,237,True
20171010241,1278472,10/25/2017,Tri State Utilities,Pershing Rd.,,COLUMBIA,SOUTH CAROLINA,29207,34.00,-80.93,237110,1.00,0.00,0.00,1274231,"An employee was cutting a bag liner to relieve the water pressure when the bag filled with hot water and ruptured. The hot water covered the employee, causing second degree burns to 40 percent of his body.",1522,Second degree heat (thermal) burns,80,"Multiple body parts, unspecified",533,Contact with hot objects or substances,9521,Water,,,0,2017-10-25,2017,10,2,34.0,-80.93,237,True
20171110489,1283006,11/2/2017,"Mike Scott Plumbing, Inc.",668 E Overdrive Circle,,HERNANDO,FLORIDA,34442,28.95,-82.41,238220,1.00,0.00,0.00,1276782,An employee was soldering a pipe using gas when the gas tank exploded. The employee suffered burns and was hospitalized.,1520,"Heat (thermal) burns, unspecified",9999,Nonclassifiable,323,"Explosion of pressure vessel, piping, or tire",2129,"Containers-pressurized, n.e.c.",,,1,2017-11-02,2017,11,3,28.95,-82.41,238,True
20171110576,1281074,11/2/2017,Tolin Mechanical Systems Company,University Club Building,1673 Sherman Street,DENVER,COLORADO,80239,39.74,-104.98,238220,1.00,0.00,0.00,1276364,"An employee was on-site performing scheduled preventative maintenance tasks in the building. He was attempting to break a pipe union on an external rear blow-down line to check it for obstructions when scalding water spontaneously released from inside the boiler and exited the pipe cleanout port, which had its cap removed. He sustained first, second, and third degree burns on his legs, the right side of his torso, and his right arm.",1523,Third or fourth degree heat (thermal) burns,899,"Multiple body parts, n.e.c.",533,Contact with hot objects or substances,9521,Water,,,1,2017-11-02,2017,11,3,39.74,-104.98,238,True
20171110654,1283040,11/5/2017,"Hero Demolition, LLC",State Docks/Mobile Middle Bay Port - Britanna,7611 Lake Road South,MOBILE,ALABAMA,36695,30.53,-88.09,238910,1.00,0.00,0.00,1276884,"An employee was cutting on a column and began to cut into a pipe with a torch. When the torch cut through the pipe, diesel (residual fuel) splashed back onto his body. He sustained burns to his right arm, left wrist, and the right side of his face, requiring hospitalization and surgery. PPE was not worn at the time of the incident.",1520,"Heat (thermal) burns, unspecified",899,"Multiple body parts, n.e.c.",317,"Ignition of vapors, gases, or liquids",1641,"Gasoline, diesel fuel, jet fuel",7261,"Welding, cutting, and blow torches",1,2017-11-05,2017,11,6,30.53,-88.09,238,True
20171110970,1284952,11/15/2017,Mundy Company,11357 IH-10 at Smith Road,,BEAUMONT,TEXAS,77720,29.97,-94.21,236220,1.00,0.00,0.00,1278870,"An employee was spraying what's called a ""hot box,"" a process of strutting rubber. While spraying, there was a flash fire that caused second degree burns to his right hand and forearm.",1522,Second degree heat (thermal) burns,4819,"Hand(s) and arm(s), n.e.c.",310,"Fire, unspecified",9999,Nonclassifiable,,,1,2017-11-15,2017,11,2,29.97,-94.21,236,True
20171111047,1285473,11/16/2017,"PEEK PAVEMENT MARKING, LLC",4600 Peek Industrial Drive,,COLUMBUS,GEORGIA,31909,32.52,-84.91,237310,1.00,0.00,0.00,,"An employee was part of a crew that was placing stop bars, turn arrows, and crosswalks at an intersection. A vehicle entered the work zone and struck the thermoplastic handliner, which the crew was using to apply the roadway markings. The handliner is a small hand machine that uses molten thermoplastic (430 degrees F) to produce the markings. The impact of the vehicle on the handliner caused the molten material to splatter onto the injured employee, who suffered burns to the neck, right side of the face, and right ear.",1520,"Heat (thermal) burns, unspecified",81,Head and neck,533,Contact with hot objects or substances,1750,"Plastics, resins, unspecified",840,"Highway vehicle, motorized, unspecified",1,2017-11-16,2017,11,3,32.52,-84.91,237,True
20171111152,1286750,11/21/2017,Accurate Roofing,COPC MOB,,WESTERVILLE,OHIO,43082,40.14,-82.93,238160,1.00,0.00,0.00,,"An employee was wearing gloves while using a rag and flammable solvent to clean dust and debris from a roofing lap. He lit a cigarette with a disposable lighter, which ignited the solvent on his gloves and caused burns to both hands.",1520,"Heat (thermal) burns, unspecified",449,"Hand(s), n.e.c.",314,Ignition of clothing from controlled heat source,9111,"Belts, gloves, neckties, scarves",799,"Tools, instruments, and equipment, n.e.c.",1,2017-11-21,2017,11,1,40.14,-82.93,238,True
20171211786,1292388,12/12/2017,"LATITE ROOFING AND SHEET METAL, LLC",700 Universe Boulevard,,JUNO BEACH,FLORIDA,33408,26.85,-80.05,238160,1.00,0.00,0.00,,"An employee was disassembling hot tar tanker pipes when the hot tar splashed both of his lower legs, causing first and possible second degree burns.",1521,First degree heat (thermal) burns,513,Lower leg(s),533,Contact with hot objects or substances,461,"Roofing asphalt, roofing tar",,,1,2017-12-12,2017,12,1,26.85,-80.05,238,True
20171212219,1295687,12/26/2017,"W.A. KENDALL AND COMPANY, INC.",Entergy,White Circle,GRENADA,MISSISSIPPI,38901,33.69,-89.75,238910,1.00,0.00,0.00,,"An employee was carrying a chainsaw from his truck to his work location. The gas cap was not properly secured at the time. While he was walking, some of the gas spilled out onto his right pant leg. He set the saw down and was walking back to his truck to get more tools while smoking a cigar. As he was attempting to discard his cigar it struck his outer layer of clothing, igniting the fumes from his fuel-soaked pant leg. He suffered third degree burns to his right forearm, abdomen, and chest area.",1523,Third or fourth degree heat (thermal) burns,899,"Multiple body parts, n.e.c.",314,Ignition of clothing from controlled heat source,9112,"Blouses, shirts, dresses, trousers, skirts",1641,"Gasoline, diesel fuel, jet fuel",1,2017-12-26,2017,12,1,33.69,-89.75,238,True
2018010275,1298894,1/9/2018,CS3 Inc.,Family Dollar Distribution Center,1800 Family Dollar Pkwy,WEST MEMPHIS,ARKANSAS,72303,35.17,-90.21,238220,1.00,0.00,0.00,1287769,"An employee was standing on a 6-foot ladder making repairs to an approximately 25' tall x 10' wide x 15' deep air rotation unit when an explosion occurred and knocked him from the ladder. Flames erupted from the unit, causing third degree burns to his face. He was hospitalized.",1523,Third or fourth degree heat (thermal) burns,130,"Face, unspecified",329,"Explosion, n.e.c.",339,"Heating, cooling, and cleaning machinery and appliances, n.e.c.",,,1,2018-01-09,2018,1,1,35.17,-90.21,238,True
2018010342,1300465,1/11/2018,FERREIRA CONSTRUCTION SOUTHERN DIVISION CO. INC.,9455 NW 104 St,,MEDLEY,FLORIDA,33178,25.86,-80.35,236210,1.00,0.00,0.00,,An employee suffered a burn to the left side of his face while welding.,1520,"Heat (thermal) burns, unspecified",130,"Face, unspecified",9999,Nonclassifiable,9999,Nonclassifiable,,,1,2018-01-11,2018,1,3,25.86,-80.35,236,True
2018010381,1301043,1/12/2018,"Total Highway Maintenance, LLC",930 KCK Way,,CEDAR HILL,TEXAS,75104,32.56,-96.96,237310,1.00,0.00,0.00,,"An employee was heating thermoplastic to open a pipe when the hot thermoplastic came through the joints and burned the employee, requiring hospitalization.",1520,"Heat (thermal) burns, unspecified",9999,Nonclassifiable,533,Contact with hot objects or substances,1750,"Plastics, resins, unspecified",,,1,2018-01-12,2018,1,4,32.56,-96.96,237,True
2018010425,1301565,1/13/2018,IPR South Central,714 Detering St.,,HOUSTON,TEXAS,77007,29.76,-95.41,237110,1.00,0.00,0.00,,An employee was installing a new pipe/liner when he made a cut in the liner and hot water splashed on him. He was hospitalized with second degree burns to the arms and torso.,1522,Second degree heat (thermal) burns,899,"Multiple body parts, n.e.c.",533,Contact with hot objects or substances,9521,Water,4120,"Pipes, ducts, tubing, unspecified",1,2018-01-13,2018,1,5,29.76,-95.41,237,True
2018010718,1302597,1/22/2018,Insul USA,18039 State Highway 38,,MARSHFIELD,MISSOURI,65706,37.33,-92.88,238310,1.00,0.00,0.00,,One employee was in the back of a box truck while a second employee was standing outside when an air compressor exploded in the box truck's engine compartment. One of the employees was hospitalized with burns.,1520,"Heat (thermal) burns, unspecified",9999,Nonclassifiable,329,"Explosion, n.e.c.",3991,Air compressors,,,1,2018-01-22,2018,1,0,37.33,-92.88,238,True
2018021323,1308480,2/8/2018,"Bosworth Steel Erectors, Inc.",2600 E. Pflugerville Pkwy,,PFLUGERVILLE,TEXAS,78660,30.45,-97.59,238120,1.00,0.00,0.00,,"An employee was welding when hot slag dropped into his tool bag, igniting it and causing burns on his back and side.",1520,"Heat (thermal) burns, unspecified",320,"Back, including spine, spinal cord, unspecified",319,"Nonstructural fire, n.e.c.",2157,Tool belts,452,"Molten or hot metals, slag",1,2018-02-08,2018,2,3,30.45,-97.59,238,True
2018032307,1316990,3/8/2018,"Stone Construction, Inc.",Carlisle R & D Center,1603 Industrial Road,CARLISLE,PENNSYLVANIA,17013,34.56,-92.59,236220,1.00,0.00,0.00,,An employee was welding tube steel above his head when a spark entered his coat and caught it on fire. He received second and third degree burns to his left arm from his elbow to his fingers.,1523,Third or fourth degree heat (thermal) burns,489,"Multiple upper extremities locations, n.e.c.",314,Ignition of clothing from controlled heat source,9115,"Suits, coats, jackets",7260,"Welding and heating handtools-powered, unspecified",1,2018-03-08,2018,3,3,34.56,-92.59,236,True
2018032431,1318042,3/12/2018,"Prim Industrial Contractors, Inc.",2449 Stagecoach Road,,OGLETHORPE,GEORGIA,31068,32.25,-84.06,238290,1.00,0.00,0.00,,"While walking in an area where hot water was on the ground (approximately 1 inch deep), an employee tripped and landed in the water, sustaining second and third degree burns to the hands, knees, forearms, and hip.",1523,Third or fourth degree heat (thermal) burns,899,"Multiple body parts, n.e.c.",4210,"Fall on same level due to tripping, unspecified",6629,"Floor, n.e.c.",9521,Water,1,2018-03-12,2018,3,0,32.25,-84.06,238,True
2018033074,1323831,3/30/2018,"Zenith Tech, Inc.",N6 W23633 Bluemound Rd,PO Box 1028,WAUKESHA,WISCONSIN,53187,43.03,-88.21,237310,1.00,0.00,0.00,,An employee suffered third degree burns on the back and lesser burns in the armpit area while torch cutting on a bolt.,1523,Third or fourth degree heat (thermal) burns,85,Shoulder(s) and back,310,"Fire, unspecified",9999,Nonclassifiable,7261,"Welding, cutting, and blow torches",1,2018-03-30,2018,3,4,43.03,-88.21,237,True
2018043932,1331762,4/24/2018,"Limoges Construction, Inc.",1121 North Covell Avenue,,SIOUX FALLS,SOUTH DAKOTA,57104,43.56,-96.74,238110,1.00,0.00,0.00,1311492,"An employee was cutting rebar with a cut-off saw when the employee's clothing caught fire, causing burns to approximately 70% of the employee's body.",1520,"Heat (thermal) burns, unspecified",899,"Multiple body parts, n.e.c.",314,Ignition of clothing from controlled heat source,9110,"Clothing, unspecified",3570,"Sawing machinery-stationary, unspecified",1,2018-04-24,2018,4,1,43.56,-96.74,238,True
2018044050,1332480,4/27/2018,Lonestar Forming,2500 Summer Lee Drive,,ROCKWALL,TEXAS,75032,32.89,-96.47,238190,1.00,0.00,0.00,1313818,"An employee was cutting rebar using a 4-inch grinder when it started to spark and created a fire. The sparks ignited his vest and sweater, and he received a burn to the right side of his abdomen and chest.",1520,"Heat (thermal) burns, unspecified",38,Multiple trunk locations,314,Ignition of clothing from controlled heat source,9112,"Blouses, shirts, dresses, trousers, skirts",7242,Hand grinders-powered,1,2018-04-27,2018,4,4,32.89,-96.47,238,True
2018054453,1336150,5/8/2018,Skanska Koch,487-491 Hamilton Avenue,,BROOKLYN,NEW YORK,11232,40.66,-73.99,237310,1.00,0.00,0.00,,"An employee was cutting steel with a torch on an elevated expressway structure. As he was lighting the torch, he was burned on both ears, the front of his face, and neck.",1520,"Heat (thermal) burns, unspecified",81,Head and neck,533,Contact with hot objects or substances,7261,"Welding, cutting, and blow torches",,,1,2018-05-08,2018,5,1,40.66,-73.99,237,True
2018054508,1336812,5/9/2018,Miller Pipeline,238 West Jay St. ,,MIDDLETOWN,OHIO,45043,41.45,-74.41,237110,1.00,0.00,0.00,,An employee was relighting a residential pilot light when a fire/explosion occurred. The employee was hospitalized with second degree burns to the face and arms.,1522,Second degree heat (thermal) burns,899,"Multiple body parts, n.e.c.",317,"Ignition of vapors, gases, or liquids",162,Natural gas,,,1,2018-05-09,2018,5,2,41.45,-74.41,237,True
2018055077,1341523,5/24/2018,"THOMAS G. GALLAGHER, INC.",1 Dove Ave.,,SALEM,MASSACHUSETTS,01970,42.51,-70.90,238220,1.00,0.00,0.00,,"An employee turned around after brazing a piece of copper wire; the back of his upper right arm contacted the hot pipe, and he was burned. He was hospitalized with a blood infection from the burn.",1520,"Heat (thermal) burns, unspecified",421,Upper arm(s),533,Contact with hot objects or substances,4123,"Metal pipes, tubing",,,1,2018-05-24,2018,5,3,42.51,-70.9,238,True
2018065396,1344753,6/4/2018,Zachry Industrial Inc.,FM 2004,,ALVIN,TEXAS,77511,29.26,-95.15,236210,1.00,0.00,0.00,,"An employee was loosening bolts on a flange to drain water from a furnace header when he was contacted by condensate, burning his right and left forearms.",1520,"Heat (thermal) burns, unspecified",423,Forearm(s),533,Contact with hot objects or substances,9520,"Liquids, unspecified",,,1,2018-06-04,2018,6,0,29.26,-95.15,236,True
2018065457,1344656,6/4/2018,"Eddie B's Roofing Enterprises, LLC.",10800 SW 211th St. ,,CUTLER BAY,FLORIDA,33189,25.57,-80.36,238160,1.00,0.00,0.00,1323950,"An employee was walking behind a roofing tar kettle when the kettle door exploded, causing hot tar to contact and burn the employee's face, back, shoulder, and neck.",1520,"Heat (thermal) burns, unspecified",899,"Multiple body parts, n.e.c.",323,"Explosion of pressure vessel, piping, or tire",2129,"Containers-pressurized, n.e.c.",,,1,2018-06-04,2018,6,0,25.57,-80.36,238,True
2018065733,1348539,6/12/2018,"Lippolis Electric, Inc.",28-34 Jackson Ave,,LONG ISLAND CITY,NEW YORK,11101,40.74,-73.93,238210,1.00,0.00,0.00,1323037,An employee was installing a receptacle on a live floor box. He was extending the floor box using PVC glue to secure it. The flammable glue ignited with the live wire in the floor box. The employee's left hand sustained second degree burns.,1522,Second degree heat (thermal) burns,440,"Hand(s), unspecified",315,Small-scale (limited) fire ,181,"Adhesives, glues, n.e.c.",4411,Electrical wiring-building,1,2018-06-12,2018,6,1,40.74,-73.93,238,True
2018066138,1351213,6/21/2018,Remco Inc,7070 PA Route 309,,NEW TRIPOLI,PENNSYLVANIA,18066,40.68,-75.74,238220,1.00,0.00,0.00,,"An employee was using an oxy-acetylene torch to repair a leaking refrigeration line to a walk-in freezer. The heat ignited some oil trapped in the line. The employee suffered second-degree burns to the left arm and less serious burns to the right arm and neck, and was hospitalized.",1522,Second degree heat (thermal) burns,420,"Arm(s), unspecified",317,"Ignition of vapors, gases, or liquids",10,"Chemicals and chemical products, unspecified",7261,"Welding, cutting, and blow torches",1,2018-06-21,2018,6,3,40.68,-75.74,238,True
2018066356,1352566,6/26/2018,Zachry Industrial Inc.,Chevron Oronite,,BELLE CHASSE,LOUISIANA,70037,29.81,-90.01,236210,1.00,0.00,0.00,1327265,"An employee was opening a 4-inch condensate line to replace a gasket. Hot condensate steam was released from the flange, burning the employee's elbow and hand.",1520,"Heat (thermal) burns, unspecified",4811,Hand(s) and elbow(s),533,Contact with hot objects or substances,950,"Steam, vapors, liquids, ice, unspecified",,,1,2018-06-26,2018,6,1,29.81,-90.01,236,True
2018066384,1353357,6/27/2018,Flynn BEC LP,333 Church Street,,MIDLOTHIAN,TEXAS,76065,32.50,-96.99,236220,1.00,0.00,0.00,,"An employee side stepped and then tripped and fell. When he reached his arms out to brace for impact, his right arm entered a mop cart of hot asphalt and sustained burns from the top of the hand to just below the elbow.",1520,"Heat (thermal) burns, unspecified",4819,"Hand(s) and arm(s), n.e.c.",533,Contact with hot objects or substances,1644,"Paving asphalt, asphaltic cement",,,1,2018-06-27,2018,6,2,32.5,-96.99,236,True
2018066391,1353381,6/27/2018,Upson Company,5800 N Meeker Avenue,,BOISE,IDAHO,83713,43.65,-116.33,238160,1.00,0.00,0.00,1326828,An employee was pouring gas into a gasoline-powered pump when the gas ignited and burned the employee's chest and legs.,1520,"Heat (thermal) burns, unspecified",899,"Multiple body parts, n.e.c.",317,"Ignition of vapors, gases, or liquids",1641,"Gasoline, diesel fuel, jet fuel",,,1,2018-06-27,2018,6,2,43.65,-116.33,238,True
2018076606,1356112,7/2/2018,JRD Contractors LLC,705 N Nueces Street,,PORT LAVACA,TEXAS,77979,28.61,-96.63,238160,1.00,0.00,0.00,,"An employee was carrying buckets of hot tar to perform roofing activities when he tripped and lost his balance. The hot tar contacted his body, causing third degree burns to both of his hands.",1523,Third or fourth degree heat (thermal) burns,440,"Hand(s), unspecified",533,Contact with hot objects or substances,461,"Roofing asphalt, roofing tar",,,1,2018-07-02,2018,7,0,28.61,-96.63,238,True
2018076648,1356066,7/3/2018,"SUNSHINE LAND DESIGN, INC.",Mc Clifton Perry Beach,,STUART,FLORIDA,34996,27.19,-80.19,237110,1.00,0.00,0.00,,An employee was operating an excavator. The excavator was running hot and the employee was burned while removing the radiator cap.,1520,"Heat (thermal) burns, unspecified",9999,Nonclassifiable,533,Contact with hot objects or substances,9999,Nonclassifiable,,,1,2018-07-03,2018,7,1,27.19,-80.19,237,True
2018077164,1360868,7/16/2018,INFRASOURCE,1000 Paseo Blvd,,KANSAS CITY,MISSOURI,64106,39.09,-94.55,237120,1.00,0.00,0.00,,"An employee was replacing a gas line. When the employee began to cut the line, a fire caused second-degree burns to the employee's right arm, neck, and face.",1522,Second degree heat (thermal) burns,899,"Multiple body parts, n.e.c.",317,"Ignition of vapors, gases, or liquids",160,"Coal, natural gas, petroleum fuels and products, unspecified",,,1,2018-07-16,2018,7,0,39.09,-94.55,237,True
2018077183,1360081,7/17/2018,Hughesco of Rochester   ,1472 Ridgeway Avenue  ,,ROCHESTER,NEW YORK,14615,43.19,-77.67,238220,1.00,0.00,0.00,,"An employee was using acetone to clean dripping foam insulation from a basement wall when the pilot light flame of a hot water tank ignited the acetone fumes, causing first, second, and third degree burns to the employee's legs.",1523,Third or fourth degree heat (thermal) burns,510,"Leg(s), unspecified",317,"Ignition of vapors, gases, or liquids",1241,Acetone,3324,"Furnaces, heaters",1,2018-07-17,2018,7,1,43.19,-77.67,238,True
2018077313,1361532,7/19/2018,Asphalt Producers LLC,171 County Rd 202,,JONESBORO,ARKANSAS,72404,35.77,-90.82,237310,1.00,0.00,0.00,1333827,An employee was preparing to unload liquid asphalt from the tanker truck into the storage tank at the asphalt plant. Hot oil splashed onto the employee after the cap was removed to hook up the hose. The employee sustained burns to the arms and shoulders (4.5% of his body). The safety valve was not closed at the time of the incident.,1520,"Heat (thermal) burns, unspecified",484,Shoulder(s) and arm(s),533,Contact with hot objects or substances,1644,"Paving asphalt, asphaltic cement",,,1,2018-07-19,2018,7,3,35.77,-90.82,237,True
2018077734,1366152,7/30/2018,"GEORGIA DEVELOPMENT PARTNERS, LLC",4917 CHAMBLEE DUNWOODY RD.,(CHAMBLEE-DUNWOODY ROAD PROJECT),DUNWOODY,GEORGIA,30338,33.93,-84.32,238910,1.00,0.00,0.00,,"An employee was shoveling hot asphalt mix inside the box of a truck. The back vertical gate opened partially and the employee fell through, coming into contact with the hot material. The employee suffered severe burns to the stomach, palms, and wrists (requiring skin grafts), as well as possible nerve damage to the right forearm.",1520,"Heat (thermal) burns, unspecified",899,"Multiple body parts, n.e.c.",533,Contact with hot objects or substances,1644,"Paving asphalt, asphaltic cement",,,1,2018-07-30,2018,7,0,33.93,-84.32,238,True
2018088118,1369583,8/8/2018,"Lori's Transportation & Excavation, LLC",Intersection of Saybrook Trail and Saybrook Court,,JONESBORO,GEORGIA,30236,33.54,-84.32,237310,1.00,0.00,0.00,,"An employee was attempting to clean out a tack truck when the spray bar expelled tar/tack onto the employee. He suffered second degree burns to the right side of his face, ear, neck, chest, and arm.",1522,Second degree heat (thermal) burns,899,"Multiple body parts, n.e.c.",533,Contact with hot objects or substances,460,"Tars, sealants, caulking, insulation, unspecified",,,1,2018-08-08,2018,8,2,33.54,-84.32,237,True
2018088368,1371372,8/15/2018,Pilkenton Construction Inc,50 Taylor Road,,SUWANEE,GEORGIA,30024,34.01,-84.02,236220,1.00,0.00,0.00,1339491,"The injured employee was applying flammable, solvent-based adhesive on the roof. As he walked by another employee using a torch to dry the roof, the employee's clothes ignited. The injured employee then entered the area where the adhesive was being applied and a fire started. The injured employee sustained burns to about 80 percent of his body and was hospitalized.",1520,"Heat (thermal) burns, unspecified",891,Whole body,314,Ignition of clothing from controlled heat source,9110,"Clothing, unspecified",7261,"Welding, cutting, and blow torches",1,2018-08-15,2018,8,2,34.01,-84.02,236,True
2018088465,1372342,8/17/2018,"Sealcoating, Inc.",Fall river Expressway,,PORTSMOUTH,RHODE ISLAND,02871,41.62,-71.24,237310,1.00,0.00,0.00,,"An employee was using a wheelbarrow to pour hot stone and rubber into a bridge plug joint when the wheelbarrow started to tip over. As he tried to stop it from falling, the hot rubber contacted his skin, causing a third degree burn to his right forearm between the wrist and elbow.",1523,Third or fourth degree heat (thermal) burns,423,Forearm(s),533,Contact with hot objects or substances,499,"Parts and materials, n.e.c.",874,Wheelbarrow,1,2018-08-17,2018,8,4,41.62,-71.24,237,True
2018088545,1373337,8/20/2018,"Starcon International, Inc.",6400 S. Archer Road,,BEDFORD PARK,ILLINOIS,60638,41.77,-87.82,236220,1.00,0.00,0.00,,"An employee was on an 8-foot scaffold conducting a repair activity on a vessel when a hot substance shot from an opening in the vessel, striking the employee's face and causing second degree burns. The employee also fell off the scaffold and suffered a swollen right wrist.",1522,Second degree heat (thermal) burns,130,"Face, unspecified",533,Contact with hot objects or substances,9999,Nonclassifiable,,,1,2018-08-20,2018,8,0,41.77,-87.82,236,True
2018088580,1375461,8/20/2018,Noreen Construction,109 N 4160 E,,RIGBY,IDAHO,83442,43.64,-111.87,236210,1.00,0.00,0.00,,"An employee was trying to start a truck engine by adding fuel to the carburetor. There was a fire, and the employee suffered burns to the torso and left arm.",1520,"Heat (thermal) burns, unspecified",899,"Multiple body parts, n.e.c.",313,Vehicle or machinery fire,8420,"Truck-motorized freight hauling and utility, unspecified",1641,"Gasoline, diesel fuel, jet fuel",1,2018-08-20,2018,8,0,43.64,-111.87,236,True
2018088607,1373791,8/21/2018,"Ewing Waterproofing Systems, Inc.",Seminole Hardrock Cafe,5223 Orient Rd,TAMPA,FLORIDA,33610,27.99,-82.37,238390,1.00,0.00,0.00,,"An employee was walking and carrying a bucket of hot rubberized material when he tripped and fell over a propane tank line. The bucket hit the ground, causing hot tar to splash onto his arms and burn his skin.",1520,"Heat (thermal) burns, unspecified",420,"Arm(s), unspecified",533,Contact with hot objects or substances,460,"Tars, sealants, caulking, insulation, unspecified",2120,"Containers-pressurized, unspecified",1,2018-08-21,2018,8,1,27.99,-82.37,238,True
2018088909,1375863,8/28/2018,"Haines & Kibblehouse, Inc.","Paving job, Bethlehem Road",,KINTNERSVILLE,PENNSYLVANIA,18930,40.55,-75.17,237310,1.00,0.00,0.00,,"An employee was training another employee on how to light the back part of a paver and set his butane torch down on the paver. When the paver was later started, its doors closed on the torch, causing it to bend, be punctured, and blow up, at which point the employee jumped from the paver. He suffered burns to both arms, his nose, and forehead, as well as a possible broken left heel.",1520,"Heat (thermal) burns, unspecified",899,"Multiple body parts, n.e.c.",329,"Explosion, n.e.c.",7261,"Welding, cutting, and blow torches",3252,"Asphalt and concrete paving machines, pavers",1,2018-08-28,2018,8,1,40.55,-75.17,237,True
2018099148,1378796,9/5/2018,"Ramirez Welding, Inc.",Stratton Tank Battery Station,"27.344421, -97.550824",KINGSVILLE,TEXAS,78363,27.51,-97.85,238190,2.00,0.00,0.00,1345416,Three employees were cutting bolts off a man way using a grinder.  Sparks from the grinder caused a flash fire and the employees were burned. Two employees were hospitalized. The third employee was treated and released.,1520,"Heat (thermal) burns, unspecified",9999,Nonclassifiable,310,"Fire, unspecified",9999,Nonclassifiable,7242,Hand grinders-powered,1,2018-09-05,2018,9,2,27.51,-97.85,238,True
2018099366,1381295,9/11/2018,"Lydick-Hooks Roofing of Lubbock, Inc.",16320 TX-493 Loop,,LUBBOCK,TEXAS,79423,33.44,-101.84,238160,1.00,0.00,0.00,1346114,An employee was carrying hot tar for a roofing installation when the tar burned him.,1520,"Heat (thermal) burns, unspecified",9999,Nonclassifiable,533,Contact with hot objects or substances,461,"Roofing asphalt, roofing tar",,,1,2018-09-11,2018,9,1,33.44,-101.84,238,True
20181010156,1387993,10/2/2018,Duncan Construction Corp.,49th Ave,,SAINT PETERSBURG,FLORIDA,33713,27.81,-82.70,238160,1.00,0.00,0.00,,"An employee was on a ladder, holding a bucket of hot asphalt. He lost his balance and fell to the ground; the asphalt splashed onto him, burning his face, arms and legs. He was hospitalized.",1520,"Heat (thermal) burns, unspecified",899,"Multiple body parts, n.e.c.",533,Contact with hot objects or substances,461,"Roofing asphalt, roofing tar",,,1,2018-10-02,2018,10,1,27.81,-82.7,238,True
20181010205,1388574,10/3/2018,Wulfenstein Construction,Gravel Pit Road,,PAHRUMP,NEVADA,89048,36.18,-115.92,237310,1.00,0.00,0.00,1352212,"An employee was disconnecting an asphalt hose from a truck. Hot asphalt splashed onto the employee's arms, torso, and neck, causing third-degree burns. The employee was hospitalized.",1523,Third or fourth degree heat (thermal) burns,899,"Multiple body parts, n.e.c.",533,Contact with hot objects or substances,1644,"Paving asphalt, asphaltic cement",,,0,2018-10-03,2018,10,2,36.18,-115.92,237,True
20181010216,1388698,10/3/2018,"Empire Steel Erectors, LP",5400 Vale Divide,,AUSTIN,TEXAS,78738,30.31,-97.99,238120,2.00,0.00,0.00,,"While fighting a rooftop fire, two employees slipped on melted tar. The tar got on their hands and arms, causing second-degree burns.",1522,Second degree heat (thermal) burns,4810,"Hand(s) and arm(s), unspecified",312,Other structural fire without collapse  ,620,"Building, unspecified",,,1,2018-10-03,2018,10,2,30.31,-97.99,238,True
20181010511,1390916,10/11/2018,"Trinity Pacific Concrete Service, LLC",Whitefield Academy,1 Whitefield Dr.,MABLETON,GEORGIA,30126,33.82,-84.50,238330,1.00,0.00,0.00,1354130,"An employee was spreading MEK solvent on the floor with a broom when a pilot light ignited, causing a fire. The employee suffered first-through third-degree burns on the chest, hands, and arms.",1523,Third or fourth degree heat (thermal) burns,899,"Multiple body parts, n.e.c.",317,"Ignition of vapors, gases, or liquids",1243,Methyl ethyl ketone,,,1,2018-10-11,2018,10,3,33.82,-84.5,238,True
20181011057,1397210,10/26/2018,"KCK Utility Construction, Inc.",1013-1018 Myrick Lane,,PRINCETON,TEXAS,75407,33.16,-96.52,237110,1.00,0.00,0.00,,"An employee was shutting down a water pump. When the hose was disconnected, hot water was released and burned the employee's leg.",1520,"Heat (thermal) burns, unspecified",510,"Leg(s), unspecified",533,Contact with hot objects or substances,9521,Water,,,1,2018-10-26,2018,10,4,33.16,-96.52,237,True
20181011101,1395763,10/27/2018,"Element Services, LLC",Highway 14 between 83-85,,BRIGGSDALE,COLORADO,80611,40.63,-104.32,238910,1.00,0.00,0.00,1357976,Employees were constructing a tank battery and removing a bottom hatch with a grinder when a fire and explosion occurred from an empty tank. The injured employee received body burns that required hospitalization.,1520,"Heat (thermal) burns, unspecified",9999,Nonclassifiable,320,"Explosion, unspecified",2118,"Tanks, bins, vats-nonconfined space",7242,Hand grinders-powered,1,2018-10-27,2018,10,5,40.63,-104.32,238,True
20181111601,1400433,11/10/2018,PUMPCO Inc.,MLV 11 8270 Sutton CR #406,,SONORA,TEXAS,76950,30.57,-100.64,237120,2.00,0.00,0.00,1359443,Employees were using a trencher to dig when the trencher chain struck a natural gas line and exploded. Two employees suffered burns.,1520,"Heat (thermal) burns, unspecified",9999,Nonclassifiable,323,"Explosion of pressure vessel, piping, or tire",2124,"Pressure lines, except hoses",162,Natural gas,1,2018-11-10,2018,11,5,30.57,-100.64,237,True
20181112223,1404850,11/29/2018,Pittman Construction Company Job #1585,US Hwy 441 & SR 335,,NICHOLSON,GEORGIA,30565,30.96,-82.66,238990,1.00,0.00,0.00,,An employee was clearing the asphalt sprayer bars on the back of a distributor truck when asphalt sprayed and burned his hands and forearm.,1520,"Heat (thermal) burns, unspecified",4819,"Hand(s) and arm(s), n.e.c.",533,Contact with hot objects or substances,1644,"Paving asphalt, asphaltic cement",,,1,2018-11-29,2018,11,3,30.96,-82.66,238,True
20181112305,1405188,11/30/2018,"C.A. Norris, LLC",tops,,ELMIRA,NEW YORK,14903,42.15,-76.88,238990,1.00,0.00,0.00,1363799,An employee was cleaning the interior of a gasoline storage tank using a power washer to facilitate disposal. A fire in the tank caused third-degree burns to the employee's face and hands.,1523,Third or fourth degree heat (thermal) burns,899,"Multiple body parts, n.e.c.",317,"Ignition of vapors, gases, or liquids",1641,"Gasoline, diesel fuel, jet fuel",7293,Power washers,1,2018-11-30,2018,11,4,42.15,-76.88,238,True
20181212444,1407033,12/4/2018,Zentel Tech LLC,7447 W Talcott Ave,,CHICAGO,ILLINOIS,60631,41.98,-87.81,238220,1.00,0.00,0.00,,"On December 4, 2018, an employee had repaired a hot water system line and it began to leak after it was turned back on. It was then shut off, and an adjacent line and pump were turned on. The employee went to find the serial number off the pump that had leaked; when he was in the area, the adjacent pump sprung a leak and sprayed 180-degree water onto him. His back, shoulder, and eye were scalded.",1520,"Heat (thermal) burns, unspecified",899,"Multiple body parts, n.e.c.",533,Contact with hot objects or substances,9521,Water,3797,Pumps,1,2018-12-04,2018,12,1,41.98,-87.81,238,True
20181212511,1407136,12/6/2018,"Municipal & Contractor Sealing Products, Inc. ",2422 Lexington Avenue,,SPRINGFIELD,OHIO,45505,39.91,-83.77,237110,1.00,0.00,0.00,1365351,Employees were purging an epoxy supply hose with MEK (paint thinner) inside an unventilated 4-wheel tow trailer. A torpedo heater in was in use at the time and ignited the MEK. Two employees received burns to the hands and face. A third employee inside the tow trailer was uninjured.,1520,"Heat (thermal) burns, unspecified",899,"Multiple body parts, n.e.c.",317,"Ignition of vapors, gases, or liquids",1872,"Paint removers, thinners",3324,"Furnaces, heaters",1,2018-12-06,2018,12,3,39.91,-83.77,237,True
20181213035,1411299,12/20/2018,Freeman Gas & Electric Co. Inc.,645 Parksbrook Road,,ELLIJAY,GEORGIA,30540,34.59,-84.55,238210,2.00,0.00,0.00,,Two workers received flash burns to their faces and hands while bleeding a residential gas line. The fire was ignited by the customer's cigarette.,1520,"Heat (thermal) burns, unspecified",899,"Multiple body parts, n.e.c.",317,"Ignition of vapors, gases, or liquids",1643,Propane,99,"Source, n.e.c.",1,2018-12-20,2018,12,3,34.59,-84.55,238,True
2019010027,1413686,1/2/2019,Metta Construction,86-88 South Broad Street,,PAWCATUCK,CONNECTICUT,06379,41.37,-71.85,238130,1.00,0.00,0.00,1369176,"An employee was refueling a gas-powered air compressor. Fuel contacted the hot muffler and ignited. The employee suffered burns to the hands, face and chest.",1520,"Heat (thermal) burns, unspecified",9999,Nonclassifiable,30,"Fire or explosion, unspecified ",3991,Air compressors,,,1,2019-01-02,2019,1,2,41.37,-71.85,238,True
2019010082,1413451,1/3/2019,"AEC SERVICES, INC.",1324 Us HWY 19,,HOLIDAY,FLORIDA,34691,28.17,-82.73,238990,1.00,0.00,0.00,1374929,"An employee was installing petroleum piping and working with a dispenser sump at a work site when a small explosion occurred, causing burns to his body.",1520,"Heat (thermal) burns, unspecified",9999,Nonclassifiable,320,"Explosion, unspecified",9999,Nonclassifiable,,,1,2019-01-03,2019,1,3,28.17,-82.73,238,True
2019010143,1414072,1/5/2019,"Sunland Construction, Inc.",1200 Lawndale Street,,HOUSTON,TEXAS,77017,29.70,-95.22,237120,2.00,0.00,0.00,1369662,"Two employees were helping welders by holding a 16"" flange when a flash fire occurred. The first employee suffered a puncture wound from a vent pipe and burns to the face. The second employee suffered burns to the back of his neck, his back, and his right arm.",1520,"Heat (thermal) burns, unspecified",130,"Face, unspecified",310,"Fire, unspecified",9999,Nonclassifiable,7261,"Welding, cutting, and blow torches",1,2019-01-05,2019,1,5,29.7,-95.22,237,True
2019010171,1414668,1/7/2019,"Expansions, LLC. ",3600 Hwy 411 NE,,WHITE,GEORGIA,30184,34.28,-84.73,236210,1.00,0.00,0.00,,An employee was cutting a loose bar or rebar using a handheld saw. The sparks generated by the cutting process ignited the employee's right pant leg. The employee suffered burns to the right leg.,1520,"Heat (thermal) burns, unspecified",510,"Leg(s), unspecified",314,Ignition of clothing from controlled heat source,9112,"Blouses, shirts, dresses, trousers, skirts",7220,"Cutting handtools-powered, unspecified",1,2019-01-07,2019,1,0,34.28,-84.73,236,True
2019010450,1416991,1/14/2019,Engineered Cooling Services,351 S. State Road 434,,ALTAMONTE SPRINGS,FLORIDA,32714,28.65,-81.41,238220,1.00,0.00,0.00,,"An employee was attempting to remove a scroll compressor and was pulling on the suction line while his helper was heating the solder joint enough to allow him to pull the joint apart. His helper was in the process of removing the flame when hot refrigerant oil sprayed onto the employee's face, forearm, and neck, causing burns.",1520,"Heat (thermal) burns, unspecified",899,"Multiple body parts, n.e.c.",533,Contact with hot objects or substances,160,"Coal, natural gas, petroleum fuels and products, unspecified",,,1,2019-01-14,2019,1,0,28.65,-81.41,238,True
2019011069,1423364,1/29/2019,"ASPHALT PAVING SPECIALISTS, INC.",242 South US-1,,DANIA BEACH,FLORIDA,33004,26.05,-80.14,237310,1.00,0.00,0.00,,An employee was fueling a tack distributor with gas when it suddenly caught fire on the burners. The employee received burns on his right hand.,1520,"Heat (thermal) burns, unspecified",440,"Hand(s), unspecified",313,Vehicle or machinery fire,3251,Asphalt and concrete spreaders,1640,"Petroleum fuels, distillates, and products, unspecified",1,2019-01-29,2019,1,1,26.05,-80.14,237,True
2019021284,1424169,2/5/2019,"The Brandt Companies, LLC",1901 N MacArthur ,,IRVING,TEXAS,75061,32.83,-96.96,238220,1.00,0.00,0.00,1378075,"An employee was using a chain hoist to position a pipe to be welded when the chain caught a valve on the existing pipe and opened the valve, releasing hot water on the employee. He suffered burns to the right arm (from his forearm to his bicep) and right torso (from the ribs to the stomach).",1520,"Heat (thermal) burns, unspecified",899,"Multiple body parts, n.e.c.",533,Contact with hot objects or substances,9521,Water,,,1,2019-02-05,2019,2,1,32.83,-96.96,238,True
2019021493,1425173,2/10/2019,"GRP Mechanical Company, Inc.",900 S Central Ave,,ROXANA,ILLINOIS,62084,38.84,-90.07,237120,1.00,0.00,0.00,1377877,At approximately 4:30 p.m. there was an explosion and fire while starting up a unit at a refinery. One employee was burned on the face.,1520,"Heat (thermal) burns, unspecified",130,"Face, unspecified",320,"Explosion, unspecified",9999,Nonclassifiable,,,1,2019-02-10,2019,2,6,38.84,-90.07,237,True
2019021521,1425650,2/11/2019,Crossland Heavy Contractors,3301 S 8 Highway SS,,SPRINGFIELD,MISSOURI,65807,37.17,-93.32,236220,1.00,0.00,0.00,1378495,An employee was using a cutoff saw to cut a hole in the top of a digester tank. Sparks ignited the methane gas in the digester tank. He was thrown over a railing and fell. The methane gas explosion burned his back and midsection.,1520,"Heat (thermal) burns, unspecified",38,Multiple trunk locations,322,"Explosion of nonpressurized vapors, gases, or liquids",1761,Methane gas,7224,"Saws-powered, except chainsaws",1,2019-02-11,2019,2,0,37.17,-93.32,236,True
2019021736,1427822,2/15/2019,JP Cullen & Sons Inc.,6770 Highway 12,,NORTH FREEDOM,WISCONSIN,53951,44.73,-91.20,236220,1.00,0.00,0.00,,An employee caught fire while warming up next to a heater. The employee suffered second-degree burns to the left leg.,1522,Second degree heat (thermal) burns,510,"Leg(s), unspecified",314,Ignition of clothing from controlled heat source,9110,"Clothing, unspecified",3324,"Furnaces, heaters",1,2019-02-15,2019,2,4,44.73,-91.2,236,True
2019021888,1429198,2/20/2019,"JV Industrial Companies, Ltd.",ExxonMobil MOB,2800 Decker Dr.,BAYTOWN,TEXAS,77520,29.75,-94.99,237120,1.00,0.00,0.00,,"An employee started to cut a thermowell (a 2-inch piece of pipe with a sensor inside) using a portable bandsaw. A flash caused minor burns to the employee's chin, neck, and wrists; the employee was hospitalized.",1520,"Heat (thermal) burns, unspecified",899,"Multiple body parts, n.e.c.",310,"Fire, unspecified",9999,Nonclassifiable,7224,"Saws-powered, except chainsaws",1,2019-02-20,2019,2,2,29.75,-94.99,237,True
2019022191,1431135,2/28/2019,Astro Plumbing General Cont P L Hernandez Fuentez,"702 H Street, NW",,WASHINGTON,DISTRICT OF COLUMBIA,20040,38.89,-77.02,238220,1.00,0.00,0.00,,"An employee was repairing a gas leak at a restaurant. Flames from a grill ignited the gas and the employee suffered second degree burns on the hands, face and ankles.",1522,Second degree heat (thermal) burns,899,"Multiple body parts, n.e.c.",317,"Ignition of vapors, gases, or liquids",160,"Coal, natural gas, petroleum fuels and products, unspecified",3326,"Ranges, cooking ovens, grills, toasters, food warmers",1,2019-02-28,2019,2,3,38.89,-77.02,238,True
2019032608,1436588,3/12/2019,"FENNEWALD CUSTOM WELDING, INC",105 W Jefferson,,MARTINSBURG,MISSOURI,65264,39.10,-91.64,238190,1.00,0.00,0.00,1387306,Four employees were working inside the shop on a propane tank. They were removing a valve from the propane tank when the gas filled the workspace and ignited. One employee was burned and required hospitalization.,1520,"Heat (thermal) burns, unspecified",9999,Nonclassifiable,317,"Ignition of vapors, gases, or liquids",1643,Propane,,,1,2019-03-12,2019,3,1,39.1,-91.64,238,True
2019032638,1435987,3/12/2019,Central States Roofing,645 Widefield Dr,,COLORADO SPRINGS,COLORADO,80911,38.75,-104.73,238160,1.00,0.00,0.00,,"An employee was suspending a pour pot above an open kettle of hot tar when the wire broke and the pour pot fell into the kettle, splashing hot tar on the employee. The employee was hospitalized with burns to the face and neck.",1520,"Heat (thermal) burns, unspecified",81,Head and neck,533,Contact with hot objects or substances,461,"Roofing asphalt, roofing tar",,,1,2019-03-12,2019,3,1,38.75,-104.73,238,True
2019033186,1439819,3/27/2019,"Durward Dunn, Inc.",43564 Camp Rd.,,SLIDELL,LOUISIANA,70461,30.23,-89.67,237990,1.00,0.00,0.00,1388605,An employee was cutting steel with a torch when their shirt caught on fire and the employee was burned.,1520,"Heat (thermal) burns, unspecified",9999,Nonclassifiable,314,Ignition of clothing from controlled heat source,9112,"Blouses, shirts, dresses, trousers, skirts",7261,"Welding, cutting, and blow torches",1,2019-03-27,2019,3,2,30.23,-89.67,237,True
2019043398,1443186,4/2/2019,Allen Keller Company,110 Low Lonesome Rd,,JUNCTION,TEXAS,76849,30.53,-99.87,236220,1.00,0.00,0.00,1391208,"An employee was using an infrared gun to check the temperature of hot mix that was being loaded into an elevator to feed a silo. The flames rose, burning his face and neck.",1520,"Heat (thermal) burns, unspecified",81,Head and neck,315,Small-scale (limited) fire ,1644,"Paving asphalt, asphaltic cement",,,1,2019-04-02,2019,4,1,30.53,-99.87,236,True
2019043436,1442321,4/3/2019,Lennox National Account Services,1355 Walker Chapel Road,,FULTONDALE,ALABAMA,35068,33.60,-86.80,238220,1.00,0.00,0.00,,"An employee was changing a 5-ton compressor on an HVAC unit using an acetylene torch. While applying heat to the discharge line, residual oil/freon that had been expelled during brazing ignited, causing first and second degree burns to the upper chest and face.",1522,Second degree heat (thermal) burns,83,Head and trunk,317,"Ignition of vapors, gases, or liquids",1322,Fluorotrichloromethane,7261,"Welding, cutting, and blow torches",1,2019-04-03,2019,4,2,33.6,-86.8,238,True
2019043777,1445500,4/12/2019,"Stokes Marine, Inc.",15955 Pine Ridge Rd,,FORT MYERS,FLORIDA,33908,26.50,-81.93,237990,1.00,0.00,0.00,,An employee was refueling a gas pump when it caught fire. The employee's legs and arms were burned.,1520,"Heat (thermal) burns, unspecified",87,Upper and lower limb(s),317,"Ignition of vapors, gases, or liquids",1641,"Gasoline, diesel fuel, jet fuel",3797,Pumps,1,2019-04-12,2019,4,4,26.5,-81.93,237,True
2019043871,1446795,4/16/2019,Lanzo Corporation,3023 Gunckel Blvd.,,TOLEDO,OHIO,43606,41.67,-83.59,236220,1.00,0.00,0.00,,"On April 17, 2019, an employee was helping to fix an issue with the pipe system. The employee removed a hose from the boiler truck used in the pipe lining process and hot water sprayed out, burning the employee's legs. The employee was hospitalized.",1520,"Heat (thermal) burns, unspecified",510,"Leg(s), unspecified",533,Contact with hot objects or substances,9521,Water,,,1,2019-04-16,2019,4,1,41.67,-83.59,236,True
2019043891,1446771,4/16/2019,RAM Industrial Services LLC,1799 Plank Road,,CARROLLTOWN,PENNSYLVANIA,15722,40.58,-78.71,238210,1.00,0.00,0.00,1396580,"An employee was welding when the welding hose blew out, causing third degree burns to his lower abdomen.",1523,Third or fourth degree heat (thermal) burns,330,"Abdomen, except internal location of diseases or disorders",533,Contact with hot objects or substances,7261,"Welding, cutting, and blow torches",,,1,2019-04-16,2019,4,1,40.58,-78.71,238,True
2019043947,1446770,4/17/2019,NLS Paving,on OH 9 about 1/4 mile south of intersection OH 519 and OH 9,,NEW ATHENS,OHIO,43981,40.18,-80.99,238990,2.00,0.00,0.00,,"An employee was using a handheld propane torch to heat the end of another tool. The employee turned the propane torch off and set it on a truck. The truck caught on fire. The employee and another employee tried to suffocate the fire, then used fire extinguishers to put the fire out. Both employees sustained burns to the right arm and face. One employee also sustained a burn to the back. They were both hospitalized.",1520,"Heat (thermal) burns, unspecified",899,"Multiple body parts, n.e.c.",313,Vehicle or machinery fire,8420,"Truck-motorized freight hauling and utility, unspecified",7261,"Welding, cutting, and blow torches",1,2019-04-17,2019,4,2,40.18,-80.99,238,True
2019043978,1447538,4/18/2019,"Advanced Mechanical Services Of Central Florida, Inc. ",1045 US Hwy 3315,,CRESTVIEW,FLORIDA,32536,30.73,-86.60,238220,1.00,0.00,0.00,,"An employee was changing out a compressor at a store. While sweating the lines, the pressure built up in the line and the oil shot out along with flames, causing second degree burns on both arms from his fingertips to the elbows and a slight burn on his lower abdomen.",1522,Second degree heat (thermal) burns,489,"Multiple upper extremities locations, n.e.c.",317,"Ignition of vapors, gases, or liquids",160,"Coal, natural gas, petroleum fuels and products, unspecified",7261,"Welding, cutting, and blow torches",1,2019-04-18,2019,4,3,30.73,-86.6,238,True
2019044036,1447632,4/19/2019,"Dunn Construction Company, Inc.",Longview Asphalt Plant,991 Highway 31 S,SAGINAW,ALABAMA,35137,33.20,-86.77,237310,1.00,0.00,0.00,1396384,"An employee was walking by a pipe that was placed on a stand to be unclogged of liquid asphalt. The heated asphalt bubbled out of the pipe and onto the employee as he walked by, burning his arms and legs.",1520,"Heat (thermal) burns, unspecified",87,Upper and lower limb(s),533,Contact with hot objects or substances,1644,"Paving asphalt, asphaltic cement",,,1,2019-04-19,2019,4,4,33.2,-86.77,237,True
2019044351,1453347,4/30/2019,"Supreme Ag Construction, Inc.",7111 Old U.S. Route 35 SE,,WASHINGTON COURT HOUSE,OHIO,43160,39.52,-83.42,238220,3.00,0.00,0.00,1399278,Three employees were hospitalized for burns after a propane gas explosion occurred.,1520,"Heat (thermal) burns, unspecified",9999,Nonclassifiable,322,"Explosion of nonpressurized vapors, gases, or liquids",1643,Propane,,,1,2019-04-30,2019,4,1,39.52,-83.42,238,True
2019054405,1451281,5/1/2019,Edgar Quintin Inc,1955 Dundee Drive,,WINTER PARK,FLORIDA,32789,28.59,-81.32,238160,1.00,0.00,0.00,1405016,An employee was mopping hot tar on a roof when his foot stuck to the roof. As he tried to move he fell and his arms landed in the mop bucket which contained hot tar. The employee sustained burns to the left arm and right hand requiring hospitalization.,1520,"Heat (thermal) burns, unspecified",4810,"Hand(s) and arm(s), unspecified",424,"Fall onto or against object on same level, n.e.c.",6543,Roof surfaces other than roof edge,461,"Roofing asphalt, roofing tar",1,2019-05-01,2019,5,2,28.59,-81.32,238,True
2019054840,1455161,5/13/2019,"Western Construction, Inc.",I-15 W site,,POCATELLO,IDAHO,83201,42.88,-112.42,237310,1.00,0.00,0.00,,An employee was using a scraper to clean debris from an asphalt paver when his safety vest became caught on the paver and he was pulled in toward the auger. He was hospitalized with second and third degree burns from the mid-torso to the armpit. The paver was running at the time of the incident.,1523,Third or fourth degree heat (thermal) burns,899,"Multiple body parts, n.e.c.",533,Contact with hot objects or substances,3252,"Asphalt and concrete paving machines, pavers",9119,"Clothing, n.e.c.",1,2019-05-13,2019,5,0,42.88,-112.42,237,True
2019054914,1455768,5/14/2019,NICOLOZAKES TRUCKING & CONSTRUCTION INC.,8555 GEORGETOWN ROAD P.O. BOX 670,,CAMBRIDGE,OHIO,43725,40.00,-81.58,236210,1.00,0.00,0.00,,An employee was attempting to rekindle a small fire with gasoline to burn scrap wood when the resulting fire burned the employee.,1520,"Heat (thermal) burns, unspecified",9999,Nonclassifiable,317,"Ignition of vapors, gases, or liquids",1641,"Gasoline, diesel fuel, jet fuel",949,"Scrap, waste, debris, n.e.c.",1,2019-05-14,2019,5,1,40.0,-81.58,236,True
2019054926,1455551,5/15/2019,Clearwater Solutions,4800 McInnis Ave,,MOSS POINT,MISSISSIPPI,39563,30.40,-88.53,237310,1.00,0.00,0.00,,"An employee was opening the door to an asphalt truck when it exploded, causing burns to both arms and his chest, neck, and face.",1520,"Heat (thermal) burns, unspecified",899,"Multiple body parts, n.e.c.",329,"Explosion, n.e.c.",3250,"Road grading and surfacing machinery, unspecified",,,1,2019-05-15,2019,5,2,30.4,-88.53,237,True
2019055178,1458262,5/22/2019,CENTRAL STATES ROOFING CO.,1450 Academy Park Loop,Atlas Prep High School,COLORADO SPRINGS,COLORADO,80910,38.81,-104.75,238160,1.00,0.00,0.00,,"A crew was applying hot asphalt to a built-up roof. They were tearing off the old roof and applying layers of asphalt and roofing materials to build the roof up at several layers. Asphalt is heated on the ground and built up through a pipe, put into a pie boy and a low-profile mop cart (400 to 500 degrees F), and applied to the roof with a mop that spreads hot asphalt at the right thickness. Because the asphalt cools quickly, the crew had to lay it out in a grid on rolls of felt. The injured employee was dry-setting some felt while others were mopping. He was walking backwards and bent over, rolling out the felt. As he walked back to the cart, someone called out to him. He then fell over the tires and back onto the hot cart, rolled to the side to try and avoid the hot asphalt, but tipped over the cart. His inside forearm and outside forearm came into contact with hot asphalt, suffering third degree burns.",1523,Third or fourth degree heat (thermal) burns,423,Forearm(s),533,Contact with hot objects or substances,461,"Roofing asphalt, roofing tar",871,"Cart, dolly, hand truck-nonpowered",1,2019-05-22,2019,5,2,38.81,-104.75,238,True
2019065709,1462862,6/6/2019,"Dayton Lease & Pipeline Services, Inc.",5415 Ave M,,SANTA FE,TEXAS,77510,29.36,-95.08,237120,2.00,0.00,0.00,1407085,"Employees were using a tapping machine to perform a hot tap on a natural gas line. As the employees began a three-way bypass, a flash fire occurred. Two of the employees were hospitalized for burns.",1520,"Heat (thermal) burns, unspecified",9999,Nonclassifiable,317,"Ignition of vapors, gases, or liquids",162,Natural gas,,,1,2019-06-06,2019,6,3,29.36,-95.08,237,True
2019065917,1465409,6/12/2019,"EZ CAULKING & WATERPROOFING, INC.",300 Williams Island,,AVENTURA,FLORIDA,33160,25.94,-80.13,238390,1.00,0.00,0.00,,An employee sustained a hot tar burn on his hand from a hot tar kettle splash.,1520,"Heat (thermal) burns, unspecified",440,"Hand(s), unspecified",533,Contact with hot objects or substances,461,"Roofing asphalt, roofing tar",,,1,2019-06-12,2019,6,2,25.94,-80.13,238,True
2019066605,1491720,6/19/2019,EDRO Specialty Steel,1027 Conshohocken Rd.,,CONSHOHOCKEN,PENNSYLVANIA,19428,40.08,-75.31,238120,1.00,0.00,0.00,,"An employee was placing a metal plate into a furnace to be heat-treated when he tripped and fell forward, resulting in his hands making contact with the hot metal plate. He suffered burns to the palms of both hands and was hospitalized.",1520,"Heat (thermal) burns, unspecified",440,"Hand(s), unspecified",533,Contact with hot objects or substances,4135,"Metal plates, metal panels",,,1,2019-06-19,2019,6,2,40.08,-75.31,238,True
2019066317,1469066,6/24/2019,CENTRAL STATES ROOFING CO.,445 Jersey Lane,,COLORADO SPRINGS,COLORADO,80911,38.72,-104.71,238160,1.00,0.00,0.00,1411399,"An employee was applying hot asphalt to material layers. As the employee moved toward a parapet wall to cut a roll of felt, the employee slipped and fell forward. The employee's hand then entered the mop cart that contained the hot asphalt, causing third degree burns to the right hand and wrist.",1523,Third or fourth degree heat (thermal) burns,482,Hand(s) and wrist(s),424,"Fall onto or against object on same level, n.e.c.",6540,"Roofs, unspecified",461,"Roofing asphalt, roofing tar",1,2019-06-24,2019,6,0,38.72,-104.71,238,True
2019076820,1473761,7/8/2019,"Industry Services Co., Inc.",375 Muscogee Rd.,,CANTONMENT,FLORIDA,32533,30.60,-87.32,238140,1.00,0.00,0.00,1414072,"On July 8, 2019, an employee was using a forklift (to unload a heater from a truck) when it caught fire. The employee suffered second and third degree burns to 40 percent of his body and hospitalized.",1523,Third or fourth degree heat (thermal) burns,80,"Multiple body parts, unspecified",313,Vehicle or machinery fire,8621,"Forklift, order picker, platform truck-powered",,,1,2019-07-08,2019,7,0,30.6,-87.32,238,True
2019076930,1474721,7/10/2019,"Brock Services, LLC.",9701 Manchester St.,,HOUSTON,TEXAS,77012,29.71,-95.25,238990,1.00,0.00,0.00,,A Brock employee was installing insulation in or near the vent drum of an aerator when hot water condensate released out of a steam line directly above the employee. The employee sustained second degree burns and was hospitalized.,1522,Second degree heat (thermal) burns,9999,Nonclassifiable,533,Contact with hot objects or substances,951,"Steam, vapors-nonchemical",,,1,2019-07-10,2019,7,2,29.71,-95.25,238,True
2019077323,1478801,7/18/2019,"San Miguel Electric Cooperative, Inc. ",6200 FM 3387,,CHRISTINE,TEXAS,78012,28.71,-98.46,238210,1.00,0.00,0.00,,"On July 18, 2019, two employees were washing down ash in the economizer hopper. The water that was being applied struck a pocket of hot ash, causing it to flash. Ash and steam contacted one employee s thighs and forearms, and entered his work boots, resulting in burns and hospitalization. The second employee sustained a minor burn to his arm requiring first aid.",1520,"Heat (thermal) burns, unspecified",87,Upper and lower limb(s),533,Contact with hot objects or substances,949,"Scrap, waste, debris, n.e.c.",,,1,2019-07-18,2019,7,3,28.71,-98.46,238,True
2019077578,1480239,7/24/2019,Northern Metal & Roofing Co. Inc.,320 Packerland Drive,,GREEN BAY,WISCONSIN,54303,44.53,-88.09,238160,1.00,0.00,0.00,1418792,"An employee was heating tar with a propane torch. Tar and fire blew out of the tank when the valve came off. The employee suffered burns to the arms, legs and body.",1520,"Heat (thermal) burns, unspecified",899,"Multiple body parts, n.e.c.",533,Contact with hot objects or substances,3329,"Heating and cooking machinery and appliances, n.e.c.",,,1,2019-07-24,2019,7,2,44.53,-88.09,238,True
2019087961,1484239,8/3/2019,Straight Edge Striping,320 DIAMOND SPRING RD,,DENVILLE,NEW JERSEY,07834,40.90,-74.46,237310,1.00,0.00,0.00,,An employee was splashed with hot tar after a machinery malfunction.,1520,"Heat (thermal) burns, unspecified",9999,Nonclassifiable,533,Contact with hot objects or substances,1644,"Paving asphalt, asphaltic cement",,,1,2019-08-03,2019,8,5,40.9,-74.46,237,True
2019088128,1485933,8/8/2019,BCH Mechanical,Raymond James Stadium,4201 N Dale Mabry Highway,TAMPA,FLORIDA,33607,27.95,-82.44,238220,1.00,0.00,0.00,,"An employee was working on a gas line when a gas leak caused a small explosion/fire, burning the employee's hands.",1520,"Heat (thermal) burns, unspecified",440,"Hand(s), unspecified",322,"Explosion of nonpressurized vapors, gases, or liquids",160,"Coal, natural gas, petroleum fuels and products, unspecified",,,1,2019-08-08,2019,8,3,27.95,-82.44,238,True
2019088527,1490042,8/19/2019,"Shelby Erectors, Inc.",I-4 Ultimate Project,,ORLANDO,FLORIDA,32801,28.42,-81.35,238120,1.00,0.00,0.00,,"An employee was setting a pier column and needed to cut a piece of rebar with a gas-powered saw. When the employee started the saw to cut the rebar, it exploded and his pant leg caught on fire, burning the back of his left leg.",1520,"Heat (thermal) burns, unspecified",510,"Leg(s), unspecified",329,"Explosion, n.e.c.",7224,"Saws-powered, except chainsaws",,,1,2019-08-19,2019,8,0,28.42,-81.35,238,True
2019088639,1490645,8/20/2019,Prospect Waterproofing Company ,88 Peninsula Ave NW,,WASHINGTON,DISTRICT OF COLUMBIA,20004,38.89,-77.02,238160,1.00,0.00,0.00,,An employee was laying hot rubberized asphalt material when it splashed and burned the employee's left wrist.,1520,"Heat (thermal) burns, unspecified",43,Wrist(s),533,Contact with hot objects or substances,461,"Roofing asphalt, roofing tar",,,1,2019-08-20,2019,8,1,38.89,-77.02,238,True
2019088695,1491514,8/22/2019,Oakley Grading and Pipeline LLC,105 Kelly Farm Rd,,NEWNAN,GEORGIA,30265,33.48,-84.68,237110,1.00,0.00,0.00,,An employee was throwing trash into a burn pile. Something in the trash exploded and burned the employee's face and left arm.,1520,"Heat (thermal) burns, unspecified",899,"Multiple body parts, n.e.c.",315,Small-scale (limited) fire ,944,"Trash, garbage",,,1,2019-08-22,2019,8,3,33.48,-84.68,237,True
2019089077,1510569,8/30/2019,"Zenith Business Group, Inc.",1719 Clement Rd,,LUTZ,FLORIDA,33549,28.12,-82.43,238990,1.00,0.00,0.00,1441164,"At 11:00 a.m. on August 30, 2019, an employee was clearing a lit burn pit. An explosion caused second-degree burns to both his arms and first-degree burns to his face and side. He was hospitalized.",1522,Second degree heat (thermal) burns,420,"Arm(s), unspecified",320,"Explosion, unspecified",9999,Nonclassifiable,,,1,2019-08-30,2019,8,4,28.12,-82.43,238,True
2019099158,1494910,9/4/2019,Blazer Waterproofing Systems Inc,1022 Eagles Nest Circle ,,VAIL,COLORADO,81657,39.63,-106.35,238390,1.00,0.00,0.00,1429140,"An employee was spraying an adhesive for insulation. The atmosphere ignited and the employee suffered second- and third-degree burns to the face, neck, arms, and hands.",1523,Third or fourth degree heat (thermal) burns,899,"Multiple body parts, n.e.c.",317,"Ignition of vapors, gases, or liquids",181,"Adhesives, glues, n.e.c.",,,1,2019-09-04,2019,9,2,39.63,-106.35,238,True
2019099193,1495732,9/5/2019,Diversified Gas & Oil Corporation,Pipeline Jobsite,GPS 40.67416-79.01395,CLYMER,PENNSYLVANIA,15728,40.67,-78.97,237120,1.00,0.00,0.00,,"While an employee was preparing a coupler for installation on a pipeline, residual natural gas flared and caught fire. The employee was hospitalized with burns to the face and arms.",1520,"Heat (thermal) burns, unspecified",899,"Multiple body parts, n.e.c.",317,"Ignition of vapors, gases, or liquids",162,Natural gas,,,1,2019-09-05,2019,9,3,40.67,-78.97,237,True
2019099342,1496897,9/9/2019,"Burkes Mechanical, Inc.",#2 Industrial Road,,BRENT,ALABAMA,35034,32.93,-87.16,238210,1.00,0.00,0.00,,"A maintenance employee had just tightened a bolt. A second employee then put a wrench on it to check it. As the second employee was applying pressure to the wrench, a valve which controls the flow from the degreaser to the washer opened slightly. The injured employee was sprayed by 200-degree stock. He sustained third degree burns to both hands and second degree burns to his back.",1523,Third or fourth degree heat (thermal) burns,440,"Hand(s), unspecified",533,Contact with hot objects or substances,9520,"Liquids, unspecified",,,1,2019-09-09,2019,9,0,32.93,-87.16,238,True
2019099500,1497919,9/11/2019,Georgia Power Company,Lambs Ridge Rd. at S. Coleman St.,,SWAINSBORO,GEORGIA,30401,32.59,-82.32,238210,1.00,0.00,0.00,,"A lineman was trying to change out a recloser when hot hydraulic fluid splashed on his arm and back, causing second-degree burns.",1522,Second degree heat (thermal) burns,899,"Multiple body parts, n.e.c.",533,Contact with hot objects or substances,1642,"Lubricating greases, cutting oils",,,1,2019-09-11,2019,9,2,32.59,-82.32,238,True
2019099550,1498115,9/12/2019,Grimsley-Tucker Inc.,1650 N Heideke St.,,SEGUIN,TEXAS,78155,29.58,-97.95,238210,1.00,0.00,0.00,1431342,"Two employees were changing an expansion valve on an outdoor chiller unit. One employee was using a canister torch to sweat the piping and valve while the other was pulling on the pipe with a pair of pliers. When the connection came loose, excess fluid inside of the valve was ignited by the torch and splashed onto the employee with the torch. The employee suffered second-degree burns from the right side of the face down to the right side of the waist.",1522,Second degree heat (thermal) burns,899,"Multiple body parts, n.e.c.",317,"Ignition of vapors, gases, or liquids",1322,Fluorotrichloromethane,7261,"Welding, cutting, and blow torches",1,2019-09-12,2019,9,3,29.58,-97.95,238,True
2019099595,1498579,9/13/2019,Texas Materials Group,12301 Camp Bowie West,Behind Building 12301/Small Blue Trailer,ALEDO,TEXAS,76008,32.71,-97.53,238110,1.00,0.00,0.00,1432025,"On September 13, 2019, at 9:50 A.M., an employee was disconnecting a hose from an asphaltic cement tanker when hot asphaltic cement material contacted and burned his hands, arms, and knees. The tanker valve was not closed at the time of the incident.",1520,"Heat (thermal) burns, unspecified",87,Upper and lower limb(s),533,Contact with hot objects or substances,1644,"Paving asphalt, asphaltic cement",,,1,2019-09-13,2019,9,4,32.71,-97.53,238,True
2019099655,1499114,9/16/2019,"KEY CONSTRUCTORS, LLC","Hwy 18, Site 2",,UTICA,MISSISSIPPI,39175,32.11,-90.60,237310,1.00,0.00,0.00,,"An employee was refueling a water pump when the gasoline began to overflow out of the fuel tanks. It spilled on both the exhaust and the employee, then ignited, burning the backs of the employee's legs above the knees.",1520,"Heat (thermal) burns, unspecified",511,Thigh(s),317,"Ignition of vapors, gases, or liquids",1641,"Gasoline, diesel fuel, jet fuel",3797,Pumps,1,2019-09-16,2019,9,0,32.11,-90.6,237,True
20190910092,1503787,9/26/2019,James Hamilton Construction CO.,398 TX 83,,DENVER CITY,TEXAS,79323,32.96,-102.82,236210,1.00,0.00,0.00,,"A truck driver was mixing oil (heated at about 375-380 degrees) in his truck for road work. The oil sprayed the driver, burning his neck, forehead, and lower arms.",1520,"Heat (thermal) burns, unspecified",899,"Multiple body parts, n.e.c.",533,Contact with hot objects or substances,1640,"Petroleum fuels, distillates, and products, unspecified",,,1,2019-09-26,2019,9,3,32.96,-102.82,236,True
20190910170,1503720,9/28/2019,"Jones Brothers Dirt & Paving Contractors, Inc.",HWY 302 2.5 miles West ,,MENTONE,TEXAS,79754,31.82,-103.65,237310,1.00,0.00,0.00,,"After using a hose to transfer asphalt from a distributor to a holding tank, an employee was removing the hose when the asphalt splashed him, burning his face, neck, arms, chest, and stomach. He was hospitalized.",1520,"Heat (thermal) burns, unspecified",899,"Multiple body parts, n.e.c.",533,Contact with hot objects or substances,1644,"Paving asphalt, asphaltic cement",,,1,2019-09-28,2019,9,5,31.82,-103.65,237,True
20191010288,1504397,10/1/2019,Lindy Paving,3580 Wheelertown Road,,WATERFORD,PENNSYLVANIA,16441,41.90,-79.93,237310,1.00,0.00,0.00,1436398,"An employee was walking down a catwalk. At the same time, an automated system was cleaning and removing aggregate from the drag conveyor of asphalt equipment by spraying diesel fuel onto the conveyor. As the cleaning was taking place, the vapors from the diesel fuel ignited, creating a flash fire. The employee was burned on his face, neck, and arms, requiring hospitalization.",1520,"Heat (thermal) burns, unspecified",899,"Multiple body parts, n.e.c.",317,"Ignition of vapors, gases, or liquids",1641,"Gasoline, diesel fuel, jet fuel",,,1,2019-10-01,2019,10,1,41.9,-79.93,237,True
20191010320,1505597,10/2/2019,"Baldwin Paving Company, Inc.",7520 Factory Shoals Rd,,AUSTELL,GEORGIA,30168,33.77,-84.58,237310,1.00,0.00,0.00,,"An employee was in a verbal altercation with a coworker. The site foreman intervened and the employee began walking away. As the employee was walking away, the coworker assaulted him from behind with a punch to the head. He lost consciousness and fell into hot asphalt that had been freshly poured nearby. He was hospitalized with burns to the left side of the face, the left shoulder, and left forearm.",1520,"Heat (thermal) burns, unspecified",899,"Multiple body parts, n.e.c.",1113,"Hitting, kicking, beating, shoving",5721,Co-worker,1644,"Paving asphalt, asphaltic cement",1,2019-10-02,2019,10,2,33.77,-84.58,237,True
20191010366,1505155,10/3/2019,RK Mechanical Inc,1719 E 19th Ave,,DENVER,COLORADO,80218,39.74,-104.96,238210,1.00,0.00,0.00,,An employee was tapping a hot water pipe to install a valve. An ice plug failed and the employee's upper body was burned by 180-degree water/glycol.,1520,"Heat (thermal) burns, unspecified",80,"Multiple body parts, unspecified",533,Contact with hot objects or substances,9521,Water,,,1,2019-10-03,2019,10,3,39.74,-104.96,238,True
20191010635,1510042,10/10/2019,Hill Mechanical Corp. dba Hill Mechanical Group,2170 Campus Dr.,,EVANSTON,ILLINOIS,60201,42.05,-87.67,238220,1.00,0.00,0.00,1438680,"While working in a steam vault, an employee suffered second-degree burns from a release of steam.",1522,Second degree heat (thermal) burns,9999,Nonclassifiable,533,Contact with hot objects or substances,951,"Steam, vapors-nonchemical",,,1,2019-10-10,2019,10,3,42.05,-87.67,238,True
20191011145,1512337,10/25/2019,NORTHEAST ASPHALT INC,W7980 State Hwy 64,,POUND,WISCONSIN,54161,45.10,-88.04,238990,1.00,0.00,0.00,,"An employee was lighting a pilot light on an asphalt heater when a flame came out through the pilot light access point, causing second degree burns over his face, left arm, and right hand. He was hospitalized.",1522,Second degree heat (thermal) burns,899,"Multiple body parts, n.e.c.",533,Contact with hot objects or substances,3324,"Furnaces, heaters",,,1,2019-10-25,2019,10,4,45.1,-88.04,238,True
20191111563,1516634,11/6/2019,ABLE HAULING & EXCAVATING,4390 COUNTY ROAD 490,,HANCEVILLE,ALABAMA,35077,34.08,-86.84,238910,1.00,0.00,0.00,1444932,"An employee was removing rust from the interior of a 60-70 gallon diesel fuel tank using a portable electric tool. The flammable vapors ignited and a flash fire occurred inside the tank. The employee suffered burns to the left hand, arm and neck.",1520,"Heat (thermal) burns, unspecified",484,Shoulder(s) and arm(s),30,"Fire or explosion, unspecified ",9999,Nonclassifiable,,,1,2019-11-06,2019,11,2,34.08,-86.84,238,True
20191212453,1523979,12/3/2019,Johnson Drilling,9641 Westridge Rd,,ANNA,TEXAS,75409,33.33,-96.42,237110,1.00,0.00,0.00,,"An employee was servicing a small water well rig and was on the deck, which is about 4 feet from the ground. He put the rig in gear and then fell. His pants became caught in the drive line, which burned his right-side upper torso. He was hospitalized with burns and lacerations.",1520,"Heat (thermal) burns, unspecified",310,"Chest, except internal location of diseases or disorders",4331,Other fall to lower level less than 6 feet,3241,"Drilling machines, drilling augers",3241,"Drilling machines, drilling augers",1,2019-12-03,2019,12,1,33.33,-96.42,237,True
20191212522,1524264,12/5/2019,USA DeBusk LLC,1802 Nueces Bay Blvd,Citgo Refinery,CORPUS CHRISTI,TEXAS,78407,27.80,-97.41,238990,1.00,0.00,0.00,,An employee was removing a blind in a depressurized line at a refinery when a flash came out of the flange and burned his ear and wrists between his gloves and FRC sleeves.,1520,"Heat (thermal) burns, unspecified",899,"Multiple body parts, n.e.c.",533,Contact with hot objects or substances,3244,Oil drilling rigs and machinery,,,1,2019-12-05,2019,12,3,27.8,-97.41,238,True
20191212688,1526146,12/10/2019,Brand Safway,15536 River Road,,NORCO,LOUISIANA,70079,29.99,-90.41,238990,2.00,0.00,0.00,1451901,Two employees were staging material for an upcoming job when an active vent line above them had a release of steam. They both received second degree burns and were hospitalized.,1522,Second degree heat (thermal) burns,9999,Nonclassifiable,533,Contact with hot objects or substances,951,"Steam, vapors-nonchemical",,,1,2019-12-10,2019,12,1,29.99,-90.41,238,True
20191212967,1527708,12/17/2019,Harper Limbach LLC,11375 CORTEZ BLVD.,,SPRING HILL,FLORIDA,34613,28.53,-82.53,238220,1.00,0.00,0.00,1457377,An employee was burned with water while checking a piping system. The employee suffered first- and second-degree burns.,1522,Second degree heat (thermal) burns,9999,Nonclassifiable,533,Contact with hot objects or substances,9521,Water,,,1,2019-12-17,2019,12,1,28.53,-82.53,238,True
20191213048,1528420,12/19/2019,J. Carroll Weaver Inc. ,6002 Up River Road,,CORPUS CHRISTI,TEXAS,78407,27.80,-97.44,238990,1.00,0.00,0.00,,"An employee was holding an asphalt wand to spray liquid asphalt when the wand's hose burst, spraying hot asphalt onto the employee. The employee suffered burns to the face, ear, and hand.",1520,"Heat (thermal) burns, unspecified",899,"Multiple body parts, n.e.c.",533,Contact with hot objects or substances,1644,"Paving asphalt, asphaltic cement",2122,Hoses,1,2019-12-19,2019,12,3,27.8,-97.44,238,True
2020010090,1531447,1/4/2020,Texas Reexcavation,15 Miles West of Pecos,,PECOS,TEXAS,79772,31.44,-103.57,238910,2.00,0.00,0.00,1454307,Two employees were burned while they were cleaning out a tank when a spontaneous combustion occurred.,1520,"Heat (thermal) burns, unspecified",9999,Nonclassifiable,310,"Fire, unspecified",9999,Nonclassifiable,,,1,2020-01-04,2020,1,5,31.44,-103.57,238,True
2020010240,1534838,1/9/2020,"ADVANCED PACE TECHNOLOGIES, LLC",6770 77th Terrace North,,PINELLAS PARK,FLORIDA,33781,27.84,-82.73,237120,1.00,0.00,0.00,1465437,"A pipe lining crew was using a hot water system to inflate a liner inside a pipe. Hot water and 6.5 pounds of pressure were added to invert the tubes inside the pipes. An employee was standing next to the tube when it burst at the seam, spraying hot water on the employee and causing second- and third-degree burns to the right side of his body. The employee was hospitalized.",1523,Third or fourth degree heat (thermal) burns,80,"Multiple body parts, unspecified",533,Contact with hot objects or substances,9521,Water,4120,"Pipes, ducts, tubing, unspecified",1,2020-01-09,2020,1,3,27.84,-82.73,237,True
2020021170,1541252,2/5/2020,CND Industrial Services,310 Brookhollow Road S.E.,,DALTON,GEORGIA,30721,34.70,-84.95,238290,2.00,0.00,0.00,1463424,"On February 5, 2020, at approximately 5:00 p.m., two employees were using acetylene torches to dismantle an industrial tank. A small piece of steel fell to the floor, creating a small spark that resulted in a flash fire. The first employee sustained first and second degree burns. The second employee sustained first and second degree burns and a possible lung injury. Both were hospitalized.",1522,Second degree heat (thermal) burns,9999,Nonclassifiable,315,Small-scale (limited) fire ,9999,Nonclassifiable,,,1,2020-02-05,2020,2,2,34.7,-84.95,238,True
2020021487,1544561,2/14/2020,"Vulcan Materials Company, Inc.",Gertrude St. and West Battle St.,,TALLADEGA,ALABAMA,35160,33.43,-86.11,237310,1.00,0.00,0.00,1464941,An employee was using a skid-steer to clean up debris and dump it into an over-the-road dump truck. The dump truck's bed was partially raised. The employee exited the skid-steer and stood behind the truck. Hot asphalt flowed from the truck bed onto the employee resulting in second and third degree burns to the hands and face.  The employee was hospitalized.,1523,Third or fourth degree heat (thermal) burns,899,"Multiple body parts, n.e.c.",533,Contact with hot objects or substances,1644,"Paving asphalt, asphaltic cement",,,1,2020-02-14,2020,2,4,33.43,-86.11,237,True
2020021548,1545031,2/17/2020,"SOUTHEAST CONNECTIONS, LLC.",5135 N. Main Street,,ACWORTH,GEORGIA,30101,34.06,-84.68,237120,1.00,0.00,0.00,,"An employee was operating a walk-behind gasoline-powered tamper, trying to repair a low section of asphalt. While the employee was tampering the temporary asphalt, the fuel line connection broke from the fuel tank at the rubber grommet, discharging gasoline on his pants, which then ignited. He suffered second degree burns to both legs.",1522,Second degree heat (thermal) burns,510,"Leg(s), unspecified",317,"Ignition of vapors, gases, or liquids",1641,"Gasoline, diesel fuel, jet fuel",,,1,2020-02-17,2020,2,0,34.06,-84.68,237,True
2020021629,1546077,2/19/2020,Scott Electric Company,401 South Austin,,ROCKPORT,TEXAS,78382,28.02,-97.05,238210,1.00,0.00,0.00,,"An employee was pin spotting or installing rivets on panels. The panels were coated with an adhesive, and the tool used to rivet the panels caused a spark that ignited the adhesive. The resulting flames caused second degree burns to the employee's face, burned the employee's head and hair, and caused a possible respiratory tract injury. The employee was hospitalized.",1522,Second degree heat (thermal) burns,130,"Face, unspecified",317,"Ignition of vapors, gases, or liquids",181,"Adhesives, glues, n.e.c.",7339,"Striking and nailing handtools-power not determined, n.e.c.",1,2020-02-19,2020,2,2,28.02,-97.05,238,True
2020021819,1547835,2/24/2020,"Wellsville Construction Company, LLC",43250 Hibbets Mill Road,,WELLSVILLE,OHIO,43968,40.63,-80.68,238390,1.00,0.00,0.00,,An employee was power washing a previous concrete pour to prep for the next pour when he stumbled over the steel mesh that was in place. He then lost control of the power washer wand and the top of his left boot was punctured by the hot water. He sustained second and third degree burns to the foot and was hospitalized.,1523,Third or fourth degree heat (thermal) burns,530,"Foot (feet), unspecified",533,Contact with hot objects or substances,9521,Water,7293,Power washers,1,2020-02-24,2020,2,0,40.63,-80.68,238,True
2020021923,1548176,2/27/2020,"Burkes Mechanical, Inc.",2379 Lena Landegger Hwy,,MONROEVILLE,ALABAMA,36460,31.59,-87.41,238220,1.00,0.00,0.00,1467550,"An employee was changing gaskets on a valve that contained condensate. When the employee opened the pipe/valve, he was sprayed with hot water and sustained first and second degree burns to the back and legs.",1522,Second degree heat (thermal) burns,899,"Multiple body parts, n.e.c.",533,Contact with hot objects or substances,9521,Water,,,1,2020-02-27,2020,2,3,31.59,-87.41,238,True
2020032002,1549247,3/2/2020,Thompson Construction Group Inc,15760 W Powerline St,Duke Energy Complex 4/5,CRYSTAL RIVER,FLORIDA,34428,28.95,-82.69,236220,1.00,0.00,0.00,,"An employee was using a torch to cut back-to-backs from 12-inch channel iron. His hose got caught; as he tried to free it, the torch slid down his hand into his glove. It caused second- and third-degree burns to the palm and hand.",1523,Third or fourth degree heat (thermal) burns,440,"Hand(s), unspecified",533,Contact with hot objects or substances,7261,"Welding, cutting, and blow torches",,,1,2020-03-02,2020,3,0,28.95,-82.69,236,True
2020032044,1549535,3/3/2020,"BERNHARD MCC, LLC",2006 North Highland Ave,,TAMPA,FLORIDA,33602,27.96,-82.46,238220,1.00,0.00,0.00,,"An employee was tying in a newly installed, de-energized domestic water line by brazing a 3-inch copper coupling in a shallow excavated area with a gas brazing rod. A natural gas explosion burned the employee.",1520,"Heat (thermal) burns, unspecified",9999,Nonclassifiable,317,"Ignition of vapors, gases, or liquids",162,Natural gas,7261,"Welding, cutting, and blow torches",1,2020-03-03,2020,3,1,27.96,-82.46,238,True
2020032369,1552751,3/12/2020,"E.R. SNELL CONTRACTOR, INC.",1785 OAK ROAD,,SNELLVILLE,GEORGIA,30078,33.86,-84.03,237310,1.00,0.00,0.00,,The injured employee was assisting another employee with fueling a push boat when fumes/vapors in the area were ignited by a spark from the battery post. The injured employee sustained flash burns.,1520,"Heat (thermal) burns, unspecified",9999,Nonclassifiable,253,Explosion or fire on water vehicle,833,"Tugboat, towboat",4821,Battery-vehicle,1,2020-03-12,2020,3,3,33.86,-84.03,237,True
2020032765,1559324,3/25/2020,"Jomax Construction Company, Inc.",1217 E. Russworm Drive,,WAURIKA,OKLAHOMA,73573,34.16,-98.00,237120,1.00,0.00,0.00,,"An employee was sandblasting a pipe when the sandblasting machine discharged blasting medium at the employee, lacerating and burning the employee's face.",1520,"Heat (thermal) burns, unspecified",130,"Face, unspecified",533,Contact with hot objects or substances,99,"Source, n.e.c.",7244,Sandblasters-powered,1,2020-03-25,2020,3,2,34.16,-98.0,237,True
2020043562,1574192,4/17/2020,Michels Corporation,North Middlesex Road,,CARLISLE,PENNSYLVANIA,17013,40.25,-77.13,237130,1.00,0.00,0.00,,An employee was welding from a bucket truck when sparks dropped into the bucket and caused a fire. The employee sustained burns to the legs and back.,1520,"Heat (thermal) burns, unspecified",899,"Multiple body parts, n.e.c.",310,"Fire, unspecified",9999,Nonclassifiable,7261,"Welding, cutting, and blow torches",1,2020-04-17,2020,4,4,40.25,-77.13,237,True
2020043771,1578759,4/24/2020,Kirk Concrete Construction,2950 W Berry St.,,FORT WORTH,TEXAS,76109,32.70,-97.35,238110,1.00,0.00,0.00,,"An employee was using a drill and paddle bit to drill holes in a plywood form, which was lying on the ground. While drilling, he hit a can of spray adhesive, causing a fire that burned his hands, arms, chest, and head. He was hospitalized.",1520,"Heat (thermal) burns, unspecified",899,"Multiple body parts, n.e.c.",317,"Ignition of vapors, gases, or liquids",181,"Adhesives, glues, n.e.c.",7313,Drills-power not determined,1,2020-04-24,2020,4,4,32.7,-97.35,238,True
2020054185,1585688,5/5/2020,"Techtron Environmental, Inc.",Global Foundries -- East Fishkill NY,2070 NY 52,HOPEWELL JUNCTION,NEW YORK,12533,41.58,-73.80,238990,1.00,0.00,0.00,,"While installing plumbing in a clean room, an employee contacted a white powdery substance that burst into flames. The employee suffered thermal burns to the hands.",1520,"Heat (thermal) burns, unspecified",440,"Hand(s), unspecified",319,"Nonstructural fire, n.e.c.",10,"Chemicals and chemical products, unspecified",,,1,2020-05-05,2020,5,1,41.58,-73.8,238,True
2020065754,1609065,6/19/2020,Kansas Electric,1420 NW. 36th St.,,NEWTON,KANSAS,67114,38.08,-97.36,238210,1.00,0.00,0.00,1480350,"An employee was working to ignite a scrap wood burn pile using gasoline. When the gasoline caught fire there was a large burst of flame and the employee sustained burns to both arms, a portion of the back, their lips, and hair.",1520,"Heat (thermal) burns, unspecified",899,"Multiple body parts, n.e.c.",315,Small-scale (limited) fire ,4154,"Wood pieces, trim pieces, wood scraps, n.e.c.",1641,"Gasoline, diesel fuel, jet fuel",1,2020-06-19,2020,6,4,38.08,-97.36,238,True
2020076338,1619466,7/8/2020,Redlands Contracting,Hwy 6 at I-40,ODOT NHPPI-4000-(061)PM,ELK CITY,OKLAHOMA,73644,35.39,-99.40,238110,1.00,0.00,0.00,1482734,"An employee was putting a gas-powered generator into an enclosed trailer. As he was moving a metal gas can, a flash fire began and caused burns over 40 percent of his body.",1520,"Heat (thermal) burns, unspecified",80,"Multiple body parts, unspecified",317,"Ignition of vapors, gases, or liquids",1641,"Gasoline, diesel fuel, jet fuel",,,1,2020-07-08,2020,7,2,35.39,-99.4,238,True
2020076653,1623197,7/15/2020,Moorehead Brothers,29750 Patterson Road,,DENNISON,OHIO,44621,40.39,-81.25,238910,1.00,0.00,0.00,,A fire occurred while an employee was transferring fuel from a larger tank to a smaller tank on a pickup truck. The employee was burned on the right arm and the right side from their armpit to their waistline. The employee was hospitalized.,1520,"Heat (thermal) burns, unspecified",899,"Multiple body parts, n.e.c.",317,"Ignition of vapors, gases, or liquids",1640,"Petroleum fuels, distillates, and products, unspecified",,,1,2020-07-15,2020,7,2,40.39,-81.25,238,True
2020076728,1625456,7/17/2020,Eurovia Atlantic Coast,I-70 Interstate ,,WASHINGTON,PENNSYLVANIA,15301,40.16,-80.19,237310,1.00,0.00,0.00,,An employee tripped on the arm of a machine and fell into hot asphalt. He sustained burns and was hospitalized.,1520,"Heat (thermal) burns, unspecified",9999,Nonclassifiable,533,Contact with hot objects or substances,1644,"Paving asphalt, asphaltic cement",,,1,2020-07-17,2020,7,4,40.16,-80.19,237,True
2020077080,1633050,7/28/2020,"F&H Electrical Contractors, Inc. ",1170 Celebration Boulevard,,CELEBRATION,FLORIDA,34747,28.31,-81.55,237130,1.00,0.00,0.00,,An employee was filling up a small engine with gas. A fire started and burned the employee's legs and hand.,1520,"Heat (thermal) burns, unspecified",87,Upper and lower limb(s),310,"Fire, unspecified",1641,"Gasoline, diesel fuel, jet fuel",,,1,2020-07-28,2020,7,1,28.31,-81.55,237,True
2020087802,1646235,8/18/2020,"H & H Utility Excavating, Inc.",Lake Forest Park Road,,STURGEON BAY,WISCONSIN,54235,44.81,-87.29,237110,1.00,0.00,0.00,1489052,"An employee was removing the gas cap from a gasoline engine that was in a semi-trailer. The vapor from the fuel ignited, severely burning the employee.",1520,"Heat (thermal) burns, unspecified",9999,Nonclassifiable,317,"Ignition of vapors, gases, or liquids",1641,"Gasoline, diesel fuel, jet fuel",,,1,2020-08-18,2020,8,1,44.81,-87.29,237,True
2020087945,1648835,8/21/2020,"Joseph McCormick Construction Co., Inc.",Route 20 & Hannon Road,,ERIE,PENNSYLVANIA,16510,38.13,-85.46,238910,1.00,0.00,0.00,1489600,An employee had been conducting flagging operations at an intersection where other employees were applying hot tar to the road. The employee went to get onto the hot tar buggy to ride to the next intersection but fell off the buggy and landed in hot tar that had puddled on the road. The employee sustained burns to his left arm and right hand. He also sustained a bruised left leg.,1520,"Heat (thermal) burns, unspecified",4810,"Hand(s) and arm(s), unspecified",4331,Other fall to lower level less than 6 feet,3250,"Road grading and surfacing machinery, unspecified",1644,"Paving asphalt, asphaltic cement",1,2020-08-21,2020,8,4,38.13,-85.46,238,True
2020098802,1660596,9/16/2020,"KESSEL CONSTRUCTION, INC.","P.O. BOX 737, 345 HIGH STREET",,BRADFORD,PENNSYLVANIA,16701,41.94,-78.64,236220,1.00,0.00,0.00,1493313,An employee opened a trailer. A propane leak within the trailer caused an explosion and the employee suffered severe hand burns.,1520,"Heat (thermal) burns, unspecified",440,"Hand(s), unspecified",322,"Explosion of nonpressurized vapors, gases, or liquids",1643,Propane,,,1,2020-09-16,2020,9,2,41.94,-78.64,236,True
2020098823,1661657,9/17/2020,Flynn BEC LP,650 E. Gerard Avenue,,ENGLEWOOD,COLORADO,80113,39.65,-104.98,238160,1.00,0.00,0.00,,"An employee was hot air welding PVC roof seams and transitioning to a new location on a roof when his extension cord bumped a gallon container of acetone. The container began to tip and he tried to catch it with his right hand. Some contents spilled and were subsequently ignited by a flameless hot air welder that was approximately 2 feet away. His pants and shirt caught fire, and he received second degree burns to his right hand, arm, and bicep. He was hospitalized.",1522,Second degree heat (thermal) burns,4819,"Hand(s) and arm(s), n.e.c.",317,"Ignition of vapors, gases, or liquids",1241,Acetone,7261,"Welding, cutting, and blow torches",1,2020-09-17,2020,9,3,39.65,-104.98,238,True
2020099021,1664231,9/23/2020,DBI Services LLC,Rest Area # 62 - GA DOT,I-20 East,HARLEM,GEORGIA,30814,33.45,-82.30,238990,1.00,0.00,0.00,,An employee was filling the pressure washer with gas. The tank slipped from his hand and fuel splashed onto his legs. The gas was ignited by the hot engine and one of the employee's legs was burned.,1520,"Heat (thermal) burns, unspecified",510,"Leg(s), unspecified",317,"Ignition of vapors, gases, or liquids",1641,"Gasoline, diesel fuel, jet fuel",,,1,2020-09-23,2020,9,2,33.45,-82.3,238,True
2020099032,1664259,9/23/2020,"Harwell & Company, LLC",2390 Raymond Tanner Road,,SEMMES,ALABAMA,36575,30.73,-88.28,238990,1.00,0.00,0.00,,An employee was using a grinder to cut a barrel. The grinder caused a spark that ruptured the barrel.  The employee sustained a burn to the abdomen requiring hospitalization.,1520,"Heat (thermal) burns, unspecified",330,"Abdomen, except internal location of diseases or disorders",320,"Explosion, unspecified",2112,"Barrels, drums-except pressurized",7242,Hand grinders-powered,1,2020-09-23,2020,9,2,30.73,-88.28,238,True
2020109397,1668369,10/3/2020,Dean Hagler Ltd,600 N. 14th Street,,LAMESA,TEXAS,79331,32.74,-101.95,238320,1.00,0.00,0.00,1495859,An employee was operating a buffer inside the electrical room to buff paint thinner onto the floor. The resulting vapor found an ignition source and an explosion occurred. The employee sustained burns to 43% of his body.,1520,"Heat (thermal) burns, unspecified",80,"Multiple body parts, unspecified",317,"Ignition of vapors, gases, or liquids",1872,"Paint removers, thinners",,,1,2020-10-03,2020,10,5,32.74,-101.95,238,True
2020109703,1672875,10/12/2020,Knife River,3423 Marlin HWY Frontage Rd.,,WACO,TEXAS,76705,31.54,-97.07,236115,1.00,0.00,0.00,,A team member was unhooking the asphalt oil supply line from a tanker truck when hot asphalt oil sprayed onto his hands and arms causing burns that required hospitalization.,1520,"Heat (thermal) burns, unspecified",4810,"Hand(s) and arm(s), unspecified",533,Contact with hot objects or substances,1644,"Paving asphalt, asphaltic cement",,,1,2020-10-12,2020,10,0,31.54,-97.07,236,True
20201010206,1679359,10/27/2020,POSTLER & JAECKLE CORP.,Bassett Hospital,1 Atwell Road,COOPERSTOWN,NEW YORK,13326,42.71,-74.89,238990,1.00,0.00,0.00,,An employee was removing a small acetylene tank from the closet when the tank exploded. The employee was hospitalized for second degree burns to the face.,1522,Second degree heat (thermal) burns,130,"Face, unspecified",323,"Explosion of pressure vessel, piping, or tire",2129,"Containers-pressurized, n.e.c.",,,1,2020-10-27,2020,10,1,42.71,-74.89,238,True
20201110863,1688962,11/16/2020,"3E Concrete, LLC",3519 E 1/2 Road,,PALISADE,COLORADO,81526,39.08,-108.39,238110,1.00,0.00,0.00,1502848,"After filling a demolition saw with fuel, an employee started the saw up to cut rebar. Gas spilled out of the saw onto the employee's right pants leg, and a spark from the cutting ignited it. The employee's right leg was burned above the knee.",1520,"Heat (thermal) burns, unspecified",511,Thigh(s),317,"Ignition of vapors, gases, or liquids",1641,"Gasoline, diesel fuel, jet fuel",7224,"Saws-powered, except chainsaws",1,2020-11-16,2020,11,0,39.08,-108.39,238,True
20201211590,1704135,12/10/2020,"American Civil Constructors, LLC",647 US Hwy 285,,BAILEY,COLORADO,80421,39.40,-105.47,236220,1.00,0.00,0.00,,An employee was lighting a propane burner when a flash fire burned the employee's hands and face.,1520,"Heat (thermal) burns, unspecified",899,"Multiple body parts, n.e.c.",533,Contact with hot objects or substances,3324,"Furnaces, heaters",,,1,2020-12-10,2020,12,3,39.4,-105.47,236,True
2021021659,1739185,2/23/2021,Central States Roofing & Insulating Co.,49030 Colorado Highway 71 South (Limon Correctional Facility),,LIMON CORRECTIONAL FACILITY,COLORADO,80826,39.25,-103.69,238160,1.00,0.00,0.00,1517226,"On February 23, 2021, an employee was placing an asphalt keg into a kettle. The keg slipped and hot asphalt splashed out of the kettle and onto the employee's face. The employee suffered facial burns and was hospitalized, requiring surgery to remove the asphalt.",1520,"Heat (thermal) burns, unspecified",130,"Face, unspecified",533,Contact with hot objects or substances,1644,"Paving asphalt, asphaltic cement",,,1,2021-02-23,2021,2,1,39.25,-103.69,238,True
2021031923,1742047,3/3/2021,Oklahoma Roofing Co.,Grand River Dam Authority,4221 E 454 Rd,LOCUST GROVE,OKLAHOMA,74352,36.52,-95.03,238160,1.00,0.00,0.00,,A partly filled bucked of hot asphalt was dropped on an employee's arm. The employee suffered burns to the left arm and left ear.,1520,"Heat (thermal) burns, unspecified",899,"Multiple body parts, n.e.c.",533,Contact with hot objects or substances,1644,"Paving asphalt, asphaltic cement",,,1,2021-03-03,2021,3,2,36.52,-95.03,238,True
2021032172,1746155,3/12/2021,"Evergreen North America, LLC",Phillips 66,1400 Park Ave.,LINDEN,NEW JERSEY,07036,40.62,-74.25,238990,1.00,0.00,0.00,,"At about 3:30 p.m. on March 12, 2021, employees were loading hot water condensate from a utilities unit into a vacuum truck. When the truck was nearly full, the water supply was shut off. As an employee was disconnecting the hoses for the water, he was sprayed with residual pressurized water from a 6-inch coupling he was disconnecting at the truck. He suffered second-degree burns to both forearms and the left side of the face and neck.",1522,Second degree heat (thermal) burns,899,"Multiple body parts, n.e.c.",533,Contact with hot objects or substances,9521,Water,,,1,2021-03-12,2021,3,4,40.62,-74.25,238,True
2021032382,1747833,3/19/2021,"Keystone Petroleum Equipment, LTD.",981 West Trindle Road,,MECHANICSBURG,PENNSYLVANIA,17055,40.20,-77.04,238990,1.00,0.00,0.00,1520570,Two employees were replacing the threads on a 4-inch riser tube on an underground storage tank. The tank flashed over and blew the manway off. One of the employees suffered third-degree burns on 50 percent of their skin surface.,1523,Third or fourth degree heat (thermal) burns,80,"Multiple body parts, unspecified",315,Small-scale (limited) fire ,2129,"Containers-pressurized, n.e.c.",,,1,2021-03-19,2021,3,4,40.2,-77.04,238,True
2021032521,1750381,3/24/2021,"Brydl Contracting, Inc.",811 Farm to Market 3236,,SULPHUR SPRINGS,TEXAS,75482,33.20,-95.57,237310,1.00,0.00,0.00,,"An employee was mixing two-cycle fuel for a concrete saw when sparks from concrete sawing ignited the gasoline vapors, causing a fire and burning the employee. The employee sustained severe burns to the hands, neck, and face.",1520,"Heat (thermal) burns, unspecified",899,"Multiple body parts, n.e.c.",317,"Ignition of vapors, gases, or liquids",1641,"Gasoline, diesel fuel, jet fuel",7224,"Saws-powered, except chainsaws",1,2021-03-24,2021,3,2,33.2,-95.57,237,True
2021032599,1751089,3/27/2021,United States Steel Corp Granite City Works,1951 State St,,GRANITE CITY,ILLINOIS,62040,38.70,-90.14,238910,1.00,0.00,0.00,1522669,"An employee was assisting an operator when they noticed an unusual amount of steam/leaking water coming from another area. The employee went to investigate and sustained burns from the steam, resulting in hospitalization.",1520,"Heat (thermal) burns, unspecified",9999,Nonclassifiable,533,Contact with hot objects or substances,951,"Steam, vapors-nonchemical",,,1,2021-03-27,2021,3,5,38.7,-90.14,238,True
2021042946,1755929,4/8/2021,"Coastal Docks, LLC",260 11th Street,,MARATHON,FLORIDA,33050,24.72,-81.02,237990,1.00,0.00,0.00,,"While prepping a push-boat to move to another location, employees filled both motors with 2-stroke oil and put the cowlings back on the motors. An employee went to start the motors. The port motor started but the starboard motor hesitated. The employee tried again; the starboard motor started up but fire shot out and fuel that leaked caught fire. One employee was hit by the flames, and sustained burns on the neck, left hand, and both legs.",1520,"Heat (thermal) burns, unspecified",899,"Multiple body parts, n.e.c.",253,Explosion or fire on water vehicle,830,"Water vehicle, unspecified",,,1,2021-04-08,2021,4,3,24.72,-81.02,237,True
2021053872,1767100,5/11/2021,"American Asphalt of Wisconsin, A Division of Mathy Construction",832 State Highway 153 East,,MOSINEE,WISCONSIN,54455,44.78,-89.71,237310,1.00,0.00,0.00,1531361,An employee was using welding equipment. Residual solvent fumes ignited and the employee was hospitalized for burns.,1520,"Heat (thermal) burns, unspecified",9999,Nonclassifiable,317,"Ignition of vapors, gases, or liquids",1870,"Solvents, degreasers, unspecified",7261,"Welding, cutting, and blow torches",1,2021-05-11,2021,5,1,44.78,-89.71,237,True
2021054018,1768569,5/17/2021,"Waterfront Property Services, LLC",13630 50th Way N.,,CLEARWATER,FLORIDA,33760,27.89,-82.70,237990,1.00,0.00,0.00,,"An employee cut into a 55-gallon drum with a plasma cutter. Gasoline fumes in the drum ignited and then flamed out. The employee suffered burns to both shins, as well as a laceration to the right temple from a piece of the drum.",1520,"Heat (thermal) burns, unspecified",513,Lower leg(s),317,"Ignition of vapors, gases, or liquids",1641,"Gasoline, diesel fuel, jet fuel",7269,"Welding and heating handtools-powered, n.e.c.",1,2021-05-17,2021,5,0,27.89,-82.7,237,True
2021064465,1772983,6/1/2021,"Cutler Repaving, Inc.",2644 South Franklin,,DENVER,COLORADO,80210,39.66,-104.96,237310,1.00,0.00,0.00,,An employee was troubleshooting the preheater of a repaver and sustained burns to the left hand and arms.,1520,"Heat (thermal) burns, unspecified",4810,"Hand(s) and arm(s), unspecified",533,Contact with hot objects or substances,3252,"Asphalt and concrete paving machines, pavers",,,1,2021-06-01,2021,6,1,39.66,-104.96,237,True
2021064479,1773607,6/2/2021,Scott Air Condition,2800 Kay Bailey Hutchinson,(Voestalpine),PORTLAND,TEXAS,78374,27.89,-97.28,238220,1.00,0.00,0.00,1536055,"An employee was replacing an air compressor. The employee was heating the tubing with a torch when the oil residue from the tube flashed and contacted the employee's face area. The employee's face cover caught fire, and the employee suffered first-degree burns to the face and chest. The employee was hospitalized.",1521,First degree heat (thermal) burns,83,Head and trunk,317,"Ignition of vapors, gases, or liquids",160,"Coal, natural gas, petroleum fuels and products, unspecified",7261,"Welding, cutting, and blow torches",1,2021-06-02,2021,6,2,27.89,-97.28,238,True
2021064945,1778613,6/17/2021,"Kelley Steel Erectors, Inc.",3060 Eggers Ave,,CLEVELAND,OHIO,44105,41.46,-81.66,238120,1.00,0.00,0.00,1538140,"An employee was working on a pipe at a steel producing facility. Flammable material inside the pipe ignited, causing burns to the employee's face and torso.",1520,"Heat (thermal) burns, unspecified",83,Head and trunk,310,"Fire, unspecified",9999,Nonclassifiable,,,1,2021-06-17,2021,6,3,41.46,-81.66,238,True
2021065114,1780365,6/23/2021,Flynn BEC LP - Dallas/Fort Worth,T.E. Baxter ES,1050 Park Place Blvd.,MIDLOTHIAN,TEXAS,76065,32.43,-96.97,237310,1.00,0.00,0.00,,"An employee was mopping hot tar when he tripped backwards over the mop cart. His right arm landed inside the cart, which was half full of asphalt. He suffered second-degree burns to the forearm and hand.",1522,Second degree heat (thermal) burns,4819,"Hand(s) and arm(s), n.e.c.",4213,Fall on same level due to tripping over an object ,60,"Structures and surfaces, unspecified",871,"Cart, dolly, hand truck-nonpowered",1,2021-06-23,2021,6,2,32.43,-96.97,237,True
2021065327,1782374,6/30/2021,Duncan Construction Corp.,1732 Brentwood Drive,,CLEARWATER,FLORIDA,33756,27.95,-82.76,238160,1.00,0.00,0.00,,"An employee was carrying a bucket of hot roofing tar. He was walking to the back of the building when the wind blew a tarp into his path and onto his feet. The employee stumbled and hot tar fell out of the bucket, landing on the employee's arms, from the elbows to the hands. The employee sustained third and fourth degree burns requiring surgery.",1523,Third or fourth degree heat (thermal) burns,489,"Multiple upper extremities locations, n.e.c.",4123,Trip over an object without fall,562,"Bodily motion or position of injured, ill worker",472,"Tarps, plastic or fabric sheeting",1,2021-06-30,2021,6,2,27.95,-82.76,238,True
2021075557,1785046,7/7/2021,"Chris Harp Construction, LLC",343 Coyote Creek Dr.,,LAVON,TEXAS,75166,33.03,-96.42,238910,1.00,0.00,0.00,,"An employee was performing maintenance and mechanical work at the concrete plant. A generator stopped working because it was overheated. The employee cooled the generator engine using a hose. The employee then lifted the radiator cap lever to release steam. After the steam was released, he opened the cap and pressurized hot water was released causing third degree burns to their wrist and second degree burns to their arm and chest.",1523,Third or fourth degree heat (thermal) burns,43,Wrist(s),533,Contact with hot objects or substances,9521,Water,,,1,2021-07-07,2021,7,2,33.03,-96.42,238,True
2021075570,1785038,7/8/2021,Titon Builders Inc.,300 Biscayne Blvd,,MIAMI,FLORIDA,33131,25.77,-80.18,238120,1.00,0.00,0.00,,The injured employee had spilled some gas on his pant leg while handing a chop saw to a co-worker. The co-worker began to cut a piece of steel and a spark from the chop saw ignited the employee's pant leg. The employee was hospitalized for burns to the leg.,1520,"Heat (thermal) burns, unspecified",510,"Leg(s), unspecified",317,"Ignition of vapors, gases, or liquids",1641,"Gasoline, diesel fuel, jet fuel",7224,"Saws-powered, except chainsaws",1,2021-07-08,2021,7,3,25.77,-80.18,238,True
2021075750,1787567,7/14/2021,KLE Construction Company,2460 Akron Peninsula Road,,AKRON,OHIO,44319,41.15,-81.56,237110,1.00,0.00,0.00,1543327,An employee was using a cut-off saw to cut rebar when sparks from the saw caught the employee's clothes on fire. The employee sustained burns to the left side of his body.,1520,"Heat (thermal) burns, unspecified",80,"Multiple body parts, unspecified",314,Ignition of clothing from controlled heat source,9110,"Clothing, unspecified",7224,"Saws-powered, except chainsaws",1,2021-07-14,2021,7,2,41.15,-81.56,237,True
2021075848,1788749,7/16/2021,"L. Martone & Sons, Inc.",Sobol,39-22 Bell Blvd.,BAYSIDE,NEW YORK,11361,40.76,-73.77,238160,1.00,0.00,0.00,1542566,An employee was drying off a small area of a roof that was being installed using a 1-pound butane torch when the fumes from the bonding adhesive ignited and the roof caught fire. The employee sustained second degree burns on 25 percent of his body.,1522,Second degree heat (thermal) burns,9999,Nonclassifiable,319,"Nonstructural fire, n.e.c.",6549,"Roofs, n.e.c.",7261,"Welding, cutting, and blow torches",1,2021-07-16,2021,7,4,40.76,-73.77,238,True
2021076284,1792329,7/28/2021,NG Companies,8220 Bragg Blvd,Spring Lake,FAYETTEVILLE,NORTH CAROLINA,28301,35.15,-78.96,238910,1.00,0.00,0.00,,"On July 28, 2021, an NG Companies employee was about to transfer mud to a bore pit. He had put the hydro excavation truck in position for the debris transfer and prepared it. When he opened a knife valve, hot water sprayed through the flange onto him, causing second-degree burns to his face, right arm, and right hand; a third-degree burn to part of the right arm; and a broken collarbone. He was hospitalized.",1523,Third or fourth degree heat (thermal) burns,420,"Arm(s), unspecified",533,Contact with hot objects or substances,9521,Water,,,0,2021-07-28,2021,7,2,35.15,-78.96,238,True
2021087020,1800369,8/18/2021,"Starlink Construction Utilities, LLC",USF,4001 Fletcher Avenue,TAMPA,FLORIDA,33613,28.07,-82.44,237130,1.00,0.00,0.00,1551507,"An employee was mixing bentonite with a mixing machine. A small engine caught fire, and the employee suffered second- and third-degree burns. He was hospitalized.",1523,Third or fourth degree heat (thermal) burns,9999,Nonclassifiable,313,Vehicle or machinery fire,30,"Machinery, unspecified",,,1,2021-08-18,2021,8,2,28.07,-82.44,237,True
2021087325,1804014,8/26/2021,KOSS CONSTRUCTION CO.,Ozark Project 478,10300 N Hwy 23,OZARK,ARKANSAS,72949,35.43,-93.83,237310,1.00,0.00,0.00,,"An employee was unloading liquid asphalt cement from a semi-tanker. He left to retrieve a new gasket for the tanker's hose. The valve was opened while he was gone, and when he returned and removed the hose, 300-degree asphalt cement sprayed out of the connection and struck him. He suffered second-degree burns to his left and right forearm, left thigh, lower stomach, and right shin toward the ankle.",1522,Second degree heat (thermal) burns,899,"Multiple body parts, n.e.c.",533,Contact with hot objects or substances,1644,"Paving asphalt, asphaltic cement",,,1,2021-08-26,2021,8,3,35.43,-93.83,237,True
2021097705,1808746,9/8/2021,"Environmental Air Systems, LLC",2160 State Road,,LANCASTER,PENNSYLVANIA,17601,40.08,-76.38,238210,1.00,0.00,0.00,,"An employee had just installed a temporary PVC bypass pipe to flush a system. The pipe was connected to hot water, and the water melted the glue joints on the pipe. Hot water sprayed onto the employee's chest and burned it.",1520,"Heat (thermal) burns, unspecified",310,"Chest, except internal location of diseases or disorders",533,Contact with hot objects or substances,9521,Water,,,1,2021-09-08,2021,9,2,40.08,-76.38,238,True
2021098034,1813807,9/17/2021,"Atlantic Southern Paving and Sealcoating, LLC",Babcock Street,Cypress Bay subdivision,PALM BAY,FLORIDA,32905,27.90,-80.62,237310,1.00,0.00,0.00,1553849,"An employee was shoveling hot asphalt while standing behind a paver. He collapsed and fell face down into the asphalt sustaining burns to the face, ears, and both hands.",1520,"Heat (thermal) burns, unspecified",899,"Multiple body parts, n.e.c.",429,"Fall on same level, n.e.c. ",1644,"Paving asphalt, asphaltic cement",,,1,2021-09-17,2021,9,4,27.9,-80.62,237,True
2021098101,1814092,9/20/2021,CW Roberts Contracting,4375 Mc Coy Dr.,,PENSACOLA,FLORIDA,32503,30.45,-87.22,237310,1.00,0.00,0.00,,"An employee installed a liquid asphalt hose and was filling a truck at the terminal plant. The hose detached, resulting in hot liquid asphalt spraying onto the employee. The employee was hospitalized with burns to the face, neck, and hands.",1520,"Heat (thermal) burns, unspecified",899,"Multiple body parts, n.e.c.",533,Contact with hot objects or substances,1644,"Paving asphalt, asphaltic cement",2122,Hoses,1,2021-09-20,2021,9,0,30.45,-87.22,237,True
2021098170,1815443,9/22/2021,"Johnson Bros. Corporation, a Southland Company",501032 - US60,,FARWELL,TEXAS,79325,34.38,-103.03,237990,1.00,0.00,0.00,1554427,"An employee was assisting with cleaning the distributor truck's tank. The distributor tank was still hot causing a rapid release of stems, burning the employee and causing them to fall from the tank to the flatbed work truck. The employee sustained burns to the face and hands, a head contusion, and a laceration above the right eye.",1520,"Heat (thermal) burns, unspecified",899,"Multiple body parts, n.e.c.",533,Contact with hot objects or substances,951,"Steam, vapors-nonchemical",,,1,2021-09-22,2021,9,2,34.38,-103.03,237,True
2021098303,1816125,9/26/2021,Pittman Construction Company,1090 Double Spring Road,,DEMOREST,GEORGIA,30535,34.56,-83.56,237310,2.00,0.00,0.00,1554991,Two employees were preparing to unclog a jacketed hot oil line on an asphalt concrete unit. They were using a propane torch to heat up the asphalt when the asphalt concrete unit exploded. The employees suffered burns to their arms and upper torsos.,1520,"Heat (thermal) burns, unspecified",899,"Multiple body parts, n.e.c.",329,"Explosion, n.e.c.",3250,"Road grading and surfacing machinery, unspecified",,,1,2021-09-26,2021,9,6,34.56,-83.56,237,True
2021108859,1823645,10/14/2021,Hanson Aggregates Pennsylvania LLC,533 Forge Rd,,GLEN MILLS,PENNSYLVANIA,19342,39.91,-75.47,237310,1.00,0.00,0.00,,"An employee opened the door to a baghouse. Hot asphalt dust spilled out of the baghouse onto him, burning his right leg.",1520,"Heat (thermal) burns, unspecified",510,"Leg(s), unspecified",533,Contact with hot objects or substances,1644,"Paving asphalt, asphaltic cement",,,1,2021-10-14,2021,10,3,39.91,-75.47,237,True
2021108897,1823442,10/15/2021,Independence Excavating Inc.,5600 Engle Road,,BROOK PARK,OHIO,44142,41.40,-81.81,236210,1.00,0.00,0.00,1559859,"An employee was working on a radiator. On removing the radiator cap, the employee was sprayed with hot water and suffered burns to the hand and abdomen.",1520,"Heat (thermal) burns, unspecified",899,"Multiple body parts, n.e.c.",533,Contact with hot objects or substances,9521,Water,,,1,2021-10-15,2021,10,4,41.4,-81.81,236,True
2021119664,1831619,11/8/2021,Dustrol Inc.,2925 Texas 114,,FORT WORTH,TEXAS,76177,33.02,-97.29,237310,1.00,0.00,0.00,,An employee was servicing a mill with a reported hydraulic leak. A positive wire from a battery came into contact with a hydraulic hose causing a flash fire. The employee sustained burns to the  upper body.,1520,"Heat (thermal) burns, unspecified",80,"Multiple body parts, unspecified",310,"Fire, unspecified",9999,Nonclassifiable,1642,"Lubricating greases, cutting oils",1,2021-11-08,2021,11,0,33.02,-97.29,237,True
2021119916,1835935,11/15/2021,"Halme, Inc.",45335 Highway 28,,LAKE NORDEN,SOUTH DAKOTA,57248,44.59,-97.13,237110,2.00,0.00,0.00,,Employees were burning yard debris (brush/shrubbery) in an open pit. Fumes from gasoline (used as an accelerant) ignited and exploded. One employee suffered first-degree burns to the face and second-degree burns to his hands. Another suffered second-degree burns to his face and third-degree burns to the hands.,1522,Second degree heat (thermal) burns,440,"Hand(s), unspecified",315,Small-scale (limited) fire ,586,"Shrubs, grasses",1641,"Gasoline, diesel fuel, jet fuel",1,2021-11-15,2021,11,0,44.59,-97.13,237,True
20211210491,1840513,12/7/2021,Tractor and Equipment Company,850 Duncan Drive Kennesaw,,KENNESAW,GEORGIA,30144,34.02,-84.57,237310,1.00,0.00,0.00,,"An employee was using a cutting torch to burn a bearing off of a crusher roller when hot grease blew back onto the employee, resulting in burns to his face.",1520,"Heat (thermal) burns, unspecified",130,"Face, unspecified",533,Contact with hot objects or substances,1642,"Lubricating greases, cutting oils",,,1,2021-12-07,2021,12,1,34.02,-84.57,237,True
20211210579,1843481,12/9/2021,Bain Mechanical Services,120 E. 34th St,,NEW YORK,NEW YORK,10016,40.74,-73.98,238220,1.00,0.00,0.00,,"An employee was about to check a leaking boiler plug when it blew out, causing the employee to be sprayed with hot water. The employee sustained burns on his neck, ears, arms, shoulders, and abdomen.",1520,"Heat (thermal) burns, unspecified",899,"Multiple body parts, n.e.c.",533,Contact with hot objects or substances,9521,Water,2121,Boilers,1,2021-12-09,2021,12,3,40.74,-73.98,238,True
20211210584,1842097,12/9/2021,"Great Plains Construction, LLC",Smerska 1,1/4 mi South of intersection at SW 15th & Richland Rd.,YUKON,OKLAHOMA,73085,,,238910,1.00,0.00,0.00,1568463,"Two employees were conducting operations to abandon a pipeline. The third flash test of the pipeline caused a flash fire. Both employees were caught in the fire; sustaining burns to the face, neck, and hands. Employee 1 suffered first- and second-degree burns and was hospitalized. Employee 2 suffered first-degree burns and was not hospitalized.",1522,Second degree heat (thermal) burns,899,"Multiple body parts, n.e.c.",310,"Fire, unspecified",9999,Nonclassifiable,,,1,2021-12-09,2021,12,3,,,238,False
20211210672,1842508,12/13/2021,"Roberts-McNutt, Inc.",2300 Linda Lane,,JACKSONVILLE,ARKANSAS,72076,34.88,-92.10,238160,1.00,0.00,0.00,,"At 2:00 p.m. on December 13, 2021, an employee was installing walk pads on a roof. The employee's right glove came in contact with a heat welder and caught fire. The employee suffered burns to the hand up to the elbow and was hospitalized.",1520,"Heat (thermal) burns, unspecified",489,"Multiple upper extremities locations, n.e.c.",314,Ignition of clothing from controlled heat source,9111,"Belts, gloves, neckties, scarves",7261,"Welding, cutting, and blow torches",1,2021-12-13,2021,12,0,34.88,-92.1,238,True
2022010075,1853068,1/5/2022,"Advanced Plumbing Technology, LLC",Santa Rosa Courthouse,5191 Willing St,MILTON,FLORIDA,32570,30.62,-87.03,238220,1.00,0.00,0.00,,"Two employees were installing 15-inch PIPP liner in an outside storm drain. In order to adhere the liner to the pipe, hot water is run through the pipe from the back of the truck. The employees attempted to disengage the temporary tubing from the back of the truck when it ripped and sprayed hot water toward one of the employees, resulting in second degree burns to their legs that required hospitalization.",1522,Second degree heat (thermal) burns,9999,Nonclassifiable,533,Contact with hot objects or substances,9521,Water,4120,"Pipes, ducts, tubing, unspecified",1,2022-01-05,2022,1,2,30.62,-87.03,238,True
2022010512,1855032,1/18/2022,Seal Proof Corporation,36 Old Kings Highway,,DARIEN,CONNECTICUT,06820,41.07,-73.47,238390,1.00,0.00,0.00,,"An employee was cleaning and drying substrate. While he was using a hand-held propane torch to dry the substrate, his pants and lower shirt caught fire. He suffered burns to the lower back and buttocks.",1520,"Heat (thermal) burns, unspecified",38,Multiple trunk locations,314,Ignition of clothing from controlled heat source,9112,"Blouses, shirts, dresses, trousers, skirts",7261,"Welding, cutting, and blow torches",1,2022-01-18,2022,1,1,41.07,-73.47,238,True
2022010612,1857274,1/20/2022,Carver Construction Inc.,20 Marina Drive,,COEYMANS,NEW YORK,12045,42.47,-73.78,237110,1.00,0.00,0.00,1573843,"An employee was welding on a waste oil tank when fumes from the tank ignited, causing an explosion and fire. The employee sustained severe burns to their upper torso.",1520,"Heat (thermal) burns, unspecified",310,"Chest, except internal location of diseases or disorders",323,"Explosion of pressure vessel, piping, or tire",2129,"Containers-pressurized, n.e.c.",7260,"Welding and heating handtools-powered, unspecified",1,2022-01-20,2022,1,3,42.47,-73.78,237,True
2022010749,1859114,1/25/2022,"A.K.G. Inspection Services, Inc.",15450 SW 136 Street,,MIAMI,FLORIDA,33186,25.63,-80.44,238160,1.00,0.00,0.00,,"An employee was setting up a transfer pipe for hot tar, running from a kettle to a roof. Tar from the pipe splattered onto the employee, who suffered burns to his face and hand.",1520,"Heat (thermal) burns, unspecified",899,"Multiple body parts, n.e.c.",533,Contact with hot objects or substances,461,"Roofing asphalt, roofing tar",,,1,2022-01-25,2022,1,1,25.63,-80.44,238,True
2022010791,1859461,1/26/2022,TURNER INDUSTRIES GROUP,1300 PPG Drive,,WESTLAKE,LOUISIANA,70669,30.24,-93.27,237120,1.00,0.00,0.00,1575813,"A Turner employee had been assigned to remove exterior piping, valves, and flanges on a tank. The employee noticed flames coming from erosion holes in the top of the tank and evacuated the work area, headed for a maintenance shop. As they reached the shop, the tank exploded. The employee was knocked down by the blast and burned by the flames.",1520,"Heat (thermal) burns, unspecified",9999,Nonclassifiable,310,"Fire, unspecified",2118,"Tanks, bins, vats-nonconfined space",,,1,2022-01-26,2022,1,2,30.24,-93.27,237,True
2022010881,1860445,1/29/2022,"W&W AFCO Steel, LLC",1085 Parker St.,,MONTGOMERY,ALABAMA,36108,32.35,-86.36,237310,1.00,0.00,0.00,,"An employee was setting up a CNC burn table. He was lighting the heads with a striker when his pant leg caught fire, causing burns to his thigh and hand. The employee was hospitalized.",1520,"Heat (thermal) burns, unspecified",87,Upper and lower limb(s),314,Ignition of clothing from controlled heat source,9112,"Blouses, shirts, dresses, trousers, skirts",,,1,2022-01-29,2022,1,5,32.35,-86.36,237,True
2022020999,1865679,2/2/2022,Wade Electric Inc.,11 Penn Plaza,,NEW YORK,NEW YORK,10001,40.74,-73.99,238210,1.00,0.00,0.00,1577890,"An employee was coiling conduit wires into an energized electrical pull box. A terminal block inside the pull box arc flashed and the employee's shirt caught on fire. He suffered burns to his hands, left arm, and neck.",1520,"Heat (thermal) burns, unspecified",899,"Multiple body parts, n.e.c.",319,"Nonstructural fire, n.e.c.",9112,"Blouses, shirts, dresses, trousers, skirts",4417,"Switchboards, switches, fuses",1,2022-02-02,2022,2,2,40.74,-73.99,238,True
2022021072,1863292,2/4/2022,"The Kearney Companies, LLC.","Road 301, nearest to Big Bend Road",,RIVERVIEW,FLORIDA,33568,27.87,-82.32,238910,1.00,0.00,0.00,,"An employee was walking backward to check on a sensor on an asphalt machine when he stepped onto a manhole cover that gave away. The employee slipped and fell onto the side of the manhole and the hot asphalt, resulting in a back injury and burns to his arms.",1520,"Heat (thermal) burns, unspecified",420,"Arm(s), unspecified",4212,Fall on same level due to tripping on uneven surface,4912,Manhole and cistern covers,,,1,2022-02-04,2022,2,4,27.87,-82.32,238,True
2022021168,1864712,2/8/2022,Miller Engineering Co,7550 E. State St. / Holiday Inn Rockford,,ROCKFORD,ILLINOIS,61108,42.27,-88.96,237120,1.00,0.00,0.00,,"A service technician was repairing a natural gas regulator that was leaking. When the water heater valve was opened, natural gas ignited, and the technician sustained burns to the arms.",1520,"Heat (thermal) burns, unspecified",420,"Arm(s), unspecified",317,"Ignition of vapors, gases, or liquids",162,Natural gas,,,1,2022-02-08,2022,2,1,42.27,-88.96,237,True
2022021243,1865102,2/9/2022,"The Metro Group, Inc.",Residential building Boiler Room,144-30 Roosevelt Ave.,FLUSHING,NEW YORK,11354,40.76,-73.82,238220,1.00,0.00,0.00,,"An employee was carrying a bucket of hot water from the boiler to the back to empty it when they tripped and fell, causing the hot water to spill onto the floor. The water contacted the employee, resulting in burns to multiple parts of the body.",1520,"Heat (thermal) burns, unspecified",80,"Multiple body parts, unspecified",4210,"Fall on same level due to tripping, unspecified",6620,"Floor, unspecified",,,1,2022-02-09,2022,2,2,40.76,-73.82,238,True
2022021303,1865405,2/10/2022,Blue Diamond Commercial Coating,840 Blue Mountain Road,,SANTA ROSA BEACH,FLORIDA,32459,30.33,-86.19,238310,1.00,0.00,0.00,,An employee was using a handheld can to apply spray foam insulation inside the attic of a house. A spark from an unknown source caused the can to explode. The employee sustained burns to his left arm and hand.,1520,"Heat (thermal) burns, unspecified",4810,"Hand(s) and arm(s), unspecified",323,"Explosion of pressure vessel, piping, or tire",2129,"Containers-pressurized, n.e.c.",,,1,2022-02-10,2022,2,3,30.33,-86.19,238,True
2022021657,1868706,2/21/2022,"DELTA INNOVATIVE SERVICES, INC.",Spring Hill Jobsite 19250 South Ridgeview Road,,OLATHE,KANSAS,66051,38.87,-94.79,238160,1.00,0.00,0.00,,An employee was looking into a hot asphalt lugger when a flash burned his face.,1520,"Heat (thermal) burns, unspecified",130,"Face, unspecified",313,Vehicle or machinery fire,3257,Material transfer machines,,,1,2022-02-21,2022,2,0,38.87,-94.79,238,True
2022032498,1877080,3/20/2022,Herrera Contractor Roofing LLC,300 25th St North,,TEXAS CITY,TEXAS,77590,29.38,-94.92,238160,1.00,0.00,0.00,,"An employee was opening a hot tar kettle when the tar splashed the employee, causing second- and third-degree burns to the legs, face, and left arm.",1523,Third or fourth degree heat (thermal) burns,899,"Multiple body parts, n.e.c.",533,Contact with hot objects or substances,461,"Roofing asphalt, roofing tar",,,1,2022-03-20,2022,3,6,29.38,-94.92,238,True
2022043037,1882153,4/5/2022,Trevi Icos Corporation,1001 Boylston Street,Parcel 12,BOSTON,MASSACHUSETTS,02115,42.34,-71.08,237990,1.00,0.00,0.00,1588491,An employee was using an acetylene torch when the hose caught fire. He suffered  burns to his hands.,1520,"Heat (thermal) burns, unspecified",440,"Hand(s), unspecified",319,"Nonstructural fire, n.e.c.",7261,"Welding, cutting, and blow torches",,,1,2022-04-05,2022,4,1,42.34,-71.08,237,True
2022043243,1884592,4/13/2022,Maly Roofing Inc.,4202 Robertson Road,,MADISON,WISCONSIN,53714,43.09,-89.31,238160,1.00,0.00,0.00,1589771,"An employee had been painting with primer. A torch was lit by a general contractor and caused fumes from the primer to ignite. The employee saw a bucket of primer was near the fire. He grabbed the bucket, not knowing the bucket of primer was also on fire. The employee was then lit on fire, sustaining second degree burns to 60% of his body.",1522,Second degree heat (thermal) burns,80,"Multiple body parts, unspecified",317,"Ignition of vapors, gases, or liquids",1869,"Paint, lacquer, shellac, varnish, n.e.c.",7261,"Welding, cutting, and blow torches",1,2022-04-13,2022,4,2,43.09,-89.31,238,True
2022043543,1888495,4/25/2022,"Martin Peterson Company, Inc.",1324 N Sheridan Road,,WAUKEGAN,ILLINOIS,60085,42.37,-87.83,236220,1.00,0.00,0.00,1592320,"An employee was working on a ball valve for a hot water line. The employee unscrewed a pipe and was sprayed with hot water, resulting in burns to his arms, shoulders, and torso.",1520,"Heat (thermal) burns, unspecified",899,"Multiple body parts, n.e.c.",533,Contact with hot objects or substances,9521,Water,4120,"Pipes, ducts, tubing, unspecified",1,2022-04-25,2022,4,0,42.37,-87.83,236,True
2022043643,1888821,4/27/2022,D&J Construction,1065 Toney Bayou Rd,,WEST MONROE,LOUISIANA,71292,32.46,-92.12,238120,1.00,0.00,0.00,,An employee was filling the gas tank on a zero-turn mower when it ignited. The employee suffered burns to the right side of the body.,1520,"Heat (thermal) burns, unspecified",80,"Multiple body parts, unspecified",317,"Ignition of vapors, gases, or liquids",1641,"Gasoline, diesel fuel, jet fuel",3122,Lawn mowers-riding,1,2022-04-27,2022,4,2,32.46,-92.12,238,True
2022043676,1891384,4/28/2022,The Jamar Company,3401 24th Street SW,,CENTER,NORTH DAKOTA,58530,47.06,-101.34,236220,1.00,0.00,0.00,1594285,"An employee followed co-workers into the plenum to do super sucking operations. The employee stepped into hot fly ash, resulting in second degree burns to their lower right ankle and calf. Personal protective equipment was not worn at the time of the incident.",1522,Second degree heat (thermal) burns,5839,"Ankle(s) and leg(s), n.e.c.",533,Contact with hot objects or substances,161,"Coal, coal dust",,,1,2022-04-28,2022,4,3,47.06,-101.34,236,True
2022054056,1894115,5/10/2022,"MCLENDON ENTERPRISES, INC.",2365 AIMWELL RD.,,VIDALIA,GEORGIA,30474,32.18,-82.39,237310,1.00,0.00,0.00,,An employee was training on the operation of the tack truck. Vibrations from the tack truck's engine moved the lever that activates the sprayer and hot liquefied tar was discharged onto the employee causing severe burns to both his forearms.,1520,"Heat (thermal) burns, unspecified",423,Forearm(s),533,Contact with hot objects or substances,1644,"Paving asphalt, asphaltic cement",3251,Asphalt and concrete spreaders,1,2022-05-10,2022,5,1,32.18,-82.39,237,True
2022054182,1896923,5/13/2022,IHC Construction Companies LLC,3700 N. Milwaukee Ave.,,CHICAGO,ILLINOIS,60641,41.94,-87.73,236210,1.00,0.00,0.00,,"An employee was disconnecting a water discharge hose from a portable pump. Hot water sprayed him, burning his forearms and left thigh/leg.",1520,"Heat (thermal) burns, unspecified",87,Upper and lower limb(s),533,Contact with hot objects or substances,9521,Water,,,1,2022-05-13,2022,5,4,41.94,-87.73,236,True
2022054473,1897612,5/23/2022,"D J Wagner Heating & Air Conditioning, Inc.",435 Creamery Way,Ste 100,EXTON,PENNSYLVANIA,19353,40.01,-75.65,238220,1.00,0.00,0.00,,"An employee was using a torch to braze the copper tubing of an HVAC unit. The torch handle erupted in flames, which burned the heel of the employee's left hand.",1520,"Heat (thermal) burns, unspecified",441,"Hand(s), except finger(s)",319,"Nonstructural fire, n.e.c.",7261,"Welding, cutting, and blow torches",,,1,2022-05-23,2022,5,0,40.01,-75.65,238,True
2022065177,1906994,6/15/2022,"Ranger Excavating, L.P.",80 Red River,,AUSTIN,TEXAS,78701,30.26,-97.74,237990,1.00,0.00,0.00,,An employee was helping to service an excavator. He opened the radiator cap to add coolant and was sprayed in the face by hot coolant resulting in burns across his face.,1520,"Heat (thermal) burns, unspecified",130,"Face, unspecified",533,Contact with hot objects or substances,1211,Antifreeze,3210,"Excavating machinery, unspecified",1,2022-06-15,2022,6,2,30.26,-97.74,237,True
2022075812,1914875,7/4/2022,GS 2 roofing,200 sierra dr,,PEACHTREE CITY,GEORGIA,30269,33.35,-84.56,238160,1.00,0.00,0.00,,"On July 4, 2022, an employee was moving a pipe when he made contact with hot asphalt, suffering a burn to the left forearm.",1520,"Heat (thermal) burns, unspecified",423,Forearm(s),533,Contact with hot objects or substances,461,"Roofing asphalt, roofing tar",,,1,2022-07-04,2022,7,0,33.35,-84.56,238,True
2022076290,1922782,7/19/2022,"MOR PPM, Inc.",890 HWY 17 North,,PALATKA,FLORIDA,32177,29.73,-81.63,238120,1.00,0.00,0.00,,An employee was washing out the rear of a vacuum truck using a fire hose to remove fly ash. A large clump of ash and mud came out of the truck and splashed the employee causing burns to their lower body from the hip down.,1520,"Heat (thermal) burns, unspecified",80,"Multiple body parts, unspecified",533,Contact with hot objects or substances,949,"Scrap, waste, debris, n.e.c.",,,1,2022-07-19,2022,7,1,29.73,-81.63,238,True
2022087069,1933265,8/10/2022,"C. Abbonizio Contractors, Inc.",4059 East Cherry St,,QUAKERTOWN,PENNSYLVANIA,18951,40.48,-75.35,238190,1.00,0.00,0.00,,"An employee was using an asphalt pour pot to patch holes in asphalt. The pot tipped over, and hot asphalt caused second-degree burns from his hands to his elbows. He was hospitalized.",1522,Second degree heat (thermal) burns,489,"Multiple upper extremities locations, n.e.c.",533,Contact with hot objects or substances,1644,"Paving asphalt, asphaltic cement",,,1,2022-08-10,2022,8,2,40.48,-75.35,238,True
2022087655,1943797,8/28/2022,The Ruhlin Company,winton road,,FAIRFIELD,OHIO,45014,39.32,-84.54,236220,1.00,0.00,0.00,,Employees were making emergency repairs to the girder of a bridge that was struck by a tractor-trailer. The injured employee was waiting for grinding to be completed so he could stick-weld. He was standing next to a hanging torch when a spark from the grinding caused leaking propane to ignite. The employee sustained a flash burn to his right ankle and required hospitalization.,1520,"Heat (thermal) burns, unspecified",52,Ankle(s),317,"Ignition of vapors, gases, or liquids",1643,Propane,7242,Hand grinders-powered,1,2022-08-28,2022,8,6,39.32,-84.54,236,True
2022098063,1946059,9/12/2022,USA DeBusk LLC,4101 Highway 108 South,,WESTLAKE,LOUISIANA,70669,30.20,-93.32,238990,2.00,0.00,0.00,1622037,"Two employees were outside a drum, vacuuming out leftover desiccant through a 6-inch window. A flash fire occurred and the employees sustained first and second-degree burns to the face, abdomen, arms, chest, fingers, and wrists from ethylene, propylene, and hydrogen. Both employees were hospitalized.",1522,Second degree heat (thermal) burns,899,"Multiple body parts, n.e.c.",317,"Ignition of vapors, gases, or liquids",178,"Multiple chemicals or chemical mixtures, n.e.c.",,,1,2022-09-12,2022,9,0,30.2,-93.32,238,True
2022098353,1950314,9/21/2022,Prospect Waterproofing Company,1701 H Street NE,,WASHINGTON,DISTRICT OF COLUMBIA,20002,38.90,-76.97,238990,1.00,0.00,0.00,,"An employee was installing waterproofing material. A hot chemical splashed on the employee's hand, causing a burn.",1520,"Heat (thermal) burns, unspecified",440,"Hand(s), unspecified",533,Contact with hot objects or substances,10,"Chemicals and chemical products, unspecified",,,1,2022-09-21,2022,9,2,38.9,-76.97,238,True
2022098426,1950702,9/23/2022,PECI,Bon Ami Road,,DERIDDER,LOUISIANA,70634,30.84,-93.29,237120,1.00,0.00,0.00,,"Two employees were riding in a truck whose cup holder contained a bottle of alcohol-based cleaner. Some of the solvent spilled on one of the employees. Later, when he lit a cigarette during a break, the solvent ignited. He suffered burns to the hands and legs.",1520,"Heat (thermal) burns, unspecified",87,Upper and lower limb(s),314,Ignition of clothing from controlled heat source,9110,"Clothing, unspecified",799,"Tools, instruments, and equipment, n.e.c.",1,2022-09-23,2022,9,4,30.84,-93.29,237,True
2022098622,1953146,9/30/2022,"Anderson Columbia Co., Inc.",8016 Mines Rd,,LAREDO,TEXAS,78045,27.57,-99.50,237310,1.00,0.00,0.00,1625670,An employee was attempting to remove a hose from a transport truck carrying hot liquid asphalt when some liquid asphalt contacted the employee's arms. The employee sustained burns to both arms.,1520,"Heat (thermal) burns, unspecified",420,"Arm(s), unspecified",533,Contact with hot objects or substances,1644,"Paving asphalt, asphaltic cement",,,1,2022-09-30,2022,9,4,27.57,-99.5,237,True
2022098626,1953177,9/30/2022,"WILLIAMS BROTHERS CONSTRUCTION COMPANY, INC.",FM 1604 and I-10,,SAN ANTONIO,TEXAS,78256,29.46,-98.29,237310,1.00,0.00,0.00,,"An employee was cutting rebar with a handheld saw when sparks were generated, causing the employee's clothes to catch fire. The employee sustained a second-degree burn to the stomach.",1522,Second degree heat (thermal) burns,330,"Abdomen, except internal location of diseases or disorders",314,Ignition of clothing from controlled heat source,9110,"Clothing, unspecified",7224,"Saws-powered, except chainsaws",1,2022-09-30,2022,9,4,29.46,-98.29,237,True
2022109170,1959643,10/19/2022,"Union Concrete and Construction, Corp.",Fuhrmann Boulevard & Ohio Street,,BUFFALO,NEW YORK,14203,32.66,-116.27,238190,1.00,0.00,0.00,,"An employee was utilizing a torch to repair a piece of equipment. The hose of the torch failed, causing the employee to sustain second-degree burns to the torso.",1522,Second degree heat (thermal) burns,30,"Trunk, unspecified",317,"Ignition of vapors, gases, or liquids",1852,"Flammable gas, unspecified",7261,"Welding, cutting, and blow torches",1,2022-10-19,2022,10,2,32.66,-116.27,238,True
2022109335,1961456,10/25/2022,"Haines & Kibblehouse, Inc.",Rt 476,,QUAKERTOWN,PENNSYLVANIA,18951,40.44,-75.34,237310,1.00,0.00,0.00,,"An employee was filling a jockey pump with gasoline when some gas spilled on a hot muffler and ignited, burning the employee's left ear, lips, left cheek, and right hand.",1520,"Heat (thermal) burns, unspecified",899,"Multiple body parts, n.e.c.",317,"Ignition of vapors, gases, or liquids",1641,"Gasoline, diesel fuel, jet fuel",9999,Nonclassifiable,1,2022-10-25,2022,10,1,40.44,-75.34,237,True
2022109345,1962156,10/25/2022,"Cardinal Communications, LLC",HWY 98 1 Mile N of SR 51 going SB,,STEINHATCHEE,FLORIDA,32359,29.67,-83.38,238210,1.00,0.00,0.00,1631474,"An employee was on the ground, spotting a co-worker who was installing a fiber-optic cable while elevated in a bucket truck. As the strand of cable was raised, an attenuator snapped off the power pole with the 14.4 kV power line still attached and the power line fell onto the boom arm of the bucket truck. The truck became energized and caught on fire. The employee tried to bring their co-worker down but their hands and body were drawn against the controls of the truck and then the employee was thrown to the ground. The employee sustained electrical and thermal burns to over 75 percent of their body.",1520,"Heat (thermal) burns, unspecified",80,"Multiple body parts, unspecified",313,Vehicle or machinery fire,8422,"Boom truck, bucket or basket hoist truck",4415,"Power lines, transformers, convertors",1,2022-10-25,2022,10,1,29.67,-83.38,238,True
2022119558,1964463,11/1/2022,"Southwestern Roofing & Metal, Inc.",4500 SW 25th Circle,,OKLAHOMA CITY,OKLAHOMA,73128,35.43,-97.60,238160,1.00,0.00,0.00,,"An employee was carrying hot asphalt in a bucket when they fell forward, causing their hand and forearm to become submerged in the bucket. The employee sustained burns to the right hand and forearm.",1520,"Heat (thermal) burns, unspecified",4819,"Hand(s) and arm(s), n.e.c.",420,"Fall on same level, unspecified",660,"Floors, walkways, ground surfaces, unspecified",,,1,2022-11-01,2022,11,1,35.43,-97.6,238,True
2022119680,1968416,11/3/2022,Excel Heating Services Corp.,330   356 Central Park Avenue,,SCARSDALE,NEW YORK,10583,41.00,-73.80,238220,1.00,0.00,0.00,,"An employee was unclogging a steel pipe oil line with an air tank. The oil line fitting ruptured, causing the employee to sustain a laceration to the left forearm and right side of head. The fitting then sparked and created a flash fire. The employee sustained first-degree burns to the face and second-degree burns to both arms.",1522,Second degree heat (thermal) burns,420,"Arm(s), unspecified",317,"Ignition of vapors, gases, or liquids",160,"Coal, natural gas, petroleum fuels and products, unspecified",4124,"Pipe fittings, collars",1,2022-11-03,2022,11,3,41.0,-73.8,238,True
2022119842,1966909,11/9/2022,Posillico El Sol Joint Venture,Rockaway Blvd & Van Wyck Expressway Service Road,,JAMAICA,NEW YORK,11420,40.96,-74.50,237310,1.00,0.00,0.00,,"A crew was performing temporary asphalt placement when the walk-behind pavement roller they were using ran out of gasoline. The injured employee went to refuel it with gasoline when a fire occurred, causing the employee to sustain burns to the head, neck and chest, and hand.",1520,"Heat (thermal) burns, unspecified",899,"Multiple body parts, n.e.c.",313,Vehicle or machinery fire,3253,"Rollers, compactors-construction",1641,"Gasoline, diesel fuel, jet fuel",1,2022-11-09,2022,11,2,40.96,-74.5,237,True
20221110042,1968809,11/15/2022,Empire City Iron Works,210 Penn Plaza,,NEW YORK,NEW YORK,10121,40.74,-73.99,236210,1.00,0.00,0.00,,"An employee was using a portable grinder with a cutting wheel attachment to cut a steel tube. As the employee was cutting, sparks flew from the grinder and his shirt caught on fire, resulting in second-degree burns.",1522,Second degree heat (thermal) burns,9999,Nonclassifiable,314,Ignition of clothing from controlled heat source,9112,"Blouses, shirts, dresses, trousers, skirts",7242,Hand grinders-powered,1,2022-11-15,2022,11,1,40.74,-73.99,236,True
20221110241,1971205,11/21/2022,VENTURE CORPORATION,phillipsburg,,PHILLIPSBURG,KANSAS,67661,39.77,-99.34,237310,1.00,0.00,0.00,,"An employee was heating up an oil line when a pipe compression fitting in the line came apart, causing hot oil to burn the employee.",1520,"Heat (thermal) burns, unspecified",9999,Nonclassifiable,533,Contact with hot objects or substances,160,"Coal, natural gas, petroleum fuels and products, unspecified",,,1,2022-11-21,2022,11,0,39.77,-99.34,237,True
20221110288,1971939,11/23/2022,"VMI Group, Inc.",11502 Harborview Drive,,CLEVELAND,OHIO,44102,41.49,-81.76,238110,1.00,0.00,0.00,1636693,An employee was utilizing a cut off saw to cut rebar when the sparks struck his pants. His pants caught on fire and the employee sustained third-degree burns to the lower right leg.,1523,Third or fourth degree heat (thermal) burns,513,Lower leg(s),314,Ignition of clothing from controlled heat source,9112,"Blouses, shirts, dresses, trousers, skirts",7224,"Saws-powered, except chainsaws",1,2022-11-23,2022,11,2,41.49,-81.76,238,True
20221210749,1977573,12/11/2022,"Babkel Mechanical, LLC",27077 SW 42nd Street,,HALLAM,NEBRASKA,68368,40.54,-96.78,238990,1.00,0.00,0.00,1640154,"An employee was working from a bosun's chair in a confined space when the chair failed. The employee was lowered to the bottom of the space, where he stood in hot coke while trying to repair the chair. When the employee could not repair the chair, he requested rescue and was pulled from the space. The employee was hospitalized for burns to their feet, hands, back, and buttocks.",1520,"Heat (thermal) burns, unspecified",899,"Multiple body parts, n.e.c.",533,Contact with hot objects or substances,160,"Coal, natural gas, petroleum fuels and products, unspecified",,,1,2022-12-11,2022,12,6,40.54,-96.78,238,True
20221210765,1983000,12/12/2022,"West Virginia Pipeline, Inc.",300 Pipeline Road,,PRINCETON,WEST VIRGINIA,24739,37.34,-81.07,237110,1.00,0.00,0.00,,"On December 12, 2022, an employee was tying over a gas line using an impact gun when the gun caused sparks that resulted in a flash fire. The employee suffered burns to their face and hands.",1520,"Heat (thermal) burns, unspecified",899,"Multiple body parts, n.e.c.",310,"Fire, unspecified",160,"Coal, natural gas, petroleum fuels and products, unspecified",7252,Impact wrenches-powered,1,2022-12-12,2022,12,0,37.34,-81.07,237,True
20221211230,1982671,12/29/2022,"Centennial Moisture Control, Inc.",9 Cowboys Way,,FRISCO,TEXAS,75034,33.11,-96.82,238990,1.00,0.00,0.00,,"An employee entered a building to refill his tar bucket from a kettle. The employee then exited the building and stepped into hot, previously laid tar. His foot became stuck, causing him to pull up to try and dislodge his foot. He lost balance and dropped the bucket of hot tar. The tar splattered and burned his neck and right hand. As he attempted to remove his gloves, his left hand was also burned. The tar was between 380-400  F when taken from the kettle.",1520,"Heat (thermal) burns, unspecified",899,"Multiple body parts, n.e.c.",533,Contact with hot objects or substances,460,"Tars, sealants, caulking, insulation, unspecified",,,1,2022-12-29,2022,12,3,33.11,-96.82,238,True
2023010150,1985360,1/6/2023,K M Plant Services,199 Illinois Route 104 East,Kincaid Generating Station,KINCAID,ILLINOIS,62540,39.58,-89.41,238990,1.00,0.00,0.00,,"On January 6, 2023, at 3 p.m., an employee was using a fire hose to clean hot fly ash off an 8-foot-high wall of a damper when the fly ash fell off the wall and caused a splash that contacted the employee, resulting in a thermal burn to their abdomen and legs.",1520,"Heat (thermal) burns, unspecified",899,"Multiple body parts, n.e.c.",533,Contact with hot objects or substances,949,"Scrap, waste, debris, n.e.c.",,,1,2023-01-06,2023,1,4,39.58,-89.41,238,True
2023010683,1990726,1/22/2023,"American Water, Sewer and Drain LLC",DOT ROW 9501 US-441,,LEESBURG,FLORIDA,34788,28.82,-81.79,237110,1.00,0.00,0.00,,An employee was standing on the water tower while conducting hot water release tasks. The hot water line on the truck detached due to excessive pressure and hot water sprayed onto the employee's legs and feet causing second-degree burns.,1522,Second degree heat (thermal) burns,5810,"Foot(feet) and leg(s), unspecified",533,Contact with hot objects or substances,9521,Water,2120,"Containers-pressurized, unspecified",1,2023-01-22,2023,1,6,28.82,-81.79,237,True
2023032099,2008669,3/7/2023,RMC Mechanical Contractors,Sanders Lead,1 sanders road,TROY,ALABAMA,36079,31.78,-85.97,238290,1.00,0.00,0.00,1657556,"Employees were trying to set a 25-foot ladder beside a furnace. They could not get it into place on their first attempt, so they moved the telescoping forklift they were using to another position. During the second attempt, the boom/forks caught on a valve/pipe on a steam-containing cooling line. The motion of the lift broke the line; steam was released, causing second-degree burns to one employee's right forearm, right thigh, stomach, and abdomen.",1522,Second degree heat (thermal) burns,899,"Multiple body parts, n.e.c.",533,Contact with hot objects or substances,951,"Steam, vapors-nonchemical",8621,"Forklift, order picker, platform truck-powered",1,2023-03-07,2023,3,1,31.78,-85.97,238,True
2023032511,2012577,3/20/2023,"S Mechanical, Inc.",3030 S. 21st Street,,CHICAGO,ILLINOIS,60623,41.85,-87.70,238220,1.00,0.00,0.00,,"On March 20, 2023, an employee was walking beside a foreman carrying a ladder when the ladder struck a pipe, causing the pipe to break and spray the employee with 180-degree water. The employee sustained burns to the right hand, elbow, and stomach.",1520,"Heat (thermal) burns, unspecified",899,"Multiple body parts, n.e.c.",533,Contact with hot objects or substances,9521,Water,4120,"Pipes, ducts, tubing, unspecified",1,2023-03-20,2023,3,0,41.85,-87.7,238,True
2023042894,2017500,4/1/2023,AZURE POOL FINISHERS LLC,4822 West Linebaugh Avenue,,TAMPA,FLORIDA,33624,28.03,-82.52,238990,1.00,0.00,0.00,1662894,"An employee was cleaning a grease and dirt mixer while in a general work area that contained aerosol cans of brake cleaner as well as lubricants. The employee started welding a crack on the mixer when the welding sparks ignited the aerosol cans and the work area. The employee suffered third-degree burns to his face, arms, abdomen, and legs.",1523,Third or fourth degree heat (thermal) burns,899,"Multiple body parts, n.e.c.",323,"Explosion of pressure vessel, piping, or tire",2129,"Containers-pressurized, n.e.c.",7261,"Welding, cutting, and blow torches",1,2023-04-01,2023,4,5,28.03,-82.52,238,True
2023043147,2020950,4/10/2023,Sundt Construction,TXDOT IH10 Widening Project El Paso,300 Los Mochis Dr.,CANUTILLO,TEXAS,79835,31.90,-106.59,236220,1.00,0.00,0.00,1663940,"An employee was fueling a chop saw in preparation to cut rebar. After placing the saw in a horizontal position, the gas cap leaked fuel onto the employee's leg. The sparks from cutting then ignited the fuel, causing the employee to sustain burns to the left leg and hands.",1520,"Heat (thermal) burns, unspecified",87,Upper and lower limb(s),317,"Ignition of vapors, gases, or liquids",1641,"Gasoline, diesel fuel, jet fuel",7224,"Saws-powered, except chainsaws",1,2023-04-10,2023,4,0,31.9,-106.59,236,True
2023043186,2020242,4/11/2023,"Beckman Services, Inc.",9601 Winton Road,,CINCINNATI,OHIO,45231,39.24,-84.51,238220,2.00,0.00,0.00,1664530,Two employees were removing a pump on a boiler when hot water shot out of a valve and onto the employees. One employee sustained burns to the arm while the second employee sustained burns to the torso.,1520,"Heat (thermal) burns, unspecified",420,"Arm(s), unspecified",533,Contact with hot objects or substances,9521,Water,2121,Boilers,1,2023-04-11,2023,4,1,39.24,-84.51,238,True
2023043396,2021922,4/17/2023,"Vargas Commercial Business, LLC",14117 Borealis Dr.,,HASLET,TEXAS,76052,32.98,-97.40,238160,1.00,0.00,0.00,,"An employee was filling asphalt buckets. When he went to pick them up, they were stuck together and hot asphalt spilled onto his arms, burning them.",1520,"Heat (thermal) burns, unspecified",420,"Arm(s), unspecified",533,Contact with hot objects or substances,461,"Roofing asphalt, roofing tar",2115,"Buckets, baskets, pails",1,2023-04-17,2023,4,0,32.98,-97.4,238,True
2023043587,2023151,4/21/2023,"Quackenbush Co., Inc.",Niacet Corporation,400 47th Street,NIAGARA FALLS,NEW YORK,14304,43.08,-79.00,238990,1.00,0.00,0.00,,An employee was installing process piping when a steam valve was opened and the employee was struck by the steam. They sustained burns to their lower extremities.,1520,"Heat (thermal) burns, unspecified",50,"Lower extremities, unspecified",533,Contact with hot objects or substances,951,"Steam, vapors-nonchemical",423,"Valves, nozzles",1,2023-04-21,2023,4,4,43.08,-79.0,238,True
2023043633,2023928,4/24/2023,"Marquis Construction Services, LLC",201 Formosa Drive,Suite C,POINT COMFORT,TEXAS,77978,28.69,-96.55,238990,1.00,0.00,0.00,1666561,An employee was removing a handrail system when they stepped back into a hole that contained hot liquid. The employee was hospitalized with second-degree burns to the right lower leg and spots on the right upper leg.,1522,Second degree heat (thermal) burns,513,Lower leg(s),4320,"Fall through surface or existing opening, unspecified",6621,Existing floor opening ,9520,"Liquids, unspecified",1,2023-04-24,2023,4,0,28.69,-96.55,238,True
2023043720,2026032,4/26/2023,"Kilo Automation, LLC",Verdun Oil Company (Trenchfoot Facility),"GPS_Coordinates: 28.50.42.4""N 98.06.54.9""W",FALLS CITY,TEXAS,78113,28.96,-98.01,238210,1.00,0.00,0.00,1666651,"An employee was troubleshooting a device while utilizing supplied breathing air and with the tank hatch open. As the employee unscrewed the cap to review the device status, a flash fire occurred at the top of the tank. While navigating to the staircase to exit the tank, the employee sustained second-degree burns to the left hand and forearm as well as burns to right hand, right arm, neck, and ear.",1522,Second degree heat (thermal) burns,4819,"Hand(s) and arm(s), n.e.c.",310,"Fire, unspecified",9999,Nonclassifiable,,,1,2023-04-26,2023,4,2,28.96,-98.01,238,True
2023053885,2027239,5/1/2023,"Genesis Endeavors, LLC",XTO - Hobbs Lease,"34.15359N, -97.020137W",ARDMORE,OKLAHOMA,73401,34.15,-97.17,237120,1.00,0.00,0.00,,"An employee was hot tapping into an 8-inch natural gas line to reroute the pipe. A spark from the cutting came into contact with condensate within the pipe, ignited, and blew out both ends and where the cut was occurring. The employee sustained burns to the left ear, face, arm, and leg.",1520,"Heat (thermal) burns, unspecified",899,"Multiple body parts, n.e.c.",317,"Ignition of vapors, gases, or liquids",162,Natural gas,720,"Handtools-powered, unspecified",1,2023-05-01,2023,5,0,34.15,-97.17,237,True
2023054418,2032518,5/17/2023,Michael Kevin Walsh Roofing Inc.,6894 SE Morning Dove Way,,HOBE SOUND,FLORIDA,33455,27.11,-80.16,238160,1.00,0.00,0.00,1676416,"A roofing employee was installing tile underlayment using a hot asphalt application. The employee slipped and grabbed a bucket of hot tar to gain balance. The hot tar then spilled on the employee, and he fell from a one-story roof onto the bushes below. The employee sustained burns on his arms and back.",1520,"Heat (thermal) burns, unspecified",899,"Multiple body parts, n.e.c.",533,Contact with hot objects or substances,461,"Roofing asphalt, roofing tar",,,1,2023-05-17,2023,5,2,27.11,-80.16,238,True
2023054481,2033345,5/19/2023,"East Alabama Paving Company, Inc",201 CR 379,,SMITHS STATION,ALABAMA,36877,32.56,-85.12,237310,1.00,0.00,0.00,1672031,An employee was cleaning the bars of his tack truck when hot asphalt cement sprayed on him. He suffered second-degree burns to the neck.,1522,Second degree heat (thermal) burns,20,"Neck, except internal location of diseases or disorders",533,Contact with hot objects or substances,1644,"Paving asphalt, asphaltic cement",,,1,2023-05-19,2023,5,4,32.56,-85.12,237,True
2023054488,2033611,5/19/2023,"E.R. SNELL CONTRACTOR, INC.",5601 Columbia Road,,GROVETOWN,GEORGIA,30813,33.51,-82.23,237310,1.00,0.00,0.00,,"An employee was opening the valve for the liquid asphalt hauler to make a delivery. The valve was opened from the storage tank that gravity fed the hanging hose for loading trucks. Liquid asphalt sprayed into the air, burning the employee on the left forearm, face, and ear.",1520,"Heat (thermal) burns, unspecified",899,"Multiple body parts, n.e.c.",533,Contact with hot objects or substances,1644,"Paving asphalt, asphaltic cement",,,1,2023-05-19,2023,5,4,33.51,-82.23,237,True
2023054675,2035478,5/25/2023,"J.H. Findorff & Son, Inc.",703 Mayfair Ave,,MADISON,WISCONSIN,53714,43.10,-89.32,236220,1.00,0.00,0.00,,An employee was cutting steel with a torch when their jacket caught fire. The employee sustained burns to their arms and back.,1520,"Heat (thermal) burns, unspecified",899,"Multiple body parts, n.e.c.",314,Ignition of clothing from controlled heat source,9115,"Suits, coats, jackets",7261,"Welding, cutting, and blow torches",1,2023-05-25,2023,5,3,43.1,-89.32,236,True
2023065104,2041346,6/9/2023,"The Briar Team, LLC",Timber Creek Rd & LPGA Blvd,,DAYTONA BEACH,FLORIDA,32124,37.36,-91.42,237110,1.00,0.00,0.00,,"On June 9, 2023, an employee opened the radiator cap on an off-road truck. Hot steam came out and burned the employee's neck, chest, and upper arms. He was hospitalized.",1520,"Heat (thermal) burns, unspecified",899,"Multiple body parts, n.e.c.",533,Contact with hot objects or substances,951,"Steam, vapors-nonchemical",,,1,2023-06-09,2023,6,4,37.36,-91.42,237,True
2023065418,2043639,6/19/2023,J Lee Milligan Inc,Hwy 23 and Hwy 83,,CANADIAN,TEXAS,79014,35.92,-100.37,237310,1.00,0.00,0.00,,An employee was unloading a hot asphalt tanker and was sprayed with 350-degree hot asphalt oil. He suffered second-degree burns to the face and arms.,1522,Second degree heat (thermal) burns,899,"Multiple body parts, n.e.c.",533,Contact with hot objects or substances,1644,"Paving asphalt, asphaltic cement",,,1,2023-06-19,2023,6,0,35.92,-100.37,237,True
2023065804,2048169,6/29/2023,Legacy Infrastructure Group,1400 NE 2nd St,,OKLAHOMA CITY,OKLAHOMA,73137,35.46,-97.49,237310,1.00,0.00,0.00,,"An employee was gathering a sample of oil. Once the sample was gathered, the employee stepped over a retaining wall and slipped, falling back into the retaining area. The employee contacted the hot oil and sustained burns to the lower left calf and hands.",1520,"Heat (thermal) burns, unspecified",899,"Multiple body parts, n.e.c.",422,Fall on same level due to slipping ,660,"Floors, walkways, ground surfaces, unspecified",,,1,2023-06-29,2023,6,3,35.46,-97.49,237,True
2023076011,2051562,7/7/2023,Jason & Graham LLC,5700 Hunt Road,,VALDOSTA,GEORGIA,31601,30.83,-83.22,236210,1.00,0.00,0.00,,An employee went into the crystallizer building and began removing a metal elbow from a hot water pipe when 174-degree water sprayed out of a crack in the pipe. The employee sustained burns from their chest to their lower abdomen as well as on their left arm.,1520,"Heat (thermal) burns, unspecified",899,"Multiple body parts, n.e.c.",533,Contact with hot objects or substances,9521,Water,4120,"Pipes, ducts, tubing, unspecified",1,2023-07-07,2023,7,4,30.83,-83.22,236,True
2023076288,2054808,7/14/2023,"J. Mullen & Sons, Inc.",997 Old King's Highway,,SAUGERTIES,NEW YORK,12477,42.05,-73.98,238990,1.00,0.00,0.00,1683754,"An employee was working on a generator and removed the fuel from the tank. The employee started the generator which caused a spark and a flash fire, resulting in burns to the chest and arms.",1520,"Heat (thermal) burns, unspecified",899,"Multiple body parts, n.e.c.",313,Vehicle or machinery fire,4412,Generators,,,1,2023-07-14,2023,7,4,42.05,-73.98,238,True
2023076833,2061288,7/28/2023,Chilstrom Erecting Corp.,802 Northern Lights Rd,,VERONA,WISCONSIN,53593,42.95,-89.28,238120,1.00,0.00,0.00,,An employee was using a saw to cut a piece of rebar when the sparks caught the employee's pants on fire. The employee sustained burns to his right leg below the knee.,1520,"Heat (thermal) burns, unspecified",513,Lower leg(s),314,Ignition of clothing from controlled heat source,9112,"Blouses, shirts, dresses, trousers, skirts",7220,"Cutting handtools-powered, unspecified",1,2023-07-28,2023,7,4,42.95,-89.28,238,True
2023087244,2066344,8/9/2023,Evers Electric Inc.,5082 AR 4,,ARKANSAS CITY,ARKANSAS,71630,33.70,-91.24,238210,1.00,0.00,0.00,,An employee was working from inside a bucket and was guiding electrical wire when a steam line blew hot steam onto the employee from 10 feet above. The employee was hospitalized with first- and second-degree burns to both forearms and the right knee.,1522,Second degree heat (thermal) burns,87,Upper and lower limb(s),533,Contact with hot objects or substances,951,"Steam, vapors-nonchemical",,,1,2023-08-09,2023,8,2,33.7,-91.24,238,True
2023087501,2069319,8/16/2023,"ER Snell Contractor, Inc.",5750 Crest Hill Dr.,,BUFORD,GEORGIA,30518,34.14,-84.01,237310,1.00,0.00,0.00,,An employee was operating a tack truck when 400-degree tack leaked into her boot. She sustained burns to the foot.,1520,"Heat (thermal) burns, unspecified",530,"Foot (feet), unspecified",533,Contact with hot objects or substances,460,"Tars, sealants, caulking, insulation, unspecified",,,1,2023-08-16,2023,8,2,34.14,-84.01,237,True
2023087664,2071349,8/21/2023,"H & M Construction Company, L.L.C.",5274 HWY 15,,OVETT,MISSISSIPPI,39464,31.55,-89.05,236220,1.00,0.00,0.00,,An employee was refueling a water pump and spilled gas onto their clothes. The fuel ignited and the employee sustained burns to the upper body.,1520,"Heat (thermal) burns, unspecified",80,"Multiple body parts, unspecified",317,"Ignition of vapors, gases, or liquids",1641,"Gasoline, diesel fuel, jet fuel",,,1,2023-08-21,2023,8,0,31.55,-89.05,236,True
2023087703,2071832,8/22/2023,Flat Creek Excavating,West Carpenter Road,county parcel number 17-9.0-30-000-000-002.000,HOLLISTER,MISSOURI,65672,36.56,-93.21,238990,1.00,0.00,0.00,,"An employee was burning a brush pile. They poured gasoline on the fire, resulting in burns to his face, arms, and hands.",1520,"Heat (thermal) burns, unspecified",899,"Multiple body parts, n.e.c.",315,Small-scale (limited) fire ,586,"Shrubs, grasses",1641,"Gasoline, diesel fuel, jet fuel",1,2023-08-22,2023,8,1,36.56,-93.21,238,True
2023087803,2073073,8/24/2023,"Miller Pipeline, LLC",2637 Alexander Rd,,ATWATER,OHIO,44201,41.02,-81.29,237120,1.00,0.00,0.00,,"On August 24, 2023, a crew was removing a natural gas regulator station. Oil became heated and sprayed onto an employee causing a flash fire. The employee was hospitalized for burns to the back, neck, and arms.",1520,"Heat (thermal) burns, unspecified",899,"Multiple body parts, n.e.c.",317,"Ignition of vapors, gases, or liquids",160,"Coal, natural gas, petroleum fuels and products, unspecified",,,1,2023-08-24,2023,8,3,41.02,-81.29,237,True
2023087970,2075298,8/29/2023,"E.R. SNELL CONTRACTORS, INC.",85 North & 441,,COMMERCE,GEORGIA,30529,33.61,-81.10,237310,1.00,0.00,0.00,,"An employee was waiting inside his truck after spraying liquid asphalt and was building up pressure in the vehicle to spray the next section of roadway. There was a blockage in the spray bar and the seal at the bottom of the truck blew, spraying 300-degree Fahrenheit liquid asphalt onto the employee. The employee was hospitalized with burns to the chin, forearm, left hand, and abdomen.",1520,"Heat (thermal) burns, unspecified",899,"Multiple body parts, n.e.c.",533,Contact with hot objects or substances,1644,"Paving asphalt, asphaltic cement",,,1,2023-08-29,2023,8,1,33.61,-81.1,237,True
2023098507,2081699,9/14/2023,"Sherwood Construction Company, Inc.",River Trail,,SAPULPA,OKLAHOMA,74067,36.01,-96.09,237310,1.00,0.00,0.00,,"Two employees were using gasoline and bar oil to ignite a brush pile when a flash fire occurred. An employee sustained burns to their face, arms, and hands.",1520,"Heat (thermal) burns, unspecified",899,"Multiple body parts, n.e.c.",317,"Ignition of vapors, gases, or liquids",1641,"Gasoline, diesel fuel, jet fuel",,,1,2023-09-14,2023,9,3,36.01,-96.09,237,True
2023098811,2085543,9/24/2023,Nuline Utility Services LLC,10201 North Reiger Road,,BATON ROUGE,LOUISIANA,70809,30.38,-91.06,237120,1.00,0.00,0.00,1699820,"An employee was standing on a bag of bentonite clay composite when it ignited and the employee's pants leg caught on fire. The employee then went to remove a gasoline can from a dual-axle trailer and sustained burns to his arms, right hand, and the right side of his abdomen.",1520,"Heat (thermal) burns, unspecified",899,"Multiple body parts, n.e.c.",315,Small-scale (limited) fire ,2111,"Bags, sacks",,,1,2023-09-24,2023,9,6,30.38,-91.06,237,True
2023098981,2086972,9/28/2023,Armour Industries Inc.,17305 Davenport Street,,OMAHA,NEBRASKA,68118,41.26,-96.18,238160,1.00,0.00,0.00,,"An employee was applying restoration products to a roof. The employee came down from the roof to refill the gas of an airless spray pump. While refilling the pump, the gasoline vapors ignited from static discharge, causing the employee to sustain burns on his neck, arms, hands, torso, legs and ankles.",1520,"Heat (thermal) burns, unspecified",899,"Multiple body parts, n.e.c.",317,"Ignition of vapors, gases, or liquids",1641,"Gasoline, diesel fuel, jet fuel",,,1,2023-09-28,2023,9,3,41.26,-96.18,238,True
2023109091,2091620,10/2/2023,JFP Enterprises Inc,114 Academy Street,,ROUSES POINT,NEW YORK,12979,44.98,-73.37,236115,1.00,0.00,0.00,1703367,An employee was cutting a metal pipe when an ember dropped onto the pipe. The employee went to pour water from a plastic bottle onto the pipe when it exploded due to gasoline in the bottle. The employee sustained burns to the face as well as a torn meniscus from moving out of the way.,1520,"Heat (thermal) burns, unspecified",130,"Face, unspecified",317,"Ignition of vapors, gases, or liquids",1641,"Gasoline, diesel fuel, jet fuel",949,"Scrap, waste, debris, n.e.c.",1,2023-10-02,2023,10,0,44.98,-73.37,236,True
2023109172,2088737,10/4/2023,"The Cardinal Group USA, LLC",Moderna Campus 1 Investors' Way,,NORWOOD,MASSACHUSETTS,02062,42.18,-71.19,236220,1.00,0.00,0.00,,An employee was walking when they stepped on a low point drain on a heated water line. The hot water line connected to the drain broke and sprayed 180-degree water onto the employee's lower left back and left side resulting in burns.,1520,"Heat (thermal) burns, unspecified",80,"Multiple body parts, unspecified",533,Contact with hot objects or substances,9521,Water,2120,"Containers-pressurized, unspecified",1,2023-10-04,2023,10,2,42.18,-71.19,236,True
2023109967,2097412,10/27/2023,Arizona Tile,2701 Regent Blvd. #100,,DFW AIRPORT,TEXAS,75261,32.88,-97.06,238340,1.00,0.00,0.00,,An employee was cleaning up after a company-related barbecue when the lit canned fuel used to warm the food spilled onto the employee. She sustained burns to her hands and face.,1520,"Heat (thermal) burns, unspecified",899,"Multiple body parts, n.e.c.",533,Contact with hot objects or substances,1212,Ethanol,,,1,2023-10-27,2023,10,4,32.88,-97.06,238,True
20231110207,2100016,11/5/2023,"Martin Specialty Coatings, L.L.C.","Nucor Steel Jewett, 8812 US Hwy 79",,JEWETT,TEXAS,75846,31.34,-96.16,238320,1.00,0.00,0.00,1708894,"While on a scissor lift, an employee was grinding a steel pipe. Sparks from the grinder ignited some nearby rags that had been used to apply coating treatments to the pipe. This fire subsequently ignited the employee's clothing. The employee sustained burns to approximately 46% of their body and was hospitalized.",1520,"Heat (thermal) burns, unspecified",80,"Multiple body parts, unspecified",310,"Fire, unspecified",7191,"Brooms, mops, and other cleaning tools",7242,Hand grinders-powered,1,2023-11-05,2023,11,6,31.34,-96.16,238,True
20231110290,2101872,11/7/2023,Hub City Plumbing & Mechanical,303 Ave M,,LUBBOCK,TEXAS,79401,33.59,-101.85,238220,1.00,0.00,0.00,,"An employee was de-soldering a copper pipe from an A-coil on an HVAC unit. Oil and refrigerant residue caught fire, and the employee suffered first-, second-, and third-degree burns on the right arm.",1523,Third or fourth degree heat (thermal) burns,420,"Arm(s), unspecified",317,"Ignition of vapors, gases, or liquids",10,"Chemicals and chemical products, unspecified",7261,"Welding, cutting, and blow torches",1,2023-11-07,2023,11,1,33.59,-101.85,238,True
20231110325,2101505,11/8/2023,"Brion Hardin Construction Company, Inc.",371 Manufacturers Dr,,COLUMBUS,MISSISSIPPI,39701,33.39,-88.50,238990,1.00,0.00,0.00,,An employee was exposed to hot black liquor while performing a hot tap. The employee sustained burns to their forearms and hands.,1520,"Heat (thermal) burns, unspecified",4819,"Hand(s) and arm(s), n.e.c.",533,Contact with hot objects or substances,19,"Chemicals and chemical products, n.e.c.",,,1,2023-11-08,2023,11,2,33.39,-88.5,238,True
20231110343,2102053,11/9/2023,"Penn State Mechanical Contractors, Inc.",1000 East Mountain Blvd,,WILKES BARRE,PENNSYLVANIA,18711,41.25,-75.80,238220,1.00,0.00,0.00,1711361,"A crew was putting a temporary boiler into service so that an old boiler could be replaced. During startup, a valve was opened that released steam and hot water onto an employee. The injured employee was hospitalized with second degree burns to over 75% of his back.",1522,Second degree heat (thermal) burns,320,"Back, including spine, spinal cord, unspecified",533,Contact with hot objects or substances,959,"Steam, vapors, liquids, ice, n.e.c.",,,1,2023-11-09,2023,11,3,41.25,-75.8,238,True
20231110941,2107801,11/30/2023,Northern Metal & Roofing Co. Inc.,600 Park Avenue,,WILD ROSE,WISCONSIN,54984,44.17,-89.24,238160,1.00,0.00,0.00,1714255,"On November 30, 2023, the injured employee was using a torch to melt ice and snow off a roof so another employee could apply a primer to seal a gutter to the roof. The 3-gallon bucket of primer ignited on the roof. The injured employee went to move the bucket off the roof when primer splashed onto him, causing him to catch on fire. The employee suffered third-degree burns.",1523,Third or fourth degree heat (thermal) burns,9999,Nonclassifiable,317,"Ignition of vapors, gases, or liquids",460,"Tars, sealants, caulking, insulation, unspecified",7261,"Welding, cutting, and blow torches",1,2023-11-30,2023,11,3,44.17,-89.24,238,True
20231211054,2108966,12/4/2023,Brand Energy Solutions,1801 S Gulfway Dr,,PORT ARTHUR,TEXAS,77640,29.86,-93.96,238320,2.00,0.00,0.00,,Employees were building scaffold access under the switch deck by the coke chutes. Two employees were standing on a scaffold platform while passing scaffold material. The coke drum above them was being cut (washed down with water). Heated water left the coke drum through a chute and splashed the two employees. Both employees were hospitalized with first- and second-degree thermal burns to the shoulders and upper back.,1522,Second degree heat (thermal) burns,85,Shoulder(s) and back,533,Contact with hot objects or substances,9521,Water,,,1,2023-12-04,2023,12,0,29.86,-93.96,238,True
20231211405,2112339,12/15/2023,Mueller & Wilson Inc,7700 Floyd Curl,,SAN ANTONIO,TEXAS,78229,29.50,-98.57,238220,1.00,0.00,0.00,,"An employee had turned off the ball valve on a waterpipe system and was removing the plug when the coupling system attached to the strainer came apart. Hot water sprayed on his arm and back, resulting in first- and second-degree burns that required surgery.",1522,Second degree heat (thermal) burns,899,"Multiple body parts, n.e.c.",533,Contact with hot objects or substances,9521,Water,,,1,2023-12-15,2023,12,4,29.5,-98.57,238,True
